trial,chunk_action_step,action_values.0,action_values.1,action_values.2,action_values.3,action_values.4,action_values.5,predicted_action_eef_z
0,0,-14.780296325683594,83.52658081054688,-1.3574562072753906,-90.21454620361328,-6.9906206130981445,64.31275939941406,0.25588682687209907
0,1,-14.52565860748291,81.36164093017578,0.26682090759277344,-92.13095092773438,-7.365939140319824,65.78433227539062,0.2510298589444565
0,2,-14.057212829589844,77.3587417602539,-1.7386054992675781,-93.48841857910156,-7.385705947875977,67.87593078613281,0.25073780922879246
0,3,-14.637883186340332,74.86744689941406,-4.676883697509766,-93.02165985107422,-7.655393600463867,72.49124908447266,0.25378908670586564
0,4,-14.698725700378418,72.02787017822266,-8.628541946411133,-92.5169906616211,-7.544255256652832,72.0433349609375,0.25808223479043346
0,5,-14.586420059204102,67.02494812011719,-13.479071617126465,-92.70738983154297,-7.418816566467285,73.90426635742188,0.2615383639615559
0,6,-13.205909729003906,63.56886672973633,-21.964435577392578,-92.16801452636719,-6.563702583312988,79.26675415039062,0.2714501934372585
0,7,-12.837577819824219,63.20411682128906,-24.417869567871094,-92.58012390136719,-6.974636077880859,85.3110580444336,0.27473201457075547
0,8,-11.72547435760498,61.606346130371094,-25.469205856323242,-94.34471130371094,-7.03208065032959,85.01469421386719,0.2754492748772488
0,9,-10.605456352233887,61.07191848754883,-25.41779899597168,-95.20413208007812,-6.973566055297852,84.10623931884766,0.27516452823055687
0,10,-10.107404708862305,59.50784683227539,-27.50844955444336,-96.08771514892578,-6.86541748046875,83.54340362548828,0.2770509796054995
0,11,-9.962357521057129,58.241764068603516,-28.52235984802246,-97.08023834228516,-6.807568550109863,83.38211059570312,0.2776550806061169
0,12,-9.817127227783203,56.712650299072266,-29.362098693847656,-97.69730377197266,-6.681617736816406,83.16571044921875,0.27762248879858653
0,13,-9.068390846252441,55.11827850341797,-29.351099014282227,-97.78477478027344,-6.602212905883789,82.63204956054688,0.27608037660770013
0,14,-8.73330307006836,54.135128021240234,-29.41964340209961,-98.93273162841797,-6.652705192565918,82.09103393554688,0.275446060117268
0,15,-8.921879768371582,53.441585540771484,-28.937679290771484,-99.60693359375,-6.715546607971191,82.4861068725586,0.27406857346681496
0,16,-9.022340774536133,54.787288665771484,-26.78618812561035,-100.5365219116211,-6.954251289367676,81.36046600341797,0.2720173854121755
0,17,-9.271208763122559,53.46837615966797,-26.343101501464844,-101.89195251464844,-7.026775360107422,80.96005249023438,0.26981054311571606
0,18,-9.566744804382324,53.619388580322266,-24.56707763671875,-102.74268341064453,-6.94410514831543,80.3831787109375,0.266686362058593
0,19,-9.189833641052246,53.13701248168945,-22.96302032470703,-104.34820556640625,-6.942598342895508,80.00218200683594,0.26275690885619235
0,20,-8.98762321472168,51.289974212646484,-23.418785095214844,-104.35071563720703,-6.792548179626465,80.46430969238281,0.26136551994653967
0,21,-8.787346839904785,49.17844009399414,-24.458383560180664,-103.79563903808594,-6.580399513244629,79.32600402832031,0.2608987180612586
0,22,-8.747061729431152,49.79218673706055,-22.312541961669922,-104.031494140625,-6.594605445861816,79.13018798828125,0.25731569010479216
0,23,-9.028154373168945,48.762245178222656,-22.740646362304688,-103.93731689453125,-6.492422103881836,78.48928833007812,0.2568837113169234
0,24,-9.510820388793945,49.29035949707031,-22.76486587524414,-104.0644760131836,-6.556336402893066,76.91734313964844,0.25757978499629197
0,25,-9.347002029418945,48.94412612915039,-23.296825408935547,-104.35246276855469,-6.545244216918945,77.674560546875,0.2581325537406247
0,26,-9.667804718017578,48.00400161743164,-22.793563842773438,-105.3817138671875,-6.309597969055176,77.27743530273438,0.25553614523343227
0,27,-10.68320369720459,48.249183654785156,-23.12107276916504,-105.54633331298828,-6.464461326599121,77.18768310546875,0.2564912872078209
0,28,-10.40579605102539,47.75487518310547,-22.910568237304688,-106.89054870605469,-6.172656059265137,77.61534118652344,0.2548863809531741
0,29,-10.603508949279785,47.228355407714844,-24.42279052734375,-107.19462585449219,-6.256741523742676,77.1917724609375,0.257280962820561
0,30,-10.541645050048828,47.125831604003906,-24.342609405517578,-107.62288665771484,-6.138071060180664,77.29386901855469,0.25680982643026373
0,31,-11.088948249816895,46.30991744995117,-24.806781768798828,-107.44654083251953,-6.208904266357422,77.68251037597656,0.25675797379672194
0,32,-11.046573638916016,45.498634338378906,-24.65683937072754,-108.03720092773438,-6.131087303161621,79.31404113769531,0.2550880907659913
0,33,-11.271566390991211,44.52751159667969,-25.386110305786133,-108.34114074707031,-6.079239845275879,78.26931762695312,0.2551906813952366
0,34,-11.584424018859863,44.16129684448242,-24.937755584716797,-108.33172607421875,-6.180593490600586,78.90232849121094,0.2537080407069644
0,35,-11.464773178100586,42.5660400390625,-25.261432647705078,-109.11136627197266,-6.338911056518555,78.0511474609375,0.25179942225615454
0,36,-11.536111831665039,41.655967712402344,-25.60235023498535,-109.63115692138672,-6.434220314025879,77.27706909179688,0.25099276449513824
0,37,-11.3183012008667,41.22894287109375,-26.699426651000977,-109.03182220458984,-6.296806335449219,77.78660583496094,0.25309319660809
0,38,-11.407425880432129,41.37205505371094,-25.962966918945312,-109.10868835449219,-6.473213195800781,77.82342529296875,0.25163954388264514
0,39,-11.583629608154297,40.47747039794922,-27.013286590576172,-108.11434936523438,-6.110084533691406,77.11156463623047,0.2531001060702737
0,40,-11.713717460632324,40.14447784423828,-26.835294723510742,-108.29862976074219,-5.975530624389648,76.42723846435547,0.2521542953242388
0,41,-12.052886962890625,40.89768981933594,-26.588695526123047,-108.19367980957031,-6.118083953857422,74.04686737060547,0.2527432060677342
0,42,-12.672511100769043,41.252559661865234,-25.724905014038086,-108.65275573730469,-6.271181106567383,60.72067642211914,0.25115123734067996
0,43,-12.747591018676758,40.11181640625,-26.82416534423828,-108.60185241699219,-5.8904194831848145,57.90497589111328,0.2519470350840603
0,44,-13.304365158081055,40.2379035949707,-26.59040641784668,-108.48486328125,-5.926299095153809,58.433319091796875,0.2516685456462729
0,45,-14.59974193572998,41.975311279296875,-27.559593200683594,-107.47950744628906,-5.808493614196777,65.11695861816406,0.2566223911490919
0,46,-16.930116653442383,43.21842956542969,-29.62980842590332,-106.4263916015625,-4.816498756408691,70.93799591064453,0.2628629937906174
0,47,-18.370332717895508,42.36791229248047,-31.53403663635254,-105.29059600830078,-4.475576400756836,65.90641784667969,0.2656944561963572
0,48,-17.873218536376953,41.70706558227539,-31.480031967163086,-106.17417907714844,-4.753457069396973,65.2266616821289,0.2645831485720771
0,49,-9.029135704040527,32.642333984375,-21.78968048095703,-86.61698150634766,-6.224292755126953,49.32257080078125,0.23711483075268436
1,0,-14.780296325683594,83.52658081054688,-1.3574562072753906,-90.21454620361328,-6.9906206130981445,64.31275939941406,0.25588682687209907
1,1,-14.52565860748291,81.36164093017578,0.26682090759277344,-92.13095092773438,-7.365939140319824,65.78433227539062,0.2510298589444565
1,2,-14.057212829589844,77.3587417602539,-1.7386054992675781,-93.48841857910156,-7.385705947875977,67.87593078613281,0.25073780922879246
1,3,-14.637883186340332,74.86744689941406,-4.676883697509766,-93.02165985107422,-7.655393600463867,72.49124908447266,0.25378908670586564
1,4,-14.698725700378418,72.02787017822266,-8.628541946411133,-92.5169906616211,-7.544255256652832,72.0433349609375,0.25808223479043346
1,5,-14.586420059204102,67.02494812011719,-13.479071617126465,-92.70738983154297,-7.418816566467285,73.90426635742188,0.2615383639615559
1,6,-13.205909729003906,63.56886672973633,-21.964435577392578,-92.16801452636719,-6.563702583312988,79.26675415039062,0.2714501934372585
1,7,-12.837577819824219,63.20411682128906,-24.417869567871094,-92.58012390136719,-6.974636077880859,85.3110580444336,0.27473201457075547
1,8,-11.72547435760498,61.606346130371094,-25.469205856323242,-94.34471130371094,-7.03208065032959,85.01469421386719,0.2754492748772488
1,9,-10.605456352233887,61.07191848754883,-25.41779899597168,-95.20413208007812,-6.973566055297852,84.10623931884766,0.27516452823055687
1,10,-10.107404708862305,59.50784683227539,-27.50844955444336,-96.08771514892578,-6.86541748046875,83.54340362548828,0.2770509796054995
1,11,-9.962357521057129,58.241764068603516,-28.52235984802246,-97.08023834228516,-6.807568550109863,83.38211059570312,0.2776550806061169
1,12,-9.817127227783203,56.712650299072266,-29.362098693847656,-97.69730377197266,-6.681617736816406,83.16571044921875,0.27762248879858653
1,13,-9.068390846252441,55.11827850341797,-29.351099014282227,-97.78477478027344,-6.602212905883789,82.63204956054688,0.27608037660770013
1,14,-8.73330307006836,54.135128021240234,-29.41964340209961,-98.93273162841797,-6.652705192565918,82.09103393554688,0.275446060117268
1,15,-8.921879768371582,53.441585540771484,-28.937679290771484,-99.60693359375,-6.715546607971191,82.4861068725586,0.27406857346681496
1,16,-9.022340774536133,54.787288665771484,-26.78618812561035,-100.5365219116211,-6.954251289367676,81.36046600341797,0.2720173854121755
1,17,-9.271208763122559,53.46837615966797,-26.343101501464844,-101.89195251464844,-7.026775360107422,80.96005249023438,0.26981054311571606
1,18,-9.566744804382324,53.619388580322266,-24.56707763671875,-102.74268341064453,-6.94410514831543,80.3831787109375,0.266686362058593
1,19,-9.189833641052246,53.13701248168945,-22.96302032470703,-104.34820556640625,-6.942598342895508,80.00218200683594,0.26275690885619235
1,20,-8.98762321472168,51.289974212646484,-23.418785095214844,-104.35071563720703,-6.792548179626465,80.46430969238281,0.26136551994653967
1,21,-8.787346839904785,49.17844009399414,-24.458383560180664,-103.79563903808594,-6.580399513244629,79.32600402832031,0.2608987180612586
1,22,-8.747061729431152,49.79218673706055,-22.312541961669922,-104.031494140625,-6.594605445861816,79.13018798828125,0.25731569010479216
1,23,-9.028154373168945,48.762245178222656,-22.740646362304688,-103.93731689453125,-6.492422103881836,78.48928833007812,0.2568837113169234
1,24,-9.510820388793945,49.29035949707031,-22.76486587524414,-104.0644760131836,-6.556336402893066,76.91734313964844,0.25757978499629197
1,25,-9.347002029418945,48.94412612915039,-23.296825408935547,-104.35246276855469,-6.545244216918945,77.674560546875,0.2581325537406247
1,26,-9.667804718017578,48.00400161743164,-22.793563842773438,-105.3817138671875,-6.309597969055176,77.27743530273438,0.25553614523343227
1,27,-10.68320369720459,48.249183654785156,-23.12107276916504,-105.54633331298828,-6.464461326599121,77.18768310546875,0.2564912872078209
1,28,-10.40579605102539,47.75487518310547,-22.910568237304688,-106.89054870605469,-6.172656059265137,77.61534118652344,0.2548863809531741
1,29,-10.603508949279785,47.228355407714844,-24.42279052734375,-107.19462585449219,-6.256741523742676,77.1917724609375,0.257280962820561
1,30,-10.541645050048828,47.125831604003906,-24.342609405517578,-107.62288665771484,-6.138071060180664,77.29386901855469,0.25680982643026373
1,31,-11.088948249816895,46.30991744995117,-24.806781768798828,-107.44654083251953,-6.208904266357422,77.68251037597656,0.25675797379672194
1,32,-11.046573638916016,45.498634338378906,-24.65683937072754,-108.03720092773438,-6.131087303161621,79.31404113769531,0.2550880907659913
1,33,-11.271566390991211,44.52751159667969,-25.386110305786133,-108.34114074707031,-6.079239845275879,78.26931762695312,0.2551906813952366
1,34,-11.584424018859863,44.16129684448242,-24.937755584716797,-108.33172607421875,-6.180593490600586,78.90232849121094,0.2537080407069644
1,35,-11.464773178100586,42.5660400390625,-25.261432647705078,-109.11136627197266,-6.338911056518555,78.0511474609375,0.25179942225615454
1,36,-11.536111831665039,41.655967712402344,-25.60235023498535,-109.63115692138672,-6.434220314025879,77.27706909179688,0.25099276449513824
1,37,-11.3183012008667,41.22894287109375,-26.699426651000977,-109.03182220458984,-6.296806335449219,77.78660583496094,0.25309319660809
1,38,-11.407425880432129,41.37205505371094,-25.962966918945312,-109.10868835449219,-6.473213195800781,77.82342529296875,0.25163954388264514
1,39,-11.583629608154297,40.47747039794922,-27.013286590576172,-108.11434936523438,-6.110084533691406,77.11156463623047,0.2531001060702737
1,40,-11.713717460632324,40.14447784423828,-26.835294723510742,-108.29862976074219,-5.975530624389648,76.42723846435547,0.2521542953242388
1,41,-12.052886962890625,40.89768981933594,-26.588695526123047,-108.19367980957031,-6.118083953857422,74.04686737060547,0.2527432060677342
1,42,-12.672511100769043,41.252559661865234,-25.724905014038086,-108.65275573730469,-6.271181106567383,60.72067642211914,0.25115123734067996
1,43,-12.747591018676758,40.11181640625,-26.82416534423828,-108.60185241699219,-5.8904194831848145,57.90497589111328,0.2519470350840603
1,44,-13.304365158081055,40.2379035949707,-26.59040641784668,-108.48486328125,-5.926299095153809,58.433319091796875,0.2516685456462729
1,45,-14.59974193572998,41.975311279296875,-27.559593200683594,-107.47950744628906,-5.808493614196777,65.11695861816406,0.2566223911490919
1,46,-16.930116653442383,43.21842956542969,-29.62980842590332,-106.4263916015625,-4.816498756408691,70.93799591064453,0.2628629937906174
1,47,-18.370332717895508,42.36791229248047,-31.53403663635254,-105.29059600830078,-4.475576400756836,65.90641784667969,0.2656944561963572
1,48,-17.873218536376953,41.70706558227539,-31.480031967163086,-106.17417907714844,-4.753457069396973,65.2266616821289,0.2645831485720771
1,49,-9.029135704040527,32.642333984375,-21.78968048095703,-86.61698150634766,-6.224292755126953,49.32257080078125,0.23711483075268436
2,0,-14.780296325683594,83.52658081054688,-1.3574562072753906,-90.21454620361328,-6.9906206130981445,64.31275939941406,0.25588682687209907
2,1,-14.52565860748291,81.36164093017578,0.26682090759277344,-92.13095092773438,-7.365939140319824,65.78433227539062,0.2510298589444565
2,2,-14.057212829589844,77.3587417602539,-1.7386054992675781,-93.48841857910156,-7.385705947875977,67.87593078613281,0.25073780922879246
2,3,-14.637883186340332,74.86744689941406,-4.676883697509766,-93.02165985107422,-7.655393600463867,72.49124908447266,0.25378908670586564
2,4,-14.698725700378418,72.02787017822266,-8.628541946411133,-92.5169906616211,-7.544255256652832,72.0433349609375,0.25808223479043346
2,5,-14.586420059204102,67.02494812011719,-13.479071617126465,-92.70738983154297,-7.418816566467285,73.90426635742188,0.2615383639615559
2,6,-13.205909729003906,63.56886672973633,-21.964435577392578,-92.16801452636719,-6.563702583312988,79.26675415039062,0.2714501934372585
2,7,-12.837577819824219,63.20411682128906,-24.417869567871094,-92.58012390136719,-6.974636077880859,85.3110580444336,0.27473201457075547
2,8,-11.72547435760498,61.606346130371094,-25.469205856323242,-94.34471130371094,-7.03208065032959,85.01469421386719,0.2754492748772488
2,9,-10.605456352233887,61.07191848754883,-25.41779899597168,-95.20413208007812,-6.973566055297852,84.10623931884766,0.27516452823055687
2,10,-10.107404708862305,59.50784683227539,-27.50844955444336,-96.08771514892578,-6.86541748046875,83.54340362548828,0.2770509796054995
2,11,-9.962357521057129,58.241764068603516,-28.52235984802246,-97.08023834228516,-6.807568550109863,83.38211059570312,0.2776550806061169
2,12,-9.817127227783203,56.712650299072266,-29.362098693847656,-97.69730377197266,-6.681617736816406,83.16571044921875,0.27762248879858653
2,13,-9.068390846252441,55.11827850341797,-29.351099014282227,-97.78477478027344,-6.602212905883789,82.63204956054688,0.27608037660770013
2,14,-8.73330307006836,54.135128021240234,-29.41964340209961,-98.93273162841797,-6.652705192565918,82.09103393554688,0.275446060117268
2,15,-8.921879768371582,53.441585540771484,-28.937679290771484,-99.60693359375,-6.715546607971191,82.4861068725586,0.27406857346681496
2,16,-9.022340774536133,54.787288665771484,-26.78618812561035,-100.5365219116211,-6.954251289367676,81.36046600341797,0.2720173854121755
2,17,-9.271208763122559,53.46837615966797,-26.343101501464844,-101.89195251464844,-7.026775360107422,80.96005249023438,0.26981054311571606
2,18,-9.566744804382324,53.619388580322266,-24.56707763671875,-102.74268341064453,-6.94410514831543,80.3831787109375,0.266686362058593
2,19,-9.189833641052246,53.13701248168945,-22.96302032470703,-104.34820556640625,-6.942598342895508,80.00218200683594,0.26275690885619235
2,20,-8.98762321472168,51.289974212646484,-23.418785095214844,-104.35071563720703,-6.792548179626465,80.46430969238281,0.26136551994653967
2,21,-8.787346839904785,49.17844009399414,-24.458383560180664,-103.79563903808594,-6.580399513244629,79.32600402832031,0.2608987180612586
2,22,-8.747061729431152,49.79218673706055,-22.312541961669922,-104.031494140625,-6.594605445861816,79.13018798828125,0.25731569010479216
2,23,-9.028154373168945,48.762245178222656,-22.740646362304688,-103.93731689453125,-6.492422103881836,78.48928833007812,0.2568837113169234
2,24,-9.510820388793945,49.29035949707031,-22.76486587524414,-104.0644760131836,-6.556336402893066,76.91734313964844,0.25757978499629197
2,25,-9.347002029418945,48.94412612915039,-23.296825408935547,-104.35246276855469,-6.545244216918945,77.674560546875,0.2581325537406247
2,26,-9.667804718017578,48.00400161743164,-22.793563842773438,-105.3817138671875,-6.309597969055176,77.27743530273438,0.25553614523343227
2,27,-10.68320369720459,48.249183654785156,-23.12107276916504,-105.54633331298828,-6.464461326599121,77.18768310546875,0.2564912872078209
2,28,-10.40579605102539,47.75487518310547,-22.910568237304688,-106.89054870605469,-6.172656059265137,77.61534118652344,0.2548863809531741
2,29,-10.603508949279785,47.228355407714844,-24.42279052734375,-107.19462585449219,-6.256741523742676,77.1917724609375,0.257280962820561
2,30,-10.541645050048828,47.125831604003906,-24.342609405517578,-107.62288665771484,-6.138071060180664,77.29386901855469,0.25680982643026373
2,31,-11.088948249816895,46.30991744995117,-24.806781768798828,-107.44654083251953,-6.208904266357422,77.68251037597656,0.25675797379672194
2,32,-11.046573638916016,45.498634338378906,-24.65683937072754,-108.03720092773438,-6.131087303161621,79.31404113769531,0.2550880907659913
2,33,-11.271566390991211,44.52751159667969,-25.386110305786133,-108.34114074707031,-6.079239845275879,78.26931762695312,0.2551906813952366
2,34,-11.584424018859863,44.16129684448242,-24.937755584716797,-108.33172607421875,-6.180593490600586,78.90232849121094,0.2537080407069644
2,35,-11.464773178100586,42.5660400390625,-25.261432647705078,-109.11136627197266,-6.338911056518555,78.0511474609375,0.25179942225615454
2,36,-11.536111831665039,41.655967712402344,-25.60235023498535,-109.63115692138672,-6.434220314025879,77.27706909179688,0.25099276449513824
2,37,-11.3183012008667,41.22894287109375,-26.699426651000977,-109.03182220458984,-6.296806335449219,77.78660583496094,0.25309319660809
2,38,-11.407425880432129,41.37205505371094,-25.962966918945312,-109.10868835449219,-6.473213195800781,77.82342529296875,0.25163954388264514
2,39,-11.583629608154297,40.47747039794922,-27.013286590576172,-108.11434936523438,-6.110084533691406,77.11156463623047,0.2531001060702737
2,40,-11.713717460632324,40.14447784423828,-26.835294723510742,-108.29862976074219,-5.975530624389648,76.42723846435547,0.2521542953242388
2,41,-12.052886962890625,40.89768981933594,-26.588695526123047,-108.19367980957031,-6.118083953857422,74.04686737060547,0.2527432060677342
2,42,-12.672511100769043,41.252559661865234,-25.724905014038086,-108.65275573730469,-6.271181106567383,60.72067642211914,0.25115123734067996
2,43,-12.747591018676758,40.11181640625,-26.82416534423828,-108.60185241699219,-5.8904194831848145,57.90497589111328,0.2519470350840603
2,44,-13.304365158081055,40.2379035949707,-26.59040641784668,-108.48486328125,-5.926299095153809,58.433319091796875,0.2516685456462729
2,45,-14.59974193572998,41.975311279296875,-27.559593200683594,-107.47950744628906,-5.808493614196777,65.11695861816406,0.2566223911490919
2,46,-16.930116653442383,43.21842956542969,-29.62980842590332,-106.4263916015625,-4.816498756408691,70.93799591064453,0.2628629937906174
2,47,-18.370332717895508,42.36791229248047,-31.53403663635254,-105.29059600830078,-4.475576400756836,65.90641784667969,0.2656944561963572
2,48,-17.873218536376953,41.70706558227539,-31.480031967163086,-106.17417907714844,-4.753457069396973,65.2266616821289,0.2645831485720771
2,49,-9.029135704040527,32.642333984375,-21.78968048095703,-86.61698150634766,-6.224292755126953,49.32257080078125,0.23711483075268436
3,0,-14.780296325683594,83.52658081054688,-1.3574562072753906,-90.21454620361328,-6.9906206130981445,64.31275939941406,0.25588682687209907
3,1,-14.52565860748291,81.36164093017578,0.26682090759277344,-92.13095092773438,-7.365939140319824,65.78433227539062,0.2510298589444565
3,2,-14.057212829589844,77.3587417602539,-1.7386054992675781,-93.48841857910156,-7.385705947875977,67.87593078613281,0.25073780922879246
3,3,-14.637883186340332,74.86744689941406,-4.676883697509766,-93.02165985107422,-7.655393600463867,72.49124908447266,0.25378908670586564
3,4,-14.698725700378418,72.02787017822266,-8.628541946411133,-92.5169906616211,-7.544255256652832,72.0433349609375,0.25808223479043346
3,5,-14.586420059204102,67.02494812011719,-13.479071617126465,-92.70738983154297,-7.418816566467285,73.90426635742188,0.2615383639615559
3,6,-13.205909729003906,63.56886672973633,-21.964435577392578,-92.16801452636719,-6.563702583312988,79.26675415039062,0.2714501934372585
3,7,-12.837577819824219,63.20411682128906,-24.417869567871094,-92.58012390136719,-6.974636077880859,85.3110580444336,0.27473201457075547
3,8,-11.72547435760498,61.606346130371094,-25.469205856323242,-94.34471130371094,-7.03208065032959,85.01469421386719,0.2754492748772488
3,9,-10.605456352233887,61.07191848754883,-25.41779899597168,-95.20413208007812,-6.973566055297852,84.10623931884766,0.27516452823055687
3,10,-10.107404708862305,59.50784683227539,-27.50844955444336,-96.08771514892578,-6.86541748046875,83.54340362548828,0.2770509796054995
3,11,-9.962357521057129,58.241764068603516,-28.52235984802246,-97.08023834228516,-6.807568550109863,83.38211059570312,0.2776550806061169
3,12,-9.817127227783203,56.712650299072266,-29.362098693847656,-97.69730377197266,-6.681617736816406,83.16571044921875,0.27762248879858653
3,13,-9.068390846252441,55.11827850341797,-29.351099014282227,-97.78477478027344,-6.602212905883789,82.63204956054688,0.27608037660770013
3,14,-8.73330307006836,54.135128021240234,-29.41964340209961,-98.93273162841797,-6.652705192565918,82.09103393554688,0.275446060117268
3,15,-8.921879768371582,53.441585540771484,-28.937679290771484,-99.60693359375,-6.715546607971191,82.4861068725586,0.27406857346681496
3,16,-9.022340774536133,54.787288665771484,-26.78618812561035,-100.5365219116211,-6.954251289367676,81.36046600341797,0.2720173854121755
3,17,-9.271208763122559,53.46837615966797,-26.343101501464844,-101.89195251464844,-7.026775360107422,80.96005249023438,0.26981054311571606
3,18,-9.566744804382324,53.619388580322266,-24.56707763671875,-102.74268341064453,-6.94410514831543,80.3831787109375,0.266686362058593
3,19,-9.189833641052246,53.13701248168945,-22.96302032470703,-104.34820556640625,-6.942598342895508,80.00218200683594,0.26275690885619235
3,20,-8.98762321472168,51.289974212646484,-23.418785095214844,-104.35071563720703,-6.792548179626465,80.46430969238281,0.26136551994653967
3,21,-8.787346839904785,49.17844009399414,-24.458383560180664,-103.79563903808594,-6.580399513244629,79.32600402832031,0.2608987180612586
3,22,-8.747061729431152,49.79218673706055,-22.312541961669922,-104.031494140625,-6.594605445861816,79.13018798828125,0.25731569010479216
3,23,-9.028154373168945,48.762245178222656,-22.740646362304688,-103.93731689453125,-6.492422103881836,78.48928833007812,0.2568837113169234
3,24,-9.510820388793945,49.29035949707031,-22.76486587524414,-104.0644760131836,-6.556336402893066,76.91734313964844,0.25757978499629197
3,25,-9.347002029418945,48.94412612915039,-23.296825408935547,-104.35246276855469,-6.545244216918945,77.674560546875,0.2581325537406247
3,26,-9.667804718017578,48.00400161743164,-22.793563842773438,-105.3817138671875,-6.309597969055176,77.27743530273438,0.25553614523343227
3,27,-10.68320369720459,48.249183654785156,-23.12107276916504,-105.54633331298828,-6.464461326599121,77.18768310546875,0.2564912872078209
3,28,-10.40579605102539,47.75487518310547,-22.910568237304688,-106.89054870605469,-6.172656059265137,77.61534118652344,0.2548863809531741
3,29,-10.603508949279785,47.228355407714844,-24.42279052734375,-107.19462585449219,-6.256741523742676,77.1917724609375,0.257280962820561
3,30,-10.541645050048828,47.125831604003906,-24.342609405517578,-107.62288665771484,-6.138071060180664,77.29386901855469,0.25680982643026373
3,31,-11.088948249816895,46.30991744995117,-24.806781768798828,-107.44654083251953,-6.208904266357422,77.68251037597656,0.25675797379672194
3,32,-11.046573638916016,45.498634338378906,-24.65683937072754,-108.03720092773438,-6.131087303161621,79.31404113769531,0.2550880907659913
3,33,-11.271566390991211,44.52751159667969,-25.386110305786133,-108.34114074707031,-6.079239845275879,78.26931762695312,0.2551906813952366
3,34,-11.584424018859863,44.16129684448242,-24.937755584716797,-108.33172607421875,-6.180593490600586,78.90232849121094,0.2537080407069644
3,35,-11.464773178100586,42.5660400390625,-25.261432647705078,-109.11136627197266,-6.338911056518555,78.0511474609375,0.25179942225615454
3,36,-11.536111831665039,41.655967712402344,-25.60235023498535,-109.63115692138672,-6.434220314025879,77.27706909179688,0.25099276449513824
3,37,-11.3183012008667,41.22894287109375,-26.699426651000977,-109.03182220458984,-6.296806335449219,77.78660583496094,0.25309319660809
3,38,-11.407425880432129,41.37205505371094,-25.962966918945312,-109.10868835449219,-6.473213195800781,77.82342529296875,0.25163954388264514
3,39,-11.583629608154297,40.47747039794922,-27.013286590576172,-108.11434936523438,-6.110084533691406,77.11156463623047,0.2531001060702737
3,40,-11.713717460632324,40.14447784423828,-26.835294723510742,-108.29862976074219,-5.975530624389648,76.42723846435547,0.2521542953242388
3,41,-12.052886962890625,40.89768981933594,-26.588695526123047,-108.19367980957031,-6.118083953857422,74.04686737060547,0.2527432060677342
3,42,-12.672511100769043,41.252559661865234,-25.724905014038086,-108.65275573730469,-6.271181106567383,60.72067642211914,0.25115123734067996
3,43,-12.747591018676758,40.11181640625,-26.82416534423828,-108.60185241699219,-5.8904194831848145,57.90497589111328,0.2519470350840603
3,44,-13.304365158081055,40.2379035949707,-26.59040641784668,-108.48486328125,-5.926299095153809,58.433319091796875,0.2516685456462729
3,45,-14.59974193572998,41.975311279296875,-27.559593200683594,-107.47950744628906,-5.808493614196777,65.11695861816406,0.2566223911490919
3,46,-16.930116653442383,43.21842956542969,-29.62980842590332,-106.4263916015625,-4.816498756408691,70.93799591064453,0.2628629937906174
3,47,-18.370332717895508,42.36791229248047,-31.53403663635254,-105.29059600830078,-4.475576400756836,65.90641784667969,0.2656944561963572
3,48,-17.873218536376953,41.70706558227539,-31.480031967163086,-106.17417907714844,-4.753457069396973,65.2266616821289,0.2645831485720771
3,49,-9.029135704040527,32.642333984375,-21.78968048095703,-86.61698150634766,-6.224292755126953,49.32257080078125,0.23711483075268436
4,0,-14.780296325683594,83.52658081054688,-1.3574562072753906,-90.21454620361328,-6.9906206130981445,64.31275939941406,0.25588682687209907
4,1,-14.52565860748291,81.36164093017578,0.26682090759277344,-92.13095092773438,-7.365939140319824,65.78433227539062,0.2510298589444565
4,2,-14.057212829589844,77.3587417602539,-1.7386054992675781,-93.48841857910156,-7.385705947875977,67.87593078613281,0.25073780922879246
4,3,-14.637883186340332,74.86744689941406,-4.676883697509766,-93.02165985107422,-7.655393600463867,72.49124908447266,0.25378908670586564
4,4,-14.698725700378418,72.02787017822266,-8.628541946411133,-92.5169906616211,-7.544255256652832,72.0433349609375,0.25808223479043346
4,5,-14.586420059204102,67.02494812011719,-13.479071617126465,-92.70738983154297,-7.418816566467285,73.90426635742188,0.2615383639615559
4,6,-13.205909729003906,63.56886672973633,-21.964435577392578,-92.16801452636719,-6.563702583312988,79.26675415039062,0.2714501934372585
4,7,-12.837577819824219,63.20411682128906,-24.417869567871094,-92.58012390136719,-6.974636077880859,85.3110580444336,0.27473201457075547
4,8,-11.72547435760498,61.606346130371094,-25.469205856323242,-94.34471130371094,-7.03208065032959,85.01469421386719,0.2754492748772488
4,9,-10.605456352233887,61.07191848754883,-25.41779899597168,-95.20413208007812,-6.973566055297852,84.10623931884766,0.27516452823055687
4,10,-10.107404708862305,59.50784683227539,-27.50844955444336,-96.08771514892578,-6.86541748046875,83.54340362548828,0.2770509796054995
4,11,-9.962357521057129,58.241764068603516,-28.52235984802246,-97.08023834228516,-6.807568550109863,83.38211059570312,0.2776550806061169
4,12,-9.817127227783203,56.712650299072266,-29.362098693847656,-97.69730377197266,-6.681617736816406,83.16571044921875,0.27762248879858653
4,13,-9.068390846252441,55.11827850341797,-29.351099014282227,-97.78477478027344,-6.602212905883789,82.63204956054688,0.27608037660770013
4,14,-8.73330307006836,54.135128021240234,-29.41964340209961,-98.93273162841797,-6.652705192565918,82.09103393554688,0.275446060117268
4,15,-8.921879768371582,53.441585540771484,-28.937679290771484,-99.60693359375,-6.715546607971191,82.4861068725586,0.27406857346681496
4,16,-9.022340774536133,54.787288665771484,-26.78618812561035,-100.5365219116211,-6.954251289367676,81.36046600341797,0.2720173854121755
4,17,-9.271208763122559,53.46837615966797,-26.343101501464844,-101.89195251464844,-7.026775360107422,80.96005249023438,0.26981054311571606
4,18,-9.566744804382324,53.619388580322266,-24.56707763671875,-102.74268341064453,-6.94410514831543,80.3831787109375,0.266686362058593
4,19,-9.189833641052246,53.13701248168945,-22.96302032470703,-104.34820556640625,-6.942598342895508,80.00218200683594,0.26275690885619235
4,20,-8.98762321472168,51.289974212646484,-23.418785095214844,-104.35071563720703,-6.792548179626465,80.46430969238281,0.26136551994653967
4,21,-8.787346839904785,49.17844009399414,-24.458383560180664,-103.79563903808594,-6.580399513244629,79.32600402832031,0.2608987180612586
4,22,-8.747061729431152,49.79218673706055,-22.312541961669922,-104.031494140625,-6.594605445861816,79.13018798828125,0.25731569010479216
4,23,-9.028154373168945,48.762245178222656,-22.740646362304688,-103.93731689453125,-6.492422103881836,78.48928833007812,0.2568837113169234
4,24,-9.510820388793945,49.29035949707031,-22.76486587524414,-104.0644760131836,-6.556336402893066,76.91734313964844,0.25757978499629197
4,25,-9.347002029418945,48.94412612915039,-23.296825408935547,-104.35246276855469,-6.545244216918945,77.674560546875,0.2581325537406247
4,26,-9.667804718017578,48.00400161743164,-22.793563842773438,-105.3817138671875,-6.309597969055176,77.27743530273438,0.25553614523343227
4,27,-10.68320369720459,48.249183654785156,-23.12107276916504,-105.54633331298828,-6.464461326599121,77.18768310546875,0.2564912872078209
4,28,-10.40579605102539,47.75487518310547,-22.910568237304688,-106.89054870605469,-6.172656059265137,77.61534118652344,0.2548863809531741
4,29,-10.603508949279785,47.228355407714844,-24.42279052734375,-107.19462585449219,-6.256741523742676,77.1917724609375,0.257280962820561
4,30,-10.541645050048828,47.125831604003906,-24.342609405517578,-107.62288665771484,-6.138071060180664,77.29386901855469,0.25680982643026373
4,31,-11.088948249816895,46.30991744995117,-24.806781768798828,-107.44654083251953,-6.208904266357422,77.68251037597656,0.25675797379672194
4,32,-11.046573638916016,45.498634338378906,-24.65683937072754,-108.03720092773438,-6.131087303161621,79.31404113769531,0.2550880907659913
4,33,-11.271566390991211,44.52751159667969,-25.386110305786133,-108.34114074707031,-6.079239845275879,78.26931762695312,0.2551906813952366
4,34,-11.584424018859863,44.16129684448242,-24.937755584716797,-108.33172607421875,-6.180593490600586,78.90232849121094,0.2537080407069644
4,35,-11.464773178100586,42.5660400390625,-25.261432647705078,-109.11136627197266,-6.338911056518555,78.0511474609375,0.25179942225615454
4,36,-11.536111831665039,41.655967712402344,-25.60235023498535,-109.63115692138672,-6.434220314025879,77.27706909179688,0.25099276449513824
4,37,-11.3183012008667,41.22894287109375,-26.699426651000977,-109.03182220458984,-6.296806335449219,77.78660583496094,0.25309319660809
4,38,-11.407425880432129,41.37205505371094,-25.962966918945312,-109.10868835449219,-6.473213195800781,77.82342529296875,0.25163954388264514
4,39,-11.583629608154297,40.47747039794922,-27.013286590576172,-108.11434936523438,-6.110084533691406,77.11156463623047,0.2531001060702737
4,40,-11.713717460632324,40.14447784423828,-26.835294723510742,-108.29862976074219,-5.975530624389648,76.42723846435547,0.2521542953242388
4,41,-12.052886962890625,40.89768981933594,-26.588695526123047,-108.19367980957031,-6.118083953857422,74.04686737060547,0.2527432060677342
4,42,-12.672511100769043,41.252559661865234,-25.724905014038086,-108.65275573730469,-6.271181106567383,60.72067642211914,0.25115123734067996
4,43,-12.747591018676758,40.11181640625,-26.82416534423828,-108.60185241699219,-5.8904194831848145,57.90497589111328,0.2519470350840603
4,44,-13.304365158081055,40.2379035949707,-26.59040641784668,-108.48486328125,-5.926299095153809,58.433319091796875,0.2516685456462729
4,45,-14.59974193572998,41.975311279296875,-27.559593200683594,-107.47950744628906,-5.808493614196777,65.11695861816406,0.2566223911490919
4,46,-16.930116653442383,43.21842956542969,-29.62980842590332,-106.4263916015625,-4.816498756408691,70.93799591064453,0.2628629937906174
4,47,-18.370332717895508,42.36791229248047,-31.53403663635254,-105.29059600830078,-4.475576400756836,65.90641784667969,0.2656944561963572
4,48,-17.873218536376953,41.70706558227539,-31.480031967163086,-106.17417907714844,-4.753457069396973,65.2266616821289,0.2645831485720771
4,49,-9.029135704040527,32.642333984375,-21.78968048095703,-86.61698150634766,-6.224292755126953,49.32257080078125,0.23711483075268436
5,0,-14.780296325683594,83.52658081054688,-1.3574562072753906,-90.21454620361328,-6.9906206130981445,64.31275939941406,0.25588682687209907
5,1,-14.52565860748291,81.36164093017578,0.26682090759277344,-92.13095092773438,-7.365939140319824,65.78433227539062,0.2510298589444565
5,2,-14.057212829589844,77.3587417602539,-1.7386054992675781,-93.48841857910156,-7.385705947875977,67.87593078613281,0.25073780922879246
5,3,-14.637883186340332,74.86744689941406,-4.676883697509766,-93.02165985107422,-7.655393600463867,72.49124908447266,0.25378908670586564
5,4,-14.698725700378418,72.02787017822266,-8.628541946411133,-92.5169906616211,-7.544255256652832,72.0433349609375,0.25808223479043346
5,5,-14.586420059204102,67.02494812011719,-13.479071617126465,-92.70738983154297,-7.418816566467285,73.90426635742188,0.2615383639615559
5,6,-13.205909729003906,63.56886672973633,-21.964435577392578,-92.16801452636719,-6.563702583312988,79.26675415039062,0.2714501934372585
5,7,-12.837577819824219,63.20411682128906,-24.417869567871094,-92.58012390136719,-6.974636077880859,85.3110580444336,0.27473201457075547
5,8,-11.72547435760498,61.606346130371094,-25.469205856323242,-94.34471130371094,-7.03208065032959,85.01469421386719,0.2754492748772488
5,9,-10.605456352233887,61.07191848754883,-25.41779899597168,-95.20413208007812,-6.973566055297852,84.10623931884766,0.27516452823055687
5,10,-10.107404708862305,59.50784683227539,-27.50844955444336,-96.08771514892578,-6.86541748046875,83.54340362548828,0.2770509796054995
5,11,-9.962357521057129,58.241764068603516,-28.52235984802246,-97.08023834228516,-6.807568550109863,83.38211059570312,0.2776550806061169
5,12,-9.817127227783203,56.712650299072266,-29.362098693847656,-97.69730377197266,-6.681617736816406,83.16571044921875,0.27762248879858653
5,13,-9.068390846252441,55.11827850341797,-29.351099014282227,-97.78477478027344,-6.602212905883789,82.63204956054688,0.27608037660770013
5,14,-8.73330307006836,54.135128021240234,-29.41964340209961,-98.93273162841797,-6.652705192565918,82.09103393554688,0.275446060117268
5,15,-8.921879768371582,53.441585540771484,-28.937679290771484,-99.60693359375,-6.715546607971191,82.4861068725586,0.27406857346681496
5,16,-9.022340774536133,54.787288665771484,-26.78618812561035,-100.5365219116211,-6.954251289367676,81.36046600341797,0.2720173854121755
5,17,-9.271208763122559,53.46837615966797,-26.343101501464844,-101.89195251464844,-7.026775360107422,80.96005249023438,0.26981054311571606
5,18,-9.566744804382324,53.619388580322266,-24.56707763671875,-102.74268341064453,-6.94410514831543,80.3831787109375,0.266686362058593
5,19,-9.189833641052246,53.13701248168945,-22.96302032470703,-104.34820556640625,-6.942598342895508,80.00218200683594,0.26275690885619235
5,20,-8.98762321472168,51.289974212646484,-23.418785095214844,-104.35071563720703,-6.792548179626465,80.46430969238281,0.26136551994653967
5,21,-8.787346839904785,49.17844009399414,-24.458383560180664,-103.79563903808594,-6.580399513244629,79.32600402832031,0.2608987180612586
5,22,-8.747061729431152,49.79218673706055,-22.312541961669922,-104.031494140625,-6.594605445861816,79.13018798828125,0.25731569010479216
5,23,-9.028154373168945,48.762245178222656,-22.740646362304688,-103.93731689453125,-6.492422103881836,78.48928833007812,0.2568837113169234
5,24,-9.510820388793945,49.29035949707031,-22.76486587524414,-104.0644760131836,-6.556336402893066,76.91734313964844,0.25757978499629197
5,25,-9.347002029418945,48.94412612915039,-23.296825408935547,-104.35246276855469,-6.545244216918945,77.674560546875,0.2581325537406247
5,26,-9.667804718017578,48.00400161743164,-22.793563842773438,-105.3817138671875,-6.309597969055176,77.27743530273438,0.25553614523343227
5,27,-10.68320369720459,48.249183654785156,-23.12107276916504,-105.54633331298828,-6.464461326599121,77.18768310546875,0.2564912872078209
5,28,-10.40579605102539,47.75487518310547,-22.910568237304688,-106.89054870605469,-6.172656059265137,77.61534118652344,0.2548863809531741
5,29,-10.603508949279785,47.228355407714844,-24.42279052734375,-107.19462585449219,-6.256741523742676,77.1917724609375,0.257280962820561
5,30,-10.541645050048828,47.125831604003906,-24.342609405517578,-107.62288665771484,-6.138071060180664,77.29386901855469,0.25680982643026373
5,31,-11.088948249816895,46.30991744995117,-24.806781768798828,-107.44654083251953,-6.208904266357422,77.68251037597656,0.25675797379672194
5,32,-11.046573638916016,45.498634338378906,-24.65683937072754,-108.03720092773438,-6.131087303161621,79.31404113769531,0.2550880907659913
5,33,-11.271566390991211,44.52751159667969,-25.386110305786133,-108.34114074707031,-6.079239845275879,78.26931762695312,0.2551906813952366
5,34,-11.584424018859863,44.16129684448242,-24.937755584716797,-108.33172607421875,-6.180593490600586,78.90232849121094,0.2537080407069644
5,35,-11.464773178100586,42.5660400390625,-25.261432647705078,-109.11136627197266,-6.338911056518555,78.0511474609375,0.25179942225615454
5,36,-11.536111831665039,41.655967712402344,-25.60235023498535,-109.63115692138672,-6.434220314025879,77.27706909179688,0.25099276449513824
5,37,-11.3183012008667,41.22894287109375,-26.699426651000977,-109.03182220458984,-6.296806335449219,77.78660583496094,0.25309319660809
5,38,-11.407425880432129,41.37205505371094,-25.962966918945312,-109.10868835449219,-6.473213195800781,77.82342529296875,0.25163954388264514
5,39,-11.583629608154297,40.47747039794922,-27.013286590576172,-108.11434936523438,-6.110084533691406,77.11156463623047,0.2531001060702737
5,40,-11.713717460632324,40.14447784423828,-26.835294723510742,-108.29862976074219,-5.975530624389648,76.42723846435547,0.2521542953242388
5,41,-12.052886962890625,40.89768981933594,-26.588695526123047,-108.19367980957031,-6.118083953857422,74.04686737060547,0.2527432060677342
5,42,-12.672511100769043,41.252559661865234,-25.724905014038086,-108.65275573730469,-6.271181106567383,60.72067642211914,0.25115123734067996
5,43,-12.747591018676758,40.11181640625,-26.82416534423828,-108.60185241699219,-5.8904194831848145,57.90497589111328,0.2519470350840603
5,44,-13.304365158081055,40.2379035949707,-26.59040641784668,-108.48486328125,-5.926299095153809,58.433319091796875,0.2516685456462729
5,45,-14.59974193572998,41.975311279296875,-27.559593200683594,-107.47950744628906,-5.808493614196777,65.11695861816406,0.2566223911490919
5,46,-16.930116653442383,43.21842956542969,-29.62980842590332,-106.4263916015625,-4.816498756408691,70.93799591064453,0.2628629937906174
5,47,-18.370332717895508,42.36791229248047,-31.53403663635254,-105.29059600830078,-4.475576400756836,65.90641784667969,0.2656944561963572
5,48,-17.873218536376953,41.70706558227539,-31.480031967163086,-106.17417907714844,-4.753457069396973,65.2266616821289,0.2645831485720771
5,49,-9.029135704040527,32.642333984375,-21.78968048095703,-86.61698150634766,-6.224292755126953,49.32257080078125,0.23711483075268436
6,0,-14.780296325683594,83.52658081054688,-1.3574562072753906,-90.21454620361328,-6.9906206130981445,64.31275939941406,0.25588682687209907
6,1,-14.52565860748291,81.36164093017578,0.26682090759277344,-92.13095092773438,-7.365939140319824,65.78433227539062,0.2510298589444565
6,2,-14.057212829589844,77.3587417602539,-1.7386054992675781,-93.48841857910156,-7.385705947875977,67.87593078613281,0.25073780922879246
6,3,-14.637883186340332,74.86744689941406,-4.676883697509766,-93.02165985107422,-7.655393600463867,72.49124908447266,0.25378908670586564
6,4,-14.698725700378418,72.02787017822266,-8.628541946411133,-92.5169906616211,-7.544255256652832,72.0433349609375,0.25808223479043346
6,5,-14.586420059204102,67.02494812011719,-13.479071617126465,-92.70738983154297,-7.418816566467285,73.90426635742188,0.2615383639615559
6,6,-13.205909729003906,63.56886672973633,-21.964435577392578,-92.16801452636719,-6.563702583312988,79.26675415039062,0.2714501934372585
6,7,-12.837577819824219,63.20411682128906,-24.417869567871094,-92.58012390136719,-6.974636077880859,85.3110580444336,0.27473201457075547
6,8,-11.72547435760498,61.606346130371094,-25.469205856323242,-94.34471130371094,-7.03208065032959,85.01469421386719,0.2754492748772488
6,9,-10.605456352233887,61.07191848754883,-25.41779899597168,-95.20413208007812,-6.973566055297852,84.10623931884766,0.27516452823055687
6,10,-10.107404708862305,59.50784683227539,-27.50844955444336,-96.08771514892578,-6.86541748046875,83.54340362548828,0.2770509796054995
6,11,-9.962357521057129,58.241764068603516,-28.52235984802246,-97.08023834228516,-6.807568550109863,83.38211059570312,0.2776550806061169
6,12,-9.817127227783203,56.712650299072266,-29.362098693847656,-97.69730377197266,-6.681617736816406,83.16571044921875,0.27762248879858653
6,13,-9.068390846252441,55.11827850341797,-29.351099014282227,-97.78477478027344,-6.602212905883789,82.63204956054688,0.27608037660770013
6,14,-8.73330307006836,54.135128021240234,-29.41964340209961,-98.93273162841797,-6.652705192565918,82.09103393554688,0.275446060117268
6,15,-8.921879768371582,53.441585540771484,-28.937679290771484,-99.60693359375,-6.715546607971191,82.4861068725586,0.27406857346681496
6,16,-9.022340774536133,54.787288665771484,-26.78618812561035,-100.5365219116211,-6.954251289367676,81.36046600341797,0.2720173854121755
6,17,-9.271208763122559,53.46837615966797,-26.343101501464844,-101.89195251464844,-7.026775360107422,80.96005249023438,0.26981054311571606
6,18,-9.566744804382324,53.619388580322266,-24.56707763671875,-102.74268341064453,-6.94410514831543,80.3831787109375,0.266686362058593
6,19,-9.189833641052246,53.13701248168945,-22.96302032470703,-104.34820556640625,-6.942598342895508,80.00218200683594,0.26275690885619235
6,20,-8.98762321472168,51.289974212646484,-23.418785095214844,-104.35071563720703,-6.792548179626465,80.46430969238281,0.26136551994653967
6,21,-8.787346839904785,49.17844009399414,-24.458383560180664,-103.79563903808594,-6.580399513244629,79.32600402832031,0.2608987180612586
6,22,-8.747061729431152,49.79218673706055,-22.312541961669922,-104.031494140625,-6.594605445861816,79.13018798828125,0.25731569010479216
6,23,-9.028154373168945,48.762245178222656,-22.740646362304688,-103.93731689453125,-6.492422103881836,78.48928833007812,0.2568837113169234
6,24,-9.510820388793945,49.29035949707031,-22.76486587524414,-104.0644760131836,-6.556336402893066,76.91734313964844,0.25757978499629197
6,25,-9.347002029418945,48.94412612915039,-23.296825408935547,-104.35246276855469,-6.545244216918945,77.674560546875,0.2581325537406247
6,26,-9.667804718017578,48.00400161743164,-22.793563842773438,-105.3817138671875,-6.309597969055176,77.27743530273438,0.25553614523343227
6,27,-10.68320369720459,48.249183654785156,-23.12107276916504,-105.54633331298828,-6.464461326599121,77.18768310546875,0.2564912872078209
6,28,-10.40579605102539,47.75487518310547,-22.910568237304688,-106.89054870605469,-6.172656059265137,77.61534118652344,0.2548863809531741
6,29,-10.603508949279785,47.228355407714844,-24.42279052734375,-107.19462585449219,-6.256741523742676,77.1917724609375,0.257280962820561
6,30,-10.541645050048828,47.125831604003906,-24.342609405517578,-107.62288665771484,-6.138071060180664,77.29386901855469,0.25680982643026373
6,31,-11.088948249816895,46.30991744995117,-24.806781768798828,-107.44654083251953,-6.208904266357422,77.68251037597656,0.25675797379672194
6,32,-11.046573638916016,45.498634338378906,-24.65683937072754,-108.03720092773438,-6.131087303161621,79.31404113769531,0.2550880907659913
6,33,-11.271566390991211,44.52751159667969,-25.386110305786133,-108.34114074707031,-6.079239845275879,78.26931762695312,0.2551906813952366
6,34,-11.584424018859863,44.16129684448242,-24.937755584716797,-108.33172607421875,-6.180593490600586,78.90232849121094,0.2537080407069644
6,35,-11.464773178100586,42.5660400390625,-25.261432647705078,-109.11136627197266,-6.338911056518555,78.0511474609375,0.25179942225615454
6,36,-11.536111831665039,41.655967712402344,-25.60235023498535,-109.63115692138672,-6.434220314025879,77.27706909179688,0.25099276449513824
6,37,-11.3183012008667,41.22894287109375,-26.699426651000977,-109.03182220458984,-6.296806335449219,77.78660583496094,0.25309319660809
6,38,-11.407425880432129,41.37205505371094,-25.962966918945312,-109.10868835449219,-6.473213195800781,77.82342529296875,0.25163954388264514
6,39,-11.583629608154297,40.47747039794922,-27.013286590576172,-108.11434936523438,-6.110084533691406,77.11156463623047,0.2531001060702737
6,40,-11.713717460632324,40.14447784423828,-26.835294723510742,-108.29862976074219,-5.975530624389648,76.42723846435547,0.2521542953242388
6,41,-12.052886962890625,40.89768981933594,-26.588695526123047,-108.19367980957031,-6.118083953857422,74.04686737060547,0.2527432060677342
6,42,-12.672511100769043,41.252559661865234,-25.724905014038086,-108.65275573730469,-6.271181106567383,60.72067642211914,0.25115123734067996
6,43,-12.747591018676758,40.11181640625,-26.82416534423828,-108.60185241699219,-5.8904194831848145,57.90497589111328,0.2519470350840603
6,44,-13.304365158081055,40.2379035949707,-26.59040641784668,-108.48486328125,-5.926299095153809,58.433319091796875,0.2516685456462729
6,45,-14.59974193572998,41.975311279296875,-27.559593200683594,-107.47950744628906,-5.808493614196777,65.11695861816406,0.2566223911490919
6,46,-16.930116653442383,43.21842956542969,-29.62980842590332,-106.4263916015625,-4.816498756408691,70.93799591064453,0.2628629937906174
6,47,-18.370332717895508,42.36791229248047,-31.53403663635254,-105.29059600830078,-4.475576400756836,65.90641784667969,0.2656944561963572
6,48,-17.873218536376953,41.70706558227539,-31.480031967163086,-106.17417907714844,-4.753457069396973,65.2266616821289,0.2645831485720771
6,49,-9.029135704040527,32.642333984375,-21.78968048095703,-86.61698150634766,-6.224292755126953,49.32257080078125,0.23711483075268436
7,0,-14.780296325683594,83.52658081054688,-1.3574562072753906,-90.21454620361328,-6.9906206130981445,64.31275939941406,0.25588682687209907
7,1,-14.52565860748291,81.36164093017578,0.26682090759277344,-92.13095092773438,-7.365939140319824,65.78433227539062,0.2510298589444565
7,2,-14.057212829589844,77.3587417602539,-1.7386054992675781,-93.48841857910156,-7.385705947875977,67.87593078613281,0.25073780922879246
7,3,-14.637883186340332,74.86744689941406,-4.676883697509766,-93.02165985107422,-7.655393600463867,72.49124908447266,0.25378908670586564
7,4,-14.698725700378418,72.02787017822266,-8.628541946411133,-92.5169906616211,-7.544255256652832,72.0433349609375,0.25808223479043346
7,5,-14.586420059204102,67.02494812011719,-13.479071617126465,-92.70738983154297,-7.418816566467285,73.90426635742188,0.2615383639615559
7,6,-13.205909729003906,63.56886672973633,-21.964435577392578,-92.16801452636719,-6.563702583312988,79.26675415039062,0.2714501934372585
7,7,-12.837577819824219,63.20411682128906,-24.417869567871094,-92.58012390136719,-6.974636077880859,85.3110580444336,0.27473201457075547
7,8,-11.72547435760498,61.606346130371094,-25.469205856323242,-94.34471130371094,-7.03208065032959,85.01469421386719,0.2754492748772488
7,9,-10.605456352233887,61.07191848754883,-25.41779899597168,-95.20413208007812,-6.973566055297852,84.10623931884766,0.27516452823055687
7,10,-10.107404708862305,59.50784683227539,-27.50844955444336,-96.08771514892578,-6.86541748046875,83.54340362548828,0.2770509796054995
7,11,-9.962357521057129,58.241764068603516,-28.52235984802246,-97.08023834228516,-6.807568550109863,83.38211059570312,0.2776550806061169
7,12,-9.817127227783203,56.712650299072266,-29.362098693847656,-97.69730377197266,-6.681617736816406,83.16571044921875,0.27762248879858653
7,13,-9.068390846252441,55.11827850341797,-29.351099014282227,-97.78477478027344,-6.602212905883789,82.63204956054688,0.27608037660770013
7,14,-8.73330307006836,54.135128021240234,-29.41964340209961,-98.93273162841797,-6.652705192565918,82.09103393554688,0.275446060117268
7,15,-8.921879768371582,53.441585540771484,-28.937679290771484,-99.60693359375,-6.715546607971191,82.4861068725586,0.27406857346681496
7,16,-9.022340774536133,54.787288665771484,-26.78618812561035,-100.5365219116211,-6.954251289367676,81.36046600341797,0.2720173854121755
7,17,-9.271208763122559,53.46837615966797,-26.343101501464844,-101.89195251464844,-7.026775360107422,80.96005249023438,0.26981054311571606
7,18,-9.566744804382324,53.619388580322266,-24.56707763671875,-102.74268341064453,-6.94410514831543,80.3831787109375,0.266686362058593
7,19,-9.189833641052246,53.13701248168945,-22.96302032470703,-104.34820556640625,-6.942598342895508,80.00218200683594,0.26275690885619235
7,20,-8.98762321472168,51.289974212646484,-23.418785095214844,-104.35071563720703,-6.792548179626465,80.46430969238281,0.26136551994653967
7,21,-8.787346839904785,49.17844009399414,-24.458383560180664,-103.79563903808594,-6.580399513244629,79.32600402832031,0.2608987180612586
7,22,-8.747061729431152,49.79218673706055,-22.312541961669922,-104.031494140625,-6.594605445861816,79.13018798828125,0.25731569010479216
7,23,-9.028154373168945,48.762245178222656,-22.740646362304688,-103.93731689453125,-6.492422103881836,78.48928833007812,0.2568837113169234
7,24,-9.510820388793945,49.29035949707031,-22.76486587524414,-104.0644760131836,-6.556336402893066,76.91734313964844,0.25757978499629197
7,25,-9.347002029418945,48.94412612915039,-23.296825408935547,-104.35246276855469,-6.545244216918945,77.674560546875,0.2581325537406247
7,26,-9.667804718017578,48.00400161743164,-22.793563842773438,-105.3817138671875,-6.309597969055176,77.27743530273438,0.25553614523343227
7,27,-10.68320369720459,48.249183654785156,-23.12107276916504,-105.54633331298828,-6.464461326599121,77.18768310546875,0.2564912872078209
7,28,-10.40579605102539,47.75487518310547,-22.910568237304688,-106.89054870605469,-6.172656059265137,77.61534118652344,0.2548863809531741
7,29,-10.603508949279785,47.228355407714844,-24.42279052734375,-107.19462585449219,-6.256741523742676,77.1917724609375,0.257280962820561
7,30,-10.541645050048828,47.125831604003906,-24.342609405517578,-107.62288665771484,-6.138071060180664,77.29386901855469,0.25680982643026373
7,31,-11.088948249816895,46.30991744995117,-24.806781768798828,-107.44654083251953,-6.208904266357422,77.68251037597656,0.25675797379672194
7,32,-11.046573638916016,45.498634338378906,-24.65683937072754,-108.03720092773438,-6.131087303161621,79.31404113769531,0.2550880907659913
7,33,-11.271566390991211,44.52751159667969,-25.386110305786133,-108.34114074707031,-6.079239845275879,78.26931762695312,0.2551906813952366
7,34,-11.584424018859863,44.16129684448242,-24.937755584716797,-108.33172607421875,-6.180593490600586,78.90232849121094,0.2537080407069644
7,35,-11.464773178100586,42.5660400390625,-25.261432647705078,-109.11136627197266,-6.338911056518555,78.0511474609375,0.25179942225615454
7,36,-11.536111831665039,41.655967712402344,-25.60235023498535,-109.63115692138672,-6.434220314025879,77.27706909179688,0.25099276449513824
7,37,-11.3183012008667,41.22894287109375,-26.699426651000977,-109.03182220458984,-6.296806335449219,77.78660583496094,0.25309319660809
7,38,-11.407425880432129,41.37205505371094,-25.962966918945312,-109.10868835449219,-6.473213195800781,77.82342529296875,0.25163954388264514
7,39,-11.583629608154297,40.47747039794922,-27.013286590576172,-108.11434936523438,-6.110084533691406,77.11156463623047,0.2531001060702737
7,40,-11.713717460632324,40.14447784423828,-26.835294723510742,-108.29862976074219,-5.975530624389648,76.42723846435547,0.2521542953242388
7,41,-12.052886962890625,40.89768981933594,-26.588695526123047,-108.19367980957031,-6.118083953857422,74.04686737060547,0.2527432060677342
7,42,-12.672511100769043,41.252559661865234,-25.724905014038086,-108.65275573730469,-6.271181106567383,60.72067642211914,0.25115123734067996
7,43,-12.747591018676758,40.11181640625,-26.82416534423828,-108.60185241699219,-5.8904194831848145,57.90497589111328,0.2519470350840603
7,44,-13.304365158081055,40.2379035949707,-26.59040641784668,-108.48486328125,-5.926299095153809,58.433319091796875,0.2516685456462729
7,45,-14.59974193572998,41.975311279296875,-27.559593200683594,-107.47950744628906,-5.808493614196777,65.11695861816406,0.2566223911490919
7,46,-16.930116653442383,43.21842956542969,-29.62980842590332,-106.4263916015625,-4.816498756408691,70.93799591064453,0.2628629937906174
7,47,-18.370332717895508,42.36791229248047,-31.53403663635254,-105.29059600830078,-4.475576400756836,65.90641784667969,0.2656944561963572
7,48,-17.873218536376953,41.70706558227539,-31.480031967163086,-106.17417907714844,-4.753457069396973,65.2266616821289,0.2645831485720771
7,49,-9.029135704040527,32.642333984375,-21.78968048095703,-86.61698150634766,-6.224292755126953,49.32257080078125,0.23711483075268436
8,0,-14.780296325683594,83.52658081054688,-1.3574562072753906,-90.21454620361328,-6.9906206130981445,64.31275939941406,0.25588682687209907
8,1,-14.52565860748291,81.36164093017578,0.26682090759277344,-92.13095092773438,-7.365939140319824,65.78433227539062,0.2510298589444565
8,2,-14.057212829589844,77.3587417602539,-1.7386054992675781,-93.48841857910156,-7.385705947875977,67.87593078613281,0.25073780922879246
8,3,-14.637883186340332,74.86744689941406,-4.676883697509766,-93.02165985107422,-7.655393600463867,72.49124908447266,0.25378908670586564
8,4,-14.698725700378418,72.02787017822266,-8.628541946411133,-92.5169906616211,-7.544255256652832,72.0433349609375,0.25808223479043346
8,5,-14.586420059204102,67.02494812011719,-13.479071617126465,-92.70738983154297,-7.418816566467285,73.90426635742188,0.2615383639615559
8,6,-13.205909729003906,63.56886672973633,-21.964435577392578,-92.16801452636719,-6.563702583312988,79.26675415039062,0.2714501934372585
8,7,-12.837577819824219,63.20411682128906,-24.417869567871094,-92.58012390136719,-6.974636077880859,85.3110580444336,0.27473201457075547
8,8,-11.72547435760498,61.606346130371094,-25.469205856323242,-94.34471130371094,-7.03208065032959,85.01469421386719,0.2754492748772488
8,9,-10.605456352233887,61.07191848754883,-25.41779899597168,-95.20413208007812,-6.973566055297852,84.10623931884766,0.27516452823055687
8,10,-10.107404708862305,59.50784683227539,-27.50844955444336,-96.08771514892578,-6.86541748046875,83.54340362548828,0.2770509796054995
8,11,-9.962357521057129,58.241764068603516,-28.52235984802246,-97.08023834228516,-6.807568550109863,83.38211059570312,0.2776550806061169
8,12,-9.817127227783203,56.712650299072266,-29.362098693847656,-97.69730377197266,-6.681617736816406,83.16571044921875,0.27762248879858653
8,13,-9.068390846252441,55.11827850341797,-29.351099014282227,-97.78477478027344,-6.602212905883789,82.63204956054688,0.27608037660770013
8,14,-8.73330307006836,54.135128021240234,-29.41964340209961,-98.93273162841797,-6.652705192565918,82.09103393554688,0.275446060117268
8,15,-8.921879768371582,53.441585540771484,-28.937679290771484,-99.60693359375,-6.715546607971191,82.4861068725586,0.27406857346681496
8,16,-9.022340774536133,54.787288665771484,-26.78618812561035,-100.5365219116211,-6.954251289367676,81.36046600341797,0.2720173854121755
8,17,-9.271208763122559,53.46837615966797,-26.343101501464844,-101.89195251464844,-7.026775360107422,80.96005249023438,0.26981054311571606
8,18,-9.566744804382324,53.619388580322266,-24.56707763671875,-102.74268341064453,-6.94410514831543,80.3831787109375,0.266686362058593
8,19,-9.189833641052246,53.13701248168945,-22.96302032470703,-104.34820556640625,-6.942598342895508,80.00218200683594,0.26275690885619235
8,20,-8.98762321472168,51.289974212646484,-23.418785095214844,-104.35071563720703,-6.792548179626465,80.46430969238281,0.26136551994653967
8,21,-8.787346839904785,49.17844009399414,-24.458383560180664,-103.79563903808594,-6.580399513244629,79.32600402832031,0.2608987180612586
8,22,-8.747061729431152,49.79218673706055,-22.312541961669922,-104.031494140625,-6.594605445861816,79.13018798828125,0.25731569010479216
8,23,-9.028154373168945,48.762245178222656,-22.740646362304688,-103.93731689453125,-6.492422103881836,78.48928833007812,0.2568837113169234
8,24,-9.510820388793945,49.29035949707031,-22.76486587524414,-104.0644760131836,-6.556336402893066,76.91734313964844,0.25757978499629197
8,25,-9.347002029418945,48.94412612915039,-23.296825408935547,-104.35246276855469,-6.545244216918945,77.674560546875,0.2581325537406247
8,26,-9.667804718017578,48.00400161743164,-22.793563842773438,-105.3817138671875,-6.309597969055176,77.27743530273438,0.25553614523343227
8,27,-10.68320369720459,48.249183654785156,-23.12107276916504,-105.54633331298828,-6.464461326599121,77.18768310546875,0.2564912872078209
8,28,-10.40579605102539,47.75487518310547,-22.910568237304688,-106.89054870605469,-6.172656059265137,77.61534118652344,0.2548863809531741
8,29,-10.603508949279785,47.228355407714844,-24.42279052734375,-107.19462585449219,-6.256741523742676,77.1917724609375,0.257280962820561
8,30,-10.541645050048828,47.125831604003906,-24.342609405517578,-107.62288665771484,-6.138071060180664,77.29386901855469,0.25680982643026373
8,31,-11.088948249816895,46.30991744995117,-24.806781768798828,-107.44654083251953,-6.208904266357422,77.68251037597656,0.25675797379672194
8,32,-11.046573638916016,45.498634338378906,-24.65683937072754,-108.03720092773438,-6.131087303161621,79.31404113769531,0.2550880907659913
8,33,-11.271566390991211,44.52751159667969,-25.386110305786133,-108.34114074707031,-6.079239845275879,78.26931762695312,0.2551906813952366
8,34,-11.584424018859863,44.16129684448242,-24.937755584716797,-108.33172607421875,-6.180593490600586,78.90232849121094,0.2537080407069644
8,35,-11.464773178100586,42.5660400390625,-25.261432647705078,-109.11136627197266,-6.338911056518555,78.0511474609375,0.25179942225615454
8,36,-11.536111831665039,41.655967712402344,-25.60235023498535,-109.63115692138672,-6.434220314025879,77.27706909179688,0.25099276449513824
8,37,-11.3183012008667,41.22894287109375,-26.699426651000977,-109.03182220458984,-6.296806335449219,77.78660583496094,0.25309319660809
8,38,-11.407425880432129,41.37205505371094,-25.962966918945312,-109.10868835449219,-6.473213195800781,77.82342529296875,0.25163954388264514
8,39,-11.583629608154297,40.47747039794922,-27.013286590576172,-108.11434936523438,-6.110084533691406,77.11156463623047,0.2531001060702737
8,40,-11.713717460632324,40.14447784423828,-26.835294723510742,-108.29862976074219,-5.975530624389648,76.42723846435547,0.2521542953242388
8,41,-12.052886962890625,40.89768981933594,-26.588695526123047,-108.19367980957031,-6.118083953857422,74.04686737060547,0.2527432060677342
8,42,-12.672511100769043,41.252559661865234,-25.724905014038086,-108.65275573730469,-6.271181106567383,60.72067642211914,0.25115123734067996
8,43,-12.747591018676758,40.11181640625,-26.82416534423828,-108.60185241699219,-5.8904194831848145,57.90497589111328,0.2519470350840603
8,44,-13.304365158081055,40.2379035949707,-26.59040641784668,-108.48486328125,-5.926299095153809,58.433319091796875,0.2516685456462729
8,45,-14.59974193572998,41.975311279296875,-27.559593200683594,-107.47950744628906,-5.808493614196777,65.11695861816406,0.2566223911490919
8,46,-16.930116653442383,43.21842956542969,-29.62980842590332,-106.4263916015625,-4.816498756408691,70.93799591064453,0.2628629937906174
8,47,-18.370332717895508,42.36791229248047,-31.53403663635254,-105.29059600830078,-4.475576400756836,65.90641784667969,0.2656944561963572
8,48,-17.873218536376953,41.70706558227539,-31.480031967163086,-106.17417907714844,-4.753457069396973,65.2266616821289,0.2645831485720771
8,49,-9.029135704040527,32.642333984375,-21.78968048095703,-86.61698150634766,-6.224292755126953,49.32257080078125,0.23711483075268436
9,0,-14.780296325683594,83.52658081054688,-1.3574562072753906,-90.21454620361328,-6.9906206130981445,64.31275939941406,0.25588682687209907
9,1,-14.52565860748291,81.36164093017578,0.26682090759277344,-92.13095092773438,-7.365939140319824,65.78433227539062,0.2510298589444565
9,2,-14.057212829589844,77.3587417602539,-1.7386054992675781,-93.48841857910156,-7.385705947875977,67.87593078613281,0.25073780922879246
9,3,-14.637883186340332,74.86744689941406,-4.676883697509766,-93.02165985107422,-7.655393600463867,72.49124908447266,0.25378908670586564
9,4,-14.698725700378418,72.02787017822266,-8.628541946411133,-92.5169906616211,-7.544255256652832,72.0433349609375,0.25808223479043346
9,5,-14.586420059204102,67.02494812011719,-13.479071617126465,-92.70738983154297,-7.418816566467285,73.90426635742188,0.2615383639615559
9,6,-13.205909729003906,63.56886672973633,-21.964435577392578,-92.16801452636719,-6.563702583312988,79.26675415039062,0.2714501934372585
9,7,-12.837577819824219,63.20411682128906,-24.417869567871094,-92.58012390136719,-6.974636077880859,85.3110580444336,0.27473201457075547
9,8,-11.72547435760498,61.606346130371094,-25.469205856323242,-94.34471130371094,-7.03208065032959,85.01469421386719,0.2754492748772488
9,9,-10.605456352233887,61.07191848754883,-25.41779899597168,-95.20413208007812,-6.973566055297852,84.10623931884766,0.27516452823055687
9,10,-10.107404708862305,59.50784683227539,-27.50844955444336,-96.08771514892578,-6.86541748046875,83.54340362548828,0.2770509796054995
9,11,-9.962357521057129,58.241764068603516,-28.52235984802246,-97.08023834228516,-6.807568550109863,83.38211059570312,0.2776550806061169
9,12,-9.817127227783203,56.712650299072266,-29.362098693847656,-97.69730377197266,-6.681617736816406,83.16571044921875,0.27762248879858653
9,13,-9.068390846252441,55.11827850341797,-29.351099014282227,-97.78477478027344,-6.602212905883789,82.63204956054688,0.27608037660770013
9,14,-8.73330307006836,54.135128021240234,-29.41964340209961,-98.93273162841797,-6.652705192565918,82.09103393554688,0.275446060117268
9,15,-8.921879768371582,53.441585540771484,-28.937679290771484,-99.60693359375,-6.715546607971191,82.4861068725586,0.27406857346681496
9,16,-9.022340774536133,54.787288665771484,-26.78618812561035,-100.5365219116211,-6.954251289367676,81.36046600341797,0.2720173854121755
9,17,-9.271208763122559,53.46837615966797,-26.343101501464844,-101.89195251464844,-7.026775360107422,80.96005249023438,0.26981054311571606
9,18,-9.566744804382324,53.619388580322266,-24.56707763671875,-102.74268341064453,-6.94410514831543,80.3831787109375,0.266686362058593
9,19,-9.189833641052246,53.13701248168945,-22.96302032470703,-104.34820556640625,-6.942598342895508,80.00218200683594,0.26275690885619235
9,20,-8.98762321472168,51.289974212646484,-23.418785095214844,-104.35071563720703,-6.792548179626465,80.46430969238281,0.26136551994653967
9,21,-8.787346839904785,49.17844009399414,-24.458383560180664,-103.79563903808594,-6.580399513244629,79.32600402832031,0.2608987180612586
9,22,-8.747061729431152,49.79218673706055,-22.312541961669922,-104.031494140625,-6.594605445861816,79.13018798828125,0.25731569010479216
9,23,-9.028154373168945,48.762245178222656,-22.740646362304688,-103.93731689453125,-6.492422103881836,78.48928833007812,0.2568837113169234
9,24,-9.510820388793945,49.29035949707031,-22.76486587524414,-104.0644760131836,-6.556336402893066,76.91734313964844,0.25757978499629197
9,25,-9.347002029418945,48.94412612915039,-23.296825408935547,-104.35246276855469,-6.545244216918945,77.674560546875,0.2581325537406247
9,26,-9.667804718017578,48.00400161743164,-22.793563842773438,-105.3817138671875,-6.309597969055176,77.27743530273438,0.25553614523343227
9,27,-10.68320369720459,48.249183654785156,-23.12107276916504,-105.54633331298828,-6.464461326599121,77.18768310546875,0.2564912872078209
9,28,-10.40579605102539,47.75487518310547,-22.910568237304688,-106.89054870605469,-6.172656059265137,77.61534118652344,0.2548863809531741
9,29,-10.603508949279785,47.228355407714844,-24.42279052734375,-107.19462585449219,-6.256741523742676,77.1917724609375,0.257280962820561
9,30,-10.541645050048828,47.125831604003906,-24.342609405517578,-107.62288665771484,-6.138071060180664,77.29386901855469,0.25680982643026373
9,31,-11.088948249816895,46.30991744995117,-24.806781768798828,-107.44654083251953,-6.208904266357422,77.68251037597656,0.25675797379672194
9,32,-11.046573638916016,45.498634338378906,-24.65683937072754,-108.03720092773438,-6.131087303161621,79.31404113769531,0.2550880907659913
9,33,-11.271566390991211,44.52751159667969,-25.386110305786133,-108.34114074707031,-6.079239845275879,78.26931762695312,0.2551906813952366
9,34,-11.584424018859863,44.16129684448242,-24.937755584716797,-108.33172607421875,-6.180593490600586,78.90232849121094,0.2537080407069644
9,35,-11.464773178100586,42.5660400390625,-25.261432647705078,-109.11136627197266,-6.338911056518555,78.0511474609375,0.25179942225615454
9,36,-11.536111831665039,41.655967712402344,-25.60235023498535,-109.63115692138672,-6.434220314025879,77.27706909179688,0.25099276449513824
9,37,-11.3183012008667,41.22894287109375,-26.699426651000977,-109.03182220458984,-6.296806335449219,77.78660583496094,0.25309319660809
9,38,-11.407425880432129,41.37205505371094,-25.962966918945312,-109.10868835449219,-6.473213195800781,77.82342529296875,0.25163954388264514
9,39,-11.583629608154297,40.47747039794922,-27.013286590576172,-108.11434936523438,-6.110084533691406,77.11156463623047,0.2531001060702737
9,40,-11.713717460632324,40.14447784423828,-26.835294723510742,-108.29862976074219,-5.975530624389648,76.42723846435547,0.2521542953242388
9,41,-12.052886962890625,40.89768981933594,-26.588695526123047,-108.19367980957031,-6.118083953857422,74.04686737060547,0.2527432060677342
9,42,-12.672511100769043,41.252559661865234,-25.724905014038086,-108.65275573730469,-6.271181106567383,60.72067642211914,0.25115123734067996
9,43,-12.747591018676758,40.11181640625,-26.82416534423828,-108.60185241699219,-5.8904194831848145,57.90497589111328,0.2519470350840603
9,44,-13.304365158081055,40.2379035949707,-26.59040641784668,-108.48486328125,-5.926299095153809,58.433319091796875,0.2516685456462729
9,45,-14.59974193572998,41.975311279296875,-27.559593200683594,-107.47950744628906,-5.808493614196777,65.11695861816406,0.2566223911490919
9,46,-16.930116653442383,43.21842956542969,-29.62980842590332,-106.4263916015625,-4.816498756408691,70.93799591064453,0.2628629937906174
9,47,-18.370332717895508,42.36791229248047,-31.53403663635254,-105.29059600830078,-4.475576400756836,65.90641784667969,0.2656944561963572
9,48,-17.873218536376953,41.70706558227539,-31.480031967163086,-106.17417907714844,-4.753457069396973,65.2266616821289,0.2645831485720771
9,49,-9.029135704040527,32.642333984375,-21.78968048095703,-86.61698150634766,-6.224292755126953,49.32257080078125,0.23711483075268436
10,0,-14.780296325683594,83.52658081054688,-1.3574562072753906,-90.21454620361328,-6.9906206130981445,64.31275939941406,0.25588682687209907
10,1,-14.52565860748291,81.36164093017578,0.26682090759277344,-92.13095092773438,-7.365939140319824,65.78433227539062,0.2510298589444565
10,2,-14.057212829589844,77.3587417602539,-1.7386054992675781,-93.48841857910156,-7.385705947875977,67.87593078613281,0.25073780922879246
10,3,-14.637883186340332,74.86744689941406,-4.676883697509766,-93.02165985107422,-7.655393600463867,72.49124908447266,0.25378908670586564
10,4,-14.698725700378418,72.02787017822266,-8.628541946411133,-92.5169906616211,-7.544255256652832,72.0433349609375,0.25808223479043346
10,5,-14.586420059204102,67.02494812011719,-13.479071617126465,-92.70738983154297,-7.418816566467285,73.90426635742188,0.2615383639615559
10,6,-13.205909729003906,63.56886672973633,-21.964435577392578,-92.16801452636719,-6.563702583312988,79.26675415039062,0.2714501934372585
10,7,-12.837577819824219,63.20411682128906,-24.417869567871094,-92.58012390136719,-6.974636077880859,85.3110580444336,0.27473201457075547
10,8,-11.72547435760498,61.606346130371094,-25.469205856323242,-94.34471130371094,-7.03208065032959,85.01469421386719,0.2754492748772488
10,9,-10.605456352233887,61.07191848754883,-25.41779899597168,-95.20413208007812,-6.973566055297852,84.10623931884766,0.27516452823055687
10,10,-10.107404708862305,59.50784683227539,-27.50844955444336,-96.08771514892578,-6.86541748046875,83.54340362548828,0.2770509796054995
10,11,-9.962357521057129,58.241764068603516,-28.52235984802246,-97.08023834228516,-6.807568550109863,83.38211059570312,0.2776550806061169
10,12,-9.817127227783203,56.712650299072266,-29.362098693847656,-97.69730377197266,-6.681617736816406,83.16571044921875,0.27762248879858653
10,13,-9.068390846252441,55.11827850341797,-29.351099014282227,-97.78477478027344,-6.602212905883789,82.63204956054688,0.27608037660770013
10,14,-8.73330307006836,54.135128021240234,-29.41964340209961,-98.93273162841797,-6.652705192565918,82.09103393554688,0.275446060117268
10,15,-8.921879768371582,53.441585540771484,-28.937679290771484,-99.60693359375,-6.715546607971191,82.4861068725586,0.27406857346681496
10,16,-9.022340774536133,54.787288665771484,-26.78618812561035,-100.5365219116211,-6.954251289367676,81.36046600341797,0.2720173854121755
10,17,-9.271208763122559,53.46837615966797,-26.343101501464844,-101.89195251464844,-7.026775360107422,80.96005249023438,0.26981054311571606
10,18,-9.566744804382324,53.619388580322266,-24.56707763671875,-102.74268341064453,-6.94410514831543,80.3831787109375,0.266686362058593
10,19,-9.189833641052246,53.13701248168945,-22.96302032470703,-104.34820556640625,-6.942598342895508,80.00218200683594,0.26275690885619235
10,20,-8.98762321472168,51.289974212646484,-23.418785095214844,-104.35071563720703,-6.792548179626465,80.46430969238281,0.26136551994653967
10,21,-8.787346839904785,49.17844009399414,-24.458383560180664,-103.79563903808594,-6.580399513244629,79.32600402832031,0.2608987180612586
10,22,-8.747061729431152,49.79218673706055,-22.312541961669922,-104.031494140625,-6.594605445861816,79.13018798828125,0.25731569010479216
10,23,-9.028154373168945,48.762245178222656,-22.740646362304688,-103.93731689453125,-6.492422103881836,78.48928833007812,0.2568837113169234
10,24,-9.510820388793945,49.29035949707031,-22.76486587524414,-104.0644760131836,-6.556336402893066,76.91734313964844,0.25757978499629197
10,25,-9.347002029418945,48.94412612915039,-23.296825408935547,-104.35246276855469,-6.545244216918945,77.674560546875,0.2581325537406247
10,26,-9.667804718017578,48.00400161743164,-22.793563842773438,-105.3817138671875,-6.309597969055176,77.27743530273438,0.25553614523343227
10,27,-10.68320369720459,48.249183654785156,-23.12107276916504,-105.54633331298828,-6.464461326599121,77.18768310546875,0.2564912872078209
10,28,-10.40579605102539,47.75487518310547,-22.910568237304688,-106.89054870605469,-6.172656059265137,77.61534118652344,0.2548863809531741
10,29,-10.603508949279785,47.228355407714844,-24.42279052734375,-107.19462585449219,-6.256741523742676,77.1917724609375,0.257280962820561
10,30,-10.541645050048828,47.125831604003906,-24.342609405517578,-107.62288665771484,-6.138071060180664,77.29386901855469,0.25680982643026373
10,31,-11.088948249816895,46.30991744995117,-24.806781768798828,-107.44654083251953,-6.208904266357422,77.68251037597656,0.25675797379672194
10,32,-11.046573638916016,45.498634338378906,-24.65683937072754,-108.03720092773438,-6.131087303161621,79.31404113769531,0.2550880907659913
10,33,-11.271566390991211,44.52751159667969,-25.386110305786133,-108.34114074707031,-6.079239845275879,78.26931762695312,0.2551906813952366
10,34,-11.584424018859863,44.16129684448242,-24.937755584716797,-108.33172607421875,-6.180593490600586,78.90232849121094,0.2537080407069644
10,35,-11.464773178100586,42.5660400390625,-25.261432647705078,-109.11136627197266,-6.338911056518555,78.0511474609375,0.25179942225615454
10,36,-11.536111831665039,41.655967712402344,-25.60235023498535,-109.63115692138672,-6.434220314025879,77.27706909179688,0.25099276449513824
10,37,-11.3183012008667,41.22894287109375,-26.699426651000977,-109.03182220458984,-6.296806335449219,77.78660583496094,0.25309319660809
10,38,-11.407425880432129,41.37205505371094,-25.962966918945312,-109.10868835449219,-6.473213195800781,77.82342529296875,0.25163954388264514
10,39,-11.583629608154297,40.47747039794922,-27.013286590576172,-108.11434936523438,-6.110084533691406,77.11156463623047,0.2531001060702737
10,40,-11.713717460632324,40.14447784423828,-26.835294723510742,-108.29862976074219,-5.975530624389648,76.42723846435547,0.2521542953242388
10,41,-12.052886962890625,40.89768981933594,-26.588695526123047,-108.19367980957031,-6.118083953857422,74.04686737060547,0.2527432060677342
10,42,-12.672511100769043,41.252559661865234,-25.724905014038086,-108.65275573730469,-6.271181106567383,60.72067642211914,0.25115123734067996
10,43,-12.747591018676758,40.11181640625,-26.82416534423828,-108.60185241699219,-5.8904194831848145,57.90497589111328,0.2519470350840603
10,44,-13.304365158081055,40.2379035949707,-26.59040641784668,-108.48486328125,-5.926299095153809,58.433319091796875,0.2516685456462729
10,45,-14.59974193572998,41.975311279296875,-27.559593200683594,-107.47950744628906,-5.808493614196777,65.11695861816406,0.2566223911490919
10,46,-16.930116653442383,43.21842956542969,-29.62980842590332,-106.4263916015625,-4.816498756408691,70.93799591064453,0.2628629937906174
10,47,-18.370332717895508,42.36791229248047,-31.53403663635254,-105.29059600830078,-4.475576400756836,65.90641784667969,0.2656944561963572
10,48,-17.873218536376953,41.70706558227539,-31.480031967163086,-106.17417907714844,-4.753457069396973,65.2266616821289,0.2645831485720771
10,49,-9.029135704040527,32.642333984375,-21.78968048095703,-86.61698150634766,-6.224292755126953,49.32257080078125,0.23711483075268436
11,0,-14.780296325683594,83.52658081054688,-1.3574562072753906,-90.21454620361328,-6.9906206130981445,64.31275939941406,0.25588682687209907
11,1,-14.52565860748291,81.36164093017578,0.26682090759277344,-92.13095092773438,-7.365939140319824,65.78433227539062,0.2510298589444565
11,2,-14.057212829589844,77.3587417602539,-1.7386054992675781,-93.48841857910156,-7.385705947875977,67.87593078613281,0.25073780922879246
11,3,-14.637883186340332,74.86744689941406,-4.676883697509766,-93.02165985107422,-7.655393600463867,72.49124908447266,0.25378908670586564
11,4,-14.698725700378418,72.02787017822266,-8.628541946411133,-92.5169906616211,-7.544255256652832,72.0433349609375,0.25808223479043346
11,5,-14.586420059204102,67.02494812011719,-13.479071617126465,-92.70738983154297,-7.418816566467285,73.90426635742188,0.2615383639615559
11,6,-13.205909729003906,63.56886672973633,-21.964435577392578,-92.16801452636719,-6.563702583312988,79.26675415039062,0.2714501934372585
11,7,-12.837577819824219,63.20411682128906,-24.417869567871094,-92.58012390136719,-6.974636077880859,85.3110580444336,0.27473201457075547
11,8,-11.72547435760498,61.606346130371094,-25.469205856323242,-94.34471130371094,-7.03208065032959,85.01469421386719,0.2754492748772488
11,9,-10.605456352233887,61.07191848754883,-25.41779899597168,-95.20413208007812,-6.973566055297852,84.10623931884766,0.27516452823055687
11,10,-10.107404708862305,59.50784683227539,-27.50844955444336,-96.08771514892578,-6.86541748046875,83.54340362548828,0.2770509796054995
11,11,-9.962357521057129,58.241764068603516,-28.52235984802246,-97.08023834228516,-6.807568550109863,83.38211059570312,0.2776550806061169
11,12,-9.817127227783203,56.712650299072266,-29.362098693847656,-97.69730377197266,-6.681617736816406,83.16571044921875,0.27762248879858653
11,13,-9.068390846252441,55.11827850341797,-29.351099014282227,-97.78477478027344,-6.602212905883789,82.63204956054688,0.27608037660770013
11,14,-8.73330307006836,54.135128021240234,-29.41964340209961,-98.93273162841797,-6.652705192565918,82.09103393554688,0.275446060117268
11,15,-8.921879768371582,53.441585540771484,-28.937679290771484,-99.60693359375,-6.715546607971191,82.4861068725586,0.27406857346681496
11,16,-9.022340774536133,54.787288665771484,-26.78618812561035,-100.5365219116211,-6.954251289367676,81.36046600341797,0.2720173854121755
11,17,-9.271208763122559,53.46837615966797,-26.343101501464844,-101.89195251464844,-7.026775360107422,80.96005249023438,0.26981054311571606
11,18,-9.566744804382324,53.619388580322266,-24.56707763671875,-102.74268341064453,-6.94410514831543,80.3831787109375,0.266686362058593
11,19,-9.189833641052246,53.13701248168945,-22.96302032470703,-104.34820556640625,-6.942598342895508,80.00218200683594,0.26275690885619235
11,20,-8.98762321472168,51.289974212646484,-23.418785095214844,-104.35071563720703,-6.792548179626465,80.46430969238281,0.26136551994653967
11,21,-8.787346839904785,49.17844009399414,-24.458383560180664,-103.79563903808594,-6.580399513244629,79.32600402832031,0.2608987180612586
11,22,-8.747061729431152,49.79218673706055,-22.312541961669922,-104.031494140625,-6.594605445861816,79.13018798828125,0.25731569010479216
11,23,-9.028154373168945,48.762245178222656,-22.740646362304688,-103.93731689453125,-6.492422103881836,78.48928833007812,0.2568837113169234
11,24,-9.510820388793945,49.29035949707031,-22.76486587524414,-104.0644760131836,-6.556336402893066,76.91734313964844,0.25757978499629197
11,25,-9.347002029418945,48.94412612915039,-23.296825408935547,-104.35246276855469,-6.545244216918945,77.674560546875,0.2581325537406247
11,26,-9.667804718017578,48.00400161743164,-22.793563842773438,-105.3817138671875,-6.309597969055176,77.27743530273438,0.25553614523343227
11,27,-10.68320369720459,48.249183654785156,-23.12107276916504,-105.54633331298828,-6.464461326599121,77.18768310546875,0.2564912872078209
11,28,-10.40579605102539,47.75487518310547,-22.910568237304688,-106.89054870605469,-6.172656059265137,77.61534118652344,0.2548863809531741
11,29,-10.603508949279785,47.228355407714844,-24.42279052734375,-107.19462585449219,-6.256741523742676,77.1917724609375,0.257280962820561
11,30,-10.541645050048828,47.125831604003906,-24.342609405517578,-107.62288665771484,-6.138071060180664,77.29386901855469,0.25680982643026373
11,31,-11.088948249816895,46.30991744995117,-24.806781768798828,-107.44654083251953,-6.208904266357422,77.68251037597656,0.25675797379672194
11,32,-11.046573638916016,45.498634338378906,-24.65683937072754,-108.03720092773438,-6.131087303161621,79.31404113769531,0.2550880907659913
11,33,-11.271566390991211,44.52751159667969,-25.386110305786133,-108.34114074707031,-6.079239845275879,78.26931762695312,0.2551906813952366
11,34,-11.584424018859863,44.16129684448242,-24.937755584716797,-108.33172607421875,-6.180593490600586,78.90232849121094,0.2537080407069644
11,35,-11.464773178100586,42.5660400390625,-25.261432647705078,-109.11136627197266,-6.338911056518555,78.0511474609375,0.25179942225615454
11,36,-11.536111831665039,41.655967712402344,-25.60235023498535,-109.63115692138672,-6.434220314025879,77.27706909179688,0.25099276449513824
11,37,-11.3183012008667,41.22894287109375,-26.699426651000977,-109.03182220458984,-6.296806335449219,77.78660583496094,0.25309319660809
11,38,-11.407425880432129,41.37205505371094,-25.962966918945312,-109.10868835449219,-6.473213195800781,77.82342529296875,0.25163954388264514
11,39,-11.583629608154297,40.47747039794922,-27.013286590576172,-108.11434936523438,-6.110084533691406,77.11156463623047,0.2531001060702737
11,40,-11.713717460632324,40.14447784423828,-26.835294723510742,-108.29862976074219,-5.975530624389648,76.42723846435547,0.2521542953242388
11,41,-12.052886962890625,40.89768981933594,-26.588695526123047,-108.19367980957031,-6.118083953857422,74.04686737060547,0.2527432060677342
11,42,-12.672511100769043,41.252559661865234,-25.724905014038086,-108.65275573730469,-6.271181106567383,60.72067642211914,0.25115123734067996
11,43,-12.747591018676758,40.11181640625,-26.82416534423828,-108.60185241699219,-5.8904194831848145,57.90497589111328,0.2519470350840603
11,44,-13.304365158081055,40.2379035949707,-26.59040641784668,-108.48486328125,-5.926299095153809,58.433319091796875,0.2516685456462729
11,45,-14.59974193572998,41.975311279296875,-27.559593200683594,-107.47950744628906,-5.808493614196777,65.11695861816406,0.2566223911490919
11,46,-16.930116653442383,43.21842956542969,-29.62980842590332,-106.4263916015625,-4.816498756408691,70.93799591064453,0.2628629937906174
11,47,-18.370332717895508,42.36791229248047,-31.53403663635254,-105.29059600830078,-4.475576400756836,65.90641784667969,0.2656944561963572
11,48,-17.873218536376953,41.70706558227539,-31.480031967163086,-106.17417907714844,-4.753457069396973,65.2266616821289,0.2645831485720771
11,49,-9.029135704040527,32.642333984375,-21.78968048095703,-86.61698150634766,-6.224292755126953,49.32257080078125,0.23711483075268436
12,0,-14.780296325683594,83.52658081054688,-1.3574562072753906,-90.21454620361328,-6.9906206130981445,64.31275939941406,0.25588682687209907
12,1,-14.52565860748291,81.36164093017578,0.26682090759277344,-92.13095092773438,-7.365939140319824,65.78433227539062,0.2510298589444565
12,2,-14.057212829589844,77.3587417602539,-1.7386054992675781,-93.48841857910156,-7.385705947875977,67.87593078613281,0.25073780922879246
12,3,-14.637883186340332,74.86744689941406,-4.676883697509766,-93.02165985107422,-7.655393600463867,72.49124908447266,0.25378908670586564
12,4,-14.698725700378418,72.02787017822266,-8.628541946411133,-92.5169906616211,-7.544255256652832,72.0433349609375,0.25808223479043346
12,5,-14.586420059204102,67.02494812011719,-13.479071617126465,-92.70738983154297,-7.418816566467285,73.90426635742188,0.2615383639615559
12,6,-13.205909729003906,63.56886672973633,-21.964435577392578,-92.16801452636719,-6.563702583312988,79.26675415039062,0.2714501934372585
12,7,-12.837577819824219,63.20411682128906,-24.417869567871094,-92.58012390136719,-6.974636077880859,85.3110580444336,0.27473201457075547
12,8,-11.72547435760498,61.606346130371094,-25.469205856323242,-94.34471130371094,-7.03208065032959,85.01469421386719,0.2754492748772488
12,9,-10.605456352233887,61.07191848754883,-25.41779899597168,-95.20413208007812,-6.973566055297852,84.10623931884766,0.27516452823055687
12,10,-10.107404708862305,59.50784683227539,-27.50844955444336,-96.08771514892578,-6.86541748046875,83.54340362548828,0.2770509796054995
12,11,-9.962357521057129,58.241764068603516,-28.52235984802246,-97.08023834228516,-6.807568550109863,83.38211059570312,0.2776550806061169
12,12,-9.817127227783203,56.712650299072266,-29.362098693847656,-97.69730377197266,-6.681617736816406,83.16571044921875,0.27762248879858653
12,13,-9.068390846252441,55.11827850341797,-29.351099014282227,-97.78477478027344,-6.602212905883789,82.63204956054688,0.27608037660770013
12,14,-8.73330307006836,54.135128021240234,-29.41964340209961,-98.93273162841797,-6.652705192565918,82.09103393554688,0.275446060117268
12,15,-8.921879768371582,53.441585540771484,-28.937679290771484,-99.60693359375,-6.715546607971191,82.4861068725586,0.27406857346681496
12,16,-9.022340774536133,54.787288665771484,-26.78618812561035,-100.5365219116211,-6.954251289367676,81.36046600341797,0.2720173854121755
12,17,-9.271208763122559,53.46837615966797,-26.343101501464844,-101.89195251464844,-7.026775360107422,80.96005249023438,0.26981054311571606
12,18,-9.566744804382324,53.619388580322266,-24.56707763671875,-102.74268341064453,-6.94410514831543,80.3831787109375,0.266686362058593
12,19,-9.189833641052246,53.13701248168945,-22.96302032470703,-104.34820556640625,-6.942598342895508,80.00218200683594,0.26275690885619235
12,20,-8.98762321472168,51.289974212646484,-23.418785095214844,-104.35071563720703,-6.792548179626465,80.46430969238281,0.26136551994653967
12,21,-8.787346839904785,49.17844009399414,-24.458383560180664,-103.79563903808594,-6.580399513244629,79.32600402832031,0.2608987180612586
12,22,-8.747061729431152,49.79218673706055,-22.312541961669922,-104.031494140625,-6.594605445861816,79.13018798828125,0.25731569010479216
12,23,-9.028154373168945,48.762245178222656,-22.740646362304688,-103.93731689453125,-6.492422103881836,78.48928833007812,0.2568837113169234
12,24,-9.510820388793945,49.29035949707031,-22.76486587524414,-104.0644760131836,-6.556336402893066,76.91734313964844,0.25757978499629197
12,25,-9.347002029418945,48.94412612915039,-23.296825408935547,-104.35246276855469,-6.545244216918945,77.674560546875,0.2581325537406247
12,26,-9.667804718017578,48.00400161743164,-22.793563842773438,-105.3817138671875,-6.309597969055176,77.27743530273438,0.25553614523343227
12,27,-10.68320369720459,48.249183654785156,-23.12107276916504,-105.54633331298828,-6.464461326599121,77.18768310546875,0.2564912872078209
12,28,-10.40579605102539,47.75487518310547,-22.910568237304688,-106.89054870605469,-6.172656059265137,77.61534118652344,0.2548863809531741
12,29,-10.603508949279785,47.228355407714844,-24.42279052734375,-107.19462585449219,-6.256741523742676,77.1917724609375,0.257280962820561
12,30,-10.541645050048828,47.125831604003906,-24.342609405517578,-107.62288665771484,-6.138071060180664,77.29386901855469,0.25680982643026373
12,31,-11.088948249816895,46.30991744995117,-24.806781768798828,-107.44654083251953,-6.208904266357422,77.68251037597656,0.25675797379672194
12,32,-11.046573638916016,45.498634338378906,-24.65683937072754,-108.03720092773438,-6.131087303161621,79.31404113769531,0.2550880907659913
12,33,-11.271566390991211,44.52751159667969,-25.386110305786133,-108.34114074707031,-6.079239845275879,78.26931762695312,0.2551906813952366
12,34,-11.584424018859863,44.16129684448242,-24.937755584716797,-108.33172607421875,-6.180593490600586,78.90232849121094,0.2537080407069644
12,35,-11.464773178100586,42.5660400390625,-25.261432647705078,-109.11136627197266,-6.338911056518555,78.0511474609375,0.25179942225615454
12,36,-11.536111831665039,41.655967712402344,-25.60235023498535,-109.63115692138672,-6.434220314025879,77.27706909179688,0.25099276449513824
12,37,-11.3183012008667,41.22894287109375,-26.699426651000977,-109.03182220458984,-6.296806335449219,77.78660583496094,0.25309319660809
12,38,-11.407425880432129,41.37205505371094,-25.962966918945312,-109.10868835449219,-6.473213195800781,77.82342529296875,0.25163954388264514
12,39,-11.583629608154297,40.47747039794922,-27.013286590576172,-108.11434936523438,-6.110084533691406,77.11156463623047,0.2531001060702737
12,40,-11.713717460632324,40.14447784423828,-26.835294723510742,-108.29862976074219,-5.975530624389648,76.42723846435547,0.2521542953242388
12,41,-12.052886962890625,40.89768981933594,-26.588695526123047,-108.19367980957031,-6.118083953857422,74.04686737060547,0.2527432060677342
12,42,-12.672511100769043,41.252559661865234,-25.724905014038086,-108.65275573730469,-6.271181106567383,60.72067642211914,0.25115123734067996
12,43,-12.747591018676758,40.11181640625,-26.82416534423828,-108.60185241699219,-5.8904194831848145,57.90497589111328,0.2519470350840603
12,44,-13.304365158081055,40.2379035949707,-26.59040641784668,-108.48486328125,-5.926299095153809,58.433319091796875,0.2516685456462729
12,45,-14.59974193572998,41.975311279296875,-27.559593200683594,-107.47950744628906,-5.808493614196777,65.11695861816406,0.2566223911490919
12,46,-16.930116653442383,43.21842956542969,-29.62980842590332,-106.4263916015625,-4.816498756408691,70.93799591064453,0.2628629937906174
12,47,-18.370332717895508,42.36791229248047,-31.53403663635254,-105.29059600830078,-4.475576400756836,65.90641784667969,0.2656944561963572
12,48,-17.873218536376953,41.70706558227539,-31.480031967163086,-106.17417907714844,-4.753457069396973,65.2266616821289,0.2645831485720771
12,49,-9.029135704040527,32.642333984375,-21.78968048095703,-86.61698150634766,-6.224292755126953,49.32257080078125,0.23711483075268436
13,0,-14.780296325683594,83.52658081054688,-1.3574562072753906,-90.21454620361328,-6.9906206130981445,64.31275939941406,0.25588682687209907
13,1,-14.52565860748291,81.36164093017578,0.26682090759277344,-92.13095092773438,-7.365939140319824,65.78433227539062,0.2510298589444565
13,2,-14.057212829589844,77.3587417602539,-1.7386054992675781,-93.48841857910156,-7.385705947875977,67.87593078613281,0.25073780922879246
13,3,-14.637883186340332,74.86744689941406,-4.676883697509766,-93.02165985107422,-7.655393600463867,72.49124908447266,0.25378908670586564
13,4,-14.698725700378418,72.02787017822266,-8.628541946411133,-92.5169906616211,-7.544255256652832,72.0433349609375,0.25808223479043346
13,5,-14.586420059204102,67.02494812011719,-13.479071617126465,-92.70738983154297,-7.418816566467285,73.90426635742188,0.2615383639615559
13,6,-13.205909729003906,63.56886672973633,-21.964435577392578,-92.16801452636719,-6.563702583312988,79.26675415039062,0.2714501934372585
13,7,-12.837577819824219,63.20411682128906,-24.417869567871094,-92.58012390136719,-6.974636077880859,85.3110580444336,0.27473201457075547
13,8,-11.72547435760498,61.606346130371094,-25.469205856323242,-94.34471130371094,-7.03208065032959,85.01469421386719,0.2754492748772488
13,9,-10.605456352233887,61.07191848754883,-25.41779899597168,-95.20413208007812,-6.973566055297852,84.10623931884766,0.27516452823055687
13,10,-10.107404708862305,59.50784683227539,-27.50844955444336,-96.08771514892578,-6.86541748046875,83.54340362548828,0.2770509796054995
13,11,-9.962357521057129,58.241764068603516,-28.52235984802246,-97.08023834228516,-6.807568550109863,83.38211059570312,0.2776550806061169
13,12,-9.817127227783203,56.712650299072266,-29.362098693847656,-97.69730377197266,-6.681617736816406,83.16571044921875,0.27762248879858653
13,13,-9.068390846252441,55.11827850341797,-29.351099014282227,-97.78477478027344,-6.602212905883789,82.63204956054688,0.27608037660770013
13,14,-8.73330307006836,54.135128021240234,-29.41964340209961,-98.93273162841797,-6.652705192565918,82.09103393554688,0.275446060117268
13,15,-8.921879768371582,53.441585540771484,-28.937679290771484,-99.60693359375,-6.715546607971191,82.4861068725586,0.27406857346681496
13,16,-9.022340774536133,54.787288665771484,-26.78618812561035,-100.5365219116211,-6.954251289367676,81.36046600341797,0.2720173854121755
13,17,-9.271208763122559,53.46837615966797,-26.343101501464844,-101.89195251464844,-7.026775360107422,80.96005249023438,0.26981054311571606
13,18,-9.566744804382324,53.619388580322266,-24.56707763671875,-102.74268341064453,-6.94410514831543,80.3831787109375,0.266686362058593
13,19,-9.189833641052246,53.13701248168945,-22.96302032470703,-104.34820556640625,-6.942598342895508,80.00218200683594,0.26275690885619235
13,20,-8.98762321472168,51.289974212646484,-23.418785095214844,-104.35071563720703,-6.792548179626465,80.46430969238281,0.26136551994653967
13,21,-8.787346839904785,49.17844009399414,-24.458383560180664,-103.79563903808594,-6.580399513244629,79.32600402832031,0.2608987180612586
13,22,-8.747061729431152,49.79218673706055,-22.312541961669922,-104.031494140625,-6.594605445861816,79.13018798828125,0.25731569010479216
13,23,-9.028154373168945,48.762245178222656,-22.740646362304688,-103.93731689453125,-6.492422103881836,78.48928833007812,0.2568837113169234
13,24,-9.510820388793945,49.29035949707031,-22.76486587524414,-104.0644760131836,-6.556336402893066,76.91734313964844,0.25757978499629197
13,25,-9.347002029418945,48.94412612915039,-23.296825408935547,-104.35246276855469,-6.545244216918945,77.674560546875,0.2581325537406247
13,26,-9.667804718017578,48.00400161743164,-22.793563842773438,-105.3817138671875,-6.309597969055176,77.27743530273438,0.25553614523343227
13,27,-10.68320369720459,48.249183654785156,-23.12107276916504,-105.54633331298828,-6.464461326599121,77.18768310546875,0.2564912872078209
13,28,-10.40579605102539,47.75487518310547,-22.910568237304688,-106.89054870605469,-6.172656059265137,77.61534118652344,0.2548863809531741
13,29,-10.603508949279785,47.228355407714844,-24.42279052734375,-107.19462585449219,-6.256741523742676,77.1917724609375,0.257280962820561
13,30,-10.541645050048828,47.125831604003906,-24.342609405517578,-107.62288665771484,-6.138071060180664,77.29386901855469,0.25680982643026373
13,31,-11.088948249816895,46.30991744995117,-24.806781768798828,-107.44654083251953,-6.208904266357422,77.68251037597656,0.25675797379672194
13,32,-11.046573638916016,45.498634338378906,-24.65683937072754,-108.03720092773438,-6.131087303161621,79.31404113769531,0.2550880907659913
13,33,-11.271566390991211,44.52751159667969,-25.386110305786133,-108.34114074707031,-6.079239845275879,78.26931762695312,0.2551906813952366
13,34,-11.584424018859863,44.16129684448242,-24.937755584716797,-108.33172607421875,-6.180593490600586,78.90232849121094,0.2537080407069644
13,35,-11.464773178100586,42.5660400390625,-25.261432647705078,-109.11136627197266,-6.338911056518555,78.0511474609375,0.25179942225615454
13,36,-11.536111831665039,41.655967712402344,-25.60235023498535,-109.63115692138672,-6.434220314025879,77.27706909179688,0.25099276449513824
13,37,-11.3183012008667,41.22894287109375,-26.699426651000977,-109.03182220458984,-6.296806335449219,77.78660583496094,0.25309319660809
13,38,-11.407425880432129,41.37205505371094,-25.962966918945312,-109.10868835449219,-6.473213195800781,77.82342529296875,0.25163954388264514
13,39,-11.583629608154297,40.47747039794922,-27.013286590576172,-108.11434936523438,-6.110084533691406,77.11156463623047,0.2531001060702737
13,40,-11.713717460632324,40.14447784423828,-26.835294723510742,-108.29862976074219,-5.975530624389648,76.42723846435547,0.2521542953242388
13,41,-12.052886962890625,40.89768981933594,-26.588695526123047,-108.19367980957031,-6.118083953857422,74.04686737060547,0.2527432060677342
13,42,-12.672511100769043,41.252559661865234,-25.724905014038086,-108.65275573730469,-6.271181106567383,60.72067642211914,0.25115123734067996
13,43,-12.747591018676758,40.11181640625,-26.82416534423828,-108.60185241699219,-5.8904194831848145,57.90497589111328,0.2519470350840603
13,44,-13.304365158081055,40.2379035949707,-26.59040641784668,-108.48486328125,-5.926299095153809,58.433319091796875,0.2516685456462729
13,45,-14.59974193572998,41.975311279296875,-27.559593200683594,-107.47950744628906,-5.808493614196777,65.11695861816406,0.2566223911490919
13,46,-16.930116653442383,43.21842956542969,-29.62980842590332,-106.4263916015625,-4.816498756408691,70.93799591064453,0.2628629937906174
13,47,-18.370332717895508,42.36791229248047,-31.53403663635254,-105.29059600830078,-4.475576400756836,65.90641784667969,0.2656944561963572
13,48,-17.873218536376953,41.70706558227539,-31.480031967163086,-106.17417907714844,-4.753457069396973,65.2266616821289,0.2645831485720771
13,49,-9.029135704040527,32.642333984375,-21.78968048095703,-86.61698150634766,-6.224292755126953,49.32257080078125,0.23711483075268436
14,0,-14.780296325683594,83.52658081054688,-1.3574562072753906,-90.21454620361328,-6.9906206130981445,64.31275939941406,0.25588682687209907
14,1,-14.52565860748291,81.36164093017578,0.26682090759277344,-92.13095092773438,-7.365939140319824,65.78433227539062,0.2510298589444565
14,2,-14.057212829589844,77.3587417602539,-1.7386054992675781,-93.48841857910156,-7.385705947875977,67.87593078613281,0.25073780922879246
14,3,-14.637883186340332,74.86744689941406,-4.676883697509766,-93.02165985107422,-7.655393600463867,72.49124908447266,0.25378908670586564
14,4,-14.698725700378418,72.02787017822266,-8.628541946411133,-92.5169906616211,-7.544255256652832,72.0433349609375,0.25808223479043346
14,5,-14.586420059204102,67.02494812011719,-13.479071617126465,-92.70738983154297,-7.418816566467285,73.90426635742188,0.2615383639615559
14,6,-13.205909729003906,63.56886672973633,-21.964435577392578,-92.16801452636719,-6.563702583312988,79.26675415039062,0.2714501934372585
14,7,-12.837577819824219,63.20411682128906,-24.417869567871094,-92.58012390136719,-6.974636077880859,85.3110580444336,0.27473201457075547
14,8,-11.72547435760498,61.606346130371094,-25.469205856323242,-94.34471130371094,-7.03208065032959,85.01469421386719,0.2754492748772488
14,9,-10.605456352233887,61.07191848754883,-25.41779899597168,-95.20413208007812,-6.973566055297852,84.10623931884766,0.27516452823055687
14,10,-10.107404708862305,59.50784683227539,-27.50844955444336,-96.08771514892578,-6.86541748046875,83.54340362548828,0.2770509796054995
14,11,-9.962357521057129,58.241764068603516,-28.52235984802246,-97.08023834228516,-6.807568550109863,83.38211059570312,0.2776550806061169
14,12,-9.817127227783203,56.712650299072266,-29.362098693847656,-97.69730377197266,-6.681617736816406,83.16571044921875,0.27762248879858653
14,13,-9.068390846252441,55.11827850341797,-29.351099014282227,-97.78477478027344,-6.602212905883789,82.63204956054688,0.27608037660770013
14,14,-8.73330307006836,54.135128021240234,-29.41964340209961,-98.93273162841797,-6.652705192565918,82.09103393554688,0.275446060117268
14,15,-8.921879768371582,53.441585540771484,-28.937679290771484,-99.60693359375,-6.715546607971191,82.4861068725586,0.27406857346681496
14,16,-9.022340774536133,54.787288665771484,-26.78618812561035,-100.5365219116211,-6.954251289367676,81.36046600341797,0.2720173854121755
14,17,-9.271208763122559,53.46837615966797,-26.343101501464844,-101.89195251464844,-7.026775360107422,80.96005249023438,0.26981054311571606
14,18,-9.566744804382324,53.619388580322266,-24.56707763671875,-102.74268341064453,-6.94410514831543,80.3831787109375,0.266686362058593
14,19,-9.189833641052246,53.13701248168945,-22.96302032470703,-104.34820556640625,-6.942598342895508,80.00218200683594,0.26275690885619235
14,20,-8.98762321472168,51.289974212646484,-23.418785095214844,-104.35071563720703,-6.792548179626465,80.46430969238281,0.26136551994653967
14,21,-8.787346839904785,49.17844009399414,-24.458383560180664,-103.79563903808594,-6.580399513244629,79.32600402832031,0.2608987180612586
14,22,-8.747061729431152,49.79218673706055,-22.312541961669922,-104.031494140625,-6.594605445861816,79.13018798828125,0.25731569010479216
14,23,-9.028154373168945,48.762245178222656,-22.740646362304688,-103.93731689453125,-6.492422103881836,78.48928833007812,0.2568837113169234
14,24,-9.510820388793945,49.29035949707031,-22.76486587524414,-104.0644760131836,-6.556336402893066,76.91734313964844,0.25757978499629197
14,25,-9.347002029418945,48.94412612915039,-23.296825408935547,-104.35246276855469,-6.545244216918945,77.674560546875,0.2581325537406247
14,26,-9.667804718017578,48.00400161743164,-22.793563842773438,-105.3817138671875,-6.309597969055176,77.27743530273438,0.25553614523343227
14,27,-10.68320369720459,48.249183654785156,-23.12107276916504,-105.54633331298828,-6.464461326599121,77.18768310546875,0.2564912872078209
14,28,-10.40579605102539,47.75487518310547,-22.910568237304688,-106.89054870605469,-6.172656059265137,77.61534118652344,0.2548863809531741
14,29,-10.603508949279785,47.228355407714844,-24.42279052734375,-107.19462585449219,-6.256741523742676,77.1917724609375,0.257280962820561
14,30,-10.541645050048828,47.125831604003906,-24.342609405517578,-107.62288665771484,-6.138071060180664,77.29386901855469,0.25680982643026373
14,31,-11.088948249816895,46.30991744995117,-24.806781768798828,-107.44654083251953,-6.208904266357422,77.68251037597656,0.25675797379672194
14,32,-11.046573638916016,45.498634338378906,-24.65683937072754,-108.03720092773438,-6.131087303161621,79.31404113769531,0.2550880907659913
14,33,-11.271566390991211,44.52751159667969,-25.386110305786133,-108.34114074707031,-6.079239845275879,78.26931762695312,0.2551906813952366
14,34,-11.584424018859863,44.16129684448242,-24.937755584716797,-108.33172607421875,-6.180593490600586,78.90232849121094,0.2537080407069644
14,35,-11.464773178100586,42.5660400390625,-25.261432647705078,-109.11136627197266,-6.338911056518555,78.0511474609375,0.25179942225615454
14,36,-11.536111831665039,41.655967712402344,-25.60235023498535,-109.63115692138672,-6.434220314025879,77.27706909179688,0.25099276449513824
14,37,-11.3183012008667,41.22894287109375,-26.699426651000977,-109.03182220458984,-6.296806335449219,77.78660583496094,0.25309319660809
14,38,-11.407425880432129,41.37205505371094,-25.962966918945312,-109.10868835449219,-6.473213195800781,77.82342529296875,0.25163954388264514
14,39,-11.583629608154297,40.47747039794922,-27.013286590576172,-108.11434936523438,-6.110084533691406,77.11156463623047,0.2531001060702737
14,40,-11.713717460632324,40.14447784423828,-26.835294723510742,-108.29862976074219,-5.975530624389648,76.42723846435547,0.2521542953242388
14,41,-12.052886962890625,40.89768981933594,-26.588695526123047,-108.19367980957031,-6.118083953857422,74.04686737060547,0.2527432060677342
14,42,-12.672511100769043,41.252559661865234,-25.724905014038086,-108.65275573730469,-6.271181106567383,60.72067642211914,0.25115123734067996
14,43,-12.747591018676758,40.11181640625,-26.82416534423828,-108.60185241699219,-5.8904194831848145,57.90497589111328,0.2519470350840603
14,44,-13.304365158081055,40.2379035949707,-26.59040641784668,-108.48486328125,-5.926299095153809,58.433319091796875,0.2516685456462729
14,45,-14.59974193572998,41.975311279296875,-27.559593200683594,-107.47950744628906,-5.808493614196777,65.11695861816406,0.2566223911490919
14,46,-16.930116653442383,43.21842956542969,-29.62980842590332,-106.4263916015625,-4.816498756408691,70.93799591064453,0.2628629937906174
14,47,-18.370332717895508,42.36791229248047,-31.53403663635254,-105.29059600830078,-4.475576400756836,65.90641784667969,0.2656944561963572
14,48,-17.873218536376953,41.70706558227539,-31.480031967163086,-106.17417907714844,-4.753457069396973,65.2266616821289,0.2645831485720771
14,49,-9.029135704040527,32.642333984375,-21.78968048095703,-86.61698150634766,-6.224292755126953,49.32257080078125,0.23711483075268436
15,0,-14.780296325683594,83.52658081054688,-1.3574562072753906,-90.21454620361328,-6.9906206130981445,64.31275939941406,0.25588682687209907
15,1,-14.52565860748291,81.36164093017578,0.26682090759277344,-92.13095092773438,-7.365939140319824,65.78433227539062,0.2510298589444565
15,2,-14.057212829589844,77.3587417602539,-1.7386054992675781,-93.48841857910156,-7.385705947875977,67.87593078613281,0.25073780922879246
15,3,-14.637883186340332,74.86744689941406,-4.676883697509766,-93.02165985107422,-7.655393600463867,72.49124908447266,0.25378908670586564
15,4,-14.698725700378418,72.02787017822266,-8.628541946411133,-92.5169906616211,-7.544255256652832,72.0433349609375,0.25808223479043346
15,5,-14.586420059204102,67.02494812011719,-13.479071617126465,-92.70738983154297,-7.418816566467285,73.90426635742188,0.2615383639615559
15,6,-13.205909729003906,63.56886672973633,-21.964435577392578,-92.16801452636719,-6.563702583312988,79.26675415039062,0.2714501934372585
15,7,-12.837577819824219,63.20411682128906,-24.417869567871094,-92.58012390136719,-6.974636077880859,85.3110580444336,0.27473201457075547
15,8,-11.72547435760498,61.606346130371094,-25.469205856323242,-94.34471130371094,-7.03208065032959,85.01469421386719,0.2754492748772488
15,9,-10.605456352233887,61.07191848754883,-25.41779899597168,-95.20413208007812,-6.973566055297852,84.10623931884766,0.27516452823055687
15,10,-10.107404708862305,59.50784683227539,-27.50844955444336,-96.08771514892578,-6.86541748046875,83.54340362548828,0.2770509796054995
15,11,-9.962357521057129,58.241764068603516,-28.52235984802246,-97.08023834228516,-6.807568550109863,83.38211059570312,0.2776550806061169
15,12,-9.817127227783203,56.712650299072266,-29.362098693847656,-97.69730377197266,-6.681617736816406,83.16571044921875,0.27762248879858653
15,13,-9.068390846252441,55.11827850341797,-29.351099014282227,-97.78477478027344,-6.602212905883789,82.63204956054688,0.27608037660770013
15,14,-8.73330307006836,54.135128021240234,-29.41964340209961,-98.93273162841797,-6.652705192565918,82.09103393554688,0.275446060117268
15,15,-8.921879768371582,53.441585540771484,-28.937679290771484,-99.60693359375,-6.715546607971191,82.4861068725586,0.27406857346681496
15,16,-9.022340774536133,54.787288665771484,-26.78618812561035,-100.5365219116211,-6.954251289367676,81.36046600341797,0.2720173854121755
15,17,-9.271208763122559,53.46837615966797,-26.343101501464844,-101.89195251464844,-7.026775360107422,80.96005249023438,0.26981054311571606
15,18,-9.566744804382324,53.619388580322266,-24.56707763671875,-102.74268341064453,-6.94410514831543,80.3831787109375,0.266686362058593
15,19,-9.189833641052246,53.13701248168945,-22.96302032470703,-104.34820556640625,-6.942598342895508,80.00218200683594,0.26275690885619235
15,20,-8.98762321472168,51.289974212646484,-23.418785095214844,-104.35071563720703,-6.792548179626465,80.46430969238281,0.26136551994653967
15,21,-8.787346839904785,49.17844009399414,-24.458383560180664,-103.79563903808594,-6.580399513244629,79.32600402832031,0.2608987180612586
15,22,-8.747061729431152,49.79218673706055,-22.312541961669922,-104.031494140625,-6.594605445861816,79.13018798828125,0.25731569010479216
15,23,-9.028154373168945,48.762245178222656,-22.740646362304688,-103.93731689453125,-6.492422103881836,78.48928833007812,0.2568837113169234
15,24,-9.510820388793945,49.29035949707031,-22.76486587524414,-104.0644760131836,-6.556336402893066,76.91734313964844,0.25757978499629197
15,25,-9.347002029418945,48.94412612915039,-23.296825408935547,-104.35246276855469,-6.545244216918945,77.674560546875,0.2581325537406247
15,26,-9.667804718017578,48.00400161743164,-22.793563842773438,-105.3817138671875,-6.309597969055176,77.27743530273438,0.25553614523343227
15,27,-10.68320369720459,48.249183654785156,-23.12107276916504,-105.54633331298828,-6.464461326599121,77.18768310546875,0.2564912872078209
15,28,-10.40579605102539,47.75487518310547,-22.910568237304688,-106.89054870605469,-6.172656059265137,77.61534118652344,0.2548863809531741
15,29,-10.603508949279785,47.228355407714844,-24.42279052734375,-107.19462585449219,-6.256741523742676,77.1917724609375,0.257280962820561
15,30,-10.541645050048828,47.125831604003906,-24.342609405517578,-107.62288665771484,-6.138071060180664,77.29386901855469,0.25680982643026373
15,31,-11.088948249816895,46.30991744995117,-24.806781768798828,-107.44654083251953,-6.208904266357422,77.68251037597656,0.25675797379672194
15,32,-11.046573638916016,45.498634338378906,-24.65683937072754,-108.03720092773438,-6.131087303161621,79.31404113769531,0.2550880907659913
15,33,-11.271566390991211,44.52751159667969,-25.386110305786133,-108.34114074707031,-6.079239845275879,78.26931762695312,0.2551906813952366
15,34,-11.584424018859863,44.16129684448242,-24.937755584716797,-108.33172607421875,-6.180593490600586,78.90232849121094,0.2537080407069644
15,35,-11.464773178100586,42.5660400390625,-25.261432647705078,-109.11136627197266,-6.338911056518555,78.0511474609375,0.25179942225615454
15,36,-11.536111831665039,41.655967712402344,-25.60235023498535,-109.63115692138672,-6.434220314025879,77.27706909179688,0.25099276449513824
15,37,-11.3183012008667,41.22894287109375,-26.699426651000977,-109.03182220458984,-6.296806335449219,77.78660583496094,0.25309319660809
15,38,-11.407425880432129,41.37205505371094,-25.962966918945312,-109.10868835449219,-6.473213195800781,77.82342529296875,0.25163954388264514
15,39,-11.583629608154297,40.47747039794922,-27.013286590576172,-108.11434936523438,-6.110084533691406,77.11156463623047,0.2531001060702737
15,40,-11.713717460632324,40.14447784423828,-26.835294723510742,-108.29862976074219,-5.975530624389648,76.42723846435547,0.2521542953242388
15,41,-12.052886962890625,40.89768981933594,-26.588695526123047,-108.19367980957031,-6.118083953857422,74.04686737060547,0.2527432060677342
15,42,-12.672511100769043,41.252559661865234,-25.724905014038086,-108.65275573730469,-6.271181106567383,60.72067642211914,0.25115123734067996
15,43,-12.747591018676758,40.11181640625,-26.82416534423828,-108.60185241699219,-5.8904194831848145,57.90497589111328,0.2519470350840603
15,44,-13.304365158081055,40.2379035949707,-26.59040641784668,-108.48486328125,-5.926299095153809,58.433319091796875,0.2516685456462729
15,45,-14.59974193572998,41.975311279296875,-27.559593200683594,-107.47950744628906,-5.808493614196777,65.11695861816406,0.2566223911490919
15,46,-16.930116653442383,43.21842956542969,-29.62980842590332,-106.4263916015625,-4.816498756408691,70.93799591064453,0.2628629937906174
15,47,-18.370332717895508,42.36791229248047,-31.53403663635254,-105.29059600830078,-4.475576400756836,65.90641784667969,0.2656944561963572
15,48,-17.873218536376953,41.70706558227539,-31.480031967163086,-106.17417907714844,-4.753457069396973,65.2266616821289,0.2645831485720771
15,49,-9.029135704040527,32.642333984375,-21.78968048095703,-86.61698150634766,-6.224292755126953,49.32257080078125,0.23711483075268436
16,0,-14.780296325683594,83.52658081054688,-1.3574562072753906,-90.21454620361328,-6.9906206130981445,64.31275939941406,0.25588682687209907
16,1,-14.52565860748291,81.36164093017578,0.26682090759277344,-92.13095092773438,-7.365939140319824,65.78433227539062,0.2510298589444565
16,2,-14.057212829589844,77.3587417602539,-1.7386054992675781,-93.48841857910156,-7.385705947875977,67.87593078613281,0.25073780922879246
16,3,-14.637883186340332,74.86744689941406,-4.676883697509766,-93.02165985107422,-7.655393600463867,72.49124908447266,0.25378908670586564
16,4,-14.698725700378418,72.02787017822266,-8.628541946411133,-92.5169906616211,-7.544255256652832,72.0433349609375,0.25808223479043346
16,5,-14.586420059204102,67.02494812011719,-13.479071617126465,-92.70738983154297,-7.418816566467285,73.90426635742188,0.2615383639615559
16,6,-13.205909729003906,63.56886672973633,-21.964435577392578,-92.16801452636719,-6.563702583312988,79.26675415039062,0.2714501934372585
16,7,-12.837577819824219,63.20411682128906,-24.417869567871094,-92.58012390136719,-6.974636077880859,85.3110580444336,0.27473201457075547
16,8,-11.72547435760498,61.606346130371094,-25.469205856323242,-94.34471130371094,-7.03208065032959,85.01469421386719,0.2754492748772488
16,9,-10.605456352233887,61.07191848754883,-25.41779899597168,-95.20413208007812,-6.973566055297852,84.10623931884766,0.27516452823055687
16,10,-10.107404708862305,59.50784683227539,-27.50844955444336,-96.08771514892578,-6.86541748046875,83.54340362548828,0.2770509796054995
16,11,-9.962357521057129,58.241764068603516,-28.52235984802246,-97.08023834228516,-6.807568550109863,83.38211059570312,0.2776550806061169
16,12,-9.817127227783203,56.712650299072266,-29.362098693847656,-97.69730377197266,-6.681617736816406,83.16571044921875,0.27762248879858653
16,13,-9.068390846252441,55.11827850341797,-29.351099014282227,-97.78477478027344,-6.602212905883789,82.63204956054688,0.27608037660770013
16,14,-8.73330307006836,54.135128021240234,-29.41964340209961,-98.93273162841797,-6.652705192565918,82.09103393554688,0.275446060117268
16,15,-8.921879768371582,53.441585540771484,-28.937679290771484,-99.60693359375,-6.715546607971191,82.4861068725586,0.27406857346681496
16,16,-9.022340774536133,54.787288665771484,-26.78618812561035,-100.5365219116211,-6.954251289367676,81.36046600341797,0.2720173854121755
16,17,-9.271208763122559,53.46837615966797,-26.343101501464844,-101.89195251464844,-7.026775360107422,80.96005249023438,0.26981054311571606
16,18,-9.566744804382324,53.619388580322266,-24.56707763671875,-102.74268341064453,-6.94410514831543,80.3831787109375,0.266686362058593
16,19,-9.189833641052246,53.13701248168945,-22.96302032470703,-104.34820556640625,-6.942598342895508,80.00218200683594,0.26275690885619235
16,20,-8.98762321472168,51.289974212646484,-23.418785095214844,-104.35071563720703,-6.792548179626465,80.46430969238281,0.26136551994653967
16,21,-8.787346839904785,49.17844009399414,-24.458383560180664,-103.79563903808594,-6.580399513244629,79.32600402832031,0.2608987180612586
16,22,-8.747061729431152,49.79218673706055,-22.312541961669922,-104.031494140625,-6.594605445861816,79.13018798828125,0.25731569010479216
16,23,-9.028154373168945,48.762245178222656,-22.740646362304688,-103.93731689453125,-6.492422103881836,78.48928833007812,0.2568837113169234
16,24,-9.510820388793945,49.29035949707031,-22.76486587524414,-104.0644760131836,-6.556336402893066,76.91734313964844,0.25757978499629197
16,25,-9.347002029418945,48.94412612915039,-23.296825408935547,-104.35246276855469,-6.545244216918945,77.674560546875,0.2581325537406247
16,26,-9.667804718017578,48.00400161743164,-22.793563842773438,-105.3817138671875,-6.309597969055176,77.27743530273438,0.25553614523343227
16,27,-10.68320369720459,48.249183654785156,-23.12107276916504,-105.54633331298828,-6.464461326599121,77.18768310546875,0.2564912872078209
16,28,-10.40579605102539,47.75487518310547,-22.910568237304688,-106.89054870605469,-6.172656059265137,77.61534118652344,0.2548863809531741
16,29,-10.603508949279785,47.228355407714844,-24.42279052734375,-107.19462585449219,-6.256741523742676,77.1917724609375,0.257280962820561
16,30,-10.541645050048828,47.125831604003906,-24.342609405517578,-107.62288665771484,-6.138071060180664,77.29386901855469,0.25680982643026373
16,31,-11.088948249816895,46.30991744995117,-24.806781768798828,-107.44654083251953,-6.208904266357422,77.68251037597656,0.25675797379672194
16,32,-11.046573638916016,45.498634338378906,-24.65683937072754,-108.03720092773438,-6.131087303161621,79.31404113769531,0.2550880907659913
16,33,-11.271566390991211,44.52751159667969,-25.386110305786133,-108.34114074707031,-6.079239845275879,78.26931762695312,0.2551906813952366
16,34,-11.584424018859863,44.16129684448242,-24.937755584716797,-108.33172607421875,-6.180593490600586,78.90232849121094,0.2537080407069644
16,35,-11.464773178100586,42.5660400390625,-25.261432647705078,-109.11136627197266,-6.338911056518555,78.0511474609375,0.25179942225615454
16,36,-11.536111831665039,41.655967712402344,-25.60235023498535,-109.63115692138672,-6.434220314025879,77.27706909179688,0.25099276449513824
16,37,-11.3183012008667,41.22894287109375,-26.699426651000977,-109.03182220458984,-6.296806335449219,77.78660583496094,0.25309319660809
16,38,-11.407425880432129,41.37205505371094,-25.962966918945312,-109.10868835449219,-6.473213195800781,77.82342529296875,0.25163954388264514
16,39,-11.583629608154297,40.47747039794922,-27.013286590576172,-108.11434936523438,-6.110084533691406,77.11156463623047,0.2531001060702737
16,40,-11.713717460632324,40.14447784423828,-26.835294723510742,-108.29862976074219,-5.975530624389648,76.42723846435547,0.2521542953242388
16,41,-12.052886962890625,40.89768981933594,-26.588695526123047,-108.19367980957031,-6.118083953857422,74.04686737060547,0.2527432060677342
16,42,-12.672511100769043,41.252559661865234,-25.724905014038086,-108.65275573730469,-6.271181106567383,60.72067642211914,0.25115123734067996
16,43,-12.747591018676758,40.11181640625,-26.82416534423828,-108.60185241699219,-5.8904194831848145,57.90497589111328,0.2519470350840603
16,44,-13.304365158081055,40.2379035949707,-26.59040641784668,-108.48486328125,-5.926299095153809,58.433319091796875,0.2516685456462729
16,45,-14.59974193572998,41.975311279296875,-27.559593200683594,-107.47950744628906,-5.808493614196777,65.11695861816406,0.2566223911490919
16,46,-16.930116653442383,43.21842956542969,-29.62980842590332,-106.4263916015625,-4.816498756408691,70.93799591064453,0.2628629937906174
16,47,-18.370332717895508,42.36791229248047,-31.53403663635254,-105.29059600830078,-4.475576400756836,65.90641784667969,0.2656944561963572
16,48,-17.873218536376953,41.70706558227539,-31.480031967163086,-106.17417907714844,-4.753457069396973,65.2266616821289,0.2645831485720771
16,49,-9.029135704040527,32.642333984375,-21.78968048095703,-86.61698150634766,-6.224292755126953,49.32257080078125,0.23711483075268436
17,0,-14.780296325683594,83.52658081054688,-1.3574562072753906,-90.21454620361328,-6.9906206130981445,64.31275939941406,0.25588682687209907
17,1,-14.52565860748291,81.36164093017578,0.26682090759277344,-92.13095092773438,-7.365939140319824,65.78433227539062,0.2510298589444565
17,2,-14.057212829589844,77.3587417602539,-1.7386054992675781,-93.48841857910156,-7.385705947875977,67.87593078613281,0.25073780922879246
17,3,-14.637883186340332,74.86744689941406,-4.676883697509766,-93.02165985107422,-7.655393600463867,72.49124908447266,0.25378908670586564
17,4,-14.698725700378418,72.02787017822266,-8.628541946411133,-92.5169906616211,-7.544255256652832,72.0433349609375,0.25808223479043346
17,5,-14.586420059204102,67.02494812011719,-13.479071617126465,-92.70738983154297,-7.418816566467285,73.90426635742188,0.2615383639615559
17,6,-13.205909729003906,63.56886672973633,-21.964435577392578,-92.16801452636719,-6.563702583312988,79.26675415039062,0.2714501934372585
17,7,-12.837577819824219,63.20411682128906,-24.417869567871094,-92.58012390136719,-6.974636077880859,85.3110580444336,0.27473201457075547
17,8,-11.72547435760498,61.606346130371094,-25.469205856323242,-94.34471130371094,-7.03208065032959,85.01469421386719,0.2754492748772488
17,9,-10.605456352233887,61.07191848754883,-25.41779899597168,-95.20413208007812,-6.973566055297852,84.10623931884766,0.27516452823055687
17,10,-10.107404708862305,59.50784683227539,-27.50844955444336,-96.08771514892578,-6.86541748046875,83.54340362548828,0.2770509796054995
17,11,-9.962357521057129,58.241764068603516,-28.52235984802246,-97.08023834228516,-6.807568550109863,83.38211059570312,0.2776550806061169
17,12,-9.817127227783203,56.712650299072266,-29.362098693847656,-97.69730377197266,-6.681617736816406,83.16571044921875,0.27762248879858653
17,13,-9.068390846252441,55.11827850341797,-29.351099014282227,-97.78477478027344,-6.602212905883789,82.63204956054688,0.27608037660770013
17,14,-8.73330307006836,54.135128021240234,-29.41964340209961,-98.93273162841797,-6.652705192565918,82.09103393554688,0.275446060117268
17,15,-8.921879768371582,53.441585540771484,-28.937679290771484,-99.60693359375,-6.715546607971191,82.4861068725586,0.27406857346681496
17,16,-9.022340774536133,54.787288665771484,-26.78618812561035,-100.5365219116211,-6.954251289367676,81.36046600341797,0.2720173854121755
17,17,-9.271208763122559,53.46837615966797,-26.343101501464844,-101.89195251464844,-7.026775360107422,80.96005249023438,0.26981054311571606
17,18,-9.566744804382324,53.619388580322266,-24.56707763671875,-102.74268341064453,-6.94410514831543,80.3831787109375,0.266686362058593
17,19,-9.189833641052246,53.13701248168945,-22.96302032470703,-104.34820556640625,-6.942598342895508,80.00218200683594,0.26275690885619235
17,20,-8.98762321472168,51.289974212646484,-23.418785095214844,-104.35071563720703,-6.792548179626465,80.46430969238281,0.26136551994653967
17,21,-8.787346839904785,49.17844009399414,-24.458383560180664,-103.79563903808594,-6.580399513244629,79.32600402832031,0.2608987180612586
17,22,-8.747061729431152,49.79218673706055,-22.312541961669922,-104.031494140625,-6.594605445861816,79.13018798828125,0.25731569010479216
17,23,-9.028154373168945,48.762245178222656,-22.740646362304688,-103.93731689453125,-6.492422103881836,78.48928833007812,0.2568837113169234
17,24,-9.510820388793945,49.29035949707031,-22.76486587524414,-104.0644760131836,-6.556336402893066,76.91734313964844,0.25757978499629197
17,25,-9.347002029418945,48.94412612915039,-23.296825408935547,-104.35246276855469,-6.545244216918945,77.674560546875,0.2581325537406247
17,26,-9.667804718017578,48.00400161743164,-22.793563842773438,-105.3817138671875,-6.309597969055176,77.27743530273438,0.25553614523343227
17,27,-10.68320369720459,48.249183654785156,-23.12107276916504,-105.54633331298828,-6.464461326599121,77.18768310546875,0.2564912872078209
17,28,-10.40579605102539,47.75487518310547,-22.910568237304688,-106.89054870605469,-6.172656059265137,77.61534118652344,0.2548863809531741
17,29,-10.603508949279785,47.228355407714844,-24.42279052734375,-107.19462585449219,-6.256741523742676,77.1917724609375,0.257280962820561
17,30,-10.541645050048828,47.125831604003906,-24.342609405517578,-107.62288665771484,-6.138071060180664,77.29386901855469,0.25680982643026373
17,31,-11.088948249816895,46.30991744995117,-24.806781768798828,-107.44654083251953,-6.208904266357422,77.68251037597656,0.25675797379672194
17,32,-11.046573638916016,45.498634338378906,-24.65683937072754,-108.03720092773438,-6.131087303161621,79.31404113769531,0.2550880907659913
17,33,-11.271566390991211,44.52751159667969,-25.386110305786133,-108.34114074707031,-6.079239845275879,78.26931762695312,0.2551906813952366
17,34,-11.584424018859863,44.16129684448242,-24.937755584716797,-108.33172607421875,-6.180593490600586,78.90232849121094,0.2537080407069644
17,35,-11.464773178100586,42.5660400390625,-25.261432647705078,-109.11136627197266,-6.338911056518555,78.0511474609375,0.25179942225615454
17,36,-11.536111831665039,41.655967712402344,-25.60235023498535,-109.63115692138672,-6.434220314025879,77.27706909179688,0.25099276449513824
17,37,-11.3183012008667,41.22894287109375,-26.699426651000977,-109.03182220458984,-6.296806335449219,77.78660583496094,0.25309319660809
17,38,-11.407425880432129,41.37205505371094,-25.962966918945312,-109.10868835449219,-6.473213195800781,77.82342529296875,0.25163954388264514
17,39,-11.583629608154297,40.47747039794922,-27.013286590576172,-108.11434936523438,-6.110084533691406,77.11156463623047,0.2531001060702737
17,40,-11.713717460632324,40.14447784423828,-26.835294723510742,-108.29862976074219,-5.975530624389648,76.42723846435547,0.2521542953242388
17,41,-12.052886962890625,40.89768981933594,-26.588695526123047,-108.19367980957031,-6.118083953857422,74.04686737060547,0.2527432060677342
17,42,-12.672511100769043,41.252559661865234,-25.724905014038086,-108.65275573730469,-6.271181106567383,60.72067642211914,0.25115123734067996
17,43,-12.747591018676758,40.11181640625,-26.82416534423828,-108.60185241699219,-5.8904194831848145,57.90497589111328,0.2519470350840603
17,44,-13.304365158081055,40.2379035949707,-26.59040641784668,-108.48486328125,-5.926299095153809,58.433319091796875,0.2516685456462729
17,45,-14.59974193572998,41.975311279296875,-27.559593200683594,-107.47950744628906,-5.808493614196777,65.11695861816406,0.2566223911490919
17,46,-16.930116653442383,43.21842956542969,-29.62980842590332,-106.4263916015625,-4.816498756408691,70.93799591064453,0.2628629937906174
17,47,-18.370332717895508,42.36791229248047,-31.53403663635254,-105.29059600830078,-4.475576400756836,65.90641784667969,0.2656944561963572
17,48,-17.873218536376953,41.70706558227539,-31.480031967163086,-106.17417907714844,-4.753457069396973,65.2266616821289,0.2645831485720771
17,49,-9.029135704040527,32.642333984375,-21.78968048095703,-86.61698150634766,-6.224292755126953,49.32257080078125,0.23711483075268436
18,0,-14.780296325683594,83.52658081054688,-1.3574562072753906,-90.21454620361328,-6.9906206130981445,64.31275939941406,0.25588682687209907
18,1,-14.52565860748291,81.36164093017578,0.26682090759277344,-92.13095092773438,-7.365939140319824,65.78433227539062,0.2510298589444565
18,2,-14.057212829589844,77.3587417602539,-1.7386054992675781,-93.48841857910156,-7.385705947875977,67.87593078613281,0.25073780922879246
18,3,-14.637883186340332,74.86744689941406,-4.676883697509766,-93.02165985107422,-7.655393600463867,72.49124908447266,0.25378908670586564
18,4,-14.698725700378418,72.02787017822266,-8.628541946411133,-92.5169906616211,-7.544255256652832,72.0433349609375,0.25808223479043346
18,5,-14.586420059204102,67.02494812011719,-13.479071617126465,-92.70738983154297,-7.418816566467285,73.90426635742188,0.2615383639615559
18,6,-13.205909729003906,63.56886672973633,-21.964435577392578,-92.16801452636719,-6.563702583312988,79.26675415039062,0.2714501934372585
18,7,-12.837577819824219,63.20411682128906,-24.417869567871094,-92.58012390136719,-6.974636077880859,85.3110580444336,0.27473201457075547
18,8,-11.72547435760498,61.606346130371094,-25.469205856323242,-94.34471130371094,-7.03208065032959,85.01469421386719,0.2754492748772488
18,9,-10.605456352233887,61.07191848754883,-25.41779899597168,-95.20413208007812,-6.973566055297852,84.10623931884766,0.27516452823055687
18,10,-10.107404708862305,59.50784683227539,-27.50844955444336,-96.08771514892578,-6.86541748046875,83.54340362548828,0.2770509796054995
18,11,-9.962357521057129,58.241764068603516,-28.52235984802246,-97.08023834228516,-6.807568550109863,83.38211059570312,0.2776550806061169
18,12,-9.817127227783203,56.712650299072266,-29.362098693847656,-97.69730377197266,-6.681617736816406,83.16571044921875,0.27762248879858653
18,13,-9.068390846252441,55.11827850341797,-29.351099014282227,-97.78477478027344,-6.602212905883789,82.63204956054688,0.27608037660770013
18,14,-8.73330307006836,54.135128021240234,-29.41964340209961,-98.93273162841797,-6.652705192565918,82.09103393554688,0.275446060117268
18,15,-8.921879768371582,53.441585540771484,-28.937679290771484,-99.60693359375,-6.715546607971191,82.4861068725586,0.27406857346681496
18,16,-9.022340774536133,54.787288665771484,-26.78618812561035,-100.5365219116211,-6.954251289367676,81.36046600341797,0.2720173854121755
18,17,-9.271208763122559,53.46837615966797,-26.343101501464844,-101.89195251464844,-7.026775360107422,80.96005249023438,0.26981054311571606
18,18,-9.566744804382324,53.619388580322266,-24.56707763671875,-102.74268341064453,-6.94410514831543,80.3831787109375,0.266686362058593
18,19,-9.189833641052246,53.13701248168945,-22.96302032470703,-104.34820556640625,-6.942598342895508,80.00218200683594,0.26275690885619235
18,20,-8.98762321472168,51.289974212646484,-23.418785095214844,-104.35071563720703,-6.792548179626465,80.46430969238281,0.26136551994653967
18,21,-8.787346839904785,49.17844009399414,-24.458383560180664,-103.79563903808594,-6.580399513244629,79.32600402832031,0.2608987180612586
18,22,-8.747061729431152,49.79218673706055,-22.312541961669922,-104.031494140625,-6.594605445861816,79.13018798828125,0.25731569010479216
18,23,-9.028154373168945,48.762245178222656,-22.740646362304688,-103.93731689453125,-6.492422103881836,78.48928833007812,0.2568837113169234
18,24,-9.510820388793945,49.29035949707031,-22.76486587524414,-104.0644760131836,-6.556336402893066,76.91734313964844,0.25757978499629197
18,25,-9.347002029418945,48.94412612915039,-23.296825408935547,-104.35246276855469,-6.545244216918945,77.674560546875,0.2581325537406247
18,26,-9.667804718017578,48.00400161743164,-22.793563842773438,-105.3817138671875,-6.309597969055176,77.27743530273438,0.25553614523343227
18,27,-10.68320369720459,48.249183654785156,-23.12107276916504,-105.54633331298828,-6.464461326599121,77.18768310546875,0.2564912872078209
18,28,-10.40579605102539,47.75487518310547,-22.910568237304688,-106.89054870605469,-6.172656059265137,77.61534118652344,0.2548863809531741
18,29,-10.603508949279785,47.228355407714844,-24.42279052734375,-107.19462585449219,-6.256741523742676,77.1917724609375,0.257280962820561
18,30,-10.541645050048828,47.125831604003906,-24.342609405517578,-107.62288665771484,-6.138071060180664,77.29386901855469,0.25680982643026373
18,31,-11.088948249816895,46.30991744995117,-24.806781768798828,-107.44654083251953,-6.208904266357422,77.68251037597656,0.25675797379672194
18,32,-11.046573638916016,45.498634338378906,-24.65683937072754,-108.03720092773438,-6.131087303161621,79.31404113769531,0.2550880907659913
18,33,-11.271566390991211,44.52751159667969,-25.386110305786133,-108.34114074707031,-6.079239845275879,78.26931762695312,0.2551906813952366
18,34,-11.584424018859863,44.16129684448242,-24.937755584716797,-108.33172607421875,-6.180593490600586,78.90232849121094,0.2537080407069644
18,35,-11.464773178100586,42.5660400390625,-25.261432647705078,-109.11136627197266,-6.338911056518555,78.0511474609375,0.25179942225615454
18,36,-11.536111831665039,41.655967712402344,-25.60235023498535,-109.63115692138672,-6.434220314025879,77.27706909179688,0.25099276449513824
18,37,-11.3183012008667,41.22894287109375,-26.699426651000977,-109.03182220458984,-6.296806335449219,77.78660583496094,0.25309319660809
18,38,-11.407425880432129,41.37205505371094,-25.962966918945312,-109.10868835449219,-6.473213195800781,77.82342529296875,0.25163954388264514
18,39,-11.583629608154297,40.47747039794922,-27.013286590576172,-108.11434936523438,-6.110084533691406,77.11156463623047,0.2531001060702737
18,40,-11.713717460632324,40.14447784423828,-26.835294723510742,-108.29862976074219,-5.975530624389648,76.42723846435547,0.2521542953242388
18,41,-12.052886962890625,40.89768981933594,-26.588695526123047,-108.19367980957031,-6.118083953857422,74.04686737060547,0.2527432060677342
18,42,-12.672511100769043,41.252559661865234,-25.724905014038086,-108.65275573730469,-6.271181106567383,60.72067642211914,0.25115123734067996
18,43,-12.747591018676758,40.11181640625,-26.82416534423828,-108.60185241699219,-5.8904194831848145,57.90497589111328,0.2519470350840603
18,44,-13.304365158081055,40.2379035949707,-26.59040641784668,-108.48486328125,-5.926299095153809,58.433319091796875,0.2516685456462729
18,45,-14.59974193572998,41.975311279296875,-27.559593200683594,-107.47950744628906,-5.808493614196777,65.11695861816406,0.2566223911490919
18,46,-16.930116653442383,43.21842956542969,-29.62980842590332,-106.4263916015625,-4.816498756408691,70.93799591064453,0.2628629937906174
18,47,-18.370332717895508,42.36791229248047,-31.53403663635254,-105.29059600830078,-4.475576400756836,65.90641784667969,0.2656944561963572
18,48,-17.873218536376953,41.70706558227539,-31.480031967163086,-106.17417907714844,-4.753457069396973,65.2266616821289,0.2645831485720771
18,49,-9.029135704040527,32.642333984375,-21.78968048095703,-86.61698150634766,-6.224292755126953,49.32257080078125,0.23711483075268436
19,0,-14.780296325683594,83.52658081054688,-1.3574562072753906,-90.21454620361328,-6.9906206130981445,64.31275939941406,0.25588682687209907
19,1,-14.52565860748291,81.36164093017578,0.26682090759277344,-92.13095092773438,-7.365939140319824,65.78433227539062,0.2510298589444565
19,2,-14.057212829589844,77.3587417602539,-1.7386054992675781,-93.48841857910156,-7.385705947875977,67.87593078613281,0.25073780922879246
19,3,-14.637883186340332,74.86744689941406,-4.676883697509766,-93.02165985107422,-7.655393600463867,72.49124908447266,0.25378908670586564
19,4,-14.698725700378418,72.02787017822266,-8.628541946411133,-92.5169906616211,-7.544255256652832,72.0433349609375,0.25808223479043346
19,5,-14.586420059204102,67.02494812011719,-13.479071617126465,-92.70738983154297,-7.418816566467285,73.90426635742188,0.2615383639615559
19,6,-13.205909729003906,63.56886672973633,-21.964435577392578,-92.16801452636719,-6.563702583312988,79.26675415039062,0.2714501934372585
19,7,-12.837577819824219,63.20411682128906,-24.417869567871094,-92.58012390136719,-6.974636077880859,85.3110580444336,0.27473201457075547
19,8,-11.72547435760498,61.606346130371094,-25.469205856323242,-94.34471130371094,-7.03208065032959,85.01469421386719,0.2754492748772488
19,9,-10.605456352233887,61.07191848754883,-25.41779899597168,-95.20413208007812,-6.973566055297852,84.10623931884766,0.27516452823055687
19,10,-10.107404708862305,59.50784683227539,-27.50844955444336,-96.08771514892578,-6.86541748046875,83.54340362548828,0.2770509796054995
19,11,-9.962357521057129,58.241764068603516,-28.52235984802246,-97.08023834228516,-6.807568550109863,83.38211059570312,0.2776550806061169
19,12,-9.817127227783203,56.712650299072266,-29.362098693847656,-97.69730377197266,-6.681617736816406,83.16571044921875,0.27762248879858653
19,13,-9.068390846252441,55.11827850341797,-29.351099014282227,-97.78477478027344,-6.602212905883789,82.63204956054688,0.27608037660770013
19,14,-8.73330307006836,54.135128021240234,-29.41964340209961,-98.93273162841797,-6.652705192565918,82.09103393554688,0.275446060117268
19,15,-8.921879768371582,53.441585540771484,-28.937679290771484,-99.60693359375,-6.715546607971191,82.4861068725586,0.27406857346681496
19,16,-9.022340774536133,54.787288665771484,-26.78618812561035,-100.5365219116211,-6.954251289367676,81.36046600341797,0.2720173854121755
19,17,-9.271208763122559,53.46837615966797,-26.343101501464844,-101.89195251464844,-7.026775360107422,80.96005249023438,0.26981054311571606
19,18,-9.566744804382324,53.619388580322266,-24.56707763671875,-102.74268341064453,-6.94410514831543,80.3831787109375,0.266686362058593
19,19,-9.189833641052246,53.13701248168945,-22.96302032470703,-104.34820556640625,-6.942598342895508,80.00218200683594,0.26275690885619235
19,20,-8.98762321472168,51.289974212646484,-23.418785095214844,-104.35071563720703,-6.792548179626465,80.46430969238281,0.26136551994653967
19,21,-8.787346839904785,49.17844009399414,-24.458383560180664,-103.79563903808594,-6.580399513244629,79.32600402832031,0.2608987180612586
19,22,-8.747061729431152,49.79218673706055,-22.312541961669922,-104.031494140625,-6.594605445861816,79.13018798828125,0.25731569010479216
19,23,-9.028154373168945,48.762245178222656,-22.740646362304688,-103.93731689453125,-6.492422103881836,78.48928833007812,0.2568837113169234
19,24,-9.510820388793945,49.29035949707031,-22.76486587524414,-104.0644760131836,-6.556336402893066,76.91734313964844,0.25757978499629197
19,25,-9.347002029418945,48.94412612915039,-23.296825408935547,-104.35246276855469,-6.545244216918945,77.674560546875,0.2581325537406247
19,26,-9.667804718017578,48.00400161743164,-22.793563842773438,-105.3817138671875,-6.309597969055176,77.27743530273438,0.25553614523343227
19,27,-10.68320369720459,48.249183654785156,-23.12107276916504,-105.54633331298828,-6.464461326599121,77.18768310546875,0.2564912872078209
19,28,-10.40579605102539,47.75487518310547,-22.910568237304688,-106.89054870605469,-6.172656059265137,77.61534118652344,0.2548863809531741
19,29,-10.603508949279785,47.228355407714844,-24.42279052734375,-107.19462585449219,-6.256741523742676,77.1917724609375,0.257280962820561
19,30,-10.541645050048828,47.125831604003906,-24.342609405517578,-107.62288665771484,-6.138071060180664,77.29386901855469,0.25680982643026373
19,31,-11.088948249816895,46.30991744995117,-24.806781768798828,-107.44654083251953,-6.208904266357422,77.68251037597656,0.25675797379672194
19,32,-11.046573638916016,45.498634338378906,-24.65683937072754,-108.03720092773438,-6.131087303161621,79.31404113769531,0.2550880907659913
19,33,-11.271566390991211,44.52751159667969,-25.386110305786133,-108.34114074707031,-6.079239845275879,78.26931762695312,0.2551906813952366
19,34,-11.584424018859863,44.16129684448242,-24.937755584716797,-108.33172607421875,-6.180593490600586,78.90232849121094,0.2537080407069644
19,35,-11.464773178100586,42.5660400390625,-25.261432647705078,-109.11136627197266,-6.338911056518555,78.0511474609375,0.25179942225615454
19,36,-11.536111831665039,41.655967712402344,-25.60235023498535,-109.63115692138672,-6.434220314025879,77.27706909179688,0.25099276449513824
19,37,-11.3183012008667,41.22894287109375,-26.699426651000977,-109.03182220458984,-6.296806335449219,77.78660583496094,0.25309319660809
19,38,-11.407425880432129,41.37205505371094,-25.962966918945312,-109.10868835449219,-6.473213195800781,77.82342529296875,0.25163954388264514
19,39,-11.583629608154297,40.47747039794922,-27.013286590576172,-108.11434936523438,-6.110084533691406,77.11156463623047,0.2531001060702737
19,40,-11.713717460632324,40.14447784423828,-26.835294723510742,-108.29862976074219,-5.975530624389648,76.42723846435547,0.2521542953242388
19,41,-12.052886962890625,40.89768981933594,-26.588695526123047,-108.19367980957031,-6.118083953857422,74.04686737060547,0.2527432060677342
19,42,-12.672511100769043,41.252559661865234,-25.724905014038086,-108.65275573730469,-6.271181106567383,60.72067642211914,0.25115123734067996
19,43,-12.747591018676758,40.11181640625,-26.82416534423828,-108.60185241699219,-5.8904194831848145,57.90497589111328,0.2519470350840603
19,44,-13.304365158081055,40.2379035949707,-26.59040641784668,-108.48486328125,-5.926299095153809,58.433319091796875,0.2516685456462729
19,45,-14.59974193572998,41.975311279296875,-27.559593200683594,-107.47950744628906,-5.808493614196777,65.11695861816406,0.2566223911490919
19,46,-16.930116653442383,43.21842956542969,-29.62980842590332,-106.4263916015625,-4.816498756408691,70.93799591064453,0.2628629937906174
19,47,-18.370332717895508,42.36791229248047,-31.53403663635254,-105.29059600830078,-4.475576400756836,65.90641784667969,0.2656944561963572
19,48,-17.873218536376953,41.70706558227539,-31.480031967163086,-106.17417907714844,-4.753457069396973,65.2266616821289,0.2645831485720771
19,49,-9.029135704040527,32.642333984375,-21.78968048095703,-86.61698150634766,-6.224292755126953,49.32257080078125,0.23711483075268436
20,0,-14.780296325683594,83.52658081054688,-1.3574562072753906,-90.21454620361328,-6.9906206130981445,64.31275939941406,0.25588682687209907
20,1,-14.52565860748291,81.36164093017578,0.26682090759277344,-92.13095092773438,-7.365939140319824,65.78433227539062,0.2510298589444565
20,2,-14.057212829589844,77.3587417602539,-1.7386054992675781,-93.48841857910156,-7.385705947875977,67.87593078613281,0.25073780922879246
20,3,-14.637883186340332,74.86744689941406,-4.676883697509766,-93.02165985107422,-7.655393600463867,72.49124908447266,0.25378908670586564
20,4,-14.698725700378418,72.02787017822266,-8.628541946411133,-92.5169906616211,-7.544255256652832,72.0433349609375,0.25808223479043346
20,5,-14.586420059204102,67.02494812011719,-13.479071617126465,-92.70738983154297,-7.418816566467285,73.90426635742188,0.2615383639615559
20,6,-13.205909729003906,63.56886672973633,-21.964435577392578,-92.16801452636719,-6.563702583312988,79.26675415039062,0.2714501934372585
20,7,-12.837577819824219,63.20411682128906,-24.417869567871094,-92.58012390136719,-6.974636077880859,85.3110580444336,0.27473201457075547
20,8,-11.72547435760498,61.606346130371094,-25.469205856323242,-94.34471130371094,-7.03208065032959,85.01469421386719,0.2754492748772488
20,9,-10.605456352233887,61.07191848754883,-25.41779899597168,-95.20413208007812,-6.973566055297852,84.10623931884766,0.27516452823055687
20,10,-10.107404708862305,59.50784683227539,-27.50844955444336,-96.08771514892578,-6.86541748046875,83.54340362548828,0.2770509796054995
20,11,-9.962357521057129,58.241764068603516,-28.52235984802246,-97.08023834228516,-6.807568550109863,83.38211059570312,0.2776550806061169
20,12,-9.817127227783203,56.712650299072266,-29.362098693847656,-97.69730377197266,-6.681617736816406,83.16571044921875,0.27762248879858653
20,13,-9.068390846252441,55.11827850341797,-29.351099014282227,-97.78477478027344,-6.602212905883789,82.63204956054688,0.27608037660770013
20,14,-8.73330307006836,54.135128021240234,-29.41964340209961,-98.93273162841797,-6.652705192565918,82.09103393554688,0.275446060117268
20,15,-8.921879768371582,53.441585540771484,-28.937679290771484,-99.60693359375,-6.715546607971191,82.4861068725586,0.27406857346681496
20,16,-9.022340774536133,54.787288665771484,-26.78618812561035,-100.5365219116211,-6.954251289367676,81.36046600341797,0.2720173854121755
20,17,-9.271208763122559,53.46837615966797,-26.343101501464844,-101.89195251464844,-7.026775360107422,80.96005249023438,0.26981054311571606
20,18,-9.566744804382324,53.619388580322266,-24.56707763671875,-102.74268341064453,-6.94410514831543,80.3831787109375,0.266686362058593
20,19,-9.189833641052246,53.13701248168945,-22.96302032470703,-104.34820556640625,-6.942598342895508,80.00218200683594,0.26275690885619235
20,20,-8.98762321472168,51.289974212646484,-23.418785095214844,-104.35071563720703,-6.792548179626465,80.46430969238281,0.26136551994653967
20,21,-8.787346839904785,49.17844009399414,-24.458383560180664,-103.79563903808594,-6.580399513244629,79.32600402832031,0.2608987180612586
20,22,-8.747061729431152,49.79218673706055,-22.312541961669922,-104.031494140625,-6.594605445861816,79.13018798828125,0.25731569010479216
20,23,-9.028154373168945,48.762245178222656,-22.740646362304688,-103.93731689453125,-6.492422103881836,78.48928833007812,0.2568837113169234
20,24,-9.510820388793945,49.29035949707031,-22.76486587524414,-104.0644760131836,-6.556336402893066,76.91734313964844,0.25757978499629197
20,25,-9.347002029418945,48.94412612915039,-23.296825408935547,-104.35246276855469,-6.545244216918945,77.674560546875,0.2581325537406247
20,26,-9.667804718017578,48.00400161743164,-22.793563842773438,-105.3817138671875,-6.309597969055176,77.27743530273438,0.25553614523343227
20,27,-10.68320369720459,48.249183654785156,-23.12107276916504,-105.54633331298828,-6.464461326599121,77.18768310546875,0.2564912872078209
20,28,-10.40579605102539,47.75487518310547,-22.910568237304688,-106.89054870605469,-6.172656059265137,77.61534118652344,0.2548863809531741
20,29,-10.603508949279785,47.228355407714844,-24.42279052734375,-107.19462585449219,-6.256741523742676,77.1917724609375,0.257280962820561
20,30,-10.541645050048828,47.125831604003906,-24.342609405517578,-107.62288665771484,-6.138071060180664,77.29386901855469,0.25680982643026373
20,31,-11.088948249816895,46.30991744995117,-24.806781768798828,-107.44654083251953,-6.208904266357422,77.68251037597656,0.25675797379672194
20,32,-11.046573638916016,45.498634338378906,-24.65683937072754,-108.03720092773438,-6.131087303161621,79.31404113769531,0.2550880907659913
20,33,-11.271566390991211,44.52751159667969,-25.386110305786133,-108.34114074707031,-6.079239845275879,78.26931762695312,0.2551906813952366
20,34,-11.584424018859863,44.16129684448242,-24.937755584716797,-108.33172607421875,-6.180593490600586,78.90232849121094,0.2537080407069644
20,35,-11.464773178100586,42.5660400390625,-25.261432647705078,-109.11136627197266,-6.338911056518555,78.0511474609375,0.25179942225615454
20,36,-11.536111831665039,41.655967712402344,-25.60235023498535,-109.63115692138672,-6.434220314025879,77.27706909179688,0.25099276449513824
20,37,-11.3183012008667,41.22894287109375,-26.699426651000977,-109.03182220458984,-6.296806335449219,77.78660583496094,0.25309319660809
20,38,-11.407425880432129,41.37205505371094,-25.962966918945312,-109.10868835449219,-6.473213195800781,77.82342529296875,0.25163954388264514
20,39,-11.583629608154297,40.47747039794922,-27.013286590576172,-108.11434936523438,-6.110084533691406,77.11156463623047,0.2531001060702737
20,40,-11.713717460632324,40.14447784423828,-26.835294723510742,-108.29862976074219,-5.975530624389648,76.42723846435547,0.2521542953242388
20,41,-12.052886962890625,40.89768981933594,-26.588695526123047,-108.19367980957031,-6.118083953857422,74.04686737060547,0.2527432060677342
20,42,-12.672511100769043,41.252559661865234,-25.724905014038086,-108.65275573730469,-6.271181106567383,60.72067642211914,0.25115123734067996
20,43,-12.747591018676758,40.11181640625,-26.82416534423828,-108.60185241699219,-5.8904194831848145,57.90497589111328,0.2519470350840603
20,44,-13.304365158081055,40.2379035949707,-26.59040641784668,-108.48486328125,-5.926299095153809,58.433319091796875,0.2516685456462729
20,45,-14.59974193572998,41.975311279296875,-27.559593200683594,-107.47950744628906,-5.808493614196777,65.11695861816406,0.2566223911490919
20,46,-16.930116653442383,43.21842956542969,-29.62980842590332,-106.4263916015625,-4.816498756408691,70.93799591064453,0.2628629937906174
20,47,-18.370332717895508,42.36791229248047,-31.53403663635254,-105.29059600830078,-4.475576400756836,65.90641784667969,0.2656944561963572
20,48,-17.873218536376953,41.70706558227539,-31.480031967163086,-106.17417907714844,-4.753457069396973,65.2266616821289,0.2645831485720771
20,49,-9.029135704040527,32.642333984375,-21.78968048095703,-86.61698150634766,-6.224292755126953,49.32257080078125,0.23711483075268436
21,0,-14.780296325683594,83.52658081054688,-1.3574562072753906,-90.21454620361328,-6.9906206130981445,64.31275939941406,0.25588682687209907
21,1,-14.52565860748291,81.36164093017578,0.26682090759277344,-92.13095092773438,-7.365939140319824,65.78433227539062,0.2510298589444565
21,2,-14.057212829589844,77.3587417602539,-1.7386054992675781,-93.48841857910156,-7.385705947875977,67.87593078613281,0.25073780922879246
21,3,-14.637883186340332,74.86744689941406,-4.676883697509766,-93.02165985107422,-7.655393600463867,72.49124908447266,0.25378908670586564
21,4,-14.698725700378418,72.02787017822266,-8.628541946411133,-92.5169906616211,-7.544255256652832,72.0433349609375,0.25808223479043346
21,5,-14.586420059204102,67.02494812011719,-13.479071617126465,-92.70738983154297,-7.418816566467285,73.90426635742188,0.2615383639615559
21,6,-13.205909729003906,63.56886672973633,-21.964435577392578,-92.16801452636719,-6.563702583312988,79.26675415039062,0.2714501934372585
21,7,-12.837577819824219,63.20411682128906,-24.417869567871094,-92.58012390136719,-6.974636077880859,85.3110580444336,0.27473201457075547
21,8,-11.72547435760498,61.606346130371094,-25.469205856323242,-94.34471130371094,-7.03208065032959,85.01469421386719,0.2754492748772488
21,9,-10.605456352233887,61.07191848754883,-25.41779899597168,-95.20413208007812,-6.973566055297852,84.10623931884766,0.27516452823055687
21,10,-10.107404708862305,59.50784683227539,-27.50844955444336,-96.08771514892578,-6.86541748046875,83.54340362548828,0.2770509796054995
21,11,-9.962357521057129,58.241764068603516,-28.52235984802246,-97.08023834228516,-6.807568550109863,83.38211059570312,0.2776550806061169
21,12,-9.817127227783203,56.712650299072266,-29.362098693847656,-97.69730377197266,-6.681617736816406,83.16571044921875,0.27762248879858653
21,13,-9.068390846252441,55.11827850341797,-29.351099014282227,-97.78477478027344,-6.602212905883789,82.63204956054688,0.27608037660770013
21,14,-8.73330307006836,54.135128021240234,-29.41964340209961,-98.93273162841797,-6.652705192565918,82.09103393554688,0.275446060117268
21,15,-8.921879768371582,53.441585540771484,-28.937679290771484,-99.60693359375,-6.715546607971191,82.4861068725586,0.27406857346681496
21,16,-9.022340774536133,54.787288665771484,-26.78618812561035,-100.5365219116211,-6.954251289367676,81.36046600341797,0.2720173854121755
21,17,-9.271208763122559,53.46837615966797,-26.343101501464844,-101.89195251464844,-7.026775360107422,80.96005249023438,0.26981054311571606
21,18,-9.566744804382324,53.619388580322266,-24.56707763671875,-102.74268341064453,-6.94410514831543,80.3831787109375,0.266686362058593
21,19,-9.189833641052246,53.13701248168945,-22.96302032470703,-104.34820556640625,-6.942598342895508,80.00218200683594,0.26275690885619235
21,20,-8.98762321472168,51.289974212646484,-23.418785095214844,-104.35071563720703,-6.792548179626465,80.46430969238281,0.26136551994653967
21,21,-8.787346839904785,49.17844009399414,-24.458383560180664,-103.79563903808594,-6.580399513244629,79.32600402832031,0.2608987180612586
21,22,-8.747061729431152,49.79218673706055,-22.312541961669922,-104.031494140625,-6.594605445861816,79.13018798828125,0.25731569010479216
21,23,-9.028154373168945,48.762245178222656,-22.740646362304688,-103.93731689453125,-6.492422103881836,78.48928833007812,0.2568837113169234
21,24,-9.510820388793945,49.29035949707031,-22.76486587524414,-104.0644760131836,-6.556336402893066,76.91734313964844,0.25757978499629197
21,25,-9.347002029418945,48.94412612915039,-23.296825408935547,-104.35246276855469,-6.545244216918945,77.674560546875,0.2581325537406247
21,26,-9.667804718017578,48.00400161743164,-22.793563842773438,-105.3817138671875,-6.309597969055176,77.27743530273438,0.25553614523343227
21,27,-10.68320369720459,48.249183654785156,-23.12107276916504,-105.54633331298828,-6.464461326599121,77.18768310546875,0.2564912872078209
21,28,-10.40579605102539,47.75487518310547,-22.910568237304688,-106.89054870605469,-6.172656059265137,77.61534118652344,0.2548863809531741
21,29,-10.603508949279785,47.228355407714844,-24.42279052734375,-107.19462585449219,-6.256741523742676,77.1917724609375,0.257280962820561
21,30,-10.541645050048828,47.125831604003906,-24.342609405517578,-107.62288665771484,-6.138071060180664,77.29386901855469,0.25680982643026373
21,31,-11.088948249816895,46.30991744995117,-24.806781768798828,-107.44654083251953,-6.208904266357422,77.68251037597656,0.25675797379672194
21,32,-11.046573638916016,45.498634338378906,-24.65683937072754,-108.03720092773438,-6.131087303161621,79.31404113769531,0.2550880907659913
21,33,-11.271566390991211,44.52751159667969,-25.386110305786133,-108.34114074707031,-6.079239845275879,78.26931762695312,0.2551906813952366
21,34,-11.584424018859863,44.16129684448242,-24.937755584716797,-108.33172607421875,-6.180593490600586,78.90232849121094,0.2537080407069644
21,35,-11.464773178100586,42.5660400390625,-25.261432647705078,-109.11136627197266,-6.338911056518555,78.0511474609375,0.25179942225615454
21,36,-11.536111831665039,41.655967712402344,-25.60235023498535,-109.63115692138672,-6.434220314025879,77.27706909179688,0.25099276449513824
21,37,-11.3183012008667,41.22894287109375,-26.699426651000977,-109.03182220458984,-6.296806335449219,77.78660583496094,0.25309319660809
21,38,-11.407425880432129,41.37205505371094,-25.962966918945312,-109.10868835449219,-6.473213195800781,77.82342529296875,0.25163954388264514
21,39,-11.583629608154297,40.47747039794922,-27.013286590576172,-108.11434936523438,-6.110084533691406,77.11156463623047,0.2531001060702737
21,40,-11.713717460632324,40.14447784423828,-26.835294723510742,-108.29862976074219,-5.975530624389648,76.42723846435547,0.2521542953242388
21,41,-12.052886962890625,40.89768981933594,-26.588695526123047,-108.19367980957031,-6.118083953857422,74.04686737060547,0.2527432060677342
21,42,-12.672511100769043,41.252559661865234,-25.724905014038086,-108.65275573730469,-6.271181106567383,60.72067642211914,0.25115123734067996
21,43,-12.747591018676758,40.11181640625,-26.82416534423828,-108.60185241699219,-5.8904194831848145,57.90497589111328,0.2519470350840603
21,44,-13.304365158081055,40.2379035949707,-26.59040641784668,-108.48486328125,-5.926299095153809,58.433319091796875,0.2516685456462729
21,45,-14.59974193572998,41.975311279296875,-27.559593200683594,-107.47950744628906,-5.808493614196777,65.11695861816406,0.2566223911490919
21,46,-16.930116653442383,43.21842956542969,-29.62980842590332,-106.4263916015625,-4.816498756408691,70.93799591064453,0.2628629937906174
21,47,-18.370332717895508,42.36791229248047,-31.53403663635254,-105.29059600830078,-4.475576400756836,65.90641784667969,0.2656944561963572
21,48,-17.873218536376953,41.70706558227539,-31.480031967163086,-106.17417907714844,-4.753457069396973,65.2266616821289,0.2645831485720771
21,49,-9.029135704040527,32.642333984375,-21.78968048095703,-86.61698150634766,-6.224292755126953,49.32257080078125,0.23711483075268436
22,0,-14.780296325683594,83.52658081054688,-1.3574562072753906,-90.21454620361328,-6.9906206130981445,64.31275939941406,0.25588682687209907
22,1,-14.52565860748291,81.36164093017578,0.26682090759277344,-92.13095092773438,-7.365939140319824,65.78433227539062,0.2510298589444565
22,2,-14.057212829589844,77.3587417602539,-1.7386054992675781,-93.48841857910156,-7.385705947875977,67.87593078613281,0.25073780922879246
22,3,-14.637883186340332,74.86744689941406,-4.676883697509766,-93.02165985107422,-7.655393600463867,72.49124908447266,0.25378908670586564
22,4,-14.698725700378418,72.02787017822266,-8.628541946411133,-92.5169906616211,-7.544255256652832,72.0433349609375,0.25808223479043346
22,5,-14.586420059204102,67.02494812011719,-13.479071617126465,-92.70738983154297,-7.418816566467285,73.90426635742188,0.2615383639615559
22,6,-13.205909729003906,63.56886672973633,-21.964435577392578,-92.16801452636719,-6.563702583312988,79.26675415039062,0.2714501934372585
22,7,-12.837577819824219,63.20411682128906,-24.417869567871094,-92.58012390136719,-6.974636077880859,85.3110580444336,0.27473201457075547
22,8,-11.72547435760498,61.606346130371094,-25.469205856323242,-94.34471130371094,-7.03208065032959,85.01469421386719,0.2754492748772488
22,9,-10.605456352233887,61.07191848754883,-25.41779899597168,-95.20413208007812,-6.973566055297852,84.10623931884766,0.27516452823055687
22,10,-10.107404708862305,59.50784683227539,-27.50844955444336,-96.08771514892578,-6.86541748046875,83.54340362548828,0.2770509796054995
22,11,-9.962357521057129,58.241764068603516,-28.52235984802246,-97.08023834228516,-6.807568550109863,83.38211059570312,0.2776550806061169
22,12,-9.817127227783203,56.712650299072266,-29.362098693847656,-97.69730377197266,-6.681617736816406,83.16571044921875,0.27762248879858653
22,13,-9.068390846252441,55.11827850341797,-29.351099014282227,-97.78477478027344,-6.602212905883789,82.63204956054688,0.27608037660770013
22,14,-8.73330307006836,54.135128021240234,-29.41964340209961,-98.93273162841797,-6.652705192565918,82.09103393554688,0.275446060117268
22,15,-8.921879768371582,53.441585540771484,-28.937679290771484,-99.60693359375,-6.715546607971191,82.4861068725586,0.27406857346681496
22,16,-9.022340774536133,54.787288665771484,-26.78618812561035,-100.5365219116211,-6.954251289367676,81.36046600341797,0.2720173854121755
22,17,-9.271208763122559,53.46837615966797,-26.343101501464844,-101.89195251464844,-7.026775360107422,80.96005249023438,0.26981054311571606
22,18,-9.566744804382324,53.619388580322266,-24.56707763671875,-102.74268341064453,-6.94410514831543,80.3831787109375,0.266686362058593
22,19,-9.189833641052246,53.13701248168945,-22.96302032470703,-104.34820556640625,-6.942598342895508,80.00218200683594,0.26275690885619235
22,20,-8.98762321472168,51.289974212646484,-23.418785095214844,-104.35071563720703,-6.792548179626465,80.46430969238281,0.26136551994653967
22,21,-8.787346839904785,49.17844009399414,-24.458383560180664,-103.79563903808594,-6.580399513244629,79.32600402832031,0.2608987180612586
22,22,-8.747061729431152,49.79218673706055,-22.312541961669922,-104.031494140625,-6.594605445861816,79.13018798828125,0.25731569010479216
22,23,-9.028154373168945,48.762245178222656,-22.740646362304688,-103.93731689453125,-6.492422103881836,78.48928833007812,0.2568837113169234
22,24,-9.510820388793945,49.29035949707031,-22.76486587524414,-104.0644760131836,-6.556336402893066,76.91734313964844,0.25757978499629197
22,25,-9.347002029418945,48.94412612915039,-23.296825408935547,-104.35246276855469,-6.545244216918945,77.674560546875,0.2581325537406247
22,26,-9.667804718017578,48.00400161743164,-22.793563842773438,-105.3817138671875,-6.309597969055176,77.27743530273438,0.25553614523343227
22,27,-10.68320369720459,48.249183654785156,-23.12107276916504,-105.54633331298828,-6.464461326599121,77.18768310546875,0.2564912872078209
22,28,-10.40579605102539,47.75487518310547,-22.910568237304688,-106.89054870605469,-6.172656059265137,77.61534118652344,0.2548863809531741
22,29,-10.603508949279785,47.228355407714844,-24.42279052734375,-107.19462585449219,-6.256741523742676,77.1917724609375,0.257280962820561
22,30,-10.541645050048828,47.125831604003906,-24.342609405517578,-107.62288665771484,-6.138071060180664,77.29386901855469,0.25680982643026373
22,31,-11.088948249816895,46.30991744995117,-24.806781768798828,-107.44654083251953,-6.208904266357422,77.68251037597656,0.25675797379672194
22,32,-11.046573638916016,45.498634338378906,-24.65683937072754,-108.03720092773438,-6.131087303161621,79.31404113769531,0.2550880907659913
22,33,-11.271566390991211,44.52751159667969,-25.386110305786133,-108.34114074707031,-6.079239845275879,78.26931762695312,0.2551906813952366
22,34,-11.584424018859863,44.16129684448242,-24.937755584716797,-108.33172607421875,-6.180593490600586,78.90232849121094,0.2537080407069644
22,35,-11.464773178100586,42.5660400390625,-25.261432647705078,-109.11136627197266,-6.338911056518555,78.0511474609375,0.25179942225615454
22,36,-11.536111831665039,41.655967712402344,-25.60235023498535,-109.63115692138672,-6.434220314025879,77.27706909179688,0.25099276449513824
22,37,-11.3183012008667,41.22894287109375,-26.699426651000977,-109.03182220458984,-6.296806335449219,77.78660583496094,0.25309319660809
22,38,-11.407425880432129,41.37205505371094,-25.962966918945312,-109.10868835449219,-6.473213195800781,77.82342529296875,0.25163954388264514
22,39,-11.583629608154297,40.47747039794922,-27.013286590576172,-108.11434936523438,-6.110084533691406,77.11156463623047,0.2531001060702737
22,40,-11.713717460632324,40.14447784423828,-26.835294723510742,-108.29862976074219,-5.975530624389648,76.42723846435547,0.2521542953242388
22,41,-12.052886962890625,40.89768981933594,-26.588695526123047,-108.19367980957031,-6.118083953857422,74.04686737060547,0.2527432060677342
22,42,-12.672511100769043,41.252559661865234,-25.724905014038086,-108.65275573730469,-6.271181106567383,60.72067642211914,0.25115123734067996
22,43,-12.747591018676758,40.11181640625,-26.82416534423828,-108.60185241699219,-5.8904194831848145,57.90497589111328,0.2519470350840603
22,44,-13.304365158081055,40.2379035949707,-26.59040641784668,-108.48486328125,-5.926299095153809,58.433319091796875,0.2516685456462729
22,45,-14.59974193572998,41.975311279296875,-27.559593200683594,-107.47950744628906,-5.808493614196777,65.11695861816406,0.2566223911490919
22,46,-16.930116653442383,43.21842956542969,-29.62980842590332,-106.4263916015625,-4.816498756408691,70.93799591064453,0.2628629937906174
22,47,-18.370332717895508,42.36791229248047,-31.53403663635254,-105.29059600830078,-4.475576400756836,65.90641784667969,0.2656944561963572
22,48,-17.873218536376953,41.70706558227539,-31.480031967163086,-106.17417907714844,-4.753457069396973,65.2266616821289,0.2645831485720771
22,49,-9.029135704040527,32.642333984375,-21.78968048095703,-86.61698150634766,-6.224292755126953,49.32257080078125,0.23711483075268436
23,0,-14.780296325683594,83.52658081054688,-1.3574562072753906,-90.21454620361328,-6.9906206130981445,64.31275939941406,0.25588682687209907
23,1,-14.52565860748291,81.36164093017578,0.26682090759277344,-92.13095092773438,-7.365939140319824,65.78433227539062,0.2510298589444565
23,2,-14.057212829589844,77.3587417602539,-1.7386054992675781,-93.48841857910156,-7.385705947875977,67.87593078613281,0.25073780922879246
23,3,-14.637883186340332,74.86744689941406,-4.676883697509766,-93.02165985107422,-7.655393600463867,72.49124908447266,0.25378908670586564
23,4,-14.698725700378418,72.02787017822266,-8.628541946411133,-92.5169906616211,-7.544255256652832,72.0433349609375,0.25808223479043346
23,5,-14.586420059204102,67.02494812011719,-13.479071617126465,-92.70738983154297,-7.418816566467285,73.90426635742188,0.2615383639615559
23,6,-13.205909729003906,63.56886672973633,-21.964435577392578,-92.16801452636719,-6.563702583312988,79.26675415039062,0.2714501934372585
23,7,-12.837577819824219,63.20411682128906,-24.417869567871094,-92.58012390136719,-6.974636077880859,85.3110580444336,0.27473201457075547
23,8,-11.72547435760498,61.606346130371094,-25.469205856323242,-94.34471130371094,-7.03208065032959,85.01469421386719,0.2754492748772488
23,9,-10.605456352233887,61.07191848754883,-25.41779899597168,-95.20413208007812,-6.973566055297852,84.10623931884766,0.27516452823055687
23,10,-10.107404708862305,59.50784683227539,-27.50844955444336,-96.08771514892578,-6.86541748046875,83.54340362548828,0.2770509796054995
23,11,-9.962357521057129,58.241764068603516,-28.52235984802246,-97.08023834228516,-6.807568550109863,83.38211059570312,0.2776550806061169
23,12,-9.817127227783203,56.712650299072266,-29.362098693847656,-97.69730377197266,-6.681617736816406,83.16571044921875,0.27762248879858653
23,13,-9.068390846252441,55.11827850341797,-29.351099014282227,-97.78477478027344,-6.602212905883789,82.63204956054688,0.27608037660770013
23,14,-8.73330307006836,54.135128021240234,-29.41964340209961,-98.93273162841797,-6.652705192565918,82.09103393554688,0.275446060117268
23,15,-8.921879768371582,53.441585540771484,-28.937679290771484,-99.60693359375,-6.715546607971191,82.4861068725586,0.27406857346681496
23,16,-9.022340774536133,54.787288665771484,-26.78618812561035,-100.5365219116211,-6.954251289367676,81.36046600341797,0.2720173854121755
23,17,-9.271208763122559,53.46837615966797,-26.343101501464844,-101.89195251464844,-7.026775360107422,80.96005249023438,0.26981054311571606
23,18,-9.566744804382324,53.619388580322266,-24.56707763671875,-102.74268341064453,-6.94410514831543,80.3831787109375,0.266686362058593
23,19,-9.189833641052246,53.13701248168945,-22.96302032470703,-104.34820556640625,-6.942598342895508,80.00218200683594,0.26275690885619235
23,20,-8.98762321472168,51.289974212646484,-23.418785095214844,-104.35071563720703,-6.792548179626465,80.46430969238281,0.26136551994653967
23,21,-8.787346839904785,49.17844009399414,-24.458383560180664,-103.79563903808594,-6.580399513244629,79.32600402832031,0.2608987180612586
23,22,-8.747061729431152,49.79218673706055,-22.312541961669922,-104.031494140625,-6.594605445861816,79.13018798828125,0.25731569010479216
23,23,-9.028154373168945,48.762245178222656,-22.740646362304688,-103.93731689453125,-6.492422103881836,78.48928833007812,0.2568837113169234
23,24,-9.510820388793945,49.29035949707031,-22.76486587524414,-104.0644760131836,-6.556336402893066,76.91734313964844,0.25757978499629197
23,25,-9.347002029418945,48.94412612915039,-23.296825408935547,-104.35246276855469,-6.545244216918945,77.674560546875,0.2581325537406247
23,26,-9.667804718017578,48.00400161743164,-22.793563842773438,-105.3817138671875,-6.309597969055176,77.27743530273438,0.25553614523343227
23,27,-10.68320369720459,48.249183654785156,-23.12107276916504,-105.54633331298828,-6.464461326599121,77.18768310546875,0.2564912872078209
23,28,-10.40579605102539,47.75487518310547,-22.910568237304688,-106.89054870605469,-6.172656059265137,77.61534118652344,0.2548863809531741
23,29,-10.603508949279785,47.228355407714844,-24.42279052734375,-107.19462585449219,-6.256741523742676,77.1917724609375,0.257280962820561
23,30,-10.541645050048828,47.125831604003906,-24.342609405517578,-107.62288665771484,-6.138071060180664,77.29386901855469,0.25680982643026373
23,31,-11.088948249816895,46.30991744995117,-24.806781768798828,-107.44654083251953,-6.208904266357422,77.68251037597656,0.25675797379672194
23,32,-11.046573638916016,45.498634338378906,-24.65683937072754,-108.03720092773438,-6.131087303161621,79.31404113769531,0.2550880907659913
23,33,-11.271566390991211,44.52751159667969,-25.386110305786133,-108.34114074707031,-6.079239845275879,78.26931762695312,0.2551906813952366
23,34,-11.584424018859863,44.16129684448242,-24.937755584716797,-108.33172607421875,-6.180593490600586,78.90232849121094,0.2537080407069644
23,35,-11.464773178100586,42.5660400390625,-25.261432647705078,-109.11136627197266,-6.338911056518555,78.0511474609375,0.25179942225615454
23,36,-11.536111831665039,41.655967712402344,-25.60235023498535,-109.63115692138672,-6.434220314025879,77.27706909179688,0.25099276449513824
23,37,-11.3183012008667,41.22894287109375,-26.699426651000977,-109.03182220458984,-6.296806335449219,77.78660583496094,0.25309319660809
23,38,-11.407425880432129,41.37205505371094,-25.962966918945312,-109.10868835449219,-6.473213195800781,77.82342529296875,0.25163954388264514
23,39,-11.583629608154297,40.47747039794922,-27.013286590576172,-108.11434936523438,-6.110084533691406,77.11156463623047,0.2531001060702737
23,40,-11.713717460632324,40.14447784423828,-26.835294723510742,-108.29862976074219,-5.975530624389648,76.42723846435547,0.2521542953242388
23,41,-12.052886962890625,40.89768981933594,-26.588695526123047,-108.19367980957031,-6.118083953857422,74.04686737060547,0.2527432060677342
23,42,-12.672511100769043,41.252559661865234,-25.724905014038086,-108.65275573730469,-6.271181106567383,60.72067642211914,0.25115123734067996
23,43,-12.747591018676758,40.11181640625,-26.82416534423828,-108.60185241699219,-5.8904194831848145,57.90497589111328,0.2519470350840603
23,44,-13.304365158081055,40.2379035949707,-26.59040641784668,-108.48486328125,-5.926299095153809,58.433319091796875,0.2516685456462729
23,45,-14.59974193572998,41.975311279296875,-27.559593200683594,-107.47950744628906,-5.808493614196777,65.11695861816406,0.2566223911490919
23,46,-16.930116653442383,43.21842956542969,-29.62980842590332,-106.4263916015625,-4.816498756408691,70.93799591064453,0.2628629937906174
23,47,-18.370332717895508,42.36791229248047,-31.53403663635254,-105.29059600830078,-4.475576400756836,65.90641784667969,0.2656944561963572
23,48,-17.873218536376953,41.70706558227539,-31.480031967163086,-106.17417907714844,-4.753457069396973,65.2266616821289,0.2645831485720771
23,49,-9.029135704040527,32.642333984375,-21.78968048095703,-86.61698150634766,-6.224292755126953,49.32257080078125,0.23711483075268436
24,0,-14.780296325683594,83.52658081054688,-1.3574562072753906,-90.21454620361328,-6.9906206130981445,64.31275939941406,0.25588682687209907
24,1,-14.52565860748291,81.36164093017578,0.26682090759277344,-92.13095092773438,-7.365939140319824,65.78433227539062,0.2510298589444565
24,2,-14.057212829589844,77.3587417602539,-1.7386054992675781,-93.48841857910156,-7.385705947875977,67.87593078613281,0.25073780922879246
24,3,-14.637883186340332,74.86744689941406,-4.676883697509766,-93.02165985107422,-7.655393600463867,72.49124908447266,0.25378908670586564
24,4,-14.698725700378418,72.02787017822266,-8.628541946411133,-92.5169906616211,-7.544255256652832,72.0433349609375,0.25808223479043346
24,5,-14.586420059204102,67.02494812011719,-13.479071617126465,-92.70738983154297,-7.418816566467285,73.90426635742188,0.2615383639615559
24,6,-13.205909729003906,63.56886672973633,-21.964435577392578,-92.16801452636719,-6.563702583312988,79.26675415039062,0.2714501934372585
24,7,-12.837577819824219,63.20411682128906,-24.417869567871094,-92.58012390136719,-6.974636077880859,85.3110580444336,0.27473201457075547
24,8,-11.72547435760498,61.606346130371094,-25.469205856323242,-94.34471130371094,-7.03208065032959,85.01469421386719,0.2754492748772488
24,9,-10.605456352233887,61.07191848754883,-25.41779899597168,-95.20413208007812,-6.973566055297852,84.10623931884766,0.27516452823055687
24,10,-10.107404708862305,59.50784683227539,-27.50844955444336,-96.08771514892578,-6.86541748046875,83.54340362548828,0.2770509796054995
24,11,-9.962357521057129,58.241764068603516,-28.52235984802246,-97.08023834228516,-6.807568550109863,83.38211059570312,0.2776550806061169
24,12,-9.817127227783203,56.712650299072266,-29.362098693847656,-97.69730377197266,-6.681617736816406,83.16571044921875,0.27762248879858653
24,13,-9.068390846252441,55.11827850341797,-29.351099014282227,-97.78477478027344,-6.602212905883789,82.63204956054688,0.27608037660770013
24,14,-8.73330307006836,54.135128021240234,-29.41964340209961,-98.93273162841797,-6.652705192565918,82.09103393554688,0.275446060117268
24,15,-8.921879768371582,53.441585540771484,-28.937679290771484,-99.60693359375,-6.715546607971191,82.4861068725586,0.27406857346681496
24,16,-9.022340774536133,54.787288665771484,-26.78618812561035,-100.5365219116211,-6.954251289367676,81.36046600341797,0.2720173854121755
24,17,-9.271208763122559,53.46837615966797,-26.343101501464844,-101.89195251464844,-7.026775360107422,80.96005249023438,0.26981054311571606
24,18,-9.566744804382324,53.619388580322266,-24.56707763671875,-102.74268341064453,-6.94410514831543,80.3831787109375,0.266686362058593
24,19,-9.189833641052246,53.13701248168945,-22.96302032470703,-104.34820556640625,-6.942598342895508,80.00218200683594,0.26275690885619235
24,20,-8.98762321472168,51.289974212646484,-23.418785095214844,-104.35071563720703,-6.792548179626465,80.46430969238281,0.26136551994653967
24,21,-8.787346839904785,49.17844009399414,-24.458383560180664,-103.79563903808594,-6.580399513244629,79.32600402832031,0.2608987180612586
24,22,-8.747061729431152,49.79218673706055,-22.312541961669922,-104.031494140625,-6.594605445861816,79.13018798828125,0.25731569010479216
24,23,-9.028154373168945,48.762245178222656,-22.740646362304688,-103.93731689453125,-6.492422103881836,78.48928833007812,0.2568837113169234
24,24,-9.510820388793945,49.29035949707031,-22.76486587524414,-104.0644760131836,-6.556336402893066,76.91734313964844,0.25757978499629197
24,25,-9.347002029418945,48.94412612915039,-23.296825408935547,-104.35246276855469,-6.545244216918945,77.674560546875,0.2581325537406247
24,26,-9.667804718017578,48.00400161743164,-22.793563842773438,-105.3817138671875,-6.309597969055176,77.27743530273438,0.25553614523343227
24,27,-10.68320369720459,48.249183654785156,-23.12107276916504,-105.54633331298828,-6.464461326599121,77.18768310546875,0.2564912872078209
24,28,-10.40579605102539,47.75487518310547,-22.910568237304688,-106.89054870605469,-6.172656059265137,77.61534118652344,0.2548863809531741
24,29,-10.603508949279785,47.228355407714844,-24.42279052734375,-107.19462585449219,-6.256741523742676,77.1917724609375,0.257280962820561
24,30,-10.541645050048828,47.125831604003906,-24.342609405517578,-107.62288665771484,-6.138071060180664,77.29386901855469,0.25680982643026373
24,31,-11.088948249816895,46.30991744995117,-24.806781768798828,-107.44654083251953,-6.208904266357422,77.68251037597656,0.25675797379672194
24,32,-11.046573638916016,45.498634338378906,-24.65683937072754,-108.03720092773438,-6.131087303161621,79.31404113769531,0.2550880907659913
24,33,-11.271566390991211,44.52751159667969,-25.386110305786133,-108.34114074707031,-6.079239845275879,78.26931762695312,0.2551906813952366
24,34,-11.584424018859863,44.16129684448242,-24.937755584716797,-108.33172607421875,-6.180593490600586,78.90232849121094,0.2537080407069644
24,35,-11.464773178100586,42.5660400390625,-25.261432647705078,-109.11136627197266,-6.338911056518555,78.0511474609375,0.25179942225615454
24,36,-11.536111831665039,41.655967712402344,-25.60235023498535,-109.63115692138672,-6.434220314025879,77.27706909179688,0.25099276449513824
24,37,-11.3183012008667,41.22894287109375,-26.699426651000977,-109.03182220458984,-6.296806335449219,77.78660583496094,0.25309319660809
24,38,-11.407425880432129,41.37205505371094,-25.962966918945312,-109.10868835449219,-6.473213195800781,77.82342529296875,0.25163954388264514
24,39,-11.583629608154297,40.47747039794922,-27.013286590576172,-108.11434936523438,-6.110084533691406,77.11156463623047,0.2531001060702737
24,40,-11.713717460632324,40.14447784423828,-26.835294723510742,-108.29862976074219,-5.975530624389648,76.42723846435547,0.2521542953242388
24,41,-12.052886962890625,40.89768981933594,-26.588695526123047,-108.19367980957031,-6.118083953857422,74.04686737060547,0.2527432060677342
24,42,-12.672511100769043,41.252559661865234,-25.724905014038086,-108.65275573730469,-6.271181106567383,60.72067642211914,0.25115123734067996
24,43,-12.747591018676758,40.11181640625,-26.82416534423828,-108.60185241699219,-5.8904194831848145,57.90497589111328,0.2519470350840603
24,44,-13.304365158081055,40.2379035949707,-26.59040641784668,-108.48486328125,-5.926299095153809,58.433319091796875,0.2516685456462729
24,45,-14.59974193572998,41.975311279296875,-27.559593200683594,-107.47950744628906,-5.808493614196777,65.11695861816406,0.2566223911490919
24,46,-16.930116653442383,43.21842956542969,-29.62980842590332,-106.4263916015625,-4.816498756408691,70.93799591064453,0.2628629937906174
24,47,-18.370332717895508,42.36791229248047,-31.53403663635254,-105.29059600830078,-4.475576400756836,65.90641784667969,0.2656944561963572
24,48,-17.873218536376953,41.70706558227539,-31.480031967163086,-106.17417907714844,-4.753457069396973,65.2266616821289,0.2645831485720771
24,49,-9.029135704040527,32.642333984375,-21.78968048095703,-86.61698150634766,-6.224292755126953,49.32257080078125,0.23711483075268436
25,0,-14.780296325683594,83.52658081054688,-1.3574562072753906,-90.21454620361328,-6.9906206130981445,64.31275939941406,0.25588682687209907
25,1,-14.52565860748291,81.36164093017578,0.26682090759277344,-92.13095092773438,-7.365939140319824,65.78433227539062,0.2510298589444565
25,2,-14.057212829589844,77.3587417602539,-1.7386054992675781,-93.48841857910156,-7.385705947875977,67.87593078613281,0.25073780922879246
25,3,-14.637883186340332,74.86744689941406,-4.676883697509766,-93.02165985107422,-7.655393600463867,72.49124908447266,0.25378908670586564
25,4,-14.698725700378418,72.02787017822266,-8.628541946411133,-92.5169906616211,-7.544255256652832,72.0433349609375,0.25808223479043346
25,5,-14.586420059204102,67.02494812011719,-13.479071617126465,-92.70738983154297,-7.418816566467285,73.90426635742188,0.2615383639615559
25,6,-13.205909729003906,63.56886672973633,-21.964435577392578,-92.16801452636719,-6.563702583312988,79.26675415039062,0.2714501934372585
25,7,-12.837577819824219,63.20411682128906,-24.417869567871094,-92.58012390136719,-6.974636077880859,85.3110580444336,0.27473201457075547
25,8,-11.72547435760498,61.606346130371094,-25.469205856323242,-94.34471130371094,-7.03208065032959,85.01469421386719,0.2754492748772488
25,9,-10.605456352233887,61.07191848754883,-25.41779899597168,-95.20413208007812,-6.973566055297852,84.10623931884766,0.27516452823055687
25,10,-10.107404708862305,59.50784683227539,-27.50844955444336,-96.08771514892578,-6.86541748046875,83.54340362548828,0.2770509796054995
25,11,-9.962357521057129,58.241764068603516,-28.52235984802246,-97.08023834228516,-6.807568550109863,83.38211059570312,0.2776550806061169
25,12,-9.817127227783203,56.712650299072266,-29.362098693847656,-97.69730377197266,-6.681617736816406,83.16571044921875,0.27762248879858653
25,13,-9.068390846252441,55.11827850341797,-29.351099014282227,-97.78477478027344,-6.602212905883789,82.63204956054688,0.27608037660770013
25,14,-8.73330307006836,54.135128021240234,-29.41964340209961,-98.93273162841797,-6.652705192565918,82.09103393554688,0.275446060117268
25,15,-8.921879768371582,53.441585540771484,-28.937679290771484,-99.60693359375,-6.715546607971191,82.4861068725586,0.27406857346681496
25,16,-9.022340774536133,54.787288665771484,-26.78618812561035,-100.5365219116211,-6.954251289367676,81.36046600341797,0.2720173854121755
25,17,-9.271208763122559,53.46837615966797,-26.343101501464844,-101.89195251464844,-7.026775360107422,80.96005249023438,0.26981054311571606
25,18,-9.566744804382324,53.619388580322266,-24.56707763671875,-102.74268341064453,-6.94410514831543,80.3831787109375,0.266686362058593
25,19,-9.189833641052246,53.13701248168945,-22.96302032470703,-104.34820556640625,-6.942598342895508,80.00218200683594,0.26275690885619235
25,20,-8.98762321472168,51.289974212646484,-23.418785095214844,-104.35071563720703,-6.792548179626465,80.46430969238281,0.26136551994653967
25,21,-8.787346839904785,49.17844009399414,-24.458383560180664,-103.79563903808594,-6.580399513244629,79.32600402832031,0.2608987180612586
25,22,-8.747061729431152,49.79218673706055,-22.312541961669922,-104.031494140625,-6.594605445861816,79.13018798828125,0.25731569010479216
25,23,-9.028154373168945,48.762245178222656,-22.740646362304688,-103.93731689453125,-6.492422103881836,78.48928833007812,0.2568837113169234
25,24,-9.510820388793945,49.29035949707031,-22.76486587524414,-104.0644760131836,-6.556336402893066,76.91734313964844,0.25757978499629197
25,25,-9.347002029418945,48.94412612915039,-23.296825408935547,-104.35246276855469,-6.545244216918945,77.674560546875,0.2581325537406247
25,26,-9.667804718017578,48.00400161743164,-22.793563842773438,-105.3817138671875,-6.309597969055176,77.27743530273438,0.25553614523343227
25,27,-10.68320369720459,48.249183654785156,-23.12107276916504,-105.54633331298828,-6.464461326599121,77.18768310546875,0.2564912872078209
25,28,-10.40579605102539,47.75487518310547,-22.910568237304688,-106.89054870605469,-6.172656059265137,77.61534118652344,0.2548863809531741
25,29,-10.603508949279785,47.228355407714844,-24.42279052734375,-107.19462585449219,-6.256741523742676,77.1917724609375,0.257280962820561
25,30,-10.541645050048828,47.125831604003906,-24.342609405517578,-107.62288665771484,-6.138071060180664,77.29386901855469,0.25680982643026373
25,31,-11.088948249816895,46.30991744995117,-24.806781768798828,-107.44654083251953,-6.208904266357422,77.68251037597656,0.25675797379672194
25,32,-11.046573638916016,45.498634338378906,-24.65683937072754,-108.03720092773438,-6.131087303161621,79.31404113769531,0.2550880907659913
25,33,-11.271566390991211,44.52751159667969,-25.386110305786133,-108.34114074707031,-6.079239845275879,78.26931762695312,0.2551906813952366
25,34,-11.584424018859863,44.16129684448242,-24.937755584716797,-108.33172607421875,-6.180593490600586,78.90232849121094,0.2537080407069644
25,35,-11.464773178100586,42.5660400390625,-25.261432647705078,-109.11136627197266,-6.338911056518555,78.0511474609375,0.25179942225615454
25,36,-11.536111831665039,41.655967712402344,-25.60235023498535,-109.63115692138672,-6.434220314025879,77.27706909179688,0.25099276449513824
25,37,-11.3183012008667,41.22894287109375,-26.699426651000977,-109.03182220458984,-6.296806335449219,77.78660583496094,0.25309319660809
25,38,-11.407425880432129,41.37205505371094,-25.962966918945312,-109.10868835449219,-6.473213195800781,77.82342529296875,0.25163954388264514
25,39,-11.583629608154297,40.47747039794922,-27.013286590576172,-108.11434936523438,-6.110084533691406,77.11156463623047,0.2531001060702737
25,40,-11.713717460632324,40.14447784423828,-26.835294723510742,-108.29862976074219,-5.975530624389648,76.42723846435547,0.2521542953242388
25,41,-12.052886962890625,40.89768981933594,-26.588695526123047,-108.19367980957031,-6.118083953857422,74.04686737060547,0.2527432060677342
25,42,-12.672511100769043,41.252559661865234,-25.724905014038086,-108.65275573730469,-6.271181106567383,60.72067642211914,0.25115123734067996
25,43,-12.747591018676758,40.11181640625,-26.82416534423828,-108.60185241699219,-5.8904194831848145,57.90497589111328,0.2519470350840603
25,44,-13.304365158081055,40.2379035949707,-26.59040641784668,-108.48486328125,-5.926299095153809,58.433319091796875,0.2516685456462729
25,45,-14.59974193572998,41.975311279296875,-27.559593200683594,-107.47950744628906,-5.808493614196777,65.11695861816406,0.2566223911490919
25,46,-16.930116653442383,43.21842956542969,-29.62980842590332,-106.4263916015625,-4.816498756408691,70.93799591064453,0.2628629937906174
25,47,-18.370332717895508,42.36791229248047,-31.53403663635254,-105.29059600830078,-4.475576400756836,65.90641784667969,0.2656944561963572
25,48,-17.873218536376953,41.70706558227539,-31.480031967163086,-106.17417907714844,-4.753457069396973,65.2266616821289,0.2645831485720771
25,49,-9.029135704040527,32.642333984375,-21.78968048095703,-86.61698150634766,-6.224292755126953,49.32257080078125,0.23711483075268436
26,0,-14.780296325683594,83.52658081054688,-1.3574562072753906,-90.21454620361328,-6.9906206130981445,64.31275939941406,0.25588682687209907
26,1,-14.52565860748291,81.36164093017578,0.26682090759277344,-92.13095092773438,-7.365939140319824,65.78433227539062,0.2510298589444565
26,2,-14.057212829589844,77.3587417602539,-1.7386054992675781,-93.48841857910156,-7.385705947875977,67.87593078613281,0.25073780922879246
26,3,-14.637883186340332,74.86744689941406,-4.676883697509766,-93.02165985107422,-7.655393600463867,72.49124908447266,0.25378908670586564
26,4,-14.698725700378418,72.02787017822266,-8.628541946411133,-92.5169906616211,-7.544255256652832,72.0433349609375,0.25808223479043346
26,5,-14.586420059204102,67.02494812011719,-13.479071617126465,-92.70738983154297,-7.418816566467285,73.90426635742188,0.2615383639615559
26,6,-13.205909729003906,63.56886672973633,-21.964435577392578,-92.16801452636719,-6.563702583312988,79.26675415039062,0.2714501934372585
26,7,-12.837577819824219,63.20411682128906,-24.417869567871094,-92.58012390136719,-6.974636077880859,85.3110580444336,0.27473201457075547
26,8,-11.72547435760498,61.606346130371094,-25.469205856323242,-94.34471130371094,-7.03208065032959,85.01469421386719,0.2754492748772488
26,9,-10.605456352233887,61.07191848754883,-25.41779899597168,-95.20413208007812,-6.973566055297852,84.10623931884766,0.27516452823055687
26,10,-10.107404708862305,59.50784683227539,-27.50844955444336,-96.08771514892578,-6.86541748046875,83.54340362548828,0.2770509796054995
26,11,-9.962357521057129,58.241764068603516,-28.52235984802246,-97.08023834228516,-6.807568550109863,83.38211059570312,0.2776550806061169
26,12,-9.817127227783203,56.712650299072266,-29.362098693847656,-97.69730377197266,-6.681617736816406,83.16571044921875,0.27762248879858653
26,13,-9.068390846252441,55.11827850341797,-29.351099014282227,-97.78477478027344,-6.602212905883789,82.63204956054688,0.27608037660770013
26,14,-8.73330307006836,54.135128021240234,-29.41964340209961,-98.93273162841797,-6.652705192565918,82.09103393554688,0.275446060117268
26,15,-8.921879768371582,53.441585540771484,-28.937679290771484,-99.60693359375,-6.715546607971191,82.4861068725586,0.27406857346681496
26,16,-9.022340774536133,54.787288665771484,-26.78618812561035,-100.5365219116211,-6.954251289367676,81.36046600341797,0.2720173854121755
26,17,-9.271208763122559,53.46837615966797,-26.343101501464844,-101.89195251464844,-7.026775360107422,80.96005249023438,0.26981054311571606
26,18,-9.566744804382324,53.619388580322266,-24.56707763671875,-102.74268341064453,-6.94410514831543,80.3831787109375,0.266686362058593
26,19,-9.189833641052246,53.13701248168945,-22.96302032470703,-104.34820556640625,-6.942598342895508,80.00218200683594,0.26275690885619235
26,20,-8.98762321472168,51.289974212646484,-23.418785095214844,-104.35071563720703,-6.792548179626465,80.46430969238281,0.26136551994653967
26,21,-8.787346839904785,49.17844009399414,-24.458383560180664,-103.79563903808594,-6.580399513244629,79.32600402832031,0.2608987180612586
26,22,-8.747061729431152,49.79218673706055,-22.312541961669922,-104.031494140625,-6.594605445861816,79.13018798828125,0.25731569010479216
26,23,-9.028154373168945,48.762245178222656,-22.740646362304688,-103.93731689453125,-6.492422103881836,78.48928833007812,0.2568837113169234
26,24,-9.510820388793945,49.29035949707031,-22.76486587524414,-104.0644760131836,-6.556336402893066,76.91734313964844,0.25757978499629197
26,25,-9.347002029418945,48.94412612915039,-23.296825408935547,-104.35246276855469,-6.545244216918945,77.674560546875,0.2581325537406247
26,26,-9.667804718017578,48.00400161743164,-22.793563842773438,-105.3817138671875,-6.309597969055176,77.27743530273438,0.25553614523343227
26,27,-10.68320369720459,48.249183654785156,-23.12107276916504,-105.54633331298828,-6.464461326599121,77.18768310546875,0.2564912872078209
26,28,-10.40579605102539,47.75487518310547,-22.910568237304688,-106.89054870605469,-6.172656059265137,77.61534118652344,0.2548863809531741
26,29,-10.603508949279785,47.228355407714844,-24.42279052734375,-107.19462585449219,-6.256741523742676,77.1917724609375,0.257280962820561
26,30,-10.541645050048828,47.125831604003906,-24.342609405517578,-107.62288665771484,-6.138071060180664,77.29386901855469,0.25680982643026373
26,31,-11.088948249816895,46.30991744995117,-24.806781768798828,-107.44654083251953,-6.208904266357422,77.68251037597656,0.25675797379672194
26,32,-11.046573638916016,45.498634338378906,-24.65683937072754,-108.03720092773438,-6.131087303161621,79.31404113769531,0.2550880907659913
26,33,-11.271566390991211,44.52751159667969,-25.386110305786133,-108.34114074707031,-6.079239845275879,78.26931762695312,0.2551906813952366
26,34,-11.584424018859863,44.16129684448242,-24.937755584716797,-108.33172607421875,-6.180593490600586,78.90232849121094,0.2537080407069644
26,35,-11.464773178100586,42.5660400390625,-25.261432647705078,-109.11136627197266,-6.338911056518555,78.0511474609375,0.25179942225615454
26,36,-11.536111831665039,41.655967712402344,-25.60235023498535,-109.63115692138672,-6.434220314025879,77.27706909179688,0.25099276449513824
26,37,-11.3183012008667,41.22894287109375,-26.699426651000977,-109.03182220458984,-6.296806335449219,77.78660583496094,0.25309319660809
26,38,-11.407425880432129,41.37205505371094,-25.962966918945312,-109.10868835449219,-6.473213195800781,77.82342529296875,0.25163954388264514
26,39,-11.583629608154297,40.47747039794922,-27.013286590576172,-108.11434936523438,-6.110084533691406,77.11156463623047,0.2531001060702737
26,40,-11.713717460632324,40.14447784423828,-26.835294723510742,-108.29862976074219,-5.975530624389648,76.42723846435547,0.2521542953242388
26,41,-12.052886962890625,40.89768981933594,-26.588695526123047,-108.19367980957031,-6.118083953857422,74.04686737060547,0.2527432060677342
26,42,-12.672511100769043,41.252559661865234,-25.724905014038086,-108.65275573730469,-6.271181106567383,60.72067642211914,0.25115123734067996
26,43,-12.747591018676758,40.11181640625,-26.82416534423828,-108.60185241699219,-5.8904194831848145,57.90497589111328,0.2519470350840603
26,44,-13.304365158081055,40.2379035949707,-26.59040641784668,-108.48486328125,-5.926299095153809,58.433319091796875,0.2516685456462729
26,45,-14.59974193572998,41.975311279296875,-27.559593200683594,-107.47950744628906,-5.808493614196777,65.11695861816406,0.2566223911490919
26,46,-16.930116653442383,43.21842956542969,-29.62980842590332,-106.4263916015625,-4.816498756408691,70.93799591064453,0.2628629937906174
26,47,-18.370332717895508,42.36791229248047,-31.53403663635254,-105.29059600830078,-4.475576400756836,65.90641784667969,0.2656944561963572
26,48,-17.873218536376953,41.70706558227539,-31.480031967163086,-106.17417907714844,-4.753457069396973,65.2266616821289,0.2645831485720771
26,49,-9.029135704040527,32.642333984375,-21.78968048095703,-86.61698150634766,-6.224292755126953,49.32257080078125,0.23711483075268436
27,0,-14.780296325683594,83.52658081054688,-1.3574562072753906,-90.21454620361328,-6.9906206130981445,64.31275939941406,0.25588682687209907
27,1,-14.52565860748291,81.36164093017578,0.26682090759277344,-92.13095092773438,-7.365939140319824,65.78433227539062,0.2510298589444565
27,2,-14.057212829589844,77.3587417602539,-1.7386054992675781,-93.48841857910156,-7.385705947875977,67.87593078613281,0.25073780922879246
27,3,-14.637883186340332,74.86744689941406,-4.676883697509766,-93.02165985107422,-7.655393600463867,72.49124908447266,0.25378908670586564
27,4,-14.698725700378418,72.02787017822266,-8.628541946411133,-92.5169906616211,-7.544255256652832,72.0433349609375,0.25808223479043346
27,5,-14.586420059204102,67.02494812011719,-13.479071617126465,-92.70738983154297,-7.418816566467285,73.90426635742188,0.2615383639615559
27,6,-13.205909729003906,63.56886672973633,-21.964435577392578,-92.16801452636719,-6.563702583312988,79.26675415039062,0.2714501934372585
27,7,-12.837577819824219,63.20411682128906,-24.417869567871094,-92.58012390136719,-6.974636077880859,85.3110580444336,0.27473201457075547
27,8,-11.72547435760498,61.606346130371094,-25.469205856323242,-94.34471130371094,-7.03208065032959,85.01469421386719,0.2754492748772488
27,9,-10.605456352233887,61.07191848754883,-25.41779899597168,-95.20413208007812,-6.973566055297852,84.10623931884766,0.27516452823055687
27,10,-10.107404708862305,59.50784683227539,-27.50844955444336,-96.08771514892578,-6.86541748046875,83.54340362548828,0.2770509796054995
27,11,-9.962357521057129,58.241764068603516,-28.52235984802246,-97.08023834228516,-6.807568550109863,83.38211059570312,0.2776550806061169
27,12,-9.817127227783203,56.712650299072266,-29.362098693847656,-97.69730377197266,-6.681617736816406,83.16571044921875,0.27762248879858653
27,13,-9.068390846252441,55.11827850341797,-29.351099014282227,-97.78477478027344,-6.602212905883789,82.63204956054688,0.27608037660770013
27,14,-8.73330307006836,54.135128021240234,-29.41964340209961,-98.93273162841797,-6.652705192565918,82.09103393554688,0.275446060117268
27,15,-8.921879768371582,53.441585540771484,-28.937679290771484,-99.60693359375,-6.715546607971191,82.4861068725586,0.27406857346681496
27,16,-9.022340774536133,54.787288665771484,-26.78618812561035,-100.5365219116211,-6.954251289367676,81.36046600341797,0.2720173854121755
27,17,-9.271208763122559,53.46837615966797,-26.343101501464844,-101.89195251464844,-7.026775360107422,80.96005249023438,0.26981054311571606
27,18,-9.566744804382324,53.619388580322266,-24.56707763671875,-102.74268341064453,-6.94410514831543,80.3831787109375,0.266686362058593
27,19,-9.189833641052246,53.13701248168945,-22.96302032470703,-104.34820556640625,-6.942598342895508,80.00218200683594,0.26275690885619235
27,20,-8.98762321472168,51.289974212646484,-23.418785095214844,-104.35071563720703,-6.792548179626465,80.46430969238281,0.26136551994653967
27,21,-8.787346839904785,49.17844009399414,-24.458383560180664,-103.79563903808594,-6.580399513244629,79.32600402832031,0.2608987180612586
27,22,-8.747061729431152,49.79218673706055,-22.312541961669922,-104.031494140625,-6.594605445861816,79.13018798828125,0.25731569010479216
27,23,-9.028154373168945,48.762245178222656,-22.740646362304688,-103.93731689453125,-6.492422103881836,78.48928833007812,0.2568837113169234
27,24,-9.510820388793945,49.29035949707031,-22.76486587524414,-104.0644760131836,-6.556336402893066,76.91734313964844,0.25757978499629197
27,25,-9.347002029418945,48.94412612915039,-23.296825408935547,-104.35246276855469,-6.545244216918945,77.674560546875,0.2581325537406247
27,26,-9.667804718017578,48.00400161743164,-22.793563842773438,-105.3817138671875,-6.309597969055176,77.27743530273438,0.25553614523343227
27,27,-10.68320369720459,48.249183654785156,-23.12107276916504,-105.54633331298828,-6.464461326599121,77.18768310546875,0.2564912872078209
27,28,-10.40579605102539,47.75487518310547,-22.910568237304688,-106.89054870605469,-6.172656059265137,77.61534118652344,0.2548863809531741
27,29,-10.603508949279785,47.228355407714844,-24.42279052734375,-107.19462585449219,-6.256741523742676,77.1917724609375,0.257280962820561
27,30,-10.541645050048828,47.125831604003906,-24.342609405517578,-107.62288665771484,-6.138071060180664,77.29386901855469,0.25680982643026373
27,31,-11.088948249816895,46.30991744995117,-24.806781768798828,-107.44654083251953,-6.208904266357422,77.68251037597656,0.25675797379672194
27,32,-11.046573638916016,45.498634338378906,-24.65683937072754,-108.03720092773438,-6.131087303161621,79.31404113769531,0.2550880907659913
27,33,-11.271566390991211,44.52751159667969,-25.386110305786133,-108.34114074707031,-6.079239845275879,78.26931762695312,0.2551906813952366
27,34,-11.584424018859863,44.16129684448242,-24.937755584716797,-108.33172607421875,-6.180593490600586,78.90232849121094,0.2537080407069644
27,35,-11.464773178100586,42.5660400390625,-25.261432647705078,-109.11136627197266,-6.338911056518555,78.0511474609375,0.25179942225615454
27,36,-11.536111831665039,41.655967712402344,-25.60235023498535,-109.63115692138672,-6.434220314025879,77.27706909179688,0.25099276449513824
27,37,-11.3183012008667,41.22894287109375,-26.699426651000977,-109.03182220458984,-6.296806335449219,77.78660583496094,0.25309319660809
27,38,-11.407425880432129,41.37205505371094,-25.962966918945312,-109.10868835449219,-6.473213195800781,77.82342529296875,0.25163954388264514
27,39,-11.583629608154297,40.47747039794922,-27.013286590576172,-108.11434936523438,-6.110084533691406,77.11156463623047,0.2531001060702737
27,40,-11.713717460632324,40.14447784423828,-26.835294723510742,-108.29862976074219,-5.975530624389648,76.42723846435547,0.2521542953242388
27,41,-12.052886962890625,40.89768981933594,-26.588695526123047,-108.19367980957031,-6.118083953857422,74.04686737060547,0.2527432060677342
27,42,-12.672511100769043,41.252559661865234,-25.724905014038086,-108.65275573730469,-6.271181106567383,60.72067642211914,0.25115123734067996
27,43,-12.747591018676758,40.11181640625,-26.82416534423828,-108.60185241699219,-5.8904194831848145,57.90497589111328,0.2519470350840603
27,44,-13.304365158081055,40.2379035949707,-26.59040641784668,-108.48486328125,-5.926299095153809,58.433319091796875,0.2516685456462729
27,45,-14.59974193572998,41.975311279296875,-27.559593200683594,-107.47950744628906,-5.808493614196777,65.11695861816406,0.2566223911490919
27,46,-16.930116653442383,43.21842956542969,-29.62980842590332,-106.4263916015625,-4.816498756408691,70.93799591064453,0.2628629937906174
27,47,-18.370332717895508,42.36791229248047,-31.53403663635254,-105.29059600830078,-4.475576400756836,65.90641784667969,0.2656944561963572
27,48,-17.873218536376953,41.70706558227539,-31.480031967163086,-106.17417907714844,-4.753457069396973,65.2266616821289,0.2645831485720771
27,49,-9.029135704040527,32.642333984375,-21.78968048095703,-86.61698150634766,-6.224292755126953,49.32257080078125,0.23711483075268436
28,0,-14.780296325683594,83.52658081054688,-1.3574562072753906,-90.21454620361328,-6.9906206130981445,64.31275939941406,0.25588682687209907
28,1,-14.52565860748291,81.36164093017578,0.26682090759277344,-92.13095092773438,-7.365939140319824,65.78433227539062,0.2510298589444565
28,2,-14.057212829589844,77.3587417602539,-1.7386054992675781,-93.48841857910156,-7.385705947875977,67.87593078613281,0.25073780922879246
28,3,-14.637883186340332,74.86744689941406,-4.676883697509766,-93.02165985107422,-7.655393600463867,72.49124908447266,0.25378908670586564
28,4,-14.698725700378418,72.02787017822266,-8.628541946411133,-92.5169906616211,-7.544255256652832,72.0433349609375,0.25808223479043346
28,5,-14.586420059204102,67.02494812011719,-13.479071617126465,-92.70738983154297,-7.418816566467285,73.90426635742188,0.2615383639615559
28,6,-13.205909729003906,63.56886672973633,-21.964435577392578,-92.16801452636719,-6.563702583312988,79.26675415039062,0.2714501934372585
28,7,-12.837577819824219,63.20411682128906,-24.417869567871094,-92.58012390136719,-6.974636077880859,85.3110580444336,0.27473201457075547
28,8,-11.72547435760498,61.606346130371094,-25.469205856323242,-94.34471130371094,-7.03208065032959,85.01469421386719,0.2754492748772488
28,9,-10.605456352233887,61.07191848754883,-25.41779899597168,-95.20413208007812,-6.973566055297852,84.10623931884766,0.27516452823055687
28,10,-10.107404708862305,59.50784683227539,-27.50844955444336,-96.08771514892578,-6.86541748046875,83.54340362548828,0.2770509796054995
28,11,-9.962357521057129,58.241764068603516,-28.52235984802246,-97.08023834228516,-6.807568550109863,83.38211059570312,0.2776550806061169
28,12,-9.817127227783203,56.712650299072266,-29.362098693847656,-97.69730377197266,-6.681617736816406,83.16571044921875,0.27762248879858653
28,13,-9.068390846252441,55.11827850341797,-29.351099014282227,-97.78477478027344,-6.602212905883789,82.63204956054688,0.27608037660770013
28,14,-8.73330307006836,54.135128021240234,-29.41964340209961,-98.93273162841797,-6.652705192565918,82.09103393554688,0.275446060117268
28,15,-8.921879768371582,53.441585540771484,-28.937679290771484,-99.60693359375,-6.715546607971191,82.4861068725586,0.27406857346681496
28,16,-9.022340774536133,54.787288665771484,-26.78618812561035,-100.5365219116211,-6.954251289367676,81.36046600341797,0.2720173854121755
28,17,-9.271208763122559,53.46837615966797,-26.343101501464844,-101.89195251464844,-7.026775360107422,80.96005249023438,0.26981054311571606
28,18,-9.566744804382324,53.619388580322266,-24.56707763671875,-102.74268341064453,-6.94410514831543,80.3831787109375,0.266686362058593
28,19,-9.189833641052246,53.13701248168945,-22.96302032470703,-104.34820556640625,-6.942598342895508,80.00218200683594,0.26275690885619235
28,20,-8.98762321472168,51.289974212646484,-23.418785095214844,-104.35071563720703,-6.792548179626465,80.46430969238281,0.26136551994653967
28,21,-8.787346839904785,49.17844009399414,-24.458383560180664,-103.79563903808594,-6.580399513244629,79.32600402832031,0.2608987180612586
28,22,-8.747061729431152,49.79218673706055,-22.312541961669922,-104.031494140625,-6.594605445861816,79.13018798828125,0.25731569010479216
28,23,-9.028154373168945,48.762245178222656,-22.740646362304688,-103.93731689453125,-6.492422103881836,78.48928833007812,0.2568837113169234
28,24,-9.510820388793945,49.29035949707031,-22.76486587524414,-104.0644760131836,-6.556336402893066,76.91734313964844,0.25757978499629197
28,25,-9.347002029418945,48.94412612915039,-23.296825408935547,-104.35246276855469,-6.545244216918945,77.674560546875,0.2581325537406247
28,26,-9.667804718017578,48.00400161743164,-22.793563842773438,-105.3817138671875,-6.309597969055176,77.27743530273438,0.25553614523343227
28,27,-10.68320369720459,48.249183654785156,-23.12107276916504,-105.54633331298828,-6.464461326599121,77.18768310546875,0.2564912872078209
28,28,-10.40579605102539,47.75487518310547,-22.910568237304688,-106.89054870605469,-6.172656059265137,77.61534118652344,0.2548863809531741
28,29,-10.603508949279785,47.228355407714844,-24.42279052734375,-107.19462585449219,-6.256741523742676,77.1917724609375,0.257280962820561
28,30,-10.541645050048828,47.125831604003906,-24.342609405517578,-107.62288665771484,-6.138071060180664,77.29386901855469,0.25680982643026373
28,31,-11.088948249816895,46.30991744995117,-24.806781768798828,-107.44654083251953,-6.208904266357422,77.68251037597656,0.25675797379672194
28,32,-11.046573638916016,45.498634338378906,-24.65683937072754,-108.03720092773438,-6.131087303161621,79.31404113769531,0.2550880907659913
28,33,-11.271566390991211,44.52751159667969,-25.386110305786133,-108.34114074707031,-6.079239845275879,78.26931762695312,0.2551906813952366
28,34,-11.584424018859863,44.16129684448242,-24.937755584716797,-108.33172607421875,-6.180593490600586,78.90232849121094,0.2537080407069644
28,35,-11.464773178100586,42.5660400390625,-25.261432647705078,-109.11136627197266,-6.338911056518555,78.0511474609375,0.25179942225615454
28,36,-11.536111831665039,41.655967712402344,-25.60235023498535,-109.63115692138672,-6.434220314025879,77.27706909179688,0.25099276449513824
28,37,-11.3183012008667,41.22894287109375,-26.699426651000977,-109.03182220458984,-6.296806335449219,77.78660583496094,0.25309319660809
28,38,-11.407425880432129,41.37205505371094,-25.962966918945312,-109.10868835449219,-6.473213195800781,77.82342529296875,0.25163954388264514
28,39,-11.583629608154297,40.47747039794922,-27.013286590576172,-108.11434936523438,-6.110084533691406,77.11156463623047,0.2531001060702737
28,40,-11.713717460632324,40.14447784423828,-26.835294723510742,-108.29862976074219,-5.975530624389648,76.42723846435547,0.2521542953242388
28,41,-12.052886962890625,40.89768981933594,-26.588695526123047,-108.19367980957031,-6.118083953857422,74.04686737060547,0.2527432060677342
28,42,-12.672511100769043,41.252559661865234,-25.724905014038086,-108.65275573730469,-6.271181106567383,60.72067642211914,0.25115123734067996
28,43,-12.747591018676758,40.11181640625,-26.82416534423828,-108.60185241699219,-5.8904194831848145,57.90497589111328,0.2519470350840603
28,44,-13.304365158081055,40.2379035949707,-26.59040641784668,-108.48486328125,-5.926299095153809,58.433319091796875,0.2516685456462729
28,45,-14.59974193572998,41.975311279296875,-27.559593200683594,-107.47950744628906,-5.808493614196777,65.11695861816406,0.2566223911490919
28,46,-16.930116653442383,43.21842956542969,-29.62980842590332,-106.4263916015625,-4.816498756408691,70.93799591064453,0.2628629937906174
28,47,-18.370332717895508,42.36791229248047,-31.53403663635254,-105.29059600830078,-4.475576400756836,65.90641784667969,0.2656944561963572
28,48,-17.873218536376953,41.70706558227539,-31.480031967163086,-106.17417907714844,-4.753457069396973,65.2266616821289,0.2645831485720771
28,49,-9.029135704040527,32.642333984375,-21.78968048095703,-86.61698150634766,-6.224292755126953,49.32257080078125,0.23711483075268436
29,0,-14.780296325683594,83.52658081054688,-1.3574562072753906,-90.21454620361328,-6.9906206130981445,64.31275939941406,0.25588682687209907
29,1,-14.52565860748291,81.36164093017578,0.26682090759277344,-92.13095092773438,-7.365939140319824,65.78433227539062,0.2510298589444565
29,2,-14.057212829589844,77.3587417602539,-1.7386054992675781,-93.48841857910156,-7.385705947875977,67.87593078613281,0.25073780922879246
29,3,-14.637883186340332,74.86744689941406,-4.676883697509766,-93.02165985107422,-7.655393600463867,72.49124908447266,0.25378908670586564
29,4,-14.698725700378418,72.02787017822266,-8.628541946411133,-92.5169906616211,-7.544255256652832,72.0433349609375,0.25808223479043346
29,5,-14.586420059204102,67.02494812011719,-13.479071617126465,-92.70738983154297,-7.418816566467285,73.90426635742188,0.2615383639615559
29,6,-13.205909729003906,63.56886672973633,-21.964435577392578,-92.16801452636719,-6.563702583312988,79.26675415039062,0.2714501934372585
29,7,-12.837577819824219,63.20411682128906,-24.417869567871094,-92.58012390136719,-6.974636077880859,85.3110580444336,0.27473201457075547
29,8,-11.72547435760498,61.606346130371094,-25.469205856323242,-94.34471130371094,-7.03208065032959,85.01469421386719,0.2754492748772488
29,9,-10.605456352233887,61.07191848754883,-25.41779899597168,-95.20413208007812,-6.973566055297852,84.10623931884766,0.27516452823055687
29,10,-10.107404708862305,59.50784683227539,-27.50844955444336,-96.08771514892578,-6.86541748046875,83.54340362548828,0.2770509796054995
29,11,-9.962357521057129,58.241764068603516,-28.52235984802246,-97.08023834228516,-6.807568550109863,83.38211059570312,0.2776550806061169
29,12,-9.817127227783203,56.712650299072266,-29.362098693847656,-97.69730377197266,-6.681617736816406,83.16571044921875,0.27762248879858653
29,13,-9.068390846252441,55.11827850341797,-29.351099014282227,-97.78477478027344,-6.602212905883789,82.63204956054688,0.27608037660770013
29,14,-8.73330307006836,54.135128021240234,-29.41964340209961,-98.93273162841797,-6.652705192565918,82.09103393554688,0.275446060117268
29,15,-8.921879768371582,53.441585540771484,-28.937679290771484,-99.60693359375,-6.715546607971191,82.4861068725586,0.27406857346681496
29,16,-9.022340774536133,54.787288665771484,-26.78618812561035,-100.5365219116211,-6.954251289367676,81.36046600341797,0.2720173854121755
29,17,-9.271208763122559,53.46837615966797,-26.343101501464844,-101.89195251464844,-7.026775360107422,80.96005249023438,0.26981054311571606
29,18,-9.566744804382324,53.619388580322266,-24.56707763671875,-102.74268341064453,-6.94410514831543,80.3831787109375,0.266686362058593
29,19,-9.189833641052246,53.13701248168945,-22.96302032470703,-104.34820556640625,-6.942598342895508,80.00218200683594,0.26275690885619235
29,20,-8.98762321472168,51.289974212646484,-23.418785095214844,-104.35071563720703,-6.792548179626465,80.46430969238281,0.26136551994653967
29,21,-8.787346839904785,49.17844009399414,-24.458383560180664,-103.79563903808594,-6.580399513244629,79.32600402832031,0.2608987180612586
29,22,-8.747061729431152,49.79218673706055,-22.312541961669922,-104.031494140625,-6.594605445861816,79.13018798828125,0.25731569010479216
29,23,-9.028154373168945,48.762245178222656,-22.740646362304688,-103.93731689453125,-6.492422103881836,78.48928833007812,0.2568837113169234
29,24,-9.510820388793945,49.29035949707031,-22.76486587524414,-104.0644760131836,-6.556336402893066,76.91734313964844,0.25757978499629197
29,25,-9.347002029418945,48.94412612915039,-23.296825408935547,-104.35246276855469,-6.545244216918945,77.674560546875,0.2581325537406247
29,26,-9.667804718017578,48.00400161743164,-22.793563842773438,-105.3817138671875,-6.309597969055176,77.27743530273438,0.25553614523343227
29,27,-10.68320369720459,48.249183654785156,-23.12107276916504,-105.54633331298828,-6.464461326599121,77.18768310546875,0.2564912872078209
29,28,-10.40579605102539,47.75487518310547,-22.910568237304688,-106.89054870605469,-6.172656059265137,77.61534118652344,0.2548863809531741
29,29,-10.603508949279785,47.228355407714844,-24.42279052734375,-107.19462585449219,-6.256741523742676,77.1917724609375,0.257280962820561
29,30,-10.541645050048828,47.125831604003906,-24.342609405517578,-107.62288665771484,-6.138071060180664,77.29386901855469,0.25680982643026373
29,31,-11.088948249816895,46.30991744995117,-24.806781768798828,-107.44654083251953,-6.208904266357422,77.68251037597656,0.25675797379672194
29,32,-11.046573638916016,45.498634338378906,-24.65683937072754,-108.03720092773438,-6.131087303161621,79.31404113769531,0.2550880907659913
29,33,-11.271566390991211,44.52751159667969,-25.386110305786133,-108.34114074707031,-6.079239845275879,78.26931762695312,0.2551906813952366
29,34,-11.584424018859863,44.16129684448242,-24.937755584716797,-108.33172607421875,-6.180593490600586,78.90232849121094,0.2537080407069644
29,35,-11.464773178100586,42.5660400390625,-25.261432647705078,-109.11136627197266,-6.338911056518555,78.0511474609375,0.25179942225615454
29,36,-11.536111831665039,41.655967712402344,-25.60235023498535,-109.63115692138672,-6.434220314025879,77.27706909179688,0.25099276449513824
29,37,-11.3183012008667,41.22894287109375,-26.699426651000977,-109.03182220458984,-6.296806335449219,77.78660583496094,0.25309319660809
29,38,-11.407425880432129,41.37205505371094,-25.962966918945312,-109.10868835449219,-6.473213195800781,77.82342529296875,0.25163954388264514
29,39,-11.583629608154297,40.47747039794922,-27.013286590576172,-108.11434936523438,-6.110084533691406,77.11156463623047,0.2531001060702737
29,40,-11.713717460632324,40.14447784423828,-26.835294723510742,-108.29862976074219,-5.975530624389648,76.42723846435547,0.2521542953242388
29,41,-12.052886962890625,40.89768981933594,-26.588695526123047,-108.19367980957031,-6.118083953857422,74.04686737060547,0.2527432060677342
29,42,-12.672511100769043,41.252559661865234,-25.724905014038086,-108.65275573730469,-6.271181106567383,60.72067642211914,0.25115123734067996
29,43,-12.747591018676758,40.11181640625,-26.82416534423828,-108.60185241699219,-5.8904194831848145,57.90497589111328,0.2519470350840603
29,44,-13.304365158081055,40.2379035949707,-26.59040641784668,-108.48486328125,-5.926299095153809,58.433319091796875,0.2516685456462729
29,45,-14.59974193572998,41.975311279296875,-27.559593200683594,-107.47950744628906,-5.808493614196777,65.11695861816406,0.2566223911490919
29,46,-16.930116653442383,43.21842956542969,-29.62980842590332,-106.4263916015625,-4.816498756408691,70.93799591064453,0.2628629937906174
29,47,-18.370332717895508,42.36791229248047,-31.53403663635254,-105.29059600830078,-4.475576400756836,65.90641784667969,0.2656944561963572
29,48,-17.873218536376953,41.70706558227539,-31.480031967163086,-106.17417907714844,-4.753457069396973,65.2266616821289,0.2645831485720771
29,49,-9.029135704040527,32.642333984375,-21.78968048095703,-86.61698150634766,-6.224292755126953,49.32257080078125,0.23711483075268436
30,0,-14.780296325683594,83.52658081054688,-1.3574562072753906,-90.21454620361328,-6.9906206130981445,64.31275939941406,0.25588682687209907
30,1,-14.52565860748291,81.36164093017578,0.26682090759277344,-92.13095092773438,-7.365939140319824,65.78433227539062,0.2510298589444565
30,2,-14.057212829589844,77.3587417602539,-1.7386054992675781,-93.48841857910156,-7.385705947875977,67.87593078613281,0.25073780922879246
30,3,-14.637883186340332,74.86744689941406,-4.676883697509766,-93.02165985107422,-7.655393600463867,72.49124908447266,0.25378908670586564
30,4,-14.698725700378418,72.02787017822266,-8.628541946411133,-92.5169906616211,-7.544255256652832,72.0433349609375,0.25808223479043346
30,5,-14.586420059204102,67.02494812011719,-13.479071617126465,-92.70738983154297,-7.418816566467285,73.90426635742188,0.2615383639615559
30,6,-13.205909729003906,63.56886672973633,-21.964435577392578,-92.16801452636719,-6.563702583312988,79.26675415039062,0.2714501934372585
30,7,-12.837577819824219,63.20411682128906,-24.417869567871094,-92.58012390136719,-6.974636077880859,85.3110580444336,0.27473201457075547
30,8,-11.72547435760498,61.606346130371094,-25.469205856323242,-94.34471130371094,-7.03208065032959,85.01469421386719,0.2754492748772488
30,9,-10.605456352233887,61.07191848754883,-25.41779899597168,-95.20413208007812,-6.973566055297852,84.10623931884766,0.27516452823055687
30,10,-10.107404708862305,59.50784683227539,-27.50844955444336,-96.08771514892578,-6.86541748046875,83.54340362548828,0.2770509796054995
30,11,-9.962357521057129,58.241764068603516,-28.52235984802246,-97.08023834228516,-6.807568550109863,83.38211059570312,0.2776550806061169
30,12,-9.817127227783203,56.712650299072266,-29.362098693847656,-97.69730377197266,-6.681617736816406,83.16571044921875,0.27762248879858653
30,13,-9.068390846252441,55.11827850341797,-29.351099014282227,-97.78477478027344,-6.602212905883789,82.63204956054688,0.27608037660770013
30,14,-8.73330307006836,54.135128021240234,-29.41964340209961,-98.93273162841797,-6.652705192565918,82.09103393554688,0.275446060117268
30,15,-8.921879768371582,53.441585540771484,-28.937679290771484,-99.60693359375,-6.715546607971191,82.4861068725586,0.27406857346681496
30,16,-9.022340774536133,54.787288665771484,-26.78618812561035,-100.5365219116211,-6.954251289367676,81.36046600341797,0.2720173854121755
30,17,-9.271208763122559,53.46837615966797,-26.343101501464844,-101.89195251464844,-7.026775360107422,80.96005249023438,0.26981054311571606
30,18,-9.566744804382324,53.619388580322266,-24.56707763671875,-102.74268341064453,-6.94410514831543,80.3831787109375,0.266686362058593
30,19,-9.189833641052246,53.13701248168945,-22.96302032470703,-104.34820556640625,-6.942598342895508,80.00218200683594,0.26275690885619235
30,20,-8.98762321472168,51.289974212646484,-23.418785095214844,-104.35071563720703,-6.792548179626465,80.46430969238281,0.26136551994653967
30,21,-8.787346839904785,49.17844009399414,-24.458383560180664,-103.79563903808594,-6.580399513244629,79.32600402832031,0.2608987180612586
30,22,-8.747061729431152,49.79218673706055,-22.312541961669922,-104.031494140625,-6.594605445861816,79.13018798828125,0.25731569010479216
30,23,-9.028154373168945,48.762245178222656,-22.740646362304688,-103.93731689453125,-6.492422103881836,78.48928833007812,0.2568837113169234
30,24,-9.510820388793945,49.29035949707031,-22.76486587524414,-104.0644760131836,-6.556336402893066,76.91734313964844,0.25757978499629197
30,25,-9.347002029418945,48.94412612915039,-23.296825408935547,-104.35246276855469,-6.545244216918945,77.674560546875,0.2581325537406247
30,26,-9.667804718017578,48.00400161743164,-22.793563842773438,-105.3817138671875,-6.309597969055176,77.27743530273438,0.25553614523343227
30,27,-10.68320369720459,48.249183654785156,-23.12107276916504,-105.54633331298828,-6.464461326599121,77.18768310546875,0.2564912872078209
30,28,-10.40579605102539,47.75487518310547,-22.910568237304688,-106.89054870605469,-6.172656059265137,77.61534118652344,0.2548863809531741
30,29,-10.603508949279785,47.228355407714844,-24.42279052734375,-107.19462585449219,-6.256741523742676,77.1917724609375,0.257280962820561
30,30,-10.541645050048828,47.125831604003906,-24.342609405517578,-107.62288665771484,-6.138071060180664,77.29386901855469,0.25680982643026373
30,31,-11.088948249816895,46.30991744995117,-24.806781768798828,-107.44654083251953,-6.208904266357422,77.68251037597656,0.25675797379672194
30,32,-11.046573638916016,45.498634338378906,-24.65683937072754,-108.03720092773438,-6.131087303161621,79.31404113769531,0.2550880907659913
30,33,-11.271566390991211,44.52751159667969,-25.386110305786133,-108.34114074707031,-6.079239845275879,78.26931762695312,0.2551906813952366
30,34,-11.584424018859863,44.16129684448242,-24.937755584716797,-108.33172607421875,-6.180593490600586,78.90232849121094,0.2537080407069644
30,35,-11.464773178100586,42.5660400390625,-25.261432647705078,-109.11136627197266,-6.338911056518555,78.0511474609375,0.25179942225615454
30,36,-11.536111831665039,41.655967712402344,-25.60235023498535,-109.63115692138672,-6.434220314025879,77.27706909179688,0.25099276449513824
30,37,-11.3183012008667,41.22894287109375,-26.699426651000977,-109.03182220458984,-6.296806335449219,77.78660583496094,0.25309319660809
30,38,-11.407425880432129,41.37205505371094,-25.962966918945312,-109.10868835449219,-6.473213195800781,77.82342529296875,0.25163954388264514
30,39,-11.583629608154297,40.47747039794922,-27.013286590576172,-108.11434936523438,-6.110084533691406,77.11156463623047,0.2531001060702737
30,40,-11.713717460632324,40.14447784423828,-26.835294723510742,-108.29862976074219,-5.975530624389648,76.42723846435547,0.2521542953242388
30,41,-12.052886962890625,40.89768981933594,-26.588695526123047,-108.19367980957031,-6.118083953857422,74.04686737060547,0.2527432060677342
30,42,-12.672511100769043,41.252559661865234,-25.724905014038086,-108.65275573730469,-6.271181106567383,60.72067642211914,0.25115123734067996
30,43,-12.747591018676758,40.11181640625,-26.82416534423828,-108.60185241699219,-5.8904194831848145,57.90497589111328,0.2519470350840603
30,44,-13.304365158081055,40.2379035949707,-26.59040641784668,-108.48486328125,-5.926299095153809,58.433319091796875,0.2516685456462729
30,45,-14.59974193572998,41.975311279296875,-27.559593200683594,-107.47950744628906,-5.808493614196777,65.11695861816406,0.2566223911490919
30,46,-16.930116653442383,43.21842956542969,-29.62980842590332,-106.4263916015625,-4.816498756408691,70.93799591064453,0.2628629937906174
30,47,-18.370332717895508,42.36791229248047,-31.53403663635254,-105.29059600830078,-4.475576400756836,65.90641784667969,0.2656944561963572
30,48,-17.873218536376953,41.70706558227539,-31.480031967163086,-106.17417907714844,-4.753457069396973,65.2266616821289,0.2645831485720771
30,49,-9.029135704040527,32.642333984375,-21.78968048095703,-86.61698150634766,-6.224292755126953,49.32257080078125,0.23711483075268436
31,0,-14.780296325683594,83.52658081054688,-1.3574562072753906,-90.21454620361328,-6.9906206130981445,64.31275939941406,0.25588682687209907
31,1,-14.52565860748291,81.36164093017578,0.26682090759277344,-92.13095092773438,-7.365939140319824,65.78433227539062,0.2510298589444565
31,2,-14.057212829589844,77.3587417602539,-1.7386054992675781,-93.48841857910156,-7.385705947875977,67.87593078613281,0.25073780922879246
31,3,-14.637883186340332,74.86744689941406,-4.676883697509766,-93.02165985107422,-7.655393600463867,72.49124908447266,0.25378908670586564
31,4,-14.698725700378418,72.02787017822266,-8.628541946411133,-92.5169906616211,-7.544255256652832,72.0433349609375,0.25808223479043346
31,5,-14.586420059204102,67.02494812011719,-13.479071617126465,-92.70738983154297,-7.418816566467285,73.90426635742188,0.2615383639615559
31,6,-13.205909729003906,63.56886672973633,-21.964435577392578,-92.16801452636719,-6.563702583312988,79.26675415039062,0.2714501934372585
31,7,-12.837577819824219,63.20411682128906,-24.417869567871094,-92.58012390136719,-6.974636077880859,85.3110580444336,0.27473201457075547
31,8,-11.72547435760498,61.606346130371094,-25.469205856323242,-94.34471130371094,-7.03208065032959,85.01469421386719,0.2754492748772488
31,9,-10.605456352233887,61.07191848754883,-25.41779899597168,-95.20413208007812,-6.973566055297852,84.10623931884766,0.27516452823055687
31,10,-10.107404708862305,59.50784683227539,-27.50844955444336,-96.08771514892578,-6.86541748046875,83.54340362548828,0.2770509796054995
31,11,-9.962357521057129,58.241764068603516,-28.52235984802246,-97.08023834228516,-6.807568550109863,83.38211059570312,0.2776550806061169
31,12,-9.817127227783203,56.712650299072266,-29.362098693847656,-97.69730377197266,-6.681617736816406,83.16571044921875,0.27762248879858653
31,13,-9.068390846252441,55.11827850341797,-29.351099014282227,-97.78477478027344,-6.602212905883789,82.63204956054688,0.27608037660770013
31,14,-8.73330307006836,54.135128021240234,-29.41964340209961,-98.93273162841797,-6.652705192565918,82.09103393554688,0.275446060117268
31,15,-8.921879768371582,53.441585540771484,-28.937679290771484,-99.60693359375,-6.715546607971191,82.4861068725586,0.27406857346681496
31,16,-9.022340774536133,54.787288665771484,-26.78618812561035,-100.5365219116211,-6.954251289367676,81.36046600341797,0.2720173854121755
31,17,-9.271208763122559,53.46837615966797,-26.343101501464844,-101.89195251464844,-7.026775360107422,80.96005249023438,0.26981054311571606
31,18,-9.566744804382324,53.619388580322266,-24.56707763671875,-102.74268341064453,-6.94410514831543,80.3831787109375,0.266686362058593
31,19,-9.189833641052246,53.13701248168945,-22.96302032470703,-104.34820556640625,-6.942598342895508,80.00218200683594,0.26275690885619235
31,20,-8.98762321472168,51.289974212646484,-23.418785095214844,-104.35071563720703,-6.792548179626465,80.46430969238281,0.26136551994653967
31,21,-8.787346839904785,49.17844009399414,-24.458383560180664,-103.79563903808594,-6.580399513244629,79.32600402832031,0.2608987180612586
31,22,-8.747061729431152,49.79218673706055,-22.312541961669922,-104.031494140625,-6.594605445861816,79.13018798828125,0.25731569010479216
31,23,-9.028154373168945,48.762245178222656,-22.740646362304688,-103.93731689453125,-6.492422103881836,78.48928833007812,0.2568837113169234
31,24,-9.510820388793945,49.29035949707031,-22.76486587524414,-104.0644760131836,-6.556336402893066,76.91734313964844,0.25757978499629197
31,25,-9.347002029418945,48.94412612915039,-23.296825408935547,-104.35246276855469,-6.545244216918945,77.674560546875,0.2581325537406247
31,26,-9.667804718017578,48.00400161743164,-22.793563842773438,-105.3817138671875,-6.309597969055176,77.27743530273438,0.25553614523343227
31,27,-10.68320369720459,48.249183654785156,-23.12107276916504,-105.54633331298828,-6.464461326599121,77.18768310546875,0.2564912872078209
31,28,-10.40579605102539,47.75487518310547,-22.910568237304688,-106.89054870605469,-6.172656059265137,77.61534118652344,0.2548863809531741
31,29,-10.603508949279785,47.228355407714844,-24.42279052734375,-107.19462585449219,-6.256741523742676,77.1917724609375,0.257280962820561
31,30,-10.541645050048828,47.125831604003906,-24.342609405517578,-107.62288665771484,-6.138071060180664,77.29386901855469,0.25680982643026373
31,31,-11.088948249816895,46.30991744995117,-24.806781768798828,-107.44654083251953,-6.208904266357422,77.68251037597656,0.25675797379672194
31,32,-11.046573638916016,45.498634338378906,-24.65683937072754,-108.03720092773438,-6.131087303161621,79.31404113769531,0.2550880907659913
31,33,-11.271566390991211,44.52751159667969,-25.386110305786133,-108.34114074707031,-6.079239845275879,78.26931762695312,0.2551906813952366
31,34,-11.584424018859863,44.16129684448242,-24.937755584716797,-108.33172607421875,-6.180593490600586,78.90232849121094,0.2537080407069644
31,35,-11.464773178100586,42.5660400390625,-25.261432647705078,-109.11136627197266,-6.338911056518555,78.0511474609375,0.25179942225615454
31,36,-11.536111831665039,41.655967712402344,-25.60235023498535,-109.63115692138672,-6.434220314025879,77.27706909179688,0.25099276449513824
31,37,-11.3183012008667,41.22894287109375,-26.699426651000977,-109.03182220458984,-6.296806335449219,77.78660583496094,0.25309319660809
31,38,-11.407425880432129,41.37205505371094,-25.962966918945312,-109.10868835449219,-6.473213195800781,77.82342529296875,0.25163954388264514
31,39,-11.583629608154297,40.47747039794922,-27.013286590576172,-108.11434936523438,-6.110084533691406,77.11156463623047,0.2531001060702737
31,40,-11.713717460632324,40.14447784423828,-26.835294723510742,-108.29862976074219,-5.975530624389648,76.42723846435547,0.2521542953242388
31,41,-12.052886962890625,40.89768981933594,-26.588695526123047,-108.19367980957031,-6.118083953857422,74.04686737060547,0.2527432060677342
31,42,-12.672511100769043,41.252559661865234,-25.724905014038086,-108.65275573730469,-6.271181106567383,60.72067642211914,0.25115123734067996
31,43,-12.747591018676758,40.11181640625,-26.82416534423828,-108.60185241699219,-5.8904194831848145,57.90497589111328,0.2519470350840603
31,44,-13.304365158081055,40.2379035949707,-26.59040641784668,-108.48486328125,-5.926299095153809,58.433319091796875,0.2516685456462729
31,45,-14.59974193572998,41.975311279296875,-27.559593200683594,-107.47950744628906,-5.808493614196777,65.11695861816406,0.2566223911490919
31,46,-16.930116653442383,43.21842956542969,-29.62980842590332,-106.4263916015625,-4.816498756408691,70.93799591064453,0.2628629937906174
31,47,-18.370332717895508,42.36791229248047,-31.53403663635254,-105.29059600830078,-4.475576400756836,65.90641784667969,0.2656944561963572
31,48,-17.873218536376953,41.70706558227539,-31.480031967163086,-106.17417907714844,-4.753457069396973,65.2266616821289,0.2645831485720771
31,49,-9.029135704040527,32.642333984375,-21.78968048095703,-86.61698150634766,-6.224292755126953,49.32257080078125,0.23711483075268436
32,0,-14.780296325683594,83.52658081054688,-1.3574562072753906,-90.21454620361328,-6.9906206130981445,64.31275939941406,0.25588682687209907
32,1,-14.52565860748291,81.36164093017578,0.26682090759277344,-92.13095092773438,-7.365939140319824,65.78433227539062,0.2510298589444565
32,2,-14.057212829589844,77.3587417602539,-1.7386054992675781,-93.48841857910156,-7.385705947875977,67.87593078613281,0.25073780922879246
32,3,-14.637883186340332,74.86744689941406,-4.676883697509766,-93.02165985107422,-7.655393600463867,72.49124908447266,0.25378908670586564
32,4,-14.698725700378418,72.02787017822266,-8.628541946411133,-92.5169906616211,-7.544255256652832,72.0433349609375,0.25808223479043346
32,5,-14.586420059204102,67.02494812011719,-13.479071617126465,-92.70738983154297,-7.418816566467285,73.90426635742188,0.2615383639615559
32,6,-13.205909729003906,63.56886672973633,-21.964435577392578,-92.16801452636719,-6.563702583312988,79.26675415039062,0.2714501934372585
32,7,-12.837577819824219,63.20411682128906,-24.417869567871094,-92.58012390136719,-6.974636077880859,85.3110580444336,0.27473201457075547
32,8,-11.72547435760498,61.606346130371094,-25.469205856323242,-94.34471130371094,-7.03208065032959,85.01469421386719,0.2754492748772488
32,9,-10.605456352233887,61.07191848754883,-25.41779899597168,-95.20413208007812,-6.973566055297852,84.10623931884766,0.27516452823055687
32,10,-10.107404708862305,59.50784683227539,-27.50844955444336,-96.08771514892578,-6.86541748046875,83.54340362548828,0.2770509796054995
32,11,-9.962357521057129,58.241764068603516,-28.52235984802246,-97.08023834228516,-6.807568550109863,83.38211059570312,0.2776550806061169
32,12,-9.817127227783203,56.712650299072266,-29.362098693847656,-97.69730377197266,-6.681617736816406,83.16571044921875,0.27762248879858653
32,13,-9.068390846252441,55.11827850341797,-29.351099014282227,-97.78477478027344,-6.602212905883789,82.63204956054688,0.27608037660770013
32,14,-8.73330307006836,54.135128021240234,-29.41964340209961,-98.93273162841797,-6.652705192565918,82.09103393554688,0.275446060117268
32,15,-8.921879768371582,53.441585540771484,-28.937679290771484,-99.60693359375,-6.715546607971191,82.4861068725586,0.27406857346681496
32,16,-9.022340774536133,54.787288665771484,-26.78618812561035,-100.5365219116211,-6.954251289367676,81.36046600341797,0.2720173854121755
32,17,-9.271208763122559,53.46837615966797,-26.343101501464844,-101.89195251464844,-7.026775360107422,80.96005249023438,0.26981054311571606
32,18,-9.566744804382324,53.619388580322266,-24.56707763671875,-102.74268341064453,-6.94410514831543,80.3831787109375,0.266686362058593
32,19,-9.189833641052246,53.13701248168945,-22.96302032470703,-104.34820556640625,-6.942598342895508,80.00218200683594,0.26275690885619235
32,20,-8.98762321472168,51.289974212646484,-23.418785095214844,-104.35071563720703,-6.792548179626465,80.46430969238281,0.26136551994653967
32,21,-8.787346839904785,49.17844009399414,-24.458383560180664,-103.79563903808594,-6.580399513244629,79.32600402832031,0.2608987180612586
32,22,-8.747061729431152,49.79218673706055,-22.312541961669922,-104.031494140625,-6.594605445861816,79.13018798828125,0.25731569010479216
32,23,-9.028154373168945,48.762245178222656,-22.740646362304688,-103.93731689453125,-6.492422103881836,78.48928833007812,0.2568837113169234
32,24,-9.510820388793945,49.29035949707031,-22.76486587524414,-104.0644760131836,-6.556336402893066,76.91734313964844,0.25757978499629197
32,25,-9.347002029418945,48.94412612915039,-23.296825408935547,-104.35246276855469,-6.545244216918945,77.674560546875,0.2581325537406247
32,26,-9.667804718017578,48.00400161743164,-22.793563842773438,-105.3817138671875,-6.309597969055176,77.27743530273438,0.25553614523343227
32,27,-10.68320369720459,48.249183654785156,-23.12107276916504,-105.54633331298828,-6.464461326599121,77.18768310546875,0.2564912872078209
32,28,-10.40579605102539,47.75487518310547,-22.910568237304688,-106.89054870605469,-6.172656059265137,77.61534118652344,0.2548863809531741
32,29,-10.603508949279785,47.228355407714844,-24.42279052734375,-107.19462585449219,-6.256741523742676,77.1917724609375,0.257280962820561
32,30,-10.541645050048828,47.125831604003906,-24.342609405517578,-107.62288665771484,-6.138071060180664,77.29386901855469,0.25680982643026373
32,31,-11.088948249816895,46.30991744995117,-24.806781768798828,-107.44654083251953,-6.208904266357422,77.68251037597656,0.25675797379672194
32,32,-11.046573638916016,45.498634338378906,-24.65683937072754,-108.03720092773438,-6.131087303161621,79.31404113769531,0.2550880907659913
32,33,-11.271566390991211,44.52751159667969,-25.386110305786133,-108.34114074707031,-6.079239845275879,78.26931762695312,0.2551906813952366
32,34,-11.584424018859863,44.16129684448242,-24.937755584716797,-108.33172607421875,-6.180593490600586,78.90232849121094,0.2537080407069644
32,35,-11.464773178100586,42.5660400390625,-25.261432647705078,-109.11136627197266,-6.338911056518555,78.0511474609375,0.25179942225615454
32,36,-11.536111831665039,41.655967712402344,-25.60235023498535,-109.63115692138672,-6.434220314025879,77.27706909179688,0.25099276449513824
32,37,-11.3183012008667,41.22894287109375,-26.699426651000977,-109.03182220458984,-6.296806335449219,77.78660583496094,0.25309319660809
32,38,-11.407425880432129,41.37205505371094,-25.962966918945312,-109.10868835449219,-6.473213195800781,77.82342529296875,0.25163954388264514
32,39,-11.583629608154297,40.47747039794922,-27.013286590576172,-108.11434936523438,-6.110084533691406,77.11156463623047,0.2531001060702737
32,40,-11.713717460632324,40.14447784423828,-26.835294723510742,-108.29862976074219,-5.975530624389648,76.42723846435547,0.2521542953242388
32,41,-12.052886962890625,40.89768981933594,-26.588695526123047,-108.19367980957031,-6.118083953857422,74.04686737060547,0.2527432060677342
32,42,-12.672511100769043,41.252559661865234,-25.724905014038086,-108.65275573730469,-6.271181106567383,60.72067642211914,0.25115123734067996
32,43,-12.747591018676758,40.11181640625,-26.82416534423828,-108.60185241699219,-5.8904194831848145,57.90497589111328,0.2519470350840603
32,44,-13.304365158081055,40.2379035949707,-26.59040641784668,-108.48486328125,-5.926299095153809,58.433319091796875,0.2516685456462729
32,45,-14.59974193572998,41.975311279296875,-27.559593200683594,-107.47950744628906,-5.808493614196777,65.11695861816406,0.2566223911490919
32,46,-16.930116653442383,43.21842956542969,-29.62980842590332,-106.4263916015625,-4.816498756408691,70.93799591064453,0.2628629937906174
32,47,-18.370332717895508,42.36791229248047,-31.53403663635254,-105.29059600830078,-4.475576400756836,65.90641784667969,0.2656944561963572
32,48,-17.873218536376953,41.70706558227539,-31.480031967163086,-106.17417907714844,-4.753457069396973,65.2266616821289,0.2645831485720771
32,49,-9.029135704040527,32.642333984375,-21.78968048095703,-86.61698150634766,-6.224292755126953,49.32257080078125,0.23711483075268436
33,0,-14.780296325683594,83.52658081054688,-1.3574562072753906,-90.21454620361328,-6.9906206130981445,64.31275939941406,0.25588682687209907
33,1,-14.52565860748291,81.36164093017578,0.26682090759277344,-92.13095092773438,-7.365939140319824,65.78433227539062,0.2510298589444565
33,2,-14.057212829589844,77.3587417602539,-1.7386054992675781,-93.48841857910156,-7.385705947875977,67.87593078613281,0.25073780922879246
33,3,-14.637883186340332,74.86744689941406,-4.676883697509766,-93.02165985107422,-7.655393600463867,72.49124908447266,0.25378908670586564
33,4,-14.698725700378418,72.02787017822266,-8.628541946411133,-92.5169906616211,-7.544255256652832,72.0433349609375,0.25808223479043346
33,5,-14.586420059204102,67.02494812011719,-13.479071617126465,-92.70738983154297,-7.418816566467285,73.90426635742188,0.2615383639615559
33,6,-13.205909729003906,63.56886672973633,-21.964435577392578,-92.16801452636719,-6.563702583312988,79.26675415039062,0.2714501934372585
33,7,-12.837577819824219,63.20411682128906,-24.417869567871094,-92.58012390136719,-6.974636077880859,85.3110580444336,0.27473201457075547
33,8,-11.72547435760498,61.606346130371094,-25.469205856323242,-94.34471130371094,-7.03208065032959,85.01469421386719,0.2754492748772488
33,9,-10.605456352233887,61.07191848754883,-25.41779899597168,-95.20413208007812,-6.973566055297852,84.10623931884766,0.27516452823055687
33,10,-10.107404708862305,59.50784683227539,-27.50844955444336,-96.08771514892578,-6.86541748046875,83.54340362548828,0.2770509796054995
33,11,-9.962357521057129,58.241764068603516,-28.52235984802246,-97.08023834228516,-6.807568550109863,83.38211059570312,0.2776550806061169
33,12,-9.817127227783203,56.712650299072266,-29.362098693847656,-97.69730377197266,-6.681617736816406,83.16571044921875,0.27762248879858653
33,13,-9.068390846252441,55.11827850341797,-29.351099014282227,-97.78477478027344,-6.602212905883789,82.63204956054688,0.27608037660770013
33,14,-8.73330307006836,54.135128021240234,-29.41964340209961,-98.93273162841797,-6.652705192565918,82.09103393554688,0.275446060117268
33,15,-8.921879768371582,53.441585540771484,-28.937679290771484,-99.60693359375,-6.715546607971191,82.4861068725586,0.27406857346681496
33,16,-9.022340774536133,54.787288665771484,-26.78618812561035,-100.5365219116211,-6.954251289367676,81.36046600341797,0.2720173854121755
33,17,-9.271208763122559,53.46837615966797,-26.343101501464844,-101.89195251464844,-7.026775360107422,80.96005249023438,0.26981054311571606
33,18,-9.566744804382324,53.619388580322266,-24.56707763671875,-102.74268341064453,-6.94410514831543,80.3831787109375,0.266686362058593
33,19,-9.189833641052246,53.13701248168945,-22.96302032470703,-104.34820556640625,-6.942598342895508,80.00218200683594,0.26275690885619235
33,20,-8.98762321472168,51.289974212646484,-23.418785095214844,-104.35071563720703,-6.792548179626465,80.46430969238281,0.26136551994653967
33,21,-8.787346839904785,49.17844009399414,-24.458383560180664,-103.79563903808594,-6.580399513244629,79.32600402832031,0.2608987180612586
33,22,-8.747061729431152,49.79218673706055,-22.312541961669922,-104.031494140625,-6.594605445861816,79.13018798828125,0.25731569010479216
33,23,-9.028154373168945,48.762245178222656,-22.740646362304688,-103.93731689453125,-6.492422103881836,78.48928833007812,0.2568837113169234
33,24,-9.510820388793945,49.29035949707031,-22.76486587524414,-104.0644760131836,-6.556336402893066,76.91734313964844,0.25757978499629197
33,25,-9.347002029418945,48.94412612915039,-23.296825408935547,-104.35246276855469,-6.545244216918945,77.674560546875,0.2581325537406247
33,26,-9.667804718017578,48.00400161743164,-22.793563842773438,-105.3817138671875,-6.309597969055176,77.27743530273438,0.25553614523343227
33,27,-10.68320369720459,48.249183654785156,-23.12107276916504,-105.54633331298828,-6.464461326599121,77.18768310546875,0.2564912872078209
33,28,-10.40579605102539,47.75487518310547,-22.910568237304688,-106.89054870605469,-6.172656059265137,77.61534118652344,0.2548863809531741
33,29,-10.603508949279785,47.228355407714844,-24.42279052734375,-107.19462585449219,-6.256741523742676,77.1917724609375,0.257280962820561
33,30,-10.541645050048828,47.125831604003906,-24.342609405517578,-107.62288665771484,-6.138071060180664,77.29386901855469,0.25680982643026373
33,31,-11.088948249816895,46.30991744995117,-24.806781768798828,-107.44654083251953,-6.208904266357422,77.68251037597656,0.25675797379672194
33,32,-11.046573638916016,45.498634338378906,-24.65683937072754,-108.03720092773438,-6.131087303161621,79.31404113769531,0.2550880907659913
33,33,-11.271566390991211,44.52751159667969,-25.386110305786133,-108.34114074707031,-6.079239845275879,78.26931762695312,0.2551906813952366
33,34,-11.584424018859863,44.16129684448242,-24.937755584716797,-108.33172607421875,-6.180593490600586,78.90232849121094,0.2537080407069644
33,35,-11.464773178100586,42.5660400390625,-25.261432647705078,-109.11136627197266,-6.338911056518555,78.0511474609375,0.25179942225615454
33,36,-11.536111831665039,41.655967712402344,-25.60235023498535,-109.63115692138672,-6.434220314025879,77.27706909179688,0.25099276449513824
33,37,-11.3183012008667,41.22894287109375,-26.699426651000977,-109.03182220458984,-6.296806335449219,77.78660583496094,0.25309319660809
33,38,-11.407425880432129,41.37205505371094,-25.962966918945312,-109.10868835449219,-6.473213195800781,77.82342529296875,0.25163954388264514
33,39,-11.583629608154297,40.47747039794922,-27.013286590576172,-108.11434936523438,-6.110084533691406,77.11156463623047,0.2531001060702737
33,40,-11.713717460632324,40.14447784423828,-26.835294723510742,-108.29862976074219,-5.975530624389648,76.42723846435547,0.2521542953242388
33,41,-12.052886962890625,40.89768981933594,-26.588695526123047,-108.19367980957031,-6.118083953857422,74.04686737060547,0.2527432060677342
33,42,-12.672511100769043,41.252559661865234,-25.724905014038086,-108.65275573730469,-6.271181106567383,60.72067642211914,0.25115123734067996
33,43,-12.747591018676758,40.11181640625,-26.82416534423828,-108.60185241699219,-5.8904194831848145,57.90497589111328,0.2519470350840603
33,44,-13.304365158081055,40.2379035949707,-26.59040641784668,-108.48486328125,-5.926299095153809,58.433319091796875,0.2516685456462729
33,45,-14.59974193572998,41.975311279296875,-27.559593200683594,-107.47950744628906,-5.808493614196777,65.11695861816406,0.2566223911490919
33,46,-16.930116653442383,43.21842956542969,-29.62980842590332,-106.4263916015625,-4.816498756408691,70.93799591064453,0.2628629937906174
33,47,-18.370332717895508,42.36791229248047,-31.53403663635254,-105.29059600830078,-4.475576400756836,65.90641784667969,0.2656944561963572
33,48,-17.873218536376953,41.70706558227539,-31.480031967163086,-106.17417907714844,-4.753457069396973,65.2266616821289,0.2645831485720771
33,49,-9.029135704040527,32.642333984375,-21.78968048095703,-86.61698150634766,-6.224292755126953,49.32257080078125,0.23711483075268436
34,0,-14.780296325683594,83.52658081054688,-1.3574562072753906,-90.21454620361328,-6.9906206130981445,64.31275939941406,0.25588682687209907
34,1,-14.52565860748291,81.36164093017578,0.26682090759277344,-92.13095092773438,-7.365939140319824,65.78433227539062,0.2510298589444565
34,2,-14.057212829589844,77.3587417602539,-1.7386054992675781,-93.48841857910156,-7.385705947875977,67.87593078613281,0.25073780922879246
34,3,-14.637883186340332,74.86744689941406,-4.676883697509766,-93.02165985107422,-7.655393600463867,72.49124908447266,0.25378908670586564
34,4,-14.698725700378418,72.02787017822266,-8.628541946411133,-92.5169906616211,-7.544255256652832,72.0433349609375,0.25808223479043346
34,5,-14.586420059204102,67.02494812011719,-13.479071617126465,-92.70738983154297,-7.418816566467285,73.90426635742188,0.2615383639615559
34,6,-13.205909729003906,63.56886672973633,-21.964435577392578,-92.16801452636719,-6.563702583312988,79.26675415039062,0.2714501934372585
34,7,-12.837577819824219,63.20411682128906,-24.417869567871094,-92.58012390136719,-6.974636077880859,85.3110580444336,0.27473201457075547
34,8,-11.72547435760498,61.606346130371094,-25.469205856323242,-94.34471130371094,-7.03208065032959,85.01469421386719,0.2754492748772488
34,9,-10.605456352233887,61.07191848754883,-25.41779899597168,-95.20413208007812,-6.973566055297852,84.10623931884766,0.27516452823055687
34,10,-10.107404708862305,59.50784683227539,-27.50844955444336,-96.08771514892578,-6.86541748046875,83.54340362548828,0.2770509796054995
34,11,-9.962357521057129,58.241764068603516,-28.52235984802246,-97.08023834228516,-6.807568550109863,83.38211059570312,0.2776550806061169
34,12,-9.817127227783203,56.712650299072266,-29.362098693847656,-97.69730377197266,-6.681617736816406,83.16571044921875,0.27762248879858653
34,13,-9.068390846252441,55.11827850341797,-29.351099014282227,-97.78477478027344,-6.602212905883789,82.63204956054688,0.27608037660770013
34,14,-8.73330307006836,54.135128021240234,-29.41964340209961,-98.93273162841797,-6.652705192565918,82.09103393554688,0.275446060117268
34,15,-8.921879768371582,53.441585540771484,-28.937679290771484,-99.60693359375,-6.715546607971191,82.4861068725586,0.27406857346681496
34,16,-9.022340774536133,54.787288665771484,-26.78618812561035,-100.5365219116211,-6.954251289367676,81.36046600341797,0.2720173854121755
34,17,-9.271208763122559,53.46837615966797,-26.343101501464844,-101.89195251464844,-7.026775360107422,80.96005249023438,0.26981054311571606
34,18,-9.566744804382324,53.619388580322266,-24.56707763671875,-102.74268341064453,-6.94410514831543,80.3831787109375,0.266686362058593
34,19,-9.189833641052246,53.13701248168945,-22.96302032470703,-104.34820556640625,-6.942598342895508,80.00218200683594,0.26275690885619235
34,20,-8.98762321472168,51.289974212646484,-23.418785095214844,-104.35071563720703,-6.792548179626465,80.46430969238281,0.26136551994653967
34,21,-8.787346839904785,49.17844009399414,-24.458383560180664,-103.79563903808594,-6.580399513244629,79.32600402832031,0.2608987180612586
34,22,-8.747061729431152,49.79218673706055,-22.312541961669922,-104.031494140625,-6.594605445861816,79.13018798828125,0.25731569010479216
34,23,-9.028154373168945,48.762245178222656,-22.740646362304688,-103.93731689453125,-6.492422103881836,78.48928833007812,0.2568837113169234
34,24,-9.510820388793945,49.29035949707031,-22.76486587524414,-104.0644760131836,-6.556336402893066,76.91734313964844,0.25757978499629197
34,25,-9.347002029418945,48.94412612915039,-23.296825408935547,-104.35246276855469,-6.545244216918945,77.674560546875,0.2581325537406247
34,26,-9.667804718017578,48.00400161743164,-22.793563842773438,-105.3817138671875,-6.309597969055176,77.27743530273438,0.25553614523343227
34,27,-10.68320369720459,48.249183654785156,-23.12107276916504,-105.54633331298828,-6.464461326599121,77.18768310546875,0.2564912872078209
34,28,-10.40579605102539,47.75487518310547,-22.910568237304688,-106.89054870605469,-6.172656059265137,77.61534118652344,0.2548863809531741
34,29,-10.603508949279785,47.228355407714844,-24.42279052734375,-107.19462585449219,-6.256741523742676,77.1917724609375,0.257280962820561
34,30,-10.541645050048828,47.125831604003906,-24.342609405517578,-107.62288665771484,-6.138071060180664,77.29386901855469,0.25680982643026373
34,31,-11.088948249816895,46.30991744995117,-24.806781768798828,-107.44654083251953,-6.208904266357422,77.68251037597656,0.25675797379672194
34,32,-11.046573638916016,45.498634338378906,-24.65683937072754,-108.03720092773438,-6.131087303161621,79.31404113769531,0.2550880907659913
34,33,-11.271566390991211,44.52751159667969,-25.386110305786133,-108.34114074707031,-6.079239845275879,78.26931762695312,0.2551906813952366
34,34,-11.584424018859863,44.16129684448242,-24.937755584716797,-108.33172607421875,-6.180593490600586,78.90232849121094,0.2537080407069644
34,35,-11.464773178100586,42.5660400390625,-25.261432647705078,-109.11136627197266,-6.338911056518555,78.0511474609375,0.25179942225615454
34,36,-11.536111831665039,41.655967712402344,-25.60235023498535,-109.63115692138672,-6.434220314025879,77.27706909179688,0.25099276449513824
34,37,-11.3183012008667,41.22894287109375,-26.699426651000977,-109.03182220458984,-6.296806335449219,77.78660583496094,0.25309319660809
34,38,-11.407425880432129,41.37205505371094,-25.962966918945312,-109.10868835449219,-6.473213195800781,77.82342529296875,0.25163954388264514
34,39,-11.583629608154297,40.47747039794922,-27.013286590576172,-108.11434936523438,-6.110084533691406,77.11156463623047,0.2531001060702737
34,40,-11.713717460632324,40.14447784423828,-26.835294723510742,-108.29862976074219,-5.975530624389648,76.42723846435547,0.2521542953242388
34,41,-12.052886962890625,40.89768981933594,-26.588695526123047,-108.19367980957031,-6.118083953857422,74.04686737060547,0.2527432060677342
34,42,-12.672511100769043,41.252559661865234,-25.724905014038086,-108.65275573730469,-6.271181106567383,60.72067642211914,0.25115123734067996
34,43,-12.747591018676758,40.11181640625,-26.82416534423828,-108.60185241699219,-5.8904194831848145,57.90497589111328,0.2519470350840603
34,44,-13.304365158081055,40.2379035949707,-26.59040641784668,-108.48486328125,-5.926299095153809,58.433319091796875,0.2516685456462729
34,45,-14.59974193572998,41.975311279296875,-27.559593200683594,-107.47950744628906,-5.808493614196777,65.11695861816406,0.2566223911490919
34,46,-16.930116653442383,43.21842956542969,-29.62980842590332,-106.4263916015625,-4.816498756408691,70.93799591064453,0.2628629937906174
34,47,-18.370332717895508,42.36791229248047,-31.53403663635254,-105.29059600830078,-4.475576400756836,65.90641784667969,0.2656944561963572
34,48,-17.873218536376953,41.70706558227539,-31.480031967163086,-106.17417907714844,-4.753457069396973,65.2266616821289,0.2645831485720771
34,49,-9.029135704040527,32.642333984375,-21.78968048095703,-86.61698150634766,-6.224292755126953,49.32257080078125,0.23711483075268436
35,0,-14.780296325683594,83.52658081054688,-1.3574562072753906,-90.21454620361328,-6.9906206130981445,64.31275939941406,0.25588682687209907
35,1,-14.52565860748291,81.36164093017578,0.26682090759277344,-92.13095092773438,-7.365939140319824,65.78433227539062,0.2510298589444565
35,2,-14.057212829589844,77.3587417602539,-1.7386054992675781,-93.48841857910156,-7.385705947875977,67.87593078613281,0.25073780922879246
35,3,-14.637883186340332,74.86744689941406,-4.676883697509766,-93.02165985107422,-7.655393600463867,72.49124908447266,0.25378908670586564
35,4,-14.698725700378418,72.02787017822266,-8.628541946411133,-92.5169906616211,-7.544255256652832,72.0433349609375,0.25808223479043346
35,5,-14.586420059204102,67.02494812011719,-13.479071617126465,-92.70738983154297,-7.418816566467285,73.90426635742188,0.2615383639615559
35,6,-13.205909729003906,63.56886672973633,-21.964435577392578,-92.16801452636719,-6.563702583312988,79.26675415039062,0.2714501934372585
35,7,-12.837577819824219,63.20411682128906,-24.417869567871094,-92.58012390136719,-6.974636077880859,85.3110580444336,0.27473201457075547
35,8,-11.72547435760498,61.606346130371094,-25.469205856323242,-94.34471130371094,-7.03208065032959,85.01469421386719,0.2754492748772488
35,9,-10.605456352233887,61.07191848754883,-25.41779899597168,-95.20413208007812,-6.973566055297852,84.10623931884766,0.27516452823055687
35,10,-10.107404708862305,59.50784683227539,-27.50844955444336,-96.08771514892578,-6.86541748046875,83.54340362548828,0.2770509796054995
35,11,-9.962357521057129,58.241764068603516,-28.52235984802246,-97.08023834228516,-6.807568550109863,83.38211059570312,0.2776550806061169
35,12,-9.817127227783203,56.712650299072266,-29.362098693847656,-97.69730377197266,-6.681617736816406,83.16571044921875,0.27762248879858653
35,13,-9.068390846252441,55.11827850341797,-29.351099014282227,-97.78477478027344,-6.602212905883789,82.63204956054688,0.27608037660770013
35,14,-8.73330307006836,54.135128021240234,-29.41964340209961,-98.93273162841797,-6.652705192565918,82.09103393554688,0.275446060117268
35,15,-8.921879768371582,53.441585540771484,-28.937679290771484,-99.60693359375,-6.715546607971191,82.4861068725586,0.27406857346681496
35,16,-9.022340774536133,54.787288665771484,-26.78618812561035,-100.5365219116211,-6.954251289367676,81.36046600341797,0.2720173854121755
35,17,-9.271208763122559,53.46837615966797,-26.343101501464844,-101.89195251464844,-7.026775360107422,80.96005249023438,0.26981054311571606
35,18,-9.566744804382324,53.619388580322266,-24.56707763671875,-102.74268341064453,-6.94410514831543,80.3831787109375,0.266686362058593
35,19,-9.189833641052246,53.13701248168945,-22.96302032470703,-104.34820556640625,-6.942598342895508,80.00218200683594,0.26275690885619235
35,20,-8.98762321472168,51.289974212646484,-23.418785095214844,-104.35071563720703,-6.792548179626465,80.46430969238281,0.26136551994653967
35,21,-8.787346839904785,49.17844009399414,-24.458383560180664,-103.79563903808594,-6.580399513244629,79.32600402832031,0.2608987180612586
35,22,-8.747061729431152,49.79218673706055,-22.312541961669922,-104.031494140625,-6.594605445861816,79.13018798828125,0.25731569010479216
35,23,-9.028154373168945,48.762245178222656,-22.740646362304688,-103.93731689453125,-6.492422103881836,78.48928833007812,0.2568837113169234
35,24,-9.510820388793945,49.29035949707031,-22.76486587524414,-104.0644760131836,-6.556336402893066,76.91734313964844,0.25757978499629197
35,25,-9.347002029418945,48.94412612915039,-23.296825408935547,-104.35246276855469,-6.545244216918945,77.674560546875,0.2581325537406247
35,26,-9.667804718017578,48.00400161743164,-22.793563842773438,-105.3817138671875,-6.309597969055176,77.27743530273438,0.25553614523343227
35,27,-10.68320369720459,48.249183654785156,-23.12107276916504,-105.54633331298828,-6.464461326599121,77.18768310546875,0.2564912872078209
35,28,-10.40579605102539,47.75487518310547,-22.910568237304688,-106.89054870605469,-6.172656059265137,77.61534118652344,0.2548863809531741
35,29,-10.603508949279785,47.228355407714844,-24.42279052734375,-107.19462585449219,-6.256741523742676,77.1917724609375,0.257280962820561
35,30,-10.541645050048828,47.125831604003906,-24.342609405517578,-107.62288665771484,-6.138071060180664,77.29386901855469,0.25680982643026373
35,31,-11.088948249816895,46.30991744995117,-24.806781768798828,-107.44654083251953,-6.208904266357422,77.68251037597656,0.25675797379672194
35,32,-11.046573638916016,45.498634338378906,-24.65683937072754,-108.03720092773438,-6.131087303161621,79.31404113769531,0.2550880907659913
35,33,-11.271566390991211,44.52751159667969,-25.386110305786133,-108.34114074707031,-6.079239845275879,78.26931762695312,0.2551906813952366
35,34,-11.584424018859863,44.16129684448242,-24.937755584716797,-108.33172607421875,-6.180593490600586,78.90232849121094,0.2537080407069644
35,35,-11.464773178100586,42.5660400390625,-25.261432647705078,-109.11136627197266,-6.338911056518555,78.0511474609375,0.25179942225615454
35,36,-11.536111831665039,41.655967712402344,-25.60235023498535,-109.63115692138672,-6.434220314025879,77.27706909179688,0.25099276449513824
35,37,-11.3183012008667,41.22894287109375,-26.699426651000977,-109.03182220458984,-6.296806335449219,77.78660583496094,0.25309319660809
35,38,-11.407425880432129,41.37205505371094,-25.962966918945312,-109.10868835449219,-6.473213195800781,77.82342529296875,0.25163954388264514
35,39,-11.583629608154297,40.47747039794922,-27.013286590576172,-108.11434936523438,-6.110084533691406,77.11156463623047,0.2531001060702737
35,40,-11.713717460632324,40.14447784423828,-26.835294723510742,-108.29862976074219,-5.975530624389648,76.42723846435547,0.2521542953242388
35,41,-12.052886962890625,40.89768981933594,-26.588695526123047,-108.19367980957031,-6.118083953857422,74.04686737060547,0.2527432060677342
35,42,-12.672511100769043,41.252559661865234,-25.724905014038086,-108.65275573730469,-6.271181106567383,60.72067642211914,0.25115123734067996
35,43,-12.747591018676758,40.11181640625,-26.82416534423828,-108.60185241699219,-5.8904194831848145,57.90497589111328,0.2519470350840603
35,44,-13.304365158081055,40.2379035949707,-26.59040641784668,-108.48486328125,-5.926299095153809,58.433319091796875,0.2516685456462729
35,45,-14.59974193572998,41.975311279296875,-27.559593200683594,-107.47950744628906,-5.808493614196777,65.11695861816406,0.2566223911490919
35,46,-16.930116653442383,43.21842956542969,-29.62980842590332,-106.4263916015625,-4.816498756408691,70.93799591064453,0.2628629937906174
35,47,-18.370332717895508,42.36791229248047,-31.53403663635254,-105.29059600830078,-4.475576400756836,65.90641784667969,0.2656944561963572
35,48,-17.873218536376953,41.70706558227539,-31.480031967163086,-106.17417907714844,-4.753457069396973,65.2266616821289,0.2645831485720771
35,49,-9.029135704040527,32.642333984375,-21.78968048095703,-86.61698150634766,-6.224292755126953,49.32257080078125,0.23711483075268436
36,0,-14.780296325683594,83.52658081054688,-1.3574562072753906,-90.21454620361328,-6.9906206130981445,64.31275939941406,0.25588682687209907
36,1,-14.52565860748291,81.36164093017578,0.26682090759277344,-92.13095092773438,-7.365939140319824,65.78433227539062,0.2510298589444565
36,2,-14.057212829589844,77.3587417602539,-1.7386054992675781,-93.48841857910156,-7.385705947875977,67.87593078613281,0.25073780922879246
36,3,-14.637883186340332,74.86744689941406,-4.676883697509766,-93.02165985107422,-7.655393600463867,72.49124908447266,0.25378908670586564
36,4,-14.698725700378418,72.02787017822266,-8.628541946411133,-92.5169906616211,-7.544255256652832,72.0433349609375,0.25808223479043346
36,5,-14.586420059204102,67.02494812011719,-13.479071617126465,-92.70738983154297,-7.418816566467285,73.90426635742188,0.2615383639615559
36,6,-13.205909729003906,63.56886672973633,-21.964435577392578,-92.16801452636719,-6.563702583312988,79.26675415039062,0.2714501934372585
36,7,-12.837577819824219,63.20411682128906,-24.417869567871094,-92.58012390136719,-6.974636077880859,85.3110580444336,0.27473201457075547
36,8,-11.72547435760498,61.606346130371094,-25.469205856323242,-94.34471130371094,-7.03208065032959,85.01469421386719,0.2754492748772488
36,9,-10.605456352233887,61.07191848754883,-25.41779899597168,-95.20413208007812,-6.973566055297852,84.10623931884766,0.27516452823055687
36,10,-10.107404708862305,59.50784683227539,-27.50844955444336,-96.08771514892578,-6.86541748046875,83.54340362548828,0.2770509796054995
36,11,-9.962357521057129,58.241764068603516,-28.52235984802246,-97.08023834228516,-6.807568550109863,83.38211059570312,0.2776550806061169
36,12,-9.817127227783203,56.712650299072266,-29.362098693847656,-97.69730377197266,-6.681617736816406,83.16571044921875,0.27762248879858653
36,13,-9.068390846252441,55.11827850341797,-29.351099014282227,-97.78477478027344,-6.602212905883789,82.63204956054688,0.27608037660770013
36,14,-8.73330307006836,54.135128021240234,-29.41964340209961,-98.93273162841797,-6.652705192565918,82.09103393554688,0.275446060117268
36,15,-8.921879768371582,53.441585540771484,-28.937679290771484,-99.60693359375,-6.715546607971191,82.4861068725586,0.27406857346681496
36,16,-9.022340774536133,54.787288665771484,-26.78618812561035,-100.5365219116211,-6.954251289367676,81.36046600341797,0.2720173854121755
36,17,-9.271208763122559,53.46837615966797,-26.343101501464844,-101.89195251464844,-7.026775360107422,80.96005249023438,0.26981054311571606
36,18,-9.566744804382324,53.619388580322266,-24.56707763671875,-102.74268341064453,-6.94410514831543,80.3831787109375,0.266686362058593
36,19,-9.189833641052246,53.13701248168945,-22.96302032470703,-104.34820556640625,-6.942598342895508,80.00218200683594,0.26275690885619235
36,20,-8.98762321472168,51.289974212646484,-23.418785095214844,-104.35071563720703,-6.792548179626465,80.46430969238281,0.26136551994653967
36,21,-8.787346839904785,49.17844009399414,-24.458383560180664,-103.79563903808594,-6.580399513244629,79.32600402832031,0.2608987180612586
36,22,-8.747061729431152,49.79218673706055,-22.312541961669922,-104.031494140625,-6.594605445861816,79.13018798828125,0.25731569010479216
36,23,-9.028154373168945,48.762245178222656,-22.740646362304688,-103.93731689453125,-6.492422103881836,78.48928833007812,0.2568837113169234
36,24,-9.510820388793945,49.29035949707031,-22.76486587524414,-104.0644760131836,-6.556336402893066,76.91734313964844,0.25757978499629197
36,25,-9.347002029418945,48.94412612915039,-23.296825408935547,-104.35246276855469,-6.545244216918945,77.674560546875,0.2581325537406247
36,26,-9.667804718017578,48.00400161743164,-22.793563842773438,-105.3817138671875,-6.309597969055176,77.27743530273438,0.25553614523343227
36,27,-10.68320369720459,48.249183654785156,-23.12107276916504,-105.54633331298828,-6.464461326599121,77.18768310546875,0.2564912872078209
36,28,-10.40579605102539,47.75487518310547,-22.910568237304688,-106.89054870605469,-6.172656059265137,77.61534118652344,0.2548863809531741
36,29,-10.603508949279785,47.228355407714844,-24.42279052734375,-107.19462585449219,-6.256741523742676,77.1917724609375,0.257280962820561
36,30,-10.541645050048828,47.125831604003906,-24.342609405517578,-107.62288665771484,-6.138071060180664,77.29386901855469,0.25680982643026373
36,31,-11.088948249816895,46.30991744995117,-24.806781768798828,-107.44654083251953,-6.208904266357422,77.68251037597656,0.25675797379672194
36,32,-11.046573638916016,45.498634338378906,-24.65683937072754,-108.03720092773438,-6.131087303161621,79.31404113769531,0.2550880907659913
36,33,-11.271566390991211,44.52751159667969,-25.386110305786133,-108.34114074707031,-6.079239845275879,78.26931762695312,0.2551906813952366
36,34,-11.584424018859863,44.16129684448242,-24.937755584716797,-108.33172607421875,-6.180593490600586,78.90232849121094,0.2537080407069644
36,35,-11.464773178100586,42.5660400390625,-25.261432647705078,-109.11136627197266,-6.338911056518555,78.0511474609375,0.25179942225615454
36,36,-11.536111831665039,41.655967712402344,-25.60235023498535,-109.63115692138672,-6.434220314025879,77.27706909179688,0.25099276449513824
36,37,-11.3183012008667,41.22894287109375,-26.699426651000977,-109.03182220458984,-6.296806335449219,77.78660583496094,0.25309319660809
36,38,-11.407425880432129,41.37205505371094,-25.962966918945312,-109.10868835449219,-6.473213195800781,77.82342529296875,0.25163954388264514
36,39,-11.583629608154297,40.47747039794922,-27.013286590576172,-108.11434936523438,-6.110084533691406,77.11156463623047,0.2531001060702737
36,40,-11.713717460632324,40.14447784423828,-26.835294723510742,-108.29862976074219,-5.975530624389648,76.42723846435547,0.2521542953242388
36,41,-12.052886962890625,40.89768981933594,-26.588695526123047,-108.19367980957031,-6.118083953857422,74.04686737060547,0.2527432060677342
36,42,-12.672511100769043,41.252559661865234,-25.724905014038086,-108.65275573730469,-6.271181106567383,60.72067642211914,0.25115123734067996
36,43,-12.747591018676758,40.11181640625,-26.82416534423828,-108.60185241699219,-5.8904194831848145,57.90497589111328,0.2519470350840603
36,44,-13.304365158081055,40.2379035949707,-26.59040641784668,-108.48486328125,-5.926299095153809,58.433319091796875,0.2516685456462729
36,45,-14.59974193572998,41.975311279296875,-27.559593200683594,-107.47950744628906,-5.808493614196777,65.11695861816406,0.2566223911490919
36,46,-16.930116653442383,43.21842956542969,-29.62980842590332,-106.4263916015625,-4.816498756408691,70.93799591064453,0.2628629937906174
36,47,-18.370332717895508,42.36791229248047,-31.53403663635254,-105.29059600830078,-4.475576400756836,65.90641784667969,0.2656944561963572
36,48,-17.873218536376953,41.70706558227539,-31.480031967163086,-106.17417907714844,-4.753457069396973,65.2266616821289,0.2645831485720771
36,49,-9.029135704040527,32.642333984375,-21.78968048095703,-86.61698150634766,-6.224292755126953,49.32257080078125,0.23711483075268436
37,0,-14.780296325683594,83.52658081054688,-1.3574562072753906,-90.21454620361328,-6.9906206130981445,64.31275939941406,0.25588682687209907
37,1,-14.52565860748291,81.36164093017578,0.26682090759277344,-92.13095092773438,-7.365939140319824,65.78433227539062,0.2510298589444565
37,2,-14.057212829589844,77.3587417602539,-1.7386054992675781,-93.48841857910156,-7.385705947875977,67.87593078613281,0.25073780922879246
37,3,-14.637883186340332,74.86744689941406,-4.676883697509766,-93.02165985107422,-7.655393600463867,72.49124908447266,0.25378908670586564
37,4,-14.698725700378418,72.02787017822266,-8.628541946411133,-92.5169906616211,-7.544255256652832,72.0433349609375,0.25808223479043346
37,5,-14.586420059204102,67.02494812011719,-13.479071617126465,-92.70738983154297,-7.418816566467285,73.90426635742188,0.2615383639615559
37,6,-13.205909729003906,63.56886672973633,-21.964435577392578,-92.16801452636719,-6.563702583312988,79.26675415039062,0.2714501934372585
37,7,-12.837577819824219,63.20411682128906,-24.417869567871094,-92.58012390136719,-6.974636077880859,85.3110580444336,0.27473201457075547
37,8,-11.72547435760498,61.606346130371094,-25.469205856323242,-94.34471130371094,-7.03208065032959,85.01469421386719,0.2754492748772488
37,9,-10.605456352233887,61.07191848754883,-25.41779899597168,-95.20413208007812,-6.973566055297852,84.10623931884766,0.27516452823055687
37,10,-10.107404708862305,59.50784683227539,-27.50844955444336,-96.08771514892578,-6.86541748046875,83.54340362548828,0.2770509796054995
37,11,-9.962357521057129,58.241764068603516,-28.52235984802246,-97.08023834228516,-6.807568550109863,83.38211059570312,0.2776550806061169
37,12,-9.817127227783203,56.712650299072266,-29.362098693847656,-97.69730377197266,-6.681617736816406,83.16571044921875,0.27762248879858653
37,13,-9.068390846252441,55.11827850341797,-29.351099014282227,-97.78477478027344,-6.602212905883789,82.63204956054688,0.27608037660770013
37,14,-8.73330307006836,54.135128021240234,-29.41964340209961,-98.93273162841797,-6.652705192565918,82.09103393554688,0.275446060117268
37,15,-8.921879768371582,53.441585540771484,-28.937679290771484,-99.60693359375,-6.715546607971191,82.4861068725586,0.27406857346681496
37,16,-9.022340774536133,54.787288665771484,-26.78618812561035,-100.5365219116211,-6.954251289367676,81.36046600341797,0.2720173854121755
37,17,-9.271208763122559,53.46837615966797,-26.343101501464844,-101.89195251464844,-7.026775360107422,80.96005249023438,0.26981054311571606
37,18,-9.566744804382324,53.619388580322266,-24.56707763671875,-102.74268341064453,-6.94410514831543,80.3831787109375,0.266686362058593
37,19,-9.189833641052246,53.13701248168945,-22.96302032470703,-104.34820556640625,-6.942598342895508,80.00218200683594,0.26275690885619235
37,20,-8.98762321472168,51.289974212646484,-23.418785095214844,-104.35071563720703,-6.792548179626465,80.46430969238281,0.26136551994653967
37,21,-8.787346839904785,49.17844009399414,-24.458383560180664,-103.79563903808594,-6.580399513244629,79.32600402832031,0.2608987180612586
37,22,-8.747061729431152,49.79218673706055,-22.312541961669922,-104.031494140625,-6.594605445861816,79.13018798828125,0.25731569010479216
37,23,-9.028154373168945,48.762245178222656,-22.740646362304688,-103.93731689453125,-6.492422103881836,78.48928833007812,0.2568837113169234
37,24,-9.510820388793945,49.29035949707031,-22.76486587524414,-104.0644760131836,-6.556336402893066,76.91734313964844,0.25757978499629197
37,25,-9.347002029418945,48.94412612915039,-23.296825408935547,-104.35246276855469,-6.545244216918945,77.674560546875,0.2581325537406247
37,26,-9.667804718017578,48.00400161743164,-22.793563842773438,-105.3817138671875,-6.309597969055176,77.27743530273438,0.25553614523343227
37,27,-10.68320369720459,48.249183654785156,-23.12107276916504,-105.54633331298828,-6.464461326599121,77.18768310546875,0.2564912872078209
37,28,-10.40579605102539,47.75487518310547,-22.910568237304688,-106.89054870605469,-6.172656059265137,77.61534118652344,0.2548863809531741
37,29,-10.603508949279785,47.228355407714844,-24.42279052734375,-107.19462585449219,-6.256741523742676,77.1917724609375,0.257280962820561
37,30,-10.541645050048828,47.125831604003906,-24.342609405517578,-107.62288665771484,-6.138071060180664,77.29386901855469,0.25680982643026373
37,31,-11.088948249816895,46.30991744995117,-24.806781768798828,-107.44654083251953,-6.208904266357422,77.68251037597656,0.25675797379672194
37,32,-11.046573638916016,45.498634338378906,-24.65683937072754,-108.03720092773438,-6.131087303161621,79.31404113769531,0.2550880907659913
37,33,-11.271566390991211,44.52751159667969,-25.386110305786133,-108.34114074707031,-6.079239845275879,78.26931762695312,0.2551906813952366
37,34,-11.584424018859863,44.16129684448242,-24.937755584716797,-108.33172607421875,-6.180593490600586,78.90232849121094,0.2537080407069644
37,35,-11.464773178100586,42.5660400390625,-25.261432647705078,-109.11136627197266,-6.338911056518555,78.0511474609375,0.25179942225615454
37,36,-11.536111831665039,41.655967712402344,-25.60235023498535,-109.63115692138672,-6.434220314025879,77.27706909179688,0.25099276449513824
37,37,-11.3183012008667,41.22894287109375,-26.699426651000977,-109.03182220458984,-6.296806335449219,77.78660583496094,0.25309319660809
37,38,-11.407425880432129,41.37205505371094,-25.962966918945312,-109.10868835449219,-6.473213195800781,77.82342529296875,0.25163954388264514
37,39,-11.583629608154297,40.47747039794922,-27.013286590576172,-108.11434936523438,-6.110084533691406,77.11156463623047,0.2531001060702737
37,40,-11.713717460632324,40.14447784423828,-26.835294723510742,-108.29862976074219,-5.975530624389648,76.42723846435547,0.2521542953242388
37,41,-12.052886962890625,40.89768981933594,-26.588695526123047,-108.19367980957031,-6.118083953857422,74.04686737060547,0.2527432060677342
37,42,-12.672511100769043,41.252559661865234,-25.724905014038086,-108.65275573730469,-6.271181106567383,60.72067642211914,0.25115123734067996
37,43,-12.747591018676758,40.11181640625,-26.82416534423828,-108.60185241699219,-5.8904194831848145,57.90497589111328,0.2519470350840603
37,44,-13.304365158081055,40.2379035949707,-26.59040641784668,-108.48486328125,-5.926299095153809,58.433319091796875,0.2516685456462729
37,45,-14.59974193572998,41.975311279296875,-27.559593200683594,-107.47950744628906,-5.808493614196777,65.11695861816406,0.2566223911490919
37,46,-16.930116653442383,43.21842956542969,-29.62980842590332,-106.4263916015625,-4.816498756408691,70.93799591064453,0.2628629937906174
37,47,-18.370332717895508,42.36791229248047,-31.53403663635254,-105.29059600830078,-4.475576400756836,65.90641784667969,0.2656944561963572
37,48,-17.873218536376953,41.70706558227539,-31.480031967163086,-106.17417907714844,-4.753457069396973,65.2266616821289,0.2645831485720771
37,49,-9.029135704040527,32.642333984375,-21.78968048095703,-86.61698150634766,-6.224292755126953,49.32257080078125,0.23711483075268436
38,0,-14.780296325683594,83.52658081054688,-1.3574562072753906,-90.21454620361328,-6.9906206130981445,64.31275939941406,0.25588682687209907
38,1,-14.52565860748291,81.36164093017578,0.26682090759277344,-92.13095092773438,-7.365939140319824,65.78433227539062,0.2510298589444565
38,2,-14.057212829589844,77.3587417602539,-1.7386054992675781,-93.48841857910156,-7.385705947875977,67.87593078613281,0.25073780922879246
38,3,-14.637883186340332,74.86744689941406,-4.676883697509766,-93.02165985107422,-7.655393600463867,72.49124908447266,0.25378908670586564
38,4,-14.698725700378418,72.02787017822266,-8.628541946411133,-92.5169906616211,-7.544255256652832,72.0433349609375,0.25808223479043346
38,5,-14.586420059204102,67.02494812011719,-13.479071617126465,-92.70738983154297,-7.418816566467285,73.90426635742188,0.2615383639615559
38,6,-13.205909729003906,63.56886672973633,-21.964435577392578,-92.16801452636719,-6.563702583312988,79.26675415039062,0.2714501934372585
38,7,-12.837577819824219,63.20411682128906,-24.417869567871094,-92.58012390136719,-6.974636077880859,85.3110580444336,0.27473201457075547
38,8,-11.72547435760498,61.606346130371094,-25.469205856323242,-94.34471130371094,-7.03208065032959,85.01469421386719,0.2754492748772488
38,9,-10.605456352233887,61.07191848754883,-25.41779899597168,-95.20413208007812,-6.973566055297852,84.10623931884766,0.27516452823055687
38,10,-10.107404708862305,59.50784683227539,-27.50844955444336,-96.08771514892578,-6.86541748046875,83.54340362548828,0.2770509796054995
38,11,-9.962357521057129,58.241764068603516,-28.52235984802246,-97.08023834228516,-6.807568550109863,83.38211059570312,0.2776550806061169
38,12,-9.817127227783203,56.712650299072266,-29.362098693847656,-97.69730377197266,-6.681617736816406,83.16571044921875,0.27762248879858653
38,13,-9.068390846252441,55.11827850341797,-29.351099014282227,-97.78477478027344,-6.602212905883789,82.63204956054688,0.27608037660770013
38,14,-8.73330307006836,54.135128021240234,-29.41964340209961,-98.93273162841797,-6.652705192565918,82.09103393554688,0.275446060117268
38,15,-8.921879768371582,53.441585540771484,-28.937679290771484,-99.60693359375,-6.715546607971191,82.4861068725586,0.27406857346681496
38,16,-9.022340774536133,54.787288665771484,-26.78618812561035,-100.5365219116211,-6.954251289367676,81.36046600341797,0.2720173854121755
38,17,-9.271208763122559,53.46837615966797,-26.343101501464844,-101.89195251464844,-7.026775360107422,80.96005249023438,0.26981054311571606
38,18,-9.566744804382324,53.619388580322266,-24.56707763671875,-102.74268341064453,-6.94410514831543,80.3831787109375,0.266686362058593
38,19,-9.189833641052246,53.13701248168945,-22.96302032470703,-104.34820556640625,-6.942598342895508,80.00218200683594,0.26275690885619235
38,20,-8.98762321472168,51.289974212646484,-23.418785095214844,-104.35071563720703,-6.792548179626465,80.46430969238281,0.26136551994653967
38,21,-8.787346839904785,49.17844009399414,-24.458383560180664,-103.79563903808594,-6.580399513244629,79.32600402832031,0.2608987180612586
38,22,-8.747061729431152,49.79218673706055,-22.312541961669922,-104.031494140625,-6.594605445861816,79.13018798828125,0.25731569010479216
38,23,-9.028154373168945,48.762245178222656,-22.740646362304688,-103.93731689453125,-6.492422103881836,78.48928833007812,0.2568837113169234
38,24,-9.510820388793945,49.29035949707031,-22.76486587524414,-104.0644760131836,-6.556336402893066,76.91734313964844,0.25757978499629197
38,25,-9.347002029418945,48.94412612915039,-23.296825408935547,-104.35246276855469,-6.545244216918945,77.674560546875,0.2581325537406247
38,26,-9.667804718017578,48.00400161743164,-22.793563842773438,-105.3817138671875,-6.309597969055176,77.27743530273438,0.25553614523343227
38,27,-10.68320369720459,48.249183654785156,-23.12107276916504,-105.54633331298828,-6.464461326599121,77.18768310546875,0.2564912872078209
38,28,-10.40579605102539,47.75487518310547,-22.910568237304688,-106.89054870605469,-6.172656059265137,77.61534118652344,0.2548863809531741
38,29,-10.603508949279785,47.228355407714844,-24.42279052734375,-107.19462585449219,-6.256741523742676,77.1917724609375,0.257280962820561
38,30,-10.541645050048828,47.125831604003906,-24.342609405517578,-107.62288665771484,-6.138071060180664,77.29386901855469,0.25680982643026373
38,31,-11.088948249816895,46.30991744995117,-24.806781768798828,-107.44654083251953,-6.208904266357422,77.68251037597656,0.25675797379672194
38,32,-11.046573638916016,45.498634338378906,-24.65683937072754,-108.03720092773438,-6.131087303161621,79.31404113769531,0.2550880907659913
38,33,-11.271566390991211,44.52751159667969,-25.386110305786133,-108.34114074707031,-6.079239845275879,78.26931762695312,0.2551906813952366
38,34,-11.584424018859863,44.16129684448242,-24.937755584716797,-108.33172607421875,-6.180593490600586,78.90232849121094,0.2537080407069644
38,35,-11.464773178100586,42.5660400390625,-25.261432647705078,-109.11136627197266,-6.338911056518555,78.0511474609375,0.25179942225615454
38,36,-11.536111831665039,41.655967712402344,-25.60235023498535,-109.63115692138672,-6.434220314025879,77.27706909179688,0.25099276449513824
38,37,-11.3183012008667,41.22894287109375,-26.699426651000977,-109.03182220458984,-6.296806335449219,77.78660583496094,0.25309319660809
38,38,-11.407425880432129,41.37205505371094,-25.962966918945312,-109.10868835449219,-6.473213195800781,77.82342529296875,0.25163954388264514
38,39,-11.583629608154297,40.47747039794922,-27.013286590576172,-108.11434936523438,-6.110084533691406,77.11156463623047,0.2531001060702737
38,40,-11.713717460632324,40.14447784423828,-26.835294723510742,-108.29862976074219,-5.975530624389648,76.42723846435547,0.2521542953242388
38,41,-12.052886962890625,40.89768981933594,-26.588695526123047,-108.19367980957031,-6.118083953857422,74.04686737060547,0.2527432060677342
38,42,-12.672511100769043,41.252559661865234,-25.724905014038086,-108.65275573730469,-6.271181106567383,60.72067642211914,0.25115123734067996
38,43,-12.747591018676758,40.11181640625,-26.82416534423828,-108.60185241699219,-5.8904194831848145,57.90497589111328,0.2519470350840603
38,44,-13.304365158081055,40.2379035949707,-26.59040641784668,-108.48486328125,-5.926299095153809,58.433319091796875,0.2516685456462729
38,45,-14.59974193572998,41.975311279296875,-27.559593200683594,-107.47950744628906,-5.808493614196777,65.11695861816406,0.2566223911490919
38,46,-16.930116653442383,43.21842956542969,-29.62980842590332,-106.4263916015625,-4.816498756408691,70.93799591064453,0.2628629937906174
38,47,-18.370332717895508,42.36791229248047,-31.53403663635254,-105.29059600830078,-4.475576400756836,65.90641784667969,0.2656944561963572
38,48,-17.873218536376953,41.70706558227539,-31.480031967163086,-106.17417907714844,-4.753457069396973,65.2266616821289,0.2645831485720771
38,49,-9.029135704040527,32.642333984375,-21.78968048095703,-86.61698150634766,-6.224292755126953,49.32257080078125,0.23711483075268436
39,0,-14.780296325683594,83.52658081054688,-1.3574562072753906,-90.21454620361328,-6.9906206130981445,64.31275939941406,0.25588682687209907
39,1,-14.52565860748291,81.36164093017578,0.26682090759277344,-92.13095092773438,-7.365939140319824,65.78433227539062,0.2510298589444565
39,2,-14.057212829589844,77.3587417602539,-1.7386054992675781,-93.48841857910156,-7.385705947875977,67.87593078613281,0.25073780922879246
39,3,-14.637883186340332,74.86744689941406,-4.676883697509766,-93.02165985107422,-7.655393600463867,72.49124908447266,0.25378908670586564
39,4,-14.698725700378418,72.02787017822266,-8.628541946411133,-92.5169906616211,-7.544255256652832,72.0433349609375,0.25808223479043346
39,5,-14.586420059204102,67.02494812011719,-13.479071617126465,-92.70738983154297,-7.418816566467285,73.90426635742188,0.2615383639615559
39,6,-13.205909729003906,63.56886672973633,-21.964435577392578,-92.16801452636719,-6.563702583312988,79.26675415039062,0.2714501934372585
39,7,-12.837577819824219,63.20411682128906,-24.417869567871094,-92.58012390136719,-6.974636077880859,85.3110580444336,0.27473201457075547
39,8,-11.72547435760498,61.606346130371094,-25.469205856323242,-94.34471130371094,-7.03208065032959,85.01469421386719,0.2754492748772488
39,9,-10.605456352233887,61.07191848754883,-25.41779899597168,-95.20413208007812,-6.973566055297852,84.10623931884766,0.27516452823055687
39,10,-10.107404708862305,59.50784683227539,-27.50844955444336,-96.08771514892578,-6.86541748046875,83.54340362548828,0.2770509796054995
39,11,-9.962357521057129,58.241764068603516,-28.52235984802246,-97.08023834228516,-6.807568550109863,83.38211059570312,0.2776550806061169
39,12,-9.817127227783203,56.712650299072266,-29.362098693847656,-97.69730377197266,-6.681617736816406,83.16571044921875,0.27762248879858653
39,13,-9.068390846252441,55.11827850341797,-29.351099014282227,-97.78477478027344,-6.602212905883789,82.63204956054688,0.27608037660770013
39,14,-8.73330307006836,54.135128021240234,-29.41964340209961,-98.93273162841797,-6.652705192565918,82.09103393554688,0.275446060117268
39,15,-8.921879768371582,53.441585540771484,-28.937679290771484,-99.60693359375,-6.715546607971191,82.4861068725586,0.27406857346681496
39,16,-9.022340774536133,54.787288665771484,-26.78618812561035,-100.5365219116211,-6.954251289367676,81.36046600341797,0.2720173854121755
39,17,-9.271208763122559,53.46837615966797,-26.343101501464844,-101.89195251464844,-7.026775360107422,80.96005249023438,0.26981054311571606
39,18,-9.566744804382324,53.619388580322266,-24.56707763671875,-102.74268341064453,-6.94410514831543,80.3831787109375,0.266686362058593
39,19,-9.189833641052246,53.13701248168945,-22.96302032470703,-104.34820556640625,-6.942598342895508,80.00218200683594,0.26275690885619235
39,20,-8.98762321472168,51.289974212646484,-23.418785095214844,-104.35071563720703,-6.792548179626465,80.46430969238281,0.26136551994653967
39,21,-8.787346839904785,49.17844009399414,-24.458383560180664,-103.79563903808594,-6.580399513244629,79.32600402832031,0.2608987180612586
39,22,-8.747061729431152,49.79218673706055,-22.312541961669922,-104.031494140625,-6.594605445861816,79.13018798828125,0.25731569010479216
39,23,-9.028154373168945,48.762245178222656,-22.740646362304688,-103.93731689453125,-6.492422103881836,78.48928833007812,0.2568837113169234
39,24,-9.510820388793945,49.29035949707031,-22.76486587524414,-104.0644760131836,-6.556336402893066,76.91734313964844,0.25757978499629197
39,25,-9.347002029418945,48.94412612915039,-23.296825408935547,-104.35246276855469,-6.545244216918945,77.674560546875,0.2581325537406247
39,26,-9.667804718017578,48.00400161743164,-22.793563842773438,-105.3817138671875,-6.309597969055176,77.27743530273438,0.25553614523343227
39,27,-10.68320369720459,48.249183654785156,-23.12107276916504,-105.54633331298828,-6.464461326599121,77.18768310546875,0.2564912872078209
39,28,-10.40579605102539,47.75487518310547,-22.910568237304688,-106.89054870605469,-6.172656059265137,77.61534118652344,0.2548863809531741
39,29,-10.603508949279785,47.228355407714844,-24.42279052734375,-107.19462585449219,-6.256741523742676,77.1917724609375,0.257280962820561
39,30,-10.541645050048828,47.125831604003906,-24.342609405517578,-107.62288665771484,-6.138071060180664,77.29386901855469,0.25680982643026373
39,31,-11.088948249816895,46.30991744995117,-24.806781768798828,-107.44654083251953,-6.208904266357422,77.68251037597656,0.25675797379672194
39,32,-11.046573638916016,45.498634338378906,-24.65683937072754,-108.03720092773438,-6.131087303161621,79.31404113769531,0.2550880907659913
39,33,-11.271566390991211,44.52751159667969,-25.386110305786133,-108.34114074707031,-6.079239845275879,78.26931762695312,0.2551906813952366
39,34,-11.584424018859863,44.16129684448242,-24.937755584716797,-108.33172607421875,-6.180593490600586,78.90232849121094,0.2537080407069644
39,35,-11.464773178100586,42.5660400390625,-25.261432647705078,-109.11136627197266,-6.338911056518555,78.0511474609375,0.25179942225615454
39,36,-11.536111831665039,41.655967712402344,-25.60235023498535,-109.63115692138672,-6.434220314025879,77.27706909179688,0.25099276449513824
39,37,-11.3183012008667,41.22894287109375,-26.699426651000977,-109.03182220458984,-6.296806335449219,77.78660583496094,0.25309319660809
39,38,-11.407425880432129,41.37205505371094,-25.962966918945312,-109.10868835449219,-6.473213195800781,77.82342529296875,0.25163954388264514
39,39,-11.583629608154297,40.47747039794922,-27.013286590576172,-108.11434936523438,-6.110084533691406,77.11156463623047,0.2531001060702737
39,40,-11.713717460632324,40.14447784423828,-26.835294723510742,-108.29862976074219,-5.975530624389648,76.42723846435547,0.2521542953242388
39,41,-12.052886962890625,40.89768981933594,-26.588695526123047,-108.19367980957031,-6.118083953857422,74.04686737060547,0.2527432060677342
39,42,-12.672511100769043,41.252559661865234,-25.724905014038086,-108.65275573730469,-6.271181106567383,60.72067642211914,0.25115123734067996
39,43,-12.747591018676758,40.11181640625,-26.82416534423828,-108.60185241699219,-5.8904194831848145,57.90497589111328,0.2519470350840603
39,44,-13.304365158081055,40.2379035949707,-26.59040641784668,-108.48486328125,-5.926299095153809,58.433319091796875,0.2516685456462729
39,45,-14.59974193572998,41.975311279296875,-27.559593200683594,-107.47950744628906,-5.808493614196777,65.11695861816406,0.2566223911490919
39,46,-16.930116653442383,43.21842956542969,-29.62980842590332,-106.4263916015625,-4.816498756408691,70.93799591064453,0.2628629937906174
39,47,-18.370332717895508,42.36791229248047,-31.53403663635254,-105.29059600830078,-4.475576400756836,65.90641784667969,0.2656944561963572
39,48,-17.873218536376953,41.70706558227539,-31.480031967163086,-106.17417907714844,-4.753457069396973,65.2266616821289,0.2645831485720771
39,49,-9.029135704040527,32.642333984375,-21.78968048095703,-86.61698150634766,-6.224292755126953,49.32257080078125,0.23711483075268436
40,0,-14.780296325683594,83.52658081054688,-1.3574562072753906,-90.21454620361328,-6.9906206130981445,64.31275939941406,0.25588682687209907
40,1,-14.52565860748291,81.36164093017578,0.26682090759277344,-92.13095092773438,-7.365939140319824,65.78433227539062,0.2510298589444565
40,2,-14.057212829589844,77.3587417602539,-1.7386054992675781,-93.48841857910156,-7.385705947875977,67.87593078613281,0.25073780922879246
40,3,-14.637883186340332,74.86744689941406,-4.676883697509766,-93.02165985107422,-7.655393600463867,72.49124908447266,0.25378908670586564
40,4,-14.698725700378418,72.02787017822266,-8.628541946411133,-92.5169906616211,-7.544255256652832,72.0433349609375,0.25808223479043346
40,5,-14.586420059204102,67.02494812011719,-13.479071617126465,-92.70738983154297,-7.418816566467285,73.90426635742188,0.2615383639615559
40,6,-13.205909729003906,63.56886672973633,-21.964435577392578,-92.16801452636719,-6.563702583312988,79.26675415039062,0.2714501934372585
40,7,-12.837577819824219,63.20411682128906,-24.417869567871094,-92.58012390136719,-6.974636077880859,85.3110580444336,0.27473201457075547
40,8,-11.72547435760498,61.606346130371094,-25.469205856323242,-94.34471130371094,-7.03208065032959,85.01469421386719,0.2754492748772488
40,9,-10.605456352233887,61.07191848754883,-25.41779899597168,-95.20413208007812,-6.973566055297852,84.10623931884766,0.27516452823055687
40,10,-10.107404708862305,59.50784683227539,-27.50844955444336,-96.08771514892578,-6.86541748046875,83.54340362548828,0.2770509796054995
40,11,-9.962357521057129,58.241764068603516,-28.52235984802246,-97.08023834228516,-6.807568550109863,83.38211059570312,0.2776550806061169
40,12,-9.817127227783203,56.712650299072266,-29.362098693847656,-97.69730377197266,-6.681617736816406,83.16571044921875,0.27762248879858653
40,13,-9.068390846252441,55.11827850341797,-29.351099014282227,-97.78477478027344,-6.602212905883789,82.63204956054688,0.27608037660770013
40,14,-8.73330307006836,54.135128021240234,-29.41964340209961,-98.93273162841797,-6.652705192565918,82.09103393554688,0.275446060117268
40,15,-8.921879768371582,53.441585540771484,-28.937679290771484,-99.60693359375,-6.715546607971191,82.4861068725586,0.27406857346681496
40,16,-9.022340774536133,54.787288665771484,-26.78618812561035,-100.5365219116211,-6.954251289367676,81.36046600341797,0.2720173854121755
40,17,-9.271208763122559,53.46837615966797,-26.343101501464844,-101.89195251464844,-7.026775360107422,80.96005249023438,0.26981054311571606
40,18,-9.566744804382324,53.619388580322266,-24.56707763671875,-102.74268341064453,-6.94410514831543,80.3831787109375,0.266686362058593
40,19,-9.189833641052246,53.13701248168945,-22.96302032470703,-104.34820556640625,-6.942598342895508,80.00218200683594,0.26275690885619235
40,20,-8.98762321472168,51.289974212646484,-23.418785095214844,-104.35071563720703,-6.792548179626465,80.46430969238281,0.26136551994653967
40,21,-8.787346839904785,49.17844009399414,-24.458383560180664,-103.79563903808594,-6.580399513244629,79.32600402832031,0.2608987180612586
40,22,-8.747061729431152,49.79218673706055,-22.312541961669922,-104.031494140625,-6.594605445861816,79.13018798828125,0.25731569010479216
40,23,-9.028154373168945,48.762245178222656,-22.740646362304688,-103.93731689453125,-6.492422103881836,78.48928833007812,0.2568837113169234
40,24,-9.510820388793945,49.29035949707031,-22.76486587524414,-104.0644760131836,-6.556336402893066,76.91734313964844,0.25757978499629197
40,25,-9.347002029418945,48.94412612915039,-23.296825408935547,-104.35246276855469,-6.545244216918945,77.674560546875,0.2581325537406247
40,26,-9.667804718017578,48.00400161743164,-22.793563842773438,-105.3817138671875,-6.309597969055176,77.27743530273438,0.25553614523343227
40,27,-10.68320369720459,48.249183654785156,-23.12107276916504,-105.54633331298828,-6.464461326599121,77.18768310546875,0.2564912872078209
40,28,-10.40579605102539,47.75487518310547,-22.910568237304688,-106.89054870605469,-6.172656059265137,77.61534118652344,0.2548863809531741
40,29,-10.603508949279785,47.228355407714844,-24.42279052734375,-107.19462585449219,-6.256741523742676,77.1917724609375,0.257280962820561
40,30,-10.541645050048828,47.125831604003906,-24.342609405517578,-107.62288665771484,-6.138071060180664,77.29386901855469,0.25680982643026373
40,31,-11.088948249816895,46.30991744995117,-24.806781768798828,-107.44654083251953,-6.208904266357422,77.68251037597656,0.25675797379672194
40,32,-11.046573638916016,45.498634338378906,-24.65683937072754,-108.03720092773438,-6.131087303161621,79.31404113769531,0.2550880907659913
40,33,-11.271566390991211,44.52751159667969,-25.386110305786133,-108.34114074707031,-6.079239845275879,78.26931762695312,0.2551906813952366
40,34,-11.584424018859863,44.16129684448242,-24.937755584716797,-108.33172607421875,-6.180593490600586,78.90232849121094,0.2537080407069644
40,35,-11.464773178100586,42.5660400390625,-25.261432647705078,-109.11136627197266,-6.338911056518555,78.0511474609375,0.25179942225615454
40,36,-11.536111831665039,41.655967712402344,-25.60235023498535,-109.63115692138672,-6.434220314025879,77.27706909179688,0.25099276449513824
40,37,-11.3183012008667,41.22894287109375,-26.699426651000977,-109.03182220458984,-6.296806335449219,77.78660583496094,0.25309319660809
40,38,-11.407425880432129,41.37205505371094,-25.962966918945312,-109.10868835449219,-6.473213195800781,77.82342529296875,0.25163954388264514
40,39,-11.583629608154297,40.47747039794922,-27.013286590576172,-108.11434936523438,-6.110084533691406,77.11156463623047,0.2531001060702737
40,40,-11.713717460632324,40.14447784423828,-26.835294723510742,-108.29862976074219,-5.975530624389648,76.42723846435547,0.2521542953242388
40,41,-12.052886962890625,40.89768981933594,-26.588695526123047,-108.19367980957031,-6.118083953857422,74.04686737060547,0.2527432060677342
40,42,-12.672511100769043,41.252559661865234,-25.724905014038086,-108.65275573730469,-6.271181106567383,60.72067642211914,0.25115123734067996
40,43,-12.747591018676758,40.11181640625,-26.82416534423828,-108.60185241699219,-5.8904194831848145,57.90497589111328,0.2519470350840603
40,44,-13.304365158081055,40.2379035949707,-26.59040641784668,-108.48486328125,-5.926299095153809,58.433319091796875,0.2516685456462729
40,45,-14.59974193572998,41.975311279296875,-27.559593200683594,-107.47950744628906,-5.808493614196777,65.11695861816406,0.2566223911490919
40,46,-16.930116653442383,43.21842956542969,-29.62980842590332,-106.4263916015625,-4.816498756408691,70.93799591064453,0.2628629937906174
40,47,-18.370332717895508,42.36791229248047,-31.53403663635254,-105.29059600830078,-4.475576400756836,65.90641784667969,0.2656944561963572
40,48,-17.873218536376953,41.70706558227539,-31.480031967163086,-106.17417907714844,-4.753457069396973,65.2266616821289,0.2645831485720771
40,49,-9.029135704040527,32.642333984375,-21.78968048095703,-86.61698150634766,-6.224292755126953,49.32257080078125,0.23711483075268436
41,0,-14.780296325683594,83.52658081054688,-1.3574562072753906,-90.21454620361328,-6.9906206130981445,64.31275939941406,0.25588682687209907
41,1,-14.52565860748291,81.36164093017578,0.26682090759277344,-92.13095092773438,-7.365939140319824,65.78433227539062,0.2510298589444565
41,2,-14.057212829589844,77.3587417602539,-1.7386054992675781,-93.48841857910156,-7.385705947875977,67.87593078613281,0.25073780922879246
41,3,-14.637883186340332,74.86744689941406,-4.676883697509766,-93.02165985107422,-7.655393600463867,72.49124908447266,0.25378908670586564
41,4,-14.698725700378418,72.02787017822266,-8.628541946411133,-92.5169906616211,-7.544255256652832,72.0433349609375,0.25808223479043346
41,5,-14.586420059204102,67.02494812011719,-13.479071617126465,-92.70738983154297,-7.418816566467285,73.90426635742188,0.2615383639615559
41,6,-13.205909729003906,63.56886672973633,-21.964435577392578,-92.16801452636719,-6.563702583312988,79.26675415039062,0.2714501934372585
41,7,-12.837577819824219,63.20411682128906,-24.417869567871094,-92.58012390136719,-6.974636077880859,85.3110580444336,0.27473201457075547
41,8,-11.72547435760498,61.606346130371094,-25.469205856323242,-94.34471130371094,-7.03208065032959,85.01469421386719,0.2754492748772488
41,9,-10.605456352233887,61.07191848754883,-25.41779899597168,-95.20413208007812,-6.973566055297852,84.10623931884766,0.27516452823055687
41,10,-10.107404708862305,59.50784683227539,-27.50844955444336,-96.08771514892578,-6.86541748046875,83.54340362548828,0.2770509796054995
41,11,-9.962357521057129,58.241764068603516,-28.52235984802246,-97.08023834228516,-6.807568550109863,83.38211059570312,0.2776550806061169
41,12,-9.817127227783203,56.712650299072266,-29.362098693847656,-97.69730377197266,-6.681617736816406,83.16571044921875,0.27762248879858653
41,13,-9.068390846252441,55.11827850341797,-29.351099014282227,-97.78477478027344,-6.602212905883789,82.63204956054688,0.27608037660770013
41,14,-8.73330307006836,54.135128021240234,-29.41964340209961,-98.93273162841797,-6.652705192565918,82.09103393554688,0.275446060117268
41,15,-8.921879768371582,53.441585540771484,-28.937679290771484,-99.60693359375,-6.715546607971191,82.4861068725586,0.27406857346681496
41,16,-9.022340774536133,54.787288665771484,-26.78618812561035,-100.5365219116211,-6.954251289367676,81.36046600341797,0.2720173854121755
41,17,-9.271208763122559,53.46837615966797,-26.343101501464844,-101.89195251464844,-7.026775360107422,80.96005249023438,0.26981054311571606
41,18,-9.566744804382324,53.619388580322266,-24.56707763671875,-102.74268341064453,-6.94410514831543,80.3831787109375,0.266686362058593
41,19,-9.189833641052246,53.13701248168945,-22.96302032470703,-104.34820556640625,-6.942598342895508,80.00218200683594,0.26275690885619235
41,20,-8.98762321472168,51.289974212646484,-23.418785095214844,-104.35071563720703,-6.792548179626465,80.46430969238281,0.26136551994653967
41,21,-8.787346839904785,49.17844009399414,-24.458383560180664,-103.79563903808594,-6.580399513244629,79.32600402832031,0.2608987180612586
41,22,-8.747061729431152,49.79218673706055,-22.312541961669922,-104.031494140625,-6.594605445861816,79.13018798828125,0.25731569010479216
41,23,-9.028154373168945,48.762245178222656,-22.740646362304688,-103.93731689453125,-6.492422103881836,78.48928833007812,0.2568837113169234
41,24,-9.510820388793945,49.29035949707031,-22.76486587524414,-104.0644760131836,-6.556336402893066,76.91734313964844,0.25757978499629197
41,25,-9.347002029418945,48.94412612915039,-23.296825408935547,-104.35246276855469,-6.545244216918945,77.674560546875,0.2581325537406247
41,26,-9.667804718017578,48.00400161743164,-22.793563842773438,-105.3817138671875,-6.309597969055176,77.27743530273438,0.25553614523343227
41,27,-10.68320369720459,48.249183654785156,-23.12107276916504,-105.54633331298828,-6.464461326599121,77.18768310546875,0.2564912872078209
41,28,-10.40579605102539,47.75487518310547,-22.910568237304688,-106.89054870605469,-6.172656059265137,77.61534118652344,0.2548863809531741
41,29,-10.603508949279785,47.228355407714844,-24.42279052734375,-107.19462585449219,-6.256741523742676,77.1917724609375,0.257280962820561
41,30,-10.541645050048828,47.125831604003906,-24.342609405517578,-107.62288665771484,-6.138071060180664,77.29386901855469,0.25680982643026373
41,31,-11.088948249816895,46.30991744995117,-24.806781768798828,-107.44654083251953,-6.208904266357422,77.68251037597656,0.25675797379672194
41,32,-11.046573638916016,45.498634338378906,-24.65683937072754,-108.03720092773438,-6.131087303161621,79.31404113769531,0.2550880907659913
41,33,-11.271566390991211,44.52751159667969,-25.386110305786133,-108.34114074707031,-6.079239845275879,78.26931762695312,0.2551906813952366
41,34,-11.584424018859863,44.16129684448242,-24.937755584716797,-108.33172607421875,-6.180593490600586,78.90232849121094,0.2537080407069644
41,35,-11.464773178100586,42.5660400390625,-25.261432647705078,-109.11136627197266,-6.338911056518555,78.0511474609375,0.25179942225615454
41,36,-11.536111831665039,41.655967712402344,-25.60235023498535,-109.63115692138672,-6.434220314025879,77.27706909179688,0.25099276449513824
41,37,-11.3183012008667,41.22894287109375,-26.699426651000977,-109.03182220458984,-6.296806335449219,77.78660583496094,0.25309319660809
41,38,-11.407425880432129,41.37205505371094,-25.962966918945312,-109.10868835449219,-6.473213195800781,77.82342529296875,0.25163954388264514
41,39,-11.583629608154297,40.47747039794922,-27.013286590576172,-108.11434936523438,-6.110084533691406,77.11156463623047,0.2531001060702737
41,40,-11.713717460632324,40.14447784423828,-26.835294723510742,-108.29862976074219,-5.975530624389648,76.42723846435547,0.2521542953242388
41,41,-12.052886962890625,40.89768981933594,-26.588695526123047,-108.19367980957031,-6.118083953857422,74.04686737060547,0.2527432060677342
41,42,-12.672511100769043,41.252559661865234,-25.724905014038086,-108.65275573730469,-6.271181106567383,60.72067642211914,0.25115123734067996
41,43,-12.747591018676758,40.11181640625,-26.82416534423828,-108.60185241699219,-5.8904194831848145,57.90497589111328,0.2519470350840603
41,44,-13.304365158081055,40.2379035949707,-26.59040641784668,-108.48486328125,-5.926299095153809,58.433319091796875,0.2516685456462729
41,45,-14.59974193572998,41.975311279296875,-27.559593200683594,-107.47950744628906,-5.808493614196777,65.11695861816406,0.2566223911490919
41,46,-16.930116653442383,43.21842956542969,-29.62980842590332,-106.4263916015625,-4.816498756408691,70.93799591064453,0.2628629937906174
41,47,-18.370332717895508,42.36791229248047,-31.53403663635254,-105.29059600830078,-4.475576400756836,65.90641784667969,0.2656944561963572
41,48,-17.873218536376953,41.70706558227539,-31.480031967163086,-106.17417907714844,-4.753457069396973,65.2266616821289,0.2645831485720771
41,49,-9.029135704040527,32.642333984375,-21.78968048095703,-86.61698150634766,-6.224292755126953,49.32257080078125,0.23711483075268436
42,0,-14.780296325683594,83.52658081054688,-1.3574562072753906,-90.21454620361328,-6.9906206130981445,64.31275939941406,0.25588682687209907
42,1,-14.52565860748291,81.36164093017578,0.26682090759277344,-92.13095092773438,-7.365939140319824,65.78433227539062,0.2510298589444565
42,2,-14.057212829589844,77.3587417602539,-1.7386054992675781,-93.48841857910156,-7.385705947875977,67.87593078613281,0.25073780922879246
42,3,-14.637883186340332,74.86744689941406,-4.676883697509766,-93.02165985107422,-7.655393600463867,72.49124908447266,0.25378908670586564
42,4,-14.698725700378418,72.02787017822266,-8.628541946411133,-92.5169906616211,-7.544255256652832,72.0433349609375,0.25808223479043346
42,5,-14.586420059204102,67.02494812011719,-13.479071617126465,-92.70738983154297,-7.418816566467285,73.90426635742188,0.2615383639615559
42,6,-13.205909729003906,63.56886672973633,-21.964435577392578,-92.16801452636719,-6.563702583312988,79.26675415039062,0.2714501934372585
42,7,-12.837577819824219,63.20411682128906,-24.417869567871094,-92.58012390136719,-6.974636077880859,85.3110580444336,0.27473201457075547
42,8,-11.72547435760498,61.606346130371094,-25.469205856323242,-94.34471130371094,-7.03208065032959,85.01469421386719,0.2754492748772488
42,9,-10.605456352233887,61.07191848754883,-25.41779899597168,-95.20413208007812,-6.973566055297852,84.10623931884766,0.27516452823055687
42,10,-10.107404708862305,59.50784683227539,-27.50844955444336,-96.08771514892578,-6.86541748046875,83.54340362548828,0.2770509796054995
42,11,-9.962357521057129,58.241764068603516,-28.52235984802246,-97.08023834228516,-6.807568550109863,83.38211059570312,0.2776550806061169
42,12,-9.817127227783203,56.712650299072266,-29.362098693847656,-97.69730377197266,-6.681617736816406,83.16571044921875,0.27762248879858653
42,13,-9.068390846252441,55.11827850341797,-29.351099014282227,-97.78477478027344,-6.602212905883789,82.63204956054688,0.27608037660770013
42,14,-8.73330307006836,54.135128021240234,-29.41964340209961,-98.93273162841797,-6.652705192565918,82.09103393554688,0.275446060117268
42,15,-8.921879768371582,53.441585540771484,-28.937679290771484,-99.60693359375,-6.715546607971191,82.4861068725586,0.27406857346681496
42,16,-9.022340774536133,54.787288665771484,-26.78618812561035,-100.5365219116211,-6.954251289367676,81.36046600341797,0.2720173854121755
42,17,-9.271208763122559,53.46837615966797,-26.343101501464844,-101.89195251464844,-7.026775360107422,80.96005249023438,0.26981054311571606
42,18,-9.566744804382324,53.619388580322266,-24.56707763671875,-102.74268341064453,-6.94410514831543,80.3831787109375,0.266686362058593
42,19,-9.189833641052246,53.13701248168945,-22.96302032470703,-104.34820556640625,-6.942598342895508,80.00218200683594,0.26275690885619235
42,20,-8.98762321472168,51.289974212646484,-23.418785095214844,-104.35071563720703,-6.792548179626465,80.46430969238281,0.26136551994653967
42,21,-8.787346839904785,49.17844009399414,-24.458383560180664,-103.79563903808594,-6.580399513244629,79.32600402832031,0.2608987180612586
42,22,-8.747061729431152,49.79218673706055,-22.312541961669922,-104.031494140625,-6.594605445861816,79.13018798828125,0.25731569010479216
42,23,-9.028154373168945,48.762245178222656,-22.740646362304688,-103.93731689453125,-6.492422103881836,78.48928833007812,0.2568837113169234
42,24,-9.510820388793945,49.29035949707031,-22.76486587524414,-104.0644760131836,-6.556336402893066,76.91734313964844,0.25757978499629197
42,25,-9.347002029418945,48.94412612915039,-23.296825408935547,-104.35246276855469,-6.545244216918945,77.674560546875,0.2581325537406247
42,26,-9.667804718017578,48.00400161743164,-22.793563842773438,-105.3817138671875,-6.309597969055176,77.27743530273438,0.25553614523343227
42,27,-10.68320369720459,48.249183654785156,-23.12107276916504,-105.54633331298828,-6.464461326599121,77.18768310546875,0.2564912872078209
42,28,-10.40579605102539,47.75487518310547,-22.910568237304688,-106.89054870605469,-6.172656059265137,77.61534118652344,0.2548863809531741
42,29,-10.603508949279785,47.228355407714844,-24.42279052734375,-107.19462585449219,-6.256741523742676,77.1917724609375,0.257280962820561
42,30,-10.541645050048828,47.125831604003906,-24.342609405517578,-107.62288665771484,-6.138071060180664,77.29386901855469,0.25680982643026373
42,31,-11.088948249816895,46.30991744995117,-24.806781768798828,-107.44654083251953,-6.208904266357422,77.68251037597656,0.25675797379672194
42,32,-11.046573638916016,45.498634338378906,-24.65683937072754,-108.03720092773438,-6.131087303161621,79.31404113769531,0.2550880907659913
42,33,-11.271566390991211,44.52751159667969,-25.386110305786133,-108.34114074707031,-6.079239845275879,78.26931762695312,0.2551906813952366
42,34,-11.584424018859863,44.16129684448242,-24.937755584716797,-108.33172607421875,-6.180593490600586,78.90232849121094,0.2537080407069644
42,35,-11.464773178100586,42.5660400390625,-25.261432647705078,-109.11136627197266,-6.338911056518555,78.0511474609375,0.25179942225615454
42,36,-11.536111831665039,41.655967712402344,-25.60235023498535,-109.63115692138672,-6.434220314025879,77.27706909179688,0.25099276449513824
42,37,-11.3183012008667,41.22894287109375,-26.699426651000977,-109.03182220458984,-6.296806335449219,77.78660583496094,0.25309319660809
42,38,-11.407425880432129,41.37205505371094,-25.962966918945312,-109.10868835449219,-6.473213195800781,77.82342529296875,0.25163954388264514
42,39,-11.583629608154297,40.47747039794922,-27.013286590576172,-108.11434936523438,-6.110084533691406,77.11156463623047,0.2531001060702737
42,40,-11.713717460632324,40.14447784423828,-26.835294723510742,-108.29862976074219,-5.975530624389648,76.42723846435547,0.2521542953242388
42,41,-12.052886962890625,40.89768981933594,-26.588695526123047,-108.19367980957031,-6.118083953857422,74.04686737060547,0.2527432060677342
42,42,-12.672511100769043,41.252559661865234,-25.724905014038086,-108.65275573730469,-6.271181106567383,60.72067642211914,0.25115123734067996
42,43,-12.747591018676758,40.11181640625,-26.82416534423828,-108.60185241699219,-5.8904194831848145,57.90497589111328,0.2519470350840603
42,44,-13.304365158081055,40.2379035949707,-26.59040641784668,-108.48486328125,-5.926299095153809,58.433319091796875,0.2516685456462729
42,45,-14.59974193572998,41.975311279296875,-27.559593200683594,-107.47950744628906,-5.808493614196777,65.11695861816406,0.2566223911490919
42,46,-16.930116653442383,43.21842956542969,-29.62980842590332,-106.4263916015625,-4.816498756408691,70.93799591064453,0.2628629937906174
42,47,-18.370332717895508,42.36791229248047,-31.53403663635254,-105.29059600830078,-4.475576400756836,65.90641784667969,0.2656944561963572
42,48,-17.873218536376953,41.70706558227539,-31.480031967163086,-106.17417907714844,-4.753457069396973,65.2266616821289,0.2645831485720771
42,49,-9.029135704040527,32.642333984375,-21.78968048095703,-86.61698150634766,-6.224292755126953,49.32257080078125,0.23711483075268436
43,0,-14.780296325683594,83.52658081054688,-1.3574562072753906,-90.21454620361328,-6.9906206130981445,64.31275939941406,0.25588682687209907
43,1,-14.52565860748291,81.36164093017578,0.26682090759277344,-92.13095092773438,-7.365939140319824,65.78433227539062,0.2510298589444565
43,2,-14.057212829589844,77.3587417602539,-1.7386054992675781,-93.48841857910156,-7.385705947875977,67.87593078613281,0.25073780922879246
43,3,-14.637883186340332,74.86744689941406,-4.676883697509766,-93.02165985107422,-7.655393600463867,72.49124908447266,0.25378908670586564
43,4,-14.698725700378418,72.02787017822266,-8.628541946411133,-92.5169906616211,-7.544255256652832,72.0433349609375,0.25808223479043346
43,5,-14.586420059204102,67.02494812011719,-13.479071617126465,-92.70738983154297,-7.418816566467285,73.90426635742188,0.2615383639615559
43,6,-13.205909729003906,63.56886672973633,-21.964435577392578,-92.16801452636719,-6.563702583312988,79.26675415039062,0.2714501934372585
43,7,-12.837577819824219,63.20411682128906,-24.417869567871094,-92.58012390136719,-6.974636077880859,85.3110580444336,0.27473201457075547
43,8,-11.72547435760498,61.606346130371094,-25.469205856323242,-94.34471130371094,-7.03208065032959,85.01469421386719,0.2754492748772488
43,9,-10.605456352233887,61.07191848754883,-25.41779899597168,-95.20413208007812,-6.973566055297852,84.10623931884766,0.27516452823055687
43,10,-10.107404708862305,59.50784683227539,-27.50844955444336,-96.08771514892578,-6.86541748046875,83.54340362548828,0.2770509796054995
43,11,-9.962357521057129,58.241764068603516,-28.52235984802246,-97.08023834228516,-6.807568550109863,83.38211059570312,0.2776550806061169
43,12,-9.817127227783203,56.712650299072266,-29.362098693847656,-97.69730377197266,-6.681617736816406,83.16571044921875,0.27762248879858653
43,13,-9.068390846252441,55.11827850341797,-29.351099014282227,-97.78477478027344,-6.602212905883789,82.63204956054688,0.27608037660770013
43,14,-8.73330307006836,54.135128021240234,-29.41964340209961,-98.93273162841797,-6.652705192565918,82.09103393554688,0.275446060117268
43,15,-8.921879768371582,53.441585540771484,-28.937679290771484,-99.60693359375,-6.715546607971191,82.4861068725586,0.27406857346681496
43,16,-9.022340774536133,54.787288665771484,-26.78618812561035,-100.5365219116211,-6.954251289367676,81.36046600341797,0.2720173854121755
43,17,-9.271208763122559,53.46837615966797,-26.343101501464844,-101.89195251464844,-7.026775360107422,80.96005249023438,0.26981054311571606
43,18,-9.566744804382324,53.619388580322266,-24.56707763671875,-102.74268341064453,-6.94410514831543,80.3831787109375,0.266686362058593
43,19,-9.189833641052246,53.13701248168945,-22.96302032470703,-104.34820556640625,-6.942598342895508,80.00218200683594,0.26275690885619235
43,20,-8.98762321472168,51.289974212646484,-23.418785095214844,-104.35071563720703,-6.792548179626465,80.46430969238281,0.26136551994653967
43,21,-8.787346839904785,49.17844009399414,-24.458383560180664,-103.79563903808594,-6.580399513244629,79.32600402832031,0.2608987180612586
43,22,-8.747061729431152,49.79218673706055,-22.312541961669922,-104.031494140625,-6.594605445861816,79.13018798828125,0.25731569010479216
43,23,-9.028154373168945,48.762245178222656,-22.740646362304688,-103.93731689453125,-6.492422103881836,78.48928833007812,0.2568837113169234
43,24,-9.510820388793945,49.29035949707031,-22.76486587524414,-104.0644760131836,-6.556336402893066,76.91734313964844,0.25757978499629197
43,25,-9.347002029418945,48.94412612915039,-23.296825408935547,-104.35246276855469,-6.545244216918945,77.674560546875,0.2581325537406247
43,26,-9.667804718017578,48.00400161743164,-22.793563842773438,-105.3817138671875,-6.309597969055176,77.27743530273438,0.25553614523343227
43,27,-10.68320369720459,48.249183654785156,-23.12107276916504,-105.54633331298828,-6.464461326599121,77.18768310546875,0.2564912872078209
43,28,-10.40579605102539,47.75487518310547,-22.910568237304688,-106.89054870605469,-6.172656059265137,77.61534118652344,0.2548863809531741
43,29,-10.603508949279785,47.228355407714844,-24.42279052734375,-107.19462585449219,-6.256741523742676,77.1917724609375,0.257280962820561
43,30,-10.541645050048828,47.125831604003906,-24.342609405517578,-107.62288665771484,-6.138071060180664,77.29386901855469,0.25680982643026373
43,31,-11.088948249816895,46.30991744995117,-24.806781768798828,-107.44654083251953,-6.208904266357422,77.68251037597656,0.25675797379672194
43,32,-11.046573638916016,45.498634338378906,-24.65683937072754,-108.03720092773438,-6.131087303161621,79.31404113769531,0.2550880907659913
43,33,-11.271566390991211,44.52751159667969,-25.386110305786133,-108.34114074707031,-6.079239845275879,78.26931762695312,0.2551906813952366
43,34,-11.584424018859863,44.16129684448242,-24.937755584716797,-108.33172607421875,-6.180593490600586,78.90232849121094,0.2537080407069644
43,35,-11.464773178100586,42.5660400390625,-25.261432647705078,-109.11136627197266,-6.338911056518555,78.0511474609375,0.25179942225615454
43,36,-11.536111831665039,41.655967712402344,-25.60235023498535,-109.63115692138672,-6.434220314025879,77.27706909179688,0.25099276449513824
43,37,-11.3183012008667,41.22894287109375,-26.699426651000977,-109.03182220458984,-6.296806335449219,77.78660583496094,0.25309319660809
43,38,-11.407425880432129,41.37205505371094,-25.962966918945312,-109.10868835449219,-6.473213195800781,77.82342529296875,0.25163954388264514
43,39,-11.583629608154297,40.47747039794922,-27.013286590576172,-108.11434936523438,-6.110084533691406,77.11156463623047,0.2531001060702737
43,40,-11.713717460632324,40.14447784423828,-26.835294723510742,-108.29862976074219,-5.975530624389648,76.42723846435547,0.2521542953242388
43,41,-12.052886962890625,40.89768981933594,-26.588695526123047,-108.19367980957031,-6.118083953857422,74.04686737060547,0.2527432060677342
43,42,-12.672511100769043,41.252559661865234,-25.724905014038086,-108.65275573730469,-6.271181106567383,60.72067642211914,0.25115123734067996
43,43,-12.747591018676758,40.11181640625,-26.82416534423828,-108.60185241699219,-5.8904194831848145,57.90497589111328,0.2519470350840603
43,44,-13.304365158081055,40.2379035949707,-26.59040641784668,-108.48486328125,-5.926299095153809,58.433319091796875,0.2516685456462729
43,45,-14.59974193572998,41.975311279296875,-27.559593200683594,-107.47950744628906,-5.808493614196777,65.11695861816406,0.2566223911490919
43,46,-16.930116653442383,43.21842956542969,-29.62980842590332,-106.4263916015625,-4.816498756408691,70.93799591064453,0.2628629937906174
43,47,-18.370332717895508,42.36791229248047,-31.53403663635254,-105.29059600830078,-4.475576400756836,65.90641784667969,0.2656944561963572
43,48,-17.873218536376953,41.70706558227539,-31.480031967163086,-106.17417907714844,-4.753457069396973,65.2266616821289,0.2645831485720771
43,49,-9.029135704040527,32.642333984375,-21.78968048095703,-86.61698150634766,-6.224292755126953,49.32257080078125,0.23711483075268436
44,0,-14.780296325683594,83.52658081054688,-1.3574562072753906,-90.21454620361328,-6.9906206130981445,64.31275939941406,0.25588682687209907
44,1,-14.52565860748291,81.36164093017578,0.26682090759277344,-92.13095092773438,-7.365939140319824,65.78433227539062,0.2510298589444565
44,2,-14.057212829589844,77.3587417602539,-1.7386054992675781,-93.48841857910156,-7.385705947875977,67.87593078613281,0.25073780922879246
44,3,-14.637883186340332,74.86744689941406,-4.676883697509766,-93.02165985107422,-7.655393600463867,72.49124908447266,0.25378908670586564
44,4,-14.698725700378418,72.02787017822266,-8.628541946411133,-92.5169906616211,-7.544255256652832,72.0433349609375,0.25808223479043346
44,5,-14.586420059204102,67.02494812011719,-13.479071617126465,-92.70738983154297,-7.418816566467285,73.90426635742188,0.2615383639615559
44,6,-13.205909729003906,63.56886672973633,-21.964435577392578,-92.16801452636719,-6.563702583312988,79.26675415039062,0.2714501934372585
44,7,-12.837577819824219,63.20411682128906,-24.417869567871094,-92.58012390136719,-6.974636077880859,85.3110580444336,0.27473201457075547
44,8,-11.72547435760498,61.606346130371094,-25.469205856323242,-94.34471130371094,-7.03208065032959,85.01469421386719,0.2754492748772488
44,9,-10.605456352233887,61.07191848754883,-25.41779899597168,-95.20413208007812,-6.973566055297852,84.10623931884766,0.27516452823055687
44,10,-10.107404708862305,59.50784683227539,-27.50844955444336,-96.08771514892578,-6.86541748046875,83.54340362548828,0.2770509796054995
44,11,-9.962357521057129,58.241764068603516,-28.52235984802246,-97.08023834228516,-6.807568550109863,83.38211059570312,0.2776550806061169
44,12,-9.817127227783203,56.712650299072266,-29.362098693847656,-97.69730377197266,-6.681617736816406,83.16571044921875,0.27762248879858653
44,13,-9.068390846252441,55.11827850341797,-29.351099014282227,-97.78477478027344,-6.602212905883789,82.63204956054688,0.27608037660770013
44,14,-8.73330307006836,54.135128021240234,-29.41964340209961,-98.93273162841797,-6.652705192565918,82.09103393554688,0.275446060117268
44,15,-8.921879768371582,53.441585540771484,-28.937679290771484,-99.60693359375,-6.715546607971191,82.4861068725586,0.27406857346681496
44,16,-9.022340774536133,54.787288665771484,-26.78618812561035,-100.5365219116211,-6.954251289367676,81.36046600341797,0.2720173854121755
44,17,-9.271208763122559,53.46837615966797,-26.343101501464844,-101.89195251464844,-7.026775360107422,80.96005249023438,0.26981054311571606
44,18,-9.566744804382324,53.619388580322266,-24.56707763671875,-102.74268341064453,-6.94410514831543,80.3831787109375,0.266686362058593
44,19,-9.189833641052246,53.13701248168945,-22.96302032470703,-104.34820556640625,-6.942598342895508,80.00218200683594,0.26275690885619235
44,20,-8.98762321472168,51.289974212646484,-23.418785095214844,-104.35071563720703,-6.792548179626465,80.46430969238281,0.26136551994653967
44,21,-8.787346839904785,49.17844009399414,-24.458383560180664,-103.79563903808594,-6.580399513244629,79.32600402832031,0.2608987180612586
44,22,-8.747061729431152,49.79218673706055,-22.312541961669922,-104.031494140625,-6.594605445861816,79.13018798828125,0.25731569010479216
44,23,-9.028154373168945,48.762245178222656,-22.740646362304688,-103.93731689453125,-6.492422103881836,78.48928833007812,0.2568837113169234
44,24,-9.510820388793945,49.29035949707031,-22.76486587524414,-104.0644760131836,-6.556336402893066,76.91734313964844,0.25757978499629197
44,25,-9.347002029418945,48.94412612915039,-23.296825408935547,-104.35246276855469,-6.545244216918945,77.674560546875,0.2581325537406247
44,26,-9.667804718017578,48.00400161743164,-22.793563842773438,-105.3817138671875,-6.309597969055176,77.27743530273438,0.25553614523343227
44,27,-10.68320369720459,48.249183654785156,-23.12107276916504,-105.54633331298828,-6.464461326599121,77.18768310546875,0.2564912872078209
44,28,-10.40579605102539,47.75487518310547,-22.910568237304688,-106.89054870605469,-6.172656059265137,77.61534118652344,0.2548863809531741
44,29,-10.603508949279785,47.228355407714844,-24.42279052734375,-107.19462585449219,-6.256741523742676,77.1917724609375,0.257280962820561
44,30,-10.541645050048828,47.125831604003906,-24.342609405517578,-107.62288665771484,-6.138071060180664,77.29386901855469,0.25680982643026373
44,31,-11.088948249816895,46.30991744995117,-24.806781768798828,-107.44654083251953,-6.208904266357422,77.68251037597656,0.25675797379672194
44,32,-11.046573638916016,45.498634338378906,-24.65683937072754,-108.03720092773438,-6.131087303161621,79.31404113769531,0.2550880907659913
44,33,-11.271566390991211,44.52751159667969,-25.386110305786133,-108.34114074707031,-6.079239845275879,78.26931762695312,0.2551906813952366
44,34,-11.584424018859863,44.16129684448242,-24.937755584716797,-108.33172607421875,-6.180593490600586,78.90232849121094,0.2537080407069644
44,35,-11.464773178100586,42.5660400390625,-25.261432647705078,-109.11136627197266,-6.338911056518555,78.0511474609375,0.25179942225615454
44,36,-11.536111831665039,41.655967712402344,-25.60235023498535,-109.63115692138672,-6.434220314025879,77.27706909179688,0.25099276449513824
44,37,-11.3183012008667,41.22894287109375,-26.699426651000977,-109.03182220458984,-6.296806335449219,77.78660583496094,0.25309319660809
44,38,-11.407425880432129,41.37205505371094,-25.962966918945312,-109.10868835449219,-6.473213195800781,77.82342529296875,0.25163954388264514
44,39,-11.583629608154297,40.47747039794922,-27.013286590576172,-108.11434936523438,-6.110084533691406,77.11156463623047,0.2531001060702737
44,40,-11.713717460632324,40.14447784423828,-26.835294723510742,-108.29862976074219,-5.975530624389648,76.42723846435547,0.2521542953242388
44,41,-12.052886962890625,40.89768981933594,-26.588695526123047,-108.19367980957031,-6.118083953857422,74.04686737060547,0.2527432060677342
44,42,-12.672511100769043,41.252559661865234,-25.724905014038086,-108.65275573730469,-6.271181106567383,60.72067642211914,0.25115123734067996
44,43,-12.747591018676758,40.11181640625,-26.82416534423828,-108.60185241699219,-5.8904194831848145,57.90497589111328,0.2519470350840603
44,44,-13.304365158081055,40.2379035949707,-26.59040641784668,-108.48486328125,-5.926299095153809,58.433319091796875,0.2516685456462729
44,45,-14.59974193572998,41.975311279296875,-27.559593200683594,-107.47950744628906,-5.808493614196777,65.11695861816406,0.2566223911490919
44,46,-16.930116653442383,43.21842956542969,-29.62980842590332,-106.4263916015625,-4.816498756408691,70.93799591064453,0.2628629937906174
44,47,-18.370332717895508,42.36791229248047,-31.53403663635254,-105.29059600830078,-4.475576400756836,65.90641784667969,0.2656944561963572
44,48,-17.873218536376953,41.70706558227539,-31.480031967163086,-106.17417907714844,-4.753457069396973,65.2266616821289,0.2645831485720771
44,49,-9.029135704040527,32.642333984375,-21.78968048095703,-86.61698150634766,-6.224292755126953,49.32257080078125,0.23711483075268436
45,0,-14.780296325683594,83.52658081054688,-1.3574562072753906,-90.21454620361328,-6.9906206130981445,64.31275939941406,0.25588682687209907
45,1,-14.52565860748291,81.36164093017578,0.26682090759277344,-92.13095092773438,-7.365939140319824,65.78433227539062,0.2510298589444565
45,2,-14.057212829589844,77.3587417602539,-1.7386054992675781,-93.48841857910156,-7.385705947875977,67.87593078613281,0.25073780922879246
45,3,-14.637883186340332,74.86744689941406,-4.676883697509766,-93.02165985107422,-7.655393600463867,72.49124908447266,0.25378908670586564
45,4,-14.698725700378418,72.02787017822266,-8.628541946411133,-92.5169906616211,-7.544255256652832,72.0433349609375,0.25808223479043346
45,5,-14.586420059204102,67.02494812011719,-13.479071617126465,-92.70738983154297,-7.418816566467285,73.90426635742188,0.2615383639615559
45,6,-13.205909729003906,63.56886672973633,-21.964435577392578,-92.16801452636719,-6.563702583312988,79.26675415039062,0.2714501934372585
45,7,-12.837577819824219,63.20411682128906,-24.417869567871094,-92.58012390136719,-6.974636077880859,85.3110580444336,0.27473201457075547
45,8,-11.72547435760498,61.606346130371094,-25.469205856323242,-94.34471130371094,-7.03208065032959,85.01469421386719,0.2754492748772488
45,9,-10.605456352233887,61.07191848754883,-25.41779899597168,-95.20413208007812,-6.973566055297852,84.10623931884766,0.27516452823055687
45,10,-10.107404708862305,59.50784683227539,-27.50844955444336,-96.08771514892578,-6.86541748046875,83.54340362548828,0.2770509796054995
45,11,-9.962357521057129,58.241764068603516,-28.52235984802246,-97.08023834228516,-6.807568550109863,83.38211059570312,0.2776550806061169
45,12,-9.817127227783203,56.712650299072266,-29.362098693847656,-97.69730377197266,-6.681617736816406,83.16571044921875,0.27762248879858653
45,13,-9.068390846252441,55.11827850341797,-29.351099014282227,-97.78477478027344,-6.602212905883789,82.63204956054688,0.27608037660770013
45,14,-8.73330307006836,54.135128021240234,-29.41964340209961,-98.93273162841797,-6.652705192565918,82.09103393554688,0.275446060117268
45,15,-8.921879768371582,53.441585540771484,-28.937679290771484,-99.60693359375,-6.715546607971191,82.4861068725586,0.27406857346681496
45,16,-9.022340774536133,54.787288665771484,-26.78618812561035,-100.5365219116211,-6.954251289367676,81.36046600341797,0.2720173854121755
45,17,-9.271208763122559,53.46837615966797,-26.343101501464844,-101.89195251464844,-7.026775360107422,80.96005249023438,0.26981054311571606
45,18,-9.566744804382324,53.619388580322266,-24.56707763671875,-102.74268341064453,-6.94410514831543,80.3831787109375,0.266686362058593
45,19,-9.189833641052246,53.13701248168945,-22.96302032470703,-104.34820556640625,-6.942598342895508,80.00218200683594,0.26275690885619235
45,20,-8.98762321472168,51.289974212646484,-23.418785095214844,-104.35071563720703,-6.792548179626465,80.46430969238281,0.26136551994653967
45,21,-8.787346839904785,49.17844009399414,-24.458383560180664,-103.79563903808594,-6.580399513244629,79.32600402832031,0.2608987180612586
45,22,-8.747061729431152,49.79218673706055,-22.312541961669922,-104.031494140625,-6.594605445861816,79.13018798828125,0.25731569010479216
45,23,-9.028154373168945,48.762245178222656,-22.740646362304688,-103.93731689453125,-6.492422103881836,78.48928833007812,0.2568837113169234
45,24,-9.510820388793945,49.29035949707031,-22.76486587524414,-104.0644760131836,-6.556336402893066,76.91734313964844,0.25757978499629197
45,25,-9.347002029418945,48.94412612915039,-23.296825408935547,-104.35246276855469,-6.545244216918945,77.674560546875,0.2581325537406247
45,26,-9.667804718017578,48.00400161743164,-22.793563842773438,-105.3817138671875,-6.309597969055176,77.27743530273438,0.25553614523343227
45,27,-10.68320369720459,48.249183654785156,-23.12107276916504,-105.54633331298828,-6.464461326599121,77.18768310546875,0.2564912872078209
45,28,-10.40579605102539,47.75487518310547,-22.910568237304688,-106.89054870605469,-6.172656059265137,77.61534118652344,0.2548863809531741
45,29,-10.603508949279785,47.228355407714844,-24.42279052734375,-107.19462585449219,-6.256741523742676,77.1917724609375,0.257280962820561
45,30,-10.541645050048828,47.125831604003906,-24.342609405517578,-107.62288665771484,-6.138071060180664,77.29386901855469,0.25680982643026373
45,31,-11.088948249816895,46.30991744995117,-24.806781768798828,-107.44654083251953,-6.208904266357422,77.68251037597656,0.25675797379672194
45,32,-11.046573638916016,45.498634338378906,-24.65683937072754,-108.03720092773438,-6.131087303161621,79.31404113769531,0.2550880907659913
45,33,-11.271566390991211,44.52751159667969,-25.386110305786133,-108.34114074707031,-6.079239845275879,78.26931762695312,0.2551906813952366
45,34,-11.584424018859863,44.16129684448242,-24.937755584716797,-108.33172607421875,-6.180593490600586,78.90232849121094,0.2537080407069644
45,35,-11.464773178100586,42.5660400390625,-25.261432647705078,-109.11136627197266,-6.338911056518555,78.0511474609375,0.25179942225615454
45,36,-11.536111831665039,41.655967712402344,-25.60235023498535,-109.63115692138672,-6.434220314025879,77.27706909179688,0.25099276449513824
45,37,-11.3183012008667,41.22894287109375,-26.699426651000977,-109.03182220458984,-6.296806335449219,77.78660583496094,0.25309319660809
45,38,-11.407425880432129,41.37205505371094,-25.962966918945312,-109.10868835449219,-6.473213195800781,77.82342529296875,0.25163954388264514
45,39,-11.583629608154297,40.47747039794922,-27.013286590576172,-108.11434936523438,-6.110084533691406,77.11156463623047,0.2531001060702737
45,40,-11.713717460632324,40.14447784423828,-26.835294723510742,-108.29862976074219,-5.975530624389648,76.42723846435547,0.2521542953242388
45,41,-12.052886962890625,40.89768981933594,-26.588695526123047,-108.19367980957031,-6.118083953857422,74.04686737060547,0.2527432060677342
45,42,-12.672511100769043,41.252559661865234,-25.724905014038086,-108.65275573730469,-6.271181106567383,60.72067642211914,0.25115123734067996
45,43,-12.747591018676758,40.11181640625,-26.82416534423828,-108.60185241699219,-5.8904194831848145,57.90497589111328,0.2519470350840603
45,44,-13.304365158081055,40.2379035949707,-26.59040641784668,-108.48486328125,-5.926299095153809,58.433319091796875,0.2516685456462729
45,45,-14.59974193572998,41.975311279296875,-27.559593200683594,-107.47950744628906,-5.808493614196777,65.11695861816406,0.2566223911490919
45,46,-16.930116653442383,43.21842956542969,-29.62980842590332,-106.4263916015625,-4.816498756408691,70.93799591064453,0.2628629937906174
45,47,-18.370332717895508,42.36791229248047,-31.53403663635254,-105.29059600830078,-4.475576400756836,65.90641784667969,0.2656944561963572
45,48,-17.873218536376953,41.70706558227539,-31.480031967163086,-106.17417907714844,-4.753457069396973,65.2266616821289,0.2645831485720771
45,49,-9.029135704040527,32.642333984375,-21.78968048095703,-86.61698150634766,-6.224292755126953,49.32257080078125,0.23711483075268436
46,0,-14.780296325683594,83.52658081054688,-1.3574562072753906,-90.21454620361328,-6.9906206130981445,64.31275939941406,0.25588682687209907
46,1,-14.52565860748291,81.36164093017578,0.26682090759277344,-92.13095092773438,-7.365939140319824,65.78433227539062,0.2510298589444565
46,2,-14.057212829589844,77.3587417602539,-1.7386054992675781,-93.48841857910156,-7.385705947875977,67.87593078613281,0.25073780922879246
46,3,-14.637883186340332,74.86744689941406,-4.676883697509766,-93.02165985107422,-7.655393600463867,72.49124908447266,0.25378908670586564
46,4,-14.698725700378418,72.02787017822266,-8.628541946411133,-92.5169906616211,-7.544255256652832,72.0433349609375,0.25808223479043346
46,5,-14.586420059204102,67.02494812011719,-13.479071617126465,-92.70738983154297,-7.418816566467285,73.90426635742188,0.2615383639615559
46,6,-13.205909729003906,63.56886672973633,-21.964435577392578,-92.16801452636719,-6.563702583312988,79.26675415039062,0.2714501934372585
46,7,-12.837577819824219,63.20411682128906,-24.417869567871094,-92.58012390136719,-6.974636077880859,85.3110580444336,0.27473201457075547
46,8,-11.72547435760498,61.606346130371094,-25.469205856323242,-94.34471130371094,-7.03208065032959,85.01469421386719,0.2754492748772488
46,9,-10.605456352233887,61.07191848754883,-25.41779899597168,-95.20413208007812,-6.973566055297852,84.10623931884766,0.27516452823055687
46,10,-10.107404708862305,59.50784683227539,-27.50844955444336,-96.08771514892578,-6.86541748046875,83.54340362548828,0.2770509796054995
46,11,-9.962357521057129,58.241764068603516,-28.52235984802246,-97.08023834228516,-6.807568550109863,83.38211059570312,0.2776550806061169
46,12,-9.817127227783203,56.712650299072266,-29.362098693847656,-97.69730377197266,-6.681617736816406,83.16571044921875,0.27762248879858653
46,13,-9.068390846252441,55.11827850341797,-29.351099014282227,-97.78477478027344,-6.602212905883789,82.63204956054688,0.27608037660770013
46,14,-8.73330307006836,54.135128021240234,-29.41964340209961,-98.93273162841797,-6.652705192565918,82.09103393554688,0.275446060117268
46,15,-8.921879768371582,53.441585540771484,-28.937679290771484,-99.60693359375,-6.715546607971191,82.4861068725586,0.27406857346681496
46,16,-9.022340774536133,54.787288665771484,-26.78618812561035,-100.5365219116211,-6.954251289367676,81.36046600341797,0.2720173854121755
46,17,-9.271208763122559,53.46837615966797,-26.343101501464844,-101.89195251464844,-7.026775360107422,80.96005249023438,0.26981054311571606
46,18,-9.566744804382324,53.619388580322266,-24.56707763671875,-102.74268341064453,-6.94410514831543,80.3831787109375,0.266686362058593
46,19,-9.189833641052246,53.13701248168945,-22.96302032470703,-104.34820556640625,-6.942598342895508,80.00218200683594,0.26275690885619235
46,20,-8.98762321472168,51.289974212646484,-23.418785095214844,-104.35071563720703,-6.792548179626465,80.46430969238281,0.26136551994653967
46,21,-8.787346839904785,49.17844009399414,-24.458383560180664,-103.79563903808594,-6.580399513244629,79.32600402832031,0.2608987180612586
46,22,-8.747061729431152,49.79218673706055,-22.312541961669922,-104.031494140625,-6.594605445861816,79.13018798828125,0.25731569010479216
46,23,-9.028154373168945,48.762245178222656,-22.740646362304688,-103.93731689453125,-6.492422103881836,78.48928833007812,0.2568837113169234
46,24,-9.510820388793945,49.29035949707031,-22.76486587524414,-104.0644760131836,-6.556336402893066,76.91734313964844,0.25757978499629197
46,25,-9.347002029418945,48.94412612915039,-23.296825408935547,-104.35246276855469,-6.545244216918945,77.674560546875,0.2581325537406247
46,26,-9.667804718017578,48.00400161743164,-22.793563842773438,-105.3817138671875,-6.309597969055176,77.27743530273438,0.25553614523343227
46,27,-10.68320369720459,48.249183654785156,-23.12107276916504,-105.54633331298828,-6.464461326599121,77.18768310546875,0.2564912872078209
46,28,-10.40579605102539,47.75487518310547,-22.910568237304688,-106.89054870605469,-6.172656059265137,77.61534118652344,0.2548863809531741
46,29,-10.603508949279785,47.228355407714844,-24.42279052734375,-107.19462585449219,-6.256741523742676,77.1917724609375,0.257280962820561
46,30,-10.541645050048828,47.125831604003906,-24.342609405517578,-107.62288665771484,-6.138071060180664,77.29386901855469,0.25680982643026373
46,31,-11.088948249816895,46.30991744995117,-24.806781768798828,-107.44654083251953,-6.208904266357422,77.68251037597656,0.25675797379672194
46,32,-11.046573638916016,45.498634338378906,-24.65683937072754,-108.03720092773438,-6.131087303161621,79.31404113769531,0.2550880907659913
46,33,-11.271566390991211,44.52751159667969,-25.386110305786133,-108.34114074707031,-6.079239845275879,78.26931762695312,0.2551906813952366
46,34,-11.584424018859863,44.16129684448242,-24.937755584716797,-108.33172607421875,-6.180593490600586,78.90232849121094,0.2537080407069644
46,35,-11.464773178100586,42.5660400390625,-25.261432647705078,-109.11136627197266,-6.338911056518555,78.0511474609375,0.25179942225615454
46,36,-11.536111831665039,41.655967712402344,-25.60235023498535,-109.63115692138672,-6.434220314025879,77.27706909179688,0.25099276449513824
46,37,-11.3183012008667,41.22894287109375,-26.699426651000977,-109.03182220458984,-6.296806335449219,77.78660583496094,0.25309319660809
46,38,-11.407425880432129,41.37205505371094,-25.962966918945312,-109.10868835449219,-6.473213195800781,77.82342529296875,0.25163954388264514
46,39,-11.583629608154297,40.47747039794922,-27.013286590576172,-108.11434936523438,-6.110084533691406,77.11156463623047,0.2531001060702737
46,40,-11.713717460632324,40.14447784423828,-26.835294723510742,-108.29862976074219,-5.975530624389648,76.42723846435547,0.2521542953242388
46,41,-12.052886962890625,40.89768981933594,-26.588695526123047,-108.19367980957031,-6.118083953857422,74.04686737060547,0.2527432060677342
46,42,-12.672511100769043,41.252559661865234,-25.724905014038086,-108.65275573730469,-6.271181106567383,60.72067642211914,0.25115123734067996
46,43,-12.747591018676758,40.11181640625,-26.82416534423828,-108.60185241699219,-5.8904194831848145,57.90497589111328,0.2519470350840603
46,44,-13.304365158081055,40.2379035949707,-26.59040641784668,-108.48486328125,-5.926299095153809,58.433319091796875,0.2516685456462729
46,45,-14.59974193572998,41.975311279296875,-27.559593200683594,-107.47950744628906,-5.808493614196777,65.11695861816406,0.2566223911490919
46,46,-16.930116653442383,43.21842956542969,-29.62980842590332,-106.4263916015625,-4.816498756408691,70.93799591064453,0.2628629937906174
46,47,-18.370332717895508,42.36791229248047,-31.53403663635254,-105.29059600830078,-4.475576400756836,65.90641784667969,0.2656944561963572
46,48,-17.873218536376953,41.70706558227539,-31.480031967163086,-106.17417907714844,-4.753457069396973,65.2266616821289,0.2645831485720771
46,49,-9.029135704040527,32.642333984375,-21.78968048095703,-86.61698150634766,-6.224292755126953,49.32257080078125,0.23711483075268436
47,0,-14.780296325683594,83.52658081054688,-1.3574562072753906,-90.21454620361328,-6.9906206130981445,64.31275939941406,0.25588682687209907
47,1,-14.52565860748291,81.36164093017578,0.26682090759277344,-92.13095092773438,-7.365939140319824,65.78433227539062,0.2510298589444565
47,2,-14.057212829589844,77.3587417602539,-1.7386054992675781,-93.48841857910156,-7.385705947875977,67.87593078613281,0.25073780922879246
47,3,-14.637883186340332,74.86744689941406,-4.676883697509766,-93.02165985107422,-7.655393600463867,72.49124908447266,0.25378908670586564
47,4,-14.698725700378418,72.02787017822266,-8.628541946411133,-92.5169906616211,-7.544255256652832,72.0433349609375,0.25808223479043346
47,5,-14.586420059204102,67.02494812011719,-13.479071617126465,-92.70738983154297,-7.418816566467285,73.90426635742188,0.2615383639615559
47,6,-13.205909729003906,63.56886672973633,-21.964435577392578,-92.16801452636719,-6.563702583312988,79.26675415039062,0.2714501934372585
47,7,-12.837577819824219,63.20411682128906,-24.417869567871094,-92.58012390136719,-6.974636077880859,85.3110580444336,0.27473201457075547
47,8,-11.72547435760498,61.606346130371094,-25.469205856323242,-94.34471130371094,-7.03208065032959,85.01469421386719,0.2754492748772488
47,9,-10.605456352233887,61.07191848754883,-25.41779899597168,-95.20413208007812,-6.973566055297852,84.10623931884766,0.27516452823055687
47,10,-10.107404708862305,59.50784683227539,-27.50844955444336,-96.08771514892578,-6.86541748046875,83.54340362548828,0.2770509796054995
47,11,-9.962357521057129,58.241764068603516,-28.52235984802246,-97.08023834228516,-6.807568550109863,83.38211059570312,0.2776550806061169
47,12,-9.817127227783203,56.712650299072266,-29.362098693847656,-97.69730377197266,-6.681617736816406,83.16571044921875,0.27762248879858653
47,13,-9.068390846252441,55.11827850341797,-29.351099014282227,-97.78477478027344,-6.602212905883789,82.63204956054688,0.27608037660770013
47,14,-8.73330307006836,54.135128021240234,-29.41964340209961,-98.93273162841797,-6.652705192565918,82.09103393554688,0.275446060117268
47,15,-8.921879768371582,53.441585540771484,-28.937679290771484,-99.60693359375,-6.715546607971191,82.4861068725586,0.27406857346681496
47,16,-9.022340774536133,54.787288665771484,-26.78618812561035,-100.5365219116211,-6.954251289367676,81.36046600341797,0.2720173854121755
47,17,-9.271208763122559,53.46837615966797,-26.343101501464844,-101.89195251464844,-7.026775360107422,80.96005249023438,0.26981054311571606
47,18,-9.566744804382324,53.619388580322266,-24.56707763671875,-102.74268341064453,-6.94410514831543,80.3831787109375,0.266686362058593
47,19,-9.189833641052246,53.13701248168945,-22.96302032470703,-104.34820556640625,-6.942598342895508,80.00218200683594,0.26275690885619235
47,20,-8.98762321472168,51.289974212646484,-23.418785095214844,-104.35071563720703,-6.792548179626465,80.46430969238281,0.26136551994653967
47,21,-8.787346839904785,49.17844009399414,-24.458383560180664,-103.79563903808594,-6.580399513244629,79.32600402832031,0.2608987180612586
47,22,-8.747061729431152,49.79218673706055,-22.312541961669922,-104.031494140625,-6.594605445861816,79.13018798828125,0.25731569010479216
47,23,-9.028154373168945,48.762245178222656,-22.740646362304688,-103.93731689453125,-6.492422103881836,78.48928833007812,0.2568837113169234
47,24,-9.510820388793945,49.29035949707031,-22.76486587524414,-104.0644760131836,-6.556336402893066,76.91734313964844,0.25757978499629197
47,25,-9.347002029418945,48.94412612915039,-23.296825408935547,-104.35246276855469,-6.545244216918945,77.674560546875,0.2581325537406247
47,26,-9.667804718017578,48.00400161743164,-22.793563842773438,-105.3817138671875,-6.309597969055176,77.27743530273438,0.25553614523343227
47,27,-10.68320369720459,48.249183654785156,-23.12107276916504,-105.54633331298828,-6.464461326599121,77.18768310546875,0.2564912872078209
47,28,-10.40579605102539,47.75487518310547,-22.910568237304688,-106.89054870605469,-6.172656059265137,77.61534118652344,0.2548863809531741
47,29,-10.603508949279785,47.228355407714844,-24.42279052734375,-107.19462585449219,-6.256741523742676,77.1917724609375,0.257280962820561
47,30,-10.541645050048828,47.125831604003906,-24.342609405517578,-107.62288665771484,-6.138071060180664,77.29386901855469,0.25680982643026373
47,31,-11.088948249816895,46.30991744995117,-24.806781768798828,-107.44654083251953,-6.208904266357422,77.68251037597656,0.25675797379672194
47,32,-11.046573638916016,45.498634338378906,-24.65683937072754,-108.03720092773438,-6.131087303161621,79.31404113769531,0.2550880907659913
47,33,-11.271566390991211,44.52751159667969,-25.386110305786133,-108.34114074707031,-6.079239845275879,78.26931762695312,0.2551906813952366
47,34,-11.584424018859863,44.16129684448242,-24.937755584716797,-108.33172607421875,-6.180593490600586,78.90232849121094,0.2537080407069644
47,35,-11.464773178100586,42.5660400390625,-25.261432647705078,-109.11136627197266,-6.338911056518555,78.0511474609375,0.25179942225615454
47,36,-11.536111831665039,41.655967712402344,-25.60235023498535,-109.63115692138672,-6.434220314025879,77.27706909179688,0.25099276449513824
47,37,-11.3183012008667,41.22894287109375,-26.699426651000977,-109.03182220458984,-6.296806335449219,77.78660583496094,0.25309319660809
47,38,-11.407425880432129,41.37205505371094,-25.962966918945312,-109.10868835449219,-6.473213195800781,77.82342529296875,0.25163954388264514
47,39,-11.583629608154297,40.47747039794922,-27.013286590576172,-108.11434936523438,-6.110084533691406,77.11156463623047,0.2531001060702737
47,40,-11.713717460632324,40.14447784423828,-26.835294723510742,-108.29862976074219,-5.975530624389648,76.42723846435547,0.2521542953242388
47,41,-12.052886962890625,40.89768981933594,-26.588695526123047,-108.19367980957031,-6.118083953857422,74.04686737060547,0.2527432060677342
47,42,-12.672511100769043,41.252559661865234,-25.724905014038086,-108.65275573730469,-6.271181106567383,60.72067642211914,0.25115123734067996
47,43,-12.747591018676758,40.11181640625,-26.82416534423828,-108.60185241699219,-5.8904194831848145,57.90497589111328,0.2519470350840603
47,44,-13.304365158081055,40.2379035949707,-26.59040641784668,-108.48486328125,-5.926299095153809,58.433319091796875,0.2516685456462729
47,45,-14.59974193572998,41.975311279296875,-27.559593200683594,-107.47950744628906,-5.808493614196777,65.11695861816406,0.2566223911490919
47,46,-16.930116653442383,43.21842956542969,-29.62980842590332,-106.4263916015625,-4.816498756408691,70.93799591064453,0.2628629937906174
47,47,-18.370332717895508,42.36791229248047,-31.53403663635254,-105.29059600830078,-4.475576400756836,65.90641784667969,0.2656944561963572
47,48,-17.873218536376953,41.70706558227539,-31.480031967163086,-106.17417907714844,-4.753457069396973,65.2266616821289,0.2645831485720771
47,49,-9.029135704040527,32.642333984375,-21.78968048095703,-86.61698150634766,-6.224292755126953,49.32257080078125,0.23711483075268436
48,0,-14.780296325683594,83.52658081054688,-1.3574562072753906,-90.21454620361328,-6.9906206130981445,64.31275939941406,0.25588682687209907
48,1,-14.52565860748291,81.36164093017578,0.26682090759277344,-92.13095092773438,-7.365939140319824,65.78433227539062,0.2510298589444565
48,2,-14.057212829589844,77.3587417602539,-1.7386054992675781,-93.48841857910156,-7.385705947875977,67.87593078613281,0.25073780922879246
48,3,-14.637883186340332,74.86744689941406,-4.676883697509766,-93.02165985107422,-7.655393600463867,72.49124908447266,0.25378908670586564
48,4,-14.698725700378418,72.02787017822266,-8.628541946411133,-92.5169906616211,-7.544255256652832,72.0433349609375,0.25808223479043346
48,5,-14.586420059204102,67.02494812011719,-13.479071617126465,-92.70738983154297,-7.418816566467285,73.90426635742188,0.2615383639615559
48,6,-13.205909729003906,63.56886672973633,-21.964435577392578,-92.16801452636719,-6.563702583312988,79.26675415039062,0.2714501934372585
48,7,-12.837577819824219,63.20411682128906,-24.417869567871094,-92.58012390136719,-6.974636077880859,85.3110580444336,0.27473201457075547
48,8,-11.72547435760498,61.606346130371094,-25.469205856323242,-94.34471130371094,-7.03208065032959,85.01469421386719,0.2754492748772488
48,9,-10.605456352233887,61.07191848754883,-25.41779899597168,-95.20413208007812,-6.973566055297852,84.10623931884766,0.27516452823055687
48,10,-10.107404708862305,59.50784683227539,-27.50844955444336,-96.08771514892578,-6.86541748046875,83.54340362548828,0.2770509796054995
48,11,-9.962357521057129,58.241764068603516,-28.52235984802246,-97.08023834228516,-6.807568550109863,83.38211059570312,0.2776550806061169
48,12,-9.817127227783203,56.712650299072266,-29.362098693847656,-97.69730377197266,-6.681617736816406,83.16571044921875,0.27762248879858653
48,13,-9.068390846252441,55.11827850341797,-29.351099014282227,-97.78477478027344,-6.602212905883789,82.63204956054688,0.27608037660770013
48,14,-8.73330307006836,54.135128021240234,-29.41964340209961,-98.93273162841797,-6.652705192565918,82.09103393554688,0.275446060117268
48,15,-8.921879768371582,53.441585540771484,-28.937679290771484,-99.60693359375,-6.715546607971191,82.4861068725586,0.27406857346681496
48,16,-9.022340774536133,54.787288665771484,-26.78618812561035,-100.5365219116211,-6.954251289367676,81.36046600341797,0.2720173854121755
48,17,-9.271208763122559,53.46837615966797,-26.343101501464844,-101.89195251464844,-7.026775360107422,80.96005249023438,0.26981054311571606
48,18,-9.566744804382324,53.619388580322266,-24.56707763671875,-102.74268341064453,-6.94410514831543,80.3831787109375,0.266686362058593
48,19,-9.189833641052246,53.13701248168945,-22.96302032470703,-104.34820556640625,-6.942598342895508,80.00218200683594,0.26275690885619235
48,20,-8.98762321472168,51.289974212646484,-23.418785095214844,-104.35071563720703,-6.792548179626465,80.46430969238281,0.26136551994653967
48,21,-8.787346839904785,49.17844009399414,-24.458383560180664,-103.79563903808594,-6.580399513244629,79.32600402832031,0.2608987180612586
48,22,-8.747061729431152,49.79218673706055,-22.312541961669922,-104.031494140625,-6.594605445861816,79.13018798828125,0.25731569010479216
48,23,-9.028154373168945,48.762245178222656,-22.740646362304688,-103.93731689453125,-6.492422103881836,78.48928833007812,0.2568837113169234
48,24,-9.510820388793945,49.29035949707031,-22.76486587524414,-104.0644760131836,-6.556336402893066,76.91734313964844,0.25757978499629197
48,25,-9.347002029418945,48.94412612915039,-23.296825408935547,-104.35246276855469,-6.545244216918945,77.674560546875,0.2581325537406247
48,26,-9.667804718017578,48.00400161743164,-22.793563842773438,-105.3817138671875,-6.309597969055176,77.27743530273438,0.25553614523343227
48,27,-10.68320369720459,48.249183654785156,-23.12107276916504,-105.54633331298828,-6.464461326599121,77.18768310546875,0.2564912872078209
48,28,-10.40579605102539,47.75487518310547,-22.910568237304688,-106.89054870605469,-6.172656059265137,77.61534118652344,0.2548863809531741
48,29,-10.603508949279785,47.228355407714844,-24.42279052734375,-107.19462585449219,-6.256741523742676,77.1917724609375,0.257280962820561
48,30,-10.541645050048828,47.125831604003906,-24.342609405517578,-107.62288665771484,-6.138071060180664,77.29386901855469,0.25680982643026373
48,31,-11.088948249816895,46.30991744995117,-24.806781768798828,-107.44654083251953,-6.208904266357422,77.68251037597656,0.25675797379672194
48,32,-11.046573638916016,45.498634338378906,-24.65683937072754,-108.03720092773438,-6.131087303161621,79.31404113769531,0.2550880907659913
48,33,-11.271566390991211,44.52751159667969,-25.386110305786133,-108.34114074707031,-6.079239845275879,78.26931762695312,0.2551906813952366
48,34,-11.584424018859863,44.16129684448242,-24.937755584716797,-108.33172607421875,-6.180593490600586,78.90232849121094,0.2537080407069644
48,35,-11.464773178100586,42.5660400390625,-25.261432647705078,-109.11136627197266,-6.338911056518555,78.0511474609375,0.25179942225615454
48,36,-11.536111831665039,41.655967712402344,-25.60235023498535,-109.63115692138672,-6.434220314025879,77.27706909179688,0.25099276449513824
48,37,-11.3183012008667,41.22894287109375,-26.699426651000977,-109.03182220458984,-6.296806335449219,77.78660583496094,0.25309319660809
48,38,-11.407425880432129,41.37205505371094,-25.962966918945312,-109.10868835449219,-6.473213195800781,77.82342529296875,0.25163954388264514
48,39,-11.583629608154297,40.47747039794922,-27.013286590576172,-108.11434936523438,-6.110084533691406,77.11156463623047,0.2531001060702737
48,40,-11.713717460632324,40.14447784423828,-26.835294723510742,-108.29862976074219,-5.975530624389648,76.42723846435547,0.2521542953242388
48,41,-12.052886962890625,40.89768981933594,-26.588695526123047,-108.19367980957031,-6.118083953857422,74.04686737060547,0.2527432060677342
48,42,-12.672511100769043,41.252559661865234,-25.724905014038086,-108.65275573730469,-6.271181106567383,60.72067642211914,0.25115123734067996
48,43,-12.747591018676758,40.11181640625,-26.82416534423828,-108.60185241699219,-5.8904194831848145,57.90497589111328,0.2519470350840603
48,44,-13.304365158081055,40.2379035949707,-26.59040641784668,-108.48486328125,-5.926299095153809,58.433319091796875,0.2516685456462729
48,45,-14.59974193572998,41.975311279296875,-27.559593200683594,-107.47950744628906,-5.808493614196777,65.11695861816406,0.2566223911490919
48,46,-16.930116653442383,43.21842956542969,-29.62980842590332,-106.4263916015625,-4.816498756408691,70.93799591064453,0.2628629937906174
48,47,-18.370332717895508,42.36791229248047,-31.53403663635254,-105.29059600830078,-4.475576400756836,65.90641784667969,0.2656944561963572
48,48,-17.873218536376953,41.70706558227539,-31.480031967163086,-106.17417907714844,-4.753457069396973,65.2266616821289,0.2645831485720771
48,49,-9.029135704040527,32.642333984375,-21.78968048095703,-86.61698150634766,-6.224292755126953,49.32257080078125,0.23711483075268436
49,0,-14.780296325683594,83.52658081054688,-1.3574562072753906,-90.21454620361328,-6.9906206130981445,64.31275939941406,0.25588682687209907
49,1,-14.52565860748291,81.36164093017578,0.26682090759277344,-92.13095092773438,-7.365939140319824,65.78433227539062,0.2510298589444565
49,2,-14.057212829589844,77.3587417602539,-1.7386054992675781,-93.48841857910156,-7.385705947875977,67.87593078613281,0.25073780922879246
49,3,-14.637883186340332,74.86744689941406,-4.676883697509766,-93.02165985107422,-7.655393600463867,72.49124908447266,0.25378908670586564
49,4,-14.698725700378418,72.02787017822266,-8.628541946411133,-92.5169906616211,-7.544255256652832,72.0433349609375,0.25808223479043346
49,5,-14.586420059204102,67.02494812011719,-13.479071617126465,-92.70738983154297,-7.418816566467285,73.90426635742188,0.2615383639615559
49,6,-13.205909729003906,63.56886672973633,-21.964435577392578,-92.16801452636719,-6.563702583312988,79.26675415039062,0.2714501934372585
49,7,-12.837577819824219,63.20411682128906,-24.417869567871094,-92.58012390136719,-6.974636077880859,85.3110580444336,0.27473201457075547
49,8,-11.72547435760498,61.606346130371094,-25.469205856323242,-94.34471130371094,-7.03208065032959,85.01469421386719,0.2754492748772488
49,9,-10.605456352233887,61.07191848754883,-25.41779899597168,-95.20413208007812,-6.973566055297852,84.10623931884766,0.27516452823055687
49,10,-10.107404708862305,59.50784683227539,-27.50844955444336,-96.08771514892578,-6.86541748046875,83.54340362548828,0.2770509796054995
49,11,-9.962357521057129,58.241764068603516,-28.52235984802246,-97.08023834228516,-6.807568550109863,83.38211059570312,0.2776550806061169
49,12,-9.817127227783203,56.712650299072266,-29.362098693847656,-97.69730377197266,-6.681617736816406,83.16571044921875,0.27762248879858653
49,13,-9.068390846252441,55.11827850341797,-29.351099014282227,-97.78477478027344,-6.602212905883789,82.63204956054688,0.27608037660770013
49,14,-8.73330307006836,54.135128021240234,-29.41964340209961,-98.93273162841797,-6.652705192565918,82.09103393554688,0.275446060117268
49,15,-8.921879768371582,53.441585540771484,-28.937679290771484,-99.60693359375,-6.715546607971191,82.4861068725586,0.27406857346681496
49,16,-9.022340774536133,54.787288665771484,-26.78618812561035,-100.5365219116211,-6.954251289367676,81.36046600341797,0.2720173854121755
49,17,-9.271208763122559,53.46837615966797,-26.343101501464844,-101.89195251464844,-7.026775360107422,80.96005249023438,0.26981054311571606
49,18,-9.566744804382324,53.619388580322266,-24.56707763671875,-102.74268341064453,-6.94410514831543,80.3831787109375,0.266686362058593
49,19,-9.189833641052246,53.13701248168945,-22.96302032470703,-104.34820556640625,-6.942598342895508,80.00218200683594,0.26275690885619235
49,20,-8.98762321472168,51.289974212646484,-23.418785095214844,-104.35071563720703,-6.792548179626465,80.46430969238281,0.26136551994653967
49,21,-8.787346839904785,49.17844009399414,-24.458383560180664,-103.79563903808594,-6.580399513244629,79.32600402832031,0.2608987180612586
49,22,-8.747061729431152,49.79218673706055,-22.312541961669922,-104.031494140625,-6.594605445861816,79.13018798828125,0.25731569010479216
49,23,-9.028154373168945,48.762245178222656,-22.740646362304688,-103.93731689453125,-6.492422103881836,78.48928833007812,0.2568837113169234
49,24,-9.510820388793945,49.29035949707031,-22.76486587524414,-104.0644760131836,-6.556336402893066,76.91734313964844,0.25757978499629197
49,25,-9.347002029418945,48.94412612915039,-23.296825408935547,-104.35246276855469,-6.545244216918945,77.674560546875,0.2581325537406247
49,26,-9.667804718017578,48.00400161743164,-22.793563842773438,-105.3817138671875,-6.309597969055176,77.27743530273438,0.25553614523343227
49,27,-10.68320369720459,48.249183654785156,-23.12107276916504,-105.54633331298828,-6.464461326599121,77.18768310546875,0.2564912872078209
49,28,-10.40579605102539,47.75487518310547,-22.910568237304688,-106.89054870605469,-6.172656059265137,77.61534118652344,0.2548863809531741
49,29,-10.603508949279785,47.228355407714844,-24.42279052734375,-107.19462585449219,-6.256741523742676,77.1917724609375,0.257280962820561
49,30,-10.541645050048828,47.125831604003906,-24.342609405517578,-107.62288665771484,-6.138071060180664,77.29386901855469,0.25680982643026373
49,31,-11.088948249816895,46.30991744995117,-24.806781768798828,-107.44654083251953,-6.208904266357422,77.68251037597656,0.25675797379672194
49,32,-11.046573638916016,45.498634338378906,-24.65683937072754,-108.03720092773438,-6.131087303161621,79.31404113769531,0.2550880907659913
49,33,-11.271566390991211,44.52751159667969,-25.386110305786133,-108.34114074707031,-6.079239845275879,78.26931762695312,0.2551906813952366
49,34,-11.584424018859863,44.16129684448242,-24.937755584716797,-108.33172607421875,-6.180593490600586,78.90232849121094,0.2537080407069644
49,35,-11.464773178100586,42.5660400390625,-25.261432647705078,-109.11136627197266,-6.338911056518555,78.0511474609375,0.25179942225615454
49,36,-11.536111831665039,41.655967712402344,-25.60235023498535,-109.63115692138672,-6.434220314025879,77.27706909179688,0.25099276449513824
49,37,-11.3183012008667,41.22894287109375,-26.699426651000977,-109.03182220458984,-6.296806335449219,77.78660583496094,0.25309319660809
49,38,-11.407425880432129,41.37205505371094,-25.962966918945312,-109.10868835449219,-6.473213195800781,77.82342529296875,0.25163954388264514
49,39,-11.583629608154297,40.47747039794922,-27.013286590576172,-108.11434936523438,-6.110084533691406,77.11156463623047,0.2531001060702737
49,40,-11.713717460632324,40.14447784423828,-26.835294723510742,-108.29862976074219,-5.975530624389648,76.42723846435547,0.2521542953242388
49,41,-12.052886962890625,40.89768981933594,-26.588695526123047,-108.19367980957031,-6.118083953857422,74.04686737060547,0.2527432060677342
49,42,-12.672511100769043,41.252559661865234,-25.724905014038086,-108.65275573730469,-6.271181106567383,60.72067642211914,0.25115123734067996
49,43,-12.747591018676758,40.11181640625,-26.82416534423828,-108.60185241699219,-5.8904194831848145,57.90497589111328,0.2519470350840603
49,44,-13.304365158081055,40.2379035949707,-26.59040641784668,-108.48486328125,-5.926299095153809,58.433319091796875,0.2516685456462729
49,45,-14.59974193572998,41.975311279296875,-27.559593200683594,-107.47950744628906,-5.808493614196777,65.11695861816406,0.2566223911490919
49,46,-16.930116653442383,43.21842956542969,-29.62980842590332,-106.4263916015625,-4.816498756408691,70.93799591064453,0.2628629937906174
49,47,-18.370332717895508,42.36791229248047,-31.53403663635254,-105.29059600830078,-4.475576400756836,65.90641784667969,0.2656944561963572
49,48,-17.873218536376953,41.70706558227539,-31.480031967163086,-106.17417907714844,-4.753457069396973,65.2266616821289,0.2645831485720771
49,49,-9.029135704040527,32.642333984375,-21.78968048095703,-86.61698150634766,-6.224292755126953,49.32257080078125,0.23711483075268436
50,0,-14.780296325683594,83.52658081054688,-1.3574562072753906,-90.21454620361328,-6.9906206130981445,64.31275939941406,0.25588682687209907
50,1,-14.52565860748291,81.36164093017578,0.26682090759277344,-92.13095092773438,-7.365939140319824,65.78433227539062,0.2510298589444565
50,2,-14.057212829589844,77.3587417602539,-1.7386054992675781,-93.48841857910156,-7.385705947875977,67.87593078613281,0.25073780922879246
50,3,-14.637883186340332,74.86744689941406,-4.676883697509766,-93.02165985107422,-7.655393600463867,72.49124908447266,0.25378908670586564
50,4,-14.698725700378418,72.02787017822266,-8.628541946411133,-92.5169906616211,-7.544255256652832,72.0433349609375,0.25808223479043346
50,5,-14.586420059204102,67.02494812011719,-13.479071617126465,-92.70738983154297,-7.418816566467285,73.90426635742188,0.2615383639615559
50,6,-13.205909729003906,63.56886672973633,-21.964435577392578,-92.16801452636719,-6.563702583312988,79.26675415039062,0.2714501934372585
50,7,-12.837577819824219,63.20411682128906,-24.417869567871094,-92.58012390136719,-6.974636077880859,85.3110580444336,0.27473201457075547
50,8,-11.72547435760498,61.606346130371094,-25.469205856323242,-94.34471130371094,-7.03208065032959,85.01469421386719,0.2754492748772488
50,9,-10.605456352233887,61.07191848754883,-25.41779899597168,-95.20413208007812,-6.973566055297852,84.10623931884766,0.27516452823055687
50,10,-10.107404708862305,59.50784683227539,-27.50844955444336,-96.08771514892578,-6.86541748046875,83.54340362548828,0.2770509796054995
50,11,-9.962357521057129,58.241764068603516,-28.52235984802246,-97.08023834228516,-6.807568550109863,83.38211059570312,0.2776550806061169
50,12,-9.817127227783203,56.712650299072266,-29.362098693847656,-97.69730377197266,-6.681617736816406,83.16571044921875,0.27762248879858653
50,13,-9.068390846252441,55.11827850341797,-29.351099014282227,-97.78477478027344,-6.602212905883789,82.63204956054688,0.27608037660770013
50,14,-8.73330307006836,54.135128021240234,-29.41964340209961,-98.93273162841797,-6.652705192565918,82.09103393554688,0.275446060117268
50,15,-8.921879768371582,53.441585540771484,-28.937679290771484,-99.60693359375,-6.715546607971191,82.4861068725586,0.27406857346681496
50,16,-9.022340774536133,54.787288665771484,-26.78618812561035,-100.5365219116211,-6.954251289367676,81.36046600341797,0.2720173854121755
50,17,-9.271208763122559,53.46837615966797,-26.343101501464844,-101.89195251464844,-7.026775360107422,80.96005249023438,0.26981054311571606
50,18,-9.566744804382324,53.619388580322266,-24.56707763671875,-102.74268341064453,-6.94410514831543,80.3831787109375,0.266686362058593
50,19,-9.189833641052246,53.13701248168945,-22.96302032470703,-104.34820556640625,-6.942598342895508,80.00218200683594,0.26275690885619235
50,20,-8.98762321472168,51.289974212646484,-23.418785095214844,-104.35071563720703,-6.792548179626465,80.46430969238281,0.26136551994653967
50,21,-8.787346839904785,49.17844009399414,-24.458383560180664,-103.79563903808594,-6.580399513244629,79.32600402832031,0.2608987180612586
50,22,-8.747061729431152,49.79218673706055,-22.312541961669922,-104.031494140625,-6.594605445861816,79.13018798828125,0.25731569010479216
50,23,-9.028154373168945,48.762245178222656,-22.740646362304688,-103.93731689453125,-6.492422103881836,78.48928833007812,0.2568837113169234
50,24,-9.510820388793945,49.29035949707031,-22.76486587524414,-104.0644760131836,-6.556336402893066,76.91734313964844,0.25757978499629197
50,25,-9.347002029418945,48.94412612915039,-23.296825408935547,-104.35246276855469,-6.545244216918945,77.674560546875,0.2581325537406247
50,26,-9.667804718017578,48.00400161743164,-22.793563842773438,-105.3817138671875,-6.309597969055176,77.27743530273438,0.25553614523343227
50,27,-10.68320369720459,48.249183654785156,-23.12107276916504,-105.54633331298828,-6.464461326599121,77.18768310546875,0.2564912872078209
50,28,-10.40579605102539,47.75487518310547,-22.910568237304688,-106.89054870605469,-6.172656059265137,77.61534118652344,0.2548863809531741
50,29,-10.603508949279785,47.228355407714844,-24.42279052734375,-107.19462585449219,-6.256741523742676,77.1917724609375,0.257280962820561
50,30,-10.541645050048828,47.125831604003906,-24.342609405517578,-107.62288665771484,-6.138071060180664,77.29386901855469,0.25680982643026373
50,31,-11.088948249816895,46.30991744995117,-24.806781768798828,-107.44654083251953,-6.208904266357422,77.68251037597656,0.25675797379672194
50,32,-11.046573638916016,45.498634338378906,-24.65683937072754,-108.03720092773438,-6.131087303161621,79.31404113769531,0.2550880907659913
50,33,-11.271566390991211,44.52751159667969,-25.386110305786133,-108.34114074707031,-6.079239845275879,78.26931762695312,0.2551906813952366
50,34,-11.584424018859863,44.16129684448242,-24.937755584716797,-108.33172607421875,-6.180593490600586,78.90232849121094,0.2537080407069644
50,35,-11.464773178100586,42.5660400390625,-25.261432647705078,-109.11136627197266,-6.338911056518555,78.0511474609375,0.25179942225615454
50,36,-11.536111831665039,41.655967712402344,-25.60235023498535,-109.63115692138672,-6.434220314025879,77.27706909179688,0.25099276449513824
50,37,-11.3183012008667,41.22894287109375,-26.699426651000977,-109.03182220458984,-6.296806335449219,77.78660583496094,0.25309319660809
50,38,-11.407425880432129,41.37205505371094,-25.962966918945312,-109.10868835449219,-6.473213195800781,77.82342529296875,0.25163954388264514
50,39,-11.583629608154297,40.47747039794922,-27.013286590576172,-108.11434936523438,-6.110084533691406,77.11156463623047,0.2531001060702737
50,40,-11.713717460632324,40.14447784423828,-26.835294723510742,-108.29862976074219,-5.975530624389648,76.42723846435547,0.2521542953242388
50,41,-12.052886962890625,40.89768981933594,-26.588695526123047,-108.19367980957031,-6.118083953857422,74.04686737060547,0.2527432060677342
50,42,-12.672511100769043,41.252559661865234,-25.724905014038086,-108.65275573730469,-6.271181106567383,60.72067642211914,0.25115123734067996
50,43,-12.747591018676758,40.11181640625,-26.82416534423828,-108.60185241699219,-5.8904194831848145,57.90497589111328,0.2519470350840603
50,44,-13.304365158081055,40.2379035949707,-26.59040641784668,-108.48486328125,-5.926299095153809,58.433319091796875,0.2516685456462729
50,45,-14.59974193572998,41.975311279296875,-27.559593200683594,-107.47950744628906,-5.808493614196777,65.11695861816406,0.2566223911490919
50,46,-16.930116653442383,43.21842956542969,-29.62980842590332,-106.4263916015625,-4.816498756408691,70.93799591064453,0.2628629937906174
50,47,-18.370332717895508,42.36791229248047,-31.53403663635254,-105.29059600830078,-4.475576400756836,65.90641784667969,0.2656944561963572
50,48,-17.873218536376953,41.70706558227539,-31.480031967163086,-106.17417907714844,-4.753457069396973,65.2266616821289,0.2645831485720771
50,49,-9.029135704040527,32.642333984375,-21.78968048095703,-86.61698150634766,-6.224292755126953,49.32257080078125,0.23711483075268436
51,0,-14.780296325683594,83.52658081054688,-1.3574562072753906,-90.21454620361328,-6.9906206130981445,64.31275939941406,0.25588682687209907
51,1,-14.52565860748291,81.36164093017578,0.26682090759277344,-92.13095092773438,-7.365939140319824,65.78433227539062,0.2510298589444565
51,2,-14.057212829589844,77.3587417602539,-1.7386054992675781,-93.48841857910156,-7.385705947875977,67.87593078613281,0.25073780922879246
51,3,-14.637883186340332,74.86744689941406,-4.676883697509766,-93.02165985107422,-7.655393600463867,72.49124908447266,0.25378908670586564
51,4,-14.698725700378418,72.02787017822266,-8.628541946411133,-92.5169906616211,-7.544255256652832,72.0433349609375,0.25808223479043346
51,5,-14.586420059204102,67.02494812011719,-13.479071617126465,-92.70738983154297,-7.418816566467285,73.90426635742188,0.2615383639615559
51,6,-13.205909729003906,63.56886672973633,-21.964435577392578,-92.16801452636719,-6.563702583312988,79.26675415039062,0.2714501934372585
51,7,-12.837577819824219,63.20411682128906,-24.417869567871094,-92.58012390136719,-6.974636077880859,85.3110580444336,0.27473201457075547
51,8,-11.72547435760498,61.606346130371094,-25.469205856323242,-94.34471130371094,-7.03208065032959,85.01469421386719,0.2754492748772488
51,9,-10.605456352233887,61.07191848754883,-25.41779899597168,-95.20413208007812,-6.973566055297852,84.10623931884766,0.27516452823055687
51,10,-10.107404708862305,59.50784683227539,-27.50844955444336,-96.08771514892578,-6.86541748046875,83.54340362548828,0.2770509796054995
51,11,-9.962357521057129,58.241764068603516,-28.52235984802246,-97.08023834228516,-6.807568550109863,83.38211059570312,0.2776550806061169
51,12,-9.817127227783203,56.712650299072266,-29.362098693847656,-97.69730377197266,-6.681617736816406,83.16571044921875,0.27762248879858653
51,13,-9.068390846252441,55.11827850341797,-29.351099014282227,-97.78477478027344,-6.602212905883789,82.63204956054688,0.27608037660770013
51,14,-8.73330307006836,54.135128021240234,-29.41964340209961,-98.93273162841797,-6.652705192565918,82.09103393554688,0.275446060117268
51,15,-8.921879768371582,53.441585540771484,-28.937679290771484,-99.60693359375,-6.715546607971191,82.4861068725586,0.27406857346681496
51,16,-9.022340774536133,54.787288665771484,-26.78618812561035,-100.5365219116211,-6.954251289367676,81.36046600341797,0.2720173854121755
51,17,-9.271208763122559,53.46837615966797,-26.343101501464844,-101.89195251464844,-7.026775360107422,80.96005249023438,0.26981054311571606
51,18,-9.566744804382324,53.619388580322266,-24.56707763671875,-102.74268341064453,-6.94410514831543,80.3831787109375,0.266686362058593
51,19,-9.189833641052246,53.13701248168945,-22.96302032470703,-104.34820556640625,-6.942598342895508,80.00218200683594,0.26275690885619235
51,20,-8.98762321472168,51.289974212646484,-23.418785095214844,-104.35071563720703,-6.792548179626465,80.46430969238281,0.26136551994653967
51,21,-8.787346839904785,49.17844009399414,-24.458383560180664,-103.79563903808594,-6.580399513244629,79.32600402832031,0.2608987180612586
51,22,-8.747061729431152,49.79218673706055,-22.312541961669922,-104.031494140625,-6.594605445861816,79.13018798828125,0.25731569010479216
51,23,-9.028154373168945,48.762245178222656,-22.740646362304688,-103.93731689453125,-6.492422103881836,78.48928833007812,0.2568837113169234
51,24,-9.510820388793945,49.29035949707031,-22.76486587524414,-104.0644760131836,-6.556336402893066,76.91734313964844,0.25757978499629197
51,25,-9.347002029418945,48.94412612915039,-23.296825408935547,-104.35246276855469,-6.545244216918945,77.674560546875,0.2581325537406247
51,26,-9.667804718017578,48.00400161743164,-22.793563842773438,-105.3817138671875,-6.309597969055176,77.27743530273438,0.25553614523343227
51,27,-10.68320369720459,48.249183654785156,-23.12107276916504,-105.54633331298828,-6.464461326599121,77.18768310546875,0.2564912872078209
51,28,-10.40579605102539,47.75487518310547,-22.910568237304688,-106.89054870605469,-6.172656059265137,77.61534118652344,0.2548863809531741
51,29,-10.603508949279785,47.228355407714844,-24.42279052734375,-107.19462585449219,-6.256741523742676,77.1917724609375,0.257280962820561
51,30,-10.541645050048828,47.125831604003906,-24.342609405517578,-107.62288665771484,-6.138071060180664,77.29386901855469,0.25680982643026373
51,31,-11.088948249816895,46.30991744995117,-24.806781768798828,-107.44654083251953,-6.208904266357422,77.68251037597656,0.25675797379672194
51,32,-11.046573638916016,45.498634338378906,-24.65683937072754,-108.03720092773438,-6.131087303161621,79.31404113769531,0.2550880907659913
51,33,-11.271566390991211,44.52751159667969,-25.386110305786133,-108.34114074707031,-6.079239845275879,78.26931762695312,0.2551906813952366
51,34,-11.584424018859863,44.16129684448242,-24.937755584716797,-108.33172607421875,-6.180593490600586,78.90232849121094,0.2537080407069644
51,35,-11.464773178100586,42.5660400390625,-25.261432647705078,-109.11136627197266,-6.338911056518555,78.0511474609375,0.25179942225615454
51,36,-11.536111831665039,41.655967712402344,-25.60235023498535,-109.63115692138672,-6.434220314025879,77.27706909179688,0.25099276449513824
51,37,-11.3183012008667,41.22894287109375,-26.699426651000977,-109.03182220458984,-6.296806335449219,77.78660583496094,0.25309319660809
51,38,-11.407425880432129,41.37205505371094,-25.962966918945312,-109.10868835449219,-6.473213195800781,77.82342529296875,0.25163954388264514
51,39,-11.583629608154297,40.47747039794922,-27.013286590576172,-108.11434936523438,-6.110084533691406,77.11156463623047,0.2531001060702737
51,40,-11.713717460632324,40.14447784423828,-26.835294723510742,-108.29862976074219,-5.975530624389648,76.42723846435547,0.2521542953242388
51,41,-12.052886962890625,40.89768981933594,-26.588695526123047,-108.19367980957031,-6.118083953857422,74.04686737060547,0.2527432060677342
51,42,-12.672511100769043,41.252559661865234,-25.724905014038086,-108.65275573730469,-6.271181106567383,60.72067642211914,0.25115123734067996
51,43,-12.747591018676758,40.11181640625,-26.82416534423828,-108.60185241699219,-5.8904194831848145,57.90497589111328,0.2519470350840603
51,44,-13.304365158081055,40.2379035949707,-26.59040641784668,-108.48486328125,-5.926299095153809,58.433319091796875,0.2516685456462729
51,45,-14.59974193572998,41.975311279296875,-27.559593200683594,-107.47950744628906,-5.808493614196777,65.11695861816406,0.2566223911490919
51,46,-16.930116653442383,43.21842956542969,-29.62980842590332,-106.4263916015625,-4.816498756408691,70.93799591064453,0.2628629937906174
51,47,-18.370332717895508,42.36791229248047,-31.53403663635254,-105.29059600830078,-4.475576400756836,65.90641784667969,0.2656944561963572
51,48,-17.873218536376953,41.70706558227539,-31.480031967163086,-106.17417907714844,-4.753457069396973,65.2266616821289,0.2645831485720771
51,49,-9.029135704040527,32.642333984375,-21.78968048095703,-86.61698150634766,-6.224292755126953,49.32257080078125,0.23711483075268436
52,0,-14.780296325683594,83.52658081054688,-1.3574562072753906,-90.21454620361328,-6.9906206130981445,64.31275939941406,0.25588682687209907
52,1,-14.52565860748291,81.36164093017578,0.26682090759277344,-92.13095092773438,-7.365939140319824,65.78433227539062,0.2510298589444565
52,2,-14.057212829589844,77.3587417602539,-1.7386054992675781,-93.48841857910156,-7.385705947875977,67.87593078613281,0.25073780922879246
52,3,-14.637883186340332,74.86744689941406,-4.676883697509766,-93.02165985107422,-7.655393600463867,72.49124908447266,0.25378908670586564
52,4,-14.698725700378418,72.02787017822266,-8.628541946411133,-92.5169906616211,-7.544255256652832,72.0433349609375,0.25808223479043346
52,5,-14.586420059204102,67.02494812011719,-13.479071617126465,-92.70738983154297,-7.418816566467285,73.90426635742188,0.2615383639615559
52,6,-13.205909729003906,63.56886672973633,-21.964435577392578,-92.16801452636719,-6.563702583312988,79.26675415039062,0.2714501934372585
52,7,-12.837577819824219,63.20411682128906,-24.417869567871094,-92.58012390136719,-6.974636077880859,85.3110580444336,0.27473201457075547
52,8,-11.72547435760498,61.606346130371094,-25.469205856323242,-94.34471130371094,-7.03208065032959,85.01469421386719,0.2754492748772488
52,9,-10.605456352233887,61.07191848754883,-25.41779899597168,-95.20413208007812,-6.973566055297852,84.10623931884766,0.27516452823055687
52,10,-10.107404708862305,59.50784683227539,-27.50844955444336,-96.08771514892578,-6.86541748046875,83.54340362548828,0.2770509796054995
52,11,-9.962357521057129,58.241764068603516,-28.52235984802246,-97.08023834228516,-6.807568550109863,83.38211059570312,0.2776550806061169
52,12,-9.817127227783203,56.712650299072266,-29.362098693847656,-97.69730377197266,-6.681617736816406,83.16571044921875,0.27762248879858653
52,13,-9.068390846252441,55.11827850341797,-29.351099014282227,-97.78477478027344,-6.602212905883789,82.63204956054688,0.27608037660770013
52,14,-8.73330307006836,54.135128021240234,-29.41964340209961,-98.93273162841797,-6.652705192565918,82.09103393554688,0.275446060117268
52,15,-8.921879768371582,53.441585540771484,-28.937679290771484,-99.60693359375,-6.715546607971191,82.4861068725586,0.27406857346681496
52,16,-9.022340774536133,54.787288665771484,-26.78618812561035,-100.5365219116211,-6.954251289367676,81.36046600341797,0.2720173854121755
52,17,-9.271208763122559,53.46837615966797,-26.343101501464844,-101.89195251464844,-7.026775360107422,80.96005249023438,0.26981054311571606
52,18,-9.566744804382324,53.619388580322266,-24.56707763671875,-102.74268341064453,-6.94410514831543,80.3831787109375,0.266686362058593
52,19,-9.189833641052246,53.13701248168945,-22.96302032470703,-104.34820556640625,-6.942598342895508,80.00218200683594,0.26275690885619235
52,20,-8.98762321472168,51.289974212646484,-23.418785095214844,-104.35071563720703,-6.792548179626465,80.46430969238281,0.26136551994653967
52,21,-8.787346839904785,49.17844009399414,-24.458383560180664,-103.79563903808594,-6.580399513244629,79.32600402832031,0.2608987180612586
52,22,-8.747061729431152,49.79218673706055,-22.312541961669922,-104.031494140625,-6.594605445861816,79.13018798828125,0.25731569010479216
52,23,-9.028154373168945,48.762245178222656,-22.740646362304688,-103.93731689453125,-6.492422103881836,78.48928833007812,0.2568837113169234
52,24,-9.510820388793945,49.29035949707031,-22.76486587524414,-104.0644760131836,-6.556336402893066,76.91734313964844,0.25757978499629197
52,25,-9.347002029418945,48.94412612915039,-23.296825408935547,-104.35246276855469,-6.545244216918945,77.674560546875,0.2581325537406247
52,26,-9.667804718017578,48.00400161743164,-22.793563842773438,-105.3817138671875,-6.309597969055176,77.27743530273438,0.25553614523343227
52,27,-10.68320369720459,48.249183654785156,-23.12107276916504,-105.54633331298828,-6.464461326599121,77.18768310546875,0.2564912872078209
52,28,-10.40579605102539,47.75487518310547,-22.910568237304688,-106.89054870605469,-6.172656059265137,77.61534118652344,0.2548863809531741
52,29,-10.603508949279785,47.228355407714844,-24.42279052734375,-107.19462585449219,-6.256741523742676,77.1917724609375,0.257280962820561
52,30,-10.541645050048828,47.125831604003906,-24.342609405517578,-107.62288665771484,-6.138071060180664,77.29386901855469,0.25680982643026373
52,31,-11.088948249816895,46.30991744995117,-24.806781768798828,-107.44654083251953,-6.208904266357422,77.68251037597656,0.25675797379672194
52,32,-11.046573638916016,45.498634338378906,-24.65683937072754,-108.03720092773438,-6.131087303161621,79.31404113769531,0.2550880907659913
52,33,-11.271566390991211,44.52751159667969,-25.386110305786133,-108.34114074707031,-6.079239845275879,78.26931762695312,0.2551906813952366
52,34,-11.584424018859863,44.16129684448242,-24.937755584716797,-108.33172607421875,-6.180593490600586,78.90232849121094,0.2537080407069644
52,35,-11.464773178100586,42.5660400390625,-25.261432647705078,-109.11136627197266,-6.338911056518555,78.0511474609375,0.25179942225615454
52,36,-11.536111831665039,41.655967712402344,-25.60235023498535,-109.63115692138672,-6.434220314025879,77.27706909179688,0.25099276449513824
52,37,-11.3183012008667,41.22894287109375,-26.699426651000977,-109.03182220458984,-6.296806335449219,77.78660583496094,0.25309319660809
52,38,-11.407425880432129,41.37205505371094,-25.962966918945312,-109.10868835449219,-6.473213195800781,77.82342529296875,0.25163954388264514
52,39,-11.583629608154297,40.47747039794922,-27.013286590576172,-108.11434936523438,-6.110084533691406,77.11156463623047,0.2531001060702737
52,40,-11.713717460632324,40.14447784423828,-26.835294723510742,-108.29862976074219,-5.975530624389648,76.42723846435547,0.2521542953242388
52,41,-12.052886962890625,40.89768981933594,-26.588695526123047,-108.19367980957031,-6.118083953857422,74.04686737060547,0.2527432060677342
52,42,-12.672511100769043,41.252559661865234,-25.724905014038086,-108.65275573730469,-6.271181106567383,60.72067642211914,0.25115123734067996
52,43,-12.747591018676758,40.11181640625,-26.82416534423828,-108.60185241699219,-5.8904194831848145,57.90497589111328,0.2519470350840603
52,44,-13.304365158081055,40.2379035949707,-26.59040641784668,-108.48486328125,-5.926299095153809,58.433319091796875,0.2516685456462729
52,45,-14.59974193572998,41.975311279296875,-27.559593200683594,-107.47950744628906,-5.808493614196777,65.11695861816406,0.2566223911490919
52,46,-16.930116653442383,43.21842956542969,-29.62980842590332,-106.4263916015625,-4.816498756408691,70.93799591064453,0.2628629937906174
52,47,-18.370332717895508,42.36791229248047,-31.53403663635254,-105.29059600830078,-4.475576400756836,65.90641784667969,0.2656944561963572
52,48,-17.873218536376953,41.70706558227539,-31.480031967163086,-106.17417907714844,-4.753457069396973,65.2266616821289,0.2645831485720771
52,49,-9.029135704040527,32.642333984375,-21.78968048095703,-86.61698150634766,-6.224292755126953,49.32257080078125,0.23711483075268436
53,0,-14.780296325683594,83.52658081054688,-1.3574562072753906,-90.21454620361328,-6.9906206130981445,64.31275939941406,0.25588682687209907
53,1,-14.52565860748291,81.36164093017578,0.26682090759277344,-92.13095092773438,-7.365939140319824,65.78433227539062,0.2510298589444565
53,2,-14.057212829589844,77.3587417602539,-1.7386054992675781,-93.48841857910156,-7.385705947875977,67.87593078613281,0.25073780922879246
53,3,-14.637883186340332,74.86744689941406,-4.676883697509766,-93.02165985107422,-7.655393600463867,72.49124908447266,0.25378908670586564
53,4,-14.698725700378418,72.02787017822266,-8.628541946411133,-92.5169906616211,-7.544255256652832,72.0433349609375,0.25808223479043346
53,5,-14.586420059204102,67.02494812011719,-13.479071617126465,-92.70738983154297,-7.418816566467285,73.90426635742188,0.2615383639615559
53,6,-13.205909729003906,63.56886672973633,-21.964435577392578,-92.16801452636719,-6.563702583312988,79.26675415039062,0.2714501934372585
53,7,-12.837577819824219,63.20411682128906,-24.417869567871094,-92.58012390136719,-6.974636077880859,85.3110580444336,0.27473201457075547
53,8,-11.72547435760498,61.606346130371094,-25.469205856323242,-94.34471130371094,-7.03208065032959,85.01469421386719,0.2754492748772488
53,9,-10.605456352233887,61.07191848754883,-25.41779899597168,-95.20413208007812,-6.973566055297852,84.10623931884766,0.27516452823055687
53,10,-10.107404708862305,59.50784683227539,-27.50844955444336,-96.08771514892578,-6.86541748046875,83.54340362548828,0.2770509796054995
53,11,-9.962357521057129,58.241764068603516,-28.52235984802246,-97.08023834228516,-6.807568550109863,83.38211059570312,0.2776550806061169
53,12,-9.817127227783203,56.712650299072266,-29.362098693847656,-97.69730377197266,-6.681617736816406,83.16571044921875,0.27762248879858653
53,13,-9.068390846252441,55.11827850341797,-29.351099014282227,-97.78477478027344,-6.602212905883789,82.63204956054688,0.27608037660770013
53,14,-8.73330307006836,54.135128021240234,-29.41964340209961,-98.93273162841797,-6.652705192565918,82.09103393554688,0.275446060117268
53,15,-8.921879768371582,53.441585540771484,-28.937679290771484,-99.60693359375,-6.715546607971191,82.4861068725586,0.27406857346681496
53,16,-9.022340774536133,54.787288665771484,-26.78618812561035,-100.5365219116211,-6.954251289367676,81.36046600341797,0.2720173854121755
53,17,-9.271208763122559,53.46837615966797,-26.343101501464844,-101.89195251464844,-7.026775360107422,80.96005249023438,0.26981054311571606
53,18,-9.566744804382324,53.619388580322266,-24.56707763671875,-102.74268341064453,-6.94410514831543,80.3831787109375,0.266686362058593
53,19,-9.189833641052246,53.13701248168945,-22.96302032470703,-104.34820556640625,-6.942598342895508,80.00218200683594,0.26275690885619235
53,20,-8.98762321472168,51.289974212646484,-23.418785095214844,-104.35071563720703,-6.792548179626465,80.46430969238281,0.26136551994653967
53,21,-8.787346839904785,49.17844009399414,-24.458383560180664,-103.79563903808594,-6.580399513244629,79.32600402832031,0.2608987180612586
53,22,-8.747061729431152,49.79218673706055,-22.312541961669922,-104.031494140625,-6.594605445861816,79.13018798828125,0.25731569010479216
53,23,-9.028154373168945,48.762245178222656,-22.740646362304688,-103.93731689453125,-6.492422103881836,78.48928833007812,0.2568837113169234
53,24,-9.510820388793945,49.29035949707031,-22.76486587524414,-104.0644760131836,-6.556336402893066,76.91734313964844,0.25757978499629197
53,25,-9.347002029418945,48.94412612915039,-23.296825408935547,-104.35246276855469,-6.545244216918945,77.674560546875,0.2581325537406247
53,26,-9.667804718017578,48.00400161743164,-22.793563842773438,-105.3817138671875,-6.309597969055176,77.27743530273438,0.25553614523343227
53,27,-10.68320369720459,48.249183654785156,-23.12107276916504,-105.54633331298828,-6.464461326599121,77.18768310546875,0.2564912872078209
53,28,-10.40579605102539,47.75487518310547,-22.910568237304688,-106.89054870605469,-6.172656059265137,77.61534118652344,0.2548863809531741
53,29,-10.603508949279785,47.228355407714844,-24.42279052734375,-107.19462585449219,-6.256741523742676,77.1917724609375,0.257280962820561
53,30,-10.541645050048828,47.125831604003906,-24.342609405517578,-107.62288665771484,-6.138071060180664,77.29386901855469,0.25680982643026373
53,31,-11.088948249816895,46.30991744995117,-24.806781768798828,-107.44654083251953,-6.208904266357422,77.68251037597656,0.25675797379672194
53,32,-11.046573638916016,45.498634338378906,-24.65683937072754,-108.03720092773438,-6.131087303161621,79.31404113769531,0.2550880907659913
53,33,-11.271566390991211,44.52751159667969,-25.386110305786133,-108.34114074707031,-6.079239845275879,78.26931762695312,0.2551906813952366
53,34,-11.584424018859863,44.16129684448242,-24.937755584716797,-108.33172607421875,-6.180593490600586,78.90232849121094,0.2537080407069644
53,35,-11.464773178100586,42.5660400390625,-25.261432647705078,-109.11136627197266,-6.338911056518555,78.0511474609375,0.25179942225615454
53,36,-11.536111831665039,41.655967712402344,-25.60235023498535,-109.63115692138672,-6.434220314025879,77.27706909179688,0.25099276449513824
53,37,-11.3183012008667,41.22894287109375,-26.699426651000977,-109.03182220458984,-6.296806335449219,77.78660583496094,0.25309319660809
53,38,-11.407425880432129,41.37205505371094,-25.962966918945312,-109.10868835449219,-6.473213195800781,77.82342529296875,0.25163954388264514
53,39,-11.583629608154297,40.47747039794922,-27.013286590576172,-108.11434936523438,-6.110084533691406,77.11156463623047,0.2531001060702737
53,40,-11.713717460632324,40.14447784423828,-26.835294723510742,-108.29862976074219,-5.975530624389648,76.42723846435547,0.2521542953242388
53,41,-12.052886962890625,40.89768981933594,-26.588695526123047,-108.19367980957031,-6.118083953857422,74.04686737060547,0.2527432060677342
53,42,-12.672511100769043,41.252559661865234,-25.724905014038086,-108.65275573730469,-6.271181106567383,60.72067642211914,0.25115123734067996
53,43,-12.747591018676758,40.11181640625,-26.82416534423828,-108.60185241699219,-5.8904194831848145,57.90497589111328,0.2519470350840603
53,44,-13.304365158081055,40.2379035949707,-26.59040641784668,-108.48486328125,-5.926299095153809,58.433319091796875,0.2516685456462729
53,45,-14.59974193572998,41.975311279296875,-27.559593200683594,-107.47950744628906,-5.808493614196777,65.11695861816406,0.2566223911490919
53,46,-16.930116653442383,43.21842956542969,-29.62980842590332,-106.4263916015625,-4.816498756408691,70.93799591064453,0.2628629937906174
53,47,-18.370332717895508,42.36791229248047,-31.53403663635254,-105.29059600830078,-4.475576400756836,65.90641784667969,0.2656944561963572
53,48,-17.873218536376953,41.70706558227539,-31.480031967163086,-106.17417907714844,-4.753457069396973,65.2266616821289,0.2645831485720771
53,49,-9.029135704040527,32.642333984375,-21.78968048095703,-86.61698150634766,-6.224292755126953,49.32257080078125,0.23711483075268436
54,0,-14.780296325683594,83.52658081054688,-1.3574562072753906,-90.21454620361328,-6.9906206130981445,64.31275939941406,0.25588682687209907
54,1,-14.52565860748291,81.36164093017578,0.26682090759277344,-92.13095092773438,-7.365939140319824,65.78433227539062,0.2510298589444565
54,2,-14.057212829589844,77.3587417602539,-1.7386054992675781,-93.48841857910156,-7.385705947875977,67.87593078613281,0.25073780922879246
54,3,-14.637883186340332,74.86744689941406,-4.676883697509766,-93.02165985107422,-7.655393600463867,72.49124908447266,0.25378908670586564
54,4,-14.698725700378418,72.02787017822266,-8.628541946411133,-92.5169906616211,-7.544255256652832,72.0433349609375,0.25808223479043346
54,5,-14.586420059204102,67.02494812011719,-13.479071617126465,-92.70738983154297,-7.418816566467285,73.90426635742188,0.2615383639615559
54,6,-13.205909729003906,63.56886672973633,-21.964435577392578,-92.16801452636719,-6.563702583312988,79.26675415039062,0.2714501934372585
54,7,-12.837577819824219,63.20411682128906,-24.417869567871094,-92.58012390136719,-6.974636077880859,85.3110580444336,0.27473201457075547
54,8,-11.72547435760498,61.606346130371094,-25.469205856323242,-94.34471130371094,-7.03208065032959,85.01469421386719,0.2754492748772488
54,9,-10.605456352233887,61.07191848754883,-25.41779899597168,-95.20413208007812,-6.973566055297852,84.10623931884766,0.27516452823055687
54,10,-10.107404708862305,59.50784683227539,-27.50844955444336,-96.08771514892578,-6.86541748046875,83.54340362548828,0.2770509796054995
54,11,-9.962357521057129,58.241764068603516,-28.52235984802246,-97.08023834228516,-6.807568550109863,83.38211059570312,0.2776550806061169
54,12,-9.817127227783203,56.712650299072266,-29.362098693847656,-97.69730377197266,-6.681617736816406,83.16571044921875,0.27762248879858653
54,13,-9.068390846252441,55.11827850341797,-29.351099014282227,-97.78477478027344,-6.602212905883789,82.63204956054688,0.27608037660770013
54,14,-8.73330307006836,54.135128021240234,-29.41964340209961,-98.93273162841797,-6.652705192565918,82.09103393554688,0.275446060117268
54,15,-8.921879768371582,53.441585540771484,-28.937679290771484,-99.60693359375,-6.715546607971191,82.4861068725586,0.27406857346681496
54,16,-9.022340774536133,54.787288665771484,-26.78618812561035,-100.5365219116211,-6.954251289367676,81.36046600341797,0.2720173854121755
54,17,-9.271208763122559,53.46837615966797,-26.343101501464844,-101.89195251464844,-7.026775360107422,80.96005249023438,0.26981054311571606
54,18,-9.566744804382324,53.619388580322266,-24.56707763671875,-102.74268341064453,-6.94410514831543,80.3831787109375,0.266686362058593
54,19,-9.189833641052246,53.13701248168945,-22.96302032470703,-104.34820556640625,-6.942598342895508,80.00218200683594,0.26275690885619235
54,20,-8.98762321472168,51.289974212646484,-23.418785095214844,-104.35071563720703,-6.792548179626465,80.46430969238281,0.26136551994653967
54,21,-8.787346839904785,49.17844009399414,-24.458383560180664,-103.79563903808594,-6.580399513244629,79.32600402832031,0.2608987180612586
54,22,-8.747061729431152,49.79218673706055,-22.312541961669922,-104.031494140625,-6.594605445861816,79.13018798828125,0.25731569010479216
54,23,-9.028154373168945,48.762245178222656,-22.740646362304688,-103.93731689453125,-6.492422103881836,78.48928833007812,0.2568837113169234
54,24,-9.510820388793945,49.29035949707031,-22.76486587524414,-104.0644760131836,-6.556336402893066,76.91734313964844,0.25757978499629197
54,25,-9.347002029418945,48.94412612915039,-23.296825408935547,-104.35246276855469,-6.545244216918945,77.674560546875,0.2581325537406247
54,26,-9.667804718017578,48.00400161743164,-22.793563842773438,-105.3817138671875,-6.309597969055176,77.27743530273438,0.25553614523343227
54,27,-10.68320369720459,48.249183654785156,-23.12107276916504,-105.54633331298828,-6.464461326599121,77.18768310546875,0.2564912872078209
54,28,-10.40579605102539,47.75487518310547,-22.910568237304688,-106.89054870605469,-6.172656059265137,77.61534118652344,0.2548863809531741
54,29,-10.603508949279785,47.228355407714844,-24.42279052734375,-107.19462585449219,-6.256741523742676,77.1917724609375,0.257280962820561
54,30,-10.541645050048828,47.125831604003906,-24.342609405517578,-107.62288665771484,-6.138071060180664,77.29386901855469,0.25680982643026373
54,31,-11.088948249816895,46.30991744995117,-24.806781768798828,-107.44654083251953,-6.208904266357422,77.68251037597656,0.25675797379672194
54,32,-11.046573638916016,45.498634338378906,-24.65683937072754,-108.03720092773438,-6.131087303161621,79.31404113769531,0.2550880907659913
54,33,-11.271566390991211,44.52751159667969,-25.386110305786133,-108.34114074707031,-6.079239845275879,78.26931762695312,0.2551906813952366
54,34,-11.584424018859863,44.16129684448242,-24.937755584716797,-108.33172607421875,-6.180593490600586,78.90232849121094,0.2537080407069644
54,35,-11.464773178100586,42.5660400390625,-25.261432647705078,-109.11136627197266,-6.338911056518555,78.0511474609375,0.25179942225615454
54,36,-11.536111831665039,41.655967712402344,-25.60235023498535,-109.63115692138672,-6.434220314025879,77.27706909179688,0.25099276449513824
54,37,-11.3183012008667,41.22894287109375,-26.699426651000977,-109.03182220458984,-6.296806335449219,77.78660583496094,0.25309319660809
54,38,-11.407425880432129,41.37205505371094,-25.962966918945312,-109.10868835449219,-6.473213195800781,77.82342529296875,0.25163954388264514
54,39,-11.583629608154297,40.47747039794922,-27.013286590576172,-108.11434936523438,-6.110084533691406,77.11156463623047,0.2531001060702737
54,40,-11.713717460632324,40.14447784423828,-26.835294723510742,-108.29862976074219,-5.975530624389648,76.42723846435547,0.2521542953242388
54,41,-12.052886962890625,40.89768981933594,-26.588695526123047,-108.19367980957031,-6.118083953857422,74.04686737060547,0.2527432060677342
54,42,-12.672511100769043,41.252559661865234,-25.724905014038086,-108.65275573730469,-6.271181106567383,60.72067642211914,0.25115123734067996
54,43,-12.747591018676758,40.11181640625,-26.82416534423828,-108.60185241699219,-5.8904194831848145,57.90497589111328,0.2519470350840603
54,44,-13.304365158081055,40.2379035949707,-26.59040641784668,-108.48486328125,-5.926299095153809,58.433319091796875,0.2516685456462729
54,45,-14.59974193572998,41.975311279296875,-27.559593200683594,-107.47950744628906,-5.808493614196777,65.11695861816406,0.2566223911490919
54,46,-16.930116653442383,43.21842956542969,-29.62980842590332,-106.4263916015625,-4.816498756408691,70.93799591064453,0.2628629937906174
54,47,-18.370332717895508,42.36791229248047,-31.53403663635254,-105.29059600830078,-4.475576400756836,65.90641784667969,0.2656944561963572
54,48,-17.873218536376953,41.70706558227539,-31.480031967163086,-106.17417907714844,-4.753457069396973,65.2266616821289,0.2645831485720771
54,49,-9.029135704040527,32.642333984375,-21.78968048095703,-86.61698150634766,-6.224292755126953,49.32257080078125,0.23711483075268436
55,0,-14.780296325683594,83.52658081054688,-1.3574562072753906,-90.21454620361328,-6.9906206130981445,64.31275939941406,0.25588682687209907
55,1,-14.52565860748291,81.36164093017578,0.26682090759277344,-92.13095092773438,-7.365939140319824,65.78433227539062,0.2510298589444565
55,2,-14.057212829589844,77.3587417602539,-1.7386054992675781,-93.48841857910156,-7.385705947875977,67.87593078613281,0.25073780922879246
55,3,-14.637883186340332,74.86744689941406,-4.676883697509766,-93.02165985107422,-7.655393600463867,72.49124908447266,0.25378908670586564
55,4,-14.698725700378418,72.02787017822266,-8.628541946411133,-92.5169906616211,-7.544255256652832,72.0433349609375,0.25808223479043346
55,5,-14.586420059204102,67.02494812011719,-13.479071617126465,-92.70738983154297,-7.418816566467285,73.90426635742188,0.2615383639615559
55,6,-13.205909729003906,63.56886672973633,-21.964435577392578,-92.16801452636719,-6.563702583312988,79.26675415039062,0.2714501934372585
55,7,-12.837577819824219,63.20411682128906,-24.417869567871094,-92.58012390136719,-6.974636077880859,85.3110580444336,0.27473201457075547
55,8,-11.72547435760498,61.606346130371094,-25.469205856323242,-94.34471130371094,-7.03208065032959,85.01469421386719,0.2754492748772488
55,9,-10.605456352233887,61.07191848754883,-25.41779899597168,-95.20413208007812,-6.973566055297852,84.10623931884766,0.27516452823055687
55,10,-10.107404708862305,59.50784683227539,-27.50844955444336,-96.08771514892578,-6.86541748046875,83.54340362548828,0.2770509796054995
55,11,-9.962357521057129,58.241764068603516,-28.52235984802246,-97.08023834228516,-6.807568550109863,83.38211059570312,0.2776550806061169
55,12,-9.817127227783203,56.712650299072266,-29.362098693847656,-97.69730377197266,-6.681617736816406,83.16571044921875,0.27762248879858653
55,13,-9.068390846252441,55.11827850341797,-29.351099014282227,-97.78477478027344,-6.602212905883789,82.63204956054688,0.27608037660770013
55,14,-8.73330307006836,54.135128021240234,-29.41964340209961,-98.93273162841797,-6.652705192565918,82.09103393554688,0.275446060117268
55,15,-8.921879768371582,53.441585540771484,-28.937679290771484,-99.60693359375,-6.715546607971191,82.4861068725586,0.27406857346681496
55,16,-9.022340774536133,54.787288665771484,-26.78618812561035,-100.5365219116211,-6.954251289367676,81.36046600341797,0.2720173854121755
55,17,-9.271208763122559,53.46837615966797,-26.343101501464844,-101.89195251464844,-7.026775360107422,80.96005249023438,0.26981054311571606
55,18,-9.566744804382324,53.619388580322266,-24.56707763671875,-102.74268341064453,-6.94410514831543,80.3831787109375,0.266686362058593
55,19,-9.189833641052246,53.13701248168945,-22.96302032470703,-104.34820556640625,-6.942598342895508,80.00218200683594,0.26275690885619235
55,20,-8.98762321472168,51.289974212646484,-23.418785095214844,-104.35071563720703,-6.792548179626465,80.46430969238281,0.26136551994653967
55,21,-8.787346839904785,49.17844009399414,-24.458383560180664,-103.79563903808594,-6.580399513244629,79.32600402832031,0.2608987180612586
55,22,-8.747061729431152,49.79218673706055,-22.312541961669922,-104.031494140625,-6.594605445861816,79.13018798828125,0.25731569010479216
55,23,-9.028154373168945,48.762245178222656,-22.740646362304688,-103.93731689453125,-6.492422103881836,78.48928833007812,0.2568837113169234
55,24,-9.510820388793945,49.29035949707031,-22.76486587524414,-104.0644760131836,-6.556336402893066,76.91734313964844,0.25757978499629197
55,25,-9.347002029418945,48.94412612915039,-23.296825408935547,-104.35246276855469,-6.545244216918945,77.674560546875,0.2581325537406247
55,26,-9.667804718017578,48.00400161743164,-22.793563842773438,-105.3817138671875,-6.309597969055176,77.27743530273438,0.25553614523343227
55,27,-10.68320369720459,48.249183654785156,-23.12107276916504,-105.54633331298828,-6.464461326599121,77.18768310546875,0.2564912872078209
55,28,-10.40579605102539,47.75487518310547,-22.910568237304688,-106.89054870605469,-6.172656059265137,77.61534118652344,0.2548863809531741
55,29,-10.603508949279785,47.228355407714844,-24.42279052734375,-107.19462585449219,-6.256741523742676,77.1917724609375,0.257280962820561
55,30,-10.541645050048828,47.125831604003906,-24.342609405517578,-107.62288665771484,-6.138071060180664,77.29386901855469,0.25680982643026373
55,31,-11.088948249816895,46.30991744995117,-24.806781768798828,-107.44654083251953,-6.208904266357422,77.68251037597656,0.25675797379672194
55,32,-11.046573638916016,45.498634338378906,-24.65683937072754,-108.03720092773438,-6.131087303161621,79.31404113769531,0.2550880907659913
55,33,-11.271566390991211,44.52751159667969,-25.386110305786133,-108.34114074707031,-6.079239845275879,78.26931762695312,0.2551906813952366
55,34,-11.584424018859863,44.16129684448242,-24.937755584716797,-108.33172607421875,-6.180593490600586,78.90232849121094,0.2537080407069644
55,35,-11.464773178100586,42.5660400390625,-25.261432647705078,-109.11136627197266,-6.338911056518555,78.0511474609375,0.25179942225615454
55,36,-11.536111831665039,41.655967712402344,-25.60235023498535,-109.63115692138672,-6.434220314025879,77.27706909179688,0.25099276449513824
55,37,-11.3183012008667,41.22894287109375,-26.699426651000977,-109.03182220458984,-6.296806335449219,77.78660583496094,0.25309319660809
55,38,-11.407425880432129,41.37205505371094,-25.962966918945312,-109.10868835449219,-6.473213195800781,77.82342529296875,0.25163954388264514
55,39,-11.583629608154297,40.47747039794922,-27.013286590576172,-108.11434936523438,-6.110084533691406,77.11156463623047,0.2531001060702737
55,40,-11.713717460632324,40.14447784423828,-26.835294723510742,-108.29862976074219,-5.975530624389648,76.42723846435547,0.2521542953242388
55,41,-12.052886962890625,40.89768981933594,-26.588695526123047,-108.19367980957031,-6.118083953857422,74.04686737060547,0.2527432060677342
55,42,-12.672511100769043,41.252559661865234,-25.724905014038086,-108.65275573730469,-6.271181106567383,60.72067642211914,0.25115123734067996
55,43,-12.747591018676758,40.11181640625,-26.82416534423828,-108.60185241699219,-5.8904194831848145,57.90497589111328,0.2519470350840603
55,44,-13.304365158081055,40.2379035949707,-26.59040641784668,-108.48486328125,-5.926299095153809,58.433319091796875,0.2516685456462729
55,45,-14.59974193572998,41.975311279296875,-27.559593200683594,-107.47950744628906,-5.808493614196777,65.11695861816406,0.2566223911490919
55,46,-16.930116653442383,43.21842956542969,-29.62980842590332,-106.4263916015625,-4.816498756408691,70.93799591064453,0.2628629937906174
55,47,-18.370332717895508,42.36791229248047,-31.53403663635254,-105.29059600830078,-4.475576400756836,65.90641784667969,0.2656944561963572
55,48,-17.873218536376953,41.70706558227539,-31.480031967163086,-106.17417907714844,-4.753457069396973,65.2266616821289,0.2645831485720771
55,49,-9.029135704040527,32.642333984375,-21.78968048095703,-86.61698150634766,-6.224292755126953,49.32257080078125,0.23711483075268436
56,0,-14.780296325683594,83.52658081054688,-1.3574562072753906,-90.21454620361328,-6.9906206130981445,64.31275939941406,0.25588682687209907
56,1,-14.52565860748291,81.36164093017578,0.26682090759277344,-92.13095092773438,-7.365939140319824,65.78433227539062,0.2510298589444565
56,2,-14.057212829589844,77.3587417602539,-1.7386054992675781,-93.48841857910156,-7.385705947875977,67.87593078613281,0.25073780922879246
56,3,-14.637883186340332,74.86744689941406,-4.676883697509766,-93.02165985107422,-7.655393600463867,72.49124908447266,0.25378908670586564
56,4,-14.698725700378418,72.02787017822266,-8.628541946411133,-92.5169906616211,-7.544255256652832,72.0433349609375,0.25808223479043346
56,5,-14.586420059204102,67.02494812011719,-13.479071617126465,-92.70738983154297,-7.418816566467285,73.90426635742188,0.2615383639615559
56,6,-13.205909729003906,63.56886672973633,-21.964435577392578,-92.16801452636719,-6.563702583312988,79.26675415039062,0.2714501934372585
56,7,-12.837577819824219,63.20411682128906,-24.417869567871094,-92.58012390136719,-6.974636077880859,85.3110580444336,0.27473201457075547
56,8,-11.72547435760498,61.606346130371094,-25.469205856323242,-94.34471130371094,-7.03208065032959,85.01469421386719,0.2754492748772488
56,9,-10.605456352233887,61.07191848754883,-25.41779899597168,-95.20413208007812,-6.973566055297852,84.10623931884766,0.27516452823055687
56,10,-10.107404708862305,59.50784683227539,-27.50844955444336,-96.08771514892578,-6.86541748046875,83.54340362548828,0.2770509796054995
56,11,-9.962357521057129,58.241764068603516,-28.52235984802246,-97.08023834228516,-6.807568550109863,83.38211059570312,0.2776550806061169
56,12,-9.817127227783203,56.712650299072266,-29.362098693847656,-97.69730377197266,-6.681617736816406,83.16571044921875,0.27762248879858653
56,13,-9.068390846252441,55.11827850341797,-29.351099014282227,-97.78477478027344,-6.602212905883789,82.63204956054688,0.27608037660770013
56,14,-8.73330307006836,54.135128021240234,-29.41964340209961,-98.93273162841797,-6.652705192565918,82.09103393554688,0.275446060117268
56,15,-8.921879768371582,53.441585540771484,-28.937679290771484,-99.60693359375,-6.715546607971191,82.4861068725586,0.27406857346681496
56,16,-9.022340774536133,54.787288665771484,-26.78618812561035,-100.5365219116211,-6.954251289367676,81.36046600341797,0.2720173854121755
56,17,-9.271208763122559,53.46837615966797,-26.343101501464844,-101.89195251464844,-7.026775360107422,80.96005249023438,0.26981054311571606
56,18,-9.566744804382324,53.619388580322266,-24.56707763671875,-102.74268341064453,-6.94410514831543,80.3831787109375,0.266686362058593
56,19,-9.189833641052246,53.13701248168945,-22.96302032470703,-104.34820556640625,-6.942598342895508,80.00218200683594,0.26275690885619235
56,20,-8.98762321472168,51.289974212646484,-23.418785095214844,-104.35071563720703,-6.792548179626465,80.46430969238281,0.26136551994653967
56,21,-8.787346839904785,49.17844009399414,-24.458383560180664,-103.79563903808594,-6.580399513244629,79.32600402832031,0.2608987180612586
56,22,-8.747061729431152,49.79218673706055,-22.312541961669922,-104.031494140625,-6.594605445861816,79.13018798828125,0.25731569010479216
56,23,-9.028154373168945,48.762245178222656,-22.740646362304688,-103.93731689453125,-6.492422103881836,78.48928833007812,0.2568837113169234
56,24,-9.510820388793945,49.29035949707031,-22.76486587524414,-104.0644760131836,-6.556336402893066,76.91734313964844,0.25757978499629197
56,25,-9.347002029418945,48.94412612915039,-23.296825408935547,-104.35246276855469,-6.545244216918945,77.674560546875,0.2581325537406247
56,26,-9.667804718017578,48.00400161743164,-22.793563842773438,-105.3817138671875,-6.309597969055176,77.27743530273438,0.25553614523343227
56,27,-10.68320369720459,48.249183654785156,-23.12107276916504,-105.54633331298828,-6.464461326599121,77.18768310546875,0.2564912872078209
56,28,-10.40579605102539,47.75487518310547,-22.910568237304688,-106.89054870605469,-6.172656059265137,77.61534118652344,0.2548863809531741
56,29,-10.603508949279785,47.228355407714844,-24.42279052734375,-107.19462585449219,-6.256741523742676,77.1917724609375,0.257280962820561
56,30,-10.541645050048828,47.125831604003906,-24.342609405517578,-107.62288665771484,-6.138071060180664,77.29386901855469,0.25680982643026373
56,31,-11.088948249816895,46.30991744995117,-24.806781768798828,-107.44654083251953,-6.208904266357422,77.68251037597656,0.25675797379672194
56,32,-11.046573638916016,45.498634338378906,-24.65683937072754,-108.03720092773438,-6.131087303161621,79.31404113769531,0.2550880907659913
56,33,-11.271566390991211,44.52751159667969,-25.386110305786133,-108.34114074707031,-6.079239845275879,78.26931762695312,0.2551906813952366
56,34,-11.584424018859863,44.16129684448242,-24.937755584716797,-108.33172607421875,-6.180593490600586,78.90232849121094,0.2537080407069644
56,35,-11.464773178100586,42.5660400390625,-25.261432647705078,-109.11136627197266,-6.338911056518555,78.0511474609375,0.25179942225615454
56,36,-11.536111831665039,41.655967712402344,-25.60235023498535,-109.63115692138672,-6.434220314025879,77.27706909179688,0.25099276449513824
56,37,-11.3183012008667,41.22894287109375,-26.699426651000977,-109.03182220458984,-6.296806335449219,77.78660583496094,0.25309319660809
56,38,-11.407425880432129,41.37205505371094,-25.962966918945312,-109.10868835449219,-6.473213195800781,77.82342529296875,0.25163954388264514
56,39,-11.583629608154297,40.47747039794922,-27.013286590576172,-108.11434936523438,-6.110084533691406,77.11156463623047,0.2531001060702737
56,40,-11.713717460632324,40.14447784423828,-26.835294723510742,-108.29862976074219,-5.975530624389648,76.42723846435547,0.2521542953242388
56,41,-12.052886962890625,40.89768981933594,-26.588695526123047,-108.19367980957031,-6.118083953857422,74.04686737060547,0.2527432060677342
56,42,-12.672511100769043,41.252559661865234,-25.724905014038086,-108.65275573730469,-6.271181106567383,60.72067642211914,0.25115123734067996
56,43,-12.747591018676758,40.11181640625,-26.82416534423828,-108.60185241699219,-5.8904194831848145,57.90497589111328,0.2519470350840603
56,44,-13.304365158081055,40.2379035949707,-26.59040641784668,-108.48486328125,-5.926299095153809,58.433319091796875,0.2516685456462729
56,45,-14.59974193572998,41.975311279296875,-27.559593200683594,-107.47950744628906,-5.808493614196777,65.11695861816406,0.2566223911490919
56,46,-16.930116653442383,43.21842956542969,-29.62980842590332,-106.4263916015625,-4.816498756408691,70.93799591064453,0.2628629937906174
56,47,-18.370332717895508,42.36791229248047,-31.53403663635254,-105.29059600830078,-4.475576400756836,65.90641784667969,0.2656944561963572
56,48,-17.873218536376953,41.70706558227539,-31.480031967163086,-106.17417907714844,-4.753457069396973,65.2266616821289,0.2645831485720771
56,49,-9.029135704040527,32.642333984375,-21.78968048095703,-86.61698150634766,-6.224292755126953,49.32257080078125,0.23711483075268436
57,0,-14.780296325683594,83.52658081054688,-1.3574562072753906,-90.21454620361328,-6.9906206130981445,64.31275939941406,0.25588682687209907
57,1,-14.52565860748291,81.36164093017578,0.26682090759277344,-92.13095092773438,-7.365939140319824,65.78433227539062,0.2510298589444565
57,2,-14.057212829589844,77.3587417602539,-1.7386054992675781,-93.48841857910156,-7.385705947875977,67.87593078613281,0.25073780922879246
57,3,-14.637883186340332,74.86744689941406,-4.676883697509766,-93.02165985107422,-7.655393600463867,72.49124908447266,0.25378908670586564
57,4,-14.698725700378418,72.02787017822266,-8.628541946411133,-92.5169906616211,-7.544255256652832,72.0433349609375,0.25808223479043346
57,5,-14.586420059204102,67.02494812011719,-13.479071617126465,-92.70738983154297,-7.418816566467285,73.90426635742188,0.2615383639615559
57,6,-13.205909729003906,63.56886672973633,-21.964435577392578,-92.16801452636719,-6.563702583312988,79.26675415039062,0.2714501934372585
57,7,-12.837577819824219,63.20411682128906,-24.417869567871094,-92.58012390136719,-6.974636077880859,85.3110580444336,0.27473201457075547
57,8,-11.72547435760498,61.606346130371094,-25.469205856323242,-94.34471130371094,-7.03208065032959,85.01469421386719,0.2754492748772488
57,9,-10.605456352233887,61.07191848754883,-25.41779899597168,-95.20413208007812,-6.973566055297852,84.10623931884766,0.27516452823055687
57,10,-10.107404708862305,59.50784683227539,-27.50844955444336,-96.08771514892578,-6.86541748046875,83.54340362548828,0.2770509796054995
57,11,-9.962357521057129,58.241764068603516,-28.52235984802246,-97.08023834228516,-6.807568550109863,83.38211059570312,0.2776550806061169
57,12,-9.817127227783203,56.712650299072266,-29.362098693847656,-97.69730377197266,-6.681617736816406,83.16571044921875,0.27762248879858653
57,13,-9.068390846252441,55.11827850341797,-29.351099014282227,-97.78477478027344,-6.602212905883789,82.63204956054688,0.27608037660770013
57,14,-8.73330307006836,54.135128021240234,-29.41964340209961,-98.93273162841797,-6.652705192565918,82.09103393554688,0.275446060117268
57,15,-8.921879768371582,53.441585540771484,-28.937679290771484,-99.60693359375,-6.715546607971191,82.4861068725586,0.27406857346681496
57,16,-9.022340774536133,54.787288665771484,-26.78618812561035,-100.5365219116211,-6.954251289367676,81.36046600341797,0.2720173854121755
57,17,-9.271208763122559,53.46837615966797,-26.343101501464844,-101.89195251464844,-7.026775360107422,80.96005249023438,0.26981054311571606
57,18,-9.566744804382324,53.619388580322266,-24.56707763671875,-102.74268341064453,-6.94410514831543,80.3831787109375,0.266686362058593
57,19,-9.189833641052246,53.13701248168945,-22.96302032470703,-104.34820556640625,-6.942598342895508,80.00218200683594,0.26275690885619235
57,20,-8.98762321472168,51.289974212646484,-23.418785095214844,-104.35071563720703,-6.792548179626465,80.46430969238281,0.26136551994653967
57,21,-8.787346839904785,49.17844009399414,-24.458383560180664,-103.79563903808594,-6.580399513244629,79.32600402832031,0.2608987180612586
57,22,-8.747061729431152,49.79218673706055,-22.312541961669922,-104.031494140625,-6.594605445861816,79.13018798828125,0.25731569010479216
57,23,-9.028154373168945,48.762245178222656,-22.740646362304688,-103.93731689453125,-6.492422103881836,78.48928833007812,0.2568837113169234
57,24,-9.510820388793945,49.29035949707031,-22.76486587524414,-104.0644760131836,-6.556336402893066,76.91734313964844,0.25757978499629197
57,25,-9.347002029418945,48.94412612915039,-23.296825408935547,-104.35246276855469,-6.545244216918945,77.674560546875,0.2581325537406247
57,26,-9.667804718017578,48.00400161743164,-22.793563842773438,-105.3817138671875,-6.309597969055176,77.27743530273438,0.25553614523343227
57,27,-10.68320369720459,48.249183654785156,-23.12107276916504,-105.54633331298828,-6.464461326599121,77.18768310546875,0.2564912872078209
57,28,-10.40579605102539,47.75487518310547,-22.910568237304688,-106.89054870605469,-6.172656059265137,77.61534118652344,0.2548863809531741
57,29,-10.603508949279785,47.228355407714844,-24.42279052734375,-107.19462585449219,-6.256741523742676,77.1917724609375,0.257280962820561
57,30,-10.541645050048828,47.125831604003906,-24.342609405517578,-107.62288665771484,-6.138071060180664,77.29386901855469,0.25680982643026373
57,31,-11.088948249816895,46.30991744995117,-24.806781768798828,-107.44654083251953,-6.208904266357422,77.68251037597656,0.25675797379672194
57,32,-11.046573638916016,45.498634338378906,-24.65683937072754,-108.03720092773438,-6.131087303161621,79.31404113769531,0.2550880907659913
57,33,-11.271566390991211,44.52751159667969,-25.386110305786133,-108.34114074707031,-6.079239845275879,78.26931762695312,0.2551906813952366
57,34,-11.584424018859863,44.16129684448242,-24.937755584716797,-108.33172607421875,-6.180593490600586,78.90232849121094,0.2537080407069644
57,35,-11.464773178100586,42.5660400390625,-25.261432647705078,-109.11136627197266,-6.338911056518555,78.0511474609375,0.25179942225615454
57,36,-11.536111831665039,41.655967712402344,-25.60235023498535,-109.63115692138672,-6.434220314025879,77.27706909179688,0.25099276449513824
57,37,-11.3183012008667,41.22894287109375,-26.699426651000977,-109.03182220458984,-6.296806335449219,77.78660583496094,0.25309319660809
57,38,-11.407425880432129,41.37205505371094,-25.962966918945312,-109.10868835449219,-6.473213195800781,77.82342529296875,0.25163954388264514
57,39,-11.583629608154297,40.47747039794922,-27.013286590576172,-108.11434936523438,-6.110084533691406,77.11156463623047,0.2531001060702737
57,40,-11.713717460632324,40.14447784423828,-26.835294723510742,-108.29862976074219,-5.975530624389648,76.42723846435547,0.2521542953242388
57,41,-12.052886962890625,40.89768981933594,-26.588695526123047,-108.19367980957031,-6.118083953857422,74.04686737060547,0.2527432060677342
57,42,-12.672511100769043,41.252559661865234,-25.724905014038086,-108.65275573730469,-6.271181106567383,60.72067642211914,0.25115123734067996
57,43,-12.747591018676758,40.11181640625,-26.82416534423828,-108.60185241699219,-5.8904194831848145,57.90497589111328,0.2519470350840603
57,44,-13.304365158081055,40.2379035949707,-26.59040641784668,-108.48486328125,-5.926299095153809,58.433319091796875,0.2516685456462729
57,45,-14.59974193572998,41.975311279296875,-27.559593200683594,-107.47950744628906,-5.808493614196777,65.11695861816406,0.2566223911490919
57,46,-16.930116653442383,43.21842956542969,-29.62980842590332,-106.4263916015625,-4.816498756408691,70.93799591064453,0.2628629937906174
57,47,-18.370332717895508,42.36791229248047,-31.53403663635254,-105.29059600830078,-4.475576400756836,65.90641784667969,0.2656944561963572
57,48,-17.873218536376953,41.70706558227539,-31.480031967163086,-106.17417907714844,-4.753457069396973,65.2266616821289,0.2645831485720771
57,49,-9.029135704040527,32.642333984375,-21.78968048095703,-86.61698150634766,-6.224292755126953,49.32257080078125,0.23711483075268436
58,0,-14.780296325683594,83.52658081054688,-1.3574562072753906,-90.21454620361328,-6.9906206130981445,64.31275939941406,0.25588682687209907
58,1,-14.52565860748291,81.36164093017578,0.26682090759277344,-92.13095092773438,-7.365939140319824,65.78433227539062,0.2510298589444565
58,2,-14.057212829589844,77.3587417602539,-1.7386054992675781,-93.48841857910156,-7.385705947875977,67.87593078613281,0.25073780922879246
58,3,-14.637883186340332,74.86744689941406,-4.676883697509766,-93.02165985107422,-7.655393600463867,72.49124908447266,0.25378908670586564
58,4,-14.698725700378418,72.02787017822266,-8.628541946411133,-92.5169906616211,-7.544255256652832,72.0433349609375,0.25808223479043346
58,5,-14.586420059204102,67.02494812011719,-13.479071617126465,-92.70738983154297,-7.418816566467285,73.90426635742188,0.2615383639615559
58,6,-13.205909729003906,63.56886672973633,-21.964435577392578,-92.16801452636719,-6.563702583312988,79.26675415039062,0.2714501934372585
58,7,-12.837577819824219,63.20411682128906,-24.417869567871094,-92.58012390136719,-6.974636077880859,85.3110580444336,0.27473201457075547
58,8,-11.72547435760498,61.606346130371094,-25.469205856323242,-94.34471130371094,-7.03208065032959,85.01469421386719,0.2754492748772488
58,9,-10.605456352233887,61.07191848754883,-25.41779899597168,-95.20413208007812,-6.973566055297852,84.10623931884766,0.27516452823055687
58,10,-10.107404708862305,59.50784683227539,-27.50844955444336,-96.08771514892578,-6.86541748046875,83.54340362548828,0.2770509796054995
58,11,-9.962357521057129,58.241764068603516,-28.52235984802246,-97.08023834228516,-6.807568550109863,83.38211059570312,0.2776550806061169
58,12,-9.817127227783203,56.712650299072266,-29.362098693847656,-97.69730377197266,-6.681617736816406,83.16571044921875,0.27762248879858653
58,13,-9.068390846252441,55.11827850341797,-29.351099014282227,-97.78477478027344,-6.602212905883789,82.63204956054688,0.27608037660770013
58,14,-8.73330307006836,54.135128021240234,-29.41964340209961,-98.93273162841797,-6.652705192565918,82.09103393554688,0.275446060117268
58,15,-8.921879768371582,53.441585540771484,-28.937679290771484,-99.60693359375,-6.715546607971191,82.4861068725586,0.27406857346681496
58,16,-9.022340774536133,54.787288665771484,-26.78618812561035,-100.5365219116211,-6.954251289367676,81.36046600341797,0.2720173854121755
58,17,-9.271208763122559,53.46837615966797,-26.343101501464844,-101.89195251464844,-7.026775360107422,80.96005249023438,0.26981054311571606
58,18,-9.566744804382324,53.619388580322266,-24.56707763671875,-102.74268341064453,-6.94410514831543,80.3831787109375,0.266686362058593
58,19,-9.189833641052246,53.13701248168945,-22.96302032470703,-104.34820556640625,-6.942598342895508,80.00218200683594,0.26275690885619235
58,20,-8.98762321472168,51.289974212646484,-23.418785095214844,-104.35071563720703,-6.792548179626465,80.46430969238281,0.26136551994653967
58,21,-8.787346839904785,49.17844009399414,-24.458383560180664,-103.79563903808594,-6.580399513244629,79.32600402832031,0.2608987180612586
58,22,-8.747061729431152,49.79218673706055,-22.312541961669922,-104.031494140625,-6.594605445861816,79.13018798828125,0.25731569010479216
58,23,-9.028154373168945,48.762245178222656,-22.740646362304688,-103.93731689453125,-6.492422103881836,78.48928833007812,0.2568837113169234
58,24,-9.510820388793945,49.29035949707031,-22.76486587524414,-104.0644760131836,-6.556336402893066,76.91734313964844,0.25757978499629197
58,25,-9.347002029418945,48.94412612915039,-23.296825408935547,-104.35246276855469,-6.545244216918945,77.674560546875,0.2581325537406247
58,26,-9.667804718017578,48.00400161743164,-22.793563842773438,-105.3817138671875,-6.309597969055176,77.27743530273438,0.25553614523343227
58,27,-10.68320369720459,48.249183654785156,-23.12107276916504,-105.54633331298828,-6.464461326599121,77.18768310546875,0.2564912872078209
58,28,-10.40579605102539,47.75487518310547,-22.910568237304688,-106.89054870605469,-6.172656059265137,77.61534118652344,0.2548863809531741
58,29,-10.603508949279785,47.228355407714844,-24.42279052734375,-107.19462585449219,-6.256741523742676,77.1917724609375,0.257280962820561
58,30,-10.541645050048828,47.125831604003906,-24.342609405517578,-107.62288665771484,-6.138071060180664,77.29386901855469,0.25680982643026373
58,31,-11.088948249816895,46.30991744995117,-24.806781768798828,-107.44654083251953,-6.208904266357422,77.68251037597656,0.25675797379672194
58,32,-11.046573638916016,45.498634338378906,-24.65683937072754,-108.03720092773438,-6.131087303161621,79.31404113769531,0.2550880907659913
58,33,-11.271566390991211,44.52751159667969,-25.386110305786133,-108.34114074707031,-6.079239845275879,78.26931762695312,0.2551906813952366
58,34,-11.584424018859863,44.16129684448242,-24.937755584716797,-108.33172607421875,-6.180593490600586,78.90232849121094,0.2537080407069644
58,35,-11.464773178100586,42.5660400390625,-25.261432647705078,-109.11136627197266,-6.338911056518555,78.0511474609375,0.25179942225615454
58,36,-11.536111831665039,41.655967712402344,-25.60235023498535,-109.63115692138672,-6.434220314025879,77.27706909179688,0.25099276449513824
58,37,-11.3183012008667,41.22894287109375,-26.699426651000977,-109.03182220458984,-6.296806335449219,77.78660583496094,0.25309319660809
58,38,-11.407425880432129,41.37205505371094,-25.962966918945312,-109.10868835449219,-6.473213195800781,77.82342529296875,0.25163954388264514
58,39,-11.583629608154297,40.47747039794922,-27.013286590576172,-108.11434936523438,-6.110084533691406,77.11156463623047,0.2531001060702737
58,40,-11.713717460632324,40.14447784423828,-26.835294723510742,-108.29862976074219,-5.975530624389648,76.42723846435547,0.2521542953242388
58,41,-12.052886962890625,40.89768981933594,-26.588695526123047,-108.19367980957031,-6.118083953857422,74.04686737060547,0.2527432060677342
58,42,-12.672511100769043,41.252559661865234,-25.724905014038086,-108.65275573730469,-6.271181106567383,60.72067642211914,0.25115123734067996
58,43,-12.747591018676758,40.11181640625,-26.82416534423828,-108.60185241699219,-5.8904194831848145,57.90497589111328,0.2519470350840603
58,44,-13.304365158081055,40.2379035949707,-26.59040641784668,-108.48486328125,-5.926299095153809,58.433319091796875,0.2516685456462729
58,45,-14.59974193572998,41.975311279296875,-27.559593200683594,-107.47950744628906,-5.808493614196777,65.11695861816406,0.2566223911490919
58,46,-16.930116653442383,43.21842956542969,-29.62980842590332,-106.4263916015625,-4.816498756408691,70.93799591064453,0.2628629937906174
58,47,-18.370332717895508,42.36791229248047,-31.53403663635254,-105.29059600830078,-4.475576400756836,65.90641784667969,0.2656944561963572
58,48,-17.873218536376953,41.70706558227539,-31.480031967163086,-106.17417907714844,-4.753457069396973,65.2266616821289,0.2645831485720771
58,49,-9.029135704040527,32.642333984375,-21.78968048095703,-86.61698150634766,-6.224292755126953,49.32257080078125,0.23711483075268436
59,0,-14.780296325683594,83.52658081054688,-1.3574562072753906,-90.21454620361328,-6.9906206130981445,64.31275939941406,0.25588682687209907
59,1,-14.52565860748291,81.36164093017578,0.26682090759277344,-92.13095092773438,-7.365939140319824,65.78433227539062,0.2510298589444565
59,2,-14.057212829589844,77.3587417602539,-1.7386054992675781,-93.48841857910156,-7.385705947875977,67.87593078613281,0.25073780922879246
59,3,-14.637883186340332,74.86744689941406,-4.676883697509766,-93.02165985107422,-7.655393600463867,72.49124908447266,0.25378908670586564
59,4,-14.698725700378418,72.02787017822266,-8.628541946411133,-92.5169906616211,-7.544255256652832,72.0433349609375,0.25808223479043346
59,5,-14.586420059204102,67.02494812011719,-13.479071617126465,-92.70738983154297,-7.418816566467285,73.90426635742188,0.2615383639615559
59,6,-13.205909729003906,63.56886672973633,-21.964435577392578,-92.16801452636719,-6.563702583312988,79.26675415039062,0.2714501934372585
59,7,-12.837577819824219,63.20411682128906,-24.417869567871094,-92.58012390136719,-6.974636077880859,85.3110580444336,0.27473201457075547
59,8,-11.72547435760498,61.606346130371094,-25.469205856323242,-94.34471130371094,-7.03208065032959,85.01469421386719,0.2754492748772488
59,9,-10.605456352233887,61.07191848754883,-25.41779899597168,-95.20413208007812,-6.973566055297852,84.10623931884766,0.27516452823055687
59,10,-10.107404708862305,59.50784683227539,-27.50844955444336,-96.08771514892578,-6.86541748046875,83.54340362548828,0.2770509796054995
59,11,-9.962357521057129,58.241764068603516,-28.52235984802246,-97.08023834228516,-6.807568550109863,83.38211059570312,0.2776550806061169
59,12,-9.817127227783203,56.712650299072266,-29.362098693847656,-97.69730377197266,-6.681617736816406,83.16571044921875,0.27762248879858653
59,13,-9.068390846252441,55.11827850341797,-29.351099014282227,-97.78477478027344,-6.602212905883789,82.63204956054688,0.27608037660770013
59,14,-8.73330307006836,54.135128021240234,-29.41964340209961,-98.93273162841797,-6.652705192565918,82.09103393554688,0.275446060117268
59,15,-8.921879768371582,53.441585540771484,-28.937679290771484,-99.60693359375,-6.715546607971191,82.4861068725586,0.27406857346681496
59,16,-9.022340774536133,54.787288665771484,-26.78618812561035,-100.5365219116211,-6.954251289367676,81.36046600341797,0.2720173854121755
59,17,-9.271208763122559,53.46837615966797,-26.343101501464844,-101.89195251464844,-7.026775360107422,80.96005249023438,0.26981054311571606
59,18,-9.566744804382324,53.619388580322266,-24.56707763671875,-102.74268341064453,-6.94410514831543,80.3831787109375,0.266686362058593
59,19,-9.189833641052246,53.13701248168945,-22.96302032470703,-104.34820556640625,-6.942598342895508,80.00218200683594,0.26275690885619235
59,20,-8.98762321472168,51.289974212646484,-23.418785095214844,-104.35071563720703,-6.792548179626465,80.46430969238281,0.26136551994653967
59,21,-8.787346839904785,49.17844009399414,-24.458383560180664,-103.79563903808594,-6.580399513244629,79.32600402832031,0.2608987180612586
59,22,-8.747061729431152,49.79218673706055,-22.312541961669922,-104.031494140625,-6.594605445861816,79.13018798828125,0.25731569010479216
59,23,-9.028154373168945,48.762245178222656,-22.740646362304688,-103.93731689453125,-6.492422103881836,78.48928833007812,0.2568837113169234
59,24,-9.510820388793945,49.29035949707031,-22.76486587524414,-104.0644760131836,-6.556336402893066,76.91734313964844,0.25757978499629197
59,25,-9.347002029418945,48.94412612915039,-23.296825408935547,-104.35246276855469,-6.545244216918945,77.674560546875,0.2581325537406247
59,26,-9.667804718017578,48.00400161743164,-22.793563842773438,-105.3817138671875,-6.309597969055176,77.27743530273438,0.25553614523343227
59,27,-10.68320369720459,48.249183654785156,-23.12107276916504,-105.54633331298828,-6.464461326599121,77.18768310546875,0.2564912872078209
59,28,-10.40579605102539,47.75487518310547,-22.910568237304688,-106.89054870605469,-6.172656059265137,77.61534118652344,0.2548863809531741
59,29,-10.603508949279785,47.228355407714844,-24.42279052734375,-107.19462585449219,-6.256741523742676,77.1917724609375,0.257280962820561
59,30,-10.541645050048828,47.125831604003906,-24.342609405517578,-107.62288665771484,-6.138071060180664,77.29386901855469,0.25680982643026373
59,31,-11.088948249816895,46.30991744995117,-24.806781768798828,-107.44654083251953,-6.208904266357422,77.68251037597656,0.25675797379672194
59,32,-11.046573638916016,45.498634338378906,-24.65683937072754,-108.03720092773438,-6.131087303161621,79.31404113769531,0.2550880907659913
59,33,-11.271566390991211,44.52751159667969,-25.386110305786133,-108.34114074707031,-6.079239845275879,78.26931762695312,0.2551906813952366
59,34,-11.584424018859863,44.16129684448242,-24.937755584716797,-108.33172607421875,-6.180593490600586,78.90232849121094,0.2537080407069644
59,35,-11.464773178100586,42.5660400390625,-25.261432647705078,-109.11136627197266,-6.338911056518555,78.0511474609375,0.25179942225615454
59,36,-11.536111831665039,41.655967712402344,-25.60235023498535,-109.63115692138672,-6.434220314025879,77.27706909179688,0.25099276449513824
59,37,-11.3183012008667,41.22894287109375,-26.699426651000977,-109.03182220458984,-6.296806335449219,77.78660583496094,0.25309319660809
59,38,-11.407425880432129,41.37205505371094,-25.962966918945312,-109.10868835449219,-6.473213195800781,77.82342529296875,0.25163954388264514
59,39,-11.583629608154297,40.47747039794922,-27.013286590576172,-108.11434936523438,-6.110084533691406,77.11156463623047,0.2531001060702737
59,40,-11.713717460632324,40.14447784423828,-26.835294723510742,-108.29862976074219,-5.975530624389648,76.42723846435547,0.2521542953242388
59,41,-12.052886962890625,40.89768981933594,-26.588695526123047,-108.19367980957031,-6.118083953857422,74.04686737060547,0.2527432060677342
59,42,-12.672511100769043,41.252559661865234,-25.724905014038086,-108.65275573730469,-6.271181106567383,60.72067642211914,0.25115123734067996
59,43,-12.747591018676758,40.11181640625,-26.82416534423828,-108.60185241699219,-5.8904194831848145,57.90497589111328,0.2519470350840603
59,44,-13.304365158081055,40.2379035949707,-26.59040641784668,-108.48486328125,-5.926299095153809,58.433319091796875,0.2516685456462729
59,45,-14.59974193572998,41.975311279296875,-27.559593200683594,-107.47950744628906,-5.808493614196777,65.11695861816406,0.2566223911490919
59,46,-16.930116653442383,43.21842956542969,-29.62980842590332,-106.4263916015625,-4.816498756408691,70.93799591064453,0.2628629937906174
59,47,-18.370332717895508,42.36791229248047,-31.53403663635254,-105.29059600830078,-4.475576400756836,65.90641784667969,0.2656944561963572
59,48,-17.873218536376953,41.70706558227539,-31.480031967163086,-106.17417907714844,-4.753457069396973,65.2266616821289,0.2645831485720771
59,49,-9.029135704040527,32.642333984375,-21.78968048095703,-86.61698150634766,-6.224292755126953,49.32257080078125,0.23711483075268436
60,0,-14.780296325683594,83.52658081054688,-1.3574562072753906,-90.21454620361328,-6.9906206130981445,64.31275939941406,0.25588682687209907
60,1,-14.52565860748291,81.36164093017578,0.26682090759277344,-92.13095092773438,-7.365939140319824,65.78433227539062,0.2510298589444565
60,2,-14.057212829589844,77.3587417602539,-1.7386054992675781,-93.48841857910156,-7.385705947875977,67.87593078613281,0.25073780922879246
60,3,-14.637883186340332,74.86744689941406,-4.676883697509766,-93.02165985107422,-7.655393600463867,72.49124908447266,0.25378908670586564
60,4,-14.698725700378418,72.02787017822266,-8.628541946411133,-92.5169906616211,-7.544255256652832,72.0433349609375,0.25808223479043346
60,5,-14.586420059204102,67.02494812011719,-13.479071617126465,-92.70738983154297,-7.418816566467285,73.90426635742188,0.2615383639615559
60,6,-13.205909729003906,63.56886672973633,-21.964435577392578,-92.16801452636719,-6.563702583312988,79.26675415039062,0.2714501934372585
60,7,-12.837577819824219,63.20411682128906,-24.417869567871094,-92.58012390136719,-6.974636077880859,85.3110580444336,0.27473201457075547
60,8,-11.72547435760498,61.606346130371094,-25.469205856323242,-94.34471130371094,-7.03208065032959,85.01469421386719,0.2754492748772488
60,9,-10.605456352233887,61.07191848754883,-25.41779899597168,-95.20413208007812,-6.973566055297852,84.10623931884766,0.27516452823055687
60,10,-10.107404708862305,59.50784683227539,-27.50844955444336,-96.08771514892578,-6.86541748046875,83.54340362548828,0.2770509796054995
60,11,-9.962357521057129,58.241764068603516,-28.52235984802246,-97.08023834228516,-6.807568550109863,83.38211059570312,0.2776550806061169
60,12,-9.817127227783203,56.712650299072266,-29.362098693847656,-97.69730377197266,-6.681617736816406,83.16571044921875,0.27762248879858653
60,13,-9.068390846252441,55.11827850341797,-29.351099014282227,-97.78477478027344,-6.602212905883789,82.63204956054688,0.27608037660770013
60,14,-8.73330307006836,54.135128021240234,-29.41964340209961,-98.93273162841797,-6.652705192565918,82.09103393554688,0.275446060117268
60,15,-8.921879768371582,53.441585540771484,-28.937679290771484,-99.60693359375,-6.715546607971191,82.4861068725586,0.27406857346681496
60,16,-9.022340774536133,54.787288665771484,-26.78618812561035,-100.5365219116211,-6.954251289367676,81.36046600341797,0.2720173854121755
60,17,-9.271208763122559,53.46837615966797,-26.343101501464844,-101.89195251464844,-7.026775360107422,80.96005249023438,0.26981054311571606
60,18,-9.566744804382324,53.619388580322266,-24.56707763671875,-102.74268341064453,-6.94410514831543,80.3831787109375,0.266686362058593
60,19,-9.189833641052246,53.13701248168945,-22.96302032470703,-104.34820556640625,-6.942598342895508,80.00218200683594,0.26275690885619235
60,20,-8.98762321472168,51.289974212646484,-23.418785095214844,-104.35071563720703,-6.792548179626465,80.46430969238281,0.26136551994653967
60,21,-8.787346839904785,49.17844009399414,-24.458383560180664,-103.79563903808594,-6.580399513244629,79.32600402832031,0.2608987180612586
60,22,-8.747061729431152,49.79218673706055,-22.312541961669922,-104.031494140625,-6.594605445861816,79.13018798828125,0.25731569010479216
60,23,-9.028154373168945,48.762245178222656,-22.740646362304688,-103.93731689453125,-6.492422103881836,78.48928833007812,0.2568837113169234
60,24,-9.510820388793945,49.29035949707031,-22.76486587524414,-104.0644760131836,-6.556336402893066,76.91734313964844,0.25757978499629197
60,25,-9.347002029418945,48.94412612915039,-23.296825408935547,-104.35246276855469,-6.545244216918945,77.674560546875,0.2581325537406247
60,26,-9.667804718017578,48.00400161743164,-22.793563842773438,-105.3817138671875,-6.309597969055176,77.27743530273438,0.25553614523343227
60,27,-10.68320369720459,48.249183654785156,-23.12107276916504,-105.54633331298828,-6.464461326599121,77.18768310546875,0.2564912872078209
60,28,-10.40579605102539,47.75487518310547,-22.910568237304688,-106.89054870605469,-6.172656059265137,77.61534118652344,0.2548863809531741
60,29,-10.603508949279785,47.228355407714844,-24.42279052734375,-107.19462585449219,-6.256741523742676,77.1917724609375,0.257280962820561
60,30,-10.541645050048828,47.125831604003906,-24.342609405517578,-107.62288665771484,-6.138071060180664,77.29386901855469,0.25680982643026373
60,31,-11.088948249816895,46.30991744995117,-24.806781768798828,-107.44654083251953,-6.208904266357422,77.68251037597656,0.25675797379672194
60,32,-11.046573638916016,45.498634338378906,-24.65683937072754,-108.03720092773438,-6.131087303161621,79.31404113769531,0.2550880907659913
60,33,-11.271566390991211,44.52751159667969,-25.386110305786133,-108.34114074707031,-6.079239845275879,78.26931762695312,0.2551906813952366
60,34,-11.584424018859863,44.16129684448242,-24.937755584716797,-108.33172607421875,-6.180593490600586,78.90232849121094,0.2537080407069644
60,35,-11.464773178100586,42.5660400390625,-25.261432647705078,-109.11136627197266,-6.338911056518555,78.0511474609375,0.25179942225615454
60,36,-11.536111831665039,41.655967712402344,-25.60235023498535,-109.63115692138672,-6.434220314025879,77.27706909179688,0.25099276449513824
60,37,-11.3183012008667,41.22894287109375,-26.699426651000977,-109.03182220458984,-6.296806335449219,77.78660583496094,0.25309319660809
60,38,-11.407425880432129,41.37205505371094,-25.962966918945312,-109.10868835449219,-6.473213195800781,77.82342529296875,0.25163954388264514
60,39,-11.583629608154297,40.47747039794922,-27.013286590576172,-108.11434936523438,-6.110084533691406,77.11156463623047,0.2531001060702737
60,40,-11.713717460632324,40.14447784423828,-26.835294723510742,-108.29862976074219,-5.975530624389648,76.42723846435547,0.2521542953242388
60,41,-12.052886962890625,40.89768981933594,-26.588695526123047,-108.19367980957031,-6.118083953857422,74.04686737060547,0.2527432060677342
60,42,-12.672511100769043,41.252559661865234,-25.724905014038086,-108.65275573730469,-6.271181106567383,60.72067642211914,0.25115123734067996
60,43,-12.747591018676758,40.11181640625,-26.82416534423828,-108.60185241699219,-5.8904194831848145,57.90497589111328,0.2519470350840603
60,44,-13.304365158081055,40.2379035949707,-26.59040641784668,-108.48486328125,-5.926299095153809,58.433319091796875,0.2516685456462729
60,45,-14.59974193572998,41.975311279296875,-27.559593200683594,-107.47950744628906,-5.808493614196777,65.11695861816406,0.2566223911490919
60,46,-16.930116653442383,43.21842956542969,-29.62980842590332,-106.4263916015625,-4.816498756408691,70.93799591064453,0.2628629937906174
60,47,-18.370332717895508,42.36791229248047,-31.53403663635254,-105.29059600830078,-4.475576400756836,65.90641784667969,0.2656944561963572
60,48,-17.873218536376953,41.70706558227539,-31.480031967163086,-106.17417907714844,-4.753457069396973,65.2266616821289,0.2645831485720771
60,49,-9.029135704040527,32.642333984375,-21.78968048095703,-86.61698150634766,-6.224292755126953,49.32257080078125,0.23711483075268436
61,0,-14.780296325683594,83.52658081054688,-1.3574562072753906,-90.21454620361328,-6.9906206130981445,64.31275939941406,0.25588682687209907
61,1,-14.52565860748291,81.36164093017578,0.26682090759277344,-92.13095092773438,-7.365939140319824,65.78433227539062,0.2510298589444565
61,2,-14.057212829589844,77.3587417602539,-1.7386054992675781,-93.48841857910156,-7.385705947875977,67.87593078613281,0.25073780922879246
61,3,-14.637883186340332,74.86744689941406,-4.676883697509766,-93.02165985107422,-7.655393600463867,72.49124908447266,0.25378908670586564
61,4,-14.698725700378418,72.02787017822266,-8.628541946411133,-92.5169906616211,-7.544255256652832,72.0433349609375,0.25808223479043346
61,5,-14.586420059204102,67.02494812011719,-13.479071617126465,-92.70738983154297,-7.418816566467285,73.90426635742188,0.2615383639615559
61,6,-13.205909729003906,63.56886672973633,-21.964435577392578,-92.16801452636719,-6.563702583312988,79.26675415039062,0.2714501934372585
61,7,-12.837577819824219,63.20411682128906,-24.417869567871094,-92.58012390136719,-6.974636077880859,85.3110580444336,0.27473201457075547
61,8,-11.72547435760498,61.606346130371094,-25.469205856323242,-94.34471130371094,-7.03208065032959,85.01469421386719,0.2754492748772488
61,9,-10.605456352233887,61.07191848754883,-25.41779899597168,-95.20413208007812,-6.973566055297852,84.10623931884766,0.27516452823055687
61,10,-10.107404708862305,59.50784683227539,-27.50844955444336,-96.08771514892578,-6.86541748046875,83.54340362548828,0.2770509796054995
61,11,-9.962357521057129,58.241764068603516,-28.52235984802246,-97.08023834228516,-6.807568550109863,83.38211059570312,0.2776550806061169
61,12,-9.817127227783203,56.712650299072266,-29.362098693847656,-97.69730377197266,-6.681617736816406,83.16571044921875,0.27762248879858653
61,13,-9.068390846252441,55.11827850341797,-29.351099014282227,-97.78477478027344,-6.602212905883789,82.63204956054688,0.27608037660770013
61,14,-8.73330307006836,54.135128021240234,-29.41964340209961,-98.93273162841797,-6.652705192565918,82.09103393554688,0.275446060117268
61,15,-8.921879768371582,53.441585540771484,-28.937679290771484,-99.60693359375,-6.715546607971191,82.4861068725586,0.27406857346681496
61,16,-9.022340774536133,54.787288665771484,-26.78618812561035,-100.5365219116211,-6.954251289367676,81.36046600341797,0.2720173854121755
61,17,-9.271208763122559,53.46837615966797,-26.343101501464844,-101.89195251464844,-7.026775360107422,80.96005249023438,0.26981054311571606
61,18,-9.566744804382324,53.619388580322266,-24.56707763671875,-102.74268341064453,-6.94410514831543,80.3831787109375,0.266686362058593
61,19,-9.189833641052246,53.13701248168945,-22.96302032470703,-104.34820556640625,-6.942598342895508,80.00218200683594,0.26275690885619235
61,20,-8.98762321472168,51.289974212646484,-23.418785095214844,-104.35071563720703,-6.792548179626465,80.46430969238281,0.26136551994653967
61,21,-8.787346839904785,49.17844009399414,-24.458383560180664,-103.79563903808594,-6.580399513244629,79.32600402832031,0.2608987180612586
61,22,-8.747061729431152,49.79218673706055,-22.312541961669922,-104.031494140625,-6.594605445861816,79.13018798828125,0.25731569010479216
61,23,-9.028154373168945,48.762245178222656,-22.740646362304688,-103.93731689453125,-6.492422103881836,78.48928833007812,0.2568837113169234
61,24,-9.510820388793945,49.29035949707031,-22.76486587524414,-104.0644760131836,-6.556336402893066,76.91734313964844,0.25757978499629197
61,25,-9.347002029418945,48.94412612915039,-23.296825408935547,-104.35246276855469,-6.545244216918945,77.674560546875,0.2581325537406247
61,26,-9.667804718017578,48.00400161743164,-22.793563842773438,-105.3817138671875,-6.309597969055176,77.27743530273438,0.25553614523343227
61,27,-10.68320369720459,48.249183654785156,-23.12107276916504,-105.54633331298828,-6.464461326599121,77.18768310546875,0.2564912872078209
61,28,-10.40579605102539,47.75487518310547,-22.910568237304688,-106.89054870605469,-6.172656059265137,77.61534118652344,0.2548863809531741
61,29,-10.603508949279785,47.228355407714844,-24.42279052734375,-107.19462585449219,-6.256741523742676,77.1917724609375,0.257280962820561
61,30,-10.541645050048828,47.125831604003906,-24.342609405517578,-107.62288665771484,-6.138071060180664,77.29386901855469,0.25680982643026373
61,31,-11.088948249816895,46.30991744995117,-24.806781768798828,-107.44654083251953,-6.208904266357422,77.68251037597656,0.25675797379672194
61,32,-11.046573638916016,45.498634338378906,-24.65683937072754,-108.03720092773438,-6.131087303161621,79.31404113769531,0.2550880907659913
61,33,-11.271566390991211,44.52751159667969,-25.386110305786133,-108.34114074707031,-6.079239845275879,78.26931762695312,0.2551906813952366
61,34,-11.584424018859863,44.16129684448242,-24.937755584716797,-108.33172607421875,-6.180593490600586,78.90232849121094,0.2537080407069644
61,35,-11.464773178100586,42.5660400390625,-25.261432647705078,-109.11136627197266,-6.338911056518555,78.0511474609375,0.25179942225615454
61,36,-11.536111831665039,41.655967712402344,-25.60235023498535,-109.63115692138672,-6.434220314025879,77.27706909179688,0.25099276449513824
61,37,-11.3183012008667,41.22894287109375,-26.699426651000977,-109.03182220458984,-6.296806335449219,77.78660583496094,0.25309319660809
61,38,-11.407425880432129,41.37205505371094,-25.962966918945312,-109.10868835449219,-6.473213195800781,77.82342529296875,0.25163954388264514
61,39,-11.583629608154297,40.47747039794922,-27.013286590576172,-108.11434936523438,-6.110084533691406,77.11156463623047,0.2531001060702737
61,40,-11.713717460632324,40.14447784423828,-26.835294723510742,-108.29862976074219,-5.975530624389648,76.42723846435547,0.2521542953242388
61,41,-12.052886962890625,40.89768981933594,-26.588695526123047,-108.19367980957031,-6.118083953857422,74.04686737060547,0.2527432060677342
61,42,-12.672511100769043,41.252559661865234,-25.724905014038086,-108.65275573730469,-6.271181106567383,60.72067642211914,0.25115123734067996
61,43,-12.747591018676758,40.11181640625,-26.82416534423828,-108.60185241699219,-5.8904194831848145,57.90497589111328,0.2519470350840603
61,44,-13.304365158081055,40.2379035949707,-26.59040641784668,-108.48486328125,-5.926299095153809,58.433319091796875,0.2516685456462729
61,45,-14.59974193572998,41.975311279296875,-27.559593200683594,-107.47950744628906,-5.808493614196777,65.11695861816406,0.2566223911490919
61,46,-16.930116653442383,43.21842956542969,-29.62980842590332,-106.4263916015625,-4.816498756408691,70.93799591064453,0.2628629937906174
61,47,-18.370332717895508,42.36791229248047,-31.53403663635254,-105.29059600830078,-4.475576400756836,65.90641784667969,0.2656944561963572
61,48,-17.873218536376953,41.70706558227539,-31.480031967163086,-106.17417907714844,-4.753457069396973,65.2266616821289,0.2645831485720771
61,49,-9.029135704040527,32.642333984375,-21.78968048095703,-86.61698150634766,-6.224292755126953,49.32257080078125,0.23711483075268436
62,0,-14.780296325683594,83.52658081054688,-1.3574562072753906,-90.21454620361328,-6.9906206130981445,64.31275939941406,0.25588682687209907
62,1,-14.52565860748291,81.36164093017578,0.26682090759277344,-92.13095092773438,-7.365939140319824,65.78433227539062,0.2510298589444565
62,2,-14.057212829589844,77.3587417602539,-1.7386054992675781,-93.48841857910156,-7.385705947875977,67.87593078613281,0.25073780922879246
62,3,-14.637883186340332,74.86744689941406,-4.676883697509766,-93.02165985107422,-7.655393600463867,72.49124908447266,0.25378908670586564
62,4,-14.698725700378418,72.02787017822266,-8.628541946411133,-92.5169906616211,-7.544255256652832,72.0433349609375,0.25808223479043346
62,5,-14.586420059204102,67.02494812011719,-13.479071617126465,-92.70738983154297,-7.418816566467285,73.90426635742188,0.2615383639615559
62,6,-13.205909729003906,63.56886672973633,-21.964435577392578,-92.16801452636719,-6.563702583312988,79.26675415039062,0.2714501934372585
62,7,-12.837577819824219,63.20411682128906,-24.417869567871094,-92.58012390136719,-6.974636077880859,85.3110580444336,0.27473201457075547
62,8,-11.72547435760498,61.606346130371094,-25.469205856323242,-94.34471130371094,-7.03208065032959,85.01469421386719,0.2754492748772488
62,9,-10.605456352233887,61.07191848754883,-25.41779899597168,-95.20413208007812,-6.973566055297852,84.10623931884766,0.27516452823055687
62,10,-10.107404708862305,59.50784683227539,-27.50844955444336,-96.08771514892578,-6.86541748046875,83.54340362548828,0.2770509796054995
62,11,-9.962357521057129,58.241764068603516,-28.52235984802246,-97.08023834228516,-6.807568550109863,83.38211059570312,0.2776550806061169
62,12,-9.817127227783203,56.712650299072266,-29.362098693847656,-97.69730377197266,-6.681617736816406,83.16571044921875,0.27762248879858653
62,13,-9.068390846252441,55.11827850341797,-29.351099014282227,-97.78477478027344,-6.602212905883789,82.63204956054688,0.27608037660770013
62,14,-8.73330307006836,54.135128021240234,-29.41964340209961,-98.93273162841797,-6.652705192565918,82.09103393554688,0.275446060117268
62,15,-8.921879768371582,53.441585540771484,-28.937679290771484,-99.60693359375,-6.715546607971191,82.4861068725586,0.27406857346681496
62,16,-9.022340774536133,54.787288665771484,-26.78618812561035,-100.5365219116211,-6.954251289367676,81.36046600341797,0.2720173854121755
62,17,-9.271208763122559,53.46837615966797,-26.343101501464844,-101.89195251464844,-7.026775360107422,80.96005249023438,0.26981054311571606
62,18,-9.566744804382324,53.619388580322266,-24.56707763671875,-102.74268341064453,-6.94410514831543,80.3831787109375,0.266686362058593
62,19,-9.189833641052246,53.13701248168945,-22.96302032470703,-104.34820556640625,-6.942598342895508,80.00218200683594,0.26275690885619235
62,20,-8.98762321472168,51.289974212646484,-23.418785095214844,-104.35071563720703,-6.792548179626465,80.46430969238281,0.26136551994653967
62,21,-8.787346839904785,49.17844009399414,-24.458383560180664,-103.79563903808594,-6.580399513244629,79.32600402832031,0.2608987180612586
62,22,-8.747061729431152,49.79218673706055,-22.312541961669922,-104.031494140625,-6.594605445861816,79.13018798828125,0.25731569010479216
62,23,-9.028154373168945,48.762245178222656,-22.740646362304688,-103.93731689453125,-6.492422103881836,78.48928833007812,0.2568837113169234
62,24,-9.510820388793945,49.29035949707031,-22.76486587524414,-104.0644760131836,-6.556336402893066,76.91734313964844,0.25757978499629197
62,25,-9.347002029418945,48.94412612915039,-23.296825408935547,-104.35246276855469,-6.545244216918945,77.674560546875,0.2581325537406247
62,26,-9.667804718017578,48.00400161743164,-22.793563842773438,-105.3817138671875,-6.309597969055176,77.27743530273438,0.25553614523343227
62,27,-10.68320369720459,48.249183654785156,-23.12107276916504,-105.54633331298828,-6.464461326599121,77.18768310546875,0.2564912872078209
62,28,-10.40579605102539,47.75487518310547,-22.910568237304688,-106.89054870605469,-6.172656059265137,77.61534118652344,0.2548863809531741
62,29,-10.603508949279785,47.228355407714844,-24.42279052734375,-107.19462585449219,-6.256741523742676,77.1917724609375,0.257280962820561
62,30,-10.541645050048828,47.125831604003906,-24.342609405517578,-107.62288665771484,-6.138071060180664,77.29386901855469,0.25680982643026373
62,31,-11.088948249816895,46.30991744995117,-24.806781768798828,-107.44654083251953,-6.208904266357422,77.68251037597656,0.25675797379672194
62,32,-11.046573638916016,45.498634338378906,-24.65683937072754,-108.03720092773438,-6.131087303161621,79.31404113769531,0.2550880907659913
62,33,-11.271566390991211,44.52751159667969,-25.386110305786133,-108.34114074707031,-6.079239845275879,78.26931762695312,0.2551906813952366
62,34,-11.584424018859863,44.16129684448242,-24.937755584716797,-108.33172607421875,-6.180593490600586,78.90232849121094,0.2537080407069644
62,35,-11.464773178100586,42.5660400390625,-25.261432647705078,-109.11136627197266,-6.338911056518555,78.0511474609375,0.25179942225615454
62,36,-11.536111831665039,41.655967712402344,-25.60235023498535,-109.63115692138672,-6.434220314025879,77.27706909179688,0.25099276449513824
62,37,-11.3183012008667,41.22894287109375,-26.699426651000977,-109.03182220458984,-6.296806335449219,77.78660583496094,0.25309319660809
62,38,-11.407425880432129,41.37205505371094,-25.962966918945312,-109.10868835449219,-6.473213195800781,77.82342529296875,0.25163954388264514
62,39,-11.583629608154297,40.47747039794922,-27.013286590576172,-108.11434936523438,-6.110084533691406,77.11156463623047,0.2531001060702737
62,40,-11.713717460632324,40.14447784423828,-26.835294723510742,-108.29862976074219,-5.975530624389648,76.42723846435547,0.2521542953242388
62,41,-12.052886962890625,40.89768981933594,-26.588695526123047,-108.19367980957031,-6.118083953857422,74.04686737060547,0.2527432060677342
62,42,-12.672511100769043,41.252559661865234,-25.724905014038086,-108.65275573730469,-6.271181106567383,60.72067642211914,0.25115123734067996
62,43,-12.747591018676758,40.11181640625,-26.82416534423828,-108.60185241699219,-5.8904194831848145,57.90497589111328,0.2519470350840603
62,44,-13.304365158081055,40.2379035949707,-26.59040641784668,-108.48486328125,-5.926299095153809,58.433319091796875,0.2516685456462729
62,45,-14.59974193572998,41.975311279296875,-27.559593200683594,-107.47950744628906,-5.808493614196777,65.11695861816406,0.2566223911490919
62,46,-16.930116653442383,43.21842956542969,-29.62980842590332,-106.4263916015625,-4.816498756408691,70.93799591064453,0.2628629937906174
62,47,-18.370332717895508,42.36791229248047,-31.53403663635254,-105.29059600830078,-4.475576400756836,65.90641784667969,0.2656944561963572
62,48,-17.873218536376953,41.70706558227539,-31.480031967163086,-106.17417907714844,-4.753457069396973,65.2266616821289,0.2645831485720771
62,49,-9.029135704040527,32.642333984375,-21.78968048095703,-86.61698150634766,-6.224292755126953,49.32257080078125,0.23711483075268436
63,0,-14.780296325683594,83.52658081054688,-1.3574562072753906,-90.21454620361328,-6.9906206130981445,64.31275939941406,0.25588682687209907
63,1,-14.52565860748291,81.36164093017578,0.26682090759277344,-92.13095092773438,-7.365939140319824,65.78433227539062,0.2510298589444565
63,2,-14.057212829589844,77.3587417602539,-1.7386054992675781,-93.48841857910156,-7.385705947875977,67.87593078613281,0.25073780922879246
63,3,-14.637883186340332,74.86744689941406,-4.676883697509766,-93.02165985107422,-7.655393600463867,72.49124908447266,0.25378908670586564
63,4,-14.698725700378418,72.02787017822266,-8.628541946411133,-92.5169906616211,-7.544255256652832,72.0433349609375,0.25808223479043346
63,5,-14.586420059204102,67.02494812011719,-13.479071617126465,-92.70738983154297,-7.418816566467285,73.90426635742188,0.2615383639615559
63,6,-13.205909729003906,63.56886672973633,-21.964435577392578,-92.16801452636719,-6.563702583312988,79.26675415039062,0.2714501934372585
63,7,-12.837577819824219,63.20411682128906,-24.417869567871094,-92.58012390136719,-6.974636077880859,85.3110580444336,0.27473201457075547
63,8,-11.72547435760498,61.606346130371094,-25.469205856323242,-94.34471130371094,-7.03208065032959,85.01469421386719,0.2754492748772488
63,9,-10.605456352233887,61.07191848754883,-25.41779899597168,-95.20413208007812,-6.973566055297852,84.10623931884766,0.27516452823055687
63,10,-10.107404708862305,59.50784683227539,-27.50844955444336,-96.08771514892578,-6.86541748046875,83.54340362548828,0.2770509796054995
63,11,-9.962357521057129,58.241764068603516,-28.52235984802246,-97.08023834228516,-6.807568550109863,83.38211059570312,0.2776550806061169
63,12,-9.817127227783203,56.712650299072266,-29.362098693847656,-97.69730377197266,-6.681617736816406,83.16571044921875,0.27762248879858653
63,13,-9.068390846252441,55.11827850341797,-29.351099014282227,-97.78477478027344,-6.602212905883789,82.63204956054688,0.27608037660770013
63,14,-8.73330307006836,54.135128021240234,-29.41964340209961,-98.93273162841797,-6.652705192565918,82.09103393554688,0.275446060117268
63,15,-8.921879768371582,53.441585540771484,-28.937679290771484,-99.60693359375,-6.715546607971191,82.4861068725586,0.27406857346681496
63,16,-9.022340774536133,54.787288665771484,-26.78618812561035,-100.5365219116211,-6.954251289367676,81.36046600341797,0.2720173854121755
63,17,-9.271208763122559,53.46837615966797,-26.343101501464844,-101.89195251464844,-7.026775360107422,80.96005249023438,0.26981054311571606
63,18,-9.566744804382324,53.619388580322266,-24.56707763671875,-102.74268341064453,-6.94410514831543,80.3831787109375,0.266686362058593
63,19,-9.189833641052246,53.13701248168945,-22.96302032470703,-104.34820556640625,-6.942598342895508,80.00218200683594,0.26275690885619235
63,20,-8.98762321472168,51.289974212646484,-23.418785095214844,-104.35071563720703,-6.792548179626465,80.46430969238281,0.26136551994653967
63,21,-8.787346839904785,49.17844009399414,-24.458383560180664,-103.79563903808594,-6.580399513244629,79.32600402832031,0.2608987180612586
63,22,-8.747061729431152,49.79218673706055,-22.312541961669922,-104.031494140625,-6.594605445861816,79.13018798828125,0.25731569010479216
63,23,-9.028154373168945,48.762245178222656,-22.740646362304688,-103.93731689453125,-6.492422103881836,78.48928833007812,0.2568837113169234
63,24,-9.510820388793945,49.29035949707031,-22.76486587524414,-104.0644760131836,-6.556336402893066,76.91734313964844,0.25757978499629197
63,25,-9.347002029418945,48.94412612915039,-23.296825408935547,-104.35246276855469,-6.545244216918945,77.674560546875,0.2581325537406247
63,26,-9.667804718017578,48.00400161743164,-22.793563842773438,-105.3817138671875,-6.309597969055176,77.27743530273438,0.25553614523343227
63,27,-10.68320369720459,48.249183654785156,-23.12107276916504,-105.54633331298828,-6.464461326599121,77.18768310546875,0.2564912872078209
63,28,-10.40579605102539,47.75487518310547,-22.910568237304688,-106.89054870605469,-6.172656059265137,77.61534118652344,0.2548863809531741
63,29,-10.603508949279785,47.228355407714844,-24.42279052734375,-107.19462585449219,-6.256741523742676,77.1917724609375,0.257280962820561
63,30,-10.541645050048828,47.125831604003906,-24.342609405517578,-107.62288665771484,-6.138071060180664,77.29386901855469,0.25680982643026373
63,31,-11.088948249816895,46.30991744995117,-24.806781768798828,-107.44654083251953,-6.208904266357422,77.68251037597656,0.25675797379672194
63,32,-11.046573638916016,45.498634338378906,-24.65683937072754,-108.03720092773438,-6.131087303161621,79.31404113769531,0.2550880907659913
63,33,-11.271566390991211,44.52751159667969,-25.386110305786133,-108.34114074707031,-6.079239845275879,78.26931762695312,0.2551906813952366
63,34,-11.584424018859863,44.16129684448242,-24.937755584716797,-108.33172607421875,-6.180593490600586,78.90232849121094,0.2537080407069644
63,35,-11.464773178100586,42.5660400390625,-25.261432647705078,-109.11136627197266,-6.338911056518555,78.0511474609375,0.25179942225615454
63,36,-11.536111831665039,41.655967712402344,-25.60235023498535,-109.63115692138672,-6.434220314025879,77.27706909179688,0.25099276449513824
63,37,-11.3183012008667,41.22894287109375,-26.699426651000977,-109.03182220458984,-6.296806335449219,77.78660583496094,0.25309319660809
63,38,-11.407425880432129,41.37205505371094,-25.962966918945312,-109.10868835449219,-6.473213195800781,77.82342529296875,0.25163954388264514
63,39,-11.583629608154297,40.47747039794922,-27.013286590576172,-108.11434936523438,-6.110084533691406,77.11156463623047,0.2531001060702737
63,40,-11.713717460632324,40.14447784423828,-26.835294723510742,-108.29862976074219,-5.975530624389648,76.42723846435547,0.2521542953242388
63,41,-12.052886962890625,40.89768981933594,-26.588695526123047,-108.19367980957031,-6.118083953857422,74.04686737060547,0.2527432060677342
63,42,-12.672511100769043,41.252559661865234,-25.724905014038086,-108.65275573730469,-6.271181106567383,60.72067642211914,0.25115123734067996
63,43,-12.747591018676758,40.11181640625,-26.82416534423828,-108.60185241699219,-5.8904194831848145,57.90497589111328,0.2519470350840603
63,44,-13.304365158081055,40.2379035949707,-26.59040641784668,-108.48486328125,-5.926299095153809,58.433319091796875,0.2516685456462729
63,45,-14.59974193572998,41.975311279296875,-27.559593200683594,-107.47950744628906,-5.808493614196777,65.11695861816406,0.2566223911490919
63,46,-16.930116653442383,43.21842956542969,-29.62980842590332,-106.4263916015625,-4.816498756408691,70.93799591064453,0.2628629937906174
63,47,-18.370332717895508,42.36791229248047,-31.53403663635254,-105.29059600830078,-4.475576400756836,65.90641784667969,0.2656944561963572
63,48,-17.873218536376953,41.70706558227539,-31.480031967163086,-106.17417907714844,-4.753457069396973,65.2266616821289,0.2645831485720771
63,49,-9.029135704040527,32.642333984375,-21.78968048095703,-86.61698150634766,-6.224292755126953,49.32257080078125,0.23711483075268436
64,0,-14.780296325683594,83.52658081054688,-1.3574562072753906,-90.21454620361328,-6.9906206130981445,64.31275939941406,0.25588682687209907
64,1,-14.52565860748291,81.36164093017578,0.26682090759277344,-92.13095092773438,-7.365939140319824,65.78433227539062,0.2510298589444565
64,2,-14.057212829589844,77.3587417602539,-1.7386054992675781,-93.48841857910156,-7.385705947875977,67.87593078613281,0.25073780922879246
64,3,-14.637883186340332,74.86744689941406,-4.676883697509766,-93.02165985107422,-7.655393600463867,72.49124908447266,0.25378908670586564
64,4,-14.698725700378418,72.02787017822266,-8.628541946411133,-92.5169906616211,-7.544255256652832,72.0433349609375,0.25808223479043346
64,5,-14.586420059204102,67.02494812011719,-13.479071617126465,-92.70738983154297,-7.418816566467285,73.90426635742188,0.2615383639615559
64,6,-13.205909729003906,63.56886672973633,-21.964435577392578,-92.16801452636719,-6.563702583312988,79.26675415039062,0.2714501934372585
64,7,-12.837577819824219,63.20411682128906,-24.417869567871094,-92.58012390136719,-6.974636077880859,85.3110580444336,0.27473201457075547
64,8,-11.72547435760498,61.606346130371094,-25.469205856323242,-94.34471130371094,-7.03208065032959,85.01469421386719,0.2754492748772488
64,9,-10.605456352233887,61.07191848754883,-25.41779899597168,-95.20413208007812,-6.973566055297852,84.10623931884766,0.27516452823055687
64,10,-10.107404708862305,59.50784683227539,-27.50844955444336,-96.08771514892578,-6.86541748046875,83.54340362548828,0.2770509796054995
64,11,-9.962357521057129,58.241764068603516,-28.52235984802246,-97.08023834228516,-6.807568550109863,83.38211059570312,0.2776550806061169
64,12,-9.817127227783203,56.712650299072266,-29.362098693847656,-97.69730377197266,-6.681617736816406,83.16571044921875,0.27762248879858653
64,13,-9.068390846252441,55.11827850341797,-29.351099014282227,-97.78477478027344,-6.602212905883789,82.63204956054688,0.27608037660770013
64,14,-8.73330307006836,54.135128021240234,-29.41964340209961,-98.93273162841797,-6.652705192565918,82.09103393554688,0.275446060117268
64,15,-8.921879768371582,53.441585540771484,-28.937679290771484,-99.60693359375,-6.715546607971191,82.4861068725586,0.27406857346681496
64,16,-9.022340774536133,54.787288665771484,-26.78618812561035,-100.5365219116211,-6.954251289367676,81.36046600341797,0.2720173854121755
64,17,-9.271208763122559,53.46837615966797,-26.343101501464844,-101.89195251464844,-7.026775360107422,80.96005249023438,0.26981054311571606
64,18,-9.566744804382324,53.619388580322266,-24.56707763671875,-102.74268341064453,-6.94410514831543,80.3831787109375,0.266686362058593
64,19,-9.189833641052246,53.13701248168945,-22.96302032470703,-104.34820556640625,-6.942598342895508,80.00218200683594,0.26275690885619235
64,20,-8.98762321472168,51.289974212646484,-23.418785095214844,-104.35071563720703,-6.792548179626465,80.46430969238281,0.26136551994653967
64,21,-8.787346839904785,49.17844009399414,-24.458383560180664,-103.79563903808594,-6.580399513244629,79.32600402832031,0.2608987180612586
64,22,-8.747061729431152,49.79218673706055,-22.312541961669922,-104.031494140625,-6.594605445861816,79.13018798828125,0.25731569010479216
64,23,-9.028154373168945,48.762245178222656,-22.740646362304688,-103.93731689453125,-6.492422103881836,78.48928833007812,0.2568837113169234
64,24,-9.510820388793945,49.29035949707031,-22.76486587524414,-104.0644760131836,-6.556336402893066,76.91734313964844,0.25757978499629197
64,25,-9.347002029418945,48.94412612915039,-23.296825408935547,-104.35246276855469,-6.545244216918945,77.674560546875,0.2581325537406247
64,26,-9.667804718017578,48.00400161743164,-22.793563842773438,-105.3817138671875,-6.309597969055176,77.27743530273438,0.25553614523343227
64,27,-10.68320369720459,48.249183654785156,-23.12107276916504,-105.54633331298828,-6.464461326599121,77.18768310546875,0.2564912872078209
64,28,-10.40579605102539,47.75487518310547,-22.910568237304688,-106.89054870605469,-6.172656059265137,77.61534118652344,0.2548863809531741
64,29,-10.603508949279785,47.228355407714844,-24.42279052734375,-107.19462585449219,-6.256741523742676,77.1917724609375,0.257280962820561
64,30,-10.541645050048828,47.125831604003906,-24.342609405517578,-107.62288665771484,-6.138071060180664,77.29386901855469,0.25680982643026373
64,31,-11.088948249816895,46.30991744995117,-24.806781768798828,-107.44654083251953,-6.208904266357422,77.68251037597656,0.25675797379672194
64,32,-11.046573638916016,45.498634338378906,-24.65683937072754,-108.03720092773438,-6.131087303161621,79.31404113769531,0.2550880907659913
64,33,-11.271566390991211,44.52751159667969,-25.386110305786133,-108.34114074707031,-6.079239845275879,78.26931762695312,0.2551906813952366
64,34,-11.584424018859863,44.16129684448242,-24.937755584716797,-108.33172607421875,-6.180593490600586,78.90232849121094,0.2537080407069644
64,35,-11.464773178100586,42.5660400390625,-25.261432647705078,-109.11136627197266,-6.338911056518555,78.0511474609375,0.25179942225615454
64,36,-11.536111831665039,41.655967712402344,-25.60235023498535,-109.63115692138672,-6.434220314025879,77.27706909179688,0.25099276449513824
64,37,-11.3183012008667,41.22894287109375,-26.699426651000977,-109.03182220458984,-6.296806335449219,77.78660583496094,0.25309319660809
64,38,-11.407425880432129,41.37205505371094,-25.962966918945312,-109.10868835449219,-6.473213195800781,77.82342529296875,0.25163954388264514
64,39,-11.583629608154297,40.47747039794922,-27.013286590576172,-108.11434936523438,-6.110084533691406,77.11156463623047,0.2531001060702737
64,40,-11.713717460632324,40.14447784423828,-26.835294723510742,-108.29862976074219,-5.975530624389648,76.42723846435547,0.2521542953242388
64,41,-12.052886962890625,40.89768981933594,-26.588695526123047,-108.19367980957031,-6.118083953857422,74.04686737060547,0.2527432060677342
64,42,-12.672511100769043,41.252559661865234,-25.724905014038086,-108.65275573730469,-6.271181106567383,60.72067642211914,0.25115123734067996
64,43,-12.747591018676758,40.11181640625,-26.82416534423828,-108.60185241699219,-5.8904194831848145,57.90497589111328,0.2519470350840603
64,44,-13.304365158081055,40.2379035949707,-26.59040641784668,-108.48486328125,-5.926299095153809,58.433319091796875,0.2516685456462729
64,45,-14.59974193572998,41.975311279296875,-27.559593200683594,-107.47950744628906,-5.808493614196777,65.11695861816406,0.2566223911490919
64,46,-16.930116653442383,43.21842956542969,-29.62980842590332,-106.4263916015625,-4.816498756408691,70.93799591064453,0.2628629937906174
64,47,-18.370332717895508,42.36791229248047,-31.53403663635254,-105.29059600830078,-4.475576400756836,65.90641784667969,0.2656944561963572
64,48,-17.873218536376953,41.70706558227539,-31.480031967163086,-106.17417907714844,-4.753457069396973,65.2266616821289,0.2645831485720771
64,49,-9.029135704040527,32.642333984375,-21.78968048095703,-86.61698150634766,-6.224292755126953,49.32257080078125,0.23711483075268436
65,0,-14.780296325683594,83.52658081054688,-1.3574562072753906,-90.21454620361328,-6.9906206130981445,64.31275939941406,0.25588682687209907
65,1,-14.52565860748291,81.36164093017578,0.26682090759277344,-92.13095092773438,-7.365939140319824,65.78433227539062,0.2510298589444565
65,2,-14.057212829589844,77.3587417602539,-1.7386054992675781,-93.48841857910156,-7.385705947875977,67.87593078613281,0.25073780922879246
65,3,-14.637883186340332,74.86744689941406,-4.676883697509766,-93.02165985107422,-7.655393600463867,72.49124908447266,0.25378908670586564
65,4,-14.698725700378418,72.02787017822266,-8.628541946411133,-92.5169906616211,-7.544255256652832,72.0433349609375,0.25808223479043346
65,5,-14.586420059204102,67.02494812011719,-13.479071617126465,-92.70738983154297,-7.418816566467285,73.90426635742188,0.2615383639615559
65,6,-13.205909729003906,63.56886672973633,-21.964435577392578,-92.16801452636719,-6.563702583312988,79.26675415039062,0.2714501934372585
65,7,-12.837577819824219,63.20411682128906,-24.417869567871094,-92.58012390136719,-6.974636077880859,85.3110580444336,0.27473201457075547
65,8,-11.72547435760498,61.606346130371094,-25.469205856323242,-94.34471130371094,-7.03208065032959,85.01469421386719,0.2754492748772488
65,9,-10.605456352233887,61.07191848754883,-25.41779899597168,-95.20413208007812,-6.973566055297852,84.10623931884766,0.27516452823055687
65,10,-10.107404708862305,59.50784683227539,-27.50844955444336,-96.08771514892578,-6.86541748046875,83.54340362548828,0.2770509796054995
65,11,-9.962357521057129,58.241764068603516,-28.52235984802246,-97.08023834228516,-6.807568550109863,83.38211059570312,0.2776550806061169
65,12,-9.817127227783203,56.712650299072266,-29.362098693847656,-97.69730377197266,-6.681617736816406,83.16571044921875,0.27762248879858653
65,13,-9.068390846252441,55.11827850341797,-29.351099014282227,-97.78477478027344,-6.602212905883789,82.63204956054688,0.27608037660770013
65,14,-8.73330307006836,54.135128021240234,-29.41964340209961,-98.93273162841797,-6.652705192565918,82.09103393554688,0.275446060117268
65,15,-8.921879768371582,53.441585540771484,-28.937679290771484,-99.60693359375,-6.715546607971191,82.4861068725586,0.27406857346681496
65,16,-9.022340774536133,54.787288665771484,-26.78618812561035,-100.5365219116211,-6.954251289367676,81.36046600341797,0.2720173854121755
65,17,-9.271208763122559,53.46837615966797,-26.343101501464844,-101.89195251464844,-7.026775360107422,80.96005249023438,0.26981054311571606
65,18,-9.566744804382324,53.619388580322266,-24.56707763671875,-102.74268341064453,-6.94410514831543,80.3831787109375,0.266686362058593
65,19,-9.189833641052246,53.13701248168945,-22.96302032470703,-104.34820556640625,-6.942598342895508,80.00218200683594,0.26275690885619235
65,20,-8.98762321472168,51.289974212646484,-23.418785095214844,-104.35071563720703,-6.792548179626465,80.46430969238281,0.26136551994653967
65,21,-8.787346839904785,49.17844009399414,-24.458383560180664,-103.79563903808594,-6.580399513244629,79.32600402832031,0.2608987180612586
65,22,-8.747061729431152,49.79218673706055,-22.312541961669922,-104.031494140625,-6.594605445861816,79.13018798828125,0.25731569010479216
65,23,-9.028154373168945,48.762245178222656,-22.740646362304688,-103.93731689453125,-6.492422103881836,78.48928833007812,0.2568837113169234
65,24,-9.510820388793945,49.29035949707031,-22.76486587524414,-104.0644760131836,-6.556336402893066,76.91734313964844,0.25757978499629197
65,25,-9.347002029418945,48.94412612915039,-23.296825408935547,-104.35246276855469,-6.545244216918945,77.674560546875,0.2581325537406247
65,26,-9.667804718017578,48.00400161743164,-22.793563842773438,-105.3817138671875,-6.309597969055176,77.27743530273438,0.25553614523343227
65,27,-10.68320369720459,48.249183654785156,-23.12107276916504,-105.54633331298828,-6.464461326599121,77.18768310546875,0.2564912872078209
65,28,-10.40579605102539,47.75487518310547,-22.910568237304688,-106.89054870605469,-6.172656059265137,77.61534118652344,0.2548863809531741
65,29,-10.603508949279785,47.228355407714844,-24.42279052734375,-107.19462585449219,-6.256741523742676,77.1917724609375,0.257280962820561
65,30,-10.541645050048828,47.125831604003906,-24.342609405517578,-107.62288665771484,-6.138071060180664,77.29386901855469,0.25680982643026373
65,31,-11.088948249816895,46.30991744995117,-24.806781768798828,-107.44654083251953,-6.208904266357422,77.68251037597656,0.25675797379672194
65,32,-11.046573638916016,45.498634338378906,-24.65683937072754,-108.03720092773438,-6.131087303161621,79.31404113769531,0.2550880907659913
65,33,-11.271566390991211,44.52751159667969,-25.386110305786133,-108.34114074707031,-6.079239845275879,78.26931762695312,0.2551906813952366
65,34,-11.584424018859863,44.16129684448242,-24.937755584716797,-108.33172607421875,-6.180593490600586,78.90232849121094,0.2537080407069644
65,35,-11.464773178100586,42.5660400390625,-25.261432647705078,-109.11136627197266,-6.338911056518555,78.0511474609375,0.25179942225615454
65,36,-11.536111831665039,41.655967712402344,-25.60235023498535,-109.63115692138672,-6.434220314025879,77.27706909179688,0.25099276449513824
65,37,-11.3183012008667,41.22894287109375,-26.699426651000977,-109.03182220458984,-6.296806335449219,77.78660583496094,0.25309319660809
65,38,-11.407425880432129,41.37205505371094,-25.962966918945312,-109.10868835449219,-6.473213195800781,77.82342529296875,0.25163954388264514
65,39,-11.583629608154297,40.47747039794922,-27.013286590576172,-108.11434936523438,-6.110084533691406,77.11156463623047,0.2531001060702737
65,40,-11.713717460632324,40.14447784423828,-26.835294723510742,-108.29862976074219,-5.975530624389648,76.42723846435547,0.2521542953242388
65,41,-12.052886962890625,40.89768981933594,-26.588695526123047,-108.19367980957031,-6.118083953857422,74.04686737060547,0.2527432060677342
65,42,-12.672511100769043,41.252559661865234,-25.724905014038086,-108.65275573730469,-6.271181106567383,60.72067642211914,0.25115123734067996
65,43,-12.747591018676758,40.11181640625,-26.82416534423828,-108.60185241699219,-5.8904194831848145,57.90497589111328,0.2519470350840603
65,44,-13.304365158081055,40.2379035949707,-26.59040641784668,-108.48486328125,-5.926299095153809,58.433319091796875,0.2516685456462729
65,45,-14.59974193572998,41.975311279296875,-27.559593200683594,-107.47950744628906,-5.808493614196777,65.11695861816406,0.2566223911490919
65,46,-16.930116653442383,43.21842956542969,-29.62980842590332,-106.4263916015625,-4.816498756408691,70.93799591064453,0.2628629937906174
65,47,-18.370332717895508,42.36791229248047,-31.53403663635254,-105.29059600830078,-4.475576400756836,65.90641784667969,0.2656944561963572
65,48,-17.873218536376953,41.70706558227539,-31.480031967163086,-106.17417907714844,-4.753457069396973,65.2266616821289,0.2645831485720771
65,49,-9.029135704040527,32.642333984375,-21.78968048095703,-86.61698150634766,-6.224292755126953,49.32257080078125,0.23711483075268436
66,0,-14.780296325683594,83.52658081054688,-1.3574562072753906,-90.21454620361328,-6.9906206130981445,64.31275939941406,0.25588682687209907
66,1,-14.52565860748291,81.36164093017578,0.26682090759277344,-92.13095092773438,-7.365939140319824,65.78433227539062,0.2510298589444565
66,2,-14.057212829589844,77.3587417602539,-1.7386054992675781,-93.48841857910156,-7.385705947875977,67.87593078613281,0.25073780922879246
66,3,-14.637883186340332,74.86744689941406,-4.676883697509766,-93.02165985107422,-7.655393600463867,72.49124908447266,0.25378908670586564
66,4,-14.698725700378418,72.02787017822266,-8.628541946411133,-92.5169906616211,-7.544255256652832,72.0433349609375,0.25808223479043346
66,5,-14.586420059204102,67.02494812011719,-13.479071617126465,-92.70738983154297,-7.418816566467285,73.90426635742188,0.2615383639615559
66,6,-13.205909729003906,63.56886672973633,-21.964435577392578,-92.16801452636719,-6.563702583312988,79.26675415039062,0.2714501934372585
66,7,-12.837577819824219,63.20411682128906,-24.417869567871094,-92.58012390136719,-6.974636077880859,85.3110580444336,0.27473201457075547
66,8,-11.72547435760498,61.606346130371094,-25.469205856323242,-94.34471130371094,-7.03208065032959,85.01469421386719,0.2754492748772488
66,9,-10.605456352233887,61.07191848754883,-25.41779899597168,-95.20413208007812,-6.973566055297852,84.10623931884766,0.27516452823055687
66,10,-10.107404708862305,59.50784683227539,-27.50844955444336,-96.08771514892578,-6.86541748046875,83.54340362548828,0.2770509796054995
66,11,-9.962357521057129,58.241764068603516,-28.52235984802246,-97.08023834228516,-6.807568550109863,83.38211059570312,0.2776550806061169
66,12,-9.817127227783203,56.712650299072266,-29.362098693847656,-97.69730377197266,-6.681617736816406,83.16571044921875,0.27762248879858653
66,13,-9.068390846252441,55.11827850341797,-29.351099014282227,-97.78477478027344,-6.602212905883789,82.63204956054688,0.27608037660770013
66,14,-8.73330307006836,54.135128021240234,-29.41964340209961,-98.93273162841797,-6.652705192565918,82.09103393554688,0.275446060117268
66,15,-8.921879768371582,53.441585540771484,-28.937679290771484,-99.60693359375,-6.715546607971191,82.4861068725586,0.27406857346681496
66,16,-9.022340774536133,54.787288665771484,-26.78618812561035,-100.5365219116211,-6.954251289367676,81.36046600341797,0.2720173854121755
66,17,-9.271208763122559,53.46837615966797,-26.343101501464844,-101.89195251464844,-7.026775360107422,80.96005249023438,0.26981054311571606
66,18,-9.566744804382324,53.619388580322266,-24.56707763671875,-102.74268341064453,-6.94410514831543,80.3831787109375,0.266686362058593
66,19,-9.189833641052246,53.13701248168945,-22.96302032470703,-104.34820556640625,-6.942598342895508,80.00218200683594,0.26275690885619235
66,20,-8.98762321472168,51.289974212646484,-23.418785095214844,-104.35071563720703,-6.792548179626465,80.46430969238281,0.26136551994653967
66,21,-8.787346839904785,49.17844009399414,-24.458383560180664,-103.79563903808594,-6.580399513244629,79.32600402832031,0.2608987180612586
66,22,-8.747061729431152,49.79218673706055,-22.312541961669922,-104.031494140625,-6.594605445861816,79.13018798828125,0.25731569010479216
66,23,-9.028154373168945,48.762245178222656,-22.740646362304688,-103.93731689453125,-6.492422103881836,78.48928833007812,0.2568837113169234
66,24,-9.510820388793945,49.29035949707031,-22.76486587524414,-104.0644760131836,-6.556336402893066,76.91734313964844,0.25757978499629197
66,25,-9.347002029418945,48.94412612915039,-23.296825408935547,-104.35246276855469,-6.545244216918945,77.674560546875,0.2581325537406247
66,26,-9.667804718017578,48.00400161743164,-22.793563842773438,-105.3817138671875,-6.309597969055176,77.27743530273438,0.25553614523343227
66,27,-10.68320369720459,48.249183654785156,-23.12107276916504,-105.54633331298828,-6.464461326599121,77.18768310546875,0.2564912872078209
66,28,-10.40579605102539,47.75487518310547,-22.910568237304688,-106.89054870605469,-6.172656059265137,77.61534118652344,0.2548863809531741
66,29,-10.603508949279785,47.228355407714844,-24.42279052734375,-107.19462585449219,-6.256741523742676,77.1917724609375,0.257280962820561
66,30,-10.541645050048828,47.125831604003906,-24.342609405517578,-107.62288665771484,-6.138071060180664,77.29386901855469,0.25680982643026373
66,31,-11.088948249816895,46.30991744995117,-24.806781768798828,-107.44654083251953,-6.208904266357422,77.68251037597656,0.25675797379672194
66,32,-11.046573638916016,45.498634338378906,-24.65683937072754,-108.03720092773438,-6.131087303161621,79.31404113769531,0.2550880907659913
66,33,-11.271566390991211,44.52751159667969,-25.386110305786133,-108.34114074707031,-6.079239845275879,78.26931762695312,0.2551906813952366
66,34,-11.584424018859863,44.16129684448242,-24.937755584716797,-108.33172607421875,-6.180593490600586,78.90232849121094,0.2537080407069644
66,35,-11.464773178100586,42.5660400390625,-25.261432647705078,-109.11136627197266,-6.338911056518555,78.0511474609375,0.25179942225615454
66,36,-11.536111831665039,41.655967712402344,-25.60235023498535,-109.63115692138672,-6.434220314025879,77.27706909179688,0.25099276449513824
66,37,-11.3183012008667,41.22894287109375,-26.699426651000977,-109.03182220458984,-6.296806335449219,77.78660583496094,0.25309319660809
66,38,-11.407425880432129,41.37205505371094,-25.962966918945312,-109.10868835449219,-6.473213195800781,77.82342529296875,0.25163954388264514
66,39,-11.583629608154297,40.47747039794922,-27.013286590576172,-108.11434936523438,-6.110084533691406,77.11156463623047,0.2531001060702737
66,40,-11.713717460632324,40.14447784423828,-26.835294723510742,-108.29862976074219,-5.975530624389648,76.42723846435547,0.2521542953242388
66,41,-12.052886962890625,40.89768981933594,-26.588695526123047,-108.19367980957031,-6.118083953857422,74.04686737060547,0.2527432060677342
66,42,-12.672511100769043,41.252559661865234,-25.724905014038086,-108.65275573730469,-6.271181106567383,60.72067642211914,0.25115123734067996
66,43,-12.747591018676758,40.11181640625,-26.82416534423828,-108.60185241699219,-5.8904194831848145,57.90497589111328,0.2519470350840603
66,44,-13.304365158081055,40.2379035949707,-26.59040641784668,-108.48486328125,-5.926299095153809,58.433319091796875,0.2516685456462729
66,45,-14.59974193572998,41.975311279296875,-27.559593200683594,-107.47950744628906,-5.808493614196777,65.11695861816406,0.2566223911490919
66,46,-16.930116653442383,43.21842956542969,-29.62980842590332,-106.4263916015625,-4.816498756408691,70.93799591064453,0.2628629937906174
66,47,-18.370332717895508,42.36791229248047,-31.53403663635254,-105.29059600830078,-4.475576400756836,65.90641784667969,0.2656944561963572
66,48,-17.873218536376953,41.70706558227539,-31.480031967163086,-106.17417907714844,-4.753457069396973,65.2266616821289,0.2645831485720771
66,49,-9.029135704040527,32.642333984375,-21.78968048095703,-86.61698150634766,-6.224292755126953,49.32257080078125,0.23711483075268436
67,0,-14.780296325683594,83.52658081054688,-1.3574562072753906,-90.21454620361328,-6.9906206130981445,64.31275939941406,0.25588682687209907
67,1,-14.52565860748291,81.36164093017578,0.26682090759277344,-92.13095092773438,-7.365939140319824,65.78433227539062,0.2510298589444565
67,2,-14.057212829589844,77.3587417602539,-1.7386054992675781,-93.48841857910156,-7.385705947875977,67.87593078613281,0.25073780922879246
67,3,-14.637883186340332,74.86744689941406,-4.676883697509766,-93.02165985107422,-7.655393600463867,72.49124908447266,0.25378908670586564
67,4,-14.698725700378418,72.02787017822266,-8.628541946411133,-92.5169906616211,-7.544255256652832,72.0433349609375,0.25808223479043346
67,5,-14.586420059204102,67.02494812011719,-13.479071617126465,-92.70738983154297,-7.418816566467285,73.90426635742188,0.2615383639615559
67,6,-13.205909729003906,63.56886672973633,-21.964435577392578,-92.16801452636719,-6.563702583312988,79.26675415039062,0.2714501934372585
67,7,-12.837577819824219,63.20411682128906,-24.417869567871094,-92.58012390136719,-6.974636077880859,85.3110580444336,0.27473201457075547
67,8,-11.72547435760498,61.606346130371094,-25.469205856323242,-94.34471130371094,-7.03208065032959,85.01469421386719,0.2754492748772488
67,9,-10.605456352233887,61.07191848754883,-25.41779899597168,-95.20413208007812,-6.973566055297852,84.10623931884766,0.27516452823055687
67,10,-10.107404708862305,59.50784683227539,-27.50844955444336,-96.08771514892578,-6.86541748046875,83.54340362548828,0.2770509796054995
67,11,-9.962357521057129,58.241764068603516,-28.52235984802246,-97.08023834228516,-6.807568550109863,83.38211059570312,0.2776550806061169
67,12,-9.817127227783203,56.712650299072266,-29.362098693847656,-97.69730377197266,-6.681617736816406,83.16571044921875,0.27762248879858653
67,13,-9.068390846252441,55.11827850341797,-29.351099014282227,-97.78477478027344,-6.602212905883789,82.63204956054688,0.27608037660770013
67,14,-8.73330307006836,54.135128021240234,-29.41964340209961,-98.93273162841797,-6.652705192565918,82.09103393554688,0.275446060117268
67,15,-8.921879768371582,53.441585540771484,-28.937679290771484,-99.60693359375,-6.715546607971191,82.4861068725586,0.27406857346681496
67,16,-9.022340774536133,54.787288665771484,-26.78618812561035,-100.5365219116211,-6.954251289367676,81.36046600341797,0.2720173854121755
67,17,-9.271208763122559,53.46837615966797,-26.343101501464844,-101.89195251464844,-7.026775360107422,80.96005249023438,0.26981054311571606
67,18,-9.566744804382324,53.619388580322266,-24.56707763671875,-102.74268341064453,-6.94410514831543,80.3831787109375,0.266686362058593
67,19,-9.189833641052246,53.13701248168945,-22.96302032470703,-104.34820556640625,-6.942598342895508,80.00218200683594,0.26275690885619235
67,20,-8.98762321472168,51.289974212646484,-23.418785095214844,-104.35071563720703,-6.792548179626465,80.46430969238281,0.26136551994653967
67,21,-8.787346839904785,49.17844009399414,-24.458383560180664,-103.79563903808594,-6.580399513244629,79.32600402832031,0.2608987180612586
67,22,-8.747061729431152,49.79218673706055,-22.312541961669922,-104.031494140625,-6.594605445861816,79.13018798828125,0.25731569010479216
67,23,-9.028154373168945,48.762245178222656,-22.740646362304688,-103.93731689453125,-6.492422103881836,78.48928833007812,0.2568837113169234
67,24,-9.510820388793945,49.29035949707031,-22.76486587524414,-104.0644760131836,-6.556336402893066,76.91734313964844,0.25757978499629197
67,25,-9.347002029418945,48.94412612915039,-23.296825408935547,-104.35246276855469,-6.545244216918945,77.674560546875,0.2581325537406247
67,26,-9.667804718017578,48.00400161743164,-22.793563842773438,-105.3817138671875,-6.309597969055176,77.27743530273438,0.25553614523343227
67,27,-10.68320369720459,48.249183654785156,-23.12107276916504,-105.54633331298828,-6.464461326599121,77.18768310546875,0.2564912872078209
67,28,-10.40579605102539,47.75487518310547,-22.910568237304688,-106.89054870605469,-6.172656059265137,77.61534118652344,0.2548863809531741
67,29,-10.603508949279785,47.228355407714844,-24.42279052734375,-107.19462585449219,-6.256741523742676,77.1917724609375,0.257280962820561
67,30,-10.541645050048828,47.125831604003906,-24.342609405517578,-107.62288665771484,-6.138071060180664,77.29386901855469,0.25680982643026373
67,31,-11.088948249816895,46.30991744995117,-24.806781768798828,-107.44654083251953,-6.208904266357422,77.68251037597656,0.25675797379672194
67,32,-11.046573638916016,45.498634338378906,-24.65683937072754,-108.03720092773438,-6.131087303161621,79.31404113769531,0.2550880907659913
67,33,-11.271566390991211,44.52751159667969,-25.386110305786133,-108.34114074707031,-6.079239845275879,78.26931762695312,0.2551906813952366
67,34,-11.584424018859863,44.16129684448242,-24.937755584716797,-108.33172607421875,-6.180593490600586,78.90232849121094,0.2537080407069644
67,35,-11.464773178100586,42.5660400390625,-25.261432647705078,-109.11136627197266,-6.338911056518555,78.0511474609375,0.25179942225615454
67,36,-11.536111831665039,41.655967712402344,-25.60235023498535,-109.63115692138672,-6.434220314025879,77.27706909179688,0.25099276449513824
67,37,-11.3183012008667,41.22894287109375,-26.699426651000977,-109.03182220458984,-6.296806335449219,77.78660583496094,0.25309319660809
67,38,-11.407425880432129,41.37205505371094,-25.962966918945312,-109.10868835449219,-6.473213195800781,77.82342529296875,0.25163954388264514
67,39,-11.583629608154297,40.47747039794922,-27.013286590576172,-108.11434936523438,-6.110084533691406,77.11156463623047,0.2531001060702737
67,40,-11.713717460632324,40.14447784423828,-26.835294723510742,-108.29862976074219,-5.975530624389648,76.42723846435547,0.2521542953242388
67,41,-12.052886962890625,40.89768981933594,-26.588695526123047,-108.19367980957031,-6.118083953857422,74.04686737060547,0.2527432060677342
67,42,-12.672511100769043,41.252559661865234,-25.724905014038086,-108.65275573730469,-6.271181106567383,60.72067642211914,0.25115123734067996
67,43,-12.747591018676758,40.11181640625,-26.82416534423828,-108.60185241699219,-5.8904194831848145,57.90497589111328,0.2519470350840603
67,44,-13.304365158081055,40.2379035949707,-26.59040641784668,-108.48486328125,-5.926299095153809,58.433319091796875,0.2516685456462729
67,45,-14.59974193572998,41.975311279296875,-27.559593200683594,-107.47950744628906,-5.808493614196777,65.11695861816406,0.2566223911490919
67,46,-16.930116653442383,43.21842956542969,-29.62980842590332,-106.4263916015625,-4.816498756408691,70.93799591064453,0.2628629937906174
67,47,-18.370332717895508,42.36791229248047,-31.53403663635254,-105.29059600830078,-4.475576400756836,65.90641784667969,0.2656944561963572
67,48,-17.873218536376953,41.70706558227539,-31.480031967163086,-106.17417907714844,-4.753457069396973,65.2266616821289,0.2645831485720771
67,49,-9.029135704040527,32.642333984375,-21.78968048095703,-86.61698150634766,-6.224292755126953,49.32257080078125,0.23711483075268436
68,0,-14.780296325683594,83.52658081054688,-1.3574562072753906,-90.21454620361328,-6.9906206130981445,64.31275939941406,0.25588682687209907
68,1,-14.52565860748291,81.36164093017578,0.26682090759277344,-92.13095092773438,-7.365939140319824,65.78433227539062,0.2510298589444565
68,2,-14.057212829589844,77.3587417602539,-1.7386054992675781,-93.48841857910156,-7.385705947875977,67.87593078613281,0.25073780922879246
68,3,-14.637883186340332,74.86744689941406,-4.676883697509766,-93.02165985107422,-7.655393600463867,72.49124908447266,0.25378908670586564
68,4,-14.698725700378418,72.02787017822266,-8.628541946411133,-92.5169906616211,-7.544255256652832,72.0433349609375,0.25808223479043346
68,5,-14.586420059204102,67.02494812011719,-13.479071617126465,-92.70738983154297,-7.418816566467285,73.90426635742188,0.2615383639615559
68,6,-13.205909729003906,63.56886672973633,-21.964435577392578,-92.16801452636719,-6.563702583312988,79.26675415039062,0.2714501934372585
68,7,-12.837577819824219,63.20411682128906,-24.417869567871094,-92.58012390136719,-6.974636077880859,85.3110580444336,0.27473201457075547
68,8,-11.72547435760498,61.606346130371094,-25.469205856323242,-94.34471130371094,-7.03208065032959,85.01469421386719,0.2754492748772488
68,9,-10.605456352233887,61.07191848754883,-25.41779899597168,-95.20413208007812,-6.973566055297852,84.10623931884766,0.27516452823055687
68,10,-10.107404708862305,59.50784683227539,-27.50844955444336,-96.08771514892578,-6.86541748046875,83.54340362548828,0.2770509796054995
68,11,-9.962357521057129,58.241764068603516,-28.52235984802246,-97.08023834228516,-6.807568550109863,83.38211059570312,0.2776550806061169
68,12,-9.817127227783203,56.712650299072266,-29.362098693847656,-97.69730377197266,-6.681617736816406,83.16571044921875,0.27762248879858653
68,13,-9.068390846252441,55.11827850341797,-29.351099014282227,-97.78477478027344,-6.602212905883789,82.63204956054688,0.27608037660770013
68,14,-8.73330307006836,54.135128021240234,-29.41964340209961,-98.93273162841797,-6.652705192565918,82.09103393554688,0.275446060117268
68,15,-8.921879768371582,53.441585540771484,-28.937679290771484,-99.60693359375,-6.715546607971191,82.4861068725586,0.27406857346681496
68,16,-9.022340774536133,54.787288665771484,-26.78618812561035,-100.5365219116211,-6.954251289367676,81.36046600341797,0.2720173854121755
68,17,-9.271208763122559,53.46837615966797,-26.343101501464844,-101.89195251464844,-7.026775360107422,80.96005249023438,0.26981054311571606
68,18,-9.566744804382324,53.619388580322266,-24.56707763671875,-102.74268341064453,-6.94410514831543,80.3831787109375,0.266686362058593
68,19,-9.189833641052246,53.13701248168945,-22.96302032470703,-104.34820556640625,-6.942598342895508,80.00218200683594,0.26275690885619235
68,20,-8.98762321472168,51.289974212646484,-23.418785095214844,-104.35071563720703,-6.792548179626465,80.46430969238281,0.26136551994653967
68,21,-8.787346839904785,49.17844009399414,-24.458383560180664,-103.79563903808594,-6.580399513244629,79.32600402832031,0.2608987180612586
68,22,-8.747061729431152,49.79218673706055,-22.312541961669922,-104.031494140625,-6.594605445861816,79.13018798828125,0.25731569010479216
68,23,-9.028154373168945,48.762245178222656,-22.740646362304688,-103.93731689453125,-6.492422103881836,78.48928833007812,0.2568837113169234
68,24,-9.510820388793945,49.29035949707031,-22.76486587524414,-104.0644760131836,-6.556336402893066,76.91734313964844,0.25757978499629197
68,25,-9.347002029418945,48.94412612915039,-23.296825408935547,-104.35246276855469,-6.545244216918945,77.674560546875,0.2581325537406247
68,26,-9.667804718017578,48.00400161743164,-22.793563842773438,-105.3817138671875,-6.309597969055176,77.27743530273438,0.25553614523343227
68,27,-10.68320369720459,48.249183654785156,-23.12107276916504,-105.54633331298828,-6.464461326599121,77.18768310546875,0.2564912872078209
68,28,-10.40579605102539,47.75487518310547,-22.910568237304688,-106.89054870605469,-6.172656059265137,77.61534118652344,0.2548863809531741
68,29,-10.603508949279785,47.228355407714844,-24.42279052734375,-107.19462585449219,-6.256741523742676,77.1917724609375,0.257280962820561
68,30,-10.541645050048828,47.125831604003906,-24.342609405517578,-107.62288665771484,-6.138071060180664,77.29386901855469,0.25680982643026373
68,31,-11.088948249816895,46.30991744995117,-24.806781768798828,-107.44654083251953,-6.208904266357422,77.68251037597656,0.25675797379672194
68,32,-11.046573638916016,45.498634338378906,-24.65683937072754,-108.03720092773438,-6.131087303161621,79.31404113769531,0.2550880907659913
68,33,-11.271566390991211,44.52751159667969,-25.386110305786133,-108.34114074707031,-6.079239845275879,78.26931762695312,0.2551906813952366
68,34,-11.584424018859863,44.16129684448242,-24.937755584716797,-108.33172607421875,-6.180593490600586,78.90232849121094,0.2537080407069644
68,35,-11.464773178100586,42.5660400390625,-25.261432647705078,-109.11136627197266,-6.338911056518555,78.0511474609375,0.25179942225615454
68,36,-11.536111831665039,41.655967712402344,-25.60235023498535,-109.63115692138672,-6.434220314025879,77.27706909179688,0.25099276449513824
68,37,-11.3183012008667,41.22894287109375,-26.699426651000977,-109.03182220458984,-6.296806335449219,77.78660583496094,0.25309319660809
68,38,-11.407425880432129,41.37205505371094,-25.962966918945312,-109.10868835449219,-6.473213195800781,77.82342529296875,0.25163954388264514
68,39,-11.583629608154297,40.47747039794922,-27.013286590576172,-108.11434936523438,-6.110084533691406,77.11156463623047,0.2531001060702737
68,40,-11.713717460632324,40.14447784423828,-26.835294723510742,-108.29862976074219,-5.975530624389648,76.42723846435547,0.2521542953242388
68,41,-12.052886962890625,40.89768981933594,-26.588695526123047,-108.19367980957031,-6.118083953857422,74.04686737060547,0.2527432060677342
68,42,-12.672511100769043,41.252559661865234,-25.724905014038086,-108.65275573730469,-6.271181106567383,60.72067642211914,0.25115123734067996
68,43,-12.747591018676758,40.11181640625,-26.82416534423828,-108.60185241699219,-5.8904194831848145,57.90497589111328,0.2519470350840603
68,44,-13.304365158081055,40.2379035949707,-26.59040641784668,-108.48486328125,-5.926299095153809,58.433319091796875,0.2516685456462729
68,45,-14.59974193572998,41.975311279296875,-27.559593200683594,-107.47950744628906,-5.808493614196777,65.11695861816406,0.2566223911490919
68,46,-16.930116653442383,43.21842956542969,-29.62980842590332,-106.4263916015625,-4.816498756408691,70.93799591064453,0.2628629937906174
68,47,-18.370332717895508,42.36791229248047,-31.53403663635254,-105.29059600830078,-4.475576400756836,65.90641784667969,0.2656944561963572
68,48,-17.873218536376953,41.70706558227539,-31.480031967163086,-106.17417907714844,-4.753457069396973,65.2266616821289,0.2645831485720771
68,49,-9.029135704040527,32.642333984375,-21.78968048095703,-86.61698150634766,-6.224292755126953,49.32257080078125,0.23711483075268436
69,0,-14.780296325683594,83.52658081054688,-1.3574562072753906,-90.21454620361328,-6.9906206130981445,64.31275939941406,0.25588682687209907
69,1,-14.52565860748291,81.36164093017578,0.26682090759277344,-92.13095092773438,-7.365939140319824,65.78433227539062,0.2510298589444565
69,2,-14.057212829589844,77.3587417602539,-1.7386054992675781,-93.48841857910156,-7.385705947875977,67.87593078613281,0.25073780922879246
69,3,-14.637883186340332,74.86744689941406,-4.676883697509766,-93.02165985107422,-7.655393600463867,72.49124908447266,0.25378908670586564
69,4,-14.698725700378418,72.02787017822266,-8.628541946411133,-92.5169906616211,-7.544255256652832,72.0433349609375,0.25808223479043346
69,5,-14.586420059204102,67.02494812011719,-13.479071617126465,-92.70738983154297,-7.418816566467285,73.90426635742188,0.2615383639615559
69,6,-13.205909729003906,63.56886672973633,-21.964435577392578,-92.16801452636719,-6.563702583312988,79.26675415039062,0.2714501934372585
69,7,-12.837577819824219,63.20411682128906,-24.417869567871094,-92.58012390136719,-6.974636077880859,85.3110580444336,0.27473201457075547
69,8,-11.72547435760498,61.606346130371094,-25.469205856323242,-94.34471130371094,-7.03208065032959,85.01469421386719,0.2754492748772488
69,9,-10.605456352233887,61.07191848754883,-25.41779899597168,-95.20413208007812,-6.973566055297852,84.10623931884766,0.27516452823055687
69,10,-10.107404708862305,59.50784683227539,-27.50844955444336,-96.08771514892578,-6.86541748046875,83.54340362548828,0.2770509796054995
69,11,-9.962357521057129,58.241764068603516,-28.52235984802246,-97.08023834228516,-6.807568550109863,83.38211059570312,0.2776550806061169
69,12,-9.817127227783203,56.712650299072266,-29.362098693847656,-97.69730377197266,-6.681617736816406,83.16571044921875,0.27762248879858653
69,13,-9.068390846252441,55.11827850341797,-29.351099014282227,-97.78477478027344,-6.602212905883789,82.63204956054688,0.27608037660770013
69,14,-8.73330307006836,54.135128021240234,-29.41964340209961,-98.93273162841797,-6.652705192565918,82.09103393554688,0.275446060117268
69,15,-8.921879768371582,53.441585540771484,-28.937679290771484,-99.60693359375,-6.715546607971191,82.4861068725586,0.27406857346681496
69,16,-9.022340774536133,54.787288665771484,-26.78618812561035,-100.5365219116211,-6.954251289367676,81.36046600341797,0.2720173854121755
69,17,-9.271208763122559,53.46837615966797,-26.343101501464844,-101.89195251464844,-7.026775360107422,80.96005249023438,0.26981054311571606
69,18,-9.566744804382324,53.619388580322266,-24.56707763671875,-102.74268341064453,-6.94410514831543,80.3831787109375,0.266686362058593
69,19,-9.189833641052246,53.13701248168945,-22.96302032470703,-104.34820556640625,-6.942598342895508,80.00218200683594,0.26275690885619235
69,20,-8.98762321472168,51.289974212646484,-23.418785095214844,-104.35071563720703,-6.792548179626465,80.46430969238281,0.26136551994653967
69,21,-8.787346839904785,49.17844009399414,-24.458383560180664,-103.79563903808594,-6.580399513244629,79.32600402832031,0.2608987180612586
69,22,-8.747061729431152,49.79218673706055,-22.312541961669922,-104.031494140625,-6.594605445861816,79.13018798828125,0.25731569010479216
69,23,-9.028154373168945,48.762245178222656,-22.740646362304688,-103.93731689453125,-6.492422103881836,78.48928833007812,0.2568837113169234
69,24,-9.510820388793945,49.29035949707031,-22.76486587524414,-104.0644760131836,-6.556336402893066,76.91734313964844,0.25757978499629197
69,25,-9.347002029418945,48.94412612915039,-23.296825408935547,-104.35246276855469,-6.545244216918945,77.674560546875,0.2581325537406247
69,26,-9.667804718017578,48.00400161743164,-22.793563842773438,-105.3817138671875,-6.309597969055176,77.27743530273438,0.25553614523343227
69,27,-10.68320369720459,48.249183654785156,-23.12107276916504,-105.54633331298828,-6.464461326599121,77.18768310546875,0.2564912872078209
69,28,-10.40579605102539,47.75487518310547,-22.910568237304688,-106.89054870605469,-6.172656059265137,77.61534118652344,0.2548863809531741
69,29,-10.603508949279785,47.228355407714844,-24.42279052734375,-107.19462585449219,-6.256741523742676,77.1917724609375,0.257280962820561
69,30,-10.541645050048828,47.125831604003906,-24.342609405517578,-107.62288665771484,-6.138071060180664,77.29386901855469,0.25680982643026373
69,31,-11.088948249816895,46.30991744995117,-24.806781768798828,-107.44654083251953,-6.208904266357422,77.68251037597656,0.25675797379672194
69,32,-11.046573638916016,45.498634338378906,-24.65683937072754,-108.03720092773438,-6.131087303161621,79.31404113769531,0.2550880907659913
69,33,-11.271566390991211,44.52751159667969,-25.386110305786133,-108.34114074707031,-6.079239845275879,78.26931762695312,0.2551906813952366
69,34,-11.584424018859863,44.16129684448242,-24.937755584716797,-108.33172607421875,-6.180593490600586,78.90232849121094,0.2537080407069644
69,35,-11.464773178100586,42.5660400390625,-25.261432647705078,-109.11136627197266,-6.338911056518555,78.0511474609375,0.25179942225615454
69,36,-11.536111831665039,41.655967712402344,-25.60235023498535,-109.63115692138672,-6.434220314025879,77.27706909179688,0.25099276449513824
69,37,-11.3183012008667,41.22894287109375,-26.699426651000977,-109.03182220458984,-6.296806335449219,77.78660583496094,0.25309319660809
69,38,-11.407425880432129,41.37205505371094,-25.962966918945312,-109.10868835449219,-6.473213195800781,77.82342529296875,0.25163954388264514
69,39,-11.583629608154297,40.47747039794922,-27.013286590576172,-108.11434936523438,-6.110084533691406,77.11156463623047,0.2531001060702737
69,40,-11.713717460632324,40.14447784423828,-26.835294723510742,-108.29862976074219,-5.975530624389648,76.42723846435547,0.2521542953242388
69,41,-12.052886962890625,40.89768981933594,-26.588695526123047,-108.19367980957031,-6.118083953857422,74.04686737060547,0.2527432060677342
69,42,-12.672511100769043,41.252559661865234,-25.724905014038086,-108.65275573730469,-6.271181106567383,60.72067642211914,0.25115123734067996
69,43,-12.747591018676758,40.11181640625,-26.82416534423828,-108.60185241699219,-5.8904194831848145,57.90497589111328,0.2519470350840603
69,44,-13.304365158081055,40.2379035949707,-26.59040641784668,-108.48486328125,-5.926299095153809,58.433319091796875,0.2516685456462729
69,45,-14.59974193572998,41.975311279296875,-27.559593200683594,-107.47950744628906,-5.808493614196777,65.11695861816406,0.2566223911490919
69,46,-16.930116653442383,43.21842956542969,-29.62980842590332,-106.4263916015625,-4.816498756408691,70.93799591064453,0.2628629937906174
69,47,-18.370332717895508,42.36791229248047,-31.53403663635254,-105.29059600830078,-4.475576400756836,65.90641784667969,0.2656944561963572
69,48,-17.873218536376953,41.70706558227539,-31.480031967163086,-106.17417907714844,-4.753457069396973,65.2266616821289,0.2645831485720771
69,49,-9.029135704040527,32.642333984375,-21.78968048095703,-86.61698150634766,-6.224292755126953,49.32257080078125,0.23711483075268436
70,0,-14.780296325683594,83.52658081054688,-1.3574562072753906,-90.21454620361328,-6.9906206130981445,64.31275939941406,0.25588682687209907
70,1,-14.52565860748291,81.36164093017578,0.26682090759277344,-92.13095092773438,-7.365939140319824,65.78433227539062,0.2510298589444565
70,2,-14.057212829589844,77.3587417602539,-1.7386054992675781,-93.48841857910156,-7.385705947875977,67.87593078613281,0.25073780922879246
70,3,-14.637883186340332,74.86744689941406,-4.676883697509766,-93.02165985107422,-7.655393600463867,72.49124908447266,0.25378908670586564
70,4,-14.698725700378418,72.02787017822266,-8.628541946411133,-92.5169906616211,-7.544255256652832,72.0433349609375,0.25808223479043346
70,5,-14.586420059204102,67.02494812011719,-13.479071617126465,-92.70738983154297,-7.418816566467285,73.90426635742188,0.2615383639615559
70,6,-13.205909729003906,63.56886672973633,-21.964435577392578,-92.16801452636719,-6.563702583312988,79.26675415039062,0.2714501934372585
70,7,-12.837577819824219,63.20411682128906,-24.417869567871094,-92.58012390136719,-6.974636077880859,85.3110580444336,0.27473201457075547
70,8,-11.72547435760498,61.606346130371094,-25.469205856323242,-94.34471130371094,-7.03208065032959,85.01469421386719,0.2754492748772488
70,9,-10.605456352233887,61.07191848754883,-25.41779899597168,-95.20413208007812,-6.973566055297852,84.10623931884766,0.27516452823055687
70,10,-10.107404708862305,59.50784683227539,-27.50844955444336,-96.08771514892578,-6.86541748046875,83.54340362548828,0.2770509796054995
70,11,-9.962357521057129,58.241764068603516,-28.52235984802246,-97.08023834228516,-6.807568550109863,83.38211059570312,0.2776550806061169
70,12,-9.817127227783203,56.712650299072266,-29.362098693847656,-97.69730377197266,-6.681617736816406,83.16571044921875,0.27762248879858653
70,13,-9.068390846252441,55.11827850341797,-29.351099014282227,-97.78477478027344,-6.602212905883789,82.63204956054688,0.27608037660770013
70,14,-8.73330307006836,54.135128021240234,-29.41964340209961,-98.93273162841797,-6.652705192565918,82.09103393554688,0.275446060117268
70,15,-8.921879768371582,53.441585540771484,-28.937679290771484,-99.60693359375,-6.715546607971191,82.4861068725586,0.27406857346681496
70,16,-9.022340774536133,54.787288665771484,-26.78618812561035,-100.5365219116211,-6.954251289367676,81.36046600341797,0.2720173854121755
70,17,-9.271208763122559,53.46837615966797,-26.343101501464844,-101.89195251464844,-7.026775360107422,80.96005249023438,0.26981054311571606
70,18,-9.566744804382324,53.619388580322266,-24.56707763671875,-102.74268341064453,-6.94410514831543,80.3831787109375,0.266686362058593
70,19,-9.189833641052246,53.13701248168945,-22.96302032470703,-104.34820556640625,-6.942598342895508,80.00218200683594,0.26275690885619235
70,20,-8.98762321472168,51.289974212646484,-23.418785095214844,-104.35071563720703,-6.792548179626465,80.46430969238281,0.26136551994653967
70,21,-8.787346839904785,49.17844009399414,-24.458383560180664,-103.79563903808594,-6.580399513244629,79.32600402832031,0.2608987180612586
70,22,-8.747061729431152,49.79218673706055,-22.312541961669922,-104.031494140625,-6.594605445861816,79.13018798828125,0.25731569010479216
70,23,-9.028154373168945,48.762245178222656,-22.740646362304688,-103.93731689453125,-6.492422103881836,78.48928833007812,0.2568837113169234
70,24,-9.510820388793945,49.29035949707031,-22.76486587524414,-104.0644760131836,-6.556336402893066,76.91734313964844,0.25757978499629197
70,25,-9.347002029418945,48.94412612915039,-23.296825408935547,-104.35246276855469,-6.545244216918945,77.674560546875,0.2581325537406247
70,26,-9.667804718017578,48.00400161743164,-22.793563842773438,-105.3817138671875,-6.309597969055176,77.27743530273438,0.25553614523343227
70,27,-10.68320369720459,48.249183654785156,-23.12107276916504,-105.54633331298828,-6.464461326599121,77.18768310546875,0.2564912872078209
70,28,-10.40579605102539,47.75487518310547,-22.910568237304688,-106.89054870605469,-6.172656059265137,77.61534118652344,0.2548863809531741
70,29,-10.603508949279785,47.228355407714844,-24.42279052734375,-107.19462585449219,-6.256741523742676,77.1917724609375,0.257280962820561
70,30,-10.541645050048828,47.125831604003906,-24.342609405517578,-107.62288665771484,-6.138071060180664,77.29386901855469,0.25680982643026373
70,31,-11.088948249816895,46.30991744995117,-24.806781768798828,-107.44654083251953,-6.208904266357422,77.68251037597656,0.25675797379672194
70,32,-11.046573638916016,45.498634338378906,-24.65683937072754,-108.03720092773438,-6.131087303161621,79.31404113769531,0.2550880907659913
70,33,-11.271566390991211,44.52751159667969,-25.386110305786133,-108.34114074707031,-6.079239845275879,78.26931762695312,0.2551906813952366
70,34,-11.584424018859863,44.16129684448242,-24.937755584716797,-108.33172607421875,-6.180593490600586,78.90232849121094,0.2537080407069644
70,35,-11.464773178100586,42.5660400390625,-25.261432647705078,-109.11136627197266,-6.338911056518555,78.0511474609375,0.25179942225615454
70,36,-11.536111831665039,41.655967712402344,-25.60235023498535,-109.63115692138672,-6.434220314025879,77.27706909179688,0.25099276449513824
70,37,-11.3183012008667,41.22894287109375,-26.699426651000977,-109.03182220458984,-6.296806335449219,77.78660583496094,0.25309319660809
70,38,-11.407425880432129,41.37205505371094,-25.962966918945312,-109.10868835449219,-6.473213195800781,77.82342529296875,0.25163954388264514
70,39,-11.583629608154297,40.47747039794922,-27.013286590576172,-108.11434936523438,-6.110084533691406,77.11156463623047,0.2531001060702737
70,40,-11.713717460632324,40.14447784423828,-26.835294723510742,-108.29862976074219,-5.975530624389648,76.42723846435547,0.2521542953242388
70,41,-12.052886962890625,40.89768981933594,-26.588695526123047,-108.19367980957031,-6.118083953857422,74.04686737060547,0.2527432060677342
70,42,-12.672511100769043,41.252559661865234,-25.724905014038086,-108.65275573730469,-6.271181106567383,60.72067642211914,0.25115123734067996
70,43,-12.747591018676758,40.11181640625,-26.82416534423828,-108.60185241699219,-5.8904194831848145,57.90497589111328,0.2519470350840603
70,44,-13.304365158081055,40.2379035949707,-26.59040641784668,-108.48486328125,-5.926299095153809,58.433319091796875,0.2516685456462729
70,45,-14.59974193572998,41.975311279296875,-27.559593200683594,-107.47950744628906,-5.808493614196777,65.11695861816406,0.2566223911490919
70,46,-16.930116653442383,43.21842956542969,-29.62980842590332,-106.4263916015625,-4.816498756408691,70.93799591064453,0.2628629937906174
70,47,-18.370332717895508,42.36791229248047,-31.53403663635254,-105.29059600830078,-4.475576400756836,65.90641784667969,0.2656944561963572
70,48,-17.873218536376953,41.70706558227539,-31.480031967163086,-106.17417907714844,-4.753457069396973,65.2266616821289,0.2645831485720771
70,49,-9.029135704040527,32.642333984375,-21.78968048095703,-86.61698150634766,-6.224292755126953,49.32257080078125,0.23711483075268436
71,0,-14.780296325683594,83.52658081054688,-1.3574562072753906,-90.21454620361328,-6.9906206130981445,64.31275939941406,0.25588682687209907
71,1,-14.52565860748291,81.36164093017578,0.26682090759277344,-92.13095092773438,-7.365939140319824,65.78433227539062,0.2510298589444565
71,2,-14.057212829589844,77.3587417602539,-1.7386054992675781,-93.48841857910156,-7.385705947875977,67.87593078613281,0.25073780922879246
71,3,-14.637883186340332,74.86744689941406,-4.676883697509766,-93.02165985107422,-7.655393600463867,72.49124908447266,0.25378908670586564
71,4,-14.698725700378418,72.02787017822266,-8.628541946411133,-92.5169906616211,-7.544255256652832,72.0433349609375,0.25808223479043346
71,5,-14.586420059204102,67.02494812011719,-13.479071617126465,-92.70738983154297,-7.418816566467285,73.90426635742188,0.2615383639615559
71,6,-13.205909729003906,63.56886672973633,-21.964435577392578,-92.16801452636719,-6.563702583312988,79.26675415039062,0.2714501934372585
71,7,-12.837577819824219,63.20411682128906,-24.417869567871094,-92.58012390136719,-6.974636077880859,85.3110580444336,0.27473201457075547
71,8,-11.72547435760498,61.606346130371094,-25.469205856323242,-94.34471130371094,-7.03208065032959,85.01469421386719,0.2754492748772488
71,9,-10.605456352233887,61.07191848754883,-25.41779899597168,-95.20413208007812,-6.973566055297852,84.10623931884766,0.27516452823055687
71,10,-10.107404708862305,59.50784683227539,-27.50844955444336,-96.08771514892578,-6.86541748046875,83.54340362548828,0.2770509796054995
71,11,-9.962357521057129,58.241764068603516,-28.52235984802246,-97.08023834228516,-6.807568550109863,83.38211059570312,0.2776550806061169
71,12,-9.817127227783203,56.712650299072266,-29.362098693847656,-97.69730377197266,-6.681617736816406,83.16571044921875,0.27762248879858653
71,13,-9.068390846252441,55.11827850341797,-29.351099014282227,-97.78477478027344,-6.602212905883789,82.63204956054688,0.27608037660770013
71,14,-8.73330307006836,54.135128021240234,-29.41964340209961,-98.93273162841797,-6.652705192565918,82.09103393554688,0.275446060117268
71,15,-8.921879768371582,53.441585540771484,-28.937679290771484,-99.60693359375,-6.715546607971191,82.4861068725586,0.27406857346681496
71,16,-9.022340774536133,54.787288665771484,-26.78618812561035,-100.5365219116211,-6.954251289367676,81.36046600341797,0.2720173854121755
71,17,-9.271208763122559,53.46837615966797,-26.343101501464844,-101.89195251464844,-7.026775360107422,80.96005249023438,0.26981054311571606
71,18,-9.566744804382324,53.619388580322266,-24.56707763671875,-102.74268341064453,-6.94410514831543,80.3831787109375,0.266686362058593
71,19,-9.189833641052246,53.13701248168945,-22.96302032470703,-104.34820556640625,-6.942598342895508,80.00218200683594,0.26275690885619235
71,20,-8.98762321472168,51.289974212646484,-23.418785095214844,-104.35071563720703,-6.792548179626465,80.46430969238281,0.26136551994653967
71,21,-8.787346839904785,49.17844009399414,-24.458383560180664,-103.79563903808594,-6.580399513244629,79.32600402832031,0.2608987180612586
71,22,-8.747061729431152,49.79218673706055,-22.312541961669922,-104.031494140625,-6.594605445861816,79.13018798828125,0.25731569010479216
71,23,-9.028154373168945,48.762245178222656,-22.740646362304688,-103.93731689453125,-6.492422103881836,78.48928833007812,0.2568837113169234
71,24,-9.510820388793945,49.29035949707031,-22.76486587524414,-104.0644760131836,-6.556336402893066,76.91734313964844,0.25757978499629197
71,25,-9.347002029418945,48.94412612915039,-23.296825408935547,-104.35246276855469,-6.545244216918945,77.674560546875,0.2581325537406247
71,26,-9.667804718017578,48.00400161743164,-22.793563842773438,-105.3817138671875,-6.309597969055176,77.27743530273438,0.25553614523343227
71,27,-10.68320369720459,48.249183654785156,-23.12107276916504,-105.54633331298828,-6.464461326599121,77.18768310546875,0.2564912872078209
71,28,-10.40579605102539,47.75487518310547,-22.910568237304688,-106.89054870605469,-6.172656059265137,77.61534118652344,0.2548863809531741
71,29,-10.603508949279785,47.228355407714844,-24.42279052734375,-107.19462585449219,-6.256741523742676,77.1917724609375,0.257280962820561
71,30,-10.541645050048828,47.125831604003906,-24.342609405517578,-107.62288665771484,-6.138071060180664,77.29386901855469,0.25680982643026373
71,31,-11.088948249816895,46.30991744995117,-24.806781768798828,-107.44654083251953,-6.208904266357422,77.68251037597656,0.25675797379672194
71,32,-11.046573638916016,45.498634338378906,-24.65683937072754,-108.03720092773438,-6.131087303161621,79.31404113769531,0.2550880907659913
71,33,-11.271566390991211,44.52751159667969,-25.386110305786133,-108.34114074707031,-6.079239845275879,78.26931762695312,0.2551906813952366
71,34,-11.584424018859863,44.16129684448242,-24.937755584716797,-108.33172607421875,-6.180593490600586,78.90232849121094,0.2537080407069644
71,35,-11.464773178100586,42.5660400390625,-25.261432647705078,-109.11136627197266,-6.338911056518555,78.0511474609375,0.25179942225615454
71,36,-11.536111831665039,41.655967712402344,-25.60235023498535,-109.63115692138672,-6.434220314025879,77.27706909179688,0.25099276449513824
71,37,-11.3183012008667,41.22894287109375,-26.699426651000977,-109.03182220458984,-6.296806335449219,77.78660583496094,0.25309319660809
71,38,-11.407425880432129,41.37205505371094,-25.962966918945312,-109.10868835449219,-6.473213195800781,77.82342529296875,0.25163954388264514
71,39,-11.583629608154297,40.47747039794922,-27.013286590576172,-108.11434936523438,-6.110084533691406,77.11156463623047,0.2531001060702737
71,40,-11.713717460632324,40.14447784423828,-26.835294723510742,-108.29862976074219,-5.975530624389648,76.42723846435547,0.2521542953242388
71,41,-12.052886962890625,40.89768981933594,-26.588695526123047,-108.19367980957031,-6.118083953857422,74.04686737060547,0.2527432060677342
71,42,-12.672511100769043,41.252559661865234,-25.724905014038086,-108.65275573730469,-6.271181106567383,60.72067642211914,0.25115123734067996
71,43,-12.747591018676758,40.11181640625,-26.82416534423828,-108.60185241699219,-5.8904194831848145,57.90497589111328,0.2519470350840603
71,44,-13.304365158081055,40.2379035949707,-26.59040641784668,-108.48486328125,-5.926299095153809,58.433319091796875,0.2516685456462729
71,45,-14.59974193572998,41.975311279296875,-27.559593200683594,-107.47950744628906,-5.808493614196777,65.11695861816406,0.2566223911490919
71,46,-16.930116653442383,43.21842956542969,-29.62980842590332,-106.4263916015625,-4.816498756408691,70.93799591064453,0.2628629937906174
71,47,-18.370332717895508,42.36791229248047,-31.53403663635254,-105.29059600830078,-4.475576400756836,65.90641784667969,0.2656944561963572
71,48,-17.873218536376953,41.70706558227539,-31.480031967163086,-106.17417907714844,-4.753457069396973,65.2266616821289,0.2645831485720771
71,49,-9.029135704040527,32.642333984375,-21.78968048095703,-86.61698150634766,-6.224292755126953,49.32257080078125,0.23711483075268436
72,0,-14.780296325683594,83.52658081054688,-1.3574562072753906,-90.21454620361328,-6.9906206130981445,64.31275939941406,0.25588682687209907
72,1,-14.52565860748291,81.36164093017578,0.26682090759277344,-92.13095092773438,-7.365939140319824,65.78433227539062,0.2510298589444565
72,2,-14.057212829589844,77.3587417602539,-1.7386054992675781,-93.48841857910156,-7.385705947875977,67.87593078613281,0.25073780922879246
72,3,-14.637883186340332,74.86744689941406,-4.676883697509766,-93.02165985107422,-7.655393600463867,72.49124908447266,0.25378908670586564
72,4,-14.698725700378418,72.02787017822266,-8.628541946411133,-92.5169906616211,-7.544255256652832,72.0433349609375,0.25808223479043346
72,5,-14.586420059204102,67.02494812011719,-13.479071617126465,-92.70738983154297,-7.418816566467285,73.90426635742188,0.2615383639615559
72,6,-13.205909729003906,63.56886672973633,-21.964435577392578,-92.16801452636719,-6.563702583312988,79.26675415039062,0.2714501934372585
72,7,-12.837577819824219,63.20411682128906,-24.417869567871094,-92.58012390136719,-6.974636077880859,85.3110580444336,0.27473201457075547
72,8,-11.72547435760498,61.606346130371094,-25.469205856323242,-94.34471130371094,-7.03208065032959,85.01469421386719,0.2754492748772488
72,9,-10.605456352233887,61.07191848754883,-25.41779899597168,-95.20413208007812,-6.973566055297852,84.10623931884766,0.27516452823055687
72,10,-10.107404708862305,59.50784683227539,-27.50844955444336,-96.08771514892578,-6.86541748046875,83.54340362548828,0.2770509796054995
72,11,-9.962357521057129,58.241764068603516,-28.52235984802246,-97.08023834228516,-6.807568550109863,83.38211059570312,0.2776550806061169
72,12,-9.817127227783203,56.712650299072266,-29.362098693847656,-97.69730377197266,-6.681617736816406,83.16571044921875,0.27762248879858653
72,13,-9.068390846252441,55.11827850341797,-29.351099014282227,-97.78477478027344,-6.602212905883789,82.63204956054688,0.27608037660770013
72,14,-8.73330307006836,54.135128021240234,-29.41964340209961,-98.93273162841797,-6.652705192565918,82.09103393554688,0.275446060117268
72,15,-8.921879768371582,53.441585540771484,-28.937679290771484,-99.60693359375,-6.715546607971191,82.4861068725586,0.27406857346681496
72,16,-9.022340774536133,54.787288665771484,-26.78618812561035,-100.5365219116211,-6.954251289367676,81.36046600341797,0.2720173854121755
72,17,-9.271208763122559,53.46837615966797,-26.343101501464844,-101.89195251464844,-7.026775360107422,80.96005249023438,0.26981054311571606
72,18,-9.566744804382324,53.619388580322266,-24.56707763671875,-102.74268341064453,-6.94410514831543,80.3831787109375,0.266686362058593
72,19,-9.189833641052246,53.13701248168945,-22.96302032470703,-104.34820556640625,-6.942598342895508,80.00218200683594,0.26275690885619235
72,20,-8.98762321472168,51.289974212646484,-23.418785095214844,-104.35071563720703,-6.792548179626465,80.46430969238281,0.26136551994653967
72,21,-8.787346839904785,49.17844009399414,-24.458383560180664,-103.79563903808594,-6.580399513244629,79.32600402832031,0.2608987180612586
72,22,-8.747061729431152,49.79218673706055,-22.312541961669922,-104.031494140625,-6.594605445861816,79.13018798828125,0.25731569010479216
72,23,-9.028154373168945,48.762245178222656,-22.740646362304688,-103.93731689453125,-6.492422103881836,78.48928833007812,0.2568837113169234
72,24,-9.510820388793945,49.29035949707031,-22.76486587524414,-104.0644760131836,-6.556336402893066,76.91734313964844,0.25757978499629197
72,25,-9.347002029418945,48.94412612915039,-23.296825408935547,-104.35246276855469,-6.545244216918945,77.674560546875,0.2581325537406247
72,26,-9.667804718017578,48.00400161743164,-22.793563842773438,-105.3817138671875,-6.309597969055176,77.27743530273438,0.25553614523343227
72,27,-10.68320369720459,48.249183654785156,-23.12107276916504,-105.54633331298828,-6.464461326599121,77.18768310546875,0.2564912872078209
72,28,-10.40579605102539,47.75487518310547,-22.910568237304688,-106.89054870605469,-6.172656059265137,77.61534118652344,0.2548863809531741
72,29,-10.603508949279785,47.228355407714844,-24.42279052734375,-107.19462585449219,-6.256741523742676,77.1917724609375,0.257280962820561
72,30,-10.541645050048828,47.125831604003906,-24.342609405517578,-107.62288665771484,-6.138071060180664,77.29386901855469,0.25680982643026373
72,31,-11.088948249816895,46.30991744995117,-24.806781768798828,-107.44654083251953,-6.208904266357422,77.68251037597656,0.25675797379672194
72,32,-11.046573638916016,45.498634338378906,-24.65683937072754,-108.03720092773438,-6.131087303161621,79.31404113769531,0.2550880907659913
72,33,-11.271566390991211,44.52751159667969,-25.386110305786133,-108.34114074707031,-6.079239845275879,78.26931762695312,0.2551906813952366
72,34,-11.584424018859863,44.16129684448242,-24.937755584716797,-108.33172607421875,-6.180593490600586,78.90232849121094,0.2537080407069644
72,35,-11.464773178100586,42.5660400390625,-25.261432647705078,-109.11136627197266,-6.338911056518555,78.0511474609375,0.25179942225615454
72,36,-11.536111831665039,41.655967712402344,-25.60235023498535,-109.63115692138672,-6.434220314025879,77.27706909179688,0.25099276449513824
72,37,-11.3183012008667,41.22894287109375,-26.699426651000977,-109.03182220458984,-6.296806335449219,77.78660583496094,0.25309319660809
72,38,-11.407425880432129,41.37205505371094,-25.962966918945312,-109.10868835449219,-6.473213195800781,77.82342529296875,0.25163954388264514
72,39,-11.583629608154297,40.47747039794922,-27.013286590576172,-108.11434936523438,-6.110084533691406,77.11156463623047,0.2531001060702737
72,40,-11.713717460632324,40.14447784423828,-26.835294723510742,-108.29862976074219,-5.975530624389648,76.42723846435547,0.2521542953242388
72,41,-12.052886962890625,40.89768981933594,-26.588695526123047,-108.19367980957031,-6.118083953857422,74.04686737060547,0.2527432060677342
72,42,-12.672511100769043,41.252559661865234,-25.724905014038086,-108.65275573730469,-6.271181106567383,60.72067642211914,0.25115123734067996
72,43,-12.747591018676758,40.11181640625,-26.82416534423828,-108.60185241699219,-5.8904194831848145,57.90497589111328,0.2519470350840603
72,44,-13.304365158081055,40.2379035949707,-26.59040641784668,-108.48486328125,-5.926299095153809,58.433319091796875,0.2516685456462729
72,45,-14.59974193572998,41.975311279296875,-27.559593200683594,-107.47950744628906,-5.808493614196777,65.11695861816406,0.2566223911490919
72,46,-16.930116653442383,43.21842956542969,-29.62980842590332,-106.4263916015625,-4.816498756408691,70.93799591064453,0.2628629937906174
72,47,-18.370332717895508,42.36791229248047,-31.53403663635254,-105.29059600830078,-4.475576400756836,65.90641784667969,0.2656944561963572
72,48,-17.873218536376953,41.70706558227539,-31.480031967163086,-106.17417907714844,-4.753457069396973,65.2266616821289,0.2645831485720771
72,49,-9.029135704040527,32.642333984375,-21.78968048095703,-86.61698150634766,-6.224292755126953,49.32257080078125,0.23711483075268436
73,0,-14.780296325683594,83.52658081054688,-1.3574562072753906,-90.21454620361328,-6.9906206130981445,64.31275939941406,0.25588682687209907
73,1,-14.52565860748291,81.36164093017578,0.26682090759277344,-92.13095092773438,-7.365939140319824,65.78433227539062,0.2510298589444565
73,2,-14.057212829589844,77.3587417602539,-1.7386054992675781,-93.48841857910156,-7.385705947875977,67.87593078613281,0.25073780922879246
73,3,-14.637883186340332,74.86744689941406,-4.676883697509766,-93.02165985107422,-7.655393600463867,72.49124908447266,0.25378908670586564
73,4,-14.698725700378418,72.02787017822266,-8.628541946411133,-92.5169906616211,-7.544255256652832,72.0433349609375,0.25808223479043346
73,5,-14.586420059204102,67.02494812011719,-13.479071617126465,-92.70738983154297,-7.418816566467285,73.90426635742188,0.2615383639615559
73,6,-13.205909729003906,63.56886672973633,-21.964435577392578,-92.16801452636719,-6.563702583312988,79.26675415039062,0.2714501934372585
73,7,-12.837577819824219,63.20411682128906,-24.417869567871094,-92.58012390136719,-6.974636077880859,85.3110580444336,0.27473201457075547
73,8,-11.72547435760498,61.606346130371094,-25.469205856323242,-94.34471130371094,-7.03208065032959,85.01469421386719,0.2754492748772488
73,9,-10.605456352233887,61.07191848754883,-25.41779899597168,-95.20413208007812,-6.973566055297852,84.10623931884766,0.27516452823055687
73,10,-10.107404708862305,59.50784683227539,-27.50844955444336,-96.08771514892578,-6.86541748046875,83.54340362548828,0.2770509796054995
73,11,-9.962357521057129,58.241764068603516,-28.52235984802246,-97.08023834228516,-6.807568550109863,83.38211059570312,0.2776550806061169
73,12,-9.817127227783203,56.712650299072266,-29.362098693847656,-97.69730377197266,-6.681617736816406,83.16571044921875,0.27762248879858653
73,13,-9.068390846252441,55.11827850341797,-29.351099014282227,-97.78477478027344,-6.602212905883789,82.63204956054688,0.27608037660770013
73,14,-8.73330307006836,54.135128021240234,-29.41964340209961,-98.93273162841797,-6.652705192565918,82.09103393554688,0.275446060117268
73,15,-8.921879768371582,53.441585540771484,-28.937679290771484,-99.60693359375,-6.715546607971191,82.4861068725586,0.27406857346681496
73,16,-9.022340774536133,54.787288665771484,-26.78618812561035,-100.5365219116211,-6.954251289367676,81.36046600341797,0.2720173854121755
73,17,-9.271208763122559,53.46837615966797,-26.343101501464844,-101.89195251464844,-7.026775360107422,80.96005249023438,0.26981054311571606
73,18,-9.566744804382324,53.619388580322266,-24.56707763671875,-102.74268341064453,-6.94410514831543,80.3831787109375,0.266686362058593
73,19,-9.189833641052246,53.13701248168945,-22.96302032470703,-104.34820556640625,-6.942598342895508,80.00218200683594,0.26275690885619235
73,20,-8.98762321472168,51.289974212646484,-23.418785095214844,-104.35071563720703,-6.792548179626465,80.46430969238281,0.26136551994653967
73,21,-8.787346839904785,49.17844009399414,-24.458383560180664,-103.79563903808594,-6.580399513244629,79.32600402832031,0.2608987180612586
73,22,-8.747061729431152,49.79218673706055,-22.312541961669922,-104.031494140625,-6.594605445861816,79.13018798828125,0.25731569010479216
73,23,-9.028154373168945,48.762245178222656,-22.740646362304688,-103.93731689453125,-6.492422103881836,78.48928833007812,0.2568837113169234
73,24,-9.510820388793945,49.29035949707031,-22.76486587524414,-104.0644760131836,-6.556336402893066,76.91734313964844,0.25757978499629197
73,25,-9.347002029418945,48.94412612915039,-23.296825408935547,-104.35246276855469,-6.545244216918945,77.674560546875,0.2581325537406247
73,26,-9.667804718017578,48.00400161743164,-22.793563842773438,-105.3817138671875,-6.309597969055176,77.27743530273438,0.25553614523343227
73,27,-10.68320369720459,48.249183654785156,-23.12107276916504,-105.54633331298828,-6.464461326599121,77.18768310546875,0.2564912872078209
73,28,-10.40579605102539,47.75487518310547,-22.910568237304688,-106.89054870605469,-6.172656059265137,77.61534118652344,0.2548863809531741
73,29,-10.603508949279785,47.228355407714844,-24.42279052734375,-107.19462585449219,-6.256741523742676,77.1917724609375,0.257280962820561
73,30,-10.541645050048828,47.125831604003906,-24.342609405517578,-107.62288665771484,-6.138071060180664,77.29386901855469,0.25680982643026373
73,31,-11.088948249816895,46.30991744995117,-24.806781768798828,-107.44654083251953,-6.208904266357422,77.68251037597656,0.25675797379672194
73,32,-11.046573638916016,45.498634338378906,-24.65683937072754,-108.03720092773438,-6.131087303161621,79.31404113769531,0.2550880907659913
73,33,-11.271566390991211,44.52751159667969,-25.386110305786133,-108.34114074707031,-6.079239845275879,78.26931762695312,0.2551906813952366
73,34,-11.584424018859863,44.16129684448242,-24.937755584716797,-108.33172607421875,-6.180593490600586,78.90232849121094,0.2537080407069644
73,35,-11.464773178100586,42.5660400390625,-25.261432647705078,-109.11136627197266,-6.338911056518555,78.0511474609375,0.25179942225615454
73,36,-11.536111831665039,41.655967712402344,-25.60235023498535,-109.63115692138672,-6.434220314025879,77.27706909179688,0.25099276449513824
73,37,-11.3183012008667,41.22894287109375,-26.699426651000977,-109.03182220458984,-6.296806335449219,77.78660583496094,0.25309319660809
73,38,-11.407425880432129,41.37205505371094,-25.962966918945312,-109.10868835449219,-6.473213195800781,77.82342529296875,0.25163954388264514
73,39,-11.583629608154297,40.47747039794922,-27.013286590576172,-108.11434936523438,-6.110084533691406,77.11156463623047,0.2531001060702737
73,40,-11.713717460632324,40.14447784423828,-26.835294723510742,-108.29862976074219,-5.975530624389648,76.42723846435547,0.2521542953242388
73,41,-12.052886962890625,40.89768981933594,-26.588695526123047,-108.19367980957031,-6.118083953857422,74.04686737060547,0.2527432060677342
73,42,-12.672511100769043,41.252559661865234,-25.724905014038086,-108.65275573730469,-6.271181106567383,60.72067642211914,0.25115123734067996
73,43,-12.747591018676758,40.11181640625,-26.82416534423828,-108.60185241699219,-5.8904194831848145,57.90497589111328,0.2519470350840603
73,44,-13.304365158081055,40.2379035949707,-26.59040641784668,-108.48486328125,-5.926299095153809,58.433319091796875,0.2516685456462729
73,45,-14.59974193572998,41.975311279296875,-27.559593200683594,-107.47950744628906,-5.808493614196777,65.11695861816406,0.2566223911490919
73,46,-16.930116653442383,43.21842956542969,-29.62980842590332,-106.4263916015625,-4.816498756408691,70.93799591064453,0.2628629937906174
73,47,-18.370332717895508,42.36791229248047,-31.53403663635254,-105.29059600830078,-4.475576400756836,65.90641784667969,0.2656944561963572
73,48,-17.873218536376953,41.70706558227539,-31.480031967163086,-106.17417907714844,-4.753457069396973,65.2266616821289,0.2645831485720771
73,49,-9.029135704040527,32.642333984375,-21.78968048095703,-86.61698150634766,-6.224292755126953,49.32257080078125,0.23711483075268436
74,0,-14.780296325683594,83.52658081054688,-1.3574562072753906,-90.21454620361328,-6.9906206130981445,64.31275939941406,0.25588682687209907
74,1,-14.52565860748291,81.36164093017578,0.26682090759277344,-92.13095092773438,-7.365939140319824,65.78433227539062,0.2510298589444565
74,2,-14.057212829589844,77.3587417602539,-1.7386054992675781,-93.48841857910156,-7.385705947875977,67.87593078613281,0.25073780922879246
74,3,-14.637883186340332,74.86744689941406,-4.676883697509766,-93.02165985107422,-7.655393600463867,72.49124908447266,0.25378908670586564
74,4,-14.698725700378418,72.02787017822266,-8.628541946411133,-92.5169906616211,-7.544255256652832,72.0433349609375,0.25808223479043346
74,5,-14.586420059204102,67.02494812011719,-13.479071617126465,-92.70738983154297,-7.418816566467285,73.90426635742188,0.2615383639615559
74,6,-13.205909729003906,63.56886672973633,-21.964435577392578,-92.16801452636719,-6.563702583312988,79.26675415039062,0.2714501934372585
74,7,-12.837577819824219,63.20411682128906,-24.417869567871094,-92.58012390136719,-6.974636077880859,85.3110580444336,0.27473201457075547
74,8,-11.72547435760498,61.606346130371094,-25.469205856323242,-94.34471130371094,-7.03208065032959,85.01469421386719,0.2754492748772488
74,9,-10.605456352233887,61.07191848754883,-25.41779899597168,-95.20413208007812,-6.973566055297852,84.10623931884766,0.27516452823055687
74,10,-10.107404708862305,59.50784683227539,-27.50844955444336,-96.08771514892578,-6.86541748046875,83.54340362548828,0.2770509796054995
74,11,-9.962357521057129,58.241764068603516,-28.52235984802246,-97.08023834228516,-6.807568550109863,83.38211059570312,0.2776550806061169
74,12,-9.817127227783203,56.712650299072266,-29.362098693847656,-97.69730377197266,-6.681617736816406,83.16571044921875,0.27762248879858653
74,13,-9.068390846252441,55.11827850341797,-29.351099014282227,-97.78477478027344,-6.602212905883789,82.63204956054688,0.27608037660770013
74,14,-8.73330307006836,54.135128021240234,-29.41964340209961,-98.93273162841797,-6.652705192565918,82.09103393554688,0.275446060117268
74,15,-8.921879768371582,53.441585540771484,-28.937679290771484,-99.60693359375,-6.715546607971191,82.4861068725586,0.27406857346681496
74,16,-9.022340774536133,54.787288665771484,-26.78618812561035,-100.5365219116211,-6.954251289367676,81.36046600341797,0.2720173854121755
74,17,-9.271208763122559,53.46837615966797,-26.343101501464844,-101.89195251464844,-7.026775360107422,80.96005249023438,0.26981054311571606
74,18,-9.566744804382324,53.619388580322266,-24.56707763671875,-102.74268341064453,-6.94410514831543,80.3831787109375,0.266686362058593
74,19,-9.189833641052246,53.13701248168945,-22.96302032470703,-104.34820556640625,-6.942598342895508,80.00218200683594,0.26275690885619235
74,20,-8.98762321472168,51.289974212646484,-23.418785095214844,-104.35071563720703,-6.792548179626465,80.46430969238281,0.26136551994653967
74,21,-8.787346839904785,49.17844009399414,-24.458383560180664,-103.79563903808594,-6.580399513244629,79.32600402832031,0.2608987180612586
74,22,-8.747061729431152,49.79218673706055,-22.312541961669922,-104.031494140625,-6.594605445861816,79.13018798828125,0.25731569010479216
74,23,-9.028154373168945,48.762245178222656,-22.740646362304688,-103.93731689453125,-6.492422103881836,78.48928833007812,0.2568837113169234
74,24,-9.510820388793945,49.29035949707031,-22.76486587524414,-104.0644760131836,-6.556336402893066,76.91734313964844,0.25757978499629197
74,25,-9.347002029418945,48.94412612915039,-23.296825408935547,-104.35246276855469,-6.545244216918945,77.674560546875,0.2581325537406247
74,26,-9.667804718017578,48.00400161743164,-22.793563842773438,-105.3817138671875,-6.309597969055176,77.27743530273438,0.25553614523343227
74,27,-10.68320369720459,48.249183654785156,-23.12107276916504,-105.54633331298828,-6.464461326599121,77.18768310546875,0.2564912872078209
74,28,-10.40579605102539,47.75487518310547,-22.910568237304688,-106.89054870605469,-6.172656059265137,77.61534118652344,0.2548863809531741
74,29,-10.603508949279785,47.228355407714844,-24.42279052734375,-107.19462585449219,-6.256741523742676,77.1917724609375,0.257280962820561
74,30,-10.541645050048828,47.125831604003906,-24.342609405517578,-107.62288665771484,-6.138071060180664,77.29386901855469,0.25680982643026373
74,31,-11.088948249816895,46.30991744995117,-24.806781768798828,-107.44654083251953,-6.208904266357422,77.68251037597656,0.25675797379672194
74,32,-11.046573638916016,45.498634338378906,-24.65683937072754,-108.03720092773438,-6.131087303161621,79.31404113769531,0.2550880907659913
74,33,-11.271566390991211,44.52751159667969,-25.386110305786133,-108.34114074707031,-6.079239845275879,78.26931762695312,0.2551906813952366
74,34,-11.584424018859863,44.16129684448242,-24.937755584716797,-108.33172607421875,-6.180593490600586,78.90232849121094,0.2537080407069644
74,35,-11.464773178100586,42.5660400390625,-25.261432647705078,-109.11136627197266,-6.338911056518555,78.0511474609375,0.25179942225615454
74,36,-11.536111831665039,41.655967712402344,-25.60235023498535,-109.63115692138672,-6.434220314025879,77.27706909179688,0.25099276449513824
74,37,-11.3183012008667,41.22894287109375,-26.699426651000977,-109.03182220458984,-6.296806335449219,77.78660583496094,0.25309319660809
74,38,-11.407425880432129,41.37205505371094,-25.962966918945312,-109.10868835449219,-6.473213195800781,77.82342529296875,0.25163954388264514
74,39,-11.583629608154297,40.47747039794922,-27.013286590576172,-108.11434936523438,-6.110084533691406,77.11156463623047,0.2531001060702737
74,40,-11.713717460632324,40.14447784423828,-26.835294723510742,-108.29862976074219,-5.975530624389648,76.42723846435547,0.2521542953242388
74,41,-12.052886962890625,40.89768981933594,-26.588695526123047,-108.19367980957031,-6.118083953857422,74.04686737060547,0.2527432060677342
74,42,-12.672511100769043,41.252559661865234,-25.724905014038086,-108.65275573730469,-6.271181106567383,60.72067642211914,0.25115123734067996
74,43,-12.747591018676758,40.11181640625,-26.82416534423828,-108.60185241699219,-5.8904194831848145,57.90497589111328,0.2519470350840603
74,44,-13.304365158081055,40.2379035949707,-26.59040641784668,-108.48486328125,-5.926299095153809,58.433319091796875,0.2516685456462729
74,45,-14.59974193572998,41.975311279296875,-27.559593200683594,-107.47950744628906,-5.808493614196777,65.11695861816406,0.2566223911490919
74,46,-16.930116653442383,43.21842956542969,-29.62980842590332,-106.4263916015625,-4.816498756408691,70.93799591064453,0.2628629937906174
74,47,-18.370332717895508,42.36791229248047,-31.53403663635254,-105.29059600830078,-4.475576400756836,65.90641784667969,0.2656944561963572
74,48,-17.873218536376953,41.70706558227539,-31.480031967163086,-106.17417907714844,-4.753457069396973,65.2266616821289,0.2645831485720771
74,49,-9.029135704040527,32.642333984375,-21.78968048095703,-86.61698150634766,-6.224292755126953,49.32257080078125,0.23711483075268436
75,0,-14.780296325683594,83.52658081054688,-1.3574562072753906,-90.21454620361328,-6.9906206130981445,64.31275939941406,0.25588682687209907
75,1,-14.52565860748291,81.36164093017578,0.26682090759277344,-92.13095092773438,-7.365939140319824,65.78433227539062,0.2510298589444565
75,2,-14.057212829589844,77.3587417602539,-1.7386054992675781,-93.48841857910156,-7.385705947875977,67.87593078613281,0.25073780922879246
75,3,-14.637883186340332,74.86744689941406,-4.676883697509766,-93.02165985107422,-7.655393600463867,72.49124908447266,0.25378908670586564
75,4,-14.698725700378418,72.02787017822266,-8.628541946411133,-92.5169906616211,-7.544255256652832,72.0433349609375,0.25808223479043346
75,5,-14.586420059204102,67.02494812011719,-13.479071617126465,-92.70738983154297,-7.418816566467285,73.90426635742188,0.2615383639615559
75,6,-13.205909729003906,63.56886672973633,-21.964435577392578,-92.16801452636719,-6.563702583312988,79.26675415039062,0.2714501934372585
75,7,-12.837577819824219,63.20411682128906,-24.417869567871094,-92.58012390136719,-6.974636077880859,85.3110580444336,0.27473201457075547
75,8,-11.72547435760498,61.606346130371094,-25.469205856323242,-94.34471130371094,-7.03208065032959,85.01469421386719,0.2754492748772488
75,9,-10.605456352233887,61.07191848754883,-25.41779899597168,-95.20413208007812,-6.973566055297852,84.10623931884766,0.27516452823055687
75,10,-10.107404708862305,59.50784683227539,-27.50844955444336,-96.08771514892578,-6.86541748046875,83.54340362548828,0.2770509796054995
75,11,-9.962357521057129,58.241764068603516,-28.52235984802246,-97.08023834228516,-6.807568550109863,83.38211059570312,0.2776550806061169
75,12,-9.817127227783203,56.712650299072266,-29.362098693847656,-97.69730377197266,-6.681617736816406,83.16571044921875,0.27762248879858653
75,13,-9.068390846252441,55.11827850341797,-29.351099014282227,-97.78477478027344,-6.602212905883789,82.63204956054688,0.27608037660770013
75,14,-8.73330307006836,54.135128021240234,-29.41964340209961,-98.93273162841797,-6.652705192565918,82.09103393554688,0.275446060117268
75,15,-8.921879768371582,53.441585540771484,-28.937679290771484,-99.60693359375,-6.715546607971191,82.4861068725586,0.27406857346681496
75,16,-9.022340774536133,54.787288665771484,-26.78618812561035,-100.5365219116211,-6.954251289367676,81.36046600341797,0.2720173854121755
75,17,-9.271208763122559,53.46837615966797,-26.343101501464844,-101.89195251464844,-7.026775360107422,80.96005249023438,0.26981054311571606
75,18,-9.566744804382324,53.619388580322266,-24.56707763671875,-102.74268341064453,-6.94410514831543,80.3831787109375,0.266686362058593
75,19,-9.189833641052246,53.13701248168945,-22.96302032470703,-104.34820556640625,-6.942598342895508,80.00218200683594,0.26275690885619235
75,20,-8.98762321472168,51.289974212646484,-23.418785095214844,-104.35071563720703,-6.792548179626465,80.46430969238281,0.26136551994653967
75,21,-8.787346839904785,49.17844009399414,-24.458383560180664,-103.79563903808594,-6.580399513244629,79.32600402832031,0.2608987180612586
75,22,-8.747061729431152,49.79218673706055,-22.312541961669922,-104.031494140625,-6.594605445861816,79.13018798828125,0.25731569010479216
75,23,-9.028154373168945,48.762245178222656,-22.740646362304688,-103.93731689453125,-6.492422103881836,78.48928833007812,0.2568837113169234
75,24,-9.510820388793945,49.29035949707031,-22.76486587524414,-104.0644760131836,-6.556336402893066,76.91734313964844,0.25757978499629197
75,25,-9.347002029418945,48.94412612915039,-23.296825408935547,-104.35246276855469,-6.545244216918945,77.674560546875,0.2581325537406247
75,26,-9.667804718017578,48.00400161743164,-22.793563842773438,-105.3817138671875,-6.309597969055176,77.27743530273438,0.25553614523343227
75,27,-10.68320369720459,48.249183654785156,-23.12107276916504,-105.54633331298828,-6.464461326599121,77.18768310546875,0.2564912872078209
75,28,-10.40579605102539,47.75487518310547,-22.910568237304688,-106.89054870605469,-6.172656059265137,77.61534118652344,0.2548863809531741
75,29,-10.603508949279785,47.228355407714844,-24.42279052734375,-107.19462585449219,-6.256741523742676,77.1917724609375,0.257280962820561
75,30,-10.541645050048828,47.125831604003906,-24.342609405517578,-107.62288665771484,-6.138071060180664,77.29386901855469,0.25680982643026373
75,31,-11.088948249816895,46.30991744995117,-24.806781768798828,-107.44654083251953,-6.208904266357422,77.68251037597656,0.25675797379672194
75,32,-11.046573638916016,45.498634338378906,-24.65683937072754,-108.03720092773438,-6.131087303161621,79.31404113769531,0.2550880907659913
75,33,-11.271566390991211,44.52751159667969,-25.386110305786133,-108.34114074707031,-6.079239845275879,78.26931762695312,0.2551906813952366
75,34,-11.584424018859863,44.16129684448242,-24.937755584716797,-108.33172607421875,-6.180593490600586,78.90232849121094,0.2537080407069644
75,35,-11.464773178100586,42.5660400390625,-25.261432647705078,-109.11136627197266,-6.338911056518555,78.0511474609375,0.25179942225615454
75,36,-11.536111831665039,41.655967712402344,-25.60235023498535,-109.63115692138672,-6.434220314025879,77.27706909179688,0.25099276449513824
75,37,-11.3183012008667,41.22894287109375,-26.699426651000977,-109.03182220458984,-6.296806335449219,77.78660583496094,0.25309319660809
75,38,-11.407425880432129,41.37205505371094,-25.962966918945312,-109.10868835449219,-6.473213195800781,77.82342529296875,0.25163954388264514
75,39,-11.583629608154297,40.47747039794922,-27.013286590576172,-108.11434936523438,-6.110084533691406,77.11156463623047,0.2531001060702737
75,40,-11.713717460632324,40.14447784423828,-26.835294723510742,-108.29862976074219,-5.975530624389648,76.42723846435547,0.2521542953242388
75,41,-12.052886962890625,40.89768981933594,-26.588695526123047,-108.19367980957031,-6.118083953857422,74.04686737060547,0.2527432060677342
75,42,-12.672511100769043,41.252559661865234,-25.724905014038086,-108.65275573730469,-6.271181106567383,60.72067642211914,0.25115123734067996
75,43,-12.747591018676758,40.11181640625,-26.82416534423828,-108.60185241699219,-5.8904194831848145,57.90497589111328,0.2519470350840603
75,44,-13.304365158081055,40.2379035949707,-26.59040641784668,-108.48486328125,-5.926299095153809,58.433319091796875,0.2516685456462729
75,45,-14.59974193572998,41.975311279296875,-27.559593200683594,-107.47950744628906,-5.808493614196777,65.11695861816406,0.2566223911490919
75,46,-16.930116653442383,43.21842956542969,-29.62980842590332,-106.4263916015625,-4.816498756408691,70.93799591064453,0.2628629937906174
75,47,-18.370332717895508,42.36791229248047,-31.53403663635254,-105.29059600830078,-4.475576400756836,65.90641784667969,0.2656944561963572
75,48,-17.873218536376953,41.70706558227539,-31.480031967163086,-106.17417907714844,-4.753457069396973,65.2266616821289,0.2645831485720771
75,49,-9.029135704040527,32.642333984375,-21.78968048095703,-86.61698150634766,-6.224292755126953,49.32257080078125,0.23711483075268436
76,0,-14.780296325683594,83.52658081054688,-1.3574562072753906,-90.21454620361328,-6.9906206130981445,64.31275939941406,0.25588682687209907
76,1,-14.52565860748291,81.36164093017578,0.26682090759277344,-92.13095092773438,-7.365939140319824,65.78433227539062,0.2510298589444565
76,2,-14.057212829589844,77.3587417602539,-1.7386054992675781,-93.48841857910156,-7.385705947875977,67.87593078613281,0.25073780922879246
76,3,-14.637883186340332,74.86744689941406,-4.676883697509766,-93.02165985107422,-7.655393600463867,72.49124908447266,0.25378908670586564
76,4,-14.698725700378418,72.02787017822266,-8.628541946411133,-92.5169906616211,-7.544255256652832,72.0433349609375,0.25808223479043346
76,5,-14.586420059204102,67.02494812011719,-13.479071617126465,-92.70738983154297,-7.418816566467285,73.90426635742188,0.2615383639615559
76,6,-13.205909729003906,63.56886672973633,-21.964435577392578,-92.16801452636719,-6.563702583312988,79.26675415039062,0.2714501934372585
76,7,-12.837577819824219,63.20411682128906,-24.417869567871094,-92.58012390136719,-6.974636077880859,85.3110580444336,0.27473201457075547
76,8,-11.72547435760498,61.606346130371094,-25.469205856323242,-94.34471130371094,-7.03208065032959,85.01469421386719,0.2754492748772488
76,9,-10.605456352233887,61.07191848754883,-25.41779899597168,-95.20413208007812,-6.973566055297852,84.10623931884766,0.27516452823055687
76,10,-10.107404708862305,59.50784683227539,-27.50844955444336,-96.08771514892578,-6.86541748046875,83.54340362548828,0.2770509796054995
76,11,-9.962357521057129,58.241764068603516,-28.52235984802246,-97.08023834228516,-6.807568550109863,83.38211059570312,0.2776550806061169
76,12,-9.817127227783203,56.712650299072266,-29.362098693847656,-97.69730377197266,-6.681617736816406,83.16571044921875,0.27762248879858653
76,13,-9.068390846252441,55.11827850341797,-29.351099014282227,-97.78477478027344,-6.602212905883789,82.63204956054688,0.27608037660770013
76,14,-8.73330307006836,54.135128021240234,-29.41964340209961,-98.93273162841797,-6.652705192565918,82.09103393554688,0.275446060117268
76,15,-8.921879768371582,53.441585540771484,-28.937679290771484,-99.60693359375,-6.715546607971191,82.4861068725586,0.27406857346681496
76,16,-9.022340774536133,54.787288665771484,-26.78618812561035,-100.5365219116211,-6.954251289367676,81.36046600341797,0.2720173854121755
76,17,-9.271208763122559,53.46837615966797,-26.343101501464844,-101.89195251464844,-7.026775360107422,80.96005249023438,0.26981054311571606
76,18,-9.566744804382324,53.619388580322266,-24.56707763671875,-102.74268341064453,-6.94410514831543,80.3831787109375,0.266686362058593
76,19,-9.189833641052246,53.13701248168945,-22.96302032470703,-104.34820556640625,-6.942598342895508,80.00218200683594,0.26275690885619235
76,20,-8.98762321472168,51.289974212646484,-23.418785095214844,-104.35071563720703,-6.792548179626465,80.46430969238281,0.26136551994653967
76,21,-8.787346839904785,49.17844009399414,-24.458383560180664,-103.79563903808594,-6.580399513244629,79.32600402832031,0.2608987180612586
76,22,-8.747061729431152,49.79218673706055,-22.312541961669922,-104.031494140625,-6.594605445861816,79.13018798828125,0.25731569010479216
76,23,-9.028154373168945,48.762245178222656,-22.740646362304688,-103.93731689453125,-6.492422103881836,78.48928833007812,0.2568837113169234
76,24,-9.510820388793945,49.29035949707031,-22.76486587524414,-104.0644760131836,-6.556336402893066,76.91734313964844,0.25757978499629197
76,25,-9.347002029418945,48.94412612915039,-23.296825408935547,-104.35246276855469,-6.545244216918945,77.674560546875,0.2581325537406247
76,26,-9.667804718017578,48.00400161743164,-22.793563842773438,-105.3817138671875,-6.309597969055176,77.27743530273438,0.25553614523343227
76,27,-10.68320369720459,48.249183654785156,-23.12107276916504,-105.54633331298828,-6.464461326599121,77.18768310546875,0.2564912872078209
76,28,-10.40579605102539,47.75487518310547,-22.910568237304688,-106.89054870605469,-6.172656059265137,77.61534118652344,0.2548863809531741
76,29,-10.603508949279785,47.228355407714844,-24.42279052734375,-107.19462585449219,-6.256741523742676,77.1917724609375,0.257280962820561
76,30,-10.541645050048828,47.125831604003906,-24.342609405517578,-107.62288665771484,-6.138071060180664,77.29386901855469,0.25680982643026373
76,31,-11.088948249816895,46.30991744995117,-24.806781768798828,-107.44654083251953,-6.208904266357422,77.68251037597656,0.25675797379672194
76,32,-11.046573638916016,45.498634338378906,-24.65683937072754,-108.03720092773438,-6.131087303161621,79.31404113769531,0.2550880907659913
76,33,-11.271566390991211,44.52751159667969,-25.386110305786133,-108.34114074707031,-6.079239845275879,78.26931762695312,0.2551906813952366
76,34,-11.584424018859863,44.16129684448242,-24.937755584716797,-108.33172607421875,-6.180593490600586,78.90232849121094,0.2537080407069644
76,35,-11.464773178100586,42.5660400390625,-25.261432647705078,-109.11136627197266,-6.338911056518555,78.0511474609375,0.25179942225615454
76,36,-11.536111831665039,41.655967712402344,-25.60235023498535,-109.63115692138672,-6.434220314025879,77.27706909179688,0.25099276449513824
76,37,-11.3183012008667,41.22894287109375,-26.699426651000977,-109.03182220458984,-6.296806335449219,77.78660583496094,0.25309319660809
76,38,-11.407425880432129,41.37205505371094,-25.962966918945312,-109.10868835449219,-6.473213195800781,77.82342529296875,0.25163954388264514
76,39,-11.583629608154297,40.47747039794922,-27.013286590576172,-108.11434936523438,-6.110084533691406,77.11156463623047,0.2531001060702737
76,40,-11.713717460632324,40.14447784423828,-26.835294723510742,-108.29862976074219,-5.975530624389648,76.42723846435547,0.2521542953242388
76,41,-12.052886962890625,40.89768981933594,-26.588695526123047,-108.19367980957031,-6.118083953857422,74.04686737060547,0.2527432060677342
76,42,-12.672511100769043,41.252559661865234,-25.724905014038086,-108.65275573730469,-6.271181106567383,60.72067642211914,0.25115123734067996
76,43,-12.747591018676758,40.11181640625,-26.82416534423828,-108.60185241699219,-5.8904194831848145,57.90497589111328,0.2519470350840603
76,44,-13.304365158081055,40.2379035949707,-26.59040641784668,-108.48486328125,-5.926299095153809,58.433319091796875,0.2516685456462729
76,45,-14.59974193572998,41.975311279296875,-27.559593200683594,-107.47950744628906,-5.808493614196777,65.11695861816406,0.2566223911490919
76,46,-16.930116653442383,43.21842956542969,-29.62980842590332,-106.4263916015625,-4.816498756408691,70.93799591064453,0.2628629937906174
76,47,-18.370332717895508,42.36791229248047,-31.53403663635254,-105.29059600830078,-4.475576400756836,65.90641784667969,0.2656944561963572
76,48,-17.873218536376953,41.70706558227539,-31.480031967163086,-106.17417907714844,-4.753457069396973,65.2266616821289,0.2645831485720771
76,49,-9.029135704040527,32.642333984375,-21.78968048095703,-86.61698150634766,-6.224292755126953,49.32257080078125,0.23711483075268436
77,0,-14.780296325683594,83.52658081054688,-1.3574562072753906,-90.21454620361328,-6.9906206130981445,64.31275939941406,0.25588682687209907
77,1,-14.52565860748291,81.36164093017578,0.26682090759277344,-92.13095092773438,-7.365939140319824,65.78433227539062,0.2510298589444565
77,2,-14.057212829589844,77.3587417602539,-1.7386054992675781,-93.48841857910156,-7.385705947875977,67.87593078613281,0.25073780922879246
77,3,-14.637883186340332,74.86744689941406,-4.676883697509766,-93.02165985107422,-7.655393600463867,72.49124908447266,0.25378908670586564
77,4,-14.698725700378418,72.02787017822266,-8.628541946411133,-92.5169906616211,-7.544255256652832,72.0433349609375,0.25808223479043346
77,5,-14.586420059204102,67.02494812011719,-13.479071617126465,-92.70738983154297,-7.418816566467285,73.90426635742188,0.2615383639615559
77,6,-13.205909729003906,63.56886672973633,-21.964435577392578,-92.16801452636719,-6.563702583312988,79.26675415039062,0.2714501934372585
77,7,-12.837577819824219,63.20411682128906,-24.417869567871094,-92.58012390136719,-6.974636077880859,85.3110580444336,0.27473201457075547
77,8,-11.72547435760498,61.606346130371094,-25.469205856323242,-94.34471130371094,-7.03208065032959,85.01469421386719,0.2754492748772488
77,9,-10.605456352233887,61.07191848754883,-25.41779899597168,-95.20413208007812,-6.973566055297852,84.10623931884766,0.27516452823055687
77,10,-10.107404708862305,59.50784683227539,-27.50844955444336,-96.08771514892578,-6.86541748046875,83.54340362548828,0.2770509796054995
77,11,-9.962357521057129,58.241764068603516,-28.52235984802246,-97.08023834228516,-6.807568550109863,83.38211059570312,0.2776550806061169
77,12,-9.817127227783203,56.712650299072266,-29.362098693847656,-97.69730377197266,-6.681617736816406,83.16571044921875,0.27762248879858653
77,13,-9.068390846252441,55.11827850341797,-29.351099014282227,-97.78477478027344,-6.602212905883789,82.63204956054688,0.27608037660770013
77,14,-8.73330307006836,54.135128021240234,-29.41964340209961,-98.93273162841797,-6.652705192565918,82.09103393554688,0.275446060117268
77,15,-8.921879768371582,53.441585540771484,-28.937679290771484,-99.60693359375,-6.715546607971191,82.4861068725586,0.27406857346681496
77,16,-9.022340774536133,54.787288665771484,-26.78618812561035,-100.5365219116211,-6.954251289367676,81.36046600341797,0.2720173854121755
77,17,-9.271208763122559,53.46837615966797,-26.343101501464844,-101.89195251464844,-7.026775360107422,80.96005249023438,0.26981054311571606
77,18,-9.566744804382324,53.619388580322266,-24.56707763671875,-102.74268341064453,-6.94410514831543,80.3831787109375,0.266686362058593
77,19,-9.189833641052246,53.13701248168945,-22.96302032470703,-104.34820556640625,-6.942598342895508,80.00218200683594,0.26275690885619235
77,20,-8.98762321472168,51.289974212646484,-23.418785095214844,-104.35071563720703,-6.792548179626465,80.46430969238281,0.26136551994653967
77,21,-8.787346839904785,49.17844009399414,-24.458383560180664,-103.79563903808594,-6.580399513244629,79.32600402832031,0.2608987180612586
77,22,-8.747061729431152,49.79218673706055,-22.312541961669922,-104.031494140625,-6.594605445861816,79.13018798828125,0.25731569010479216
77,23,-9.028154373168945,48.762245178222656,-22.740646362304688,-103.93731689453125,-6.492422103881836,78.48928833007812,0.2568837113169234
77,24,-9.510820388793945,49.29035949707031,-22.76486587524414,-104.0644760131836,-6.556336402893066,76.91734313964844,0.25757978499629197
77,25,-9.347002029418945,48.94412612915039,-23.296825408935547,-104.35246276855469,-6.545244216918945,77.674560546875,0.2581325537406247
77,26,-9.667804718017578,48.00400161743164,-22.793563842773438,-105.3817138671875,-6.309597969055176,77.27743530273438,0.25553614523343227
77,27,-10.68320369720459,48.249183654785156,-23.12107276916504,-105.54633331298828,-6.464461326599121,77.18768310546875,0.2564912872078209
77,28,-10.40579605102539,47.75487518310547,-22.910568237304688,-106.89054870605469,-6.172656059265137,77.61534118652344,0.2548863809531741
77,29,-10.603508949279785,47.228355407714844,-24.42279052734375,-107.19462585449219,-6.256741523742676,77.1917724609375,0.257280962820561
77,30,-10.541645050048828,47.125831604003906,-24.342609405517578,-107.62288665771484,-6.138071060180664,77.29386901855469,0.25680982643026373
77,31,-11.088948249816895,46.30991744995117,-24.806781768798828,-107.44654083251953,-6.208904266357422,77.68251037597656,0.25675797379672194
77,32,-11.046573638916016,45.498634338378906,-24.65683937072754,-108.03720092773438,-6.131087303161621,79.31404113769531,0.2550880907659913
77,33,-11.271566390991211,44.52751159667969,-25.386110305786133,-108.34114074707031,-6.079239845275879,78.26931762695312,0.2551906813952366
77,34,-11.584424018859863,44.16129684448242,-24.937755584716797,-108.33172607421875,-6.180593490600586,78.90232849121094,0.2537080407069644
77,35,-11.464773178100586,42.5660400390625,-25.261432647705078,-109.11136627197266,-6.338911056518555,78.0511474609375,0.25179942225615454
77,36,-11.536111831665039,41.655967712402344,-25.60235023498535,-109.63115692138672,-6.434220314025879,77.27706909179688,0.25099276449513824
77,37,-11.3183012008667,41.22894287109375,-26.699426651000977,-109.03182220458984,-6.296806335449219,77.78660583496094,0.25309319660809
77,38,-11.407425880432129,41.37205505371094,-25.962966918945312,-109.10868835449219,-6.473213195800781,77.82342529296875,0.25163954388264514
77,39,-11.583629608154297,40.47747039794922,-27.013286590576172,-108.11434936523438,-6.110084533691406,77.11156463623047,0.2531001060702737
77,40,-11.713717460632324,40.14447784423828,-26.835294723510742,-108.29862976074219,-5.975530624389648,76.42723846435547,0.2521542953242388
77,41,-12.052886962890625,40.89768981933594,-26.588695526123047,-108.19367980957031,-6.118083953857422,74.04686737060547,0.2527432060677342
77,42,-12.672511100769043,41.252559661865234,-25.724905014038086,-108.65275573730469,-6.271181106567383,60.72067642211914,0.25115123734067996
77,43,-12.747591018676758,40.11181640625,-26.82416534423828,-108.60185241699219,-5.8904194831848145,57.90497589111328,0.2519470350840603
77,44,-13.304365158081055,40.2379035949707,-26.59040641784668,-108.48486328125,-5.926299095153809,58.433319091796875,0.2516685456462729
77,45,-14.59974193572998,41.975311279296875,-27.559593200683594,-107.47950744628906,-5.808493614196777,65.11695861816406,0.2566223911490919
77,46,-16.930116653442383,43.21842956542969,-29.62980842590332,-106.4263916015625,-4.816498756408691,70.93799591064453,0.2628629937906174
77,47,-18.370332717895508,42.36791229248047,-31.53403663635254,-105.29059600830078,-4.475576400756836,65.90641784667969,0.2656944561963572
77,48,-17.873218536376953,41.70706558227539,-31.480031967163086,-106.17417907714844,-4.753457069396973,65.2266616821289,0.2645831485720771
77,49,-9.029135704040527,32.642333984375,-21.78968048095703,-86.61698150634766,-6.224292755126953,49.32257080078125,0.23711483075268436
78,0,-14.780296325683594,83.52658081054688,-1.3574562072753906,-90.21454620361328,-6.9906206130981445,64.31275939941406,0.25588682687209907
78,1,-14.52565860748291,81.36164093017578,0.26682090759277344,-92.13095092773438,-7.365939140319824,65.78433227539062,0.2510298589444565
78,2,-14.057212829589844,77.3587417602539,-1.7386054992675781,-93.48841857910156,-7.385705947875977,67.87593078613281,0.25073780922879246
78,3,-14.637883186340332,74.86744689941406,-4.676883697509766,-93.02165985107422,-7.655393600463867,72.49124908447266,0.25378908670586564
78,4,-14.698725700378418,72.02787017822266,-8.628541946411133,-92.5169906616211,-7.544255256652832,72.0433349609375,0.25808223479043346
78,5,-14.586420059204102,67.02494812011719,-13.479071617126465,-92.70738983154297,-7.418816566467285,73.90426635742188,0.2615383639615559
78,6,-13.205909729003906,63.56886672973633,-21.964435577392578,-92.16801452636719,-6.563702583312988,79.26675415039062,0.2714501934372585
78,7,-12.837577819824219,63.20411682128906,-24.417869567871094,-92.58012390136719,-6.974636077880859,85.3110580444336,0.27473201457075547
78,8,-11.72547435760498,61.606346130371094,-25.469205856323242,-94.34471130371094,-7.03208065032959,85.01469421386719,0.2754492748772488
78,9,-10.605456352233887,61.07191848754883,-25.41779899597168,-95.20413208007812,-6.973566055297852,84.10623931884766,0.27516452823055687
78,10,-10.107404708862305,59.50784683227539,-27.50844955444336,-96.08771514892578,-6.86541748046875,83.54340362548828,0.2770509796054995
78,11,-9.962357521057129,58.241764068603516,-28.52235984802246,-97.08023834228516,-6.807568550109863,83.38211059570312,0.2776550806061169
78,12,-9.817127227783203,56.712650299072266,-29.362098693847656,-97.69730377197266,-6.681617736816406,83.16571044921875,0.27762248879858653
78,13,-9.068390846252441,55.11827850341797,-29.351099014282227,-97.78477478027344,-6.602212905883789,82.63204956054688,0.27608037660770013
78,14,-8.73330307006836,54.135128021240234,-29.41964340209961,-98.93273162841797,-6.652705192565918,82.09103393554688,0.275446060117268
78,15,-8.921879768371582,53.441585540771484,-28.937679290771484,-99.60693359375,-6.715546607971191,82.4861068725586,0.27406857346681496
78,16,-9.022340774536133,54.787288665771484,-26.78618812561035,-100.5365219116211,-6.954251289367676,81.36046600341797,0.2720173854121755
78,17,-9.271208763122559,53.46837615966797,-26.343101501464844,-101.89195251464844,-7.026775360107422,80.96005249023438,0.26981054311571606
78,18,-9.566744804382324,53.619388580322266,-24.56707763671875,-102.74268341064453,-6.94410514831543,80.3831787109375,0.266686362058593
78,19,-9.189833641052246,53.13701248168945,-22.96302032470703,-104.34820556640625,-6.942598342895508,80.00218200683594,0.26275690885619235
78,20,-8.98762321472168,51.289974212646484,-23.418785095214844,-104.35071563720703,-6.792548179626465,80.46430969238281,0.26136551994653967
78,21,-8.787346839904785,49.17844009399414,-24.458383560180664,-103.79563903808594,-6.580399513244629,79.32600402832031,0.2608987180612586
78,22,-8.747061729431152,49.79218673706055,-22.312541961669922,-104.031494140625,-6.594605445861816,79.13018798828125,0.25731569010479216
78,23,-9.028154373168945,48.762245178222656,-22.740646362304688,-103.93731689453125,-6.492422103881836,78.48928833007812,0.2568837113169234
78,24,-9.510820388793945,49.29035949707031,-22.76486587524414,-104.0644760131836,-6.556336402893066,76.91734313964844,0.25757978499629197
78,25,-9.347002029418945,48.94412612915039,-23.296825408935547,-104.35246276855469,-6.545244216918945,77.674560546875,0.2581325537406247
78,26,-9.667804718017578,48.00400161743164,-22.793563842773438,-105.3817138671875,-6.309597969055176,77.27743530273438,0.25553614523343227
78,27,-10.68320369720459,48.249183654785156,-23.12107276916504,-105.54633331298828,-6.464461326599121,77.18768310546875,0.2564912872078209
78,28,-10.40579605102539,47.75487518310547,-22.910568237304688,-106.89054870605469,-6.172656059265137,77.61534118652344,0.2548863809531741
78,29,-10.603508949279785,47.228355407714844,-24.42279052734375,-107.19462585449219,-6.256741523742676,77.1917724609375,0.257280962820561
78,30,-10.541645050048828,47.125831604003906,-24.342609405517578,-107.62288665771484,-6.138071060180664,77.29386901855469,0.25680982643026373
78,31,-11.088948249816895,46.30991744995117,-24.806781768798828,-107.44654083251953,-6.208904266357422,77.68251037597656,0.25675797379672194
78,32,-11.046573638916016,45.498634338378906,-24.65683937072754,-108.03720092773438,-6.131087303161621,79.31404113769531,0.2550880907659913
78,33,-11.271566390991211,44.52751159667969,-25.386110305786133,-108.34114074707031,-6.079239845275879,78.26931762695312,0.2551906813952366
78,34,-11.584424018859863,44.16129684448242,-24.937755584716797,-108.33172607421875,-6.180593490600586,78.90232849121094,0.2537080407069644
78,35,-11.464773178100586,42.5660400390625,-25.261432647705078,-109.11136627197266,-6.338911056518555,78.0511474609375,0.25179942225615454
78,36,-11.536111831665039,41.655967712402344,-25.60235023498535,-109.63115692138672,-6.434220314025879,77.27706909179688,0.25099276449513824
78,37,-11.3183012008667,41.22894287109375,-26.699426651000977,-109.03182220458984,-6.296806335449219,77.78660583496094,0.25309319660809
78,38,-11.407425880432129,41.37205505371094,-25.962966918945312,-109.10868835449219,-6.473213195800781,77.82342529296875,0.25163954388264514
78,39,-11.583629608154297,40.47747039794922,-27.013286590576172,-108.11434936523438,-6.110084533691406,77.11156463623047,0.2531001060702737
78,40,-11.713717460632324,40.14447784423828,-26.835294723510742,-108.29862976074219,-5.975530624389648,76.42723846435547,0.2521542953242388
78,41,-12.052886962890625,40.89768981933594,-26.588695526123047,-108.19367980957031,-6.118083953857422,74.04686737060547,0.2527432060677342
78,42,-12.672511100769043,41.252559661865234,-25.724905014038086,-108.65275573730469,-6.271181106567383,60.72067642211914,0.25115123734067996
78,43,-12.747591018676758,40.11181640625,-26.82416534423828,-108.60185241699219,-5.8904194831848145,57.90497589111328,0.2519470350840603
78,44,-13.304365158081055,40.2379035949707,-26.59040641784668,-108.48486328125,-5.926299095153809,58.433319091796875,0.2516685456462729
78,45,-14.59974193572998,41.975311279296875,-27.559593200683594,-107.47950744628906,-5.808493614196777,65.11695861816406,0.2566223911490919
78,46,-16.930116653442383,43.21842956542969,-29.62980842590332,-106.4263916015625,-4.816498756408691,70.93799591064453,0.2628629937906174
78,47,-18.370332717895508,42.36791229248047,-31.53403663635254,-105.29059600830078,-4.475576400756836,65.90641784667969,0.2656944561963572
78,48,-17.873218536376953,41.70706558227539,-31.480031967163086,-106.17417907714844,-4.753457069396973,65.2266616821289,0.2645831485720771
78,49,-9.029135704040527,32.642333984375,-21.78968048095703,-86.61698150634766,-6.224292755126953,49.32257080078125,0.23711483075268436
79,0,-14.780296325683594,83.52658081054688,-1.3574562072753906,-90.21454620361328,-6.9906206130981445,64.31275939941406,0.25588682687209907
79,1,-14.52565860748291,81.36164093017578,0.26682090759277344,-92.13095092773438,-7.365939140319824,65.78433227539062,0.2510298589444565
79,2,-14.057212829589844,77.3587417602539,-1.7386054992675781,-93.48841857910156,-7.385705947875977,67.87593078613281,0.25073780922879246
79,3,-14.637883186340332,74.86744689941406,-4.676883697509766,-93.02165985107422,-7.655393600463867,72.49124908447266,0.25378908670586564
79,4,-14.698725700378418,72.02787017822266,-8.628541946411133,-92.5169906616211,-7.544255256652832,72.0433349609375,0.25808223479043346
79,5,-14.586420059204102,67.02494812011719,-13.479071617126465,-92.70738983154297,-7.418816566467285,73.90426635742188,0.2615383639615559
79,6,-13.205909729003906,63.56886672973633,-21.964435577392578,-92.16801452636719,-6.563702583312988,79.26675415039062,0.2714501934372585
79,7,-12.837577819824219,63.20411682128906,-24.417869567871094,-92.58012390136719,-6.974636077880859,85.3110580444336,0.27473201457075547
79,8,-11.72547435760498,61.606346130371094,-25.469205856323242,-94.34471130371094,-7.03208065032959,85.01469421386719,0.2754492748772488
79,9,-10.605456352233887,61.07191848754883,-25.41779899597168,-95.20413208007812,-6.973566055297852,84.10623931884766,0.27516452823055687
79,10,-10.107404708862305,59.50784683227539,-27.50844955444336,-96.08771514892578,-6.86541748046875,83.54340362548828,0.2770509796054995
79,11,-9.962357521057129,58.241764068603516,-28.52235984802246,-97.08023834228516,-6.807568550109863,83.38211059570312,0.2776550806061169
79,12,-9.817127227783203,56.712650299072266,-29.362098693847656,-97.69730377197266,-6.681617736816406,83.16571044921875,0.27762248879858653
79,13,-9.068390846252441,55.11827850341797,-29.351099014282227,-97.78477478027344,-6.602212905883789,82.63204956054688,0.27608037660770013
79,14,-8.73330307006836,54.135128021240234,-29.41964340209961,-98.93273162841797,-6.652705192565918,82.09103393554688,0.275446060117268
79,15,-8.921879768371582,53.441585540771484,-28.937679290771484,-99.60693359375,-6.715546607971191,82.4861068725586,0.27406857346681496
79,16,-9.022340774536133,54.787288665771484,-26.78618812561035,-100.5365219116211,-6.954251289367676,81.36046600341797,0.2720173854121755
79,17,-9.271208763122559,53.46837615966797,-26.343101501464844,-101.89195251464844,-7.026775360107422,80.96005249023438,0.26981054311571606
79,18,-9.566744804382324,53.619388580322266,-24.56707763671875,-102.74268341064453,-6.94410514831543,80.3831787109375,0.266686362058593
79,19,-9.189833641052246,53.13701248168945,-22.96302032470703,-104.34820556640625,-6.942598342895508,80.00218200683594,0.26275690885619235
79,20,-8.98762321472168,51.289974212646484,-23.418785095214844,-104.35071563720703,-6.792548179626465,80.46430969238281,0.26136551994653967
79,21,-8.787346839904785,49.17844009399414,-24.458383560180664,-103.79563903808594,-6.580399513244629,79.32600402832031,0.2608987180612586
79,22,-8.747061729431152,49.79218673706055,-22.312541961669922,-104.031494140625,-6.594605445861816,79.13018798828125,0.25731569010479216
79,23,-9.028154373168945,48.762245178222656,-22.740646362304688,-103.93731689453125,-6.492422103881836,78.48928833007812,0.2568837113169234
79,24,-9.510820388793945,49.29035949707031,-22.76486587524414,-104.0644760131836,-6.556336402893066,76.91734313964844,0.25757978499629197
79,25,-9.347002029418945,48.94412612915039,-23.296825408935547,-104.35246276855469,-6.545244216918945,77.674560546875,0.2581325537406247
79,26,-9.667804718017578,48.00400161743164,-22.793563842773438,-105.3817138671875,-6.309597969055176,77.27743530273438,0.25553614523343227
79,27,-10.68320369720459,48.249183654785156,-23.12107276916504,-105.54633331298828,-6.464461326599121,77.18768310546875,0.2564912872078209
79,28,-10.40579605102539,47.75487518310547,-22.910568237304688,-106.89054870605469,-6.172656059265137,77.61534118652344,0.2548863809531741
79,29,-10.603508949279785,47.228355407714844,-24.42279052734375,-107.19462585449219,-6.256741523742676,77.1917724609375,0.257280962820561
79,30,-10.541645050048828,47.125831604003906,-24.342609405517578,-107.62288665771484,-6.138071060180664,77.29386901855469,0.25680982643026373
79,31,-11.088948249816895,46.30991744995117,-24.806781768798828,-107.44654083251953,-6.208904266357422,77.68251037597656,0.25675797379672194
79,32,-11.046573638916016,45.498634338378906,-24.65683937072754,-108.03720092773438,-6.131087303161621,79.31404113769531,0.2550880907659913
79,33,-11.271566390991211,44.52751159667969,-25.386110305786133,-108.34114074707031,-6.079239845275879,78.26931762695312,0.2551906813952366
79,34,-11.584424018859863,44.16129684448242,-24.937755584716797,-108.33172607421875,-6.180593490600586,78.90232849121094,0.2537080407069644
79,35,-11.464773178100586,42.5660400390625,-25.261432647705078,-109.11136627197266,-6.338911056518555,78.0511474609375,0.25179942225615454
79,36,-11.536111831665039,41.655967712402344,-25.60235023498535,-109.63115692138672,-6.434220314025879,77.27706909179688,0.25099276449513824
79,37,-11.3183012008667,41.22894287109375,-26.699426651000977,-109.03182220458984,-6.296806335449219,77.78660583496094,0.25309319660809
79,38,-11.407425880432129,41.37205505371094,-25.962966918945312,-109.10868835449219,-6.473213195800781,77.82342529296875,0.25163954388264514
79,39,-11.583629608154297,40.47747039794922,-27.013286590576172,-108.11434936523438,-6.110084533691406,77.11156463623047,0.2531001060702737
79,40,-11.713717460632324,40.14447784423828,-26.835294723510742,-108.29862976074219,-5.975530624389648,76.42723846435547,0.2521542953242388
79,41,-12.052886962890625,40.89768981933594,-26.588695526123047,-108.19367980957031,-6.118083953857422,74.04686737060547,0.2527432060677342
79,42,-12.672511100769043,41.252559661865234,-25.724905014038086,-108.65275573730469,-6.271181106567383,60.72067642211914,0.25115123734067996
79,43,-12.747591018676758,40.11181640625,-26.82416534423828,-108.60185241699219,-5.8904194831848145,57.90497589111328,0.2519470350840603
79,44,-13.304365158081055,40.2379035949707,-26.59040641784668,-108.48486328125,-5.926299095153809,58.433319091796875,0.2516685456462729
79,45,-14.59974193572998,41.975311279296875,-27.559593200683594,-107.47950744628906,-5.808493614196777,65.11695861816406,0.2566223911490919
79,46,-16.930116653442383,43.21842956542969,-29.62980842590332,-106.4263916015625,-4.816498756408691,70.93799591064453,0.2628629937906174
79,47,-18.370332717895508,42.36791229248047,-31.53403663635254,-105.29059600830078,-4.475576400756836,65.90641784667969,0.2656944561963572
79,48,-17.873218536376953,41.70706558227539,-31.480031967163086,-106.17417907714844,-4.753457069396973,65.2266616821289,0.2645831485720771
79,49,-9.029135704040527,32.642333984375,-21.78968048095703,-86.61698150634766,-6.224292755126953,49.32257080078125,0.23711483075268436
80,0,-14.780296325683594,83.52658081054688,-1.3574562072753906,-90.21454620361328,-6.9906206130981445,64.31275939941406,0.25588682687209907
80,1,-14.52565860748291,81.36164093017578,0.26682090759277344,-92.13095092773438,-7.365939140319824,65.78433227539062,0.2510298589444565
80,2,-14.057212829589844,77.3587417602539,-1.7386054992675781,-93.48841857910156,-7.385705947875977,67.87593078613281,0.25073780922879246
80,3,-14.637883186340332,74.86744689941406,-4.676883697509766,-93.02165985107422,-7.655393600463867,72.49124908447266,0.25378908670586564
80,4,-14.698725700378418,72.02787017822266,-8.628541946411133,-92.5169906616211,-7.544255256652832,72.0433349609375,0.25808223479043346
80,5,-14.586420059204102,67.02494812011719,-13.479071617126465,-92.70738983154297,-7.418816566467285,73.90426635742188,0.2615383639615559
80,6,-13.205909729003906,63.56886672973633,-21.964435577392578,-92.16801452636719,-6.563702583312988,79.26675415039062,0.2714501934372585
80,7,-12.837577819824219,63.20411682128906,-24.417869567871094,-92.58012390136719,-6.974636077880859,85.3110580444336,0.27473201457075547
80,8,-11.72547435760498,61.606346130371094,-25.469205856323242,-94.34471130371094,-7.03208065032959,85.01469421386719,0.2754492748772488
80,9,-10.605456352233887,61.07191848754883,-25.41779899597168,-95.20413208007812,-6.973566055297852,84.10623931884766,0.27516452823055687
80,10,-10.107404708862305,59.50784683227539,-27.50844955444336,-96.08771514892578,-6.86541748046875,83.54340362548828,0.2770509796054995
80,11,-9.962357521057129,58.241764068603516,-28.52235984802246,-97.08023834228516,-6.807568550109863,83.38211059570312,0.2776550806061169
80,12,-9.817127227783203,56.712650299072266,-29.362098693847656,-97.69730377197266,-6.681617736816406,83.16571044921875,0.27762248879858653
80,13,-9.068390846252441,55.11827850341797,-29.351099014282227,-97.78477478027344,-6.602212905883789,82.63204956054688,0.27608037660770013
80,14,-8.73330307006836,54.135128021240234,-29.41964340209961,-98.93273162841797,-6.652705192565918,82.09103393554688,0.275446060117268
80,15,-8.921879768371582,53.441585540771484,-28.937679290771484,-99.60693359375,-6.715546607971191,82.4861068725586,0.27406857346681496
80,16,-9.022340774536133,54.787288665771484,-26.78618812561035,-100.5365219116211,-6.954251289367676,81.36046600341797,0.2720173854121755
80,17,-9.271208763122559,53.46837615966797,-26.343101501464844,-101.89195251464844,-7.026775360107422,80.96005249023438,0.26981054311571606
80,18,-9.566744804382324,53.619388580322266,-24.56707763671875,-102.74268341064453,-6.94410514831543,80.3831787109375,0.266686362058593
80,19,-9.189833641052246,53.13701248168945,-22.96302032470703,-104.34820556640625,-6.942598342895508,80.00218200683594,0.26275690885619235
80,20,-8.98762321472168,51.289974212646484,-23.418785095214844,-104.35071563720703,-6.792548179626465,80.46430969238281,0.26136551994653967
80,21,-8.787346839904785,49.17844009399414,-24.458383560180664,-103.79563903808594,-6.580399513244629,79.32600402832031,0.2608987180612586
80,22,-8.747061729431152,49.79218673706055,-22.312541961669922,-104.031494140625,-6.594605445861816,79.13018798828125,0.25731569010479216
80,23,-9.028154373168945,48.762245178222656,-22.740646362304688,-103.93731689453125,-6.492422103881836,78.48928833007812,0.2568837113169234
80,24,-9.510820388793945,49.29035949707031,-22.76486587524414,-104.0644760131836,-6.556336402893066,76.91734313964844,0.25757978499629197
80,25,-9.347002029418945,48.94412612915039,-23.296825408935547,-104.35246276855469,-6.545244216918945,77.674560546875,0.2581325537406247
80,26,-9.667804718017578,48.00400161743164,-22.793563842773438,-105.3817138671875,-6.309597969055176,77.27743530273438,0.25553614523343227
80,27,-10.68320369720459,48.249183654785156,-23.12107276916504,-105.54633331298828,-6.464461326599121,77.18768310546875,0.2564912872078209
80,28,-10.40579605102539,47.75487518310547,-22.910568237304688,-106.89054870605469,-6.172656059265137,77.61534118652344,0.2548863809531741
80,29,-10.603508949279785,47.228355407714844,-24.42279052734375,-107.19462585449219,-6.256741523742676,77.1917724609375,0.257280962820561
80,30,-10.541645050048828,47.125831604003906,-24.342609405517578,-107.62288665771484,-6.138071060180664,77.29386901855469,0.25680982643026373
80,31,-11.088948249816895,46.30991744995117,-24.806781768798828,-107.44654083251953,-6.208904266357422,77.68251037597656,0.25675797379672194
80,32,-11.046573638916016,45.498634338378906,-24.65683937072754,-108.03720092773438,-6.131087303161621,79.31404113769531,0.2550880907659913
80,33,-11.271566390991211,44.52751159667969,-25.386110305786133,-108.34114074707031,-6.079239845275879,78.26931762695312,0.2551906813952366
80,34,-11.584424018859863,44.16129684448242,-24.937755584716797,-108.33172607421875,-6.180593490600586,78.90232849121094,0.2537080407069644
80,35,-11.464773178100586,42.5660400390625,-25.261432647705078,-109.11136627197266,-6.338911056518555,78.0511474609375,0.25179942225615454
80,36,-11.536111831665039,41.655967712402344,-25.60235023498535,-109.63115692138672,-6.434220314025879,77.27706909179688,0.25099276449513824
80,37,-11.3183012008667,41.22894287109375,-26.699426651000977,-109.03182220458984,-6.296806335449219,77.78660583496094,0.25309319660809
80,38,-11.407425880432129,41.37205505371094,-25.962966918945312,-109.10868835449219,-6.473213195800781,77.82342529296875,0.25163954388264514
80,39,-11.583629608154297,40.47747039794922,-27.013286590576172,-108.11434936523438,-6.110084533691406,77.11156463623047,0.2531001060702737
80,40,-11.713717460632324,40.14447784423828,-26.835294723510742,-108.29862976074219,-5.975530624389648,76.42723846435547,0.2521542953242388
80,41,-12.052886962890625,40.89768981933594,-26.588695526123047,-108.19367980957031,-6.118083953857422,74.04686737060547,0.2527432060677342
80,42,-12.672511100769043,41.252559661865234,-25.724905014038086,-108.65275573730469,-6.271181106567383,60.72067642211914,0.25115123734067996
80,43,-12.747591018676758,40.11181640625,-26.82416534423828,-108.60185241699219,-5.8904194831848145,57.90497589111328,0.2519470350840603
80,44,-13.304365158081055,40.2379035949707,-26.59040641784668,-108.48486328125,-5.926299095153809,58.433319091796875,0.2516685456462729
80,45,-14.59974193572998,41.975311279296875,-27.559593200683594,-107.47950744628906,-5.808493614196777,65.11695861816406,0.2566223911490919
80,46,-16.930116653442383,43.21842956542969,-29.62980842590332,-106.4263916015625,-4.816498756408691,70.93799591064453,0.2628629937906174
80,47,-18.370332717895508,42.36791229248047,-31.53403663635254,-105.29059600830078,-4.475576400756836,65.90641784667969,0.2656944561963572
80,48,-17.873218536376953,41.70706558227539,-31.480031967163086,-106.17417907714844,-4.753457069396973,65.2266616821289,0.2645831485720771
80,49,-9.029135704040527,32.642333984375,-21.78968048095703,-86.61698150634766,-6.224292755126953,49.32257080078125,0.23711483075268436
81,0,-14.780296325683594,83.52658081054688,-1.3574562072753906,-90.21454620361328,-6.9906206130981445,64.31275939941406,0.25588682687209907
81,1,-14.52565860748291,81.36164093017578,0.26682090759277344,-92.13095092773438,-7.365939140319824,65.78433227539062,0.2510298589444565
81,2,-14.057212829589844,77.3587417602539,-1.7386054992675781,-93.48841857910156,-7.385705947875977,67.87593078613281,0.25073780922879246
81,3,-14.637883186340332,74.86744689941406,-4.676883697509766,-93.02165985107422,-7.655393600463867,72.49124908447266,0.25378908670586564
81,4,-14.698725700378418,72.02787017822266,-8.628541946411133,-92.5169906616211,-7.544255256652832,72.0433349609375,0.25808223479043346
81,5,-14.586420059204102,67.02494812011719,-13.479071617126465,-92.70738983154297,-7.418816566467285,73.90426635742188,0.2615383639615559
81,6,-13.205909729003906,63.56886672973633,-21.964435577392578,-92.16801452636719,-6.563702583312988,79.26675415039062,0.2714501934372585
81,7,-12.837577819824219,63.20411682128906,-24.417869567871094,-92.58012390136719,-6.974636077880859,85.3110580444336,0.27473201457075547
81,8,-11.72547435760498,61.606346130371094,-25.469205856323242,-94.34471130371094,-7.03208065032959,85.01469421386719,0.2754492748772488
81,9,-10.605456352233887,61.07191848754883,-25.41779899597168,-95.20413208007812,-6.973566055297852,84.10623931884766,0.27516452823055687
81,10,-10.107404708862305,59.50784683227539,-27.50844955444336,-96.08771514892578,-6.86541748046875,83.54340362548828,0.2770509796054995
81,11,-9.962357521057129,58.241764068603516,-28.52235984802246,-97.08023834228516,-6.807568550109863,83.38211059570312,0.2776550806061169
81,12,-9.817127227783203,56.712650299072266,-29.362098693847656,-97.69730377197266,-6.681617736816406,83.16571044921875,0.27762248879858653
81,13,-9.068390846252441,55.11827850341797,-29.351099014282227,-97.78477478027344,-6.602212905883789,82.63204956054688,0.27608037660770013
81,14,-8.73330307006836,54.135128021240234,-29.41964340209961,-98.93273162841797,-6.652705192565918,82.09103393554688,0.275446060117268
81,15,-8.921879768371582,53.441585540771484,-28.937679290771484,-99.60693359375,-6.715546607971191,82.4861068725586,0.27406857346681496
81,16,-9.022340774536133,54.787288665771484,-26.78618812561035,-100.5365219116211,-6.954251289367676,81.36046600341797,0.2720173854121755
81,17,-9.271208763122559,53.46837615966797,-26.343101501464844,-101.89195251464844,-7.026775360107422,80.96005249023438,0.26981054311571606
81,18,-9.566744804382324,53.619388580322266,-24.56707763671875,-102.74268341064453,-6.94410514831543,80.3831787109375,0.266686362058593
81,19,-9.189833641052246,53.13701248168945,-22.96302032470703,-104.34820556640625,-6.942598342895508,80.00218200683594,0.26275690885619235
81,20,-8.98762321472168,51.289974212646484,-23.418785095214844,-104.35071563720703,-6.792548179626465,80.46430969238281,0.26136551994653967
81,21,-8.787346839904785,49.17844009399414,-24.458383560180664,-103.79563903808594,-6.580399513244629,79.32600402832031,0.2608987180612586
81,22,-8.747061729431152,49.79218673706055,-22.312541961669922,-104.031494140625,-6.594605445861816,79.13018798828125,0.25731569010479216
81,23,-9.028154373168945,48.762245178222656,-22.740646362304688,-103.93731689453125,-6.492422103881836,78.48928833007812,0.2568837113169234
81,24,-9.510820388793945,49.29035949707031,-22.76486587524414,-104.0644760131836,-6.556336402893066,76.91734313964844,0.25757978499629197
81,25,-9.347002029418945,48.94412612915039,-23.296825408935547,-104.35246276855469,-6.545244216918945,77.674560546875,0.2581325537406247
81,26,-9.667804718017578,48.00400161743164,-22.793563842773438,-105.3817138671875,-6.309597969055176,77.27743530273438,0.25553614523343227
81,27,-10.68320369720459,48.249183654785156,-23.12107276916504,-105.54633331298828,-6.464461326599121,77.18768310546875,0.2564912872078209
81,28,-10.40579605102539,47.75487518310547,-22.910568237304688,-106.89054870605469,-6.172656059265137,77.61534118652344,0.2548863809531741
81,29,-10.603508949279785,47.228355407714844,-24.42279052734375,-107.19462585449219,-6.256741523742676,77.1917724609375,0.257280962820561
81,30,-10.541645050048828,47.125831604003906,-24.342609405517578,-107.62288665771484,-6.138071060180664,77.29386901855469,0.25680982643026373
81,31,-11.088948249816895,46.30991744995117,-24.806781768798828,-107.44654083251953,-6.208904266357422,77.68251037597656,0.25675797379672194
81,32,-11.046573638916016,45.498634338378906,-24.65683937072754,-108.03720092773438,-6.131087303161621,79.31404113769531,0.2550880907659913
81,33,-11.271566390991211,44.52751159667969,-25.386110305786133,-108.34114074707031,-6.079239845275879,78.26931762695312,0.2551906813952366
81,34,-11.584424018859863,44.16129684448242,-24.937755584716797,-108.33172607421875,-6.180593490600586,78.90232849121094,0.2537080407069644
81,35,-11.464773178100586,42.5660400390625,-25.261432647705078,-109.11136627197266,-6.338911056518555,78.0511474609375,0.25179942225615454
81,36,-11.536111831665039,41.655967712402344,-25.60235023498535,-109.63115692138672,-6.434220314025879,77.27706909179688,0.25099276449513824
81,37,-11.3183012008667,41.22894287109375,-26.699426651000977,-109.03182220458984,-6.296806335449219,77.78660583496094,0.25309319660809
81,38,-11.407425880432129,41.37205505371094,-25.962966918945312,-109.10868835449219,-6.473213195800781,77.82342529296875,0.25163954388264514
81,39,-11.583629608154297,40.47747039794922,-27.013286590576172,-108.11434936523438,-6.110084533691406,77.11156463623047,0.2531001060702737
81,40,-11.713717460632324,40.14447784423828,-26.835294723510742,-108.29862976074219,-5.975530624389648,76.42723846435547,0.2521542953242388
81,41,-12.052886962890625,40.89768981933594,-26.588695526123047,-108.19367980957031,-6.118083953857422,74.04686737060547,0.2527432060677342
81,42,-12.672511100769043,41.252559661865234,-25.724905014038086,-108.65275573730469,-6.271181106567383,60.72067642211914,0.25115123734067996
81,43,-12.747591018676758,40.11181640625,-26.82416534423828,-108.60185241699219,-5.8904194831848145,57.90497589111328,0.2519470350840603
81,44,-13.304365158081055,40.2379035949707,-26.59040641784668,-108.48486328125,-5.926299095153809,58.433319091796875,0.2516685456462729
81,45,-14.59974193572998,41.975311279296875,-27.559593200683594,-107.47950744628906,-5.808493614196777,65.11695861816406,0.2566223911490919
81,46,-16.930116653442383,43.21842956542969,-29.62980842590332,-106.4263916015625,-4.816498756408691,70.93799591064453,0.2628629937906174
81,47,-18.370332717895508,42.36791229248047,-31.53403663635254,-105.29059600830078,-4.475576400756836,65.90641784667969,0.2656944561963572
81,48,-17.873218536376953,41.70706558227539,-31.480031967163086,-106.17417907714844,-4.753457069396973,65.2266616821289,0.2645831485720771
81,49,-9.029135704040527,32.642333984375,-21.78968048095703,-86.61698150634766,-6.224292755126953,49.32257080078125,0.23711483075268436
82,0,-14.780296325683594,83.52658081054688,-1.3574562072753906,-90.21454620361328,-6.9906206130981445,64.31275939941406,0.25588682687209907
82,1,-14.52565860748291,81.36164093017578,0.26682090759277344,-92.13095092773438,-7.365939140319824,65.78433227539062,0.2510298589444565
82,2,-14.057212829589844,77.3587417602539,-1.7386054992675781,-93.48841857910156,-7.385705947875977,67.87593078613281,0.25073780922879246
82,3,-14.637883186340332,74.86744689941406,-4.676883697509766,-93.02165985107422,-7.655393600463867,72.49124908447266,0.25378908670586564
82,4,-14.698725700378418,72.02787017822266,-8.628541946411133,-92.5169906616211,-7.544255256652832,72.0433349609375,0.25808223479043346
82,5,-14.586420059204102,67.02494812011719,-13.479071617126465,-92.70738983154297,-7.418816566467285,73.90426635742188,0.2615383639615559
82,6,-13.205909729003906,63.56886672973633,-21.964435577392578,-92.16801452636719,-6.563702583312988,79.26675415039062,0.2714501934372585
82,7,-12.837577819824219,63.20411682128906,-24.417869567871094,-92.58012390136719,-6.974636077880859,85.3110580444336,0.27473201457075547
82,8,-11.72547435760498,61.606346130371094,-25.469205856323242,-94.34471130371094,-7.03208065032959,85.01469421386719,0.2754492748772488
82,9,-10.605456352233887,61.07191848754883,-25.41779899597168,-95.20413208007812,-6.973566055297852,84.10623931884766,0.27516452823055687
82,10,-10.107404708862305,59.50784683227539,-27.50844955444336,-96.08771514892578,-6.86541748046875,83.54340362548828,0.2770509796054995
82,11,-9.962357521057129,58.241764068603516,-28.52235984802246,-97.08023834228516,-6.807568550109863,83.38211059570312,0.2776550806061169
82,12,-9.817127227783203,56.712650299072266,-29.362098693847656,-97.69730377197266,-6.681617736816406,83.16571044921875,0.27762248879858653
82,13,-9.068390846252441,55.11827850341797,-29.351099014282227,-97.78477478027344,-6.602212905883789,82.63204956054688,0.27608037660770013
82,14,-8.73330307006836,54.135128021240234,-29.41964340209961,-98.93273162841797,-6.652705192565918,82.09103393554688,0.275446060117268
82,15,-8.921879768371582,53.441585540771484,-28.937679290771484,-99.60693359375,-6.715546607971191,82.4861068725586,0.27406857346681496
82,16,-9.022340774536133,54.787288665771484,-26.78618812561035,-100.5365219116211,-6.954251289367676,81.36046600341797,0.2720173854121755
82,17,-9.271208763122559,53.46837615966797,-26.343101501464844,-101.89195251464844,-7.026775360107422,80.96005249023438,0.26981054311571606
82,18,-9.566744804382324,53.619388580322266,-24.56707763671875,-102.74268341064453,-6.94410514831543,80.3831787109375,0.266686362058593
82,19,-9.189833641052246,53.13701248168945,-22.96302032470703,-104.34820556640625,-6.942598342895508,80.00218200683594,0.26275690885619235
82,20,-8.98762321472168,51.289974212646484,-23.418785095214844,-104.35071563720703,-6.792548179626465,80.46430969238281,0.26136551994653967
82,21,-8.787346839904785,49.17844009399414,-24.458383560180664,-103.79563903808594,-6.580399513244629,79.32600402832031,0.2608987180612586
82,22,-8.747061729431152,49.79218673706055,-22.312541961669922,-104.031494140625,-6.594605445861816,79.13018798828125,0.25731569010479216
82,23,-9.028154373168945,48.762245178222656,-22.740646362304688,-103.93731689453125,-6.492422103881836,78.48928833007812,0.2568837113169234
82,24,-9.510820388793945,49.29035949707031,-22.76486587524414,-104.0644760131836,-6.556336402893066,76.91734313964844,0.25757978499629197
82,25,-9.347002029418945,48.94412612915039,-23.296825408935547,-104.35246276855469,-6.545244216918945,77.674560546875,0.2581325537406247
82,26,-9.667804718017578,48.00400161743164,-22.793563842773438,-105.3817138671875,-6.309597969055176,77.27743530273438,0.25553614523343227
82,27,-10.68320369720459,48.249183654785156,-23.12107276916504,-105.54633331298828,-6.464461326599121,77.18768310546875,0.2564912872078209
82,28,-10.40579605102539,47.75487518310547,-22.910568237304688,-106.89054870605469,-6.172656059265137,77.61534118652344,0.2548863809531741
82,29,-10.603508949279785,47.228355407714844,-24.42279052734375,-107.19462585449219,-6.256741523742676,77.1917724609375,0.257280962820561
82,30,-10.541645050048828,47.125831604003906,-24.342609405517578,-107.62288665771484,-6.138071060180664,77.29386901855469,0.25680982643026373
82,31,-11.088948249816895,46.30991744995117,-24.806781768798828,-107.44654083251953,-6.208904266357422,77.68251037597656,0.25675797379672194
82,32,-11.046573638916016,45.498634338378906,-24.65683937072754,-108.03720092773438,-6.131087303161621,79.31404113769531,0.2550880907659913
82,33,-11.271566390991211,44.52751159667969,-25.386110305786133,-108.34114074707031,-6.079239845275879,78.26931762695312,0.2551906813952366
82,34,-11.584424018859863,44.16129684448242,-24.937755584716797,-108.33172607421875,-6.180593490600586,78.90232849121094,0.2537080407069644
82,35,-11.464773178100586,42.5660400390625,-25.261432647705078,-109.11136627197266,-6.338911056518555,78.0511474609375,0.25179942225615454
82,36,-11.536111831665039,41.655967712402344,-25.60235023498535,-109.63115692138672,-6.434220314025879,77.27706909179688,0.25099276449513824
82,37,-11.3183012008667,41.22894287109375,-26.699426651000977,-109.03182220458984,-6.296806335449219,77.78660583496094,0.25309319660809
82,38,-11.407425880432129,41.37205505371094,-25.962966918945312,-109.10868835449219,-6.473213195800781,77.82342529296875,0.25163954388264514
82,39,-11.583629608154297,40.47747039794922,-27.013286590576172,-108.11434936523438,-6.110084533691406,77.11156463623047,0.2531001060702737
82,40,-11.713717460632324,40.14447784423828,-26.835294723510742,-108.29862976074219,-5.975530624389648,76.42723846435547,0.2521542953242388
82,41,-12.052886962890625,40.89768981933594,-26.588695526123047,-108.19367980957031,-6.118083953857422,74.04686737060547,0.2527432060677342
82,42,-12.672511100769043,41.252559661865234,-25.724905014038086,-108.65275573730469,-6.271181106567383,60.72067642211914,0.25115123734067996
82,43,-12.747591018676758,40.11181640625,-26.82416534423828,-108.60185241699219,-5.8904194831848145,57.90497589111328,0.2519470350840603
82,44,-13.304365158081055,40.2379035949707,-26.59040641784668,-108.48486328125,-5.926299095153809,58.433319091796875,0.2516685456462729
82,45,-14.59974193572998,41.975311279296875,-27.559593200683594,-107.47950744628906,-5.808493614196777,65.11695861816406,0.2566223911490919
82,46,-16.930116653442383,43.21842956542969,-29.62980842590332,-106.4263916015625,-4.816498756408691,70.93799591064453,0.2628629937906174
82,47,-18.370332717895508,42.36791229248047,-31.53403663635254,-105.29059600830078,-4.475576400756836,65.90641784667969,0.2656944561963572
82,48,-17.873218536376953,41.70706558227539,-31.480031967163086,-106.17417907714844,-4.753457069396973,65.2266616821289,0.2645831485720771
82,49,-9.029135704040527,32.642333984375,-21.78968048095703,-86.61698150634766,-6.224292755126953,49.32257080078125,0.23711483075268436
83,0,-14.780296325683594,83.52658081054688,-1.3574562072753906,-90.21454620361328,-6.9906206130981445,64.31275939941406,0.25588682687209907
83,1,-14.52565860748291,81.36164093017578,0.26682090759277344,-92.13095092773438,-7.365939140319824,65.78433227539062,0.2510298589444565
83,2,-14.057212829589844,77.3587417602539,-1.7386054992675781,-93.48841857910156,-7.385705947875977,67.87593078613281,0.25073780922879246
83,3,-14.637883186340332,74.86744689941406,-4.676883697509766,-93.02165985107422,-7.655393600463867,72.49124908447266,0.25378908670586564
83,4,-14.698725700378418,72.02787017822266,-8.628541946411133,-92.5169906616211,-7.544255256652832,72.0433349609375,0.25808223479043346
83,5,-14.586420059204102,67.02494812011719,-13.479071617126465,-92.70738983154297,-7.418816566467285,73.90426635742188,0.2615383639615559
83,6,-13.205909729003906,63.56886672973633,-21.964435577392578,-92.16801452636719,-6.563702583312988,79.26675415039062,0.2714501934372585
83,7,-12.837577819824219,63.20411682128906,-24.417869567871094,-92.58012390136719,-6.974636077880859,85.3110580444336,0.27473201457075547
83,8,-11.72547435760498,61.606346130371094,-25.469205856323242,-94.34471130371094,-7.03208065032959,85.01469421386719,0.2754492748772488
83,9,-10.605456352233887,61.07191848754883,-25.41779899597168,-95.20413208007812,-6.973566055297852,84.10623931884766,0.27516452823055687
83,10,-10.107404708862305,59.50784683227539,-27.50844955444336,-96.08771514892578,-6.86541748046875,83.54340362548828,0.2770509796054995
83,11,-9.962357521057129,58.241764068603516,-28.52235984802246,-97.08023834228516,-6.807568550109863,83.38211059570312,0.2776550806061169
83,12,-9.817127227783203,56.712650299072266,-29.362098693847656,-97.69730377197266,-6.681617736816406,83.16571044921875,0.27762248879858653
83,13,-9.068390846252441,55.11827850341797,-29.351099014282227,-97.78477478027344,-6.602212905883789,82.63204956054688,0.27608037660770013
83,14,-8.73330307006836,54.135128021240234,-29.41964340209961,-98.93273162841797,-6.652705192565918,82.09103393554688,0.275446060117268
83,15,-8.921879768371582,53.441585540771484,-28.937679290771484,-99.60693359375,-6.715546607971191,82.4861068725586,0.27406857346681496
83,16,-9.022340774536133,54.787288665771484,-26.78618812561035,-100.5365219116211,-6.954251289367676,81.36046600341797,0.2720173854121755
83,17,-9.271208763122559,53.46837615966797,-26.343101501464844,-101.89195251464844,-7.026775360107422,80.96005249023438,0.26981054311571606
83,18,-9.566744804382324,53.619388580322266,-24.56707763671875,-102.74268341064453,-6.94410514831543,80.3831787109375,0.266686362058593
83,19,-9.189833641052246,53.13701248168945,-22.96302032470703,-104.34820556640625,-6.942598342895508,80.00218200683594,0.26275690885619235
83,20,-8.98762321472168,51.289974212646484,-23.418785095214844,-104.35071563720703,-6.792548179626465,80.46430969238281,0.26136551994653967
83,21,-8.787346839904785,49.17844009399414,-24.458383560180664,-103.79563903808594,-6.580399513244629,79.32600402832031,0.2608987180612586
83,22,-8.747061729431152,49.79218673706055,-22.312541961669922,-104.031494140625,-6.594605445861816,79.13018798828125,0.25731569010479216
83,23,-9.028154373168945,48.762245178222656,-22.740646362304688,-103.93731689453125,-6.492422103881836,78.48928833007812,0.2568837113169234
83,24,-9.510820388793945,49.29035949707031,-22.76486587524414,-104.0644760131836,-6.556336402893066,76.91734313964844,0.25757978499629197
83,25,-9.347002029418945,48.94412612915039,-23.296825408935547,-104.35246276855469,-6.545244216918945,77.674560546875,0.2581325537406247
83,26,-9.667804718017578,48.00400161743164,-22.793563842773438,-105.3817138671875,-6.309597969055176,77.27743530273438,0.25553614523343227
83,27,-10.68320369720459,48.249183654785156,-23.12107276916504,-105.54633331298828,-6.464461326599121,77.18768310546875,0.2564912872078209
83,28,-10.40579605102539,47.75487518310547,-22.910568237304688,-106.89054870605469,-6.172656059265137,77.61534118652344,0.2548863809531741
83,29,-10.603508949279785,47.228355407714844,-24.42279052734375,-107.19462585449219,-6.256741523742676,77.1917724609375,0.257280962820561
83,30,-10.541645050048828,47.125831604003906,-24.342609405517578,-107.62288665771484,-6.138071060180664,77.29386901855469,0.25680982643026373
83,31,-11.088948249816895,46.30991744995117,-24.806781768798828,-107.44654083251953,-6.208904266357422,77.68251037597656,0.25675797379672194
83,32,-11.046573638916016,45.498634338378906,-24.65683937072754,-108.03720092773438,-6.131087303161621,79.31404113769531,0.2550880907659913
83,33,-11.271566390991211,44.52751159667969,-25.386110305786133,-108.34114074707031,-6.079239845275879,78.26931762695312,0.2551906813952366
83,34,-11.584424018859863,44.16129684448242,-24.937755584716797,-108.33172607421875,-6.180593490600586,78.90232849121094,0.2537080407069644
83,35,-11.464773178100586,42.5660400390625,-25.261432647705078,-109.11136627197266,-6.338911056518555,78.0511474609375,0.25179942225615454
83,36,-11.536111831665039,41.655967712402344,-25.60235023498535,-109.63115692138672,-6.434220314025879,77.27706909179688,0.25099276449513824
83,37,-11.3183012008667,41.22894287109375,-26.699426651000977,-109.03182220458984,-6.296806335449219,77.78660583496094,0.25309319660809
83,38,-11.407425880432129,41.37205505371094,-25.962966918945312,-109.10868835449219,-6.473213195800781,77.82342529296875,0.25163954388264514
83,39,-11.583629608154297,40.47747039794922,-27.013286590576172,-108.11434936523438,-6.110084533691406,77.11156463623047,0.2531001060702737
83,40,-11.713717460632324,40.14447784423828,-26.835294723510742,-108.29862976074219,-5.975530624389648,76.42723846435547,0.2521542953242388
83,41,-12.052886962890625,40.89768981933594,-26.588695526123047,-108.19367980957031,-6.118083953857422,74.04686737060547,0.2527432060677342
83,42,-12.672511100769043,41.252559661865234,-25.724905014038086,-108.65275573730469,-6.271181106567383,60.72067642211914,0.25115123734067996
83,43,-12.747591018676758,40.11181640625,-26.82416534423828,-108.60185241699219,-5.8904194831848145,57.90497589111328,0.2519470350840603
83,44,-13.304365158081055,40.2379035949707,-26.59040641784668,-108.48486328125,-5.926299095153809,58.433319091796875,0.2516685456462729
83,45,-14.59974193572998,41.975311279296875,-27.559593200683594,-107.47950744628906,-5.808493614196777,65.11695861816406,0.2566223911490919
83,46,-16.930116653442383,43.21842956542969,-29.62980842590332,-106.4263916015625,-4.816498756408691,70.93799591064453,0.2628629937906174
83,47,-18.370332717895508,42.36791229248047,-31.53403663635254,-105.29059600830078,-4.475576400756836,65.90641784667969,0.2656944561963572
83,48,-17.873218536376953,41.70706558227539,-31.480031967163086,-106.17417907714844,-4.753457069396973,65.2266616821289,0.2645831485720771
83,49,-9.029135704040527,32.642333984375,-21.78968048095703,-86.61698150634766,-6.224292755126953,49.32257080078125,0.23711483075268436
84,0,-14.780296325683594,83.52658081054688,-1.3574562072753906,-90.21454620361328,-6.9906206130981445,64.31275939941406,0.25588682687209907
84,1,-14.52565860748291,81.36164093017578,0.26682090759277344,-92.13095092773438,-7.365939140319824,65.78433227539062,0.2510298589444565
84,2,-14.057212829589844,77.3587417602539,-1.7386054992675781,-93.48841857910156,-7.385705947875977,67.87593078613281,0.25073780922879246
84,3,-14.637883186340332,74.86744689941406,-4.676883697509766,-93.02165985107422,-7.655393600463867,72.49124908447266,0.25378908670586564
84,4,-14.698725700378418,72.02787017822266,-8.628541946411133,-92.5169906616211,-7.544255256652832,72.0433349609375,0.25808223479043346
84,5,-14.586420059204102,67.02494812011719,-13.479071617126465,-92.70738983154297,-7.418816566467285,73.90426635742188,0.2615383639615559
84,6,-13.205909729003906,63.56886672973633,-21.964435577392578,-92.16801452636719,-6.563702583312988,79.26675415039062,0.2714501934372585
84,7,-12.837577819824219,63.20411682128906,-24.417869567871094,-92.58012390136719,-6.974636077880859,85.3110580444336,0.27473201457075547
84,8,-11.72547435760498,61.606346130371094,-25.469205856323242,-94.34471130371094,-7.03208065032959,85.01469421386719,0.2754492748772488
84,9,-10.605456352233887,61.07191848754883,-25.41779899597168,-95.20413208007812,-6.973566055297852,84.10623931884766,0.27516452823055687
84,10,-10.107404708862305,59.50784683227539,-27.50844955444336,-96.08771514892578,-6.86541748046875,83.54340362548828,0.2770509796054995
84,11,-9.962357521057129,58.241764068603516,-28.52235984802246,-97.08023834228516,-6.807568550109863,83.38211059570312,0.2776550806061169
84,12,-9.817127227783203,56.712650299072266,-29.362098693847656,-97.69730377197266,-6.681617736816406,83.16571044921875,0.27762248879858653
84,13,-9.068390846252441,55.11827850341797,-29.351099014282227,-97.78477478027344,-6.602212905883789,82.63204956054688,0.27608037660770013
84,14,-8.73330307006836,54.135128021240234,-29.41964340209961,-98.93273162841797,-6.652705192565918,82.09103393554688,0.275446060117268
84,15,-8.921879768371582,53.441585540771484,-28.937679290771484,-99.60693359375,-6.715546607971191,82.4861068725586,0.27406857346681496
84,16,-9.022340774536133,54.787288665771484,-26.78618812561035,-100.5365219116211,-6.954251289367676,81.36046600341797,0.2720173854121755
84,17,-9.271208763122559,53.46837615966797,-26.343101501464844,-101.89195251464844,-7.026775360107422,80.96005249023438,0.26981054311571606
84,18,-9.566744804382324,53.619388580322266,-24.56707763671875,-102.74268341064453,-6.94410514831543,80.3831787109375,0.266686362058593
84,19,-9.189833641052246,53.13701248168945,-22.96302032470703,-104.34820556640625,-6.942598342895508,80.00218200683594,0.26275690885619235
84,20,-8.98762321472168,51.289974212646484,-23.418785095214844,-104.35071563720703,-6.792548179626465,80.46430969238281,0.26136551994653967
84,21,-8.787346839904785,49.17844009399414,-24.458383560180664,-103.79563903808594,-6.580399513244629,79.32600402832031,0.2608987180612586
84,22,-8.747061729431152,49.79218673706055,-22.312541961669922,-104.031494140625,-6.594605445861816,79.13018798828125,0.25731569010479216
84,23,-9.028154373168945,48.762245178222656,-22.740646362304688,-103.93731689453125,-6.492422103881836,78.48928833007812,0.2568837113169234
84,24,-9.510820388793945,49.29035949707031,-22.76486587524414,-104.0644760131836,-6.556336402893066,76.91734313964844,0.25757978499629197
84,25,-9.347002029418945,48.94412612915039,-23.296825408935547,-104.35246276855469,-6.545244216918945,77.674560546875,0.2581325537406247
84,26,-9.667804718017578,48.00400161743164,-22.793563842773438,-105.3817138671875,-6.309597969055176,77.27743530273438,0.25553614523343227
84,27,-10.68320369720459,48.249183654785156,-23.12107276916504,-105.54633331298828,-6.464461326599121,77.18768310546875,0.2564912872078209
84,28,-10.40579605102539,47.75487518310547,-22.910568237304688,-106.89054870605469,-6.172656059265137,77.61534118652344,0.2548863809531741
84,29,-10.603508949279785,47.228355407714844,-24.42279052734375,-107.19462585449219,-6.256741523742676,77.1917724609375,0.257280962820561
84,30,-10.541645050048828,47.125831604003906,-24.342609405517578,-107.62288665771484,-6.138071060180664,77.29386901855469,0.25680982643026373
84,31,-11.088948249816895,46.30991744995117,-24.806781768798828,-107.44654083251953,-6.208904266357422,77.68251037597656,0.25675797379672194
84,32,-11.046573638916016,45.498634338378906,-24.65683937072754,-108.03720092773438,-6.131087303161621,79.31404113769531,0.2550880907659913
84,33,-11.271566390991211,44.52751159667969,-25.386110305786133,-108.34114074707031,-6.079239845275879,78.26931762695312,0.2551906813952366
84,34,-11.584424018859863,44.16129684448242,-24.937755584716797,-108.33172607421875,-6.180593490600586,78.90232849121094,0.2537080407069644
84,35,-11.464773178100586,42.5660400390625,-25.261432647705078,-109.11136627197266,-6.338911056518555,78.0511474609375,0.25179942225615454
84,36,-11.536111831665039,41.655967712402344,-25.60235023498535,-109.63115692138672,-6.434220314025879,77.27706909179688,0.25099276449513824
84,37,-11.3183012008667,41.22894287109375,-26.699426651000977,-109.03182220458984,-6.296806335449219,77.78660583496094,0.25309319660809
84,38,-11.407425880432129,41.37205505371094,-25.962966918945312,-109.10868835449219,-6.473213195800781,77.82342529296875,0.25163954388264514
84,39,-11.583629608154297,40.47747039794922,-27.013286590576172,-108.11434936523438,-6.110084533691406,77.11156463623047,0.2531001060702737
84,40,-11.713717460632324,40.14447784423828,-26.835294723510742,-108.29862976074219,-5.975530624389648,76.42723846435547,0.2521542953242388
84,41,-12.052886962890625,40.89768981933594,-26.588695526123047,-108.19367980957031,-6.118083953857422,74.04686737060547,0.2527432060677342
84,42,-12.672511100769043,41.252559661865234,-25.724905014038086,-108.65275573730469,-6.271181106567383,60.72067642211914,0.25115123734067996
84,43,-12.747591018676758,40.11181640625,-26.82416534423828,-108.60185241699219,-5.8904194831848145,57.90497589111328,0.2519470350840603
84,44,-13.304365158081055,40.2379035949707,-26.59040641784668,-108.48486328125,-5.926299095153809,58.433319091796875,0.2516685456462729
84,45,-14.59974193572998,41.975311279296875,-27.559593200683594,-107.47950744628906,-5.808493614196777,65.11695861816406,0.2566223911490919
84,46,-16.930116653442383,43.21842956542969,-29.62980842590332,-106.4263916015625,-4.816498756408691,70.93799591064453,0.2628629937906174
84,47,-18.370332717895508,42.36791229248047,-31.53403663635254,-105.29059600830078,-4.475576400756836,65.90641784667969,0.2656944561963572
84,48,-17.873218536376953,41.70706558227539,-31.480031967163086,-106.17417907714844,-4.753457069396973,65.2266616821289,0.2645831485720771
84,49,-9.029135704040527,32.642333984375,-21.78968048095703,-86.61698150634766,-6.224292755126953,49.32257080078125,0.23711483075268436
85,0,-14.780296325683594,83.52658081054688,-1.3574562072753906,-90.21454620361328,-6.9906206130981445,64.31275939941406,0.25588682687209907
85,1,-14.52565860748291,81.36164093017578,0.26682090759277344,-92.13095092773438,-7.365939140319824,65.78433227539062,0.2510298589444565
85,2,-14.057212829589844,77.3587417602539,-1.7386054992675781,-93.48841857910156,-7.385705947875977,67.87593078613281,0.25073780922879246
85,3,-14.637883186340332,74.86744689941406,-4.676883697509766,-93.02165985107422,-7.655393600463867,72.49124908447266,0.25378908670586564
85,4,-14.698725700378418,72.02787017822266,-8.628541946411133,-92.5169906616211,-7.544255256652832,72.0433349609375,0.25808223479043346
85,5,-14.586420059204102,67.02494812011719,-13.479071617126465,-92.70738983154297,-7.418816566467285,73.90426635742188,0.2615383639615559
85,6,-13.205909729003906,63.56886672973633,-21.964435577392578,-92.16801452636719,-6.563702583312988,79.26675415039062,0.2714501934372585
85,7,-12.837577819824219,63.20411682128906,-24.417869567871094,-92.58012390136719,-6.974636077880859,85.3110580444336,0.27473201457075547
85,8,-11.72547435760498,61.606346130371094,-25.469205856323242,-94.34471130371094,-7.03208065032959,85.01469421386719,0.2754492748772488
85,9,-10.605456352233887,61.07191848754883,-25.41779899597168,-95.20413208007812,-6.973566055297852,84.10623931884766,0.27516452823055687
85,10,-10.107404708862305,59.50784683227539,-27.50844955444336,-96.08771514892578,-6.86541748046875,83.54340362548828,0.2770509796054995
85,11,-9.962357521057129,58.241764068603516,-28.52235984802246,-97.08023834228516,-6.807568550109863,83.38211059570312,0.2776550806061169
85,12,-9.817127227783203,56.712650299072266,-29.362098693847656,-97.69730377197266,-6.681617736816406,83.16571044921875,0.27762248879858653
85,13,-9.068390846252441,55.11827850341797,-29.351099014282227,-97.78477478027344,-6.602212905883789,82.63204956054688,0.27608037660770013
85,14,-8.73330307006836,54.135128021240234,-29.41964340209961,-98.93273162841797,-6.652705192565918,82.09103393554688,0.275446060117268
85,15,-8.921879768371582,53.441585540771484,-28.937679290771484,-99.60693359375,-6.715546607971191,82.4861068725586,0.27406857346681496
85,16,-9.022340774536133,54.787288665771484,-26.78618812561035,-100.5365219116211,-6.954251289367676,81.36046600341797,0.2720173854121755
85,17,-9.271208763122559,53.46837615966797,-26.343101501464844,-101.89195251464844,-7.026775360107422,80.96005249023438,0.26981054311571606
85,18,-9.566744804382324,53.619388580322266,-24.56707763671875,-102.74268341064453,-6.94410514831543,80.3831787109375,0.266686362058593
85,19,-9.189833641052246,53.13701248168945,-22.96302032470703,-104.34820556640625,-6.942598342895508,80.00218200683594,0.26275690885619235
85,20,-8.98762321472168,51.289974212646484,-23.418785095214844,-104.35071563720703,-6.792548179626465,80.46430969238281,0.26136551994653967
85,21,-8.787346839904785,49.17844009399414,-24.458383560180664,-103.79563903808594,-6.580399513244629,79.32600402832031,0.2608987180612586
85,22,-8.747061729431152,49.79218673706055,-22.312541961669922,-104.031494140625,-6.594605445861816,79.13018798828125,0.25731569010479216
85,23,-9.028154373168945,48.762245178222656,-22.740646362304688,-103.93731689453125,-6.492422103881836,78.48928833007812,0.2568837113169234
85,24,-9.510820388793945,49.29035949707031,-22.76486587524414,-104.0644760131836,-6.556336402893066,76.91734313964844,0.25757978499629197
85,25,-9.347002029418945,48.94412612915039,-23.296825408935547,-104.35246276855469,-6.545244216918945,77.674560546875,0.2581325537406247
85,26,-9.667804718017578,48.00400161743164,-22.793563842773438,-105.3817138671875,-6.309597969055176,77.27743530273438,0.25553614523343227
85,27,-10.68320369720459,48.249183654785156,-23.12107276916504,-105.54633331298828,-6.464461326599121,77.18768310546875,0.2564912872078209
85,28,-10.40579605102539,47.75487518310547,-22.910568237304688,-106.89054870605469,-6.172656059265137,77.61534118652344,0.2548863809531741
85,29,-10.603508949279785,47.228355407714844,-24.42279052734375,-107.19462585449219,-6.256741523742676,77.1917724609375,0.257280962820561
85,30,-10.541645050048828,47.125831604003906,-24.342609405517578,-107.62288665771484,-6.138071060180664,77.29386901855469,0.25680982643026373
85,31,-11.088948249816895,46.30991744995117,-24.806781768798828,-107.44654083251953,-6.208904266357422,77.68251037597656,0.25675797379672194
85,32,-11.046573638916016,45.498634338378906,-24.65683937072754,-108.03720092773438,-6.131087303161621,79.31404113769531,0.2550880907659913
85,33,-11.271566390991211,44.52751159667969,-25.386110305786133,-108.34114074707031,-6.079239845275879,78.26931762695312,0.2551906813952366
85,34,-11.584424018859863,44.16129684448242,-24.937755584716797,-108.33172607421875,-6.180593490600586,78.90232849121094,0.2537080407069644
85,35,-11.464773178100586,42.5660400390625,-25.261432647705078,-109.11136627197266,-6.338911056518555,78.0511474609375,0.25179942225615454
85,36,-11.536111831665039,41.655967712402344,-25.60235023498535,-109.63115692138672,-6.434220314025879,77.27706909179688,0.25099276449513824
85,37,-11.3183012008667,41.22894287109375,-26.699426651000977,-109.03182220458984,-6.296806335449219,77.78660583496094,0.25309319660809
85,38,-11.407425880432129,41.37205505371094,-25.962966918945312,-109.10868835449219,-6.473213195800781,77.82342529296875,0.25163954388264514
85,39,-11.583629608154297,40.47747039794922,-27.013286590576172,-108.11434936523438,-6.110084533691406,77.11156463623047,0.2531001060702737
85,40,-11.713717460632324,40.14447784423828,-26.835294723510742,-108.29862976074219,-5.975530624389648,76.42723846435547,0.2521542953242388
85,41,-12.052886962890625,40.89768981933594,-26.588695526123047,-108.19367980957031,-6.118083953857422,74.04686737060547,0.2527432060677342
85,42,-12.672511100769043,41.252559661865234,-25.724905014038086,-108.65275573730469,-6.271181106567383,60.72067642211914,0.25115123734067996
85,43,-12.747591018676758,40.11181640625,-26.82416534423828,-108.60185241699219,-5.8904194831848145,57.90497589111328,0.2519470350840603
85,44,-13.304365158081055,40.2379035949707,-26.59040641784668,-108.48486328125,-5.926299095153809,58.433319091796875,0.2516685456462729
85,45,-14.59974193572998,41.975311279296875,-27.559593200683594,-107.47950744628906,-5.808493614196777,65.11695861816406,0.2566223911490919
85,46,-16.930116653442383,43.21842956542969,-29.62980842590332,-106.4263916015625,-4.816498756408691,70.93799591064453,0.2628629937906174
85,47,-18.370332717895508,42.36791229248047,-31.53403663635254,-105.29059600830078,-4.475576400756836,65.90641784667969,0.2656944561963572
85,48,-17.873218536376953,41.70706558227539,-31.480031967163086,-106.17417907714844,-4.753457069396973,65.2266616821289,0.2645831485720771
85,49,-9.029135704040527,32.642333984375,-21.78968048095703,-86.61698150634766,-6.224292755126953,49.32257080078125,0.23711483075268436
86,0,-14.780296325683594,83.52658081054688,-1.3574562072753906,-90.21454620361328,-6.9906206130981445,64.31275939941406,0.25588682687209907
86,1,-14.52565860748291,81.36164093017578,0.26682090759277344,-92.13095092773438,-7.365939140319824,65.78433227539062,0.2510298589444565
86,2,-14.057212829589844,77.3587417602539,-1.7386054992675781,-93.48841857910156,-7.385705947875977,67.87593078613281,0.25073780922879246
86,3,-14.637883186340332,74.86744689941406,-4.676883697509766,-93.02165985107422,-7.655393600463867,72.49124908447266,0.25378908670586564
86,4,-14.698725700378418,72.02787017822266,-8.628541946411133,-92.5169906616211,-7.544255256652832,72.0433349609375,0.25808223479043346
86,5,-14.586420059204102,67.02494812011719,-13.479071617126465,-92.70738983154297,-7.418816566467285,73.90426635742188,0.2615383639615559
86,6,-13.205909729003906,63.56886672973633,-21.964435577392578,-92.16801452636719,-6.563702583312988,79.26675415039062,0.2714501934372585
86,7,-12.837577819824219,63.20411682128906,-24.417869567871094,-92.58012390136719,-6.974636077880859,85.3110580444336,0.27473201457075547
86,8,-11.72547435760498,61.606346130371094,-25.469205856323242,-94.34471130371094,-7.03208065032959,85.01469421386719,0.2754492748772488
86,9,-10.605456352233887,61.07191848754883,-25.41779899597168,-95.20413208007812,-6.973566055297852,84.10623931884766,0.27516452823055687
86,10,-10.107404708862305,59.50784683227539,-27.50844955444336,-96.08771514892578,-6.86541748046875,83.54340362548828,0.2770509796054995
86,11,-9.962357521057129,58.241764068603516,-28.52235984802246,-97.08023834228516,-6.807568550109863,83.38211059570312,0.2776550806061169
86,12,-9.817127227783203,56.712650299072266,-29.362098693847656,-97.69730377197266,-6.681617736816406,83.16571044921875,0.27762248879858653
86,13,-9.068390846252441,55.11827850341797,-29.351099014282227,-97.78477478027344,-6.602212905883789,82.63204956054688,0.27608037660770013
86,14,-8.73330307006836,54.135128021240234,-29.41964340209961,-98.93273162841797,-6.652705192565918,82.09103393554688,0.275446060117268
86,15,-8.921879768371582,53.441585540771484,-28.937679290771484,-99.60693359375,-6.715546607971191,82.4861068725586,0.27406857346681496
86,16,-9.022340774536133,54.787288665771484,-26.78618812561035,-100.5365219116211,-6.954251289367676,81.36046600341797,0.2720173854121755
86,17,-9.271208763122559,53.46837615966797,-26.343101501464844,-101.89195251464844,-7.026775360107422,80.96005249023438,0.26981054311571606
86,18,-9.566744804382324,53.619388580322266,-24.56707763671875,-102.74268341064453,-6.94410514831543,80.3831787109375,0.266686362058593
86,19,-9.189833641052246,53.13701248168945,-22.96302032470703,-104.34820556640625,-6.942598342895508,80.00218200683594,0.26275690885619235
86,20,-8.98762321472168,51.289974212646484,-23.418785095214844,-104.35071563720703,-6.792548179626465,80.46430969238281,0.26136551994653967
86,21,-8.787346839904785,49.17844009399414,-24.458383560180664,-103.79563903808594,-6.580399513244629,79.32600402832031,0.2608987180612586
86,22,-8.747061729431152,49.79218673706055,-22.312541961669922,-104.031494140625,-6.594605445861816,79.13018798828125,0.25731569010479216
86,23,-9.028154373168945,48.762245178222656,-22.740646362304688,-103.93731689453125,-6.492422103881836,78.48928833007812,0.2568837113169234
86,24,-9.510820388793945,49.29035949707031,-22.76486587524414,-104.0644760131836,-6.556336402893066,76.91734313964844,0.25757978499629197
86,25,-9.347002029418945,48.94412612915039,-23.296825408935547,-104.35246276855469,-6.545244216918945,77.674560546875,0.2581325537406247
86,26,-9.667804718017578,48.00400161743164,-22.793563842773438,-105.3817138671875,-6.309597969055176,77.27743530273438,0.25553614523343227
86,27,-10.68320369720459,48.249183654785156,-23.12107276916504,-105.54633331298828,-6.464461326599121,77.18768310546875,0.2564912872078209
86,28,-10.40579605102539,47.75487518310547,-22.910568237304688,-106.89054870605469,-6.172656059265137,77.61534118652344,0.2548863809531741
86,29,-10.603508949279785,47.228355407714844,-24.42279052734375,-107.19462585449219,-6.256741523742676,77.1917724609375,0.257280962820561
86,30,-10.541645050048828,47.125831604003906,-24.342609405517578,-107.62288665771484,-6.138071060180664,77.29386901855469,0.25680982643026373
86,31,-11.088948249816895,46.30991744995117,-24.806781768798828,-107.44654083251953,-6.208904266357422,77.68251037597656,0.25675797379672194
86,32,-11.046573638916016,45.498634338378906,-24.65683937072754,-108.03720092773438,-6.131087303161621,79.31404113769531,0.2550880907659913
86,33,-11.271566390991211,44.52751159667969,-25.386110305786133,-108.34114074707031,-6.079239845275879,78.26931762695312,0.2551906813952366
86,34,-11.584424018859863,44.16129684448242,-24.937755584716797,-108.33172607421875,-6.180593490600586,78.90232849121094,0.2537080407069644
86,35,-11.464773178100586,42.5660400390625,-25.261432647705078,-109.11136627197266,-6.338911056518555,78.0511474609375,0.25179942225615454
86,36,-11.536111831665039,41.655967712402344,-25.60235023498535,-109.63115692138672,-6.434220314025879,77.27706909179688,0.25099276449513824
86,37,-11.3183012008667,41.22894287109375,-26.699426651000977,-109.03182220458984,-6.296806335449219,77.78660583496094,0.25309319660809
86,38,-11.407425880432129,41.37205505371094,-25.962966918945312,-109.10868835449219,-6.473213195800781,77.82342529296875,0.25163954388264514
86,39,-11.583629608154297,40.47747039794922,-27.013286590576172,-108.11434936523438,-6.110084533691406,77.11156463623047,0.2531001060702737
86,40,-11.713717460632324,40.14447784423828,-26.835294723510742,-108.29862976074219,-5.975530624389648,76.42723846435547,0.2521542953242388
86,41,-12.052886962890625,40.89768981933594,-26.588695526123047,-108.19367980957031,-6.118083953857422,74.04686737060547,0.2527432060677342
86,42,-12.672511100769043,41.252559661865234,-25.724905014038086,-108.65275573730469,-6.271181106567383,60.72067642211914,0.25115123734067996
86,43,-12.747591018676758,40.11181640625,-26.82416534423828,-108.60185241699219,-5.8904194831848145,57.90497589111328,0.2519470350840603
86,44,-13.304365158081055,40.2379035949707,-26.59040641784668,-108.48486328125,-5.926299095153809,58.433319091796875,0.2516685456462729
86,45,-14.59974193572998,41.975311279296875,-27.559593200683594,-107.47950744628906,-5.808493614196777,65.11695861816406,0.2566223911490919
86,46,-16.930116653442383,43.21842956542969,-29.62980842590332,-106.4263916015625,-4.816498756408691,70.93799591064453,0.2628629937906174
86,47,-18.370332717895508,42.36791229248047,-31.53403663635254,-105.29059600830078,-4.475576400756836,65.90641784667969,0.2656944561963572
86,48,-17.873218536376953,41.70706558227539,-31.480031967163086,-106.17417907714844,-4.753457069396973,65.2266616821289,0.2645831485720771
86,49,-9.029135704040527,32.642333984375,-21.78968048095703,-86.61698150634766,-6.224292755126953,49.32257080078125,0.23711483075268436
87,0,-14.780296325683594,83.52658081054688,-1.3574562072753906,-90.21454620361328,-6.9906206130981445,64.31275939941406,0.25588682687209907
87,1,-14.52565860748291,81.36164093017578,0.26682090759277344,-92.13095092773438,-7.365939140319824,65.78433227539062,0.2510298589444565
87,2,-14.057212829589844,77.3587417602539,-1.7386054992675781,-93.48841857910156,-7.385705947875977,67.87593078613281,0.25073780922879246
87,3,-14.637883186340332,74.86744689941406,-4.676883697509766,-93.02165985107422,-7.655393600463867,72.49124908447266,0.25378908670586564
87,4,-14.698725700378418,72.02787017822266,-8.628541946411133,-92.5169906616211,-7.544255256652832,72.0433349609375,0.25808223479043346
87,5,-14.586420059204102,67.02494812011719,-13.479071617126465,-92.70738983154297,-7.418816566467285,73.90426635742188,0.2615383639615559
87,6,-13.205909729003906,63.56886672973633,-21.964435577392578,-92.16801452636719,-6.563702583312988,79.26675415039062,0.2714501934372585
87,7,-12.837577819824219,63.20411682128906,-24.417869567871094,-92.58012390136719,-6.974636077880859,85.3110580444336,0.27473201457075547
87,8,-11.72547435760498,61.606346130371094,-25.469205856323242,-94.34471130371094,-7.03208065032959,85.01469421386719,0.2754492748772488
87,9,-10.605456352233887,61.07191848754883,-25.41779899597168,-95.20413208007812,-6.973566055297852,84.10623931884766,0.27516452823055687
87,10,-10.107404708862305,59.50784683227539,-27.50844955444336,-96.08771514892578,-6.86541748046875,83.54340362548828,0.2770509796054995
87,11,-9.962357521057129,58.241764068603516,-28.52235984802246,-97.08023834228516,-6.807568550109863,83.38211059570312,0.2776550806061169
87,12,-9.817127227783203,56.712650299072266,-29.362098693847656,-97.69730377197266,-6.681617736816406,83.16571044921875,0.27762248879858653
87,13,-9.068390846252441,55.11827850341797,-29.351099014282227,-97.78477478027344,-6.602212905883789,82.63204956054688,0.27608037660770013
87,14,-8.73330307006836,54.135128021240234,-29.41964340209961,-98.93273162841797,-6.652705192565918,82.09103393554688,0.275446060117268
87,15,-8.921879768371582,53.441585540771484,-28.937679290771484,-99.60693359375,-6.715546607971191,82.4861068725586,0.27406857346681496
87,16,-9.022340774536133,54.787288665771484,-26.78618812561035,-100.5365219116211,-6.954251289367676,81.36046600341797,0.2720173854121755
87,17,-9.271208763122559,53.46837615966797,-26.343101501464844,-101.89195251464844,-7.026775360107422,80.96005249023438,0.26981054311571606
87,18,-9.566744804382324,53.619388580322266,-24.56707763671875,-102.74268341064453,-6.94410514831543,80.3831787109375,0.266686362058593
87,19,-9.189833641052246,53.13701248168945,-22.96302032470703,-104.34820556640625,-6.942598342895508,80.00218200683594,0.26275690885619235
87,20,-8.98762321472168,51.289974212646484,-23.418785095214844,-104.35071563720703,-6.792548179626465,80.46430969238281,0.26136551994653967
87,21,-8.787346839904785,49.17844009399414,-24.458383560180664,-103.79563903808594,-6.580399513244629,79.32600402832031,0.2608987180612586
87,22,-8.747061729431152,49.79218673706055,-22.312541961669922,-104.031494140625,-6.594605445861816,79.13018798828125,0.25731569010479216
87,23,-9.028154373168945,48.762245178222656,-22.740646362304688,-103.93731689453125,-6.492422103881836,78.48928833007812,0.2568837113169234
87,24,-9.510820388793945,49.29035949707031,-22.76486587524414,-104.0644760131836,-6.556336402893066,76.91734313964844,0.25757978499629197
87,25,-9.347002029418945,48.94412612915039,-23.296825408935547,-104.35246276855469,-6.545244216918945,77.674560546875,0.2581325537406247
87,26,-9.667804718017578,48.00400161743164,-22.793563842773438,-105.3817138671875,-6.309597969055176,77.27743530273438,0.25553614523343227
87,27,-10.68320369720459,48.249183654785156,-23.12107276916504,-105.54633331298828,-6.464461326599121,77.18768310546875,0.2564912872078209
87,28,-10.40579605102539,47.75487518310547,-22.910568237304688,-106.89054870605469,-6.172656059265137,77.61534118652344,0.2548863809531741
87,29,-10.603508949279785,47.228355407714844,-24.42279052734375,-107.19462585449219,-6.256741523742676,77.1917724609375,0.257280962820561
87,30,-10.541645050048828,47.125831604003906,-24.342609405517578,-107.62288665771484,-6.138071060180664,77.29386901855469,0.25680982643026373
87,31,-11.088948249816895,46.30991744995117,-24.806781768798828,-107.44654083251953,-6.208904266357422,77.68251037597656,0.25675797379672194
87,32,-11.046573638916016,45.498634338378906,-24.65683937072754,-108.03720092773438,-6.131087303161621,79.31404113769531,0.2550880907659913
87,33,-11.271566390991211,44.52751159667969,-25.386110305786133,-108.34114074707031,-6.079239845275879,78.26931762695312,0.2551906813952366
87,34,-11.584424018859863,44.16129684448242,-24.937755584716797,-108.33172607421875,-6.180593490600586,78.90232849121094,0.2537080407069644
87,35,-11.464773178100586,42.5660400390625,-25.261432647705078,-109.11136627197266,-6.338911056518555,78.0511474609375,0.25179942225615454
87,36,-11.536111831665039,41.655967712402344,-25.60235023498535,-109.63115692138672,-6.434220314025879,77.27706909179688,0.25099276449513824
87,37,-11.3183012008667,41.22894287109375,-26.699426651000977,-109.03182220458984,-6.296806335449219,77.78660583496094,0.25309319660809
87,38,-11.407425880432129,41.37205505371094,-25.962966918945312,-109.10868835449219,-6.473213195800781,77.82342529296875,0.25163954388264514
87,39,-11.583629608154297,40.47747039794922,-27.013286590576172,-108.11434936523438,-6.110084533691406,77.11156463623047,0.2531001060702737
87,40,-11.713717460632324,40.14447784423828,-26.835294723510742,-108.29862976074219,-5.975530624389648,76.42723846435547,0.2521542953242388
87,41,-12.052886962890625,40.89768981933594,-26.588695526123047,-108.19367980957031,-6.118083953857422,74.04686737060547,0.2527432060677342
87,42,-12.672511100769043,41.252559661865234,-25.724905014038086,-108.65275573730469,-6.271181106567383,60.72067642211914,0.25115123734067996
87,43,-12.747591018676758,40.11181640625,-26.82416534423828,-108.60185241699219,-5.8904194831848145,57.90497589111328,0.2519470350840603
87,44,-13.304365158081055,40.2379035949707,-26.59040641784668,-108.48486328125,-5.926299095153809,58.433319091796875,0.2516685456462729
87,45,-14.59974193572998,41.975311279296875,-27.559593200683594,-107.47950744628906,-5.808493614196777,65.11695861816406,0.2566223911490919
87,46,-16.930116653442383,43.21842956542969,-29.62980842590332,-106.4263916015625,-4.816498756408691,70.93799591064453,0.2628629937906174
87,47,-18.370332717895508,42.36791229248047,-31.53403663635254,-105.29059600830078,-4.475576400756836,65.90641784667969,0.2656944561963572
87,48,-17.873218536376953,41.70706558227539,-31.480031967163086,-106.17417907714844,-4.753457069396973,65.2266616821289,0.2645831485720771
87,49,-9.029135704040527,32.642333984375,-21.78968048095703,-86.61698150634766,-6.224292755126953,49.32257080078125,0.23711483075268436
88,0,-14.780296325683594,83.52658081054688,-1.3574562072753906,-90.21454620361328,-6.9906206130981445,64.31275939941406,0.25588682687209907
88,1,-14.52565860748291,81.36164093017578,0.26682090759277344,-92.13095092773438,-7.365939140319824,65.78433227539062,0.2510298589444565
88,2,-14.057212829589844,77.3587417602539,-1.7386054992675781,-93.48841857910156,-7.385705947875977,67.87593078613281,0.25073780922879246
88,3,-14.637883186340332,74.86744689941406,-4.676883697509766,-93.02165985107422,-7.655393600463867,72.49124908447266,0.25378908670586564
88,4,-14.698725700378418,72.02787017822266,-8.628541946411133,-92.5169906616211,-7.544255256652832,72.0433349609375,0.25808223479043346
88,5,-14.586420059204102,67.02494812011719,-13.479071617126465,-92.70738983154297,-7.418816566467285,73.90426635742188,0.2615383639615559
88,6,-13.205909729003906,63.56886672973633,-21.964435577392578,-92.16801452636719,-6.563702583312988,79.26675415039062,0.2714501934372585
88,7,-12.837577819824219,63.20411682128906,-24.417869567871094,-92.58012390136719,-6.974636077880859,85.3110580444336,0.27473201457075547
88,8,-11.72547435760498,61.606346130371094,-25.469205856323242,-94.34471130371094,-7.03208065032959,85.01469421386719,0.2754492748772488
88,9,-10.605456352233887,61.07191848754883,-25.41779899597168,-95.20413208007812,-6.973566055297852,84.10623931884766,0.27516452823055687
88,10,-10.107404708862305,59.50784683227539,-27.50844955444336,-96.08771514892578,-6.86541748046875,83.54340362548828,0.2770509796054995
88,11,-9.962357521057129,58.241764068603516,-28.52235984802246,-97.08023834228516,-6.807568550109863,83.38211059570312,0.2776550806061169
88,12,-9.817127227783203,56.712650299072266,-29.362098693847656,-97.69730377197266,-6.681617736816406,83.16571044921875,0.27762248879858653
88,13,-9.068390846252441,55.11827850341797,-29.351099014282227,-97.78477478027344,-6.602212905883789,82.63204956054688,0.27608037660770013
88,14,-8.73330307006836,54.135128021240234,-29.41964340209961,-98.93273162841797,-6.652705192565918,82.09103393554688,0.275446060117268
88,15,-8.921879768371582,53.441585540771484,-28.937679290771484,-99.60693359375,-6.715546607971191,82.4861068725586,0.27406857346681496
88,16,-9.022340774536133,54.787288665771484,-26.78618812561035,-100.5365219116211,-6.954251289367676,81.36046600341797,0.2720173854121755
88,17,-9.271208763122559,53.46837615966797,-26.343101501464844,-101.89195251464844,-7.026775360107422,80.96005249023438,0.26981054311571606
88,18,-9.566744804382324,53.619388580322266,-24.56707763671875,-102.74268341064453,-6.94410514831543,80.3831787109375,0.266686362058593
88,19,-9.189833641052246,53.13701248168945,-22.96302032470703,-104.34820556640625,-6.942598342895508,80.00218200683594,0.26275690885619235
88,20,-8.98762321472168,51.289974212646484,-23.418785095214844,-104.35071563720703,-6.792548179626465,80.46430969238281,0.26136551994653967
88,21,-8.787346839904785,49.17844009399414,-24.458383560180664,-103.79563903808594,-6.580399513244629,79.32600402832031,0.2608987180612586
88,22,-8.747061729431152,49.79218673706055,-22.312541961669922,-104.031494140625,-6.594605445861816,79.13018798828125,0.25731569010479216
88,23,-9.028154373168945,48.762245178222656,-22.740646362304688,-103.93731689453125,-6.492422103881836,78.48928833007812,0.2568837113169234
88,24,-9.510820388793945,49.29035949707031,-22.76486587524414,-104.0644760131836,-6.556336402893066,76.91734313964844,0.25757978499629197
88,25,-9.347002029418945,48.94412612915039,-23.296825408935547,-104.35246276855469,-6.545244216918945,77.674560546875,0.2581325537406247
88,26,-9.667804718017578,48.00400161743164,-22.793563842773438,-105.3817138671875,-6.309597969055176,77.27743530273438,0.25553614523343227
88,27,-10.68320369720459,48.249183654785156,-23.12107276916504,-105.54633331298828,-6.464461326599121,77.18768310546875,0.2564912872078209
88,28,-10.40579605102539,47.75487518310547,-22.910568237304688,-106.89054870605469,-6.172656059265137,77.61534118652344,0.2548863809531741
88,29,-10.603508949279785,47.228355407714844,-24.42279052734375,-107.19462585449219,-6.256741523742676,77.1917724609375,0.257280962820561
88,30,-10.541645050048828,47.125831604003906,-24.342609405517578,-107.62288665771484,-6.138071060180664,77.29386901855469,0.25680982643026373
88,31,-11.088948249816895,46.30991744995117,-24.806781768798828,-107.44654083251953,-6.208904266357422,77.68251037597656,0.25675797379672194
88,32,-11.046573638916016,45.498634338378906,-24.65683937072754,-108.03720092773438,-6.131087303161621,79.31404113769531,0.2550880907659913
88,33,-11.271566390991211,44.52751159667969,-25.386110305786133,-108.34114074707031,-6.079239845275879,78.26931762695312,0.2551906813952366
88,34,-11.584424018859863,44.16129684448242,-24.937755584716797,-108.33172607421875,-6.180593490600586,78.90232849121094,0.2537080407069644
88,35,-11.464773178100586,42.5660400390625,-25.261432647705078,-109.11136627197266,-6.338911056518555,78.0511474609375,0.25179942225615454
88,36,-11.536111831665039,41.655967712402344,-25.60235023498535,-109.63115692138672,-6.434220314025879,77.27706909179688,0.25099276449513824
88,37,-11.3183012008667,41.22894287109375,-26.699426651000977,-109.03182220458984,-6.296806335449219,77.78660583496094,0.25309319660809
88,38,-11.407425880432129,41.37205505371094,-25.962966918945312,-109.10868835449219,-6.473213195800781,77.82342529296875,0.25163954388264514
88,39,-11.583629608154297,40.47747039794922,-27.013286590576172,-108.11434936523438,-6.110084533691406,77.11156463623047,0.2531001060702737
88,40,-11.713717460632324,40.14447784423828,-26.835294723510742,-108.29862976074219,-5.975530624389648,76.42723846435547,0.2521542953242388
88,41,-12.052886962890625,40.89768981933594,-26.588695526123047,-108.19367980957031,-6.118083953857422,74.04686737060547,0.2527432060677342
88,42,-12.672511100769043,41.252559661865234,-25.724905014038086,-108.65275573730469,-6.271181106567383,60.72067642211914,0.25115123734067996
88,43,-12.747591018676758,40.11181640625,-26.82416534423828,-108.60185241699219,-5.8904194831848145,57.90497589111328,0.2519470350840603
88,44,-13.304365158081055,40.2379035949707,-26.59040641784668,-108.48486328125,-5.926299095153809,58.433319091796875,0.2516685456462729
88,45,-14.59974193572998,41.975311279296875,-27.559593200683594,-107.47950744628906,-5.808493614196777,65.11695861816406,0.2566223911490919
88,46,-16.930116653442383,43.21842956542969,-29.62980842590332,-106.4263916015625,-4.816498756408691,70.93799591064453,0.2628629937906174
88,47,-18.370332717895508,42.36791229248047,-31.53403663635254,-105.29059600830078,-4.475576400756836,65.90641784667969,0.2656944561963572
88,48,-17.873218536376953,41.70706558227539,-31.480031967163086,-106.17417907714844,-4.753457069396973,65.2266616821289,0.2645831485720771
88,49,-9.029135704040527,32.642333984375,-21.78968048095703,-86.61698150634766,-6.224292755126953,49.32257080078125,0.23711483075268436
89,0,-14.780296325683594,83.52658081054688,-1.3574562072753906,-90.21454620361328,-6.9906206130981445,64.31275939941406,0.25588682687209907
89,1,-14.52565860748291,81.36164093017578,0.26682090759277344,-92.13095092773438,-7.365939140319824,65.78433227539062,0.2510298589444565
89,2,-14.057212829589844,77.3587417602539,-1.7386054992675781,-93.48841857910156,-7.385705947875977,67.87593078613281,0.25073780922879246
89,3,-14.637883186340332,74.86744689941406,-4.676883697509766,-93.02165985107422,-7.655393600463867,72.49124908447266,0.25378908670586564
89,4,-14.698725700378418,72.02787017822266,-8.628541946411133,-92.5169906616211,-7.544255256652832,72.0433349609375,0.25808223479043346
89,5,-14.586420059204102,67.02494812011719,-13.479071617126465,-92.70738983154297,-7.418816566467285,73.90426635742188,0.2615383639615559
89,6,-13.205909729003906,63.56886672973633,-21.964435577392578,-92.16801452636719,-6.563702583312988,79.26675415039062,0.2714501934372585
89,7,-12.837577819824219,63.20411682128906,-24.417869567871094,-92.58012390136719,-6.974636077880859,85.3110580444336,0.27473201457075547
89,8,-11.72547435760498,61.606346130371094,-25.469205856323242,-94.34471130371094,-7.03208065032959,85.01469421386719,0.2754492748772488
89,9,-10.605456352233887,61.07191848754883,-25.41779899597168,-95.20413208007812,-6.973566055297852,84.10623931884766,0.27516452823055687
89,10,-10.107404708862305,59.50784683227539,-27.50844955444336,-96.08771514892578,-6.86541748046875,83.54340362548828,0.2770509796054995
89,11,-9.962357521057129,58.241764068603516,-28.52235984802246,-97.08023834228516,-6.807568550109863,83.38211059570312,0.2776550806061169
89,12,-9.817127227783203,56.712650299072266,-29.362098693847656,-97.69730377197266,-6.681617736816406,83.16571044921875,0.27762248879858653
89,13,-9.068390846252441,55.11827850341797,-29.351099014282227,-97.78477478027344,-6.602212905883789,82.63204956054688,0.27608037660770013
89,14,-8.73330307006836,54.135128021240234,-29.41964340209961,-98.93273162841797,-6.652705192565918,82.09103393554688,0.275446060117268
89,15,-8.921879768371582,53.441585540771484,-28.937679290771484,-99.60693359375,-6.715546607971191,82.4861068725586,0.27406857346681496
89,16,-9.022340774536133,54.787288665771484,-26.78618812561035,-100.5365219116211,-6.954251289367676,81.36046600341797,0.2720173854121755
89,17,-9.271208763122559,53.46837615966797,-26.343101501464844,-101.89195251464844,-7.026775360107422,80.96005249023438,0.26981054311571606
89,18,-9.566744804382324,53.619388580322266,-24.56707763671875,-102.74268341064453,-6.94410514831543,80.3831787109375,0.266686362058593
89,19,-9.189833641052246,53.13701248168945,-22.96302032470703,-104.34820556640625,-6.942598342895508,80.00218200683594,0.26275690885619235
89,20,-8.98762321472168,51.289974212646484,-23.418785095214844,-104.35071563720703,-6.792548179626465,80.46430969238281,0.26136551994653967
89,21,-8.787346839904785,49.17844009399414,-24.458383560180664,-103.79563903808594,-6.580399513244629,79.32600402832031,0.2608987180612586
89,22,-8.747061729431152,49.79218673706055,-22.312541961669922,-104.031494140625,-6.594605445861816,79.13018798828125,0.25731569010479216
89,23,-9.028154373168945,48.762245178222656,-22.740646362304688,-103.93731689453125,-6.492422103881836,78.48928833007812,0.2568837113169234
89,24,-9.510820388793945,49.29035949707031,-22.76486587524414,-104.0644760131836,-6.556336402893066,76.91734313964844,0.25757978499629197
89,25,-9.347002029418945,48.94412612915039,-23.296825408935547,-104.35246276855469,-6.545244216918945,77.674560546875,0.2581325537406247
89,26,-9.667804718017578,48.00400161743164,-22.793563842773438,-105.3817138671875,-6.309597969055176,77.27743530273438,0.25553614523343227
89,27,-10.68320369720459,48.249183654785156,-23.12107276916504,-105.54633331298828,-6.464461326599121,77.18768310546875,0.2564912872078209
89,28,-10.40579605102539,47.75487518310547,-22.910568237304688,-106.89054870605469,-6.172656059265137,77.61534118652344,0.2548863809531741
89,29,-10.603508949279785,47.228355407714844,-24.42279052734375,-107.19462585449219,-6.256741523742676,77.1917724609375,0.257280962820561
89,30,-10.541645050048828,47.125831604003906,-24.342609405517578,-107.62288665771484,-6.138071060180664,77.29386901855469,0.25680982643026373
89,31,-11.088948249816895,46.30991744995117,-24.806781768798828,-107.44654083251953,-6.208904266357422,77.68251037597656,0.25675797379672194
89,32,-11.046573638916016,45.498634338378906,-24.65683937072754,-108.03720092773438,-6.131087303161621,79.31404113769531,0.2550880907659913
89,33,-11.271566390991211,44.52751159667969,-25.386110305786133,-108.34114074707031,-6.079239845275879,78.26931762695312,0.2551906813952366
89,34,-11.584424018859863,44.16129684448242,-24.937755584716797,-108.33172607421875,-6.180593490600586,78.90232849121094,0.2537080407069644
89,35,-11.464773178100586,42.5660400390625,-25.261432647705078,-109.11136627197266,-6.338911056518555,78.0511474609375,0.25179942225615454
89,36,-11.536111831665039,41.655967712402344,-25.60235023498535,-109.63115692138672,-6.434220314025879,77.27706909179688,0.25099276449513824
89,37,-11.3183012008667,41.22894287109375,-26.699426651000977,-109.03182220458984,-6.296806335449219,77.78660583496094,0.25309319660809
89,38,-11.407425880432129,41.37205505371094,-25.962966918945312,-109.10868835449219,-6.473213195800781,77.82342529296875,0.25163954388264514
89,39,-11.583629608154297,40.47747039794922,-27.013286590576172,-108.11434936523438,-6.110084533691406,77.11156463623047,0.2531001060702737
89,40,-11.713717460632324,40.14447784423828,-26.835294723510742,-108.29862976074219,-5.975530624389648,76.42723846435547,0.2521542953242388
89,41,-12.052886962890625,40.89768981933594,-26.588695526123047,-108.19367980957031,-6.118083953857422,74.04686737060547,0.2527432060677342
89,42,-12.672511100769043,41.252559661865234,-25.724905014038086,-108.65275573730469,-6.271181106567383,60.72067642211914,0.25115123734067996
89,43,-12.747591018676758,40.11181640625,-26.82416534423828,-108.60185241699219,-5.8904194831848145,57.90497589111328,0.2519470350840603
89,44,-13.304365158081055,40.2379035949707,-26.59040641784668,-108.48486328125,-5.926299095153809,58.433319091796875,0.2516685456462729
89,45,-14.59974193572998,41.975311279296875,-27.559593200683594,-107.47950744628906,-5.808493614196777,65.11695861816406,0.2566223911490919
89,46,-16.930116653442383,43.21842956542969,-29.62980842590332,-106.4263916015625,-4.816498756408691,70.93799591064453,0.2628629937906174
89,47,-18.370332717895508,42.36791229248047,-31.53403663635254,-105.29059600830078,-4.475576400756836,65.90641784667969,0.2656944561963572
89,48,-17.873218536376953,41.70706558227539,-31.480031967163086,-106.17417907714844,-4.753457069396973,65.2266616821289,0.2645831485720771
89,49,-9.029135704040527,32.642333984375,-21.78968048095703,-86.61698150634766,-6.224292755126953,49.32257080078125,0.23711483075268436
90,0,-14.780296325683594,83.52658081054688,-1.3574562072753906,-90.21454620361328,-6.9906206130981445,64.31275939941406,0.25588682687209907
90,1,-14.52565860748291,81.36164093017578,0.26682090759277344,-92.13095092773438,-7.365939140319824,65.78433227539062,0.2510298589444565
90,2,-14.057212829589844,77.3587417602539,-1.7386054992675781,-93.48841857910156,-7.385705947875977,67.87593078613281,0.25073780922879246
90,3,-14.637883186340332,74.86744689941406,-4.676883697509766,-93.02165985107422,-7.655393600463867,72.49124908447266,0.25378908670586564
90,4,-14.698725700378418,72.02787017822266,-8.628541946411133,-92.5169906616211,-7.544255256652832,72.0433349609375,0.25808223479043346
90,5,-14.586420059204102,67.02494812011719,-13.479071617126465,-92.70738983154297,-7.418816566467285,73.90426635742188,0.2615383639615559
90,6,-13.205909729003906,63.56886672973633,-21.964435577392578,-92.16801452636719,-6.563702583312988,79.26675415039062,0.2714501934372585
90,7,-12.837577819824219,63.20411682128906,-24.417869567871094,-92.58012390136719,-6.974636077880859,85.3110580444336,0.27473201457075547
90,8,-11.72547435760498,61.606346130371094,-25.469205856323242,-94.34471130371094,-7.03208065032959,85.01469421386719,0.2754492748772488
90,9,-10.605456352233887,61.07191848754883,-25.41779899597168,-95.20413208007812,-6.973566055297852,84.10623931884766,0.27516452823055687
90,10,-10.107404708862305,59.50784683227539,-27.50844955444336,-96.08771514892578,-6.86541748046875,83.54340362548828,0.2770509796054995
90,11,-9.962357521057129,58.241764068603516,-28.52235984802246,-97.08023834228516,-6.807568550109863,83.38211059570312,0.2776550806061169
90,12,-9.817127227783203,56.712650299072266,-29.362098693847656,-97.69730377197266,-6.681617736816406,83.16571044921875,0.27762248879858653
90,13,-9.068390846252441,55.11827850341797,-29.351099014282227,-97.78477478027344,-6.602212905883789,82.63204956054688,0.27608037660770013
90,14,-8.73330307006836,54.135128021240234,-29.41964340209961,-98.93273162841797,-6.652705192565918,82.09103393554688,0.275446060117268
90,15,-8.921879768371582,53.441585540771484,-28.937679290771484,-99.60693359375,-6.715546607971191,82.4861068725586,0.27406857346681496
90,16,-9.022340774536133,54.787288665771484,-26.78618812561035,-100.5365219116211,-6.954251289367676,81.36046600341797,0.2720173854121755
90,17,-9.271208763122559,53.46837615966797,-26.343101501464844,-101.89195251464844,-7.026775360107422,80.96005249023438,0.26981054311571606
90,18,-9.566744804382324,53.619388580322266,-24.56707763671875,-102.74268341064453,-6.94410514831543,80.3831787109375,0.266686362058593
90,19,-9.189833641052246,53.13701248168945,-22.96302032470703,-104.34820556640625,-6.942598342895508,80.00218200683594,0.26275690885619235
90,20,-8.98762321472168,51.289974212646484,-23.418785095214844,-104.35071563720703,-6.792548179626465,80.46430969238281,0.26136551994653967
90,21,-8.787346839904785,49.17844009399414,-24.458383560180664,-103.79563903808594,-6.580399513244629,79.32600402832031,0.2608987180612586
90,22,-8.747061729431152,49.79218673706055,-22.312541961669922,-104.031494140625,-6.594605445861816,79.13018798828125,0.25731569010479216
90,23,-9.028154373168945,48.762245178222656,-22.740646362304688,-103.93731689453125,-6.492422103881836,78.48928833007812,0.2568837113169234
90,24,-9.510820388793945,49.29035949707031,-22.76486587524414,-104.0644760131836,-6.556336402893066,76.91734313964844,0.25757978499629197
90,25,-9.347002029418945,48.94412612915039,-23.296825408935547,-104.35246276855469,-6.545244216918945,77.674560546875,0.2581325537406247
90,26,-9.667804718017578,48.00400161743164,-22.793563842773438,-105.3817138671875,-6.309597969055176,77.27743530273438,0.25553614523343227
90,27,-10.68320369720459,48.249183654785156,-23.12107276916504,-105.54633331298828,-6.464461326599121,77.18768310546875,0.2564912872078209
90,28,-10.40579605102539,47.75487518310547,-22.910568237304688,-106.89054870605469,-6.172656059265137,77.61534118652344,0.2548863809531741
90,29,-10.603508949279785,47.228355407714844,-24.42279052734375,-107.19462585449219,-6.256741523742676,77.1917724609375,0.257280962820561
90,30,-10.541645050048828,47.125831604003906,-24.342609405517578,-107.62288665771484,-6.138071060180664,77.29386901855469,0.25680982643026373
90,31,-11.088948249816895,46.30991744995117,-24.806781768798828,-107.44654083251953,-6.208904266357422,77.68251037597656,0.25675797379672194
90,32,-11.046573638916016,45.498634338378906,-24.65683937072754,-108.03720092773438,-6.131087303161621,79.31404113769531,0.2550880907659913
90,33,-11.271566390991211,44.52751159667969,-25.386110305786133,-108.34114074707031,-6.079239845275879,78.26931762695312,0.2551906813952366
90,34,-11.584424018859863,44.16129684448242,-24.937755584716797,-108.33172607421875,-6.180593490600586,78.90232849121094,0.2537080407069644
90,35,-11.464773178100586,42.5660400390625,-25.261432647705078,-109.11136627197266,-6.338911056518555,78.0511474609375,0.25179942225615454
90,36,-11.536111831665039,41.655967712402344,-25.60235023498535,-109.63115692138672,-6.434220314025879,77.27706909179688,0.25099276449513824
90,37,-11.3183012008667,41.22894287109375,-26.699426651000977,-109.03182220458984,-6.296806335449219,77.78660583496094,0.25309319660809
90,38,-11.407425880432129,41.37205505371094,-25.962966918945312,-109.10868835449219,-6.473213195800781,77.82342529296875,0.25163954388264514
90,39,-11.583629608154297,40.47747039794922,-27.013286590576172,-108.11434936523438,-6.110084533691406,77.11156463623047,0.2531001060702737
90,40,-11.713717460632324,40.14447784423828,-26.835294723510742,-108.29862976074219,-5.975530624389648,76.42723846435547,0.2521542953242388
90,41,-12.052886962890625,40.89768981933594,-26.588695526123047,-108.19367980957031,-6.118083953857422,74.04686737060547,0.2527432060677342
90,42,-12.672511100769043,41.252559661865234,-25.724905014038086,-108.65275573730469,-6.271181106567383,60.72067642211914,0.25115123734067996
90,43,-12.747591018676758,40.11181640625,-26.82416534423828,-108.60185241699219,-5.8904194831848145,57.90497589111328,0.2519470350840603
90,44,-13.304365158081055,40.2379035949707,-26.59040641784668,-108.48486328125,-5.926299095153809,58.433319091796875,0.2516685456462729
90,45,-14.59974193572998,41.975311279296875,-27.559593200683594,-107.47950744628906,-5.808493614196777,65.11695861816406,0.2566223911490919
90,46,-16.930116653442383,43.21842956542969,-29.62980842590332,-106.4263916015625,-4.816498756408691,70.93799591064453,0.2628629937906174
90,47,-18.370332717895508,42.36791229248047,-31.53403663635254,-105.29059600830078,-4.475576400756836,65.90641784667969,0.2656944561963572
90,48,-17.873218536376953,41.70706558227539,-31.480031967163086,-106.17417907714844,-4.753457069396973,65.2266616821289,0.2645831485720771
90,49,-9.029135704040527,32.642333984375,-21.78968048095703,-86.61698150634766,-6.224292755126953,49.32257080078125,0.23711483075268436
91,0,-14.780296325683594,83.52658081054688,-1.3574562072753906,-90.21454620361328,-6.9906206130981445,64.31275939941406,0.25588682687209907
91,1,-14.52565860748291,81.36164093017578,0.26682090759277344,-92.13095092773438,-7.365939140319824,65.78433227539062,0.2510298589444565
91,2,-14.057212829589844,77.3587417602539,-1.7386054992675781,-93.48841857910156,-7.385705947875977,67.87593078613281,0.25073780922879246
91,3,-14.637883186340332,74.86744689941406,-4.676883697509766,-93.02165985107422,-7.655393600463867,72.49124908447266,0.25378908670586564
91,4,-14.698725700378418,72.02787017822266,-8.628541946411133,-92.5169906616211,-7.544255256652832,72.0433349609375,0.25808223479043346
91,5,-14.586420059204102,67.02494812011719,-13.479071617126465,-92.70738983154297,-7.418816566467285,73.90426635742188,0.2615383639615559
91,6,-13.205909729003906,63.56886672973633,-21.964435577392578,-92.16801452636719,-6.563702583312988,79.26675415039062,0.2714501934372585
91,7,-12.837577819824219,63.20411682128906,-24.417869567871094,-92.58012390136719,-6.974636077880859,85.3110580444336,0.27473201457075547
91,8,-11.72547435760498,61.606346130371094,-25.469205856323242,-94.34471130371094,-7.03208065032959,85.01469421386719,0.2754492748772488
91,9,-10.605456352233887,61.07191848754883,-25.41779899597168,-95.20413208007812,-6.973566055297852,84.10623931884766,0.27516452823055687
91,10,-10.107404708862305,59.50784683227539,-27.50844955444336,-96.08771514892578,-6.86541748046875,83.54340362548828,0.2770509796054995
91,11,-9.962357521057129,58.241764068603516,-28.52235984802246,-97.08023834228516,-6.807568550109863,83.38211059570312,0.2776550806061169
91,12,-9.817127227783203,56.712650299072266,-29.362098693847656,-97.69730377197266,-6.681617736816406,83.16571044921875,0.27762248879858653
91,13,-9.068390846252441,55.11827850341797,-29.351099014282227,-97.78477478027344,-6.602212905883789,82.63204956054688,0.27608037660770013
91,14,-8.73330307006836,54.135128021240234,-29.41964340209961,-98.93273162841797,-6.652705192565918,82.09103393554688,0.275446060117268
91,15,-8.921879768371582,53.441585540771484,-28.937679290771484,-99.60693359375,-6.715546607971191,82.4861068725586,0.27406857346681496
91,16,-9.022340774536133,54.787288665771484,-26.78618812561035,-100.5365219116211,-6.954251289367676,81.36046600341797,0.2720173854121755
91,17,-9.271208763122559,53.46837615966797,-26.343101501464844,-101.89195251464844,-7.026775360107422,80.96005249023438,0.26981054311571606
91,18,-9.566744804382324,53.619388580322266,-24.56707763671875,-102.74268341064453,-6.94410514831543,80.3831787109375,0.266686362058593
91,19,-9.189833641052246,53.13701248168945,-22.96302032470703,-104.34820556640625,-6.942598342895508,80.00218200683594,0.26275690885619235
91,20,-8.98762321472168,51.289974212646484,-23.418785095214844,-104.35071563720703,-6.792548179626465,80.46430969238281,0.26136551994653967
91,21,-8.787346839904785,49.17844009399414,-24.458383560180664,-103.79563903808594,-6.580399513244629,79.32600402832031,0.2608987180612586
91,22,-8.747061729431152,49.79218673706055,-22.312541961669922,-104.031494140625,-6.594605445861816,79.13018798828125,0.25731569010479216
91,23,-9.028154373168945,48.762245178222656,-22.740646362304688,-103.93731689453125,-6.492422103881836,78.48928833007812,0.2568837113169234
91,24,-9.510820388793945,49.29035949707031,-22.76486587524414,-104.0644760131836,-6.556336402893066,76.91734313964844,0.25757978499629197
91,25,-9.347002029418945,48.94412612915039,-23.296825408935547,-104.35246276855469,-6.545244216918945,77.674560546875,0.2581325537406247
91,26,-9.667804718017578,48.00400161743164,-22.793563842773438,-105.3817138671875,-6.309597969055176,77.27743530273438,0.25553614523343227
91,27,-10.68320369720459,48.249183654785156,-23.12107276916504,-105.54633331298828,-6.464461326599121,77.18768310546875,0.2564912872078209
91,28,-10.40579605102539,47.75487518310547,-22.910568237304688,-106.89054870605469,-6.172656059265137,77.61534118652344,0.2548863809531741
91,29,-10.603508949279785,47.228355407714844,-24.42279052734375,-107.19462585449219,-6.256741523742676,77.1917724609375,0.257280962820561
91,30,-10.541645050048828,47.125831604003906,-24.342609405517578,-107.62288665771484,-6.138071060180664,77.29386901855469,0.25680982643026373
91,31,-11.088948249816895,46.30991744995117,-24.806781768798828,-107.44654083251953,-6.208904266357422,77.68251037597656,0.25675797379672194
91,32,-11.046573638916016,45.498634338378906,-24.65683937072754,-108.03720092773438,-6.131087303161621,79.31404113769531,0.2550880907659913
91,33,-11.271566390991211,44.52751159667969,-25.386110305786133,-108.34114074707031,-6.079239845275879,78.26931762695312,0.2551906813952366
91,34,-11.584424018859863,44.16129684448242,-24.937755584716797,-108.33172607421875,-6.180593490600586,78.90232849121094,0.2537080407069644
91,35,-11.464773178100586,42.5660400390625,-25.261432647705078,-109.11136627197266,-6.338911056518555,78.0511474609375,0.25179942225615454
91,36,-11.536111831665039,41.655967712402344,-25.60235023498535,-109.63115692138672,-6.434220314025879,77.27706909179688,0.25099276449513824
91,37,-11.3183012008667,41.22894287109375,-26.699426651000977,-109.03182220458984,-6.296806335449219,77.78660583496094,0.25309319660809
91,38,-11.407425880432129,41.37205505371094,-25.962966918945312,-109.10868835449219,-6.473213195800781,77.82342529296875,0.25163954388264514
91,39,-11.583629608154297,40.47747039794922,-27.013286590576172,-108.11434936523438,-6.110084533691406,77.11156463623047,0.2531001060702737
91,40,-11.713717460632324,40.14447784423828,-26.835294723510742,-108.29862976074219,-5.975530624389648,76.42723846435547,0.2521542953242388
91,41,-12.052886962890625,40.89768981933594,-26.588695526123047,-108.19367980957031,-6.118083953857422,74.04686737060547,0.2527432060677342
91,42,-12.672511100769043,41.252559661865234,-25.724905014038086,-108.65275573730469,-6.271181106567383,60.72067642211914,0.25115123734067996
91,43,-12.747591018676758,40.11181640625,-26.82416534423828,-108.60185241699219,-5.8904194831848145,57.90497589111328,0.2519470350840603
91,44,-13.304365158081055,40.2379035949707,-26.59040641784668,-108.48486328125,-5.926299095153809,58.433319091796875,0.2516685456462729
91,45,-14.59974193572998,41.975311279296875,-27.559593200683594,-107.47950744628906,-5.808493614196777,65.11695861816406,0.2566223911490919
91,46,-16.930116653442383,43.21842956542969,-29.62980842590332,-106.4263916015625,-4.816498756408691,70.93799591064453,0.2628629937906174
91,47,-18.370332717895508,42.36791229248047,-31.53403663635254,-105.29059600830078,-4.475576400756836,65.90641784667969,0.2656944561963572
91,48,-17.873218536376953,41.70706558227539,-31.480031967163086,-106.17417907714844,-4.753457069396973,65.2266616821289,0.2645831485720771
91,49,-9.029135704040527,32.642333984375,-21.78968048095703,-86.61698150634766,-6.224292755126953,49.32257080078125,0.23711483075268436
92,0,-14.780296325683594,83.52658081054688,-1.3574562072753906,-90.21454620361328,-6.9906206130981445,64.31275939941406,0.25588682687209907
92,1,-14.52565860748291,81.36164093017578,0.26682090759277344,-92.13095092773438,-7.365939140319824,65.78433227539062,0.2510298589444565
92,2,-14.057212829589844,77.3587417602539,-1.7386054992675781,-93.48841857910156,-7.385705947875977,67.87593078613281,0.25073780922879246
92,3,-14.637883186340332,74.86744689941406,-4.676883697509766,-93.02165985107422,-7.655393600463867,72.49124908447266,0.25378908670586564
92,4,-14.698725700378418,72.02787017822266,-8.628541946411133,-92.5169906616211,-7.544255256652832,72.0433349609375,0.25808223479043346
92,5,-14.586420059204102,67.02494812011719,-13.479071617126465,-92.70738983154297,-7.418816566467285,73.90426635742188,0.2615383639615559
92,6,-13.205909729003906,63.56886672973633,-21.964435577392578,-92.16801452636719,-6.563702583312988,79.26675415039062,0.2714501934372585
92,7,-12.837577819824219,63.20411682128906,-24.417869567871094,-92.58012390136719,-6.974636077880859,85.3110580444336,0.27473201457075547
92,8,-11.72547435760498,61.606346130371094,-25.469205856323242,-94.34471130371094,-7.03208065032959,85.01469421386719,0.2754492748772488
92,9,-10.605456352233887,61.07191848754883,-25.41779899597168,-95.20413208007812,-6.973566055297852,84.10623931884766,0.27516452823055687
92,10,-10.107404708862305,59.50784683227539,-27.50844955444336,-96.08771514892578,-6.86541748046875,83.54340362548828,0.2770509796054995
92,11,-9.962357521057129,58.241764068603516,-28.52235984802246,-97.08023834228516,-6.807568550109863,83.38211059570312,0.2776550806061169
92,12,-9.817127227783203,56.712650299072266,-29.362098693847656,-97.69730377197266,-6.681617736816406,83.16571044921875,0.27762248879858653
92,13,-9.068390846252441,55.11827850341797,-29.351099014282227,-97.78477478027344,-6.602212905883789,82.63204956054688,0.27608037660770013
92,14,-8.73330307006836,54.135128021240234,-29.41964340209961,-98.93273162841797,-6.652705192565918,82.09103393554688,0.275446060117268
92,15,-8.921879768371582,53.441585540771484,-28.937679290771484,-99.60693359375,-6.715546607971191,82.4861068725586,0.27406857346681496
92,16,-9.022340774536133,54.787288665771484,-26.78618812561035,-100.5365219116211,-6.954251289367676,81.36046600341797,0.2720173854121755
92,17,-9.271208763122559,53.46837615966797,-26.343101501464844,-101.89195251464844,-7.026775360107422,80.96005249023438,0.26981054311571606
92,18,-9.566744804382324,53.619388580322266,-24.56707763671875,-102.74268341064453,-6.94410514831543,80.3831787109375,0.266686362058593
92,19,-9.189833641052246,53.13701248168945,-22.96302032470703,-104.34820556640625,-6.942598342895508,80.00218200683594,0.26275690885619235
92,20,-8.98762321472168,51.289974212646484,-23.418785095214844,-104.35071563720703,-6.792548179626465,80.46430969238281,0.26136551994653967
92,21,-8.787346839904785,49.17844009399414,-24.458383560180664,-103.79563903808594,-6.580399513244629,79.32600402832031,0.2608987180612586
92,22,-8.747061729431152,49.79218673706055,-22.312541961669922,-104.031494140625,-6.594605445861816,79.13018798828125,0.25731569010479216
92,23,-9.028154373168945,48.762245178222656,-22.740646362304688,-103.93731689453125,-6.492422103881836,78.48928833007812,0.2568837113169234
92,24,-9.510820388793945,49.29035949707031,-22.76486587524414,-104.0644760131836,-6.556336402893066,76.91734313964844,0.25757978499629197
92,25,-9.347002029418945,48.94412612915039,-23.296825408935547,-104.35246276855469,-6.545244216918945,77.674560546875,0.2581325537406247
92,26,-9.667804718017578,48.00400161743164,-22.793563842773438,-105.3817138671875,-6.309597969055176,77.27743530273438,0.25553614523343227
92,27,-10.68320369720459,48.249183654785156,-23.12107276916504,-105.54633331298828,-6.464461326599121,77.18768310546875,0.2564912872078209
92,28,-10.40579605102539,47.75487518310547,-22.910568237304688,-106.89054870605469,-6.172656059265137,77.61534118652344,0.2548863809531741
92,29,-10.603508949279785,47.228355407714844,-24.42279052734375,-107.19462585449219,-6.256741523742676,77.1917724609375,0.257280962820561
92,30,-10.541645050048828,47.125831604003906,-24.342609405517578,-107.62288665771484,-6.138071060180664,77.29386901855469,0.25680982643026373
92,31,-11.088948249816895,46.30991744995117,-24.806781768798828,-107.44654083251953,-6.208904266357422,77.68251037597656,0.25675797379672194
92,32,-11.046573638916016,45.498634338378906,-24.65683937072754,-108.03720092773438,-6.131087303161621,79.31404113769531,0.2550880907659913
92,33,-11.271566390991211,44.52751159667969,-25.386110305786133,-108.34114074707031,-6.079239845275879,78.26931762695312,0.2551906813952366
92,34,-11.584424018859863,44.16129684448242,-24.937755584716797,-108.33172607421875,-6.180593490600586,78.90232849121094,0.2537080407069644
92,35,-11.464773178100586,42.5660400390625,-25.261432647705078,-109.11136627197266,-6.338911056518555,78.0511474609375,0.25179942225615454
92,36,-11.536111831665039,41.655967712402344,-25.60235023498535,-109.63115692138672,-6.434220314025879,77.27706909179688,0.25099276449513824
92,37,-11.3183012008667,41.22894287109375,-26.699426651000977,-109.03182220458984,-6.296806335449219,77.78660583496094,0.25309319660809
92,38,-11.407425880432129,41.37205505371094,-25.962966918945312,-109.10868835449219,-6.473213195800781,77.82342529296875,0.25163954388264514
92,39,-11.583629608154297,40.47747039794922,-27.013286590576172,-108.11434936523438,-6.110084533691406,77.11156463623047,0.2531001060702737
92,40,-11.713717460632324,40.14447784423828,-26.835294723510742,-108.29862976074219,-5.975530624389648,76.42723846435547,0.2521542953242388
92,41,-12.052886962890625,40.89768981933594,-26.588695526123047,-108.19367980957031,-6.118083953857422,74.04686737060547,0.2527432060677342
92,42,-12.672511100769043,41.252559661865234,-25.724905014038086,-108.65275573730469,-6.271181106567383,60.72067642211914,0.25115123734067996
92,43,-12.747591018676758,40.11181640625,-26.82416534423828,-108.60185241699219,-5.8904194831848145,57.90497589111328,0.2519470350840603
92,44,-13.304365158081055,40.2379035949707,-26.59040641784668,-108.48486328125,-5.926299095153809,58.433319091796875,0.2516685456462729
92,45,-14.59974193572998,41.975311279296875,-27.559593200683594,-107.47950744628906,-5.808493614196777,65.11695861816406,0.2566223911490919
92,46,-16.930116653442383,43.21842956542969,-29.62980842590332,-106.4263916015625,-4.816498756408691,70.93799591064453,0.2628629937906174
92,47,-18.370332717895508,42.36791229248047,-31.53403663635254,-105.29059600830078,-4.475576400756836,65.90641784667969,0.2656944561963572
92,48,-17.873218536376953,41.70706558227539,-31.480031967163086,-106.17417907714844,-4.753457069396973,65.2266616821289,0.2645831485720771
92,49,-9.029135704040527,32.642333984375,-21.78968048095703,-86.61698150634766,-6.224292755126953,49.32257080078125,0.23711483075268436
93,0,-14.780296325683594,83.52658081054688,-1.3574562072753906,-90.21454620361328,-6.9906206130981445,64.31275939941406,0.25588682687209907
93,1,-14.52565860748291,81.36164093017578,0.26682090759277344,-92.13095092773438,-7.365939140319824,65.78433227539062,0.2510298589444565
93,2,-14.057212829589844,77.3587417602539,-1.7386054992675781,-93.48841857910156,-7.385705947875977,67.87593078613281,0.25073780922879246
93,3,-14.637883186340332,74.86744689941406,-4.676883697509766,-93.02165985107422,-7.655393600463867,72.49124908447266,0.25378908670586564
93,4,-14.698725700378418,72.02787017822266,-8.628541946411133,-92.5169906616211,-7.544255256652832,72.0433349609375,0.25808223479043346
93,5,-14.586420059204102,67.02494812011719,-13.479071617126465,-92.70738983154297,-7.418816566467285,73.90426635742188,0.2615383639615559
93,6,-13.205909729003906,63.56886672973633,-21.964435577392578,-92.16801452636719,-6.563702583312988,79.26675415039062,0.2714501934372585
93,7,-12.837577819824219,63.20411682128906,-24.417869567871094,-92.58012390136719,-6.974636077880859,85.3110580444336,0.27473201457075547
93,8,-11.72547435760498,61.606346130371094,-25.469205856323242,-94.34471130371094,-7.03208065032959,85.01469421386719,0.2754492748772488
93,9,-10.605456352233887,61.07191848754883,-25.41779899597168,-95.20413208007812,-6.973566055297852,84.10623931884766,0.27516452823055687
93,10,-10.107404708862305,59.50784683227539,-27.50844955444336,-96.08771514892578,-6.86541748046875,83.54340362548828,0.2770509796054995
93,11,-9.962357521057129,58.241764068603516,-28.52235984802246,-97.08023834228516,-6.807568550109863,83.38211059570312,0.2776550806061169
93,12,-9.817127227783203,56.712650299072266,-29.362098693847656,-97.69730377197266,-6.681617736816406,83.16571044921875,0.27762248879858653
93,13,-9.068390846252441,55.11827850341797,-29.351099014282227,-97.78477478027344,-6.602212905883789,82.63204956054688,0.27608037660770013
93,14,-8.73330307006836,54.135128021240234,-29.41964340209961,-98.93273162841797,-6.652705192565918,82.09103393554688,0.275446060117268
93,15,-8.921879768371582,53.441585540771484,-28.937679290771484,-99.60693359375,-6.715546607971191,82.4861068725586,0.27406857346681496
93,16,-9.022340774536133,54.787288665771484,-26.78618812561035,-100.5365219116211,-6.954251289367676,81.36046600341797,0.2720173854121755
93,17,-9.271208763122559,53.46837615966797,-26.343101501464844,-101.89195251464844,-7.026775360107422,80.96005249023438,0.26981054311571606
93,18,-9.566744804382324,53.619388580322266,-24.56707763671875,-102.74268341064453,-6.94410514831543,80.3831787109375,0.266686362058593
93,19,-9.189833641052246,53.13701248168945,-22.96302032470703,-104.34820556640625,-6.942598342895508,80.00218200683594,0.26275690885619235
93,20,-8.98762321472168,51.289974212646484,-23.418785095214844,-104.35071563720703,-6.792548179626465,80.46430969238281,0.26136551994653967
93,21,-8.787346839904785,49.17844009399414,-24.458383560180664,-103.79563903808594,-6.580399513244629,79.32600402832031,0.2608987180612586
93,22,-8.747061729431152,49.79218673706055,-22.312541961669922,-104.031494140625,-6.594605445861816,79.13018798828125,0.25731569010479216
93,23,-9.028154373168945,48.762245178222656,-22.740646362304688,-103.93731689453125,-6.492422103881836,78.48928833007812,0.2568837113169234
93,24,-9.510820388793945,49.29035949707031,-22.76486587524414,-104.0644760131836,-6.556336402893066,76.91734313964844,0.25757978499629197
93,25,-9.347002029418945,48.94412612915039,-23.296825408935547,-104.35246276855469,-6.545244216918945,77.674560546875,0.2581325537406247
93,26,-9.667804718017578,48.00400161743164,-22.793563842773438,-105.3817138671875,-6.309597969055176,77.27743530273438,0.25553614523343227
93,27,-10.68320369720459,48.249183654785156,-23.12107276916504,-105.54633331298828,-6.464461326599121,77.18768310546875,0.2564912872078209
93,28,-10.40579605102539,47.75487518310547,-22.910568237304688,-106.89054870605469,-6.172656059265137,77.61534118652344,0.2548863809531741
93,29,-10.603508949279785,47.228355407714844,-24.42279052734375,-107.19462585449219,-6.256741523742676,77.1917724609375,0.257280962820561
93,30,-10.541645050048828,47.125831604003906,-24.342609405517578,-107.62288665771484,-6.138071060180664,77.29386901855469,0.25680982643026373
93,31,-11.088948249816895,46.30991744995117,-24.806781768798828,-107.44654083251953,-6.208904266357422,77.68251037597656,0.25675797379672194
93,32,-11.046573638916016,45.498634338378906,-24.65683937072754,-108.03720092773438,-6.131087303161621,79.31404113769531,0.2550880907659913
93,33,-11.271566390991211,44.52751159667969,-25.386110305786133,-108.34114074707031,-6.079239845275879,78.26931762695312,0.2551906813952366
93,34,-11.584424018859863,44.16129684448242,-24.937755584716797,-108.33172607421875,-6.180593490600586,78.90232849121094,0.2537080407069644
93,35,-11.464773178100586,42.5660400390625,-25.261432647705078,-109.11136627197266,-6.338911056518555,78.0511474609375,0.25179942225615454
93,36,-11.536111831665039,41.655967712402344,-25.60235023498535,-109.63115692138672,-6.434220314025879,77.27706909179688,0.25099276449513824
93,37,-11.3183012008667,41.22894287109375,-26.699426651000977,-109.03182220458984,-6.296806335449219,77.78660583496094,0.25309319660809
93,38,-11.407425880432129,41.37205505371094,-25.962966918945312,-109.10868835449219,-6.473213195800781,77.82342529296875,0.25163954388264514
93,39,-11.583629608154297,40.47747039794922,-27.013286590576172,-108.11434936523438,-6.110084533691406,77.11156463623047,0.2531001060702737
93,40,-11.713717460632324,40.14447784423828,-26.835294723510742,-108.29862976074219,-5.975530624389648,76.42723846435547,0.2521542953242388
93,41,-12.052886962890625,40.89768981933594,-26.588695526123047,-108.19367980957031,-6.118083953857422,74.04686737060547,0.2527432060677342
93,42,-12.672511100769043,41.252559661865234,-25.724905014038086,-108.65275573730469,-6.271181106567383,60.72067642211914,0.25115123734067996
93,43,-12.747591018676758,40.11181640625,-26.82416534423828,-108.60185241699219,-5.8904194831848145,57.90497589111328,0.2519470350840603
93,44,-13.304365158081055,40.2379035949707,-26.59040641784668,-108.48486328125,-5.926299095153809,58.433319091796875,0.2516685456462729
93,45,-14.59974193572998,41.975311279296875,-27.559593200683594,-107.47950744628906,-5.808493614196777,65.11695861816406,0.2566223911490919
93,46,-16.930116653442383,43.21842956542969,-29.62980842590332,-106.4263916015625,-4.816498756408691,70.93799591064453,0.2628629937906174
93,47,-18.370332717895508,42.36791229248047,-31.53403663635254,-105.29059600830078,-4.475576400756836,65.90641784667969,0.2656944561963572
93,48,-17.873218536376953,41.70706558227539,-31.480031967163086,-106.17417907714844,-4.753457069396973,65.2266616821289,0.2645831485720771
93,49,-9.029135704040527,32.642333984375,-21.78968048095703,-86.61698150634766,-6.224292755126953,49.32257080078125,0.23711483075268436
94,0,-14.780296325683594,83.52658081054688,-1.3574562072753906,-90.21454620361328,-6.9906206130981445,64.31275939941406,0.25588682687209907
94,1,-14.52565860748291,81.36164093017578,0.26682090759277344,-92.13095092773438,-7.365939140319824,65.78433227539062,0.2510298589444565
94,2,-14.057212829589844,77.3587417602539,-1.7386054992675781,-93.48841857910156,-7.385705947875977,67.87593078613281,0.25073780922879246
94,3,-14.637883186340332,74.86744689941406,-4.676883697509766,-93.02165985107422,-7.655393600463867,72.49124908447266,0.25378908670586564
94,4,-14.698725700378418,72.02787017822266,-8.628541946411133,-92.5169906616211,-7.544255256652832,72.0433349609375,0.25808223479043346
94,5,-14.586420059204102,67.02494812011719,-13.479071617126465,-92.70738983154297,-7.418816566467285,73.90426635742188,0.2615383639615559
94,6,-13.205909729003906,63.56886672973633,-21.964435577392578,-92.16801452636719,-6.563702583312988,79.26675415039062,0.2714501934372585
94,7,-12.837577819824219,63.20411682128906,-24.417869567871094,-92.58012390136719,-6.974636077880859,85.3110580444336,0.27473201457075547
94,8,-11.72547435760498,61.606346130371094,-25.469205856323242,-94.34471130371094,-7.03208065032959,85.01469421386719,0.2754492748772488
94,9,-10.605456352233887,61.07191848754883,-25.41779899597168,-95.20413208007812,-6.973566055297852,84.10623931884766,0.27516452823055687
94,10,-10.107404708862305,59.50784683227539,-27.50844955444336,-96.08771514892578,-6.86541748046875,83.54340362548828,0.2770509796054995
94,11,-9.962357521057129,58.241764068603516,-28.52235984802246,-97.08023834228516,-6.807568550109863,83.38211059570312,0.2776550806061169
94,12,-9.817127227783203,56.712650299072266,-29.362098693847656,-97.69730377197266,-6.681617736816406,83.16571044921875,0.27762248879858653
94,13,-9.068390846252441,55.11827850341797,-29.351099014282227,-97.78477478027344,-6.602212905883789,82.63204956054688,0.27608037660770013
94,14,-8.73330307006836,54.135128021240234,-29.41964340209961,-98.93273162841797,-6.652705192565918,82.09103393554688,0.275446060117268
94,15,-8.921879768371582,53.441585540771484,-28.937679290771484,-99.60693359375,-6.715546607971191,82.4861068725586,0.27406857346681496
94,16,-9.022340774536133,54.787288665771484,-26.78618812561035,-100.5365219116211,-6.954251289367676,81.36046600341797,0.2720173854121755
94,17,-9.271208763122559,53.46837615966797,-26.343101501464844,-101.89195251464844,-7.026775360107422,80.96005249023438,0.26981054311571606
94,18,-9.566744804382324,53.619388580322266,-24.56707763671875,-102.74268341064453,-6.94410514831543,80.3831787109375,0.266686362058593
94,19,-9.189833641052246,53.13701248168945,-22.96302032470703,-104.34820556640625,-6.942598342895508,80.00218200683594,0.26275690885619235
94,20,-8.98762321472168,51.289974212646484,-23.418785095214844,-104.35071563720703,-6.792548179626465,80.46430969238281,0.26136551994653967
94,21,-8.787346839904785,49.17844009399414,-24.458383560180664,-103.79563903808594,-6.580399513244629,79.32600402832031,0.2608987180612586
94,22,-8.747061729431152,49.79218673706055,-22.312541961669922,-104.031494140625,-6.594605445861816,79.13018798828125,0.25731569010479216
94,23,-9.028154373168945,48.762245178222656,-22.740646362304688,-103.93731689453125,-6.492422103881836,78.48928833007812,0.2568837113169234
94,24,-9.510820388793945,49.29035949707031,-22.76486587524414,-104.0644760131836,-6.556336402893066,76.91734313964844,0.25757978499629197
94,25,-9.347002029418945,48.94412612915039,-23.296825408935547,-104.35246276855469,-6.545244216918945,77.674560546875,0.2581325537406247
94,26,-9.667804718017578,48.00400161743164,-22.793563842773438,-105.3817138671875,-6.309597969055176,77.27743530273438,0.25553614523343227
94,27,-10.68320369720459,48.249183654785156,-23.12107276916504,-105.54633331298828,-6.464461326599121,77.18768310546875,0.2564912872078209
94,28,-10.40579605102539,47.75487518310547,-22.910568237304688,-106.89054870605469,-6.172656059265137,77.61534118652344,0.2548863809531741
94,29,-10.603508949279785,47.228355407714844,-24.42279052734375,-107.19462585449219,-6.256741523742676,77.1917724609375,0.257280962820561
94,30,-10.541645050048828,47.125831604003906,-24.342609405517578,-107.62288665771484,-6.138071060180664,77.29386901855469,0.25680982643026373
94,31,-11.088948249816895,46.30991744995117,-24.806781768798828,-107.44654083251953,-6.208904266357422,77.68251037597656,0.25675797379672194
94,32,-11.046573638916016,45.498634338378906,-24.65683937072754,-108.03720092773438,-6.131087303161621,79.31404113769531,0.2550880907659913
94,33,-11.271566390991211,44.52751159667969,-25.386110305786133,-108.34114074707031,-6.079239845275879,78.26931762695312,0.2551906813952366
94,34,-11.584424018859863,44.16129684448242,-24.937755584716797,-108.33172607421875,-6.180593490600586,78.90232849121094,0.2537080407069644
94,35,-11.464773178100586,42.5660400390625,-25.261432647705078,-109.11136627197266,-6.338911056518555,78.0511474609375,0.25179942225615454
94,36,-11.536111831665039,41.655967712402344,-25.60235023498535,-109.63115692138672,-6.434220314025879,77.27706909179688,0.25099276449513824
94,37,-11.3183012008667,41.22894287109375,-26.699426651000977,-109.03182220458984,-6.296806335449219,77.78660583496094,0.25309319660809
94,38,-11.407425880432129,41.37205505371094,-25.962966918945312,-109.10868835449219,-6.473213195800781,77.82342529296875,0.25163954388264514
94,39,-11.583629608154297,40.47747039794922,-27.013286590576172,-108.11434936523438,-6.110084533691406,77.11156463623047,0.2531001060702737
94,40,-11.713717460632324,40.14447784423828,-26.835294723510742,-108.29862976074219,-5.975530624389648,76.42723846435547,0.2521542953242388
94,41,-12.052886962890625,40.89768981933594,-26.588695526123047,-108.19367980957031,-6.118083953857422,74.04686737060547,0.2527432060677342
94,42,-12.672511100769043,41.252559661865234,-25.724905014038086,-108.65275573730469,-6.271181106567383,60.72067642211914,0.25115123734067996
94,43,-12.747591018676758,40.11181640625,-26.82416534423828,-108.60185241699219,-5.8904194831848145,57.90497589111328,0.2519470350840603
94,44,-13.304365158081055,40.2379035949707,-26.59040641784668,-108.48486328125,-5.926299095153809,58.433319091796875,0.2516685456462729
94,45,-14.59974193572998,41.975311279296875,-27.559593200683594,-107.47950744628906,-5.808493614196777,65.11695861816406,0.2566223911490919
94,46,-16.930116653442383,43.21842956542969,-29.62980842590332,-106.4263916015625,-4.816498756408691,70.93799591064453,0.2628629937906174
94,47,-18.370332717895508,42.36791229248047,-31.53403663635254,-105.29059600830078,-4.475576400756836,65.90641784667969,0.2656944561963572
94,48,-17.873218536376953,41.70706558227539,-31.480031967163086,-106.17417907714844,-4.753457069396973,65.2266616821289,0.2645831485720771
94,49,-9.029135704040527,32.642333984375,-21.78968048095703,-86.61698150634766,-6.224292755126953,49.32257080078125,0.23711483075268436
95,0,-14.780296325683594,83.52658081054688,-1.3574562072753906,-90.21454620361328,-6.9906206130981445,64.31275939941406,0.25588682687209907
95,1,-14.52565860748291,81.36164093017578,0.26682090759277344,-92.13095092773438,-7.365939140319824,65.78433227539062,0.2510298589444565
95,2,-14.057212829589844,77.3587417602539,-1.7386054992675781,-93.48841857910156,-7.385705947875977,67.87593078613281,0.25073780922879246
95,3,-14.637883186340332,74.86744689941406,-4.676883697509766,-93.02165985107422,-7.655393600463867,72.49124908447266,0.25378908670586564
95,4,-14.698725700378418,72.02787017822266,-8.628541946411133,-92.5169906616211,-7.544255256652832,72.0433349609375,0.25808223479043346
95,5,-14.586420059204102,67.02494812011719,-13.479071617126465,-92.70738983154297,-7.418816566467285,73.90426635742188,0.2615383639615559
95,6,-13.205909729003906,63.56886672973633,-21.964435577392578,-92.16801452636719,-6.563702583312988,79.26675415039062,0.2714501934372585
95,7,-12.837577819824219,63.20411682128906,-24.417869567871094,-92.58012390136719,-6.974636077880859,85.3110580444336,0.27473201457075547
95,8,-11.72547435760498,61.606346130371094,-25.469205856323242,-94.34471130371094,-7.03208065032959,85.01469421386719,0.2754492748772488
95,9,-10.605456352233887,61.07191848754883,-25.41779899597168,-95.20413208007812,-6.973566055297852,84.10623931884766,0.27516452823055687
95,10,-10.107404708862305,59.50784683227539,-27.50844955444336,-96.08771514892578,-6.86541748046875,83.54340362548828,0.2770509796054995
95,11,-9.962357521057129,58.241764068603516,-28.52235984802246,-97.08023834228516,-6.807568550109863,83.38211059570312,0.2776550806061169
95,12,-9.817127227783203,56.712650299072266,-29.362098693847656,-97.69730377197266,-6.681617736816406,83.16571044921875,0.27762248879858653
95,13,-9.068390846252441,55.11827850341797,-29.351099014282227,-97.78477478027344,-6.602212905883789,82.63204956054688,0.27608037660770013
95,14,-8.73330307006836,54.135128021240234,-29.41964340209961,-98.93273162841797,-6.652705192565918,82.09103393554688,0.275446060117268
95,15,-8.921879768371582,53.441585540771484,-28.937679290771484,-99.60693359375,-6.715546607971191,82.4861068725586,0.27406857346681496
95,16,-9.022340774536133,54.787288665771484,-26.78618812561035,-100.5365219116211,-6.954251289367676,81.36046600341797,0.2720173854121755
95,17,-9.271208763122559,53.46837615966797,-26.343101501464844,-101.89195251464844,-7.026775360107422,80.96005249023438,0.26981054311571606
95,18,-9.566744804382324,53.619388580322266,-24.56707763671875,-102.74268341064453,-6.94410514831543,80.3831787109375,0.266686362058593
95,19,-9.189833641052246,53.13701248168945,-22.96302032470703,-104.34820556640625,-6.942598342895508,80.00218200683594,0.26275690885619235
95,20,-8.98762321472168,51.289974212646484,-23.418785095214844,-104.35071563720703,-6.792548179626465,80.46430969238281,0.26136551994653967
95,21,-8.787346839904785,49.17844009399414,-24.458383560180664,-103.79563903808594,-6.580399513244629,79.32600402832031,0.2608987180612586
95,22,-8.747061729431152,49.79218673706055,-22.312541961669922,-104.031494140625,-6.594605445861816,79.13018798828125,0.25731569010479216
95,23,-9.028154373168945,48.762245178222656,-22.740646362304688,-103.93731689453125,-6.492422103881836,78.48928833007812,0.2568837113169234
95,24,-9.510820388793945,49.29035949707031,-22.76486587524414,-104.0644760131836,-6.556336402893066,76.91734313964844,0.25757978499629197
95,25,-9.347002029418945,48.94412612915039,-23.296825408935547,-104.35246276855469,-6.545244216918945,77.674560546875,0.2581325537406247
95,26,-9.667804718017578,48.00400161743164,-22.793563842773438,-105.3817138671875,-6.309597969055176,77.27743530273438,0.25553614523343227
95,27,-10.68320369720459,48.249183654785156,-23.12107276916504,-105.54633331298828,-6.464461326599121,77.18768310546875,0.2564912872078209
95,28,-10.40579605102539,47.75487518310547,-22.910568237304688,-106.89054870605469,-6.172656059265137,77.61534118652344,0.2548863809531741
95,29,-10.603508949279785,47.228355407714844,-24.42279052734375,-107.19462585449219,-6.256741523742676,77.1917724609375,0.257280962820561
95,30,-10.541645050048828,47.125831604003906,-24.342609405517578,-107.62288665771484,-6.138071060180664,77.29386901855469,0.25680982643026373
95,31,-11.088948249816895,46.30991744995117,-24.806781768798828,-107.44654083251953,-6.208904266357422,77.68251037597656,0.25675797379672194
95,32,-11.046573638916016,45.498634338378906,-24.65683937072754,-108.03720092773438,-6.131087303161621,79.31404113769531,0.2550880907659913
95,33,-11.271566390991211,44.52751159667969,-25.386110305786133,-108.34114074707031,-6.079239845275879,78.26931762695312,0.2551906813952366
95,34,-11.584424018859863,44.16129684448242,-24.937755584716797,-108.33172607421875,-6.180593490600586,78.90232849121094,0.2537080407069644
95,35,-11.464773178100586,42.5660400390625,-25.261432647705078,-109.11136627197266,-6.338911056518555,78.0511474609375,0.25179942225615454
95,36,-11.536111831665039,41.655967712402344,-25.60235023498535,-109.63115692138672,-6.434220314025879,77.27706909179688,0.25099276449513824
95,37,-11.3183012008667,41.22894287109375,-26.699426651000977,-109.03182220458984,-6.296806335449219,77.78660583496094,0.25309319660809
95,38,-11.407425880432129,41.37205505371094,-25.962966918945312,-109.10868835449219,-6.473213195800781,77.82342529296875,0.25163954388264514
95,39,-11.583629608154297,40.47747039794922,-27.013286590576172,-108.11434936523438,-6.110084533691406,77.11156463623047,0.2531001060702737
95,40,-11.713717460632324,40.14447784423828,-26.835294723510742,-108.29862976074219,-5.975530624389648,76.42723846435547,0.2521542953242388
95,41,-12.052886962890625,40.89768981933594,-26.588695526123047,-108.19367980957031,-6.118083953857422,74.04686737060547,0.2527432060677342
95,42,-12.672511100769043,41.252559661865234,-25.724905014038086,-108.65275573730469,-6.271181106567383,60.72067642211914,0.25115123734067996
95,43,-12.747591018676758,40.11181640625,-26.82416534423828,-108.60185241699219,-5.8904194831848145,57.90497589111328,0.2519470350840603
95,44,-13.304365158081055,40.2379035949707,-26.59040641784668,-108.48486328125,-5.926299095153809,58.433319091796875,0.2516685456462729
95,45,-14.59974193572998,41.975311279296875,-27.559593200683594,-107.47950744628906,-5.808493614196777,65.11695861816406,0.2566223911490919
95,46,-16.930116653442383,43.21842956542969,-29.62980842590332,-106.4263916015625,-4.816498756408691,70.93799591064453,0.2628629937906174
95,47,-18.370332717895508,42.36791229248047,-31.53403663635254,-105.29059600830078,-4.475576400756836,65.90641784667969,0.2656944561963572
95,48,-17.873218536376953,41.70706558227539,-31.480031967163086,-106.17417907714844,-4.753457069396973,65.2266616821289,0.2645831485720771
95,49,-9.029135704040527,32.642333984375,-21.78968048095703,-86.61698150634766,-6.224292755126953,49.32257080078125,0.23711483075268436
96,0,-14.780296325683594,83.52658081054688,-1.3574562072753906,-90.21454620361328,-6.9906206130981445,64.31275939941406,0.25588682687209907
96,1,-14.52565860748291,81.36164093017578,0.26682090759277344,-92.13095092773438,-7.365939140319824,65.78433227539062,0.2510298589444565
96,2,-14.057212829589844,77.3587417602539,-1.7386054992675781,-93.48841857910156,-7.385705947875977,67.87593078613281,0.25073780922879246
96,3,-14.637883186340332,74.86744689941406,-4.676883697509766,-93.02165985107422,-7.655393600463867,72.49124908447266,0.25378908670586564
96,4,-14.698725700378418,72.02787017822266,-8.628541946411133,-92.5169906616211,-7.544255256652832,72.0433349609375,0.25808223479043346
96,5,-14.586420059204102,67.02494812011719,-13.479071617126465,-92.70738983154297,-7.418816566467285,73.90426635742188,0.2615383639615559
96,6,-13.205909729003906,63.56886672973633,-21.964435577392578,-92.16801452636719,-6.563702583312988,79.26675415039062,0.2714501934372585
96,7,-12.837577819824219,63.20411682128906,-24.417869567871094,-92.58012390136719,-6.974636077880859,85.3110580444336,0.27473201457075547
96,8,-11.72547435760498,61.606346130371094,-25.469205856323242,-94.34471130371094,-7.03208065032959,85.01469421386719,0.2754492748772488
96,9,-10.605456352233887,61.07191848754883,-25.41779899597168,-95.20413208007812,-6.973566055297852,84.10623931884766,0.27516452823055687
96,10,-10.107404708862305,59.50784683227539,-27.50844955444336,-96.08771514892578,-6.86541748046875,83.54340362548828,0.2770509796054995
96,11,-9.962357521057129,58.241764068603516,-28.52235984802246,-97.08023834228516,-6.807568550109863,83.38211059570312,0.2776550806061169
96,12,-9.817127227783203,56.712650299072266,-29.362098693847656,-97.69730377197266,-6.681617736816406,83.16571044921875,0.27762248879858653
96,13,-9.068390846252441,55.11827850341797,-29.351099014282227,-97.78477478027344,-6.602212905883789,82.63204956054688,0.27608037660770013
96,14,-8.73330307006836,54.135128021240234,-29.41964340209961,-98.93273162841797,-6.652705192565918,82.09103393554688,0.275446060117268
96,15,-8.921879768371582,53.441585540771484,-28.937679290771484,-99.60693359375,-6.715546607971191,82.4861068725586,0.27406857346681496
96,16,-9.022340774536133,54.787288665771484,-26.78618812561035,-100.5365219116211,-6.954251289367676,81.36046600341797,0.2720173854121755
96,17,-9.271208763122559,53.46837615966797,-26.343101501464844,-101.89195251464844,-7.026775360107422,80.96005249023438,0.26981054311571606
96,18,-9.566744804382324,53.619388580322266,-24.56707763671875,-102.74268341064453,-6.94410514831543,80.3831787109375,0.266686362058593
96,19,-9.189833641052246,53.13701248168945,-22.96302032470703,-104.34820556640625,-6.942598342895508,80.00218200683594,0.26275690885619235
96,20,-8.98762321472168,51.289974212646484,-23.418785095214844,-104.35071563720703,-6.792548179626465,80.46430969238281,0.26136551994653967
96,21,-8.787346839904785,49.17844009399414,-24.458383560180664,-103.79563903808594,-6.580399513244629,79.32600402832031,0.2608987180612586
96,22,-8.747061729431152,49.79218673706055,-22.312541961669922,-104.031494140625,-6.594605445861816,79.13018798828125,0.25731569010479216
96,23,-9.028154373168945,48.762245178222656,-22.740646362304688,-103.93731689453125,-6.492422103881836,78.48928833007812,0.2568837113169234
96,24,-9.510820388793945,49.29035949707031,-22.76486587524414,-104.0644760131836,-6.556336402893066,76.91734313964844,0.25757978499629197
96,25,-9.347002029418945,48.94412612915039,-23.296825408935547,-104.35246276855469,-6.545244216918945,77.674560546875,0.2581325537406247
96,26,-9.667804718017578,48.00400161743164,-22.793563842773438,-105.3817138671875,-6.309597969055176,77.27743530273438,0.25553614523343227
96,27,-10.68320369720459,48.249183654785156,-23.12107276916504,-105.54633331298828,-6.464461326599121,77.18768310546875,0.2564912872078209
96,28,-10.40579605102539,47.75487518310547,-22.910568237304688,-106.89054870605469,-6.172656059265137,77.61534118652344,0.2548863809531741
96,29,-10.603508949279785,47.228355407714844,-24.42279052734375,-107.19462585449219,-6.256741523742676,77.1917724609375,0.257280962820561
96,30,-10.541645050048828,47.125831604003906,-24.342609405517578,-107.62288665771484,-6.138071060180664,77.29386901855469,0.25680982643026373
96,31,-11.088948249816895,46.30991744995117,-24.806781768798828,-107.44654083251953,-6.208904266357422,77.68251037597656,0.25675797379672194
96,32,-11.046573638916016,45.498634338378906,-24.65683937072754,-108.03720092773438,-6.131087303161621,79.31404113769531,0.2550880907659913
96,33,-11.271566390991211,44.52751159667969,-25.386110305786133,-108.34114074707031,-6.079239845275879,78.26931762695312,0.2551906813952366
96,34,-11.584424018859863,44.16129684448242,-24.937755584716797,-108.33172607421875,-6.180593490600586,78.90232849121094,0.2537080407069644
96,35,-11.464773178100586,42.5660400390625,-25.261432647705078,-109.11136627197266,-6.338911056518555,78.0511474609375,0.25179942225615454
96,36,-11.536111831665039,41.655967712402344,-25.60235023498535,-109.63115692138672,-6.434220314025879,77.27706909179688,0.25099276449513824
96,37,-11.3183012008667,41.22894287109375,-26.699426651000977,-109.03182220458984,-6.296806335449219,77.78660583496094,0.25309319660809
96,38,-11.407425880432129,41.37205505371094,-25.962966918945312,-109.10868835449219,-6.473213195800781,77.82342529296875,0.25163954388264514
96,39,-11.583629608154297,40.47747039794922,-27.013286590576172,-108.11434936523438,-6.110084533691406,77.11156463623047,0.2531001060702737
96,40,-11.713717460632324,40.14447784423828,-26.835294723510742,-108.29862976074219,-5.975530624389648,76.42723846435547,0.2521542953242388
96,41,-12.052886962890625,40.89768981933594,-26.588695526123047,-108.19367980957031,-6.118083953857422,74.04686737060547,0.2527432060677342
96,42,-12.672511100769043,41.252559661865234,-25.724905014038086,-108.65275573730469,-6.271181106567383,60.72067642211914,0.25115123734067996
96,43,-12.747591018676758,40.11181640625,-26.82416534423828,-108.60185241699219,-5.8904194831848145,57.90497589111328,0.2519470350840603
96,44,-13.304365158081055,40.2379035949707,-26.59040641784668,-108.48486328125,-5.926299095153809,58.433319091796875,0.2516685456462729
96,45,-14.59974193572998,41.975311279296875,-27.559593200683594,-107.47950744628906,-5.808493614196777,65.11695861816406,0.2566223911490919
96,46,-16.930116653442383,43.21842956542969,-29.62980842590332,-106.4263916015625,-4.816498756408691,70.93799591064453,0.2628629937906174
96,47,-18.370332717895508,42.36791229248047,-31.53403663635254,-105.29059600830078,-4.475576400756836,65.90641784667969,0.2656944561963572
96,48,-17.873218536376953,41.70706558227539,-31.480031967163086,-106.17417907714844,-4.753457069396973,65.2266616821289,0.2645831485720771
96,49,-9.029135704040527,32.642333984375,-21.78968048095703,-86.61698150634766,-6.224292755126953,49.32257080078125,0.23711483075268436
97,0,-14.780296325683594,83.52658081054688,-1.3574562072753906,-90.21454620361328,-6.9906206130981445,64.31275939941406,0.25588682687209907
97,1,-14.52565860748291,81.36164093017578,0.26682090759277344,-92.13095092773438,-7.365939140319824,65.78433227539062,0.2510298589444565
97,2,-14.057212829589844,77.3587417602539,-1.7386054992675781,-93.48841857910156,-7.385705947875977,67.87593078613281,0.25073780922879246
97,3,-14.637883186340332,74.86744689941406,-4.676883697509766,-93.02165985107422,-7.655393600463867,72.49124908447266,0.25378908670586564
97,4,-14.698725700378418,72.02787017822266,-8.628541946411133,-92.5169906616211,-7.544255256652832,72.0433349609375,0.25808223479043346
97,5,-14.586420059204102,67.02494812011719,-13.479071617126465,-92.70738983154297,-7.418816566467285,73.90426635742188,0.2615383639615559
97,6,-13.205909729003906,63.56886672973633,-21.964435577392578,-92.16801452636719,-6.563702583312988,79.26675415039062,0.2714501934372585
97,7,-12.837577819824219,63.20411682128906,-24.417869567871094,-92.58012390136719,-6.974636077880859,85.3110580444336,0.27473201457075547
97,8,-11.72547435760498,61.606346130371094,-25.469205856323242,-94.34471130371094,-7.03208065032959,85.01469421386719,0.2754492748772488
97,9,-10.605456352233887,61.07191848754883,-25.41779899597168,-95.20413208007812,-6.973566055297852,84.10623931884766,0.27516452823055687
97,10,-10.107404708862305,59.50784683227539,-27.50844955444336,-96.08771514892578,-6.86541748046875,83.54340362548828,0.2770509796054995
97,11,-9.962357521057129,58.241764068603516,-28.52235984802246,-97.08023834228516,-6.807568550109863,83.38211059570312,0.2776550806061169
97,12,-9.817127227783203,56.712650299072266,-29.362098693847656,-97.69730377197266,-6.681617736816406,83.16571044921875,0.27762248879858653
97,13,-9.068390846252441,55.11827850341797,-29.351099014282227,-97.78477478027344,-6.602212905883789,82.63204956054688,0.27608037660770013
97,14,-8.73330307006836,54.135128021240234,-29.41964340209961,-98.93273162841797,-6.652705192565918,82.09103393554688,0.275446060117268
97,15,-8.921879768371582,53.441585540771484,-28.937679290771484,-99.60693359375,-6.715546607971191,82.4861068725586,0.27406857346681496
97,16,-9.022340774536133,54.787288665771484,-26.78618812561035,-100.5365219116211,-6.954251289367676,81.36046600341797,0.2720173854121755
97,17,-9.271208763122559,53.46837615966797,-26.343101501464844,-101.89195251464844,-7.026775360107422,80.96005249023438,0.26981054311571606
97,18,-9.566744804382324,53.619388580322266,-24.56707763671875,-102.74268341064453,-6.94410514831543,80.3831787109375,0.266686362058593
97,19,-9.189833641052246,53.13701248168945,-22.96302032470703,-104.34820556640625,-6.942598342895508,80.00218200683594,0.26275690885619235
97,20,-8.98762321472168,51.289974212646484,-23.418785095214844,-104.35071563720703,-6.792548179626465,80.46430969238281,0.26136551994653967
97,21,-8.787346839904785,49.17844009399414,-24.458383560180664,-103.79563903808594,-6.580399513244629,79.32600402832031,0.2608987180612586
97,22,-8.747061729431152,49.79218673706055,-22.312541961669922,-104.031494140625,-6.594605445861816,79.13018798828125,0.25731569010479216
97,23,-9.028154373168945,48.762245178222656,-22.740646362304688,-103.93731689453125,-6.492422103881836,78.48928833007812,0.2568837113169234
97,24,-9.510820388793945,49.29035949707031,-22.76486587524414,-104.0644760131836,-6.556336402893066,76.91734313964844,0.25757978499629197
97,25,-9.347002029418945,48.94412612915039,-23.296825408935547,-104.35246276855469,-6.545244216918945,77.674560546875,0.2581325537406247
97,26,-9.667804718017578,48.00400161743164,-22.793563842773438,-105.3817138671875,-6.309597969055176,77.27743530273438,0.25553614523343227
97,27,-10.68320369720459,48.249183654785156,-23.12107276916504,-105.54633331298828,-6.464461326599121,77.18768310546875,0.2564912872078209
97,28,-10.40579605102539,47.75487518310547,-22.910568237304688,-106.89054870605469,-6.172656059265137,77.61534118652344,0.2548863809531741
97,29,-10.603508949279785,47.228355407714844,-24.42279052734375,-107.19462585449219,-6.256741523742676,77.1917724609375,0.257280962820561
97,30,-10.541645050048828,47.125831604003906,-24.342609405517578,-107.62288665771484,-6.138071060180664,77.29386901855469,0.25680982643026373
97,31,-11.088948249816895,46.30991744995117,-24.806781768798828,-107.44654083251953,-6.208904266357422,77.68251037597656,0.25675797379672194
97,32,-11.046573638916016,45.498634338378906,-24.65683937072754,-108.03720092773438,-6.131087303161621,79.31404113769531,0.2550880907659913
97,33,-11.271566390991211,44.52751159667969,-25.386110305786133,-108.34114074707031,-6.079239845275879,78.26931762695312,0.2551906813952366
97,34,-11.584424018859863,44.16129684448242,-24.937755584716797,-108.33172607421875,-6.180593490600586,78.90232849121094,0.2537080407069644
97,35,-11.464773178100586,42.5660400390625,-25.261432647705078,-109.11136627197266,-6.338911056518555,78.0511474609375,0.25179942225615454
97,36,-11.536111831665039,41.655967712402344,-25.60235023498535,-109.63115692138672,-6.434220314025879,77.27706909179688,0.25099276449513824
97,37,-11.3183012008667,41.22894287109375,-26.699426651000977,-109.03182220458984,-6.296806335449219,77.78660583496094,0.25309319660809
97,38,-11.407425880432129,41.37205505371094,-25.962966918945312,-109.10868835449219,-6.473213195800781,77.82342529296875,0.25163954388264514
97,39,-11.583629608154297,40.47747039794922,-27.013286590576172,-108.11434936523438,-6.110084533691406,77.11156463623047,0.2531001060702737
97,40,-11.713717460632324,40.14447784423828,-26.835294723510742,-108.29862976074219,-5.975530624389648,76.42723846435547,0.2521542953242388
97,41,-12.052886962890625,40.89768981933594,-26.588695526123047,-108.19367980957031,-6.118083953857422,74.04686737060547,0.2527432060677342
97,42,-12.672511100769043,41.252559661865234,-25.724905014038086,-108.65275573730469,-6.271181106567383,60.72067642211914,0.25115123734067996
97,43,-12.747591018676758,40.11181640625,-26.82416534423828,-108.60185241699219,-5.8904194831848145,57.90497589111328,0.2519470350840603
97,44,-13.304365158081055,40.2379035949707,-26.59040641784668,-108.48486328125,-5.926299095153809,58.433319091796875,0.2516685456462729
97,45,-14.59974193572998,41.975311279296875,-27.559593200683594,-107.47950744628906,-5.808493614196777,65.11695861816406,0.2566223911490919
97,46,-16.930116653442383,43.21842956542969,-29.62980842590332,-106.4263916015625,-4.816498756408691,70.93799591064453,0.2628629937906174
97,47,-18.370332717895508,42.36791229248047,-31.53403663635254,-105.29059600830078,-4.475576400756836,65.90641784667969,0.2656944561963572
97,48,-17.873218536376953,41.70706558227539,-31.480031967163086,-106.17417907714844,-4.753457069396973,65.2266616821289,0.2645831485720771
97,49,-9.029135704040527,32.642333984375,-21.78968048095703,-86.61698150634766,-6.224292755126953,49.32257080078125,0.23711483075268436
98,0,-14.780296325683594,83.52658081054688,-1.3574562072753906,-90.21454620361328,-6.9906206130981445,64.31275939941406,0.25588682687209907
98,1,-14.52565860748291,81.36164093017578,0.26682090759277344,-92.13095092773438,-7.365939140319824,65.78433227539062,0.2510298589444565
98,2,-14.057212829589844,77.3587417602539,-1.7386054992675781,-93.48841857910156,-7.385705947875977,67.87593078613281,0.25073780922879246
98,3,-14.637883186340332,74.86744689941406,-4.676883697509766,-93.02165985107422,-7.655393600463867,72.49124908447266,0.25378908670586564
98,4,-14.698725700378418,72.02787017822266,-8.628541946411133,-92.5169906616211,-7.544255256652832,72.0433349609375,0.25808223479043346
98,5,-14.586420059204102,67.02494812011719,-13.479071617126465,-92.70738983154297,-7.418816566467285,73.90426635742188,0.2615383639615559
98,6,-13.205909729003906,63.56886672973633,-21.964435577392578,-92.16801452636719,-6.563702583312988,79.26675415039062,0.2714501934372585
98,7,-12.837577819824219,63.20411682128906,-24.417869567871094,-92.58012390136719,-6.974636077880859,85.3110580444336,0.27473201457075547
98,8,-11.72547435760498,61.606346130371094,-25.469205856323242,-94.34471130371094,-7.03208065032959,85.01469421386719,0.2754492748772488
98,9,-10.605456352233887,61.07191848754883,-25.41779899597168,-95.20413208007812,-6.973566055297852,84.10623931884766,0.27516452823055687
98,10,-10.107404708862305,59.50784683227539,-27.50844955444336,-96.08771514892578,-6.86541748046875,83.54340362548828,0.2770509796054995
98,11,-9.962357521057129,58.241764068603516,-28.52235984802246,-97.08023834228516,-6.807568550109863,83.38211059570312,0.2776550806061169
98,12,-9.817127227783203,56.712650299072266,-29.362098693847656,-97.69730377197266,-6.681617736816406,83.16571044921875,0.27762248879858653
98,13,-9.068390846252441,55.11827850341797,-29.351099014282227,-97.78477478027344,-6.602212905883789,82.63204956054688,0.27608037660770013
98,14,-8.73330307006836,54.135128021240234,-29.41964340209961,-98.93273162841797,-6.652705192565918,82.09103393554688,0.275446060117268
98,15,-8.921879768371582,53.441585540771484,-28.937679290771484,-99.60693359375,-6.715546607971191,82.4861068725586,0.27406857346681496
98,16,-9.022340774536133,54.787288665771484,-26.78618812561035,-100.5365219116211,-6.954251289367676,81.36046600341797,0.2720173854121755
98,17,-9.271208763122559,53.46837615966797,-26.343101501464844,-101.89195251464844,-7.026775360107422,80.96005249023438,0.26981054311571606
98,18,-9.566744804382324,53.619388580322266,-24.56707763671875,-102.74268341064453,-6.94410514831543,80.3831787109375,0.266686362058593
98,19,-9.189833641052246,53.13701248168945,-22.96302032470703,-104.34820556640625,-6.942598342895508,80.00218200683594,0.26275690885619235
98,20,-8.98762321472168,51.289974212646484,-23.418785095214844,-104.35071563720703,-6.792548179626465,80.46430969238281,0.26136551994653967
98,21,-8.787346839904785,49.17844009399414,-24.458383560180664,-103.79563903808594,-6.580399513244629,79.32600402832031,0.2608987180612586
98,22,-8.747061729431152,49.79218673706055,-22.312541961669922,-104.031494140625,-6.594605445861816,79.13018798828125,0.25731569010479216
98,23,-9.028154373168945,48.762245178222656,-22.740646362304688,-103.93731689453125,-6.492422103881836,78.48928833007812,0.2568837113169234
98,24,-9.510820388793945,49.29035949707031,-22.76486587524414,-104.0644760131836,-6.556336402893066,76.91734313964844,0.25757978499629197
98,25,-9.347002029418945,48.94412612915039,-23.296825408935547,-104.35246276855469,-6.545244216918945,77.674560546875,0.2581325537406247
98,26,-9.667804718017578,48.00400161743164,-22.793563842773438,-105.3817138671875,-6.309597969055176,77.27743530273438,0.25553614523343227
98,27,-10.68320369720459,48.249183654785156,-23.12107276916504,-105.54633331298828,-6.464461326599121,77.18768310546875,0.2564912872078209
98,28,-10.40579605102539,47.75487518310547,-22.910568237304688,-106.89054870605469,-6.172656059265137,77.61534118652344,0.2548863809531741
98,29,-10.603508949279785,47.228355407714844,-24.42279052734375,-107.19462585449219,-6.256741523742676,77.1917724609375,0.257280962820561
98,30,-10.541645050048828,47.125831604003906,-24.342609405517578,-107.62288665771484,-6.138071060180664,77.29386901855469,0.25680982643026373
98,31,-11.088948249816895,46.30991744995117,-24.806781768798828,-107.44654083251953,-6.208904266357422,77.68251037597656,0.25675797379672194
98,32,-11.046573638916016,45.498634338378906,-24.65683937072754,-108.03720092773438,-6.131087303161621,79.31404113769531,0.2550880907659913
98,33,-11.271566390991211,44.52751159667969,-25.386110305786133,-108.34114074707031,-6.079239845275879,78.26931762695312,0.2551906813952366
98,34,-11.584424018859863,44.16129684448242,-24.937755584716797,-108.33172607421875,-6.180593490600586,78.90232849121094,0.2537080407069644
98,35,-11.464773178100586,42.5660400390625,-25.261432647705078,-109.11136627197266,-6.338911056518555,78.0511474609375,0.25179942225615454
98,36,-11.536111831665039,41.655967712402344,-25.60235023498535,-109.63115692138672,-6.434220314025879,77.27706909179688,0.25099276449513824
98,37,-11.3183012008667,41.22894287109375,-26.699426651000977,-109.03182220458984,-6.296806335449219,77.78660583496094,0.25309319660809
98,38,-11.407425880432129,41.37205505371094,-25.962966918945312,-109.10868835449219,-6.473213195800781,77.82342529296875,0.25163954388264514
98,39,-11.583629608154297,40.47747039794922,-27.013286590576172,-108.11434936523438,-6.110084533691406,77.11156463623047,0.2531001060702737
98,40,-11.713717460632324,40.14447784423828,-26.835294723510742,-108.29862976074219,-5.975530624389648,76.42723846435547,0.2521542953242388
98,41,-12.052886962890625,40.89768981933594,-26.588695526123047,-108.19367980957031,-6.118083953857422,74.04686737060547,0.2527432060677342
98,42,-12.672511100769043,41.252559661865234,-25.724905014038086,-108.65275573730469,-6.271181106567383,60.72067642211914,0.25115123734067996
98,43,-12.747591018676758,40.11181640625,-26.82416534423828,-108.60185241699219,-5.8904194831848145,57.90497589111328,0.2519470350840603
98,44,-13.304365158081055,40.2379035949707,-26.59040641784668,-108.48486328125,-5.926299095153809,58.433319091796875,0.2516685456462729
98,45,-14.59974193572998,41.975311279296875,-27.559593200683594,-107.47950744628906,-5.808493614196777,65.11695861816406,0.2566223911490919
98,46,-16.930116653442383,43.21842956542969,-29.62980842590332,-106.4263916015625,-4.816498756408691,70.93799591064453,0.2628629937906174
98,47,-18.370332717895508,42.36791229248047,-31.53403663635254,-105.29059600830078,-4.475576400756836,65.90641784667969,0.2656944561963572
98,48,-17.873218536376953,41.70706558227539,-31.480031967163086,-106.17417907714844,-4.753457069396973,65.2266616821289,0.2645831485720771
98,49,-9.029135704040527,32.642333984375,-21.78968048095703,-86.61698150634766,-6.224292755126953,49.32257080078125,0.23711483075268436
99,0,-14.780296325683594,83.52658081054688,-1.3574562072753906,-90.21454620361328,-6.9906206130981445,64.31275939941406,0.25588682687209907
99,1,-14.52565860748291,81.36164093017578,0.26682090759277344,-92.13095092773438,-7.365939140319824,65.78433227539062,0.2510298589444565
99,2,-14.057212829589844,77.3587417602539,-1.7386054992675781,-93.48841857910156,-7.385705947875977,67.87593078613281,0.25073780922879246
99,3,-14.637883186340332,74.86744689941406,-4.676883697509766,-93.02165985107422,-7.655393600463867,72.49124908447266,0.25378908670586564
99,4,-14.698725700378418,72.02787017822266,-8.628541946411133,-92.5169906616211,-7.544255256652832,72.0433349609375,0.25808223479043346
99,5,-14.586420059204102,67.02494812011719,-13.479071617126465,-92.70738983154297,-7.418816566467285,73.90426635742188,0.2615383639615559
99,6,-13.205909729003906,63.56886672973633,-21.964435577392578,-92.16801452636719,-6.563702583312988,79.26675415039062,0.2714501934372585
99,7,-12.837577819824219,63.20411682128906,-24.417869567871094,-92.58012390136719,-6.974636077880859,85.3110580444336,0.27473201457075547
99,8,-11.72547435760498,61.606346130371094,-25.469205856323242,-94.34471130371094,-7.03208065032959,85.01469421386719,0.2754492748772488
99,9,-10.605456352233887,61.07191848754883,-25.41779899597168,-95.20413208007812,-6.973566055297852,84.10623931884766,0.27516452823055687
99,10,-10.107404708862305,59.50784683227539,-27.50844955444336,-96.08771514892578,-6.86541748046875,83.54340362548828,0.2770509796054995
99,11,-9.962357521057129,58.241764068603516,-28.52235984802246,-97.08023834228516,-6.807568550109863,83.38211059570312,0.2776550806061169
99,12,-9.817127227783203,56.712650299072266,-29.362098693847656,-97.69730377197266,-6.681617736816406,83.16571044921875,0.27762248879858653
99,13,-9.068390846252441,55.11827850341797,-29.351099014282227,-97.78477478027344,-6.602212905883789,82.63204956054688,0.27608037660770013
99,14,-8.73330307006836,54.135128021240234,-29.41964340209961,-98.93273162841797,-6.652705192565918,82.09103393554688,0.275446060117268
99,15,-8.921879768371582,53.441585540771484,-28.937679290771484,-99.60693359375,-6.715546607971191,82.4861068725586,0.27406857346681496
99,16,-9.022340774536133,54.787288665771484,-26.78618812561035,-100.5365219116211,-6.954251289367676,81.36046600341797,0.2720173854121755
99,17,-9.271208763122559,53.46837615966797,-26.343101501464844,-101.89195251464844,-7.026775360107422,80.96005249023438,0.26981054311571606
99,18,-9.566744804382324,53.619388580322266,-24.56707763671875,-102.74268341064453,-6.94410514831543,80.3831787109375,0.266686362058593
99,19,-9.189833641052246,53.13701248168945,-22.96302032470703,-104.34820556640625,-6.942598342895508,80.00218200683594,0.26275690885619235
99,20,-8.98762321472168,51.289974212646484,-23.418785095214844,-104.35071563720703,-6.792548179626465,80.46430969238281,0.26136551994653967
99,21,-8.787346839904785,49.17844009399414,-24.458383560180664,-103.79563903808594,-6.580399513244629,79.32600402832031,0.2608987180612586
99,22,-8.747061729431152,49.79218673706055,-22.312541961669922,-104.031494140625,-6.594605445861816,79.13018798828125,0.25731569010479216
99,23,-9.028154373168945,48.762245178222656,-22.740646362304688,-103.93731689453125,-6.492422103881836,78.48928833007812,0.2568837113169234
99,24,-9.510820388793945,49.29035949707031,-22.76486587524414,-104.0644760131836,-6.556336402893066,76.91734313964844,0.25757978499629197
99,25,-9.347002029418945,48.94412612915039,-23.296825408935547,-104.35246276855469,-6.545244216918945,77.674560546875,0.2581325537406247
99,26,-9.667804718017578,48.00400161743164,-22.793563842773438,-105.3817138671875,-6.309597969055176,77.27743530273438,0.25553614523343227
99,27,-10.68320369720459,48.249183654785156,-23.12107276916504,-105.54633331298828,-6.464461326599121,77.18768310546875,0.2564912872078209
99,28,-10.40579605102539,47.75487518310547,-22.910568237304688,-106.89054870605469,-6.172656059265137,77.61534118652344,0.2548863809531741
99,29,-10.603508949279785,47.228355407714844,-24.42279052734375,-107.19462585449219,-6.256741523742676,77.1917724609375,0.257280962820561
99,30,-10.541645050048828,47.125831604003906,-24.342609405517578,-107.62288665771484,-6.138071060180664,77.29386901855469,0.25680982643026373
99,31,-11.088948249816895,46.30991744995117,-24.806781768798828,-107.44654083251953,-6.208904266357422,77.68251037597656,0.25675797379672194
99,32,-11.046573638916016,45.498634338378906,-24.65683937072754,-108.03720092773438,-6.131087303161621,79.31404113769531,0.2550880907659913
99,33,-11.271566390991211,44.52751159667969,-25.386110305786133,-108.34114074707031,-6.079239845275879,78.26931762695312,0.2551906813952366
99,34,-11.584424018859863,44.16129684448242,-24.937755584716797,-108.33172607421875,-6.180593490600586,78.90232849121094,0.2537080407069644
99,35,-11.464773178100586,42.5660400390625,-25.261432647705078,-109.11136627197266,-6.338911056518555,78.0511474609375,0.25179942225615454
99,36,-11.536111831665039,41.655967712402344,-25.60235023498535,-109.63115692138672,-6.434220314025879,77.27706909179688,0.25099276449513824
99,37,-11.3183012008667,41.22894287109375,-26.699426651000977,-109.03182220458984,-6.296806335449219,77.78660583496094,0.25309319660809
99,38,-11.407425880432129,41.37205505371094,-25.962966918945312,-109.10868835449219,-6.473213195800781,77.82342529296875,0.25163954388264514
99,39,-11.583629608154297,40.47747039794922,-27.013286590576172,-108.11434936523438,-6.110084533691406,77.11156463623047,0.2531001060702737
99,40,-11.713717460632324,40.14447784423828,-26.835294723510742,-108.29862976074219,-5.975530624389648,76.42723846435547,0.2521542953242388
99,41,-12.052886962890625,40.89768981933594,-26.588695526123047,-108.19367980957031,-6.118083953857422,74.04686737060547,0.2527432060677342
99,42,-12.672511100769043,41.252559661865234,-25.724905014038086,-108.65275573730469,-6.271181106567383,60.72067642211914,0.25115123734067996
99,43,-12.747591018676758,40.11181640625,-26.82416534423828,-108.60185241699219,-5.8904194831848145,57.90497589111328,0.2519470350840603
99,44,-13.304365158081055,40.2379035949707,-26.59040641784668,-108.48486328125,-5.926299095153809,58.433319091796875,0.2516685456462729
99,45,-14.59974193572998,41.975311279296875,-27.559593200683594,-107.47950744628906,-5.808493614196777,65.11695861816406,0.2566223911490919
99,46,-16.930116653442383,43.21842956542969,-29.62980842590332,-106.4263916015625,-4.816498756408691,70.93799591064453,0.2628629937906174
99,47,-18.370332717895508,42.36791229248047,-31.53403663635254,-105.29059600830078,-4.475576400756836,65.90641784667969,0.2656944561963572
99,48,-17.873218536376953,41.70706558227539,-31.480031967163086,-106.17417907714844,-4.753457069396973,65.2266616821289,0.2645831485720771
99,49,-9.029135704040527,32.642333984375,-21.78968048095703,-86.61698150634766,-6.224292755126953,49.32257080078125,0.23711483075268436
