abs_diff,cohens_d,diff_ci95_hi,diff_ci95_lo,label_a,label_b,mean_a,mean_b,metric,n_a,n_b,ratio
5.405524522142978,1.6297464502561896,7.46322197833443,3.545883901810234,baseline,eval_high,5.013321559839455,10.418846081982434,action_endpoint_delta,20,20,2.078232155436238
71.70899959415351,0.6350138672904312,143.32410784238704,11.107142490653835,baseline,eval_high,296.6450651104346,368.3540647045881,action_max_speed,20,20,1.241733330588326
-94.23924962468288,-1.4959251601503984,-56.55455668031524,-133.04880681461026,baseline,eval_high,832.7759779699569,738.536728345274,action_mean_jerk,20,20,0.8868372141890108
-4.748254646429999,-1.4413058964461674,-2.680550458255122,-6.727187942787635,baseline,eval_high,65.02537839984703,60.27712375341703,action_mean_speed,20,20,0.926978438841181
-156.22177091314825,-0.3470138290242627,121.19702052245104,-435.1030533918665,baseline,eval_high,2755.501980798468,2599.28020988532,action_p95_jerk,20,20,0.9433055131147783
-5.761155010126913,-0.8226422928991421,-1.7374149319486563,-9.910618089623615,baseline,eval_high,149.40172712809905,143.64057211797214,action_p95_speed,20,20,0.961438497931141
4.949834614985093,0.2437302314812054,16.92539358727104,-7.457164481889592,baseline,eval_high,479.69884283534077,484.64867745032586,action_path_len,20,20,1.0103186294668236
2.3800793593100487,0.8979944151315787,4.166960451459589,0.9770669416863205,baseline,eval_high,5.805905765020263,8.185985124330312,action_speed_spikiness,20,20,1.409941093007446
0.6599999189376842,1.17778200177406,0.9933331984281536,0.2949999308586126,baseline,eval_high,7.401666617393493,8.061666536331177,duration_s,20,20,1.0891690955784246
0.0025495486263813023,1.9510333489126692,0.0033231937412728538,0.0017309173709234903,baseline,eval_high,0.004300737061109311,0.006850285687490613,eef_displacement_final,20,20,1.5928152923561345
0.023874583620897394,2.6765841779290245,0.029166650838860823,0.018460025652073005,baseline,eval_high,0.139103153335791,0.1629777369566884,eef_displacement_max,20,20,1.1716322120099083
0.01960842009432741,4.566305935534443,0.02231049659140938,0.016917234049343317,baseline,eval_high,0.07957555388889995,0.09918397398322736,eef_displacement_mean,20,20,1.2464125811499602
0.0,nan,0.0,0.0,baseline,eval_high,0.0,0.0,eef_displacement_min,20,20,1.0
0.023874583620897394,2.6765841779290245,0.029166650838860823,0.018460025652073005,baseline,eval_high,0.139103153335791,0.1629777369566884,eef_displacement_range,20,20,1.1716322120099083
0.0007226725837629101,1.0447146738385689,0.001150719712055082,0.00032607723596515825,baseline,eval_high,0.017037155682054064,0.017759828265816974,eef_height_final,20,20,1.0424174183223522
0.042875862841311146,2.533282910372269,0.05277731043478025,0.03222561237975336,baseline,eval_high,0.08663752421224619,0.12951338705355733,eef_height_max,20,20,1.4948878477574523
4.287586284131114,2.533282910372269,5.277731043478026,3.222561237975335,baseline,eval_high,8.663752421224618,12.951338705355733,eef_height_max_cm,20,20,1.494887904307887
0.018183093061878042,3.5705740808427144,0.021140609376235155,0.014913069160464306,baseline,eval_high,0.03940491001607401,0.05758800307795205,eef_height_mean,20,20,1.4614422020006845
0.001869058715426347,1.3358070383915257,0.00268555349785892,0.0010299039836876342,baseline,eval_high,0.00274585393232196,0.004614912647748307,eef_height_min,20,20,1.6806814763926892
0.04100680412588481,2.4543385925630132,0.05069318918491034,0.03047987367880894,baseline,eval_high,0.08389167027992422,0.12489847440580903,eef_height_range,20,20,1.4888065656696352
0.0025495486263813023,1.9510333489126692,0.0033231937412728538,0.0017309173709234903,baseline,eval_high,0.004300737061109311,0.006850285687490613,eef_pos_endpoint_delta,20,20,1.5928152923561345
0.007551142414866874,0.04538786824929269,0.1078366464362271,-0.09100072039421865,baseline,eval_high,0.45335894990130016,0.46091009231616703,eef_pos_max_speed,20,20,1.0166559902477956
-0.016931339828372693,-0.22180754737008226,0.03213607382617512,-0.06284313293124658,baseline,eval_high,0.5974707431079492,0.5805394032795765,eef_pos_mean_jerk,20,20,0.9716616424481056
0.004514586042591723,1.0464714486882116,0.007091831466747332,0.0018759263401491647,baseline,eval_high,0.07065499049437389,0.07516957653696561,eef_pos_mean_speed,20,20,1.063896200000044
-0.05587201419829646,-0.19513999958395495,0.11690114710456274,-0.22881123176441745,baseline,eval_high,1.6982920406445534,1.642420026446257,eef_pos_p95_jerk,20,20,0.9671010565131649
0.013414401857429259,0.9596161847236128,0.0221070047777103,0.004971947997494949,baseline,eval_high,0.18484010925466335,0.1982545111120926,eef_pos_p95_speed,20,20,1.0725729993657251
0.08467761821683617,1.8765297677538169,0.11159809714103393,0.0575888771328397,baseline,eval_high,0.5214385151101536,0.6061161333269898,eef_pos_path_len,20,20,1.1623923322484622
-0.76815270010208,-0.25672027438279527,1.0426691577543334,-2.548177288460708,baseline,eval_high,8.046078121580566,7.277925421478486,eef_pos_speed_spikiness,20,20,0.9045307928235112
1.68278679366444,1.7801647554720759,2.225615497896889,1.1066058730011874,baseline,eval_high,4.414458996249811,6.097245789914251,state_endpoint_delta,20,20,1.3811988719981358
-1.8491688092308607,-0.028709178548486692,38.96518906052804,-40.18423527413264,baseline,eval_high,223.50364958498147,221.6544807757506,state_max_speed,20,20,0.99172644915382
-24.290776598681532,-0.5964777239467158,0.6790335066629345,-48.99075720900522,baseline,eval_high,339.72244848514345,315.4316718864619,state_mean_jerk,20,20,0.9284981704733334
-1.4794639869115755,-0.5355749985652144,0.2743664118602305,-3.2216824051566872,baseline,eval_high,45.310541691905975,43.8310777049944,state_mean_speed,20,20,0.9673483491624347
-132.76501133048566,-0.9512291517684093,-48.09216755674738,-220.81370511215184,baseline,eval_high,991.3360200601313,858.5710087296457,state_p95_jerk,20,20,0.8660746622309827
-5.414135395206017,-0.6612065336911683,-0.2568791460675898,-10.103443025332691,baseline,eval_high,119.24226622017895,113.82813082497293,state_p95_speed,20,20,0.9545955006863518
18.067778527621726,1.2442504020272949,26.54364509842056,8.944826993109015,baseline,eval_high,334.1225475945717,352.1903261221934,state_path_len,20,20,1.054075304576585
0.1644154332812402,0.08693857985873996,1.3618260776154403,-0.9628600677121586,baseline,eval_high,6.044735331863164,6.209150765144404,state_speed_spikiness,20,20,1.0271997736844773
0.04451248073248948,0.027087554965166884,1.0662459610150912,-0.945683374468497,baseline,eval_low,5.013321559839455,5.057834040571945,action_endpoint_delta,20,20,1.0088788401287243
31.59922814383134,0.3717297385070769,86.03737141179926,-15.120044114086664,baseline,eval_low,296.6450651104346,328.2442932542659,action_max_speed,20,20,1.1065220084851315
-101.12016457795733,-1.1741864261299864,-49.684809332369085,-153.93112994323425,baseline,eval_low,832.7759779699569,731.6558133919996,action_mean_jerk,20,20,0.878574589983681
-1.4723248685907535,-0.37283233561853457,0.8404696785079955,-3.9108184973885263,baseline,eval_low,65.02537839984703,63.553053531256275,action_mean_speed,20,20,0.9773576885733619
-289.06511213295835,-0.6553646877992455,-21.335186660915028,-549.7650894272967,baseline,eval_low,2755.501980798468,2466.43686866551,action_p95_jerk,20,20,0.8950952987345898
-2.1325775642141878,-0.2130175885522503,3.770372078424334,-8.278893430191737,baseline,eval_low,149.40172712809905,147.26914956388487,action_p95_speed,20,20,0.9857258841308913
-11.14679908125072,-0.6463911975270429,-0.7116844300896438,-21.32161269748365,baseline,eval_low,479.69884283534077,468.55204375409005,action_path_len,20,20,0.9767629227222369
0.8219439917712874,0.4831938792941389,1.886934479217351,-0.13831129094908073,baseline,eval_low,5.805905765020263,6.627849756791551,action_speed_spikiness,20,20,1.1415703291823434
-0.004999995231628418,-0.010100460805937735,0.3099999916553495,-0.3033332824707031,baseline,eval_low,7.401666617393493,7.396666622161865,duration_s,20,20,0.9993244771099088
0.00033118630029800936,0.15737962684075038,0.001652438381086154,-0.000826809815405575,baseline,eval_low,0.004300737061109311,0.00463192336140732,eef_displacement_final,20,20,1.0770066910683618
-0.009021713302974077,-1.0578693093904874,-0.003837960036856125,-0.013915869354966677,baseline,eval_low,0.139103153335791,0.13008144003281694,eef_displacement_max,20,20,0.9351437229274512
-0.005631683170492188,-1.2933714969756522,-0.0030802739982755973,-0.008397484134608625,baseline,eval_low,0.07957555388889995,0.07394387071840776,eef_displacement_mean,20,20,0.9292284855391675
0.0,nan,0.0,0.0,baseline,eval_low,0.0,0.0,eef_displacement_min,20,20,1.0
-0.009021713302974077,-1.0578693093904874,-0.003837960036856125,-0.013915869354966677,baseline,eval_low,0.139103153335791,0.13008144003281694,eef_displacement_range,20,20,0.9351437229274512
0.00044960543984383025,0.39126182481126964,0.001175739179627311,-0.00015423774729371868,baseline,eval_low,0.017037155682054064,0.017486761121897895,eef_height_final,20,20,1.0263896852466146
-0.010063421468794867,-0.6113751398275505,6.16987601920608e-05,-0.019659041496786874,baseline,eval_low,0.08663752421224619,0.07657410274345132,eef_height_max,20,20,0.8838445535148621
-1.0063421468794846,-0.6113751398275492,0.006169876019209496,-1.9659041496786882,baseline,eval_low,8.663752421224618,7.657410274345134,eef_height_max_cm,20,20,0.8838445402418731
-0.0038653570586152097,-0.8029965152634273,-0.0009601624317329854,-0.0066949104254294045,baseline,eval_low,0.03940491001607401,0.0355395529574588,eef_height_mean,20,20,0.9019067401472086
-0.00014132105134007132,-0.06938249774585967,0.001045420465039796,-0.0013909521032985223,baseline,eval_low,0.00274585393232196,0.0026045328809818887,eef_height_min,20,20,0.9485331193302913
-0.009922100417454782,-0.6373198002250023,-0.0003196761582353517,-0.019058393888920645,baseline,eval_low,0.08389167027992422,0.07396956986246944,eef_height_range,20,20,0.88172724179147
0.00033118630029800936,0.15737962684075038,0.001652438381086154,-0.000826809815405575,baseline,eval_low,0.004300737061109311,0.00463192336140732,eef_pos_endpoint_delta,20,20,1.0770066910683618
0.0023222806112893624,0.015114574827694476,0.09344363954251161,-0.08739355757159897,baseline,eval_low,0.45335894990130016,0.4556812305125895,eef_pos_max_speed,20,20,1.005122388254541
-0.06721122212048158,-0.8375865513412498,-0.01947005181295143,-0.11346198251478318,baseline,eval_low,0.5974707431079492,0.5302595209874676,eef_pos_mean_jerk,20,20,0.8875070925717128
-0.0063016050811800645,-1.2761397912871686,-0.00330280781124915,-0.009316038531722852,baseline,eval_low,0.07065499049437389,0.06435338541319383,eef_pos_mean_speed,20,20,0.9108116193179866
-0.21995962250762324,-0.8427261168971076,-0.06866635216587842,-0.38954217101753535,baseline,eval_low,1.6982920406445534,1.4783324181369302,eef_pos_p95_jerk,20,20,0.8704818629845544
-0.004365445496103931,-0.31012433477808615,0.003991577085315669,-0.01324777719355367,baseline,eval_low,0.18484010925466335,0.18047466375855942,eef_pos_p95_speed,20,20,0.9763825866716227
-0.04617935464350603,-1.3162984867064986,-0.025115284603848032,-0.06800155018309542,baseline,eval_low,0.5214385151101536,0.47525916046664757,eef_pos_path_len,20,20,0.9114385446803135
1.3917351638589253,0.44922504315545647,3.236670352089645,-0.4492891811547815,baseline,eval_low,8.046078121580566,9.437813285439491,eef_pos_speed_spikiness,20,20,1.1729706250796168
0.5847291070936889,0.3935064201463377,1.4746505103013223,-0.2942426986415977,baseline,eval_low,4.414458996249811,4.9991881033435,state_endpoint_delta,20,20,1.132457704616999
-13.27655787812131,-0.26541975899436765,16.015444185159893,-43.58093606878726,baseline,eval_low,223.50364958498147,210.22709170686016,state_max_speed,20,20,0.9405980264654281
-38.4238943350357,-0.993523872183373,-15.011985978968632,-62.23873968217416,baseline,eval_low,339.72244848514345,301.29855415010775,state_mean_jerk,20,20,0.8868962162929159
-1.4287629075649093,-0.4934386401496669,0.2967937776105542,-3.202554201832559,baseline,eval_low,45.310541691905975,43.881778784341066,state_mean_speed,20,20,0.9684673178933809
-195.95061170616702,-1.590885565193142,-123.58357290998649,-270.6537302503049,baseline,eval_low,991.3360200601313,795.3854083539643,state_p95_jerk,20,20,0.8023368386308564
1.9389517906183755,0.1821989259047876,8.384066639049081,-4.697851553741274,baseline,eval_low,119.24226622017895,121.18121801079732,state_p95_speed,20,20,1.016260608355728
-10.4840590127734,-0.7764870249254568,-2.5076291092816403,-18.720253950940794,baseline,eval_low,334.1225475945717,323.6384885817983,state_path_len,20,20,0.9686221145865884
-0.06606114973064248,-0.04380037770173426,0.8488898049078162,-0.9803372748620558,baseline,eval_low,6.044735331863164,5.978674182132521,state_speed_spikiness,20,20,0.9890712916290756
7.392876226022557,2.0710083882670878,9.599325520830682,5.177751347450684,baseline,paper_low,5.013321559839455,12.406197785862012,action_endpoint_delta,20,20,2.4746463244047012
76.65839114326752,0.7288944857757212,148.31634350632044,17.328261456546297,baseline,paper_low,296.6450651104346,373.3034562537021,action_max_speed,20,20,1.2584178877614063
58.20004255432934,0.8314379597507124,100.61813788778544,14.962507021738508,baseline,paper_low,832.7759779699569,890.9760205242862,action_mean_jerk,20,20,1.0698867931991791
-2.5547788489675582,-0.7547026809096032,-0.5443608330638171,-4.639151508249929,baseline,paper_low,65.02537839984703,62.47059955087947,action_mean_speed,20,20,0.9607110498786321
188.83306557249762,0.3820632770332946,486.55982882854573,-114.9326729880206,baseline,paper_low,2755.501980798468,2944.3350463709658,action_p95_jerk,20,20,1.0685294610157
-2.8186682390730198,-0.2829434840193813,3.187666756401801,-8.848997959536296,baseline,paper_low,149.40172712809905,146.58305888902603,action_p95_speed,20,20,0.9811336301589901
-42.29519006537271,-1.7517962926881598,-26.939516684032792,-56.41403611354977,baseline,paper_low,479.69884283534077,437.40365276996806,action_path_len,20,20,0.9118297017051403
1.990928063577793,0.8770452090860926,3.5067017565494867,0.6883487239934702,baseline,paper_low,5.805905765020263,7.796833828598056,action_speed_spikiness,20,20,1.3429142911935812
-0.38333332538604736,-0.6788888453715191,-0.03666663050651551,-0.7184167665243151,baseline,paper_low,7.401666617393493,7.018333292007446,duration_s,20,20,0.9482098634424665
0.0004363395127793294,0.1975230524756838,0.001848341504346142,-0.0007816801295566858,baseline,paper_low,0.004300737061109311,0.00473707657388864,eef_displacement_final,20,20,1.1014566787070668
-0.010723017674963753,-1.398096143035023,-0.006152849631232898,-0.015390395122147082,baseline,paper_low,0.139103153335791,0.12838013566082726,eef_displacement_max,20,20,0.9229132004059556
0.0018261408402256013,0.43926118707924955,0.004486406313741252,-0.0006865280698443276,baseline,paper_low,0.07957555388889995,0.08140169472912555,eef_displacement_mean,20,20,1.022948512721508
0.0,nan,0.0,0.0,baseline,paper_low,0.0,0.0,eef_displacement_min,20,20,1.0
-0.010723017674963753,-1.398096143035023,-0.006152849631232898,-0.015390395122147082,baseline,paper_low,0.139103153335791,0.12838013566082726,eef_displacement_range,20,20,0.9229132004059556
0.0010231673442709019,1.0536828769097484,0.0016669035626801882,0.0005025057322353094,baseline,paper_low,0.017037155682054064,0.018060323026324966,eef_height_final,20,20,1.0600550210853819
-0.0037509296660588054,-0.26017688791670407,0.004704433065469991,-0.012554721753579084,baseline,paper_low,0.08663752421224619,0.08288659454618738,eef_height_max,20,20,0.956705489137425
-0.3750929666058802,-0.26017688791670385,0.4704433065469989,-1.255472175357907,baseline,paper_low,8.663752421224618,8.288659454618738,eef_height_max_cm,20,20,0.9567054841901962
0.0035448750806711463,0.8635618685330547,0.005905233361493258,0.0010338114653659868,baseline,paper_low,0.03940491001607401,0.04294978509674516,eef_height_mean,20,20,1.0899602151006809
0.002446994866549698,1.5036586578544324,0.0034039414402475465,0.001461815198621577,baseline,paper_low,0.00274585393232196,0.005192848798871658,eef_height_min,20,20,1.8911566366220005
-0.006197924532608506,-0.4332052064815275,0.0024161535355587275,-0.015012852833474144,baseline,paper_low,0.08389167027992422,0.07769374574731572,eef_height_range,20,20,0.9261199142521919
0.0004363395127793294,0.1975230524756838,0.001848341504346142,-0.0007816801295566858,baseline,paper_low,0.004300737061109311,0.00473707657388864,eef_pos_endpoint_delta,20,20,1.1014566787070668
-0.12311214638850498,-1.0435223875180843,-0.05012161769732,-0.19210891990660123,baseline,paper_low,0.45335894990130016,0.3302468035127952,eef_pos_max_speed,20,20,0.72844443966585
-0.05457055066277816,-0.7253858686687665,-0.007321164030080498,-0.09958704622558509,baseline,paper_low,0.5974707431079492,0.5429001924451711,eef_pos_mean_jerk,20,20,0.9086640636735595
-0.0026148430213136648,-0.6053315596780469,-1.9644451822510304e-05,-0.005342793689756891,baseline,paper_low,0.07065499049437389,0.06804014747306023,eef_pos_mean_speed,20,20,0.9629913947630376
-0.08544979402111519,-0.310650933849259,0.08635846272708853,-0.2538890352754933,baseline,paper_low,1.6982920406445534,1.6128422466234382,eef_pos_p95_jerk,20,20,0.9496848648683927
0.0029125018642772726,0.23013092704130444,0.010527875632006146,-0.004972507021820348,baseline,paper_low,0.18484010925466335,0.18775261111894062,eef_pos_p95_speed,20,20,1.015756870727099
-0.04491854984521099,-1.334512119256251,-0.025053012139169877,-0.06535110700735447,baseline,paper_low,0.5214385151101536,0.4765199652649426,eef_pos_path_len,20,20,0.9138564803286792
-1.8784563826620975,-0.788692737898071,-0.43094929717876357,-3.3311748962780285,baseline,paper_low,8.046078121580566,6.167621738918468,eef_pos_speed_spikiness,20,20,0.7665376408303538
0.5851973144010589,0.40490646931688834,1.4379058311535655,-0.28608180744498435,baseline,paper_low,4.414458996249811,4.99965631065087,state_endpoint_delta,20,20,1.1325637668336166
-3.710231429974556,-0.06104928915015573,32.294991912351136,-40.92068294420716,baseline,paper_low,223.50364958498147,219.79341815500692,state_max_speed,20,20,0.9833996830177136
1.3545241904424756,0.030660084716081927,28.273831214550928,-25.724243081915557,baseline,paper_low,339.72244848514345,341.0769726755859,state_mean_jerk,20,20,1.0039871494993708
-0.6566663934521699,-0.2416827171127869,0.9578144185780949,-2.3450358718497664,baseline,paper_low,45.310541691905975,44.653875298453805,state_mean_speed,20,20,0.9855074256721026
-16.187709223137404,-0.10751375275181473,75.30736324444656,-113.68279895072376,baseline,paper_low,991.3360200601313,975.1483108369939,state_p95_jerk,20,20,0.9836708150461514
-3.9688832189654875,-0.40709852048632433,2.1047662629353185,-9.934863290535473,baseline,paper_low,119.24226622017895,115.27338300121346,state_p95_speed,20,20,0.9667158018340228
-21.738672340246296,-1.395286302290501,-12.614332987203257,-31.372335300752223,baseline,paper_low,334.1225475945717,312.3838752543254,state_path_len,20,20,0.9349380264932804
-0.022358324349162295,-0.012850737712504992,0.9883480658487532,-1.0839049988014497,baseline,paper_low,6.044735331863164,6.0223770075140015,state_speed_spikiness,20,20,0.9963011905261893
7.800516839943898,3.046334950140547,9.227924420651203,6.170927406562756,baseline,paper_high,5.013321559839455,12.813838399783354,action_endpoint_delta,20,20,2.5559578078678284
77.70053975489799,1.2108622328908938,119.98191395794058,40.01246722280278,baseline,paper_high,296.6450651104346,374.3456048653326,action_max_speed,20,20,1.2619310040548035
-86.30349230008221,-1.282173417738222,-45.54510468836568,-126.37067519725186,baseline,paper_high,832.7759779699569,746.4724856698747,action_mean_jerk,20,20,0.8963664964142861
-3.756510136410448,-1.0104895727963954,-1.4385259334076703,-6.048354077561098,baseline,paper_high,65.02537839984703,61.26886826343658,action_mean_speed,20,20,0.942230091876842
-310.9497860041074,-0.7751514091077127,-71.9529726031892,-553.0276146927398,baseline,paper_high,2755.501980798468,2444.5521947943607,action_p95_jerk,20,20,0.8871531255757348
-9.034045003941372,-0.8343116522264798,-2.4596627459207903,-15.51498454720759,baseline,paper_high,149.40172712809905,140.36768212415768,action_p95_speed,20,20,0.9395318569805369
-27.09828312217155,-1.2802333260793761,-14.261039076053404,-39.78016794401892,baseline,paper_high,479.69884283534077,452.6005597131692,action_path_len,20,20,0.9435098009379433
2.135171328300281,1.4317007984618249,3.1253019721065747,1.29485438225224,baseline,paper_high,5.805905765020263,7.941077093320544,action_speed_spikiness,20,20,1.3677585222768844
0.015000033378601785,0.02561935957093689,0.361708369851112,-0.34337498307228104,baseline,paper_high,7.401666617393493,7.416666650772095,duration_s,20,20,1.002026575112568
-8.365147072156992e-05,-0.05243081765983416,0.0009957497412758241,-0.000937775678087492,baseline,paper_high,0.004300737061109311,0.004217085590387741,eef_displacement_final,20,20,0.9805495488265257
0.003143133525658953,0.33796307570696105,0.008753253545442832,-0.002731767782289566,baseline,paper_high,0.139103153335791,0.14224628686144997,eef_displacement_max,20,20,1.0225957012787086
0.010355754326433639,2.013035051317111,0.01344939578471143,0.007081060083170714,baseline,paper_high,0.07957555388889995,0.08993130821533359,eef_displacement_mean,20,20,1.130137366552525
0.0,nan,0.0,0.0,baseline,paper_high,0.0,0.0,eef_displacement_min,20,20,1.0
0.003143133525658953,0.33796307570696105,0.008753253545442832,-0.002731767782289566,baseline,paper_high,0.139103153335791,0.14224628686144997,eef_displacement_range,20,20,1.0225957012787086
0.0008476296464629343,0.8971321153428463,0.001492776362350058,0.00036410580761222935,baseline,paper_high,0.017037155682054064,0.017884785328517,eef_height_final,20,20,1.0497517992300667
0.014174431596569406,0.7543882273723415,0.02526160297984893,0.002064642162351378,baseline,paper_high,0.08663752421224619,0.10081195580881559,eef_height_max,20,20,1.1636061289769009
1.4174431596569406,0.7543882273723412,2.526160297984893,0.20646421623513816,baseline,paper_high,8.663752421224618,10.081195580881559,eef_height_max_cm,20,20,1.1636061476720412
0.00812195858541817,1.3878689521741159,0.011636627526311855,0.004468122867699395,baseline,paper_high,0.03940491001607401,0.04752686860149218,eef_height_mean,20,20,1.2061153425030446
0.0007296298960929558,0.40489495069392634,0.0018023277633042864,-0.0003634723309139381,baseline,paper_high,0.00274585393232196,0.003475483828414916,eef_height_min,20,20,1.2657196110500513
0.013444801700476447,0.7223873105379535,0.02417577367534351,0.001525891857988925,baseline,paper_high,0.08389167027992422,0.09733647198040067,eef_height_range,20,20,1.1602638265870313
-8.365147072156992e-05,-0.05243081765983416,0.0009957497412758241,-0.000937775678087492,baseline,paper_high,0.004300737061109311,0.004217085590387741,eef_pos_endpoint_delta,20,20,0.9805495488265257
-0.07356114022948484,-0.603609477125828,0.0013752631412304048,-0.14561919273084312,baseline,paper_high,0.45335894990130016,0.3797978096718153,eef_pos_max_speed,20,20,0.8377419512222728
-0.06008076668789042,-0.8619601388828176,-0.014882909158490318,-0.10159901294451547,baseline,paper_high,0.5974707431079492,0.5373899764200588,eef_pos_mean_jerk,20,20,0.8994414933695756
-0.0014010619021820742,-0.3147946333762568,0.0013169008449115934,-0.004265944536786032,baseline,paper_high,0.07065499049437389,0.06925392859219182,eef_pos_mean_speed,20,20,0.9801703787081052
-0.1441188710420036,-0.4947087084798639,0.02863202392966068,-0.32245414823724833,baseline,paper_high,1.6982920406445534,1.5541731696025498,eef_pos_p95_jerk,20,20,0.9151389356222294
0.0009980823880162137,0.07397820914243464,0.00914336314358452,-0.007279566682084951,baseline,paper_high,0.18484010925466335,0.18583819164267956,eef_pos_p95_speed,20,20,1.0053997064708724
-0.008424933021475733,-0.21345217883631026,0.014595073464126421,-0.033328401728071146,baseline,paper_high,0.5214385151101536,0.5130135820886779,eef_pos_path_len,20,20,0.9838429026322979
-1.3962261608782134,-0.5792212862236825,0.08639370351588202,-2.8922348930219623,baseline,paper_high,8.046078121580566,6.649851960702352,eef_pos_speed_spikiness,20,20,0.8264712151628162
1.6295729077873293,1.5012212987108606,2.2857442089964124,0.9787644385905562,baseline,paper_high,4.414458996249811,6.044031904037141,state_endpoint_delta,20,20,1.3691444196174993
-15.444806874777896,-0.23684679041625514,25.684169802847148,-53.38321142087627,baseline,paper_high,223.50364958498147,208.05884271020358,state_max_speed,20,20,0.9308968470860948
-28.64384371568707,-0.6588181216691862,-1.5187215420018552,-55.205104535645134,baseline,paper_high,339.72244848514345,311.0786047694564,state_mean_jerk,20,20,0.9156845717950942
-0.4248527349621085,-0.1456729974370028,1.339424619278842,-2.271205764268273,baseline,paper_high,45.310541691905975,44.885688956943866,state_mean_speed,20,20,0.9906235344137535
12.851283384171666,0.07817275477893942,118.80796568212368,-85.91939305411098,baseline,paper_high,991.3360200601313,1004.187303444303,state_p95_jerk,20,20,1.012963599752244
-0.4549108234095911,-0.04448679921585671,5.924214180301086,-6.689297405957295,baseline,paper_high,119.24226622017895,118.78735539676936,state_p95_speed,20,20,0.9961849867686056
-2.4954784872757045,-0.14864498729164105,7.38518295659478,-12.687017315068733,baseline,paper_high,334.1225475945717,331.627069107296,state_path_len,20,20,0.992531247875468
-0.1828244856124499,-0.09058355312082592,1.1194953893471131,-1.33755439586882,baseline,paper_high,6.044735331863164,5.861910846250714,state_speed_spikiness,20,20,0.969754757607618
1.4558010576003486,0.5891664567730648,3.059623700903314,0.044282776991982256,baseline,dataset_high,5.013321559839455,6.469122617439804,action_endpoint_delta,20,20,1.2903865306304236
-38.65084974187238,-0.8132638810485235,-10.83738748886008,-68.35220193330338,baseline,dataset_high,296.6450651104346,257.9942153685622,action_max_speed,20,20,0.869706749626256
-566.7102313000257,-10.17296783197942,-533.5383475349445,-599.8406477287807,baseline,dataset_high,832.7759779699569,266.0657466699311,action_mean_jerk,20,20,0.31949258109644313
-17.605227340862662,-5.260131797689916,-15.527277735903189,-19.605201054610262,baseline,dataset_high,65.02537839984703,47.420151058984366,action_mean_speed,20,20,0.7292560570751461
-1838.0586280499406,-5.796210122036705,-1648.2214431834211,-2046.3928559337896,baseline,dataset_high,2755.501980798468,917.4433527485274,action_p95_jerk,20,20,0.33294962556671737
-32.539511708616615,-3.884799944007006,-27.43901850216347,-37.37091366069924,baseline,dataset_high,149.40172712809905,116.86221541948244,action_p95_speed,20,20,0.7822012346715455
-28.222015477154514,-1.309166904978188,-14.966162887840873,-41.02983337580109,baseline,dataset_high,479.69884283534077,451.47682735818626,action_path_len,20,20,0.9411672221059463
0.8416434726649182,0.6970706825493019,1.5795121745809044,0.10906389200248248,baseline,dataset_high,5.805905765020263,6.6475492376851815,action_speed_spikiness,20,20,1.1449633365195253
2.133333468437195,4.191856793738885,2.44504183292389,1.8299584227800358,baseline,dataset_high,7.401666617393493,9.535000085830688,duration_s,20,20,1.2882233928966418
-0.0010356962157297101,-0.6858480177637246,-0.0001130644734248044,-0.0019029058046477474,baseline,dataset_high,0.004300737061109311,0.003265040845379601,eef_displacement_final,20,20,0.7591822534518995
0.01757157841407478,1.977033894333583,0.022750084444721156,0.011981908725566565,baseline,dataset_high,0.139103153335791,0.1566747317498658,eef_displacement_max,20,20,1.1263204803736742
-0.0021007262573151247,-0.42477562090393,0.0010315106666466233,-0.00492826396947535,baseline,dataset_high,0.07957555388889995,0.07747482763158482,eef_displacement_mean,20,20,0.973600862442545
0.0,nan,0.0,0.0,baseline,dataset_high,0.0,0.0,eef_displacement_min,20,20,1.0
0.01757157841407478,1.977033894333583,0.022750084444721156,0.011981908725566565,baseline,dataset_high,0.139103153335791,0.1566747317498658,eef_displacement_range,20,20,1.1263204803736742
-0.0006224076046758877,-0.8717635345667794,-0.00020817352548929704,-0.0010632227497511474,baseline,dataset_high,0.017037155682054064,0.016414748077378177,eef_height_final,20,20,0.9634676555777412
0.04151930505692225,3.2777660998889,0.04885803825584684,0.0335360882401538,baseline,dataset_high,0.08663752421224619,0.12815682926916844,eef_height_max,20,20,1.4792299946488263
4.151930505692226,3.277766099888901,4.885803825584679,3.3536088240153754,baseline,dataset_high,8.663752421224618,12.815682926916844,eef_height_max_cm,20,20,1.4792300494100512
0.009647829165902636,2.45711782912331,0.01195160534145857,0.00717012755066268,baseline,dataset_high,0.03940491001607401,0.04905273918197665,eef_height_mean,20,20,1.2448381867535094
-0.0009836012562779585,-0.46626864531383044,0.00029225604570483907,-0.002273816811867472,baseline,dataset_high,0.00274585393232196,0.0017622526760440016,eef_height_min,20,20,0.6417880563199632
0.042502906313200195,3.541365736865515,0.0494347563040796,0.03495763999781049,baseline,dataset_high,0.08389167027992422,0.12639457659312442,eef_height_range,20,20,1.5066403029642428
-0.0010356962157297101,-0.6858480177637246,-0.0001130644734248044,-0.0019029058046477474,baseline,dataset_high,0.004300737061109311,0.003265040845379601,eef_pos_endpoint_delta,20,20,0.7591822534518995
-0.21991604347238305,-2.1974817399361535,-0.15826504748690148,-0.2797804879446329,baseline,dataset_high,0.45335894990130016,0.2334429064289171,eef_pos_max_speed,20,20,0.5149185018417624
-0.2944142486262648,-4.544138114316559,-0.2519456550643771,-0.3323572625256243,baseline,dataset_high,0.5974707431079492,0.3030564944816844,eef_pos_mean_jerk,20,20,0.5072323672836402
-0.006647561375352856,-1.4150355776098715,-0.00383280253254059,-0.00955397349849056,baseline,dataset_high,0.07065499049437389,0.06400742911902103,eef_pos_mean_speed,20,20,0.9059152030452227
-0.7093631040859463,-2.92803748979401,-0.5694222337198664,-0.8660735435567236,baseline,dataset_high,1.6982920406445534,0.9889289365586071,eef_pos_p95_jerk,20,20,0.5823079406061393
-0.011683461904129389,-0.8328837155936527,-0.0032631072998260146,-0.02028770373580223,baseline,dataset_high,0.18484010925466335,0.17315664735053396,eef_pos_p95_speed,20,20,0.9367915258265306
0.0883011410071195,2.2416879789556927,0.11218890975781073,0.06554483166381182,baseline,dataset_high,0.5214385151101536,0.6097396561172731,eef_pos_path_len,20,20,1.1693414213851305
-4.073040934733627,-1.982266580022199,-2.8335906540908153,-5.366386366868054,baseline,dataset_high,8.046078121580566,3.9730371868469385,eef_pos_speed_spikiness,20,20,0.49378556010448255
0.3478473272420919,0.2301709334025451,1.2966377189650657,-0.551797516217121,baseline,dataset_high,4.414458996249811,4.762306323491903,state_endpoint_delta,20,20,1.0787972720438956
-69.72760991215105,-1.6855832554455152,-46.310528866850305,-95.30031843587957,baseline,dataset_high,223.50364958498147,153.77603967283042,state_max_speed,20,20,0.6880247367839102
-165.80587650961147,-4.940536439945212,-146.40284378737502,-187.38965253288245,baseline,dataset_high,339.72244848514345,173.91657197553198,state_mean_jerk,20,20,0.5119372380480716
-8.835496815826907,-3.1668332612984633,-7.177704937853372,-10.482707910315368,baseline,dataset_high,45.310541691905975,36.47504487607907,state_mean_speed,20,20,0.8050012980653629
-462.641515628363,-4.021539388804453,-394.2440146297945,-533.5219281875736,baseline,dataset_high,991.3360200601313,528.6945044317683,state_p95_jerk,20,20,0.533315136077035
-18.16628022845798,-1.7969489540868169,-11.947313871149928,-23.95406837769574,baseline,dataset_high,119.24226622017895,101.07598599172097,state_p95_speed,20,20,0.8476523400403112
13.360294344804117,0.6510807532514624,25.564951714325243,1.6096832090089166,baseline,dataset_high,334.1225475945717,347.4828419393758,state_path_len,20,20,1.0399862099717252
-1.2994932833324055,-1.0646842656988016,-0.5849276755177745,-2.030944168554439,baseline,dataset_high,6.044735331863164,4.745242048530758,state_speed_spikiness,20,20,0.7850206485745224
-0.0938421008087964,-0.06039369473287105,0.8402515326873794,-1.0255306659670265,baseline,dataset_low,5.013321559839455,4.919479459030659,action_endpoint_delta,20,20,0.9812814519273294
-34.44399081550392,-0.7654890010368836,-8.53339782957762,-62.039466407103035,baseline,dataset_low,296.6450651104346,262.20107429493066,action_max_speed,20,20,0.883888205584947
-528.0960346128829,-9.673548948881058,-495.0253208723925,-560.9588491662142,baseline,dataset_low,832.7759779699569,304.67994335707397,action_mean_jerk,20,20,0.36586062929688273
-12.549896749424292,-3.939276048939365,-10.47460026438919,-14.434377696506772,baseline,dataset_low,65.02537839984703,52.475481650422736,action_mean_speed,20,20,0.8070000197411568
-1708.215960367967,-5.427115143098143,-1524.9000405246213,-1907.100465340982,baseline,dataset_low,2755.501980798468,1047.2860204305011,action_p95_jerk,20,20,0.38007086466808704
-21.348569415753218,-3.1679881224284223,-17.45679812826636,-25.473958969387876,baseline,dataset_low,149.40172712809905,128.05315771234584,action_p95_speed,20,20,0.8571062743068577
-76.08218236185314,-3.676571370232665,-62.984199250684526,-88.54405462455964,baseline,dataset_low,479.69884283534077,403.6166604734876,action_path_len,20,20,0.8413959435245444
0.38425612328834013,0.30180661949278564,1.1917938892809175,-0.3425955724063908,baseline,dataset_low,5.805905765020263,6.190161888308603,action_speed_spikiness,20,20,1.0661836650779954
0.2933333396911628,0.655841354305764,0.570041694641114,0.013333415389060632,baseline,dataset_low,7.401666617393493,7.694999957084656,duration_s,20,20,1.0396307148724504
-0.001625780506833473,-1.3948807407927055,-0.0009327557065191177,-0.002340782476533352,baseline,dataset_low,0.004300737061109311,0.002674956554275838,eef_displacement_final,20,20,0.6219771858859032
-0.01669722277362684,-1.8839243338320122,-0.011178773709480998,-0.02194042872436855,baseline,dataset_low,0.139103153335791,0.12240593056216417,eef_displacement_max,20,20,0.879965182867048
-0.014899030257747317,-2.578207084079371,-0.011113546574394955,-0.018329355517944915,baseline,dataset_low,0.07957555388889995,0.06467652363115263,eef_displacement_mean,20,20,0.8127687756187475
0.0,nan,0.0,0.0,baseline,dataset_low,0.0,0.0,eef_displacement_min,20,20,1.0
-0.01669722277362684,-1.8839243338320122,-0.011178773709480998,-0.02194042872436855,baseline,dataset_low,0.139103153335791,0.12240593056216417,eef_displacement_range,20,20,0.879965182867048
-0.0009907311823609613,-2.2355363343556913,-0.0007466230159926571,-0.0012774819897716579,baseline,dataset_low,0.017037155682054064,0.016046424499693103,eef_height_final,20,20,0.941848826216174
-0.014424077991980033,-1.2599709188199204,-0.008038614492791384,-0.02151822595376341,baseline,dataset_low,0.08663752421224619,0.07221344622026615,eef_height_max,20,20,0.8335123670920311
-1.442407799198003,-1.2599709188199202,-0.8038614492791403,-2.151822595376341,baseline,dataset_low,8.663752421224618,7.221344622026615,eef_height_max_cm,20,20,0.8335123480676236
-0.005722807398101243,-1.5758280278522505,-0.0036171899080189923,-0.007979639356787395,baseline,dataset_low,0.03940491001607401,0.03368210261797277,eef_height_mean,20,20,0.8547692167433203
-0.0005690464888551661,-0.28689719004595265,0.0005868333774666608,-0.0017826531175006992,baseline,dataset_low,0.00274585393232196,0.002176807443466794,eef_height_min,20,20,0.7927623134719686
-0.013855031503124865,-1.2616950160744433,-0.007713772513527501,-0.020717828323965487,baseline,dataset_low,0.08389167027992422,0.07003663877679936,eef_height_range,20,20,0.8348461795389684
-0.001625780506833473,-1.3948807407927055,-0.0009327557065191177,-0.002340782476533352,baseline,dataset_low,0.004300737061109311,0.002674956554275838,eef_pos_endpoint_delta,20,20,0.6219771858859032
-0.23220835842831059,-2.3435536219205866,-0.17153188379122053,-0.29052478630934203,baseline,dataset_low,0.45335894990130016,0.22115059147298957,eef_pos_max_speed,20,20,0.4878046339287875
-0.2875835473877118,-4.397530124147363,-0.24506306401728378,-0.3254699846003987,baseline,dataset_low,0.5974707431079492,0.30988719572023743,eef_pos_mean_jerk,20,20,0.5186650628641699
-0.01138524673371561,-2.5212601442887177,-0.008600770170177297,-0.014080157615118822,baseline,dataset_low,0.07065499049437389,0.05926974376065828,eef_pos_mean_speed,20,20,0.8388614159783045
-0.6599596275397221,-2.6514998833116366,-0.5144769537628268,-0.8191696984790331,baseline,dataset_low,1.6982920406445534,1.0383324131048313,eef_pos_p95_jerk,20,20,0.6113980352853636
-0.012779706203609742,-0.9123298128810178,-0.00468245608129146,-0.021601988597788533,baseline,dataset_low,0.18484010925466335,0.1720604030510536,eef_pos_p95_speed,20,20,0.930860755472666
-0.0656625302256914,-2.0224143059843875,-0.04611757671539252,-0.08582281527158332,baseline,dataset_low,0.5214385151101536,0.4557759848844622,eef_pos_path_len,20,20,0.8740742636692977
-2.996996531449412,-1.3853277157659276,-1.7107117238232827,-4.328323574330361,baseline,dataset_low,8.046078121580566,5.049081590131154,eef_pos_speed_spikiness,20,20,0.6275208266141103
-0.32187418207676366,-0.20468468259130987,0.69076753089434,-1.2173016333988764,baseline,dataset_low,4.414458996249811,4.092584814173048,state_endpoint_delta,20,20,0.927086380999106
-74.78694866238035,-1.8245588317674117,-51.53728050983472,-100.14852492738603,baseline,dataset_low,223.50364958498147,148.71670092260112,state_max_speed,20,20,0.6653882440044969
-147.30337415836493,-4.297924795650242,-126.48732810020691,-168.90766889813,baseline,dataset_low,339.72244848514345,192.4190743267785,state_mean_jerk,20,20,0.5664008227573141
-6.07336679062098,-2.228906144601697,-4.355627259705061,-7.748724477411835,baseline,dataset_low,45.310541691905975,39.237174901284995,state_mean_speed,20,20,0.8659612848908954
-407.1290022508207,-3.3865027082255224,-336.87253629692344,-484.32576549196915,baseline,dataset_low,991.3360200601313,584.2070178093106,state_p95_jerk,20,20,0.5893128121965964
-8.408579687338758,-0.8897526546526511,-2.4510092048334395,-14.191094052206436,baseline,dataset_low,119.24226622017895,110.83368653284019,state_p95_speed,20,20,0.9294832281105151
-31.99604440381512,-1.5795472295591895,-19.29417231660123,-43.9271548600592,baseline,dataset_low,334.1225475945717,302.1265031907566,state_path_len,20,20,0.9042385955895383
-1.3516593424673378,-1.0694314332660777,-0.6008787719010306,-2.1165485506681954,baseline,dataset_low,6.044735331863164,4.693075989395826,state_speed_spikiness,20,20,0.7763906497102788
-5.361012041410489,-1.5617659256964198,-3.284522462150776,-7.426892484665601,eval_high,eval_low,10.418846081982434,5.057834040571945,action_endpoint_delta,20,20,0.48545050055630207
-40.10977145032217,-0.30535263626300946,36.49881951786309,-124.18084696314492,eval_high,eval_low,368.3540647045881,328.2442932542659,action_max_speed,20,20,0.891110821645472
-6.880914953274441,-0.09077890434765469,38.10809014092742,-53.88629476899909,eval_high,eval_low,738.536728345274,731.6558133919996,action_mean_jerk,20,20,0.9906830429833893
3.275929777839245,0.9602582265662841,5.208453933286935,1.2485167182961108,eval_high,eval_low,60.27712375341703,63.553053531256275,action_mean_speed,20,20,1.054347811795019
-132.8433412198101,-0.28570627406916405,146.5903555731717,-411.356987340961,eval_high,eval_low,2599.28020988532,2466.43686866551,action_p95_jerk,20,20,0.9488922584359768
3.6285774459127254,0.35225632920277544,9.678228818552387,-2.664651297258408,eval_high,eval_low,143.64057211797214,147.26914956388487,action_p95_speed,20,20,1.0252615078884533
-16.096633696235813,-0.8224211958110721,-4.3986854823381965,-27.15529508684606,eval_high,eval_low,484.64867745032586,468.55204375409005,action_path_len,20,20,0.9667870058356788
-1.5581353675387613,-0.53235940885853,0.07788919648561901,-3.454715211084553,eval_high,eval_low,8.185985124330312,6.627849756791551,action_speed_spikiness,20,20,0.8096581728441862
-0.6649999141693126,-1.2346032199530916,-0.3266665929555893,-0.9683331274986275,eval_high,eval_low,8.061666536331177,7.396666622161865,duration_s,20,20,0.9175108632504837
-0.002218362326083293,-0.9675238327940134,-0.0007699956528008081,-0.003520796913416456,eval_high,eval_low,0.006850285687490613,0.00463192336140732,eef_displacement_final,20,20,0.6761654639033663
-0.03289629692387147,-3.394885008401802,-0.02687768262832091,-0.03841849680609885,eval_high,eval_low,0.1629777369566884,0.13008144003281694,eef_displacement_max,20,20,0.7981546711857925
-0.025240103264819597,-5.621397631290442,-0.022569025868269345,-0.028046194652464086,eval_high,eval_low,0.09918397398322736,0.07394387071840776,eef_displacement_mean,20,20,0.7455223892893044
0.0,nan,0.0,0.0,eval_high,eval_low,0.0,0.0,eef_displacement_min,20,20,1.0
-0.03289629692387147,-3.394885008401802,-0.02687768262832091,-0.03841849680609885,eval_high,eval_low,0.1629777369566884,0.13008144003281694,eef_displacement_range,20,20,0.7981546711857925
-0.0002730671439190799,-0.22295064021249192,0.0004883994060792639,-0.000942971958486809,eval_high,eval_low,0.017759828265816974,0.017486761121897895,eef_height_final,20,20,0.9846244577325537
-0.05293928431010601,-2.916383721075919,-0.041662397836302316,-0.06295592821336383,eval_high,eval_low,0.12951338705355733,0.07657410274345132,eef_height_max,20,20,0.5912447243723044
-5.293928431010599,-2.9163837210759183,-4.16623978363023,-6.295592821336382,eval_high,eval_low,12.951338705355733,7.657410274345134,eef_height_max_cm,20,20,0.5912446931270616
-0.02204845012049325,-4.275924171109014,-0.018710697233763104,-0.024942165413535437,eval_high,eval_low,0.05758800307795205,0.0355395529574588,eef_height_mean,20,20,0.617134730961318
-0.0020103797667664182,-1.144498424816662,-0.0009571241638489931,-0.0030672834928197816,eval_high,eval_low,0.004614912647748307,0.0026045328809818887,eef_height_min,20,20,0.5643741141040979
-0.05092890454333959,-2.911068757582655,-0.04002279020093027,-0.060509118352047545,eval_high,eval_low,0.12489847440580903,0.07396956986246944,eef_height_range,20,20,0.5922376097225813
-0.002218362326083293,-0.9675238327940134,-0.0007699956528008081,-0.003520796913416456,eval_high,eval_low,0.006850285687490613,0.00463192336140732,eef_pos_endpoint_delta,20,20,0.6761654639033663
-0.005228861803577511,-0.029185815780814618,0.10489363430873211,-0.11004044187903551,eval_high,eval_low,0.46091009231616703,0.4556812305125895,eef_pos_max_speed,20,20,0.9886553543146452
-0.05027988229210889,-0.7541668328129045,-0.00915950730249592,-0.08993728589113487,eval_high,eval_low,0.5805394032795765,0.5302595209874676,eef_pos_mean_jerk,20,20,0.9133910960358947
-0.010816191123771787,-2.7106292007687305,-0.008351543119856463,-0.013077527958798107,eval_high,eval_low,0.07516957653696561,0.06435338541319383,eef_pos_mean_speed,20,20,0.8561094769564446
-0.16408760830932678,-0.8097568224933228,-0.04956232899948087,-0.2827223644800079,eval_high,eval_low,1.642420026446257,1.4783324181369302,eef_pos_p95_jerk,20,20,0.9000940047806729
-0.01777984735353319,-1.2065195732222564,-0.008852323716379049,-0.02697455341864061,eval_high,eval_low,0.1982545111120926,0.18047466375855942,eef_pos_p95_speed,20,20,0.9103180736873057
-0.1308569728603422,-2.8389469226416137,-0.10320857746405727,-0.15737727283652153,eval_high,eval_low,0.6061161333269898,0.47525916046664757,eef_pos_path_len,20,20,0.7841057785689978
2.1598878639610053,0.6720551000827256,4.120702908818904,0.21069326853472273,eval_high,eval_low,7.277925421478486,9.437813285439491,eef_pos_speed_spikiness,20,20,1.2967724641171863
-1.0980576865707512,-0.6766528336829193,-0.09596078897559465,-2.036130340010616,eval_high,eval_low,6.097245789914251,4.9991881033435,state_endpoint_delta,20,20,0.8199092307241093
-11.427389068890449,-0.19749426548920654,21.346336356569964,-45.22734658965531,eval_high,eval_low,221.6544807757506,210.22709170686016,state_max_speed,20,20,0.9484450346846989
-14.133117736354166,-0.44433666620986606,4.330589691177106,-33.13677468161241,eval_high,eval_low,315.4316718864619,301.29855415010775,state_mean_jerk,20,20,0.9551943606316323
0.050701079346666234,0.020062548284854004,1.5396663267449764,-1.4581665957022045,eval_high,eval_low,43.8310777049944,43.881778784341066,state_mean_speed,20,20,1.001156738140831
-63.18560037568136,-0.6241875821327945,-4.192913308512267,-126.34710054904129,eval_high,eval_low,858.5710087296457,795.3854083539643,state_p95_jerk,20,20,0.9264060867039573
7.353087185824393,0.7571982228981489,13.02917341505065,1.3750434830464058,eval_high,eval_low,113.82813082497293,121.18121801079732,state_p95_speed,20,20,1.0645981545325105
-28.551837540395127,-2.0093395405304286,-19.883915317823355,-36.94219470702882,eval_high,eval_low,352.1903261221934,323.6384885817983,state_path_len,20,20,0.9189306593001697
-0.23047658301188267,-0.1330640685024427,0.7650264890293409,-1.2475794272350316,eval_high,eval_low,6.209150765144404,5.978674182132521,state_speed_spikiness,20,20,0.9628811424688712
1.987351703879579,0.42539492558478226,4.7543236390749914,-0.9662555244014039,eval_high,paper_low,10.418846081982434,12.406197785862012,action_endpoint_delta,20,20,1.1907458548033354
4.9493915491140115,0.034081763481723544,92.75774322880241,-83.39406934544812,eval_high,paper_low,368.3540647045881,373.3034562537021,action_max_speed,20,20,1.0134365058600587
152.43929217901223,2.682732555100185,185.96310300736474,117.16953915542122,eval_high,paper_low,738.536728345274,890.9760205242862,action_mean_jerk,20,20,1.2064071918515082
2.1934757974624404,0.8007948103038329,3.8003156001438407,0.5370778620873156,eval_high,paper_low,60.27712375341703,62.47059955087947,action_mean_speed,20,20,1.0363898550646122
345.05483648564586,0.6691288461667004,657.1286428009887,30.781879638082117,eval_high,paper_low,2599.28020988532,2944.3350463709658,action_p95_jerk,20,20,1.1327501495114074
2.9424867710538933,0.28698719862060695,8.861702278381744,-3.399889220112653,eval_high,paper_low,143.64057211797214,146.58305888902603,action_p95_speed,20,20,1.0204850671886239
-47.2450246803578,-1.8271139773299352,-30.73713478934106,-62.341685390558546,eval_high,paper_low,484.64867745032586,437.40365276996806,action_path_len,20,20,0.9025169635705333
-0.3891512957322556,-0.11827320628907799,1.596482044232038,-2.3998895254287302,eval_high,paper_low,8.185985124330312,7.796833828598056,action_speed_spikiness,20,20,0.9524612750516444
-1.0433332443237315,-1.7295373153871072,-0.6749999517202377,-1.3883332276344302,eval_high,paper_low,8.061666536331177,7.018333292007446,duration_s,20,20,0.8705809477075744
-0.002113209113601973,-0.8844616871604196,-0.0005732753834588804,-0.0034652140080284046,eval_high,paper_low,0.006850285687490613,0.00473707657388864,eef_displacement_final,20,20,0.6915156352358741
-0.03459760129586115,-3.8683719069794815,-0.029066327678048655,-0.039917382967950714,eval_high,paper_low,0.1629777369566884,0.12838013566082726,eef_displacement_max,20,20,0.7877157959174911
-0.017782279254101807,-4.136122537318247,-0.01506357378735761,-0.020436348129006278,eval_high,paper_low,0.09918397398322736,0.08140169472912555,eef_displacement_mean,20,20,0.820714206669608
0.0,nan,0.0,0.0,eval_high,paper_low,0.0,0.0,eef_displacement_min,20,20,1.0
-0.03459760129586115,-3.8683719069794815,-0.029066327678048655,-0.039917382967950714,eval_high,paper_low,0.1629777369566884,0.12838013566082726,eef_displacement_range,20,20,0.7877157959174911
0.00030049476050799176,0.28361786022818647,0.0009753577039679153,-0.0003015662207658783,eval_high,paper_low,0.017759828265816974,0.018060323026324966,eef_height_final,20,20,1.0169199041123231
-0.04662679250736995,-2.8566585840355434,-0.03610298584740775,-0.055936358847209246,eval_high,paper_low,0.12951338705355733,0.08288659454618738,eef_height_max,20,20,0.6399847925532484
-4.6626792507369945,-2.856658584035544,-3.6102985847407774,-5.593635884720923,eval_high,paper_low,12.951338705355733,8.288659454618738,eef_height_max_cm,20,20,0.6399847650336952
-0.014638217981206895,-3.2515050255281626,-0.01179385202282012,-0.01722711772278003,eval_high,paper_low,0.05758800307795205,0.04294978509674516,eef_height_mean,20,20,0.7458113729085883
0.0005779361511233511,0.4590429459238769,0.0013297594355954022,-0.00019108804343210406,eval_high,paper_low,0.004614912647748307,0.005192848798871658,eef_height_min,20,20,1.125232034258545
-0.04720472865849332,-2.8813995105715415,-0.03668025721119551,-0.05653847709118658,eval_high,paper_low,0.12489847440580903,0.07769374574731572,eef_height_range,20,20,0.6220552324308443
-0.002113209113601973,-0.8844616871604196,-0.0005732753834588804,-0.0034652140080284046,eval_high,paper_low,0.006850285687490613,0.00473707657388864,eef_pos_endpoint_delta,20,20,0.6915156352358741
-0.13066328880337186,-0.8728491762516623,-0.041400272601032156,-0.2221862114871588,eval_high,paper_low,0.46091009231616703,0.3302468035127952,eef_pos_max_speed,20,20,0.7165102518977947
-0.03763921083440547,-0.6217125307384739,-0.002773179154367217,-0.07346061644251703,eval_high,paper_low,0.5805394032795765,0.5429001924451711,eef_pos_mean_jerk,20,20,0.9351651068412832
-0.0071294290639053876,-2.232524814196709,-0.005101229060829164,-0.0089731776656451,eval_high,paper_low,0.07516957653696561,0.06804014747306023,eef_pos_mean_speed,20,20,0.9051554040356548
-0.02957777982281873,-0.13417029682281506,0.10169706720222026,-0.16094893590617362,eval_high,paper_low,1.642420026446257,1.6128422466234382,eef_pos_p95_jerk,20,20,0.9819913425515577
-0.010501899993151986,-0.7845366556461836,-0.0025578044992174685,-0.018616446059842376,eval_high,paper_low,0.1982545111120926,0.18775261111894062,eef_pos_p95_speed,20,20,0.9470281941907683
-0.12959616806204716,-2.878671197539973,-0.10217547231967694,-0.15656605966588263,eval_high,paper_low,0.6061161333269898,0.4765199652649426,eef_pos_path_len,20,20,0.7861859158697045
-1.1103036825600174,-0.43876874268917054,0.386229091910517,-2.6571588086547977,eval_high,paper_low,7.277925421478486,6.167621738918468,eef_pos_speed_spikiness,20,20,0.8474422837917889
-1.0975894792633811,-0.6922178246877252,-0.10531255531959809,-2.043891284428688,eval_high,paper_low,6.097245789914251,4.99965631065087,state_endpoint_delta,20,20,0.8199860206917003
-1.861062620743695,-0.027622359345055046,38.165637891052555,-42.726637353510235,eval_high,paper_low,221.6544807757506,219.79341815500692,state_max_speed,20,20,0.9916037672049474
25.645300789124008,0.6693925465573521,48.44078064990108,3.3371977732167366,eval_high,paper_low,315.4316718864619,341.0769726755859,state_mean_jerk,20,20,1.0813022377712973
0.8227975934594056,0.35457342866670527,2.197043693301778,-0.6412895221395345,eval_high,paper_low,43.8310777049944,44.653875298453805,state_mean_speed,20,20,1.0187720137480885
116.57730210734826,0.8751191543755399,195.39650690796805,36.0565405691774,eval_high,paper_low,858.5710087296457,975.1483108369939,state_p95_jerk,20,20,1.1357806179345376
1.4452521762405297,0.16567545981062054,6.652088539120756,-3.6841810464181717,eval_high,paper_low,113.82813082497293,115.27338300121346,state_p95_speed,20,20,1.0126967926613488
-39.80645086786802,-2.4576145607228588,-30.166112492333045,-49.49167768159852,eval_high,paper_low,352.1903261221934,312.3838752543254,state_path_len,20,20,0.8869746045979502
-0.1867737576304025,-0.0964189775946797,0.9864926251195796,-1.330969366818707,eval_high,paper_low,6.209150765144404,6.0223770075140015,state_speed_spikiness,20,20,0.9699195969957649
2.39499231780092,0.6056080540288293,4.728712905847194,-0.07113789119114557,eval_high,paper_high,10.418846081982434,12.813838399783354,action_endpoint_delta,20,20,1.2298711677528211
5.991540160744478,0.05037573209731586,73.02448332002498,-70.7693366979161,eval_high,paper_high,368.3540647045881,374.3456048653326,action_max_speed,20,20,1.0162657093668477
7.935757324600672,0.148401502145656,39.86136330783413,-24.197497992960024,eval_high,paper_high,738.536728345274,746.4724856698747,action_mean_jerk,20,20,1.0107452439667741
0.9917445100195508,0.3157797456989782,2.8531901352471665,-0.9847797357291656,eval_high,paper_high,60.27712375341703,61.26886826343658,action_mean_speed,20,20,1.016453082829766
-154.72801509095916,-0.36212748439313497,91.64937774130847,-395.72569068683663,eval_high,paper_high,2599.28020988532,2444.5521947943607,action_p95_jerk,20,20,0.9404727453000573
-3.2728899938144593,-0.29494741545267383,3.542084916222026,-9.747545330632276,eval_high,paper_high,143.64057211797214,140.36768212415768,action_p95_speed,20,20,0.9772147246051166
-32.048117737156645,-1.3872179267955498,-17.929361145046823,-45.51583321855892,eval_high,paper_high,484.64867745032586,452.6005597131692,action_path_len,20,20,0.9338735062579838
-0.24490803100976777,-0.08715116104296489,1.3420435885244777,-2.0220267486955055,eval_high,paper_high,8.185985124330312,7.941077093320544,action_speed_spikiness,20,20,0.9700820332567335
-0.6449998855590824,-1.035642982242891,-0.25829156279563925,-1.0083749181032189,eval_high,paper_high,8.061666536331177,7.416666650772095,duration_s,20,20,0.9199917434128283
-0.0026332000971028722,-1.4335152424593487,-0.0014413900759289054,-0.0036363508554232357,eval_high,paper_high,0.006850285687490613,0.004217085590387741,eef_displacement_final,20,20,0.6156078193950981
-0.02073145009523844,-1.9980371574119573,-0.014392972916180226,-0.026898703817274782,eval_high,paper_high,0.1629777369566884,0.14224628686144997,eef_displacement_max,20,20,0.8727958234644889
-0.00925266576789377,-1.7591497234657831,-0.006146259180689864,-0.012464700456643076,eval_high,paper_high,0.09918397398322736,0.08993130821533359,eef_displacement_mean,20,20,0.9067120980998459
0.0,nan,0.0,0.0,eval_high,paper_high,0.0,0.0,eef_displacement_min,20,20,1.0
-0.02073145009523844,-1.9980371574119573,-0.014392972916180226,-0.026898703817274782,eval_high,paper_high,0.1629777369566884,0.14224628686144997,eef_displacement_range,20,20,0.8727958234644889
0.00012495706270002419,0.12066963732209278,0.0008083707251706168,-0.0004452019354637173,eval_high,paper_high,0.017759828265816974,0.017884785328517,eef_height_final,20,20,1.0070359347213502
-0.02870143124474174,-1.4146963136300543,-0.016279259136214214,-0.04060977996100592,eval_high,paper_high,0.12951338705355733,0.10081195580881559,eef_height_max,20,20,0.7783902523005175
-2.8701431244741737,-1.4146963136300545,-1.6279259136214175,-4.060977996100591,eval_high,paper_high,12.951338705355733,10.081195580881559,eef_height_max_cm,20,20,0.7783902353606741
-0.010061134476459871,-1.6393862307527725,-0.00623752111944862,-0.013674572379718872,eval_high,paper_high,0.05758800307795205,0.04752686860149218,eef_height_mean,20,20,0.8252911684443608
-0.0011394288193333911,-0.7709991506152982,-0.00026191402659927413,-0.0020102694166951826,eval_high,paper_high,0.004614912647748307,0.003475483828414916,eef_height_min,20,20,0.7530990427565809
-0.027562002425408363,-1.3610456799799238,-0.015047964555997332,-0.03956197231641533,eval_high,paper_high,0.12489847440580903,0.09733647198040067,eef_height_range,20,20,0.7793247647757169
-0.0026332000971028722,-1.4335152424593487,-0.0014413900759289054,-0.0036363508554232357,eval_high,paper_high,0.006850285687490613,0.004217085590387741,eef_pos_endpoint_delta,20,20,0.6156078193950981
-0.08111228264435172,-0.530898754205859,0.007888882236664462,-0.17390637079063317,eval_high,paper_high,0.46091009231616703,0.3797978096718153,eef_pos_max_speed,20,20,0.8240171299419431
-0.043149426859517725,-0.8062615395677809,-0.011546983948837597,-0.07545637096385505,eval_high,paper_high,0.5805394032795765,0.5373899764200588,eef_pos_mean_jerk,20,20,0.9256735617384555
-0.005915647944773797,-1.7561328868270392,-0.0038014029194851067,-0.007986469075449342,eval_high,paper_high,0.07516957653696561,0.06925392859219182,eef_pos_mean_speed,20,20,0.9213026409043144
-0.08824685684370714,-0.367046082564173,0.049493237550852845,-0.2340686541136417,eval_high,paper_high,1.642420026446257,1.5541731696025498,eef_pos_p95_jerk,20,20,0.9462702263212467
-0.012416319469413045,-0.8756920621731492,-0.003950131433672994,-0.021204405466583306,eval_high,paper_high,0.1982545111120926,0.18583819164267956,eef_pos_p95_speed,20,20,0.937371821839095
-0.0931025512383119,-1.8803097785566214,-0.06308012902469744,-0.12177685221193776,eval_high,paper_high,0.6061161333269898,0.5130135820886779,eef_pos_path_len,20,20,0.8463948662920127
-0.6280734607761334,-0.24557013158438953,0.8977041156470317,-2.1874920862130356,eval_high,paper_high,7.277925421478486,6.649851960702352,eef_pos_speed_spikiness,20,20,0.9137015806647881
-0.053213885877110734,-0.04202094551016045,0.7018814302916628,-0.8315548157987134,eval_high,paper_high,6.097245789914251,6.044031904037141,state_endpoint_delta,20,20,0.9912724716005612
-13.595638065547035,-0.19040954747062397,29.579498774227773,-56.60056506034518,eval_high,paper_high,221.6544807757506,208.05884271020358,state_max_speed,20,20,0.9386629225028459
-4.353067117005537,-0.11607982983583325,17.959196564896484,-26.96534284535087,eval_high,paper_high,315.4316718864619,311.0786047694564,state_mean_jerk,20,20,0.9861996511294072
1.054611251949467,0.41338851837681734,2.5452608307537687,-0.5101118764581544,eval_high,paper_high,43.8310777049944,44.885688956943866,state_mean_speed,20,20,1.0240608104324274
145.61629471465733,0.9794723942249296,235.3910826223827,56.21230997788615,eval_high,paper_high,858.5710087296457,1004.187303444303,state_p95_jerk,20,20,1.1696030884252862
4.959224571796426,0.5359626524723973,10.147490489311105,-0.7078862438285622,eval_high,paper_high,113.82813082497293,118.78735539676936,state_p95_speed,20,20,1.043567653579292
-20.56325701489743,-1.184355554629112,-9.996548817915098,-30.61742924295796,eval_high,paper_high,352.1903261221934,331.627069107296,state_path_len,20,20,0.9416132258920165
-0.3472399188936901,-0.15851191959829247,0.985913091152866,-1.6626873040494023,eval_high,paper_high,6.209150765144404,5.861910846250714,state_speed_spikiness,20,20,0.944076101311034
-3.94972346454263,-1.0134702005275067,-1.71978550137531,-6.283769972365383,eval_high,dataset_high,10.418846081982434,6.469122617439804,action_endpoint_delta,20,20,0.6209058633103293
-110.35984933602589,-0.9956090132151548,-50.46907958290762,-184.14670267712617,eval_high,dataset_high,368.3540647045881,257.9942153685622,action_max_speed,20,20,0.7003973624628357
-472.4709816753429,-12.484519743183883,-449.46455545594563,-495.33152554161376,eval_high,dataset_high,738.536728345274,266.0657466699311,action_mean_jerk,20,20,0.3602606836798235
-12.856972694432663,-4.776462232617735,-11.307363551246574,-14.511203281165932,eval_high,dataset_high,60.27712375341703,47.420151058984366,action_mean_speed,20,20,0.7867022861791603
-1681.8368571367923,-4.811023377393681,-1479.5079250156937,-1889.1596458525396,eval_high,dataset_high,2599.28020988532,917.4433527485274,action_p95_jerk,20,20,0.3529605424093447
-26.778356698489702,-3.0708130318569626,-21.502924173528147,-32.03565056540957,eval_high,dataset_high,143.64057211797214,116.86221541948244,action_p95_speed,20,20,0.8135738649479037
-33.17185009213961,-1.413927034866526,-18.714238151321055,-46.667231326555644,eval_high,dataset_high,484.64867745032586,451.47682735818626,action_path_len,20,20,0.9315548527523732
-1.5384358866451304,-0.5761230046069077,-0.0856151667825244,-3.3293866754921795,eval_high,dataset_high,8.185985124330312,6.6475492376851815,action_speed_spikiness,20,20,0.8120646615648919
1.473333549499511,2.6718247286282475,1.8200001484155652,1.1600003671646109,eval_high,dataset_high,8.061666536331177,9.535000085830688,duration_s,20,20,1.1827579373361725
-0.0035852448421110125,-2.0333247092241864,-0.002491922429611455,-0.0045975411311287425,eval_high,dataset_high,0.006850285687490613,0.003265040845379601,eef_displacement_final,20,20,0.4766291842470303
-0.006303005206822615,-0.6297997321316223,-7.673279666129865e-05,-0.012122230445385648,eval_high,dataset_high,0.1629777369566884,0.1566747317498658,eef_displacement_max,20,20,0.9613259765549609
-0.021709146351642533,-4.285757097882698,-0.01863645468596066,-0.024729030317347894,eval_high,dataset_high,0.09918397398322736,0.07747482763158482,eef_displacement_mean,20,20,0.7811224607058163
0.0,nan,0.0,0.0,eval_high,dataset_high,0.0,0.0,eef_displacement_min,20,20,1.0
-0.006303005206822615,-0.6297997321316223,-7.673279666129865e-05,-0.012122230445385648,eval_high,dataset_high,0.1629777369566884,0.1566747317498658,eef_displacement_range,20,20,0.9613259765549609
-0.0013450801884387978,-1.6200145789658746,-0.0008650323670254743,-0.0018752730698281836,eval_high,dataset_high,0.017759828265816974,0.016414748077378177,eef_height_final,20,20,0.9242628131908316
-0.0013565577843888954,-0.0916637769342761,0.0082208080293981,-0.009346259511544766,eval_high,dataset_high,0.12951338705355733,0.12815682926916844,eef_height_max,20,20,0.9895257338989578
-0.13565577843888832,-0.09166377693427531,0.8220808029398129,-0.9346259511544754,eval_high,dataset_high,12.951338705355733,12.815682926916844,eef_height_max_cm,20,20,0.9895257330983053
-0.008535263895975406,-1.9667069442159115,-0.005759302027561856,-0.011005612109632011,eval_high,dataset_high,0.05758800307795205,0.04905273918197665,eef_height_mean,20,20,0.8517874911846336
-0.002852659971704305,-1.5500741689314295,-0.0017352610072783625,-0.003982143127175942,eval_high,dataset_high,0.004614912647748307,0.0017622526760440016,eef_height_min,20,20,0.3818618014981978
0.0014961021873153846,0.10380124025920166,0.010737195850872207,-0.006331449960550955,eval_high,dataset_high,0.12489847440580903,0.12639457659312442,eef_height_range,20,20,1.0119785455718933
-0.0035852448421110125,-2.0333247092241864,-0.002491922429611455,-0.0045975411311287425,eval_high,dataset_high,0.006850285687490613,0.003265040845379601,eef_pos_endpoint_delta,20,20,0.4766291842470303
-0.22746718588724993,-1.6721044319812124,-0.14880990165453645,-0.31134354029699174,eval_high,dataset_high,0.46091009231616703,0.2334429064289171,eef_pos_max_speed,20,20,0.5064825336997799
-0.2774829087978921,-5.911308850818008,-0.24907517400435772,-0.30477604745784653,eval_high,dataset_high,0.5805394032795765,0.3030564944816844,eef_pos_mean_jerk,20,20,0.5220257187529458
-0.011162147417944579,-3.0259035147474314,-0.008925472403251734,-0.013412452525184235,eval_high,dataset_high,0.07516957653696561,0.06400742911902103,eef_pos_mean_speed,20,20,0.8515071329751768
-0.6534910898876498,-3.674496530267393,-0.5471594732471486,-0.7654243966663864,eval_high,dataset_high,1.642420026446257,0.9889289365586071,eef_pos_p95_jerk,20,20,0.6021169521886595
-0.025097863761558648,-1.7085055215708103,-0.016065220059684086,-0.033986753528391055,eval_high,dataset_high,0.1982545111120926,0.17315664735053396,eef_pos_p95_speed,20,20,0.8734058440595744
0.003623522790283329,0.07327473044615837,0.033728216165264654,-0.024596597765263094,eval_high,dataset_high,0.6061161333269898,0.6097396561172731,eef_pos_path_len,20,20,1.0059782647767699
-3.304888234631547,-1.4850289692031469,-2.0234962768047744,-4.721591576743272,eval_high,dataset_high,7.277925421478486,3.9730371868469385,eef_pos_speed_spikiness,20,20,0.5459024325342434
-1.3349394664223482,-0.8110268689301163,-0.31429220186587425,-2.2910071503844907,eval_high,dataset_high,6.097245789914251,4.762306323491903,state_endpoint_delta,20,20,0.781058610685972
-67.87844110292019,-1.3423178907477344,-39.05163363308141,-97.99398401467849,eval_high,dataset_high,221.6544807757506,153.77603967283042,state_max_speed,20,20,0.6937646337565766
-141.51509991092993,-5.5839044836520735,-126.58406628925697,-156.54327056468472,eval_high,dataset_high,315.4316718864619,173.91657197553198,state_mean_jerk,20,20,0.5513605242615548
-7.356032828915332,-3.0579627427193734,-5.968891339536486,-8.8072152563036,eval_high,dataset_high,43.8310777049944,36.47504487607907,state_mean_speed,20,20,0.8321731243583165
-329.8765042978773,-3.618558011888581,-277.5447881917192,-388.61931417446533,eval_high,dataset_high,858.5710087296457,528.6945044317683,state_p95_jerk,20,20,0.6157842497126413
-12.752144833251961,-1.3976009695519438,-7.422093926389013,-18.264266547905887,eval_high,dataset_high,113.82813082497293,101.07598599172097,state_p95_speed,20,20,0.8879701815385169
-4.707484182817609,-0.2242452846707168,8.191586368211592,-17.18137460743182,eval_high,dataset_high,352.1903261221934,347.4828419393758,state_path_len,20,20,0.986633692541996
-1.4639087166136457,-0.9836116575874011,-0.6200612878895987,-2.353331021420379,eval_high,dataset_high,6.209150765144404,4.745242048530758,state_speed_spikiness,20,20,0.7642336658221027
-5.499366622951775,-1.6218722185065173,-3.501949530539851,-7.613806196757976,eval_high,dataset_low,10.418846081982434,4.919479459030659,action_endpoint_delta,20,20,0.4721712390795678
-106.15299040965743,-0.966909830288402,-45.06161789296552,-178.3965297316828,eval_high,dataset_low,368.3540647045881,262.20107429493066,action_max_speed,20,20,0.7118180561088474
-433.85678498820005,-11.990905927269548,-412.1156528422137,-456.4670005309235,eval_high,dataset_low,738.536728345274,304.67994335707397,action_mean_jerk,20,20,0.41254541808042255
-7.801642102994293,-3.1349474569086624,-6.296525442983676,-9.303857225155365,eval_high,dataset_low,60.27712375341703,52.475481650422736,action_mean_speed,20,20,0.8705704317675288
-1551.9941894548188,-4.466913340425737,-1351.4326874593378,-1756.0744454408893,eval_high,dataset_low,2599.28020988532,1047.2860204305011,action_p95_jerk,20,20,0.40291385917283545
-15.587414405626305,-2.1763661228270803,-11.3120301081129,-19.8662921564189,eval_high,dataset_low,143.64057211797214,128.05315771234584,action_p95_speed,20,20,0.8914832057913332
-81.03201697683824,-3.574421687363018,-67.48061888317442,-94.52070119375487,eval_high,dataset_low,484.64867745032586,403.6166604734876,action_path_len,20,20,0.8328025624634627
-1.9958232360217085,-0.7389999063048021,-0.5601300531027952,-3.7931175863769675,eval_high,dataset_low,8.185985124330312,6.190161888308603,action_speed_spikiness,20,20,0.7561902198366275
-0.36666657924652135,-0.740597251766692,-0.05995823144912722,-0.6416665792465199,eval_high,dataset_low,8.061666536331177,7.694999957084656,duration_s,20,20,0.9545172729311918
-0.004175329133214775,-2.8232932506241135,-0.003278575777593861,-0.005014171743887006,eval_high,dataset_low,0.006850285687490613,0.002674956554275838,eef_displacement_final,20,20,0.39048921043811563
-0.040571806394524235,-4.06291299690509,-0.03461897276129799,-0.04639368916011131,eval_high,dataset_low,0.1629777369566884,0.12240593056216417,eef_displacement_max,20,20,0.751059226476445
-0.034507450352074726,-5.8668296108549285,-0.030770334693435406,-0.037864457256240394,eval_high,dataset_low,0.09918397398322736,0.06467652363115263,eef_displacement_mean,20,20,0.6520864663199034
0.0,nan,0.0,0.0,eval_high,dataset_low,0.0,0.0,eef_displacement_min,20,20,1.0
-0.040571806394524235,-4.06291299690509,-0.03461897276129799,-0.04639368916011131,eval_high,dataset_low,0.1629777369566884,0.12240593056216417,eef_displacement_range,20,20,0.751059226476445
-0.0017134037661238714,-2.794110561015745,-0.0013681000004568125,-0.002129365200509291,eval_high,dataset_low,0.017759828265816974,0.016046424499693103,eef_height_final,20,20,0.9035236841417794
-0.05729994083329118,-4.16111114888683,-0.048551406631004636,-0.06519213376369005,eval_high,dataset_low,0.12951338705355733,0.07221344622026615,eef_height_max,20,20,0.5575751842135984
-5.729994083329117,-4.16111114888683,-4.855140663100461,-6.519213376369002,eval_high,dataset_low,12.951338705355733,7.221344622026615,eef_height_max_cm,20,20,0.5575751503946569
-0.023905900459979285,-5.866426749312262,-0.021355524334140803,-0.026301081491251193,eval_high,dataset_low,0.05758800307795205,0.03368210261797277,eef_height_mean,20,20,0.5848806169502693
-0.002438105204281513,-1.4389519579272367,-0.0014532500822228471,-0.003505221538191712,eval_high,dataset_low,0.004614912647748307,0.002176807443466794,eef_height_min,20,20,0.47169099237858236
-0.054861835629009675,-4.041359952991564,-0.046225819223868585,-0.06244263394448259,eval_high,dataset_low,0.12489847440580903,0.07003663877679936,eef_height_range,20,20,0.5607485880232342
-0.004175329133214775,-2.8232932506241135,-0.003278575777593861,-0.005014171743887006,eval_high,dataset_low,0.006850285687490613,0.002674956554275838,eef_pos_endpoint_delta,20,20,0.39048921043811563
-0.23975950084317746,-1.771953849655959,-0.1610178893480526,-0.32254514195360473,eval_high,dataset_low,0.46091009231616703,0.22115059147298957,eef_pos_max_speed,20,20,0.47981287535608963
-0.2706522075593391,-5.665149767255157,-0.24282479166094986,-0.29841839000890236,eval_high,dataset_low,0.5805394032795765,0.30988719572023743,eef_pos_mean_jerk,20,20,0.5337918470851551
-0.015899832776307334,-4.603358292060362,-0.01389445978132808,-0.017876889691232366,eval_high,dataset_low,0.07516957653696561,0.05926974376065828,eef_pos_mean_speed,20,20,0.7884805077584353
-0.6040876133414257,-3.234179332546253,-0.49874813333949525,-0.7199444403518483,eval_high,dataset_low,1.642420026446257,1.0383324131048313,eef_pos_p95_jerk,20,20,0.6321966367090209
-0.026194108061039,-1.7854466076620474,-0.017569456490094323,-0.035449358048690725,eval_high,dataset_low,0.1982545111120926,0.1720604030510536,eef_pos_p95_speed,20,20,0.8678763646140059
-0.15034014844252758,-3.406330775815756,-0.12461208922652149,-0.17667173042457124,eval_high,dataset_low,0.6061161333269898,0.4557759848844622,eef_pos_path_len,20,20,0.7519614844486635
-2.2288438313473318,-0.9581664019413133,-0.8817201161709469,-3.7072605915622545,eval_high,dataset_low,7.277925421478486,5.049081590131154,eef_pos_speed_spikiness,20,20,0.6937528623600435
-2.0046609757412037,-1.1775332512334498,-0.9085239613763814,-2.9373776795385194,eval_high,dataset_low,6.097245789914251,4.092584814173048,state_endpoint_delta,20,20,0.6712186056580831
-72.9377798531495,-1.4512284829207762,-44.056496076801146,-103.2762627961936,eval_high,dataset_low,221.6544807757506,148.71670092260112,state_max_speed,20,20,0.6709392943711769
-123.0125975596834,-4.680831989677769,-107.84661417545605,-138.78764283110723,eval_high,dataset_low,315.4316718864619,192.4190743267785,state_mean_jerk,20,20,0.6100182431900454
-4.593902803709405,-1.9719631171312948,-3.1568298040830154,-6.017133954536286,eval_high,dataset_low,43.8310777049944,39.237174901284995,state_mean_speed,20,20,0.8951907403787643
-274.363990920335,-2.81058646597981,-220.5010503065044,-335.26736819685823,eval_high,dataset_low,858.5710087296457,584.2070178093106,state_p95_jerk,20,20,0.6804411188736824
-2.9944442921327408,-0.35698235787282806,1.9509392365978566,-8.27195772693289,eval_high,dataset_low,113.82813082497293,110.83368653284019,state_p95_speed,20,20,0.9736932841629978
-50.063822931436846,-2.414475866121275,-37.18510145502634,-61.99851374509361,eval_high,dataset_low,352.1903261221934,302.1265031907566,state_path_len,20,20,0.8578500906562505
-1.516074775748578,-0.9947594138663709,-0.6142884550120352,-2.40354004369479,eval_high,dataset_low,6.209150765144404,4.693075989395826,state_speed_spikiness,20,20,0.7558321853259685
7.348363745290068,1.9981353132588844,9.602068592447706,5.044315644402945,eval_low,paper_low,5.057834040571945,12.406197785862012,action_endpoint_delta,20,20,2.452867704202179
45.05916299943618,0.36118944829114275,124.22174501914142,-27.031908780962002,eval_low,paper_low,328.2442932542659,373.3034562537021,action_max_speed,20,20,1.1372732563035286
159.32020713228667,1.9498043592375793,208.0776910824326,109.60029961780894,eval_low,paper_low,731.6558133919996,890.9760205242862,action_mean_jerk,20,20,1.2177529436846695
-1.0824539803768047,-0.3093424917035144,1.040787479011569,-3.2671706256325375,eval_low,paper_low,63.553053531256275,62.47059955087947,action_mean_speed,20,20,0.982967710911418
477.89817770545596,0.9412245358640887,785.0314487358157,170.40879596431148,eval_low,paper_low,2466.43686866551,2944.3350463709658,action_p95_jerk,20,20,1.1937605554696764
-0.686090674858832,-0.05487761962783393,6.8585435881879455,-8.48343586959802,eval_low,paper_low,147.26914956388487,146.58305888902603,action_p95_speed,20,20,0.9953412464399775
-31.14839098412199,-1.3238952747492778,-16.47699280313789,-44.99474939306936,eval_low,paper_low,468.55204375409005,437.40365276996806,action_path_len,20,20,0.9335220251439031
1.1689840718065057,0.4517966988172191,2.8569166454834067,-0.32393271835143783,eval_low,paper_low,6.627849756791551,7.796833828598056,action_speed_spikiness,20,20,1.176374557803593
-0.37833333015441895,-0.6966457989136181,-0.04333338618278555,-0.6950417172908783,eval_low,paper_low,7.396666622161865,7.018333292007446,duration_s,20,20,0.9488508339000481
0.00010515321248132006,0.03621813029623735,0.0018284921694517644,-0.0016845145829503993,eval_low,paper_low,0.00463192336140732,0.00473707657388864,eef_displacement_final,20,20,1.0227017973439436
-0.0017013043719896759,-0.19890844285702672,0.003399748396231997,-0.007049982389484061,eval_low,paper_low,0.13008144003281694,0.12838013566082726,eef_displacement_max,20,20,0.9869212376433345
0.0074578240107177896,1.7107829555506637,0.010230217195268326,0.004984540342141279,eval_low,paper_low,0.07394387071840776,0.08140169472912555,eef_displacement_mean,20,20,1.100857893016443
0.0,nan,0.0,0.0,eval_low,paper_low,0.0,0.0,eef_displacement_min,20,20,1.0
-0.0017013043719896759,-0.19890844285702672,0.003399748396231997,-0.007049982389484061,eval_low,paper_low,0.13008144003281694,0.12838013566082726,eef_displacement_range,20,20,0.9869212376433345
0.0005735619044270716,0.4092160248724357,0.0013965961391860053,-0.00028187050686976874,eval_low,paper_low,0.017486761121897895,0.018060323026324966,eef_height_final,20,20,1.032799760483445
0.006312491802736062,0.3985221344015513,0.015176029810602232,-0.0034906455542785307,eval_low,paper_low,0.07657410274345132,0.08288659454618738,eef_height_max,20,20,1.0824363688533356
0.6312491802736044,0.3985221344015502,1.5176029810602234,-0.34906455542785336,eval_low,paper_low,7.657410274345134,8.288659454618738,eef_height_max_cm,20,20,1.0824363795112475
0.007410232139286356,1.771089451425755,0.009821823308726422,0.004749436781837311,eval_low,paper_low,0.0355395529574588,0.04294978509674516,eef_height_mean,20,20,1.208506563464398
0.0025883159178897693,1.3319823619285998,0.003721130494820018,0.0014090312396985018,eval_low,paper_low,0.0026045328809818887,0.005192848798871658,eef_height_min,20,20,1.9937697462343174
0.003724175884846276,0.2447084295599758,0.012395577671430277,-0.005578068816812808,eval_low,paper_low,0.07396956986246944,0.07769374574731572,eef_height_range,20,20,1.0503473981029847
0.00010515321248132006,0.03621813029623735,0.0018284921694517644,-0.0016845145829503993,eval_low,paper_low,0.00463192336140732,0.00473707657388864,eef_pos_endpoint_delta,20,20,1.0227017973439436
-0.12543442699979435,-0.9262908505077025,-0.04579436172672465,-0.20903509286443098,eval_low,paper_low,0.4556812305125895,0.3302468035127952,eef_pos_max_speed,20,20,0.7247320805686561
0.012640671457703423,0.19327427220157037,0.05110048042920415,-0.02590192527939338,eval_low,paper_low,0.5302595209874676,0.5429001924451711,eef_pos_mean_jerk,20,20,1.0238386501684629
0.0036867620598663997,0.9225382581322967,0.006116916643345403,0.0013386966497544162,eval_low,paper_low,0.06435338541319383,0.06804014747306023,eef_pos_mean_speed,20,20,1.0572893168448192
0.13450982848650805,0.7216057757337973,0.25430679404866174,0.029887604937551146,eval_low,paper_low,1.4783324181369302,1.6128422466234382,eef_pos_p95_jerk,20,20,1.0909875383414434
0.007277947360381204,0.5395901876612859,0.015339232683474369,-0.0006786292297925174,eval_low,paper_low,0.18047466375855942,0.18775261111894062,eef_pos_p95_speed,20,20,1.040326696310407
0.0012608047982950454,0.03607721254097268,0.022818437718336054,-0.019030544537785184,eval_low,paper_low,0.47525916046664757,0.4765199652649426,eef_pos_path_len,20,20,1.002652878422224
-3.2701915465210227,-1.231765564841962,-1.765456936233641,-4.954844306268749,eval_low,paper_low,9.437813285439491,6.167621738918468,eef_pos_speed_spikiness,20,20,0.6535011401315562
0.0004682073073700721,0.0002392860807569975,1.178066953805162,-1.2005284297235643,eval_low,paper_low,4.9991881033435,4.99965631065087,state_endpoint_delta,20,20,1.000093656669194
9.566326448146754,0.17786242052112744,42.82149900638411,-22.435162393503003,eval_low,paper_low,210.22709170686016,219.79341815500692,state_max_speed,20,20,1.045504727150157
39.77841852547817,1.1011214198566694,61.37313873041543,18.641021845145936,eval_low,paper_low,301.29855415010775,341.0769726755859,state_mean_jerk,20,20,1.1320232638897438
0.7720965141127394,0.31164009082539096,2.274171748825003,-0.7133172156643062,eval_low,paper_low,43.881778784341066,44.653875298453805,state_mean_speed,20,20,1.0175949228888668
179.76290248302962,1.5508100256633242,250.16470917892644,113.20063231266957,eval_low,paper_low,795.3854083539643,975.1483108369939,state_p95_jerk,20,20,1.2260072923047276
-5.907835009583863,-0.5342117147484678,0.8361400641296697,-12.462142959395255,eval_low,paper_low,121.18121801079732,115.27338300121346,state_p95_speed,20,20,0.9512479317663737
-11.254613327472896,-0.7360663238501454,-1.9949914696396,-20.078206538938147,eval_low,paper_low,323.6384885817983,312.3838752543254,state_path_len,20,20,0.9652247377113783
0.04370282538148018,0.027917130047431626,1.0154983971909322,-0.881899673811984,eval_low,paper_low,5.978674182132521,6.0223770075140015,state_speed_spikiness,20,20,1.0073097854101147
7.756004359211409,2.863015175167091,9.240231918038129,6.068021625230355,eval_low,paper_high,5.057834040571945,12.813838399783354,action_endpoint_delta,20,20,2.5334635896830884
46.10131161106665,0.4965476848614894,102.56916669979908,-11.483634517987326,eval_low,paper_high,328.2442932542659,374.3456048653326,action_max_speed,20,20,1.1404481739883623
14.816672277875114,0.18656228472662797,62.682417576653386,-35.16391782962529,eval_low,paper_high,731.6558133919996,746.4724856698747,action_mean_jerk,20,20,1.0202508775389643
-2.2841852678196943,-0.5976928738387641,0.027990665875583565,-4.711047440664021,eval_low,paper_high,63.553053531256275,61.26886826343658,action_mean_speed,20,20,0.9640586070921535
-21.88467387114906,-0.05239809961514244,232.15356669400646,-265.02393363534526,eval_low,paper_high,2466.43686866551,2444.5521947943607,action_p95_jerk,20,20,0.991127008297236
-6.901467439727185,-0.5227287716115383,1.3299673151192501,-15.01586600545319,eval_low,paper_high,147.26914956388487,140.36768212415768,action_p95_speed,20,20,0.9531370456086954
-15.951484040920832,-0.7795978912354661,-4.009147338467233,-27.90823581923319,eval_low,paper_high,468.55204375409005,452.6005597131692,action_path_len,20,20,0.9659557902836676
1.3132273365289935,0.67672805802419,2.521020157207659,0.13928935134500933,eval_low,paper_high,6.627849756791551,7.941077093320544,action_speed_spikiness,20,20,1.1981377645445197
0.020000028610230203,0.0354156310173642,0.3549999958276745,-0.32166664600372297,eval_low,paper_high,7.396666622161865,7.416666650772095,duration_s,20,20,1.0027039245655964
-0.0004148377710195793,-0.16803308957327995,0.0010158863828099965,-0.0019224629358529429,eval_low,paper_high,0.00463192336140732,0.004217085590387741,eef_displacement_final,20,20,0.9104396072542936
0.01216484682863303,1.2114867751358984,0.018122737165182003,0.005915017270920341,eval_low,paper_high,0.13008144003281694,0.14224628686144997,eef_displacement_max,20,20,1.0935171527190393
0.015987437496925827,3.0114250810057053,0.019205524003051835,0.01260355333326911,eval_low,paper_high,0.07394387071840776,0.08993130821533359,eef_displacement_mean,20,20,1.2162104198697523
0.0,nan,0.0,0.0,eval_low,paper_high,0.0,0.0,eef_displacement_min,20,20,1.0
0.01216484682863303,1.2114867751358984,0.018122737165182003,0.005915017270920341,eval_low,paper_high,0.13008144003281694,0.14224628686144997,eef_displacement_range,20,20,1.0935171527190393
0.00039802420661910407,0.28767766399512534,0.0012107460069915967,-0.00045243298348194135,eval_low,paper_high,0.017486761121897895,0.017884785328517,eef_height_final,20,20,1.0227614465726425
0.024237853065364273,1.2178589668964874,0.036005678259169366,0.011559286392520823,eval_low,paper_high,0.07657410274345132,0.10081195580881559,eef_height_max,20,20,1.3165280301264362
2.423785306536425,1.2178589668964865,3.600567825916932,1.1559286392520798,eval_low,paper_high,7.657410274345134,10.081195580881559,eef_height_max_cm,20,20,1.3165280710492464
0.01198731564403338,2.029057001947099,0.015494805621874025,0.008323089201877226,eval_low,paper_high,0.0355395529574588,0.04752686860149218,eef_height_mean,20,20,1.3372949650051216
0.0008709509474330271,0.416392659984334,0.0021039334537007325,-0.00039515240880915494,eval_low,paper_high,0.0026045328809818887,0.003475483828414916,eef_height_min,20,20,1.3343968547389347
0.02336690211793123,1.2093877654263676,0.03474969718767343,0.011108201868867369,eval_low,paper_high,0.07396956986246944,0.09733647198040067,eef_height_range,20,20,1.3158988081502825
-0.0004148377710195793,-0.16803308957327995,0.0010158863828099965,-0.0019224629358529429,eval_low,paper_high,0.00463192336140732,0.004217085590387741,eef_pos_endpoint_delta,20,20,0.9104396072542936
-0.07588342084077421,-0.5466351911533058,0.005320910650684753,-0.15938117282549003,eval_low,paper_high,0.4556812305125895,0.3797978096718153,eef_pos_max_speed,20,20,0.833472581062556
0.007130455432591165,0.12093419059424143,0.04355331654107687,-0.026474016748726913,eval_low,paper_high,0.5302595209874676,0.5373899764200588,eef_pos_mean_jerk,20,20,1.0134471047023192
0.00490054317899799,1.1843906049645814,0.007418484614913366,0.0023449948855508063,eval_low,paper_high,0.06435338541319383,0.06925392859219182,eef_pos_mean_speed,20,20,1.0761504990922868
0.07584075146561964,0.36175322505425755,0.2012982232096072,-0.047226902634098164,eval_low,paper_high,1.4783324181369302,1.5541731696025498,eef_pos_p95_jerk,20,20,1.051301554388006
0.005363527884120145,0.3757284451111097,0.013441879927505394,-0.003256354961356244,eval_low,paper_high,0.18047466375855942,0.18583819164267956,eef_pos_p95_speed,20,20,1.0297190058439751
0.0377544216220303,0.9305064867938874,0.0615502717404362,0.012948494194575945,eval_low,paper_high,0.47525916046664757,0.5130135820886779,eef_pos_path_len,20,20,1.0794396488656075
-2.7879613247371386,-1.0399975061335553,-1.2145818234200882,-4.4582401573226305,eval_low,paper_high,9.437813285439491,6.649851960702352,eef_pos_speed_spikiness,20,20,0.7045966859628036
1.0448438006936405,0.6116447449592218,2.0825065516950056,0.0007380823085598125,eval_low,paper_high,4.9991881033435,6.044031904037141,state_endpoint_delta,20,20,1.2090026974389727
-2.1682489966565868,-0.036905841973375854,36.177037453278324,-35.98261845423137,eval_low,paper_high,210.22709170686016,208.05884271020358,state_max_speed,20,20,0.9896861580543728
9.780050619348629,0.2773342838744471,31.882965295440933,-10.981919172247995,eval_low,paper_high,301.29855415010775,311.0786047694564,state_mean_jerk,20,20,1.032459666614104
1.0039101726028008,0.3725451613737431,2.694966187266581,-0.6516915252372353,eval_low,paper_high,43.881778784341066,44.885688956943866,state_mean_speed,20,20,1.0228776088888234
208.8018950903387,1.5653493348264225,295.62829549484627,131.96061380563313,eval_low,paper_high,795.3854083539643,1004.187303444303,state_p95_jerk,20,20,1.2625166276557993
-2.3938626140279666,-0.20850113871699366,4.562623377434289,-9.319241746674619,eval_low,paper_high,121.18121801079732,118.78735539676936,state_p95_speed,20,20,0.9802455970229881
7.988580525497696,0.48358412757095515,18.39245720802407,-1.9917469883575152,eval_low,paper_high,323.6384885817983,331.627069107296,state_path_len,20,20,1.024683654160719
-0.11676333588180743,-0.062438673818656074,1.1106512568286933,-1.1846023096688896,eval_low,paper_high,5.978674182132521,5.861910846250714,state_speed_spikiness,20,20,0.9804700286168029
1.4112885768678591,0.5377492146813367,3.0722054825149474,-0.09320416115455242,eval_low,dataset_high,5.057834040571945,6.469122617439804,action_endpoint_delta,20,20,1.2790302257363049
-70.25007788570372,-0.8543676124407589,-24.63755787241925,-124.29251996782531,eval_low,dataset_high,328.2442932542659,257.9942153685622,action_max_speed,20,20,0.7859823328926967
-465.59006672206846,-6.664840315181747,-424.19820376307325,-508.50364262686827,eval_low,dataset_high,731.6558133919996,266.0657466699311,action_mean_jerk,20,20,0.3636487837673265
-16.13290247227191,-4.659672024317012,-14.051746778578538,-18.24140420501502,eval_low,dataset_high,63.553053531256275,47.420151058984366,action_mean_speed,20,20,0.7461506320573719
-1548.9935159169822,-4.5860462051299615,-1354.1878701694116,-1753.202008397248,eval_low,dataset_high,2466.43686866551,917.4433527485274,action_p95_jerk,20,20,0.37197114769501466
-30.406934144402427,-2.695806119844333,-23.433303762344963,-37.422378379959945,eval_low,dataset_high,147.26914956388487,116.86221541948244,action_p95_speed,20,20,0.79352814739283
-17.075216395903794,-0.8183689727850305,-3.7613404836358177,-29.6599234769894,eval_low,dataset_high,468.55204375409005,451.47682735818626,action_path_len,20,20,0.963557481771436
0.019699480893630827,0.011374577738358675,1.0050187281869383,-1.085207457789888,eval_low,dataset_high,6.627849756791551,6.6475492376851815,action_speed_spikiness,20,20,1.0029722280357551
2.1383334636688236,4.4100169847523425,2.431666732430457,1.844958321452141,eval_low,dataset_high,7.396666622161865,9.535000085830688,duration_s,20,20,1.289094205539968
-0.0013668825160277195,-0.5661150963518894,-3.95039407626362e-05,-0.0028778591793191762,eval_low,dataset_high,0.00463192336140732,0.003265040845379601,eef_displacement_final,20,20,0.704900219978031
0.026593291717048856,2.752769276711634,0.03225552023759751,0.02053042087572311,eval_low,dataset_high,0.13008144003281694,0.1566747317498658,eef_displacement_max,20,20,1.2044356955610496
0.0035309569131770635,0.6901150891002619,0.00667519547573767,0.000498642600695172,eval_low,dataset_high,0.07394387071840776,0.07747482763158482,eef_displacement_mean,20,20,1.0477518474669136
0.0,nan,0.0,0.0,eval_low,dataset_high,0.0,0.0,eef_displacement_min,20,20,1.0
0.026593291717048856,2.752769276711634,0.03225552023759751,0.02053042087572311,eval_low,dataset_high,0.13008144003281694,0.1566747317498658,eef_displacement_range,20,20,1.2044356955610496
-0.001072013044519718,-0.8662912948457318,-0.00040395545497930315,-0.0018956603792923995,eval_low,dataset_high,0.017486761121897895,0.016414748077378177,eef_height_final,20,20,0.938695769673723
0.05158272652571712,3.6159115899754024,0.059639797680030276,0.042486819733752894,eval_low,dataset_high,0.07657410274345132,0.12815682926916844,eef_height_max,20,20,1.673631396795107
5.158272652571711,3.615911589975401,5.963979768003023,4.248681973375293,eval_low,dataset_high,7.657410274345134,12.815682926916844,eef_height_max_cm,20,20,1.6736314838865722
0.013513186224517845,3.3706680190631295,0.015840345207721988,0.010951514191831806,eval_low,dataset_high,0.0355395529574588,0.04905273918197665,eef_height_mean,20,20,1.380229386632955
-0.0008422802049378871,-0.3566357954192708,0.0005680581240483511,-0.0023450859619448036,eval_low,dataset_high,0.0026045328809818887,0.0017622526760440016,eef_height_min,20,20,0.6766111200978364
0.05242500673065498,4.0094755542185805,0.059950596381102665,0.04418334806849359,eval_low,dataset_high,0.07396956986246944,0.12639457659312442,eef_height_range,20,20,1.7087373867490938
-0.0013668825160277195,-0.5661150963518894,-3.95039407626362e-05,-0.0028778591793191762,eval_low,dataset_high,0.00463192336140732,0.003265040845379601,eef_pos_endpoint_delta,20,20,0.704900219978031
-0.22223832408367242,-1.8498010099986464,-0.15216811763625404,-0.2990299951087188,eval_low,dataset_high,0.4556812305125895,0.2334429064289171,eef_pos_max_speed,20,20,0.5122943313758548
-0.22720302650578322,-4.281710576224255,-0.1958558469730429,-0.25779220907166445,eval_low,dataset_high,0.5302595209874676,0.3030564944816844,eef_pos_mean_jerk,20,20,0.5715248605099508
-0.0003459562941727917,-0.07858527558575129,0.0022688849500048596,-0.0029722893231379824,eval_low,dataset_high,0.06435338541319383,0.06400742911902103,eef_pos_mean_speed,20,20,0.9946241174696143
-0.48940348157832303,-3.67059319438709,-0.40755325731389797,-0.5681984431007058,eval_low,dataset_high,1.4783324181369302,0.9889289365586071,eef_pos_p95_jerk,20,20,0.6689489642088863
-0.007318016408025457,-0.49503672799936255,0.0014265282943349234,-0.016032128423698458,eval_low,dataset_high,0.18047466375855942,0.17315664735053396,eef_pos_p95_speed,20,20,0.9594512833539427
0.13448049565062553,3.3207680860108835,0.1599302148796531,0.11093426370272536,eval_low,dataset_high,0.47525916046664757,0.6097396561172731,eef_pos_path_len,20,20,1.2829624424050183
-5.464776098592552,-2.3097654984989915,-4.1222853615978865,-6.949238139006896,eval_low,dataset_high,9.437813285439491,3.9730371868469385,eef_pos_speed_spikiness,20,20,0.42097009894938014
-0.23688177985159697,-0.1180913036410393,0.9826652309804415,-1.4262804897933572,eval_low,dataset_high,4.9991881033435,4.762306323491903,state_endpoint_delta,20,20,0.9526159499340847
-56.45105203402974,-1.8707851885359694,-38.788771996042826,-74.17307386024744,eval_low,dataset_high,210.22709170686016,153.77603967283042,state_max_speed,20,20,0.7314758456057623
-127.38198217457577,-5.816746617139304,-114.37939512088971,-140.08855002234316,eval_low,dataset_high,301.29855415010775,173.91657197553198,state_mean_jerk,20,20,0.5772233871826482
-7.406733908261998,-2.896288952978027,-5.854296705259493,-8.89190871794853,eval_low,dataset_high,43.881778784341066,36.47504487607907,state_mean_speed,20,20,0.831211630162605
-266.69090392219596,-4.21608550802139,-229.64871365089192,-305.38031208476394,eval_low,dataset_high,795.3854083539643,528.6945044317683,state_p95_jerk,20,20,0.6647022926020796
-20.105232019076354,-1.7670437211305448,-13.29054767748647,-27.069175798466198,eval_low,dataset_high,121.18121801079732,101.07598599172097,state_p95_speed,20,20,0.8340895367496153
23.844353357577518,1.174542236280305,36.53755570525084,12.10086313254286,eval_low,dataset_high,323.6384885817983,347.4828419393758,state_path_len,20,20,1.0736758889875182
-1.233432133601763,-1.290660630159962,-0.664022036242098,-1.809537330356542,eval_low,dataset_high,5.978674182132521,4.745242048530758,state_speed_spikiness,20,20,0.7936947065580416
-0.13835458154128588,-0.07738504782361669,0.9458965583542673,-1.2188064639414213,eval_low,dataset_low,5.057834040571945,4.919479459030659,action_endpoint_delta,20,20,0.9726454881362427
-66.04321895933526,-0.8174782372714284,-21.4233553950562,-116.30043526954495,eval_low,dataset_low,328.2442932542659,262.20107429493066,action_max_speed,20,20,0.7987985768082658
-426.9758700349256,-6.190638055172888,-386.96009779863306,-468.5737494959336,eval_low,dataset_low,731.6558133919996,304.67994335707397,action_mean_jerk,20,20,0.4164252340870436
-11.077571880833538,-3.3499542080261406,-9.070593351648283,-13.07008938683181,eval_low,dataset_low,63.553053531256275,52.475481650422736,action_mean_speed,20,20,0.8256956784359324
-1419.1508482350087,-4.229335505190237,-1220.3319387199333,-1617.3175979484367,eval_low,dataset_low,2466.43686866551,1047.2860204305011,action_p95_jerk,20,20,0.42461497139511195
-19.21599185153903,-1.8982385116344622,-12.91634173499075,-25.422826266599287,eval_low,dataset_low,147.26914956388487,128.05315771234584,action_p95_speed,20,20,0.869517873178874
-64.93538328060242,-3.251389103294029,-52.294251802437884,-76.86225752192783,eval_low,dataset_low,468.55204375409005,403.6166604734876,action_path_len,20,20,0.8614126559795852
-0.4376878684829473,-0.24611665888336376,0.6094841447970302,-1.5415026578197908,eval_low,dataset_low,6.627849756791551,6.190161888308603,action_speed_spikiness,20,20,0.9339623129848301
0.29833333492279124,0.7108201970130799,0.5500000238418581,0.0400000327825548,eval_low,dataset_low,7.396666622161865,7.694999957084656,duration_s,20,20,1.0403334839541898
-0.0019569668071314824,-0.8833584387246187,-0.000721785548921771,-0.0034188946017561415,eval_low,dataset_low,0.00463192336140732,0.002674956554275838,eef_displacement_final,20,20,0.5775054055318064
-0.007675509470652764,-0.7964043631892836,-0.0017536001942169805,-0.013555690779018385,eval_low,dataset_low,0.13008144003281694,0.12240593056216417,eef_displacement_max,20,20,0.940994588631074
-0.009267347087255129,-1.5638935549912112,-0.005515735523156709,-0.012712575502467207,eval_low,dataset_low,0.07394387071840776,0.06467652363115263,eef_displacement_mean,20,20,0.8746705339614655
0.0,nan,0.0,0.0,eval_low,dataset_low,0.0,0.0,eef_displacement_min,20,20,1.0
-0.007675509470652764,-0.7964043631892836,-0.0017536001942169805,-0.013555690779018385,eval_low,dataset_low,0.13008144003281694,0.12240593056216417,eef_displacement_range,20,20,0.940994588631074
-0.0014403366222047916,-1.3050892135636558,-0.0008733025170503899,-0.0021826526457069326,eval_low,dataset_low,0.017486761121897895,0.016046424499693103,eef_height_final,20,20,0.9176327858262454
-0.004360656523185166,-0.33047816477990916,0.00291827734359526,-0.013078276290825303,eval_low,dataset_low,0.07657410274345132,0.07221344622026615,eef_height_max,20,20,0.943053123739157
-0.43606565231851846,-0.33047816477991054,0.2918277343595252,-1.3078276290825321,eval_low,dataset_low,7.657410274345134,7.221344622026615,eef_height_max_cm,20,20,0.9430531163766928
-0.0018574503394860331,-0.49921538575151103,0.0002833088628115958,-0.0041987873520868595,eval_low,dataset_low,0.0355395529574588,0.03368210261797277,eef_height_mean,20,20,0.9477357011477766
-0.0004277254375150948,-0.1901128899230074,0.0008830116147513409,-0.0018241587777371275,eval_low,dataset_low,0.0026045328809818887,0.002176807443466794,eef_height_min,20,20,0.8357771566602711
-0.003932931085670083,-0.32382438669670677,0.0027752390024508933,-0.012222777675934141,eval_low,dataset_low,0.07396956986246944,0.07003663877679936,eef_height_range,20,20,0.9468304255211057
-0.0019569668071314824,-0.8833584387246187,-0.000721785548921771,-0.0034188946017561415,eval_low,dataset_low,0.00463192336140732,0.002674956554275838,eef_pos_endpoint_delta,20,20,0.5775054055318064
-0.23453063903959995,-1.9656219062770657,-0.16754102830639184,-0.31067652031696563,eval_low,dataset_low,0.4556812305125895,0.22115059147298957,eef_pos_max_speed,20,20,0.4853186434100739
-0.22037232526723022,-4.095933256775821,-0.18747510677915016,-0.2518443164626003,eval_low,dataset_low,0.5302595209874676,0.30988719572023743,eef_pos_mean_jerk,20,20,0.5844066680765826
-0.005083641652535546,-1.2082547197920082,-0.0026004454604808005,-0.007666433090399984,eval_low,dataset_low,0.06435338541319383,0.05926974376065828,eef_pos_mean_speed,20,20,0.9210042979100791
-0.4400000050320989,-3.033696133935685,-0.35210171301393706,-0.5240539714221284,eval_low,dataset_low,1.4783324181369302,1.0383324131048313,eef_pos_p95_jerk,20,20,0.7023673453564099
-0.00841426070750581,-0.5699235004450208,-0.00020327235379946366,-0.017233469255112235,eval_low,dataset_low,0.18047466375855942,0.1720604030510536,eef_pos_p95_speed,20,20,0.9533770554489962
-0.019483175582185375,-0.5764066335349378,0.0012774978346918081,-0.03986317218121472,eval_low,dataset_low,0.47525916046664757,0.4557759848844622,eef_pos_path_len,20,20,0.9590051559382742
-4.388731695308337,-1.783393360593601,-2.968139503279952,-5.96963893158084,eval_low,dataset_low,9.437813285439491,5.049081590131154,eef_pos_speed_spikiness,20,20,0.5349842640530889
-0.9066032891704525,-0.44171015820668674,0.40038313559681094,-2.147340489805093,eval_low,dataset_low,4.9991881033435,4.092584814173048,state_endpoint_delta,20,20,0.8186498950198319
-61.510390784259044,-2.074217283264636,-43.89996219170548,-78.69393604267984,eval_low,dataset_low,210.22709170686016,148.71670092260112,state_max_speed,20,20,0.7074097810994646
-108.87947982332923,-4.738691868728076,-94.97332135719496,-122.43550940874826,eval_low,dataset_low,301.29855415010775,192.4190743267785,state_mean_jerk,20,20,0.6386325844581666
-4.644603883056071,-1.8682787370238634,-3.0965174447863557,-6.157382195162674,eval_low,dataset_low,43.881778784341066,39.237174901284995,state_mean_speed,20,20,0.8941564355259219
-211.17839054465367,-2.9229113570770355,-167.71912254845356,-255.18336547358595,eval_low,dataset_low,795.3854083539643,584.2070178093106,state_p95_jerk,20,20,0.7344955183688515
-10.347531477957133,-0.9584108518399052,-3.910738437640449,-16.961026929607854,eval_low,dataset_low,121.18121801079732,110.83368653284019,state_p95_speed,20,20,0.9146110952921659
-21.51198539104172,-1.073753696253634,-8.72278619846737,-33.24623833583802,eval_low,dataset_low,323.6384885817983,302.1265031907566,state_path_len,20,20,0.93353081864693
-1.2855981927366953,-1.2722996222824774,-0.6823844047924456,-1.8954665202327452,eval_low,dataset_low,5.978674182132521,4.693075989395826,state_speed_spikiness,20,20,0.7849693508255653
0.4076406139213411,0.09777708550171366,2.806412560932033,-2.141242129653719,paper_low,paper_high,12.406197785862012,12.813838399783354,action_endpoint_delta,20,20,1.0328578199887564
1.0421486116304663,0.009338147417761324,67.0857365885201,-69.49157762208254,paper_low,paper_high,373.3034562537021,374.3456048653326,action_max_speed,20,20,1.0027916929086622
-144.50353485441155,-2.3469988823386996,-107.0213826568533,-179.77602116029993,paper_low,paper_high,890.9760205242862,746.4724856698747,action_mean_jerk,20,20,0.8378143389675539
-1.2017312874428896,-0.37140093243142974,0.8126431024227951,-3.1823102701371715,paper_low,paper_high,62.47059955087947,61.26886826343658,action_mean_speed,20,20,0.9807632502986983
-499.782851576605,-1.0555776074725078,-214.27730672829824,-781.8495947105996,paper_low,paper_high,2944.3350463709658,2444.5521947943607,action_p95_jerk,20,20,0.8302561210922942
-6.215376764868353,-0.4720991438972999,1.8571412919589403,-13.93900424621579,paper_low,paper_high,146.58305888902603,140.36768212415768,action_p95_speed,20,20,0.9575982599111278
15.196906943201157,0.5726700736996301,30.4692710771548,-0.47466299113414967,paper_low,paper_high,437.40365276996806,452.6005597131692,action_path_len,20,20,1.0347434385758223
0.14424326472248783,0.05876373030796289,1.6371061571033763,-1.3592339567536165,paper_low,paper_high,7.796833828598056,7.941077093320544,action_speed_spikiness,20,20,1.0185002358275759
0.39833335876464915,0.6356565268829332,0.7667500996589663,0.021624910831451252,paper_low,paper_high,7.018333292007446,7.416666650772095,duration_s,20,20,1.0567561188139518
-0.0005199909835008993,-0.20323275200712693,0.0010636680110838446,-0.0020474691628236045,paper_low,paper_high,0.00473707657388864,0.004217085590387741,eef_displacement_final,20,20,0.8902297909505922
0.013866151200622706,1.4872790011705126,0.019293985590799572,0.008247899298696366,paper_low,paper_high,0.12838013566082726,0.14224628686144997,eef_displacement_max,20,20,1.1080085330114537
0.008529613486208037,1.6566813446738158,0.011524788202098504,0.005238073157577133,paper_low,paper_high,0.08140169472912555,0.08993130821533359,eef_displacement_mean,20,20,1.1047842120087215
0.0,nan,0.0,0.0,paper_low,paper_high,0.0,0.0,eef_displacement_min,20,20,1.0
0.013866151200622706,1.4872790011705126,0.019293985590799572,0.008247899298696366,paper_low,paper_high,0.12838013566082726,0.14224628686144997,eef_displacement_range,20,20,1.1080085330114537
-0.00017553769780796757,-0.14160256009490463,0.0006069919731682176,-0.0009229157670653342,paper_low,paper_high,0.018060323026324966,0.017884785328517,eef_height_final,20,20,0.9902804838896325
0.01792536126262821,0.9823124017761969,0.028470010175262128,0.006813859560263859,paper_low,paper_high,0.08288659454618738,0.10081195580881559,eef_height_max,20,20,1.2162636696336084
1.7925361262628208,0.9823124017761968,2.847001017526213,0.681385956026387,paper_low,paper_high,8.288659454618738,10.081195580881559,eef_height_max_cm,20,20,1.2162636954642065
0.004577083504747025,0.8561413732235754,0.007841546047142699,0.0013026808513606732,paper_low,paper_high,0.04294978509674516,0.04752686860149218,eef_height_mean,20,20,1.1065682267968233
-0.0017173649704567422,-1.012914009776145,-0.0006873428760376585,-0.00273557307034216,paper_low,paper_high,0.005192848798871658,0.003475483828414916,eef_height_min,20,20,0.6692833298625598
0.019642726233084953,1.0721925962085639,0.03038948405116025,0.008561638325938082,paper_low,paper_high,0.07769374574731572,0.09733647198040067,eef_height_range,20,20,1.2528224571478976
-0.0005199909835008993,-0.20323275200712693,0.0010636680110838446,-0.0020474691628236045,paper_low,paper_high,0.00473707657388864,0.004217085590387741,eef_pos_endpoint_delta,20,20,0.8902297909505922
0.04955100615902014,0.5061863703743693,0.10963745183451487,-0.011029368129623138,paper_low,paper_high,0.3302468035127952,0.3797978096718153,eef_pos_max_speed,20,20,1.1500423444876033
-0.005510216025112258,-0.10610562135298789,0.026149459306824874,-0.03587541767555773,paper_low,paper_high,0.5429001924451711,0.5373899764200588,eef_pos_mean_jerk,20,20,0.9898504071276917
0.0012137811191315906,0.3595628531192294,0.0033454980742181535,-0.0008108918365903398,paper_low,paper_high,0.06804014747306023,0.06925392859219182,eef_pos_mean_speed,20,20,1.0178391873888912
-0.058669077020888416,-0.2585570479686391,0.07605357790352651,-0.19205451032226456,paper_low,paper_high,1.6128422466234382,1.5541731696025498,eef_pos_p95_jerk,20,20,0.9636237971940821
-0.001914419476261059,-0.14867719835906293,0.005861242865206963,-0.009766886650862245,paper_low,paper_high,0.18775261111894062,0.18583819164267956,eef_pos_p95_speed,20,20,0.9898035006656537
0.03649361682373525,0.9274193324887767,0.05896712358299394,0.012442743672560503,paper_low,paper_high,0.4765199652649426,0.5130135820886779,eef_pos_path_len,20,20,1.0765836034542835
0.4822302217838841,0.2670451124635038,1.5891502939957791,-0.5939644538159924,paper_low,paper_high,6.167621738918468,6.649851960702352,eef_pos_speed_spikiness,20,20,1.0781873859025881
1.0443755933862704,0.6242580624457896,2.045804263538689,0.027506196208482755,paper_low,paper_high,4.99965631065087,6.044031904037141,state_endpoint_delta,20,20,1.2088894768771448
-11.73457544480334,-0.17221227293063684,32.02110237881686,-51.99445653620768,paper_low,paper_high,219.79341815500692,208.05884271020358,state_max_speed,20,20,0.9466108878838503
-29.998367906129545,-0.7276443251261564,-5.351467754698406,-54.27685111987449,paper_low,paper_high,341.0769726755859,311.0786047694564,state_mean_jerk,20,20,0.9120480996710885
0.23181365849006141,0.0926517200698844,1.7708204075362561,-1.261410436376981,paper_low,paper_high,44.653875298453805,44.885688956943866,state_mean_speed,20,20,1.0051913446904388
29.03899260730907,0.18259767425690335,124.50996481903827,-65.55530336063764,paper_low,paper_high,975.1483108369939,1004.187303444303,state_p95_jerk,20,20,1.0297790523598265
3.5139723955558964,0.3296696425716291,10.11808101303721,-3.030911370312926,paper_low,paper_high,115.27338300121346,118.78735539676936,state_p95_speed,20,20,1.030483814248898
19.24319385297059,1.053995210659791,30.225549080734282,8.417637702590755,paper_low,paper_high,312.3838752543254,331.627069107296,state_path_len,20,20,1.0616011112503418
-0.1604661612632876,-0.07784315327873659,1.2094878246831582,-1.3792518442823454,paper_low,paper_high,6.0223770075140015,5.861910846250714,state_speed_spikiness,20,20,0.9733550123486744
-5.937075168422209,-1.4429242673298737,-3.5342495168119608,-8.413642502296009,paper_low,dataset_high,12.406197785862012,6.469122617439804,action_endpoint_delta,20,20,0.5214428089803249
-115.3092408851399,-1.1202055357027154,-56.853723154513496,-180.95626257854178,paper_low,dataset_high,373.3034562537021,257.9942153685622,action_max_speed,20,20,0.6911112422069693
-624.9102738543552,-12.854193013963549,-594.3626174684655,-652.6580894619052,paper_low,dataset_high,890.9760205242862,266.0657466699311,action_mean_jerk,20,20,0.2986227918012665
-15.050448491895104,-5.371219824022457,-13.33174240822264,-16.714294954795946,paper_low,dataset_high,62.47059955087947,47.420151058984366,action_mean_speed,20,20,0.7590794934306979
-2026.8916936224382,-5.007882567576491,-1774.352818762681,-2280.124818205384,paper_low,dataset_high,2944.3350463709658,917.4433527485274,action_p95_jerk,20,20,0.3115961119595423
-29.720843469543595,-2.6452411630828663,-23.10205522107047,-36.466747686694504,paper_low,dataset_high,146.58305888902603,116.86221541948244,action_p95_speed,20,20,0.797242302809243
14.073174588218194,0.52415061157169,30.121321688621606,-1.8632330318963861,paper_low,dataset_high,437.40365276996806,451.47682735818626,action_path_len,20,20,1.0321743417065097
-1.1492845909128748,-0.5011645582294021,0.16765583725376665,-2.6409283598466646,paper_low,dataset_high,7.796833828598056,6.6475492376851815,action_speed_spikiness,20,20,0.852595987717044
2.5166667938232425,4.528211011015392,2.8450001722574227,2.175000166893005,paper_low,dataset_high,7.018333292007446,9.535000085830688,duration_s,20,20,1.3585846789441312
-0.0014720357285090396,-0.5873449399163221,-2.8931156639935124e-05,-0.0030956767404396947,paper_low,dataset_high,0.00473707657388864,0.003265040845379601,eef_displacement_final,20,20,0.6892529394284099
0.028294596089038532,3.1749406943471987,0.03379399861707031,0.02297650693798323,paper_low,dataset_high,0.12838013566082726,0.1566747317498658,eef_displacement_max,20,20,1.2203969776120303
-0.003926867097540726,-0.7933171652747691,-0.0008815279192361697,-0.006736625254280383,paper_low,dataset_high,0.08140169472912555,0.07747482763158482,eef_displacement_mean,20,20,0.9517593997495768
0.0,nan,0.0,0.0,paper_low,dataset_high,0.0,0.0,eef_displacement_min,20,20,1.0
0.028294596089038532,3.1749406943471987,0.03379399861707031,0.02297650693798323,paper_low,dataset_high,0.12838013566082726,0.1566747317498658,eef_displacement_range,20,20,1.2203969776120303
-0.0016455749489467895,-1.5319839387679766,-0.001044446817243366,-0.002318533641679636,paper_low,dataset_high,0.018060323026324966,0.016414748077378177,eef_height_final,20,20,0.9088845733604037
0.045270234722981056,3.8204734788540136,0.05228351612606781,0.03807213649689398,paper_low,dataset_high,0.08288659454618738,0.12815682926916844,eef_height_max,20,20,1.5461706987617627
4.527023472298106,3.820473478854015,5.228351612606783,3.8072136496894005,paper_low,dataset_high,8.288659454618738,12.815682926916844,eef_height_max_cm,20,20,1.5461707639965565
0.006102954085231489,1.9543383747111382,0.008069067520333139,0.004241907865731749,paper_low,dataset_high,0.04294978509674516,0.04905273918197665,eef_height_mean,20,20,1.1420950687071842
-0.003430596122827656,-1.6989416437786682,-0.0022143838403689787,-0.004673737848755613,paper_low,dataset_high,0.005192848798871658,0.0017622526760440016,eef_height_min,20,20,0.33936271797471534
0.0487008308458087,4.218469197511104,0.05529931487008606,0.04154096668941998,paper_low,dataset_high,0.07769374574731572,0.12639457659312442,eef_height_range,20,20,1.626830694144829
-0.0014720357285090396,-0.5873449399163221,-2.8931156639935124e-05,-0.0030956767404396947,paper_low,dataset_high,0.00473707657388864,0.003265040845379601,eef_pos_endpoint_delta,20,20,0.6892529394284099
-0.09680389708387807,-1.4051845100417448,-0.056443178498348665,-0.13892643731282478,paper_low,dataset_high,0.3302468035127952,0.2334429064289171,eef_pos_max_speed,20,20,0.7068740919732523
-0.23984369796348665,-5.315224658706511,-0.21240275858953464,-0.2663390327899423,paper_low,dataset_high,0.5429001924451711,0.3030564944816844,eef_pos_mean_jerk,20,20,0.5582177039476991
-0.004032718354039191,-1.091282671455996,-0.0019163180080993625,-0.0062370459970454845,paper_low,dataset_high,0.06804014747306023,0.06400742911902103,eef_pos_mean_speed,20,20,0.9407303200961006
-0.6239133100648311,-3.9215086152425043,-0.5327015528826692,-0.7243068407654765,paper_low,dataset_high,1.6128422466234382,0.9889289365586071,eef_pos_p95_jerk,20,20,0.6131591248290933
-0.014595963768406661,-1.0862460668966336,-0.006316713146523767,-0.022849493918900544,paper_low,dataset_high,0.18775261111894062,0.17315664735053396,eef_pos_p95_speed,20,20,0.9222596005242443
0.13321969085233049,3.392405319531276,0.15686636739936954,0.11033924317428326,paper_low,dataset_high,0.4765199652649426,0.6097396561172731,eef_pos_path_len,20,20,1.2795679043218726
-2.1945845520715297,-1.6970783674996899,-1.4119090636554756,-2.9820748114055884,paper_low,dataset_high,6.167621738918468,3.9730371868469385,eef_pos_speed_spikiness,20,20,0.6441765332875085
-0.23734998715896705,-0.12011793653918354,0.946165178186943,-1.4242226206818778,paper_low,dataset_high,4.99965631065087,4.762306323491903,state_endpoint_delta,20,20,0.9525267394523493
-66.0173784821765,-1.4399462049250094,-38.44199255571287,-94.7122272788659,paper_low,dataset_high,219.79341815500692,153.77603967283042,state_max_speed,20,20,0.6996389653824172
-167.16040070005394,-5.464888052293979,-149.38506704957385,-185.9860894143641,paper_low,dataset_high,341.0769726755859,173.91657197553198,state_mean_jerk,20,20,0.5099041738764728
-8.178830422374737,-3.4754042604471125,-6.750940774756765,-9.574970541364904,paper_low,dataset_high,44.653875298453805,36.47504487607907,state_mean_speed,20,20,0.8168394038394617
-446.4538064052256,-4.163244995934952,-386.4763233922935,-512.2259641644187,paper_low,dataset_high,975.1483108369939,528.6945044317683,state_p95_jerk,20,20,0.5421683025657452
-14.19739700949249,-1.3460293384842,-7.840796682942597,-20.61274599756394,paper_low,dataset_high,115.27338300121346,101.07598599172097,state_p95_speed,20,20,0.8768371618961559
35.098966685050414,1.6145915777919788,48.52185504371225,22.480933626657755,paper_low,dataset_high,312.3838752543254,347.4828419393758,state_path_len,20,20,1.1123584456955444
-1.2771349589832433,-0.9895843055843593,-0.5057617841250869,-2.0792890050128654,paper_low,dataset_high,6.0223770075140015,4.745242048530758,state_speed_spikiness,20,20,0.7879350702772115
-7.486718326831354,-2.0576246614228246,-5.313009141119955,-9.683966937914732,paper_low,dataset_low,12.406197785862012,4.919479459030659,action_endpoint_delta,20,20,0.39653401872018446
-111.10238195877145,-1.0914579823685957,-54.715073148190854,-176.40939536647983,paper_low,dataset_low,373.3034562537021,262.20107429493066,action_max_speed,20,20,0.7023805161871082
-586.2960771672123,-12.386702408810779,-557.1370358253744,-613.3410847730136,paper_low,dataset_low,890.9760205242862,304.67994335707397,action_mean_jerk,20,20,0.34196200160849266
-9.995117900456734,-3.8331736587324534,-8.294831759030872,-11.521694667877075,paper_low,dataset_low,62.47059955087947,52.475481650422736,action_mean_speed,20,20,0.8400028498091139
-1897.0490259404646,-4.708540082151013,-1655.8426872034565,-2144.123256587453,paper_low,dataset_low,2944.3350463709658,1047.2860204305011,action_p95_jerk,20,20,0.35569526020069436
-18.529901176680198,-1.8393265518406552,-12.21699228317782,-24.49942169504118,paper_low,dataset_low,146.58305888902603,128.05315771234584,action_p95_speed,20,20,0.8735877030002182
-33.786992296480435,-1.2914876982761463,-18.20169404363952,-49.556755914049454,paper_low,dataset_low,437.40365276996806,403.6166604734876,action_path_len,20,20,0.9227555780987575
-1.606671940289453,-0.6899921387480586,-0.2977714620043745,-3.0633185062377355,paper_low,dataset_low,7.796833828598056,6.190161888308603,action_speed_spikiness,20,20,0.7939327714878752
0.6766666650772102,1.353531207520001,0.9717500030994415,0.3650000083446503,paper_low,dataset_low,7.018333292007446,7.694999957084656,duration_s,20,20,1.096414153611608
-0.0020621200196128025,-0.8907509067946142,-0.0007451453333939092,-0.0035427788525359428,paper_low,dataset_low,0.00473707657388864,0.002674956554275838,eef_displacement_final,20,20,0.5646860179884736
-0.005974205098663088,-0.6722356843421365,-0.0006857825760245942,-0.011281352328517435,paper_low,dataset_low,0.12838013566082726,0.12240593056216417,eef_displacement_max,20,20,0.9534647272137657
-0.01672517109797292,-2.892311425565289,-0.013030763362242199,-0.02011034642454087,paper_low,dataset_low,0.08140169472912555,0.06467652363115263,eef_displacement_mean,20,20,0.7945353705597685
0.0,nan,0.0,0.0,paper_low,dataset_low,0.0,0.0,eef_displacement_min,20,20,1.0
-0.005974205098663088,-0.6722356843421365,-0.0006857825760245942,-0.011281352328517435,paper_low,dataset_low,0.12838013566082726,0.12240593056216417,eef_displacement_range,20,20,0.9534647272137657
-0.002013898526631863,-2.1967562736644757,-0.0015330189514577172,-0.0026363050854545742,paper_low,dataset_low,0.018060323026324966,0.016046424499693103,eef_height_final,20,20,0.8884905099094031
-0.010673148325921228,-1.0129977382213695,-0.004585855136812983,-0.017425469593462826,paper_low,dataset_low,0.08288659454618738,0.07221344622026615,eef_height_max,20,20,0.8712319272292814
-1.067314832592123,-1.01299773822137,-0.45858551368129996,-1.742546959346282,paper_low,dataset_low,8.288659454618738,7.221344622026615,eef_height_max_cm,20,20,0.8712319118491837
-0.009267682478772389,-3.3788786489755016,-0.007638526118043924,-0.01090424880478648,paper_low,dataset_low,0.04294978509674516,0.03368210261797277,eef_height_mean,20,20,0.7842205659445691
-0.003016041355404864,-1.5981824880973596,-0.0019091778406095151,-0.0041843671605478125,paper_low,dataset_low,0.005192848798871658,0.002176807443466794,eef_height_min,20,20,0.4191944221436925
-0.007657106970516359,-0.7306618883046782,-0.0016114505633856243,-0.014279362018376443,paper_low,dataset_low,0.07769374574731572,0.07003663877679936,eef_height_range,20,20,0.901445014507734
-0.0020621200196128025,-0.8907509067946142,-0.0007451453333939092,-0.0035427788525359428,paper_low,dataset_low,0.00473707657388864,0.002674956554275838,eef_pos_endpoint_delta,20,20,0.5646860179884736
-0.1090962120398056,-1.6176639843508986,-0.07088966223898475,-0.15002248383641165,paper_low,dataset_low,0.3302468035127952,0.22115059147298957,eef_pos_max_speed,20,20,0.669652491482469
-0.23301299672493364,-5.066515181840983,-0.20553669871670197,-0.2597209385562043,paper_low,dataset_low,0.5429001924451711,0.30988719572023743,eef_pos_mean_jerk,20,20,0.5707995766524581
-0.008770403712401946,-2.534113497177081,-0.006745973187757507,-0.010873802593161138,paper_low,dataset_low,0.06804014747306023,0.05926974376065828,eef_pos_mean_speed,20,20,0.8710995970890502
-0.574509833518607,-3.398830347186324,-0.4754842424051488,-0.6768224340881539,paper_low,dataset_low,1.6128422466234382,1.0383324131048313,eef_pos_p95_jerk,20,20,0.6437904381787649
-0.015692208067887015,-1.1696429244267568,-0.008096798416223547,-0.023644119148056336,paper_low,dataset_low,0.18775261111894062,0.1720604030510536,eef_pos_p95_speed,20,20,0.9164208309084215
-0.02074398038048042,-0.6418090032632207,-0.0018669231681859074,-0.04058023086461292,paper_low,dataset_low,0.4765199652649426,0.4557759848844622,eef_pos_path_len,20,20,0.9564677632476017
-1.1185401487873143,-0.7663161424391092,-0.26447454045681057,-2.014304208946223,paper_low,dataset_low,6.167621738918468,5.049081590131154,eef_pos_speed_spikiness,20,20,0.8186431992228678
-0.9070714964778226,-0.44832888995468895,0.3707609046265493,-2.1377697188362883,paper_low,dataset_low,4.99965631065087,4.092584814173048,state_endpoint_delta,20,20,0.818573230177602
-71.0767172324058,-1.5619076911068666,-43.60229085333236,-99.51416139006457,paper_low,dataset_low,219.79341815500692,148.71670092260112,state_max_speed,20,20,0.6766203563973607
-148.6578983488074,-4.739077509836005,-130.09853891507203,-167.75876164502264,paper_low,dataset_low,341.0769726755859,192.4190743267785,state_mean_jerk,20,20,0.5641514665200095
-5.41670039716881,-2.3802546417221597,-3.932729664376396,-6.723418840414617,paper_low,dataset_low,44.653875298453805,39.237174901284995,state_mean_speed,20,20,0.8786958498058213
-390.9412930276833,-3.466523530338407,-325.8487849072004,-461.1062764891202,paper_low,dataset_low,975.1483108369939,584.2070178093106,state_p95_jerk,20,20,0.5990955543079189
-4.4396964683732705,-0.44765277955026006,1.7579166398561823,-10.491812638729526,paper_low,dataset_low,115.27338300121346,110.83368653284019,state_p95_speed,20,20,0.9614855020959922
-10.257372063568823,-0.477312482486814,3.1996442414759447,-22.941899341082614,paper_low,dataset_low,312.3838752543254,302.1265031907566,state_path_len,20,20,0.9671642076439141
-1.3293010181181755,-0.9982285160373071,-0.5464017320432124,-2.1552539979482845,paper_low,dataset_low,6.0223770075140015,4.693075989395826,state_speed_spikiness,20,20,0.7792730321844078
-6.34471578234355,-1.9356528369474304,-4.242178313456349,-8.230188415687982,paper_high,dataset_high,12.813838399783354,6.469122617439804,action_endpoint_delta,20,20,0.5048543941759586
-116.35138949677037,-1.9251700869419164,-82.26337265965897,-153.5425239444912,paper_high,dataset_high,374.3456048653326,257.9942153685622,action_max_speed,20,20,0.6891872430677566
-480.40673899994357,-10.757756969631044,-453.992622134001,-506.81863997037306,paper_high,dataset_high,746.4724856698747,266.0657466699311,action_mean_jerk,20,20,0.3564307483317391
-13.848717204452214,-4.333608406558761,-11.955198899308249,-15.797255173599007,paper_high,dataset_high,61.26886826343658,47.420151058984366,action_mean_speed,20,20,0.773968124518853
-1527.1088420458332,-5.38385373575652,-1362.3352666794387,-1702.3306063785938,paper_high,dataset_high,2444.5521947943607,917.4433527485274,action_p95_jerk,20,20,0.37530119205818435
-23.505466704675243,-1.9571130091906206,-16.381056773336837,-30.89405322810211,paper_high,dataset_high,140.36768212415768,116.86221541948244,action_p95_speed,20,20,0.832543600155699
-1.1237323549829625,-0.046421143242275316,13.630996273151283,-15.46264923838135,paper_high,dataset_high,452.6005597131692,451.47682735818626,action_path_len,20,20,0.9975171653440502
-1.2935278556353627,-0.8474282725129725,-0.40793281597434866,-2.2510136879103406,paper_high,dataset_high,7.941077093320544,6.6475492376851815,action_speed_spikiness,20,20,0.8371092688302351
2.1183334350585934,3.6716468417611607,2.468375265002251,1.7782917153835298,paper_high,dataset_high,7.416666650772095,9.535000085830688,duration_s,20,20,1.285617991470857
-0.0009520447450081402,-0.4792146428462811,0.00020501763695045545,-0.0021776569502113406,paper_high,dataset_high,0.004217085590387741,0.003265040845379601,eef_displacement_final,20,20,0.7742416019266463
0.014428444888415826,1.3942604213103549,0.020696068112653242,0.0080387802514569,paper_high,dataset_high,0.14224628686144997,0.1566747317498658,eef_displacement_max,20,20,1.1014328330984204
-0.012456480583748764,-2.146297282502861,-0.008987846198250745,-0.015832403140142413,paper_high,dataset_high,0.08993130821533359,0.07747482763158482,eef_displacement_mean,20,20,0.8614889581188759
0.0,nan,0.0,0.0,paper_high,dataset_high,0.0,0.0,eef_displacement_min,20,20,1.0
0.014428444888415826,1.3942604213103549,0.020696068112653242,0.0080387802514569,paper_high,dataset_high,0.14224628686144997,0.1566747317498658,eef_displacement_range,20,20,1.1014328330984204
-0.001470037251138822,-1.3993623990677022,-0.0009007585971180451,-0.002132902221040244,paper_high,dataset_high,0.017884785328517,0.016414748077378177,eef_height_final,20,20,0.9178051957466422
0.027344873460352845,1.6180670411354974,0.03775945280150503,0.017538691414482593,paper_high,dataset_high,0.10081195580881559,0.12815682926916844,eef_height_max,20,20,1.2712463073303313
2.7344873460352854,1.618067041135498,3.7759452801504985,1.7538691414482594,paper_high,dataset_high,10.081195580881559,12.815682926916844,eef_height_max_cm,20,20,1.2712463339674342
0.0015258705804844647,0.29285083832525977,0.004671327762152094,-0.0015988048543219243,paper_high,dataset_high,0.04752686860149218,0.04905273918197665,eef_height_mean,20,20,1.032105423822985
-0.0017132311523709142,-0.7922484043970014,-0.0004068813376308624,-0.003060688303955755,paper_high,dataset_high,0.003475483828414916,0.0017622526760440016,eef_height_min,20,20,0.507053893071571
0.029058104612723748,1.7523400169790535,0.03928261831707581,0.019338486477311685,paper_high,dataset_high,0.09733647198040067,0.12639457659312442,eef_height_range,20,20,1.2985325134164474
-0.0009520447450081402,-0.4792146428462811,0.00020501763695045545,-0.0021776569502113406,paper_high,dataset_high,0.004217085590387741,0.003265040845379601,eef_pos_endpoint_delta,20,20,0.7742416019266463
-0.1463549032428982,-1.9420625198402814,-0.1033544988055407,-0.19114870581890378,paper_high,dataset_high,0.3797978096718153,0.2334429064289171,eef_pos_max_speed,20,20,0.6146504912288226
-0.2343334819383744,-6.66781580254595,-0.21301828100661083,-0.2544657464785155,paper_high,dataset_high,0.5373899764200588,0.3030564944816844,eef_pos_mean_jerk,20,20,0.5639414803773358
-0.005246499473170782,-1.3635269738831794,-0.002955107920633482,-0.007593675519354823,paper_high,dataset_high,0.06925392859219182,0.06400742911902103,eef_pos_mean_speed,20,20,0.9242425834570178
-0.5652442330439427,-3.0423421609913235,-0.4513766815219549,-0.6772610848333056,paper_high,dataset_high,1.5541731696025498,0.9889289365586071,eef_pos_p95_jerk,20,20,0.636305502847184
-0.012681544292145602,-0.8913730275497312,-0.004026866361188696,-0.021111354552423585,paper_high,dataset_high,0.18583819164267956,0.17315664735053396,eef_pos_p95_speed,20,20,0.9317602937391256
0.09672607402859523,2.1808924934784955,0.12370124468922251,0.07143571918775514,paper_high,dataset_high,0.5130135820886779,0.6097396561172731,eef_pos_path_len,20,20,1.1885448563551422
-2.6768147738554138,-1.989544325394055,-1.9053871608068889,-3.4615343099451286,paper_high,dataset_high,6.649851960702352,3.9730371868469385,eef_pos_speed_spikiness,20,20,0.5974625020754123
-1.2817255805452374,-0.7407470179499338,-0.21225169727780574,-2.319233331831344,paper_high,dataset_high,6.044031904037141,4.762306323491903,state_endpoint_delta,20,20,0.7879353387316741
-54.28280303737316,-1.052341259589008,-25.33658708445436,-88.00032957273586,paper_high,dataset_high,208.05884271020358,153.77603967283042,state_max_speed,20,20,0.7390987937466692
-137.1620327939244,-4.639119000455677,-120.17009826798848,-155.81993577081604,paper_high,dataset_high,311.0786047694564,173.91657197553198,state_mean_jerk,20,20,0.559075967660433
-8.410644080864799,-3.258643629494816,-6.85136631731067,-9.962650389872577,paper_high,dataset_high,44.885688956943866,36.47504487607907,state_mean_speed,20,20,0.8126208091167135
-475.49279901253465,-3.7761016686264273,-402.1065291731213,-551.0235698119578,paper_high,dataset_high,1004.187303444303,528.6945044317683,state_p95_jerk,20,20,0.5264899313336393
-17.711369405048387,-1.6116485482762255,-11.003808772893137,-24.585860664339634,paper_high,dataset_high,118.78735539676936,101.07598599172097,state_p95_speed,20,20,0.8508985291877366
15.855772832079822,0.7009580831411073,29.636187566982745,2.7808807861442233,paper_high,dataset_high,331.627069107296,347.4828419393758,state_path_len,20,20,1.0478120585098307
-1.1166687977199556,-0.6780726140589822,-0.21877235357881775,-2.162290133464763,paper_high,dataset_high,5.861910846250714,4.745242048530758,state_speed_spikiness,20,20,0.8095043024188568
-7.894358940752695,-2.972575102715967,-6.198770737694325,-9.430805017605875,paper_high,dataset_low,12.813838399783354,4.919479459030659,action_endpoint_delta,20,20,0.38391926850541835
-112.14453057040191,-1.9180272190866892,-78.95419348472812,-149.44886337536906,paper_high,dataset_low,374.3456048653326,262.20107429493066,action_max_speed,20,20,0.7004251442787764
-441.7925423128007,-10.213208801575671,-417.07360022302856,-467.72846160308535,paper_high,dataset_low,746.4724856698747,304.67994335707397,action_mean_jerk,20,20,0.4081596431375184
-8.793386613013844,-2.905429449918177,-6.92231566822763,-10.717071910344014,paper_high,dataset_low,61.26886826343658,52.475481650422736,action_mean_speed,20,20,0.8564787165029738
-1397.2661743638596,-4.972348810850703,-1236.3227392128927,-1576.197479034755,paper_high,dataset_low,2444.5521947943607,1047.2860204305011,action_p95_jerk,20,20,0.4284163057211041
-12.314524411811846,-1.1265088995787682,-6.046684158727504,-19.29024340126877,paper_high,dataset_low,140.36768212415768,128.05315771234584,action_p95_speed,20,20,0.912269517993165
-48.98389923968159,-2.0896043272689964,-34.67482213927171,-63.400744929164816,paper_high,dataset_low,452.6005597131692,403.6166604734876,action_path_len,20,20,0.8917723405608637
-1.7509152050119408,-1.1089000049109408,-0.8164523647310006,-2.7348455780503103,paper_high,dataset_low,7.941077093320544,6.190161888308603,action_speed_spikiness,20,20,0.7795116226387224
0.27833330631256104,0.5318206643107263,0.5983750474452977,-0.021666741967201752,paper_high,dataset_low,7.416666650772095,7.694999957084656,duration_s,20,20,1.0375280862742167
-0.0015421290361119031,-0.8866669467835261,-0.0005669362874107817,-0.0025991738096433257,paper_high,dataset_low,0.004217085590387741,0.002674956554275838,eef_displacement_final,20,20,0.634314896815011
-0.019840356299285794,-1.9211888371574333,-0.013267992814869864,-0.026080289662360517,paper_high,dataset_low,0.14224628686144997,0.12240593056216417,eef_displacement_max,20,20,0.8605211050336825
-0.025254784584180956,-3.8684495488320163,-0.0211913631220927,-0.029092977702070484,paper_high,dataset_low,0.08993130821533359,0.06467652363115263,eef_displacement_mean,20,20,0.7191769776607707
0.0,nan,0.0,0.0,paper_high,dataset_low,0.0,0.0,eef_displacement_min,20,20,1.0
-0.019840356299285794,-1.9211888371574333,-0.013267992814869864,-0.026080289662360517,paper_high,dataset_low,0.14224628686144997,0.12240593056216417,eef_displacement_range,20,20,0.8605211050336825
-0.0018383608288238956,-2.068030158799321,-0.001398565407486193,-0.002418358318085762,paper_high,dataset_low,0.017884785328517,0.016046424499693103,eef_height_final,20,20,0.8972109663512525
-0.02859850958854944,-1.7866944681356607,-0.018569669542854588,-0.037824672446936096,paper_high,dataset_low,0.10081195580881559,0.07221344622026615,eef_height_max,20,20,0.7163183025040405
-2.8598509588549437,-1.7866944681356607,-1.856966954285457,-3.782467244693608,paper_high,dataset_low,10.081195580881559,7.221344622026615,eef_height_max_cm,20,20,0.7163182746457494
-0.013844765983519414,-2.7734116983553414,-0.010760721001429835,-0.01682209013056869,paper_high,dataset_low,0.04752686860149218,0.03368210261797277,eef_height_mean,20,20,0.7086960812300277
-0.001298676384948122,-0.636698464733611,-0.00013633956752298723,-0.0025769387193246424,paper_high,dataset_low,0.003475483828414916,0.002176807443466794,eef_height_min,20,20,0.6263332783587721
-0.027299833203601312,-1.7213600159077598,-0.017760203431345364,-0.03640262540194059,paper_high,dataset_low,0.09733647198040067,0.07003663877679936,eef_height_range,20,20,0.7195313345195863
-0.0015421290361119031,-0.8866669467835261,-0.0005669362874107817,-0.0025991738096433257,paper_high,dataset_low,0.004217085590387741,0.002674956554275838,eef_pos_endpoint_delta,20,20,0.634314896815011
-0.15864721819882574,-2.1427973777792957,-0.11624083401006285,-0.20329632261959865,paper_high,dataset_low,0.3797978096718153,0.22115059147298957,eef_pos_max_speed,20,20,0.5822850738429373
-0.22750278069982138,-6.275888861215599,-0.205062663342166,-0.24906992205842307,paper_high,dataset_low,0.5373899764200588,0.30988719572023743,eef_pos_mean_jerk,20,20,0.576652363369513
-0.009984184831533537,-2.755659440003424,-0.007778703288835181,-0.012193913208264252,paper_high,dataset_low,0.06925392859219182,0.05926974376065828,eef_pos_mean_speed,20,20,0.8558322452918335
-0.5158407564977185,-2.6539845025541795,-0.40127600225779625,-0.6328114617099948,paper_high,dataset_low,1.5541731696025498,1.0383324131048313,eef_pos_p95_jerk,20,20,0.6680931293450612
-0.013777788591625956,-0.9697679277110418,-0.005915133637944189,-0.02233481841448751,paper_high,dataset_low,0.18583819164267956,0.1720604030510536,eef_pos_p95_speed,20,20,0.9258613758105709
-0.05723759720421567,-1.4930820813454395,-0.03405586645618396,-0.08016169602572892,paper_high,dataset_low,0.5130135820886779,0.4557759848844622,eef_pos_path_len,20,20,0.8884286925592376
-1.6007703705711984,-1.0628219174243922,-0.7006733872058386,-2.473763452843124,paper_high,dataset_low,6.649851960702352,5.049081590131154,eef_pos_speed_spikiness,20,20,0.7592772925436826
-1.951447089864093,-1.093807377029924,-0.8157518002629962,-2.9879931087475478,paper_high,dataset_low,6.044031904037141,4.092584814173048,state_endpoint_delta,20,20,0.6771282617929437
-59.34214178760246,-1.1572123241727028,-30.664268924533143,-92.30426620716693,paper_high,dataset_low,208.05884271020358,148.71670092260112,state_max_speed,20,20,0.7147819289401439
-118.65953044267786,-3.9067287425158557,-101.31195719527207,-137.67874390822521,paper_high,dataset_low,311.0786047694564,192.4190743267785,state_mean_jerk,20,20,0.6185545112406453
-5.648514055658872,-2.2500326072149854,-4.14946145331791,-7.19309149427543,paper_high,dataset_low,44.885688956943866,39.237174901284995,state_mean_speed,20,20,0.8741577953761893
-419.98028563499236,-3.2140245050702356,-339.5675247440242,-499.80724911681307,paper_high,dataset_low,1004.187303444303,584.2070178093106,state_p95_jerk,20,20,0.5817709662427492
-7.953668863929167,-0.7657664391826493,-1.8059571796156044,-14.461055395572037,paper_high,dataset_low,118.78735539676936,110.83368653284019,state_p95_speed,20,20,0.9330427987331393
-29.500565916539415,-1.3180965753863232,-15.441460411734004,-42.79337236206822,paper_high,dataset_low,331.627069107296,302.1265031907566,state_path_len,20,20,0.9110429495545639
-1.1688348568548879,-0.6960593489789915,-0.25746668707238146,-2.244874446959697,paper_high,dataset_low,5.861910846250714,4.693075989395826,state_speed_spikiness,20,20,0.8006051464244757
-1.549643158409145,-0.6031197262964766,-0.06325885481967147,-3.180485802898518,dataset_high,dataset_low,6.469122617439804,4.919479459030659,action_endpoint_delta,20,20,0.760455436130382
4.206858926368454,0.10652725851504664,27.987148722688264,-19.209218133188017,dataset_high,dataset_low,257.9942153685622,262.20107429493066,action_max_speed,20,20,1.0163060203508656
38.61419668714285,1.832941931896706,51.79009481308616,25.75338733269406,dataset_high,dataset_low,266.0657466699311,304.67994335707397,action_mean_jerk,20,20,1.1451302814021924
5.05533059143837,1.9765098027390289,6.6393108938065675,3.472581879239201,dataset_high,dataset_low,47.420151058984366,52.475481650422736,action_mean_speed,20,20,1.106607222403913
129.8426676819737,0.9518671292496274,211.64562832386852,44.5726808483495,dataset_high,dataset_low,917.4433527485274,1047.2860204305011,action_p95_jerk,20,20,1.141526631907647
11.190942292863397,1.315125640265572,16.303927804202882,5.999477301765437,dataset_high,dataset_low,116.86221541948244,128.05315771234584,action_p95_speed,20,20,1.0957618529798994
-47.86016688469863,-2.011357683248444,-33.64013237895115,-62.56290824773803,dataset_high,dataset_low,451.47682735818626,403.6166604734876,action_path_len,20,20,0.8939919748180831
-0.4573873493765781,-0.3480657018648826,0.34941141556711686,-1.2448620988051542,dataset_high,dataset_low,6.6475492376851815,6.190161888308603,action_speed_spikiness,20,20,0.9311945903167471
-1.8400001287460324,-4.220114084036809,-1.576666783690452,-2.1000418061017982,dataset_high,dataset_low,9.535000085830688,7.694999957084656,duration_s,20,20,0.8070267320132908
-0.0005900842911037629,-0.3551986616175776,0.0004182629444657715,-0.001583310689300633,dataset_high,dataset_low,0.003265040845379601,0.002674956554275838,eef_displacement_final,20,20,0.8192725568305327
-0.03426880118770162,-3.44155307315645,-0.028421019524562965,-0.04024022391968075,dataset_high,dataset_low,0.1566747317498658,0.12240593056216417,eef_displacement_max,20,20,0.7812742449423506
-0.012798304000432192,-2.008244646638582,-0.00887190990572898,-0.01668992036173216,dataset_high,dataset_low,0.07747482763158482,0.06467652363115263,eef_displacement_mean,20,20,0.8348069593731604
0.0,nan,0.0,0.0,dataset_high,dataset_low,0.0,0.0,eef_displacement_min,20,20,1.0
-0.03426880118770162,-3.44155307315645,-0.028421019524562965,-0.04024022391968075,dataset_high,dataset_low,0.1566747317498658,0.12240593056216417,eef_displacement_range,20,20,0.7812742449423506
-0.00036832357768507365,-0.577144988301287,3.379414654851944e-05,-0.0007378619749286948,dataset_high,dataset_low,0.016414748077378177,0.016046424499693103,eef_height_final,20,20,0.9775614373389593
-0.055943383048902284,-7.013896640076318,-0.05118950441761733,-0.060905059464687335,dataset_high,dataset_low,0.12815682926916844,0.07221344622026615,eef_height_max,20,20,0.5634771942884443
-5.594338304890229,-7.013896640076319,-5.118950441761733,-6.090505946468732,dataset_high,dataset_low,12.815682926916844,7.221344622026615,eef_height_max_cm,20,20,0.5634771605674495
-0.015370636564003878,-6.228607565719429,-0.013871871870109081,-0.01686461078715388,dataset_high,dataset_low,0.04905273918197665,0.03368210261797277,eef_height_mean,20,20,0.6866508642159556
0.00041455476742279234,0.17900754447471365,0.001786769326118128,-0.0010205575749900264,dataset_high,dataset_low,0.0017622526760440016,0.002176807443466794,eef_height_min,20,20,1.235240054197483
-0.05635793781632506,-8.03688284019739,-0.052209284754479314,-0.060699414901737504,dataset_high,dataset_low,0.12639457659312442,0.07003663877679936,eef_height_range,20,20,0.5541111424514853
-0.0005900842911037629,-0.3551986616175776,0.0004182629444657715,-0.001583310689300633,dataset_high,dataset_low,0.003265040845379601,0.002674956554275838,eef_pos_endpoint_delta,20,20,0.8192725568305327
-0.01229231495592753,-0.48407308576318236,0.0026306476781214278,-0.027790261761388,dataset_high,dataset_low,0.2334429064289171,0.22115059147298957,eef_pos_max_speed,20,20,0.9473433799407209
0.006830701238553005,0.26722876706664433,0.022053285126400514,-0.008244414570687341,dataset_high,dataset_low,0.3030564944816844,0.30988719572023743,eef_pos_mean_jerk,20,20,1.022539365225754
-0.0047376853583627546,-1.2077544535163036,-0.002410688883269577,-0.007009767758278318,dataset_high,dataset_low,0.06400742911902103,0.05926974376065828,eef_pos_mean_speed,20,20,0.9259822698178397
0.04940347654622412,0.4586491142008568,0.11485072642499282,-0.014940172362158456,dataset_high,dataset_low,0.9889289365586071,1.0383324131048313,eef_pos_p95_jerk,20,20,1.049956548160658
-0.0010962442994803534,-0.07448625377312652,0.007658719202208009,-0.010109608593780755,dataset_high,dataset_low,0.17315664735053396,0.1720604030510536,eef_pos_p95_speed,20,20,0.9936690606283699
-0.1539636712328109,-4.0248335061666145,-0.13250357739740307,-0.17713879847468234,dataset_high,dataset_low,0.6097396561172731,0.4557759848844622,eef_pos_path_len,20,20,0.7474927747226492
1.0760444032842154,1.305064528628673,1.576288400753176,0.5805150363637711,dataset_high,dataset_low,3.9730371868469385,5.049081590131154,eef_pos_speed_spikiness,20,20,1.2708367301816808
-0.6697215093188555,-0.32339905599904767,0.6476560741948336,-1.8759544176386935,dataset_high,dataset_low,4.762306323491903,4.092584814173048,state_endpoint_delta,20,20,0.8593703423467531
-5.059338750229301,-0.5376859767143805,0.3696191932138237,-10.832708094846009,dataset_high,dataset_low,153.77603967283042,148.71670092260112,state_max_speed,20,20,0.9670993038924374
18.502502351246534,1.4695801568547444,26.19810676562273,10.878495409714898,dataset_high,dataset_low,173.91657197553198,192.4190743267785,state_mean_jerk,20,20,1.1063872300380078
2.762130025205927,1.169253977440049,4.224116676036004,1.3097965454547427,dataset_high,dataset_low,36.47504487607907,39.237174901284995,state_mean_speed,20,20,1.0757265695993732
55.51251337754229,0.9687982176120126,90.4971285261242,20.59003701205768,dataset_high,dataset_low,528.6945044317683,584.2070178093106,state_p95_jerk,20,20,1.1049992252825782
9.75770054111922,0.9499197385702848,15.873431684432498,3.448438873881865,dataset_high,dataset_low,101.07598599172097,110.83368653284019,state_p95_speed,20,20,1.0965382671701376
-45.35633874861924,-1.7926532740906507,-30.05053008500185,-61.063149825430294,dataset_high,dataset_low,347.4828419393758,302.1265031907566,state_path_len,20,20,0.8694717169510571
-0.05216605913493222,-0.10738781626306441,0.24403932679307025,-0.3556797795697956,dataset_high,dataset_low,4.745242048530758,4.693075989395826,state_speed_spikiness,20,20,0.9890066600414723
