episode_idx,step_idx,chunk_index,raw_chunk_id,policy_action_fk_z,processed_action_fk_z,robot_action_to_send_fk_z,sent_action_fk_z,actual_observation_state_fk_z
0,0,0,0,0.26144228598600405,0.26144228598600405,0.26144228598600405,0.26144228598600405,0.015072802440094499
0,1,0,0,0.2642869510187066,0.2642869510187066,0.2642869510187066,0.2642869510187066,0.014979352131950785
0,2,0,0,0.26624885518476865,0.26624885518476865,0.26624885518476865,0.26624885518476865,0.01612951783384213
0,3,0,0,0.26725422638580565,0.26725422638580565,0.26725422638580565,0.26725422638580565,0.018746224940946965
0,4,0,0,0.26765485643946535,0.26765485643946535,0.26765485643946535,0.26765485643946535,0.022956144573905587
0,5,0,0,0.26849947192877455,0.26849947192877455,0.26849947192877455,0.26849947192877455,0.026920808320780434
0,6,0,0,0.26860712711784157,0.26860712711784157,0.26860712711784157,0.26860712711784157,0.03161449898869986
0,7,0,0,0.26873865293477495,0.26873865293477495,0.26873865293477495,0.26873865293477495,0.03523572266582392
0,8,0,0,0.26983807939889043,0.26983807939889043,0.26983807939889043,0.26983807939889043,0.03772688226423
0,9,0,0,0.2701428939575985,0.2701428939575985,0.2701428939575985,0.2701428939575985,0.038657988987633896
0,10,0,0,0.26994559712398924,0.26994559712398924,0.26994559712398924,0.26994559712398924,0.039080054013290774
0,11,0,0,0.26971573894494805,0.26971573894494805,0.26971573894494805,0.26971573894494805,0.03885327605877531
0,12,0,0,0.26964788003298723,0.26964788003298723,0.26964788003298723,0.26964788003298723,0.0389512551849408
0,13,0,0,0.2697501086338729,0.2697501086338729,0.2697501086338729,0.2697501086338729,0.03920647967520827
0,14,0,0,0.26864265424523914,0.26864265424523914,0.26864265424523914,0.26864265424523914,0.0387100892685375
0,15,0,0,0.267754234583649,0.267754234583649,0.267754234583649,0.267754234583649,0.038262873332785996
0,16,0,0,0.26718634497414,0.26718634497414,0.26718634497414,0.26718634497414,0.037684678567135185
0,17,0,0,0.26628618319938524,0.26628618319938524,0.26628618319938524,0.26628618319938524,0.03731130849934777
0,18,0,0,0.2661421773610575,0.2661421773610575,0.2661421773610575,0.2661421773610575,0.03672243750028026
0,19,0,0,0.26569271601312017,0.26569271601312017,0.26569271601312017,0.26569271601312017,0.03611195334911746
0,20,0,0,0.26479047534267786,0.26479047534267786,0.26479047534267786,0.26479047534267786,0.03513497958921569
0,21,0,0,0.2642951723717698,0.2642951723717698,0.2642951723717698,0.2642951723717698,0.03481113972369039
0,22,0,0,0.2630638103753197,0.2630638103753197,0.2630638103753197,0.2630638103753197,0.03426742396503725
0,23,0,0,0.26172819788582036,0.26172819788582036,0.26172819788582036,0.26172819788582036,0.033711246297560726
0,24,0,0,0.26123063159820914,0.26123063159820914,0.26123063159820914,0.26123063159820914,0.03318500907518013
0,25,0,0,0.2610135880089411,0.2610135880089411,0.2610135880089411,0.2610135880089411,0.03195190656783441
0,26,0,0,0.2607632001737121,0.2607632001737121,0.2607632001737121,0.2607632001737121,0.03157932424715146
0,27,0,0,0.2606330497026927,0.2606330497026927,0.2606330497026927,0.2606330497026927,0.03139307538635161
0,28,0,0,0.2598038751195909,0.2598038751195909,0.2598038751195909,0.2598038751195909,0.03152088141639976
0,29,0,0,0.25920044254305824,0.25920044254305824,0.25920044254305824,0.25920044254305824,0.031520881416399735
0,30,0,0,0.2591645149985653,0.2591645149985653,0.2591645149985653,0.2591645149985653,0.03152029898116568
0,31,0,0,0.2572003801040274,0.2572003801040274,0.2572003801040274,0.2572003801040274,0.0313924957748036
0,32,0,0,0.2551641622196774,0.2551641622196774,0.2551641622196774,0.2551641622196774,0.03139249577480353
0,33,0,0,0.2524227410330383,0.2524227410330383,0.2524227410330383,0.2524227410330383,0.03139249577480353
0,34,0,0,0.24960520785252593,0.24960520785252593,0.24960520785252593,0.24960520785252593,0.03139307538635161
0,35,0,0,0.24600786841061986,0.24600786841061986,0.24600786841061986,0.24600786841061986,0.03139307538635161
0,36,0,0,0.24424140148765414,0.24424140148765414,0.24424140148765414,0.24424140148765414,0.030756150727033568
0,37,0,0,0.2410624795048834,0.2410624795048834,0.2410624795048834,0.2410624795048834,0.028367987376160128
0,38,0,0,0.23720074141858244,0.23720074141858244,0.23720074141858244,0.23720074141858244,0.024942950770269312
0,39,0,0,0.23448036508740688,0.23448036508740688,0.23448036508740688,0.23448036508740688,0.02128600750130577
0,40,0,0,0.23092395708309968,0.23092395708309968,0.23092395708309968,0.23092395708309968,0.017605079035122248
0,41,0,0,0.2283119748727364,0.2283119748727364,0.2283119748727364,0.2283119748727364,0.013718825262326886
0,42,0,0,0.2273555858107023,0.2273555858107023,0.2273555858107023,0.2273555858107023,0.010637484320785845
0,43,0,0,0.22650876852211932,0.22650876852211932,0.22650876852211932,0.22650876852211932,0.007797962480284901
0,44,0,0,0.22590060148736862,0.22590060148736862,0.22590060148736862,0.22590060148736862,0.006532652173097425
0,45,0,0,0.22444554703609831,0.22444554703609831,0.22444554703609831,0.22444554703609831,0.005847885571801437
0,46,0,0,0.2238690358052147,0.2238690358052147,0.2238690358052147,0.2238690358052147,0.005445918522089643
0,47,0,0,0.22398096203615006,0.22398096203615006,0.22398096203615006,0.22398096203615006,0.005173382619891517
0,48,0,0,0.2240649689197364,0.2240649689197364,0.2240649689197364,0.2240649689197364,0.00490246763352431
0,49,0,0,0.2253642659834104,0.2253642659834104,0.2253642659834104,0.2253642659834104,0.0046330770968190105
0,50,1,1,0.22399437428968766,0.22399437428968766,0.22399437428968766,0.22399437428968766,0.004543619167075241
0,51,1,1,0.22418252543675948,0.22418252543675948,0.22418252543675948,0.22418252543675948,0.004688299757433942
0,52,1,1,0.22355231782180143,0.22355231782180143,0.22355231782180143,0.22355231782180143,0.004743396207236433
0,53,1,1,0.22332631857321775,0.22332631857321775,0.22332631857321775,0.22332631857321775,0.004639978138307396
0,54,1,1,0.22370115561627657,0.22370115561627657,0.22370115561627657,0.22370115561627657,0.00427160021936486
0,55,1,1,0.2241120050845849,0.2241120050845849,0.2241120050845849,0.2241120050845849,0.00420414164616012
0,56,1,1,0.22482489807185013,0.22482489807185013,0.22482489807185013,0.22482489807185013,0.004824699411093578
0,57,1,1,0.22476726813601178,0.22476726813601178,0.22476726813601178,0.22476726813601178,0.004983589905093455
0,58,1,1,0.22445657731556665,0.22445657731556665,0.22445657731556665,0.22445657731556665,0.005266609221932672
0,59,1,1,0.2252149613132588,0.2252149613132588,0.2252149613132588,0.2252149613132588,0.005266609221932672
0,60,1,1,0.22530253888976065,0.22530253888976065,0.22530253888976065,0.22530253888976065,0.005266609221932714
0,61,1,1,0.2256819335600533,0.2256819335600533,0.2256819335600533,0.2256819335600533,0.005550018206397167
0,62,1,1,0.2261791093493491,0.2261791093493491,0.2261791093493491,0.2261791093493491,0.005602351780337397
0,63,1,1,0.22714557793108325,0.22714557793108325,0.22714557793108325,0.22714557793108325,0.005743969131614235
0,64,1,1,0.22903304665126709,0.22903304665126709,0.22903304665126709,0.22903304665126709,0.005743969131614235
0,65,1,1,0.23197441320284248,0.23197441320284248,0.23197441320284248,0.23197441320284248,0.005885527955352618
0,66,1,1,0.23361135196511576,0.23361135196511576,0.23361135196511576,0.23361135196511576,0.006453039649203712
0,67,1,1,0.2363751350226136,0.2363751350226136,0.2363751350226136,0.2363751350226136,0.0068792549056821695
0,68,1,1,0.2390821907869984,0.2390821907869984,0.2390821907869984,0.2390821907869984,0.007397543681986585
0,69,1,1,0.24276197348991974,0.24276197348991974,0.24276197348991974,0.24276197348991974,0.007908965836690277
0,70,1,1,0.24529487379732895,0.24529487379732895,0.24529487379732895,0.24529487379732895,0.009082216633899423
0,71,1,1,0.24730488500081482,0.24730488500081482,0.24730488500081482,0.24730488500081482,0.011057272186383485
0,72,1,1,0.2510094630739509,0.2510094630739509,0.2510094630739509,0.2510094630739509,0.013554962354735384
0,73,1,1,0.2551553795659956,0.2551553795659956,0.2551553795659956,0.2551553795659956,0.01668529382054805
0,74,1,1,0.25918325143685156,0.25918325143685156,0.25918325143685156,0.25918325143685156,0.020741581033498907
0,75,1,1,0.26313546487251377,0.26313546487251377,0.26313546487251377,0.26313546487251377,0.02495546149053046
0,76,1,1,0.26614101640730153,0.26614101640730153,0.26614101640730153,0.26614101640730153,0.02954873938258354
0,77,1,1,0.26723111503229585,0.26723111503229585,0.26723111503229585,0.26723111503229585,0.03473586878753693
0,78,1,1,0.26903858088106203,0.26903858088106203,0.26903858088106203,0.26903858088106203,0.040287882057436566
0,79,1,1,0.2705885755193923,0.2705885755193923,0.2705885755193923,0.2705885755193923,0.04509126236988592
0,80,1,1,0.2719637290005188,0.2719637290005188,0.2719637290005188,0.2719637290005188,0.04995943156471695
0,81,1,1,0.2736961027500878,0.2736961027500878,0.2736961027500878,0.2736961027500878,0.05448801339672244
0,82,1,1,0.27407938797454956,0.27407938797454956,0.27407938797454956,0.27407938797454956,0.05817762239334471
0,83,1,1,0.27463236065568747,0.27463236065568747,0.27463236065568747,0.27463236065568747,0.06285378491832355
0,84,1,1,0.275189078031384,0.275189078031384,0.275189078031384,0.275189078031384,0.06708033967555765
0,85,1,1,0.2760177638027967,0.2760177638027967,0.2760177638027967,0.2760177638027967,0.07209106699878581
0,86,1,1,0.2761559283304085,0.2761559283304085,0.2761559283304085,0.2761559283304085,0.07663214213275135
0,87,1,1,0.27616574805133065,0.27616574805133065,0.27616574805133065,0.27616574805133065,0.08096066068846344
0,88,1,1,0.27623813754991877,0.27623813754991877,0.27623813754991877,0.27623813754991877,0.0855899959953553
0,89,1,1,0.27595035746390295,0.27595035746390295,0.27595035746390295,0.27595035746390295,0.08942469560389263
0,90,1,1,0.2759399151377501,0.2759399151377501,0.2759399151377501,0.2759399151377501,0.09264501238259161
0,91,1,1,0.27625266096723,0.27625266096723,0.27625266096723,0.27625266096723,0.09518552913983151
0,92,1,1,0.2761309694343085,0.2761309694343085,0.2761309694343085,0.2761309694343085,0.09771386734106446
0,93,1,1,0.2762511859053323,0.2762511859053323,0.2762511859053323,0.2762511859053323,0.099813381026277
0,94,1,1,0.27587791327173405,0.27587791327173405,0.27587791327173405,0.27587791327173405,0.10183109946408896
0,95,1,1,0.2758450347523228,0.2758450347523228,0.2758450347523228,0.2758450347523228,0.10287448826994319
0,96,1,1,0.2754233961939328,0.2754233961939328,0.2754233961939328,0.2754233961939328,0.10433522971084588
0,97,1,1,0.2754675050024062,0.2754675050024062,0.2754675050024062,0.2754675050024062,0.10600174089289413
0,98,1,1,0.27513151631585253,0.27513151631585253,0.27513151631585253,0.27513151631585253,0.10724543129148813
0,99,1,1,0.27476258045321006,0.27476258045321006,0.27476258045321006,0.27476258045321006,0.10848662756807392
0,100,2,2,0.272923179186795,0.272923179186795,0.272923179186795,0.272923179186795,0.10951584771332096
0,101,2,2,0.2718930839140143,0.2718930839140143,0.2718930839140143,0.2718930839140143,0.12269739529379742
0,102,2,2,0.27082372210540906,0.27082372210540906,0.27082372210540906,0.27082372210540906,0.12302231199715855
0,103,2,2,0.2708336228880495,0.2708336228880495,0.2708336228880495,0.2708336228880495,0.12305259837263748
0,104,2,2,0.2714506329729799,0.2714506329729799,0.2714506329729799,0.2714506329729799,0.12304700556742967
0,105,2,2,0.27092462860019034,0.27092462860019034,0.27092462860019034,0.27092462860019034,0.12345879055314252
0,106,2,2,0.2704522284836459,0.2704522284836459,0.2704522284836459,0.2704522284836459,0.12408044196792062
0,107,2,2,0.2708177578036581,0.2708177578036581,0.2708177578036581,0.2708177578036581,0.1253287323103319
0,108,2,2,0.271107777877546,0.271107777877546,0.271107777877546,0.271107777877546,0.12678274369242395
0,109,2,2,0.27168747978418956,0.27168747978418956,0.27168747978418956,0.27168747978418956,0.12843854696598156
0,110,2,2,0.2719435068576145,0.2719435068576145,0.2719435068576145,0.2719435068576145,0.1296452741503717
0,111,2,2,0.27225666238375595,0.27225666238375595,0.27225666238375595,0.27225666238375595,0.13061518966463015
0,112,2,2,0.27261923798643634,0.27261923798643634,0.27261923798643634,0.27261923798643634,0.13060187308411436
0,113,2,2,0.2721401782242779,0.2721401782242779,0.2721401782242779,0.2721401782242779,0.13097819330684535
0,114,2,2,0.2722325587996781,0.2722325587996781,0.2722325587996781,0.2722325587996781,0.13096682053443492
0,115,2,2,0.2719479418062313,0.2719479418062313,0.2719479418062313,0.2719479418062313,0.1313721646640384
0,116,2,2,0.27167152968977737,0.27167152968977737,0.27167152968977737,0.27167152968977737,0.13177709126203274
0,117,2,2,0.27187671049421197,0.27187671049421197,0.27187671049421197,0.27187671049421197,0.131765755698062
0,118,2,2,0.2716945048375341,0.2716945048375341,0.2716945048375341,0.2716945048375341,0.13172762584093756
0,119,2,2,0.27118358517470514,0.27118358517470514,0.27118358517470514,0.27118358517470514,0.13150724736804387
0,120,2,2,0.27104616059983927,0.27104616059983927,0.27104616059983927,0.27104616059983927,0.13045285016048908
0,121,2,2,0.27021445669012933,0.27021445669012933,0.27021445669012933,0.27021445669012933,0.12898154692629954
0,122,2,2,0.26966900100675356,0.26966900100675356,0.26966900100675356,0.26966900100675356,0.12729501748680846
0,123,2,2,0.26951249441629077,0.26951249441629077,0.26951249441629077,0.26951249441629077,0.12584164043574622
0,124,2,2,0.2697271653185396,0.2697271653185396,0.2697271653185396,0.2697271653185396,0.12519998400928192
0,125,2,2,0.2697551243238556,0.2697551243238556,0.2697551243238556,0.2697551243238556,0.12455589672314735
0,126,2,2,0.2695276146493766,0.2695276146493766,0.2695276146493766,0.2695276146493766,0.12303664292365998
0,127,2,2,0.2699566789933134,0.2699566789933134,0.2699566789933134,0.2699566789933134,0.12151314307590268
0,128,2,2,0.2699447617132934,0.2699447617132934,0.2699447617132934,0.2699447617132934,0.11963196632239151
0,129,2,2,0.26993382914938335,0.26993382914938335,0.26993382914938335,0.26993382914938335,0.1175355660763997
0,130,2,2,0.27008949734339727,0.27008949734339727,0.27008949734339727,0.27008949734339727,0.11561041350883156
0,131,2,2,0.2698925934431706,0.2698925934431706,0.2698925934431706,0.2698925934431706,0.11368084741572508
0,132,2,2,0.2697552402012587,0.2697552402012587,0.2697552402012587,0.2697552402012587,0.11110057836058032
0,133,2,2,0.2700139552686743,0.2700139552686743,0.2700139552686743,0.2700139552686743,0.10846874647702581
0,134,2,2,0.2702226392505456,0.2702226392505456,0.2702226392505456,0.2702226392505456,0.10651892852384538
0,135,2,2,0.27063293430511426,0.27063293430511426,0.27063293430511426,0.27063293430511426,0.10395495579586753
0,136,2,2,0.2713840699781536,0.2713840699781536,0.2713840699781536,0.2713840699781536,0.10155446661625875
0,137,2,2,0.2714139019094333,0.2714139019094333,0.2714139019094333,0.2714139019094333,0.09936708919336068
0,138,2,2,0.2706298269471229,0.2706298269471229,0.2706298269471229,0.2706298269471229,0.0971743327384478
0,139,2,2,0.27023365990056475,0.27023365990056475,0.27023365990056475,0.27023365990056475,0.09541247591153111
0,140,2,2,0.26972916370764255,0.26972916370764255,0.26972916370764255,0.26972916370764255,0.09337593563636179
0,141,2,2,0.27035226373997895,0.27035226373997895,0.27035226373997895,0.27035226373997895,0.09077612354294362
0,142,2,2,0.27101605771984993,0.27101605771984993,0.27101605771984993,0.27101605771984993,0.0885653485641893
0,143,2,2,0.27192885928990107,0.27192885928990107,0.27192885928990107,0.27192885928990107,0.08635060555690999
0,144,2,2,0.27156418998230863,0.27156418998230863,0.27156418998230863,0.27156418998230863,0.08524182995837384
0,145,2,2,0.27362928838717554,0.27362928838717554,0.27362928838717554,0.27362928838717554,0.08413088936950876
0,146,2,2,0.2742145378279796,0.2742145378279796,0.2742145378279796,0.2742145378279796,0.0830191187132964
0,147,2,2,0.27581876738976446,0.27581876738976446,0.27581876738976446,0.27581876738976446,0.08251644651205217
0,148,2,2,0.27562384415110097,0.27562384415110097,0.27562384415110097,0.27562384415110097,0.0810189690052058
0,149,2,2,0.275482190265817,0.275482190265817,0.275482190265817,0.275482190265817,0.07917875784753364
0,150,3,3,0.2824270726883325,0.2824270726883325,0.2824270726883325,0.2824270726883325,0.07723156465869926
0,151,3,3,0.28186197022116727,0.28186197022116727,0.28186197022116727,0.28186197022116727,0.07410429593648968
0,152,3,3,0.28183213369861604,0.28183213369861604,0.28183213369861604,0.28183213369861604,0.075219051979425
0,153,3,3,0.2827574384565881,0.2827574384565881,0.2827574384565881,0.2827574384565881,0.07544524442375308
0,154,3,3,0.2835387390987665,0.2835387390987665,0.2835387390987665,0.2835387390987665,0.07560849240578905
0,155,3,3,0.2828740430974195,0.2828740430974195,0.2828740430974195,0.2828740430974195,0.07560849240578901
0,156,3,3,0.2834335103250122,0.2834335103250122,0.2834335103250122,0.2834335103250122,0.0752237659694156
0,157,3,3,0.28313416869661906,0.28313416869661906,0.28313416869661906,0.28313416869661906,0.07477721015098235
0,158,3,3,0.28340599769582653,0.28340599769582653,0.28340599769582653,0.28340599769582653,0.07366334422315116
0,159,3,3,0.28340685413489225,0.28340685413489225,0.28340685413489225,0.28340685413489225,0.0727718501402716
0,160,3,3,0.2814350855057768,0.2814350855057768,0.2814350855057768,0.2814350855057768,0.07209842095009047
0,161,3,3,0.2810265339647158,0.2810265339647158,0.2810265339647158,0.2810265339647158,0.07047039714646076
0,162,3,3,0.2806586460683368,0.2806586460683368,0.2806586460683368,0.2806586460683368,0.06868075388180499
0,163,3,3,0.2803188071892833,0.2803188071892833,0.2803188071892833,0.2803188071892833,0.06673322470444867
0,164,3,3,0.2800649760968154,0.2800649760968154,0.2800649760968154,0.2800649760968154,0.06583754193225544
0,165,3,3,0.2797251513001559,0.2797251513001559,0.2797251513001559,0.2797251513001559,0.06516620627858385
0,166,3,3,0.2798491755520927,0.2798491755520927,0.2798491755520927,0.2798491755520927,0.06449161534324753
0,167,3,3,0.27868213849762746,0.27868213849762746,0.27868213849762746,0.27868213849762746,0.06442186318497276
0,168,3,3,0.2779394368309432,0.2779394368309432,0.2779394368309432,0.2779394368309432,0.06396946620535865
0,169,3,3,0.2777820599886315,0.2777820599886315,0.2777820599886315,0.2777820599886315,0.06313925566862919
0,170,3,3,0.27656714050690184,0.27656714050690184,0.27656714050690184,0.27656714050690184,0.062243159841131615
0,171,3,3,0.27675782663974824,0.27675782663974824,0.27675782663974824,0.27675782663974824,0.06201861174858368
0,172,3,3,0.27620360510930037,0.27620360510930037,0.27620360510930037,0.27620360510930037,0.061571540499865955
0,173,3,3,0.2757539574796416,0.2757539574796416,0.2757539574796416,0.2757539574796416,0.06157154049986596
0,174,3,3,0.2754059929809395,0.2754059929809395,0.2754059929809395,0.2754059929809395,0.061347992884500095
0,175,3,3,0.27598164860615454,0.27598164860615454,0.27598164860615454,0.27598164860615454,0.061347992884500116
0,176,3,3,0.2756746612018089,0.2756746612018089,0.2756746612018089,0.2756746612018089,0.06112444202617042
0,177,3,3,0.27684369272038545,0.27684369272038545,0.27684369272038545,0.27684369272038545,0.06089987452923474
0,178,3,3,0.27656174840309433,0.27656174840309433,0.27656174840309433,0.27656174840309433,0.060674303002202404
0,179,3,3,0.2774273385515669,0.2774273385515669,0.2774273385515669,0.2774273385515669,0.06067330027293714
0,180,3,3,0.27733287225344366,0.27733287225344366,0.27733287225344366,0.27733287225344366,0.06067330027293711
0,181,3,3,0.27764234139753446,0.27764234139753446,0.27764234139753446,0.27764234139753446,0.06067330027293715
0,182,3,3,0.27823253912670154,0.27823253912670154,0.27823253912670154,0.27823253912670154,0.060672298266259014
0,183,3,3,0.2787453951281897,0.2787453951281897,0.2787453951281897,0.2787453951281897,0.06066929643247134
0,184,3,3,0.2789223317679497,0.2789223317679497,0.2789223317679497,0.2789223317679497,0.0606663009520348
0,185,3,3,0.28005155448618846,0.28005155448618846,0.28005155448618846,0.28005155448618846,0.06066331186397356
0,186,3,3,0.28001877676528786,0.28001877676528786,0.28001877676528786,0.28001877676528786,0.06066231690790946
0,187,3,3,0.28070452177361604,0.28070452177361604,0.28070452177361604,0.28070452177361604,0.06066231690790952
0,188,3,3,0.2828045642125397,0.2828045642125397,0.2828045642125397,0.2828045642125397,0.060884852050907684
0,189,3,3,0.28341299347198307,0.28341299347198307,0.28341299347198307,0.28341299347198307,0.061108375499824945
0,190,3,3,0.2850792604616774,0.2850792604616774,0.2850792604616774,0.2850792604616774,0.06200239777866147
0,191,3,3,0.2861880102615875,0.2861880102615875,0.2861880102615875,0.2861880102615875,0.06379213027336067
0,192,3,3,0.2874656948949422,0.2874656948949422,0.2874656948949422,0.2874656948949422,0.06580780922533029
0,193,3,3,0.2882287831341925,0.2882287831341925,0.2882287831341925,0.2882287831341925,0.06983774098290235
0,194,3,3,0.2891979260888615,0.2891979260888615,0.2891979260888615,0.2891979260888615,0.07437543246591424
0,195,3,3,0.28988791905933986,0.28988791905933986,0.28988791905933986,0.28988791905933986,0.07841765422801272
0,196,3,3,0.289279070145792,0.289279070145792,0.289279070145792,0.289279070145792,0.0820391751761696
0,197,3,3,0.2888516768682007,0.2888516768682007,0.2888516768682007,0.2888516768682007,0.08558888526771571
0,198,3,3,0.28797693311922623,0.28797693311922623,0.28797693311922623,0.28797693311922623,0.08659736045225759
0,199,3,3,0.287957096974907,0.287957096974907,0.287957096974907,0.287957096974907,0.0857840695266681
0,200,4,4,0.2884527813874611,0.2884527813874611,0.2884527813874611,0.2884527813874611,0.08300350969346777
0,201,4,4,0.28756085559967043,0.28756085559967043,0.28756085559967043,0.28756085559967043,0.07580695949672067
0,202,4,4,0.2870605083464643,0.2870605083464643,0.2870605083464643,0.2870605083464643,0.07726651151072067
0,203,4,4,0.28676655114263927,0.28676655114263927,0.28676655114263927,0.28676655114263927,0.07762820507945205
0,204,4,4,0.2851058000794087,0.2851058000794087,0.2851058000794087,0.2851058000794087,0.07663026681266286
0,205,4,4,0.28505319918235467,0.28505319918235467,0.28505319918235467,0.28505319918235467,0.07534180543854438
0,206,4,4,0.28360454747351505,0.28360454747351505,0.28360454747351505,0.28360454747351505,0.07387499053344485
0,207,4,4,0.28238058500374974,0.28238058500374974,0.28238058500374974,0.28238058500374974,0.07298730200091749
0,208,4,4,0.28053338571814784,0.28053338571814784,0.28053338571814784,0.28053338571814784,0.07089186630591773
0,209,4,4,0.27888368220790366,0.27888368220790366,0.27888368220790366,0.27888368220790366,0.06887625323552089
0,210,4,4,0.27674848704912336,0.27674848704912336,0.27674848704912336,0.27674848704912336,0.06585536903985056
0,211,4,4,0.2749553067535429,0.2749553067535429,0.2749553067535429,0.2749553067535429,0.06340268809140474
0,212,4,4,0.27305734896827394,0.27305734896827394,0.27305734896827394,0.27305734896827394,0.06086649004240275
0,213,4,4,0.2708781704980732,0.2708781704980732,0.2708781704980732,0.2708781704980732,0.05830832980759505
0,214,4,4,0.26907183458580153,0.26907183458580153,0.26907183458580153,0.26907183458580153,0.054576286591749554
0,215,4,4,0.26698144686961783,0.26698144686961783,0.26698144686961783,0.26698144686961783,0.05114424953601624
0,216,4,4,0.2649479316841067,0.2649479316841067,0.2649479316841067,0.2649479316841067,0.04760961721418117
0,217,4,4,0.26186232362155276,0.26186232362155276,0.26186232362155276,0.26186232362155276,0.044934447781603756
0,218,4,4,0.2596241836284216,0.2596241836284216,0.2596241836284216,0.2596241836284216,0.04322246086778313
0,219,4,4,0.25661446867117493,0.25661446867117493,0.25661446867117493,0.25661446867117493,0.04126806170506081
0,220,4,4,0.2529204979273501,0.2529204979273501,0.2529204979273501,0.2529204979273501,0.03845280973938628
0,221,4,4,0.2513226120547767,0.2513226120547767,0.2513226120547767,0.2513226120547767,0.035331831494467766
0,222,4,4,0.24935547572994776,0.24935547572994776,0.24935547572994776,0.24935547572994776,0.031704027154454625
0,223,4,4,0.24704579797516174,0.24704579797516174,0.24704579797516174,0.24704579797516174,0.028540518280898625
0,224,4,4,0.24480825140503581,0.24480825140503581,0.24480825140503581,0.24480825140503581,0.025370234299380998
0,225,4,4,0.2431126206476587,0.2431126206476587,0.2431126206476587,0.2431126206476587,0.022875650481644777
0,226,4,4,0.2425220035809147,0.2425220035809147,0.2425220035809147,0.2425220035809147,0.020975458845518546
0,227,4,4,0.2398220673316882,0.2398220673316882,0.2398220673316882,0.2398220673316882,0.01953756016782443
0,228,4,4,0.24021804580495285,0.24021804580495285,0.24021804580495285,0.24021804580495285,0.018730050341385723
0,229,4,4,0.23926038949646206,0.23926038949646206,0.23926038949646206,0.23926038949646206,0.018423773741087182
0,230,4,4,0.23932656057497678,0.23932656057497678,0.23932656057497678,0.23932656057497678,0.018125084888912776
0,231,4,4,0.23902085548416985,0.23902085548416985,0.23902085548416985,0.23902085548416985,0.017913651286244586
0,232,4,4,0.23858079606086616,0.23858079606086616,0.23858079606086616,0.23858079606086616,0.017807942379553646
0,233,4,4,0.2390002971047152,0.2390002971047152,0.2390002971047152,0.2390002971047152,0.017808014164601815
0,234,4,4,0.23869189507171534,0.23869189507171534,0.23869189507171534,0.23869189507171534,0.017610612133360556
0,235,4,4,0.2396085366188585,0.2396085366188585,0.2396085366188585,0.2396085366188585,0.017512150499011198
0,236,4,4,0.23915078722919378,0.23915078722919378,0.23915078722919378,0.23915078722919378,0.017512177736348958
0,237,4,4,0.23958187647140805,0.23958187647140805,0.23958187647140805,0.23958187647140805,0.017512177736348916
0,238,4,4,0.23946727671423224,0.23946727671423224,0.23946727671423224,0.23946727671423224,0.017512177736348958
0,239,4,4,0.23889604806810763,0.23889604806810763,0.23889604806810763,0.23889604806810763,0.017512177736348986
0,240,4,4,0.2393383296376298,0.2393383296376298,0.2393383296376298,0.2393383296376298,0.017603726233878278
0,241,4,4,0.2390818738085927,0.2390818738085927,0.2390818738085927,0.2390818738085927,0.01769532469554211
0,242,4,4,0.2389455561928437,0.2389455561928437,0.2389455561928437,0.2389455561928437,0.01769532469554208
0,243,4,4,0.23883091791269187,0.23883091791269187,0.23883091791269187,0.23883091791269187,0.01769532469554208
0,244,4,4,0.23878786499492438,0.23878786499492438,0.23878786499492438,0.23878786499492438,0.01769532469554211
1,0,0,0,0.2620907371867295,0.2620907371867295,0.2620907371867295,0.2620907371867295,0.016349986896258703
1,1,0,0,0.26502725756495255,0.26502725756495255,0.26502725756495255,0.26502725756495255,0.01653624163114245
1,2,0,0,0.2669124720935456,0.2669124720935456,0.2669124720935456,0.2669124720935456,0.018580919576541177
1,3,0,0,0.2679713293771624,0.2679713293771624,0.2679713293771624,0.2679713293771624,0.025251872269408962
1,4,0,0,0.2685975819308662,0.2685975819308662,0.2685975819308662,0.2685975819308662,0.030222194594663188
1,5,0,0,0.26929481029771635,0.26929481029771635,0.26929481029771635,0.26929481029771635,0.033754579772450236
1,6,0,0,0.26959557811147644,0.26959557811147644,0.26959557811147644,0.26959557811147644,0.03624126057702641
1,7,0,0,0.2700703837836589,0.2700703837836589,0.2700703837836589,0.2700703837836589,0.03796585861144228
1,8,0,0,0.2713369339954246,0.2713369339954246,0.2713369339954246,0.2713369339954246,0.03850852709749007
1,9,0,0,0.2718683170118444,0.2718683170118444,0.2718683170118444,0.2718683170118444,0.038626429418998964
1,10,0,0,0.2718593688600983,0.2718593688600983,0.2718593688600983,0.2718593688600983,0.03841841309413854
1,11,0,0,0.2718265837589182,0.2718265837589182,0.2718265837589182,0.2718265837589182,0.03871450073175085
1,12,0,0,0.271869134680972,0.271869134680972,0.271869134680972,0.271869134680972,0.0390481547835185
1,13,0,0,0.2722224687840338,0.2722224687840338,0.2722224687840338,0.2722224687840338,0.03961002245491842
1,14,0,0,0.2712795944172953,0.2712795944172953,0.2712795944172953,0.2712795944172953,0.04002705475011041
1,15,0,0,0.2702934462650753,0.2702934462650753,0.2702934462650753,0.2702934462650753,0.03992157750124094
1,16,0,0,0.27024522847605925,0.27024522847605925,0.27024522847605925,0.27024522847605925,0.040015589974709845
1,17,0,0,0.2690257639144232,0.2690257639144232,0.2690257639144232,0.2690257639144232,0.03984661465368464
1,18,0,0,0.2690389488833335,0.2690389488833335,0.2690389488833335,0.2690389488833335,0.03908310237535832
1,19,0,0,0.26867055350859065,0.26867055350859065,0.26867055350859065,0.26867055350859065,0.0382907321827991
1,20,0,0,0.2676841098142141,0.2676841098142141,0.2676841098142141,0.2676841098142141,0.037924279000279296
1,21,0,0,0.26750138514927935,0.26750138514927935,0.26750138514927935,0.26750138514927935,0.03743659099809314
1,22,0,0,0.2664598281594337,0.2664598281594337,0.2664598281594337,0.2664598281594337,0.036834050872214835
1,23,0,0,0.26488333079925014,0.26488333079925014,0.26488333079925014,0.26488333079925014,0.036149503088844126
1,24,0,0,0.2643887023572347,0.2643887023572347,0.2643887023572347,0.2643887023572347,0.03550717054053448
1,25,0,0,0.26415491033524474,0.26415491033524474,0.26415491033524474,0.26415491033524474,0.03512633497302804
1,26,0,0,0.2636912092529892,0.2636912092529892,0.2636912092529892,0.2636912092529892,0.03412432504759004
1,27,0,0,0.264162089101529,0.264162089101529,0.264162089101529,0.264162089101529,0.033195601156914264
1,28,0,0,0.26363324036966634,0.26363324036966634,0.26363324036966634,0.26363324036966634,0.032441945475478684
1,29,0,0,0.26306820017895827,0.26306820017895827,0.26306820017895827,0.26306820017895827,0.03206560837417925
1,30,0,0,0.26325170382241714,0.26325170382241714,0.26325170382241714,0.26325170382241714,0.03206560837417921
1,31,0,0,0.2622181631333469,0.2622181631333469,0.2622181631333469,0.2622181631333469,0.03206560837417921
1,32,0,0,0.26144599240729294,0.26144599240729294,0.26144599240729294,0.26144599240729294,0.032065007496530046
1,33,0,0,0.2605386043163443,0.2605386043163443,0.2605386043163443,0.2605386043163443,0.03200619000155773
1,34,0,0,0.2588209963817223,0.2588209963817223,0.2588209963817223,0.2588209963817223,0.03168940194368436
1,35,0,0,0.257408605824991,0.257408605824991,0.257408605824991,0.257408605824991,0.03168940194368436
1,36,0,0,0.25675525124896037,0.25675525124896037,0.25675525124896037,0.25675525124896037,0.031817953131628426
1,37,0,0,0.2542056658541726,0.2542056658541726,0.2542056658541726,0.2542056658541726,0.03168940194368439
1,38,0,0,0.25067485220484953,0.25067485220484953,0.25067485220484953,0.25067485220484953,0.0316894019436843
1,39,0,0,0.24821990949926176,0.24821990949926176,0.24821990949926176,0.24821990949926176,0.03131390602662361
1,40,0,0,0.24392291544941982,0.24392291544941982,0.24392291544941982,0.24392291544941982,0.030186991652816145
1,41,0,0,0.24062042257544738,0.24062042257544738,0.24062042257544738,0.24062042257544738,0.02892651599758722
1,42,0,0,0.23860017529055208,0.23860017529055208,0.23860017529055208,0.23860017529055208,0.026128900947056416
1,43,0,0,0.23664899955867635,0.23664899955867635,0.23664899955867635,0.23664899955867635,0.019940146268458747
1,44,0,0,0.23474573816963495,0.23474573816963495,0.23474573816963495,0.23474573816963495,0.017779444996114446
1,45,0,0,0.23221771869087815,0.23221771869087815,0.23221771869087815,0.23221771869087815,0.015674236218646193
1,46,0,0,0.23015519031797388,0.23015519031797388,0.23015519031797388,0.23015519031797388,0.013684605388461252
1,47,0,0,0.22911854434680104,0.22911854434680104,0.22911854434680104,0.22911854434680104,0.01179607132733805
1,48,0,0,0.22717769976422592,0.22717769976422592,0.22717769976422592,0.22717769976422592,0.009800253813206913
1,49,0,0,0.22748834945087437,0.22748834945087437,0.22748834945087437,0.22748834945087437,0.007922147606928123
1,50,1,1,0.22553154422142763,0.22553154422142763,0.22553154422142763,0.22553154422142763,0.0066346098352336735
1,51,1,1,0.22454924041293978,0.22454924041293978,0.22454924041293978,0.22454924041293978,0.005692987083847426
1,52,1,1,0.2237215976402085,0.2237215976402085,0.2237215976402085,0.2237215976402085,0.005844514200874548
1,53,1,1,0.22300726883856564,0.22300726883856564,0.22300726883856564,0.22300726883856564,0.005067624195288736
1,54,1,1,0.22335089061216903,0.22335089061216903,0.22335089061216903,0.22335089061216903,0.004213677081658651
1,55,1,1,0.2240623835584787,0.2240623835584787,0.2240623835584787,0.2240623835584787,0.003943679690495874
1,56,1,1,0.22530203966194126,0.22530203966194126,0.22530203966194126,0.22530203966194126,0.004090809802940465
1,57,1,1,0.22508328965621788,0.22508328965621788,0.22508328965621788,0.22508328965621788,0.004533216136911086
1,58,1,1,0.2247998256164086,0.2247998256164086,0.2247998256164086,0.2247998256164086,0.004590201914871139
1,59,1,1,0.2252167657897774,0.2252167657897774,0.2252167657897774,0.2252167657897774,0.0047377275418979264
1,60,1,1,0.2244959470159778,0.2244959470159778,0.2244959470159778,0.2244959470159778,0.004941951050033699
1,61,1,1,0.22411145209834638,0.22411145209834638,0.22411145209834638,0.22411145209834638,0.005054822610168708
1,62,1,1,0.22380769098214243,0.22380769098214243,0.22380769098214243,0.22380769098214243,0.005132236324688913
1,63,1,1,0.22418918133947616,0.22418918133947616,0.22418918133947616,0.22418918133947616,0.004826001895926815
1,64,1,1,0.22472920334249255,0.22472920334249255,0.22472920334249255,0.22472920334249255,0.00461184197459176
1,65,1,1,0.22619541349519307,0.22619541349519307,0.22619541349519307,0.22619541349519307,0.004611841974591732
1,66,1,1,0.2269786367407688,0.2269786367407688,0.2269786367407688,0.2269786367407688,0.004902467633524282
1,67,1,1,0.22798755186860384,0.22798755186860384,0.22798755186860384,0.22798755186860384,0.005193358739943657
1,68,1,1,0.22912071021917968,0.22912071021917968,0.22912071021917968,0.22912071021917968,0.0054845095246432995
1,69,1,1,0.2317498674108118,0.2317498674108118,0.2317498674108118,0.2317498674108118,0.005539311270732053
1,70,1,1,0.2326428867115485,0.2326428867115485,0.2326428867115485,0.2326428867115485,0.005976184294029366
1,71,1,1,0.23439499410614556,0.23439499410614556,0.23439499410614556,0.23439499410614556,0.006267755315580978
1,72,1,1,0.23805462849992678,0.23805462849992678,0.23805462849992678,0.23805462849992678,0.006651734790925373
1,73,1,1,0.24214338203658098,0.24214338203658098,0.24214338203658098,0.24214338203658098,0.00694418697830157
1,74,1,1,0.2462100687713547,0.2462100687713547,0.2462100687713547,0.2462100687713547,0.007516501240369386
1,75,1,1,0.2503898691506035,0.2503898691506035,0.2503898691506035,0.2503898691506035,0.008841198613719542
1,76,1,1,0.2533520923233398,0.2533520923233398,0.2533520923233398,0.2533520923233398,0.01108784779985221
1,77,1,1,0.2553611953506141,0.2553611953506141,0.2553611953506141,0.2553611953506141,0.014671829697970151
1,78,1,1,0.2580427168029463,0.2580427168029463,0.2580427168029463,0.2580427168029463,0.019060849027312574
1,79,1,1,0.26070321249061146,0.26070321249061146,0.26070321249061146,0.26070321249061146,0.023523996803738942
1,80,1,1,0.2636823095748114,0.2636823095748114,0.2636823095748114,0.2636823095748114,0.02846020659393922
1,81,1,1,0.2675146550892044,0.2675146550892044,0.2675146550892044,0.2675146550892044,0.0328655621621594
1,82,1,1,0.26898801198471906,0.26898801198471906,0.26898801198471906,0.26898801198471906,0.037420984171481916
1,83,1,1,0.2707002325493046,0.2707002325493046,0.2707002325493046,0.2707002325493046,0.04246192482121476
1,84,1,1,0.27235038350361634,0.27235038350361634,0.27235038350361634,0.27235038350361634,0.046875021270746595
1,85,1,1,0.27407343236057574,0.27407343236057574,0.27407343236057574,0.27407343236057574,0.051455045608367674
1,86,1,1,0.27508980767073493,0.27508980767073493,0.27508980767073493,0.27508980767073493,0.05590003509021706
1,87,1,1,0.27579480662355554,0.27579480662355554,0.27579480662355554,0.27579480662355554,0.06094298583097208
1,88,1,1,0.2761636011932872,0.2761636011932872,0.2761636011932872,0.2761636011932872,0.06552150212754929
1,89,1,1,0.2764356448154899,0.2764356448154899,0.2764356448154899,0.2764356448154899,0.07053862213070689
1,90,1,1,0.27656305041420076,0.27656305041420076,0.27656305041420076,0.27656305041420076,0.07523877367105763
1,91,1,1,0.2770714993712043,0.2770714993712043,0.2770714993712043,0.2770714993712043,0.08013861605367781
1,92,1,1,0.27697522543474257,0.27697522543474257,0.27697522543474257,0.27697522543474257,0.08458045957512009
1,93,1,1,0.27714856081282513,0.27714856081282513,0.27714856081282513,0.27714856081282513,0.08894970081905378
1,94,1,1,0.2772267542553438,0.2772267542553438,0.2772267542553438,0.2772267542553438,0.09246169963532755
1,95,1,1,0.2770770209392966,0.2770770209392966,0.2770770209392966,0.2770770209392966,0.09462255566896369
1,96,1,1,0.2768356794551228,0.2768356794551228,0.2768356794551228,0.2768356794551228,0.09794136227492077
1,97,1,1,0.27668873385286386,0.27668873385286386,0.27668873385286386,0.27668873385286386,0.1003657703396995
1,98,1,1,0.2766123970495438,0.2766123970495438,0.2766123970495438,0.2766123970495438,0.10244349331982214
1,99,1,1,0.276357849889245,0.276357849889245,0.276357849889245,0.276357849889245,0.10451763849158568
1,100,2,2,0.2734351690209813,0.2734351690209813,0.2734351690209813,0.2734351690209813,0.10662341766249986
1,101,2,2,0.27233480015135636,0.27233480015135636,0.27233480015135636,0.27233480015135636,0.11017696480946672
1,102,2,2,0.27122251626758076,0.27122251626758076,0.27122251626758076,0.27122251626758076,0.11017348214756062
1,103,2,2,0.2713480252546559,0.2713480252546559,0.2713480252546559,0.2713480252546559,0.11037623231073658
1,104,2,2,0.2718021398035482,0.2718021398035482,0.2718021398035482,0.2718021398035482,0.11057716486869786
1,105,2,2,0.27129718701381583,0.27129718701381583,0.27129718701381583,0.27129718701381583,0.11119516210171494
1,106,2,2,0.27110297789876775,0.27110297789876775,0.27110297789876775,0.27110297789876775,0.11268336793007033
1,107,2,2,0.2714595582054054,0.2714595582054054,0.2714595582054054,0.2714595582054054,0.1147208594391577
1,108,2,2,0.271710145016353,0.271710145016353,0.271710145016353,0.271710145016353,0.11658167074853207
1,109,2,2,0.2723387305924908,0.2723387305924908,0.2723387305924908,0.2723387305924908,0.1184341902004038
1,110,2,2,0.27251483375352986,0.27251483375352986,0.27251483375352986,0.27251483375352986,0.12060535244394238
1,111,2,2,0.2729973829075833,0.2729973829075833,0.2729973829075833,0.2729973829075833,0.12447503590517187
1,112,2,2,0.2734677353343338,0.2734677353343338,0.2734677353343338,0.2734677353343338,0.127921817056321
1,113,2,2,0.27278270639723545,0.27278270639723545,0.27278270639723545,0.27278270639723545,0.13006642314754624
1,114,2,2,0.27282286892871704,0.27282286892871704,0.27282286892871704,0.27282286892871704,0.13263427976448208
1,115,2,2,0.2726021039921656,0.2726021039921656,0.2726021039921656,0.2726021039921656,0.1356513192957579
1,116,2,2,0.27245542647782556,0.27245542647782556,0.27245542647782556,0.27245542647782556,0.1376080406072492
1,117,2,2,0.27232557683474196,0.27232557683474196,0.27232557683474196,0.27232557683474196,0.13777574931520858
1,118,2,2,0.27225619349282776,0.27225619349282776,0.27225619349282776,0.27225619349282776,0.1377620339776093
1,119,2,2,0.2718644036427233,0.2718644036427233,0.2718644036427233,0.2718644036427233,0.13753712236978996
1,120,2,2,0.2716410168760624,0.2716410168760624,0.2716410168760624,0.2716410168760624,0.1371066257148349
1,121,2,2,0.27076363805761183,0.27076363805761183,0.27076363805761183,0.27076363805761183,0.1360481847371528
1,122,2,2,0.27023808957453765,0.27023808957453765,0.27023808957453765,0.27023808957453765,0.1347807299231973
1,123,2,2,0.2701336218881853,0.2701336218881853,0.2701336218881853,0.2701336218881853,0.1339564909813441
1,124,2,2,0.270332407025342,0.270332407025342,0.270332407025342,0.270332407025342,0.1333142919090759
1,125,2,2,0.2703800838482313,0.2703800838482313,0.2703800838482313,0.2703800838482313,0.132853721807273
1,126,2,2,0.27024034170376815,0.27024034170376815,0.27024034170376815,0.27024034170376815,0.1315800173871861
1,127,2,2,0.2703894470313868,0.2703894470313868,0.2703894470313868,0.2703894470313868,0.1296724293762706
1,128,2,2,0.2704169900959186,0.2704169900959186,0.2704169900959186,0.2704169900959186,0.1269405505443211
1,129,2,2,0.2702844790086469,0.2702844790086469,0.2702844790086469,0.2702844790086469,0.12569320754449062
1,130,2,2,0.27045127175792716,0.27045127175792716,0.27045127175792716,0.27045127175792716,0.12544013914513416
1,131,2,2,0.27012961295047855,0.27012961295047855,0.27012961295047855,0.27012961295047855,0.12368755790425444
1,132,2,2,0.2698440120568419,0.2698440120568419,0.2698440120568419,0.2698440120568419,0.12197543213393483
1,133,2,2,0.2697730633144009,0.2697730633144009,0.2697730633144009,0.2697730633144009,0.11918452207846625
1,134,2,2,0.269927627260231,0.269927627260231,0.269927627260231,0.269927627260231,0.11659610870532049
1,135,2,2,0.2699722796575824,0.2699722796575824,0.2699722796575824,0.2699722796575824,0.11377936095883423
1,136,2,2,0.27024377958878154,0.27024377958878154,0.27024377958878154,0.27024377958878154,0.11120746302246644
1,137,2,2,0.269970472659122,0.269970472659122,0.269970472659122,0.269970472659122,0.10945566688909117
1,138,2,2,0.26901085212439096,0.26901085212439096,0.26901085212439096,0.26901085212439096,0.1072599621559655
1,139,2,2,0.2684822772741433,0.2684822772741433,0.2684822772741433,0.2684822772741433,0.10461523490957672
1,140,2,2,0.2678136119135159,0.2678136119135159,0.2678136119135159,0.2678136119135159,0.10213303294224925
1,141,2,2,0.26777588095899113,0.26777588095899113,0.26777588095899113,0.26777588095899113,0.09930053402749636
1,142,2,2,0.26809453686842516,0.26809453686842516,0.26809453686842516,0.26809453686842516,0.09695942614807665
1,143,2,2,0.26819176259794175,0.26819176259794175,0.26819176259794175,0.26819176259794175,0.09399098010006332
1,144,2,2,0.2679839149365231,0.2679839149365231,0.2679839149365231,0.2679839149365231,0.09118953901892636
1,145,2,2,0.26937532646472556,0.26937532646472556,0.26937532646472556,0.26937532646472556,0.08879210625956038
1,146,2,2,0.2698847388678319,0.2698847388678319,0.2698847388678319,0.2698847388678319,0.08646914403274955
1,147,2,2,0.2711851438291515,0.2711851438291515,0.2711851438291515,0.2711851438291515,0.08481408935168083
1,148,2,2,0.27146041437174273,0.27146041437174273,0.27146041437174273,0.27146041437174273,0.08332671229302172
1,149,2,2,0.27195050313557856,0.27195050313557856,0.27195050313557856,0.27195050313557856,0.08150456124145519
1,150,3,3,0.2834459523653961,0.2834459523653961,0.2834459523653961,0.2834459523653961,0.0797342186859171
1,151,3,3,0.28333904283309724,0.28333904283309724,0.28333904283309724,0.28333904283309724,0.07474663855307109
1,152,3,3,0.2832660431782942,0.2832660431782942,0.2832660431782942,0.2832660431782942,0.07606533764794068
1,153,3,3,0.2841738180658853,0.2841738180658853,0.2841738180658853,0.2841738180658853,0.07644701922887012
1,154,3,3,0.2849340978512635,0.2849340978512635,0.2849340978512635,0.2849340978512635,0.07644701922887015
1,155,3,3,0.2843365682507367,0.2843365682507367,0.2843365682507367,0.2843365682507367,0.0763892089766668
1,156,3,3,0.2849379207635094,0.2849379207635094,0.2849379207635094,0.2849379207635094,0.07616928727880251
1,157,3,3,0.2846435567751778,0.2846435567751778,0.2846435567751778,0.2846435567751778,0.07556769378384563
1,158,3,3,0.28496434740549,0.28496434740549,0.28496434740549,0.28496434740549,0.07490675619118842
1,159,3,3,0.28504573929119337,0.28504573929119337,0.28504573929119337,0.28504573929119337,0.07418773774815213
1,160,3,3,0.2832337656126521,0.2832337656126521,0.2832337656126521,0.2832337656126521,0.07286644826175635
1,161,3,3,0.2827144763167379,0.2827144763167379,0.2827144763167379,0.2827144763167379,0.0717381926331774
1,162,3,3,0.2823975741259195,0.2823975741259195,0.2823975741259195,0.2823975741259195,0.07034661948554594
1,163,3,3,0.2821296648859528,0.2821296648859528,0.2821296648859528,0.2821296648859528,0.06908002875576871
1,164,3,3,0.28176080403981374,0.28176080403981374,0.28176080403981374,0.28176080403981374,0.06819349805160557
1,165,3,3,0.28158056691263084,0.28158056691263084,0.28158056691263084,0.28158056691263084,0.0673056776482086
1,166,3,3,0.2817811977315572,0.2817811977315572,0.2817811977315572,0.2817811977315572,0.06679650371315421
1,167,3,3,0.2806011209942039,0.2806011209942039,0.2806011209942039,0.2806011209942039,0.06657303805563612
1,168,3,3,0.27999639333228804,0.27999639333228804,0.27999639333228804,0.27999639333228804,0.06612609739086875
1,169,3,3,0.2798006098731279,0.2798006098731279,0.2798006098731279,0.2798006098731279,0.06568128562412992
1,170,3,3,0.2788929169703531,0.2788929169703531,0.2788929169703531,0.2788929169703531,0.06507855671768109
1,171,3,3,0.27900517030949845,0.27900517030949845,0.27900517030949845,0.27900517030949845,0.06507749990367935
1,172,3,3,0.27846943109496003,0.27846943109496003,0.27846943109496003,0.27846943109496003,0.06523327653261293
1,173,3,3,0.27812524857367904,0.27812524857367904,0.27812524857367904,0.27812524857367904,0.06523221896895405
1,174,3,3,0.27787453347651947,0.27787453347651947,0.27787453347651947,0.27787453347651947,0.06523116213699884
1,175,3,3,0.2786057343260432,0.2786057343260432,0.2786057343260432,0.2786057343260432,0.06523116213699884
1,176,3,3,0.27837103494946835,0.27837103494946835,0.27837103494946835,0.27837103494946835,0.0648530791218338
1,177,3,3,0.27968340237724193,0.27968340237724193,0.27968340237724193,0.27968340237724193,0.06500979920693419
1,178,3,3,0.27954723506250045,0.27954723506250045,0.27954723506250045,0.27954723506250045,0.06434565705667193
1,179,3,3,0.28054101491581523,0.28054101491581523,0.28054101491581523,0.28054101491581523,0.06434565705667193
1,180,3,3,0.28025975945725534,0.28025975945725534,0.28025975945725534,0.28025975945725534,0.06434565705667195
1,181,3,3,0.2807736251926011,0.2807736251926011,0.2807736251926011,0.2807736251926011,0.06434565705667195
1,182,3,3,0.2813456534389851,0.2813456534389851,0.2813456534389851,0.2813456534389851,0.06412425734488332
1,183,3,3,0.2821163377777547,0.2821163377777547,0.2821163377777547,0.2821163377777547,0.06412321287038339
1,184,3,3,0.2820883602942915,0.2820883602942915,0.2820883602942915,0.2820883602942915,0.06412112605671602
1,185,3,3,0.2833312188897634,0.2833312188897634,0.2833312188897634,0.2833312188897634,0.06434043011600238
1,186,3,3,0.2833616892063093,0.2833616892063093,0.2833616892063093,0.2833616892063093,0.06434043011600238
1,187,3,3,0.28413697329614546,0.28413697329614546,0.28413697329614546,0.28413697329614546,0.06434043011600236
1,188,3,3,0.28621283896393734,0.28621283896393734,0.28621283896393734,0.28621283896393734,0.0643404301160024
1,189,3,3,0.2868167642605506,0.2868167642605506,0.2868167642605506,0.2868167642605506,0.06500453731508644
1,190,3,3,0.2884520993945261,0.2884520993945261,0.2884520993945261,0.2884520993945261,0.0661111562228113
1,191,3,3,0.28939461296451807,0.28939461296451807,0.28939461296451807,0.28939461296451807,0.0672818600195603
1,192,3,3,0.29067132198211915,0.29067132198211915,0.29067132198211915,0.29067132198211915,0.06943335666689018
1,193,3,3,0.29137259175372254,0.29137259175372254,0.29137259175372254,0.29137259175372254,0.07259618106942851
1,194,3,3,0.29221052648521256,0.29221052648521256,0.29221052648521256,0.29221052648521256,0.0768045590919248
1,195,3,3,0.2926490314231615,0.2926490314231615,0.2926490314231615,0.2926490314231615,0.08078517861372418
1,196,3,3,0.29205868205992536,0.29205868205992536,0.29205868205992536,0.29205868205992536,0.08470609384154357
1,197,3,3,0.29153464937931967,0.29153464937931967,0.29153464937931967,0.29153464937931967,0.08849594481114748
1,198,3,3,0.2906543626078544,0.2906543626078544,0.2906543626078544,0.2906543626078544,0.09063895791254932
1,199,3,3,0.29041653828361486,0.29041653828361486,0.29041653828361486,0.29041653828361486,0.09079521231340426
1,200,4,4,0.2883495105308381,0.2883495105308381,0.2883495105308381,0.2883495105308381,0.08645716754392703
1,201,4,4,0.2872544330264625,0.2872544330264625,0.2872544330264625,0.2872544330264625,0.07999311744872825
1,202,4,4,0.28677609648684066,0.28677609648684066,0.28677609648684066,0.28677609648684066,0.08084736380887052
1,203,4,4,0.2861318612886438,0.2861318612886438,0.2861318612886438,0.2861318612886438,0.07961887889928466
1,204,4,4,0.2845203110116517,0.2845203110116517,0.2845203110116517,0.2845203110116517,0.07670898741700957
1,205,4,4,0.28436256378957825,0.28436256378957825,0.28436256378957825,0.28436256378957825,0.0755883869782081
1,206,4,4,0.28307693617877117,0.28307693617877117,0.28307693617877117,0.28307693617877117,0.07404811152999051
1,207,4,4,0.2816829191966793,0.2816829191966793,0.2816829191966793,0.2816829191966793,0.0724997053518715
1,208,4,4,0.2800528884268362,0.2800528884268362,0.2800528884268362,0.2800528884268362,0.07021915821243478
1,209,4,4,0.2782423532160918,0.2782423532160918,0.2782423532160918,0.2782423532160918,0.06739555678416255
1,210,4,4,0.2761204835280484,0.2761204835280484,0.2761204835280484,0.2761204835280484,0.06479945160028061
1,211,4,4,0.2746617629846184,0.2746617629846184,0.2746617629846184,0.2746617629846184,0.06242979771467364
1,212,4,4,0.2729707484540678,0.2729707484540678,0.2729707484540678,0.2729707484540678,0.06032406620922541
1,213,4,4,0.2712455869024315,0.2712455869024315,0.2712455869024315,0.2712455869024315,0.05692621543341492
1,214,4,4,0.26962843218661503,0.26962843218661503,0.26962843218661503,0.26962843218661503,0.05462109855153519
1,215,4,4,0.26796267232200655,0.26796267232200655,0.26796267232200655,0.26796267232200655,0.05233370813748824
1,216,4,4,0.26656599909166956,0.26656599909166956,0.26656599909166956,0.26656599909166956,0.04948400262854141
1,217,4,4,0.26375113834493025,0.26375113834493025,0.26375113834493025,0.26375113834493025,0.047061580907422206
1,218,4,4,0.26169105314176655,0.26169105314176655,0.26169105314176655,0.26169105314176655,0.04479823797142593
1,219,4,4,0.25900433646864,0.25900433646864,0.25900433646864,0.25900433646864,0.042435740334340805
1,220,4,4,0.2553368907013648,0.2553368907013648,0.2553368907013648,0.2553368907013648,0.04011397610464344
1,221,4,4,0.2538737201832758,0.2538737201832758,0.2538737201832758,0.2538737201832758,0.037582806482176004
1,222,4,4,0.25228838239700113,0.25228838239700113,0.25228838239700113,0.25228838239700113,0.03473978673929179
1,223,4,4,0.24986399809223075,0.24986399809223075,0.24986399809223075,0.24986399809223075,0.032203762365391686
1,224,4,4,0.24729910528376878,0.24729910528376878,0.24729910528376878,0.24729910528376878,0.029608562122028836
1,225,4,4,0.2455591566218906,0.2455591566218906,0.2455591566218906,0.2455591566218906,0.027088632329532014
1,226,4,4,0.24433218561478126,0.24433218561478126,0.24433218561478126,0.24433218561478126,0.024761313922277997
1,227,4,4,0.24148266372225405,0.24148266372225405,0.24148266372225405,0.24148266372225405,0.022714855484723323
1,228,4,4,0.24133415871317432,0.24133415871317432,0.24133415871317432,0.24133415871317432,0.020927740052992666
1,229,4,4,0.23976031003103254,0.23976031003103254,0.23976031003103254,0.23976031003103254,0.01927762381024628
1,230,4,4,0.23947061501259012,0.23947061501259012,0.23947061501259012,0.23947061501259012,0.018254388120987605
1,231,4,4,0.2388731975145105,0.2388731975145105,0.2388731975145105,0.2388731975145105,0.018032016103139897
1,232,4,4,0.23821250298183966,0.23821250298183966,0.23821250298183966,0.23821250298183966,0.017834117943551067
1,233,4,4,0.23842269842237052,0.23842269842237052,0.23842269842237052,0.23842269842237052,0.017926817686704094
1,234,4,4,0.23795784712347018,0.23795784712347018,0.23795784712347018,0.23795784712347018,0.01753212278586981
1,235,4,4,0.23891259545007731,0.23891259545007731,0.23891259545007731,0.23891259545007731,0.01742058828351553
1,236,4,4,0.23846806315218422,0.23846806315218422,0.23846806315218422,0.23846806315218422,0.01731558852806045
1,237,4,4,0.23924651965859414,0.23924651965859414,0.23924651965859414,0.23924651965859414,0.01731558852806049
1,238,4,4,0.23915672060061227,0.23915672060061227,0.23915672060061227,0.23915672060061227,0.017315588528060477
1,239,4,4,0.23828042117415954,0.23828042117415954,0.23828042117415954,0.23828042117415954,0.017406771163278115
1,240,4,4,0.23885171234280653,0.23885171234280653,0.23885171234280653,0.23885171234280653,0.017406771163278115
1,241,4,4,0.23877818200475504,0.23877818200475504,0.23877818200475504,0.23877818200475504,0.01739965960931139
1,242,4,4,0.23850537229893215,0.23850537229893215,0.23850537229893215,0.23850537229893215,0.017301476163218213
1,243,4,4,0.23836030209614584,0.23836030209614584,0.23836030209614584,0.23836030209614584,0.0173014761632182
1,244,4,4,0.23840921502430798,0.23840921502430798,0.23840921502430798,0.23840921502430798,0.017301476163218185
1,245,4,4,0.2378576622863386,0.2378576622863386,0.2378576622863386,0.2378576622863386,0.0173014761632182
1,246,4,4,0.23835320883346006,0.23835320883346006,0.23835320883346006,0.23835320883346006,0.017301476163218185
1,247,4,4,0.23805485164669776,0.23805485164669776,0.23805485164669776,0.23805485164669776,0.017203459984600863
1,248,4,4,0.23847867198973596,0.23847867198973596,0.23847867198973596,0.23847867198973596,0.017203459984600863
1,249,4,4,0.23824206238064505,0.23824206238064505,0.23824206238064505,0.23824206238064505,0.017203459984600863
1,250,5,5,0.24066657429950472,0.24066657429950472,0.24066657429950472,0.24066657429950472,0.01710560499620821
2,0,0,0,0.26143573106197737,0.26143573106197737,0.26143573106197737,0.26143573106197737,0.016453348535325527
2,1,0,0,0.2645097982307615,0.2645097982307615,0.2645097982307615,0.2645097982307615,0.016453348535325527
2,2,0,0,0.26648878849512314,0.26648878849512314,0.26648878849512314,0.26648878849512314,0.017193127267822295
2,3,0,0,0.26742962819071114,0.26742962819071114,0.26742962819071114,0.26742962819071114,0.01995168750213505
2,4,0,0,0.2681547597189003,0.2681547597189003,0.2681547597189003,0.2681547597189003,0.024165672415736292
2,5,0,0,0.26890429033245394,0.26890429033245394,0.26890429033245394,0.26890429033245394,0.02857152025951243
2,6,0,0,0.26933693422486227,0.26933693422486227,0.26933693422486227,0.26933693422486227,0.032317973584494564
2,7,0,0,0.2697926712589016,0.2697926712589016,0.2697926712589016,0.2697926712589016,0.03577277057623707
2,8,0,0,0.2710850316921479,0.2710850316921479,0.2710850316921479,0.2710850316921479,0.03817254220065801
2,9,0,0,0.2717166863625939,0.2717166863625939,0.2717166863625939,0.2717166863625939,0.03953612297983085
2,10,0,0,0.2716583415732603,0.2716583415732603,0.2716583415732603,0.2716583415732603,0.03970662543150322
2,11,0,0,0.271708942933687,0.271708942933687,0.271708942933687,0.271708942933687,0.039694931641033396
2,12,0,0,0.27169306312867,0.27169306312867,0.27169306312867,0.27169306312867,0.039602695634648244
2,13,0,0,0.2720562945291862,0.2720562945291862,0.2720562945291862,0.2720562945291862,0.039577717541196364
2,14,0,0,0.27106225255545824,0.27106225255545824,0.27106225255545824,0.27106225255545824,0.039620602537681876
2,15,0,0,0.27014627418831827,0.27014627418831827,0.27014627418831827,0.27014627418831827,0.039571189228070666
2,16,0,0,0.2700474410169417,0.2700474410169417,0.2700474410169417,0.2700474410169417,0.03919647760880289
2,17,0,0,0.2688383321411403,0.2688383321411403,0.2688383321411403,0.2688383321411403,0.03880612956227604
2,18,0,0,0.2688256203685673,0.2688256203685673,0.2688256203685673,0.2688256203685673,0.038292876053415636
2,19,0,0,0.26845113504812246,0.26845113504812246,0.26845113504812246,0.26845113504812246,0.03819982038056091
2,20,0,0,0.267463734811642,0.267463734811642,0.267463734811642,0.267463734811642,0.03738185907133737
2,21,0,0,0.26712948673153564,0.26712948673153564,0.26712948673153564,0.26712948673153564,0.03666345602391316
2,22,0,0,0.2659035716235021,0.2659035716235021,0.2659035716235021,0.2659035716235021,0.036044923252060906
2,23,0,0,0.2645740883456781,0.2645740883456781,0.2645740883456781,0.2645740883456781,0.03583957888979676
2,24,0,0,0.26396273087301225,0.26396273087301225,0.26396273087301225,0.26396273087301225,0.03516318475234731
2,25,0,0,0.2637688263325349,0.2637688263325349,0.2637688263325349,0.2637688263325349,0.03399192456949239
2,26,0,0,0.26341608784865084,0.26341608784865084,0.26341608784865084,0.26341608784865084,0.03347574077289031
2,27,0,0,0.26359676657743764,0.26359676657743764,0.26359676657743764,0.26359676657743764,0.03279676278270775
2,28,0,0,0.26302917115530156,0.26302917115530156,0.26302917115530156,0.26302917115530156,0.032293033430029275
2,29,0,0,0.2624529065629489,0.2624529065629489,0.2624529065629489,0.2624529065629489,0.03204700637903349
2,30,0,0,0.26263231972525963,0.26263231972525963,0.26263231972525963,0.26263231972525963,0.031918518468868784
2,31,0,0,0.2612412592650401,0.2612412592650401,0.2612412592650401,0.2612412592650401,0.03191851846886877
2,32,0,0,0.26011065652908294,0.26011065652908294,0.26011065652908294,0.26011065652908294,0.03173130260196376
2,33,0,0,0.259006614251994,0.259006614251994,0.259006614251994,0.259006614251994,0.03167231234807462
2,34,0,0,0.25708349660020235,0.25708349660020235,0.25708349660020235,0.25708349660020235,0.03154412394118336
2,35,0,0,0.2546200075710462,0.2546200075710462,0.2546200075710462,0.2546200075710462,0.03154412394118336
2,36,0,0,0.25390654098360255,0.25390654098360255,0.25390654098360255,0.25390654098360255,0.03154412394118336
2,37,0,0,0.2508513284611567,0.2508513284611567,0.2508513284611567,0.2508513284611567,0.03154412394118336
2,38,0,0,0.24722091317121497,0.24722091317121497,0.24722091317121497,0.24722091317121497,0.03154412394118332
2,39,0,0,0.2443384028718578,0.2443384028718578,0.2443384028718578,0.2443384028718578,0.030846206978808452
2,40,0,0,0.23998096396625168,0.23998096396625168,0.23998096396625168,0.23998096396625168,0.02883267785697881
2,41,0,0,0.23655457671852867,0.23655457671852867,0.23655457671852867,0.23655457671852867,0.026355784278168676
2,42,0,0,0.23479028650434025,0.23479028650434025,0.23479028650434025,0.23479028650434025,0.02233779919180713
2,43,0,0,0.23281096326226047,0.23281096326226047,0.23281096326226047,0.23281096326226047,0.018203990556373922
2,44,0,0,0.23094426772279933,0.23094426772279933,0.23094426772279933,0.23094426772279933,0.014589695414639586
2,45,0,0,0.22858391503807146,0.22858391503807146,0.22858391503807146,0.22858391503807146,0.01145306091232734
2,46,0,0,0.2267317183204028,0.2267317183204028,0.2267317183204028,0.2267317183204028,0.009244999970324047
2,47,0,0,0.22577331385857483,0.22577331385857483,0.22577331385857483,0.22577331385857483,0.0074018354016343185
2,48,0,0,0.2242519015735316,0.2242519015735316,0.2242519015735316,0.2242519015735316,0.006231950420643562
2,49,0,0,0.2248305305936199,0.2248305305936199,0.2248305305936199,0.2248305305936199,0.0055829574221088335
2,50,1,1,0.2246379139806951,0.2246379139806951,0.2246379139806951,0.2246379139806951,0.005180804012998183
2,51,1,1,0.22447825446001526,0.22447825446001526,0.22447825446001526,0.22447825446001526,0.004907677542631009
2,52,1,1,0.22402464977392877,0.22402464977392877,0.22402464977392877,0.22402464977392877,0.004907677542631023
2,53,1,1,0.22373312073987545,0.22373312073987545,0.22373312073987545,0.22373312073987545,0.0050202670442550945
2,54,1,1,0.22425313392006818,0.22425313392006818,0.22425313392006818,0.22425313392006818,0.004804642074016166
2,55,1,1,0.2246978475738637,0.2246978475738637,0.2246978475738637,0.2246978475738637,0.004624575004904027
2,56,1,1,0.22516411621345062,0.22516411621345062,0.22516411621345062,0.22516411621345062,0.004882125385462691
2,57,1,1,0.22499031729975877,0.22499031729975877,0.22499031729975877,0.22499031729975877,0.0050484518325770444
2,58,1,1,0.2245326950820714,0.2245326950820714,0.2245326950820714,0.2245326950820714,0.005193917018747107
2,59,1,1,0.225084164314933,0.225084164314933,0.225084164314933,0.225084164314933,0.005193805436189136
2,60,1,1,0.22487994408154116,0.22487994408154116,0.22487994408154116,0.22487994408154116,0.005248945712941447
2,61,1,1,0.22496669925458473,0.22496669925458473,0.22496669925458473,0.22496669925458473,0.005213502990402394
2,62,1,1,0.2253206057075604,0.2253206057075604,0.2253206057075604,0.2253206057075604,0.005178076869937251
2,63,1,1,0.22604251605418224,0.22604251605418224,0.22604251605418224,0.22604251605418224,0.00499821209984079
2,64,1,1,0.22746835492174758,0.22746835492174758,0.22746835492174758,0.22746835492174758,0.0049980896203050545
2,65,1,1,0.23007331326151792,0.23007331326151792,0.23007331326151792,0.23007331326151792,0.005197134258063188
2,66,1,1,0.23112715428224762,0.23112715428224762,0.23112715428224762,0.23112715428224762,0.005630533645859345
2,67,1,1,0.23378061613801995,0.23378061613801995,0.23378061613801995,0.23378061613801995,0.006209317349611873
2,68,1,1,0.23612928015016021,0.23612928015016021,0.23612928015016021,0.23612928015016021,0.006552389430022121
2,69,1,1,0.24000009053431312,0.24000009053431312,0.24000009053431312,0.24000009053431312,0.0070794251422378746
2,70,1,1,0.24186537627558238,0.24186537627558238,0.24186537627558238,0.24186537627558238,0.007806261478725443
2,71,1,1,0.24374890458344234,0.24374890458344234,0.24374890458344234,0.24374890458344234,0.008808689600909553
2,72,1,1,0.24765143204684414,0.24765143204684414,0.24765143204684414,0.24765143204684414,0.010293798632044562
2,73,1,1,0.25203846516647954,0.25203846516647954,0.25203846516647954,0.25203846516647954,0.012577240899950284
2,74,1,1,0.2563711553419592,0.2563711553419592,0.2563711553419592,0.2563711553419592,0.015472673627158637
2,75,1,1,0.26049288856765784,0.26049288856765784,0.26049288856765784,0.26049288856765784,0.01926679370036251
2,76,1,1,0.26349654907681763,0.26349654907681763,0.26349654907681763,0.26349654907681763,0.023717409275630555
2,77,1,1,0.2648829277448119,0.2648829277448119,0.2648829277448119,0.2648829277448119,0.029011504179263223
2,78,1,1,0.2669415824907752,0.2669415824907752,0.2669415824907752,0.2669415824907752,0.03484365843251387
2,79,1,1,0.26881624432916573,0.26881624432916573,0.26881624432916573,0.26881624432916573,0.039801400861000626
2,80,1,1,0.2707185295067601,0.2707185295067601,0.2707185295067601,0.2707185295067601,0.04460222600137724
2,81,1,1,0.2728591476459981,0.2728591476459981,0.2728591476459981,0.2728591476459981,0.049151491198230514
2,82,1,1,0.2733954569138366,0.2733954569138366,0.2733954569138366,0.2733954569138366,0.05348536332877971
2,83,1,1,0.2741121125558305,0.2741121125558305,0.2741121125558305,0.2741121125558305,0.05812895363173196
2,84,1,1,0.27481851352754005,0.27481851352754005,0.27481851352754005,0.27481851352754005,0.06290694696459534
2,85,1,1,0.27564818209614844,0.27564818209614844,0.27564818209614844,0.27564818209614844,0.0676065340465482
2,86,1,1,0.2758650161004326,0.2758650161004326,0.2758650161004326,0.2758650161004326,0.07279815496166273
2,87,1,1,0.2757951005917285,0.2757951005917285,0.2757951005917285,0.2757951005917285,0.08054725686441258
2,88,1,1,0.2757753984467428,0.2757753984467428,0.2757753984467428,0.2757753984467428,0.0856453517690913
2,89,1,1,0.2754334115831846,0.2754334115831846,0.2754334115831846,0.2754334115831846,0.08890697284521654
2,90,1,1,0.2753563557443189,0.2753563557443189,0.2753563557443189,0.2753563557443189,0.09121800655810214
2,91,1,1,0.2756707210217585,0.2756707210217585,0.2756707210217585,0.2756707210217585,0.09399801565185502
2,92,1,1,0.2753220971588729,0.2753220971588729,0.2753220971588729,0.2753220971588729,0.09676176309974091
2,93,1,1,0.2754897373560073,0.2754897373560073,0.2754897373560073,0.2754897373560073,0.09951964846252723
2,94,1,1,0.2750358544996656,0.2750358544996656,0.2750358544996656,0.2750358544996656,0.10184331907767724
2,95,1,1,0.2750049407709713,0.2750049407709713,0.2750049407709713,0.2750049407709713,0.10395048277217916
2,96,1,1,0.27451156356662176,0.27451156356662176,0.27451156356662176,0.27451156356662176,0.10584274709532451
2,97,1,1,0.2744900369661448,0.2744900369661448,0.2744900369661448,0.2744900369661448,0.10772629829668737
2,98,1,1,0.27413223772741063,0.27413223772741063,0.27413223772741063,0.27413223772741063,0.10897661968471309
2,99,1,1,0.2737403218989014,0.2737403218989014,0.2737403218989014,0.2737403218989014,0.1102261363441755
2,100,2,2,0.2724546363538882,0.2724546363538882,0.2724546363538882,0.2724546363538882,0.11185864597217948
2,101,2,2,0.27069988476735257,0.27069988476735257,0.27069988476735257,0.27069988476735257,0.1229847279772045
2,102,2,2,0.2693296299003058,0.2693296299003058,0.2693296299003058,0.2693296299003058,0.1232762256950738
2,103,2,2,0.26903751230892886,0.26903751230892886,0.26903751230892886,0.26903751230892886,0.12329694718826642
2,104,2,2,0.2692999920909931,0.2692999920909931,0.2692999920909931,0.2692999920909931,0.12349621418971446
2,105,2,2,0.2686260474807407,0.2686260474807407,0.2686260474807407,0.2686260474807407,0.12351857229459019
2,106,2,2,0.26813759910999957,0.26813759910999957,0.26813759910999957,0.26813759910999957,0.12476783075078278
2,107,2,2,0.2682283996778575,0.2682283996778575,0.2682283996778575,0.2682283996778575,0.12643213812536822
2,108,2,2,0.26834096783310085,0.26834096783310085,0.26834096783310085,0.26834096783310085,0.12847660920812745
2,109,2,2,0.2687986366024295,0.2687986366024295,0.2687986366024295,0.2687986366024295,0.13033395757548333
2,110,2,2,0.269045842698682,0.269045842698682,0.269045842698682,0.269045842698682,0.13194855055793397
2,111,2,2,0.26935338308394746,0.26935338308394746,0.26935338308394746,0.26935338308394746,0.13299320879730867
2,112,2,2,0.26985283511409847,0.26985283511409847,0.26985283511409847,0.26985283511409847,0.1331838042039659
2,113,2,2,0.2693095086529945,0.2693095086529945,0.2693095086529945,0.2693095086529945,0.13337816950895348
2,114,2,2,0.26925611977303077,0.26925611977303077,0.26925611977303077,0.26925611977303077,0.13337045593642144
2,115,2,2,0.2688126660503557,0.2688126660503557,0.2688126660503557,0.2688126660503557,0.13356667781540843
2,116,2,2,0.2687969983333215,0.2687969983333215,0.2687969983333215,0.2687969983333215,0.13399317856868795
2,117,2,2,0.26883103517050005,0.26883103517050005,0.26883103517050005,0.26883103517050005,0.1343697652426224
2,118,2,2,0.2686966472912983,0.2686966472912983,0.2686966472912983,0.2686966472912983,0.13415091385800132
2,119,2,2,0.268143163046498,0.268143163046498,0.268143163046498,0.268143163046498,0.13447055581938028
2,120,2,2,0.2680725776742918,0.2680725776742918,0.2680725776742918,0.2680725776742918,0.13564477019784138
2,121,2,2,0.2671320957073525,0.2671320957073525,0.2671320957073525,0.2671320957073525,0.13599241896294528
2,122,2,2,0.2665386953498251,0.2665386953498251,0.2665386953498251,0.2665386953498251,0.13506406440750138
2,123,2,2,0.2666942420750577,0.2666942420750577,0.2666942420750577,0.2666942420750577,0.13442217208773166
2,124,2,2,0.2670825023449007,0.2670825023449007,0.2670825023449007,0.2670825023449007,0.13440903605583482
2,125,2,2,0.2671208314915644,0.2671208314915644,0.2671208314915644,0.2671208314915644,0.1341893391066987
2,126,2,2,0.2668568778439421,0.2668568778439421,0.2668568778439421,0.2668568778439421,0.13271430563069436
2,127,2,2,0.26732228932439533,0.26732228932439533,0.26732228932439533,0.26732228932439533,0.13120307531467634
2,128,2,2,0.2673750351316061,0.2673750351316061,0.2673750351316061,0.2673750351316061,0.12929826775951614
2,129,2,2,0.267435883656394,0.267435883656394,0.267435883656394,0.267435883656394,0.1274218427440137
2,130,2,2,0.26759985890581556,0.26759985890581556,0.26759985890581556,0.26759985890581556,0.12550714527172357
2,131,2,2,0.26740190962483545,0.26740190962483545,0.26740190962483545,0.26740190962483545,0.12361986975141981
2,132,2,2,0.26722821297080407,0.26722821297080407,0.26722821297080407,0.26722821297080407,0.12144276125777691
2,133,2,2,0.2673348288055679,0.2673348288055679,0.2673348288055679,0.2673348288055679,0.11929698415393443
2,134,2,2,0.2677179991952546,0.2677179991952546,0.2677179991952546,0.2677179991952546,0.11735869429480493
2,135,2,2,0.267912139274873,0.267912139274873,0.267912139274873,0.267912139274873,0.11519448776124058
2,136,2,2,0.2686307979088479,0.2686307979088479,0.2686307979088479,0.2686307979088479,0.11302118337006517
2,137,2,2,0.2686340619887716,0.2686340619887716,0.2686340619887716,0.2686340619887716,0.11088314185697723
2,138,2,2,0.2678006614949312,0.2678006614949312,0.2678006614949312,0.2678006614949312,0.1086955733560358
2,139,2,2,0.26738692036831085,0.26738692036831085,0.26738692036831085,0.26738692036831085,0.1064983819901298
2,140,2,2,0.2667683668600455,0.2667683668600455,0.2667683668600455,0.2667683668600455,0.10380917643310607
2,141,2,2,0.2669779667698666,0.2669779667698666,0.2669779667698666,0.2669779667698666,0.10120624149575283
2,142,2,2,0.26733711650804143,0.26733711650804143,0.26733711650804143,0.26733711650804143,0.09891919875435942
2,143,2,2,0.2676687156078761,0.2676687156078761,0.2676687156078761,0.2676687156078761,0.09634483725470791
2,144,2,2,0.2674736949882502,0.2674736949882502,0.2674736949882502,0.2674736949882502,0.09359164112410187
2,145,2,2,0.26936058256414697,0.26936058256414697,0.26936058256414697,0.26936058256414697,0.091020784698643
2,146,2,2,0.27018477305374194,0.27018477305374194,0.27018477305374194,0.27018477305374194,0.08847628060683743
2,147,2,2,0.2719519349637304,0.2719519349637304,0.2719519349637304,0.2719519349637304,0.08671151467984427
2,148,2,2,0.27225979782083143,0.27225979782083143,0.27225979782083143,0.27225979782083143,0.08495553512951079
2,149,2,2,0.27229032350735727,0.27229032350735727,0.27229032350735727,0.27229032350735727,0.08297657618611118
2,150,3,3,0.28376424123751826,0.28376424123751826,0.28376424123751826,0.28376424123751826,0.08121349926977355
2,151,3,3,0.28304325532116437,0.28304325532116437,0.28304325532116437,0.28304325532116437,0.07731551788649438
2,152,3,3,0.2829693241108518,0.2829693241108518,0.2829693241108518,0.2829693241108518,0.07753706543718292
2,153,3,3,0.2839245317884677,0.2839245317884677,0.2839245317884677,0.2839245317884677,0.07748386098304619
2,154,3,3,0.28461515473339843,0.28461515473339843,0.28461515473339843,0.28461515473339843,0.0770476458663765
2,155,3,3,0.28361446882335056,0.28361446882335056,0.28361446882335056,0.28361446882335056,0.07682710146765881
2,156,3,3,0.2841423659705972,0.2841423659705972,0.2841423659705972,0.2841423659705972,0.07556838928089993
2,157,3,3,0.28369392094751733,0.28369392094751733,0.28369392094751733,0.28369392094751733,0.07469063087217138
2,158,3,3,0.283909268786222,0.283909268786222,0.283909268786222,0.283909268786222,0.07381249897621614
2,159,3,3,0.2838218403209065,0.2838218403209065,0.2838218403209065,0.2838218403209065,0.072654816540732
2,160,3,3,0.28201184823733666,0.28201184823733666,0.28201184823733666,0.28201184823733666,0.071335576293344
2,161,3,3,0.2816957148155156,0.2816957148155156,0.2816957148155156,0.2816957148155156,0.06989330657050608
2,162,3,3,0.2813593708195806,0.2813593708195806,0.2813593708195806,0.2813593708195806,0.0686332290677223
2,163,3,3,0.2810455362132114,0.2810455362132114,0.2810455362132114,0.2810455362132114,0.0681926612939387
2,164,3,3,0.2806680304413056,0.2806680304413056,0.2806680304413056,0.2806680304413056,0.06753060515478448
2,165,3,3,0.2803785914308042,0.2803785914308042,0.2803785914308042,0.2803785914308042,0.06686518117460946
2,166,3,3,0.2804898037370442,0.2804898037370442,0.2804898037370442,0.2804898037370442,0.06635586575419875
2,167,3,3,0.27914077551370853,0.27914077551370853,0.27914077551370853,0.27914077551370853,0.06613000006716699
2,168,3,3,0.278329097264396,0.278329097264396,0.278329097264396,0.278329097264396,0.06552780888517218
2,169,3,3,0.2780809387530841,0.2780809387530841,0.2780809387530841,0.2780809387530841,0.0646429032751859
2,170,3,3,0.2768085520223728,0.2768085520223728,0.2768085520223728,0.2768085520223728,0.0641988429289444
2,171,3,3,0.27699355695698297,0.27699355695698297,0.27699355695698297,0.27699355695698297,0.06397733223335879
2,172,3,3,0.27613184271625635,0.27613184271625635,0.27613184271625635,0.27613184271625635,0.06397733223335883
2,173,3,3,0.27572752299433834,0.27572752299433834,0.27572752299433834,0.27572752299433834,0.06397629483648021
2,174,3,3,0.2753870446504683,0.2753870446504683,0.2753870446504683,0.2753870446504683,0.06375581052230778
2,175,3,3,0.27562905371475027,0.27562905371475027,0.27562905371475027,0.27562905371475027,0.06375581052230771
2,176,3,3,0.27548982776295483,0.27548982776295483,0.27548982776295483,0.27548982776295483,0.06331482621824991
2,177,3,3,0.276557145345665,0.276557145345665,0.276557145345665,0.276557145345665,0.0630943138781668
2,178,3,3,0.2760432943907084,0.2760432943907084,0.2760432943907084,0.2760432943907084,0.0630943138781668
2,179,3,3,0.27684419374198216,0.27684419374198216,0.27684419374198216,0.27684419374198216,0.0630943138781668
2,180,3,3,0.27626078021192096,0.27626078021192096,0.27626078021192096,0.27626078021192096,0.06309431387816677
2,181,3,3,0.27602061007410594,0.27602061007410594,0.27602061007410594,0.27602061007410594,0.06309225990878009
2,182,3,3,0.27663379148590944,0.27663379148590944,0.27663379148590944,0.27663379148590944,0.0630891841982588
2,183,3,3,0.2771310463787504,0.2771310463787504,0.2771310463787504,0.2771310463787504,0.06308713721562878
2,184,3,3,0.27681840748472425,0.27681840748472425,0.27681840748472425,0.27681840748472425,0.06308509303812546
2,185,3,3,0.27808736414507296,0.27808736414507296,0.27808736414507296,0.27808736414507296,0.06308305167169048
2,186,3,3,0.27781759916451315,0.27781759916451315,0.27781759916451315,0.27781759916451315,0.06330251640162117
2,187,3,3,0.2781398683735906,0.2781398683735906,0.2781398683735906,0.2781398683735906,0.06330149516868844
2,188,3,3,0.28005726161442196,0.28005726161442196,0.28005726161442196,0.28005726161442196,0.06330149516868845
2,189,3,3,0.28036111982220163,0.28036111982220163,0.28036111982220163,0.28036111982220163,0.06330047462316055
2,190,3,3,0.2816598966041857,0.2816598966041857,0.2816598966041857,0.2816598966041857,0.0639618455163928
2,191,3,3,0.2830940812384741,0.2830940812384741,0.2830940812384741,0.2830940812384741,0.06418228092266885
2,192,3,3,0.2848042099874462,0.2848042099874462,0.2848042099874462,0.2848042099874462,0.06484456814059562
2,193,3,3,0.2860060444477566,0.2860060444477566,0.2860060444477566,0.2860060444477566,0.06689368345356611
2,194,3,3,0.28707437656084245,0.28707437656084245,0.28707437656084245,0.28707437656084245,0.06976349227960514
2,195,3,3,0.288042692230817,0.288042692230817,0.288042692230817,0.288042692230817,0.07257578240067719
2,196,3,3,0.2879654257781844,0.2879654257781844,0.2879654257781844,0.2879654257781844,0.07500843330211399
2,197,3,3,0.28815370823702086,0.28815370823702086,0.28815370823702086,0.28815370823702086,0.07837042663253804
2,198,3,3,0.2876715354909009,0.2876715354909009,0.2876715354909009,0.2876715354909009,0.08095444303877397
2,199,3,3,0.2880013449291224,0.2880013449291224,0.2880013449291224,0.2880013449291224,0.08176723067212231
2,200,4,4,0.28840395217996423,0.28840395217996423,0.28840395217996423,0.28840395217996423,0.0812316466972371
2,201,4,4,0.28771866718453265,0.28771866718453265,0.28771866718453265,0.28771866718453265,0.07724615393253827
2,202,4,4,0.2875540955013397,0.2875540955013397,0.2875540955013397,0.2875540955013397,0.0781071787335888
2,203,4,4,0.2874344839962495,0.2874344839962495,0.2874344839962495,0.2874344839962495,0.07862492520651414
2,204,4,4,0.2855861384948456,0.2855861384948456,0.2855861384948456,0.2855861384948456,0.07771591950873014
2,205,4,4,0.2855123875154649,0.2855123875154649,0.2855123875154649,0.2855123875154649,0.07640221428658373
2,206,4,4,0.284161655460688,0.284161655460688,0.284161655460688,0.284161655460688,0.07450585218038355
2,207,4,4,0.2829912267858493,0.2829912267858493,0.2829912267858493,0.2829912267858493,0.07286323193074479
2,208,4,4,0.2814785047742022,0.2814785047742022,0.2814785047742022,0.2814785047742022,0.07021440492158884
2,209,4,4,0.2799832803533603,0.2799832803533603,0.2799832803533603,0.2799832803533603,0.06813221498861974
2,210,4,4,0.2777780295824143,0.2777780295824143,0.2777780295824143,0.2777780295824143,0.06625024400236204
2,211,4,4,0.2762039326589997,0.2762039326589997,0.2762039326589997,0.2762039326589997,0.06372567690410755
2,212,4,4,0.2741655899206425,0.2741655899206425,0.2741655899206425,0.2741655899206425,0.06177395729742879
2,213,4,4,0.27251042720091795,0.27251042720091795,0.27251042720091795,0.27251042720091795,0.059575934128182614
2,214,4,4,0.27047292148812924,0.27047292148812924,0.27047292148812924,0.27047292148812924,0.05708250261080312
2,215,4,4,0.26857269156647773,0.26857269156647773,0.26857269156647773,0.26857269156647773,0.05395260581054862
2,216,4,4,0.26682390139465234,0.26682390139465234,0.26682390139465234,0.26682390139465234,0.050680429437861316
2,217,4,4,0.26377355473105407,0.26377355473105407,0.26377355473105407,0.26377355473105407,0.04757445872983568
2,218,4,4,0.26115529386559877,0.26115529386559877,0.26115529386559877,0.26115529386559877,0.045584671502479024
2,219,4,4,0.257940212355629,0.257940212355629,0.257940212355629,0.257940212355629,0.04321339955047049
2,220,4,4,0.2540906221138724,0.2540906221138724,0.2540906221138724,0.2540906221138724,0.04062265245525737
2,221,4,4,0.25244968260194905,0.25244968260194905,0.25244968260194905,0.25244968260194905,0.03757899012605999
2,222,4,4,0.25050862458274176,0.25050862458274176,0.25050862458274176,0.25050862458274176,0.03363928186130058
2,223,4,4,0.24795020721211608,0.24795020721211608,0.24795020721211608,0.24795020721211608,0.03019284773578987
2,224,4,4,0.24534039254684203,0.24534039254684203,0.24534039254684203,0.24534039254684203,0.02697318292242412
2,225,4,4,0.2437449284037231,0.2437449284037231,0.2437449284037231,0.2437449284037231,0.02453308503225546
2,226,4,4,0.24255792508976687,0.24255792508976687,0.24255792508976687,0.24255792508976687,0.022382275044013522
2,227,4,4,0.23955740923104302,0.23955740923104302,0.23955740923104302,0.23955740923104302,0.020607646251588688
2,228,4,4,0.23955364203041918,0.23955364203041918,0.23955364203041918,0.23955364203041918,0.019080208886254307
2,229,4,4,0.23831843623959775,0.23831843623959775,0.23831843623959775,0.23831843623959775,0.017879530144959563
2,230,4,4,0.23817025979663245,0.23817025979663245,0.23817025979663245,0.23817025979663245,0.01766633871759729
2,231,4,4,0.23774013556631637,0.23774013556631637,0.23774013556631637,0.23774013556631637,0.017354278024718978
2,232,4,4,0.237470155221155,0.237470155221155,0.237470155221155,0.237470155221155,0.017256476303686333
2,233,4,4,0.23785716842253785,0.23785716842253785,0.23785716842253785,0.23785716842253785,0.017061238676062393
2,234,4,4,0.2373563237836033,0.2373563237836033,0.2373563237836033,0.2373563237836033,0.017055072096000032
2,235,4,4,0.23841573662783713,0.23841573662783713,0.23841573662783713,0.23841573662783713,0.01704874047964025
2,236,4,4,0.2378650053954904,0.2378650053954904,0.2378650053954904,0.2378650053954904,0.01695131084358162
2,237,4,4,0.23864026390726634,0.23864026390726634,0.23864026390726634,0.23864026390726634,0.01685404893664892
2,238,4,4,0.23869920042381995,0.23869920042381995,0.23869920042381995,0.23869920042381995,0.016944825012872186
2,239,4,4,0.23758769035840227,0.23758769035840227,0.23758769035840227,0.23758769035840227,0.016944825012872256
2,240,4,4,0.23830279993559922,0.23830279993559922,0.23830279993559922,0.23830279993559922,0.016944825012872256
2,241,4,4,0.2383828433985826,0.2383828433985826,0.2383828433985826,0.2383828433985826,0.01684754733581205
2,242,4,4,0.23801005272964554,0.23801005272964554,0.23801005272964554,0.23801005272964554,0.016750437482976374
3,0,0,0,0.2633297205285799,0.2633297205285799,0.2633297205285799,0.2633297205285799,0.016363589148864363
3,1,0,0,0.2664015584232525,0.2664015584232525,0.2664015584232525,0.2664015584232525,0.01636358914886435
3,2,0,0,0.268459274382281,0.268459274382281,0.268459274382281,0.268459274382281,0.01730587497518138
3,3,0,0,0.26952610993979664,0.26952610993979664,0.26952610993979664,0.26952610993979664,0.019965499777581858
3,4,0,0,0.270078450573493,0.270078450573493,0.270078450573493,0.270078450573493,0.02447651987175553
3,5,0,0,0.2707706306628289,0.2707706306628289,0.2707706306628289,0.2707706306628289,0.02955402547130863
3,6,0,0,0.2711199565158327,0.2711199565158327,0.2711199565158327,0.2711199565158327,0.03378071726285266
3,7,0,0,0.2715969280243635,0.2715969280243635,0.2715969280243635,0.2715969280243635,0.037884906044806335
3,8,0,0,0.27295051140920623,0.27295051140920623,0.27295051140920623,0.27295051140920623,0.0409718829247815
3,9,0,0,0.2734189740304323,0.2734189740304323,0.2734189740304323,0.2734189740304323,0.04182461053270066
3,10,0,0,0.2733491515177944,0.2733491515177944,0.2733491515177944,0.2733491515177944,0.041955960361944045
3,11,0,0,0.2733182639522734,0.2733182639522734,0.2733182639522734,0.2733182639522734,0.04163671121679774
3,12,0,0,0.2732403668892925,0.2732403668892925,0.2732403668892925,0.2732403668892925,0.04167044130820041
3,13,0,0,0.2734876014847538,0.2734876014847538,0.2734876014847538,0.2734876014847538,0.04154809204074837
3,14,0,0,0.27249844099261555,0.27249844099261555,0.27249844099261555,0.27249844099261555,0.04147601759423196
3,15,0,0,0.2714296202099658,0.2714296202099658,0.2714296202099658,0.2714296202099658,0.04134785254489427
3,16,0,0,0.2714186280512764,0.2714186280512764,0.2714186280512764,0.2714186280512764,0.04112628695022093
3,17,0,0,0.2700695327979204,0.2700695327979204,0.2700695327979204,0.2700695327979204,0.04036995777653643
3,18,0,0,0.27010743430752765,0.27010743430752765,0.27010743430752765,0.27010743430752765,0.03989026203388425
3,19,0,0,0.2697608395627647,0.2697608395627647,0.2697608395627647,0.2697608395627647,0.0397980792912056
3,20,0,0,0.26869002978906364,0.26869002978906364,0.26869002978906364,0.26869002978906364,0.03910300694882081
3,21,0,0,0.26848886977812414,0.26848886977812414,0.26848886977812414,0.26848886977812414,0.038196130594380345
3,22,0,0,0.2672779857424241,0.2672779857424241,0.2672779857424241,0.2672779857424241,0.03757067569591735
3,23,0,0,0.26575539596063674,0.26575539596063674,0.26575539596063674,0.26575539596063674,0.03741649633430626
3,24,0,0,0.26529897204992586,0.26529897204992586,0.26529897204992586,0.26529897204992586,0.03684461205290854
3,25,0,0,0.26509089877853736,0.26509089877853736,0.26509089877853736,0.26509089877853736,0.03553575209885916
3,26,0,0,0.2646872220650416,0.2646872220650416,0.2646872220650416,0.2646872220650416,0.03462615566512928
3,27,0,0,0.2648459184609072,0.2648459184609072,0.2648459184609072,0.2648459184609072,0.03387204881060073
3,28,0,0,0.26433182878125483,0.26433182878125483,0.26433182878125483,0.26433182878125483,0.03330677463437154
3,29,0,0,0.26365124537111917,0.26365124537111917,0.26365124537111917,0.26365124537111917,0.03311841079878487
3,30,0,0,0.2639284651584305,0.2639284651584305,0.2639284651584305,0.2639284651584305,0.03311841079878486
3,31,0,0,0.2624863343185779,0.2624863343185779,0.2624863343185779,0.2624863343185779,0.033118410798784845
3,32,0,0,0.26136663259075377,0.26136663259075377,0.26136663259075377,0.26136663259075377,0.03293007689321628
3,33,0,0,0.2600519146377323,0.2600519146377323,0.2600519146377323,0.2600519146377323,0.03274176764450559
3,34,0,0,0.2580135485897076,0.2580135485897076,0.2580135485897076,0.2580135485897076,0.03255409823320882
3,35,0,0,0.255404135286573,0.255404135286573,0.255404135286573,0.255404135286573,0.032554098233208845
3,36,0,0,0.25449920211508315,0.25449920211508315,0.25449920211508315,0.25449920211508315,0.032554098233208845
3,37,0,0,0.25148159172683054,0.25148159172683054,0.25148159172683054,0.25148159172683054,0.03242502887477472
3,38,0,0,0.24774700896965485,0.24774700896965485,0.24774700896965485,0.24774700896965485,0.03242563020289804
3,39,0,0,0.24480166719507654,0.24480166719507654,0.24480166719507654,0.24480166719507654,0.031654674521094994
3,40,0,0,0.2403712216490699,0.2403712216490699,0.2403712216490699,0.2403712216490699,0.02974830850275406
3,41,0,0,0.23675860129113088,0.23675860129113088,0.23675860129113088,0.23675860129113088,0.027133041174626504
3,42,0,0,0.23484009745039996,0.23484009745039996,0.23484009745039996,0.23484009745039996,0.02350638542207943
3,43,0,0,0.2329371012693569,0.2329371012693569,0.2329371012693569,0.2329371012693569,0.018766237785168685
3,44,0,0,0.23095431211056566,0.23095431211056566,0.23095431211056566,0.23095431211056566,0.015137311586347582
3,45,0,0,0.22860232935058145,0.22860232935058145,0.22860232935058145,0.22860232935058145,0.011622797772607454
3,46,0,0,0.22667231857329062,0.22667231857329062,0.22667231857329062,0.22667231857329062,0.009218742815747152
3,47,0,0,0.2258712752637429,0.2258712752637429,0.2258712752637429,0.2258712752637429,0.007439022842424203
3,48,0,0,0.22423082667526162,0.22423082667526162,0.22423082667526162,0.22423082667526162,0.006309961024740976
3,49,0,0,0.22482528072177993,0.22482528072177993,0.22482528072177993,0.22482528072177993,0.00557062768598833
3,50,1,1,0.22430801696967806,0.22430801696967806,0.22430801696967806,0.22430801696967806,0.005170112981084954
3,51,1,1,0.22450148936870096,0.22450148936870096,0.22450148936870096,0.22450148936870096,0.004988617539860907
3,52,1,1,0.2238786045594537,0.2238786045594537,0.2238786045594537,0.2238786045594537,0.005100396744951705
3,53,1,1,0.22360867241999818,0.22360867241999818,0.22360867241999818,0.22360867241999818,0.004905872729502436
3,54,1,1,0.22413294299725428,0.22413294299725428,0.22413294299725428,0.22413294299725428,0.004390590037755826
3,55,1,1,0.2247765055189059,0.2247765055189059,0.2247765055189059,0.2247765055189059,0.0042684857544111054
3,56,1,1,0.22524462943372617,0.22524462943372617,0.22524462943372617,0.22524462943372617,0.004753445244030666
3,57,1,1,0.22522127296184669,0.22522127296184669,0.22522127296184669,0.22522127296184669,0.00495099644787908
3,58,1,1,0.2245147627457562,0.2245147627457562,0.2245147627457562,0.2245147627457562,0.00500502163575145
3,59,1,1,0.22521343023521923,0.22521343023521923,0.22521343023521923,0.22521343023521923,0.005148252946793247
3,60,1,1,0.22477081948864847,0.22477081948864847,0.22477081948864847,0.22477081948864847,0.005112687378207428
3,61,1,1,0.2248456268969341,0.2248456268969341,0.2248456268969341,0.2248456268969341,0.005219832865224747
3,62,1,1,0.22471990121033442,0.22471990121033442,0.22471990121033442,0.22471990121033442,0.005237228928791818
3,63,1,1,0.22546032919084058,0.22546032919084058,0.22546032919084058,0.22546032919084058,0.0052542252849933635
3,64,1,1,0.22662471536213227,0.22662471536213227,0.22662471536213227,0.22662471536213227,0.00530718822931317
3,65,1,1,0.22871341677168625,0.22871341677168625,0.22871341677168625,0.22871341677168625,0.005448999729657025
3,66,1,1,0.22989732838952898,0.22989732838952898,0.22989732838952898,0.22989732838952898,0.006016887990831957
3,67,1,1,0.2316968602765197,0.2316968602765197,0.2316968602765197,0.2316968602765197,0.0064953565833965055
3,68,1,1,0.23372757711181286,0.23372757711181286,0.23372757711181286,0.23372757711181286,0.0069221731424675415
3,69,1,1,0.2376291936347097,0.2376291936347097,0.2376291936347097,0.2376291936347097,0.007207037980536624
3,70,1,1,0.23938765711009943,0.23938765711009943,0.23938765711009943,0.23938765711009943,0.00801267998468877
3,71,1,1,0.24121668803383242,0.24121668803383242,0.24121668803383242,0.24121668803383242,0.008585076134201994
3,72,1,1,0.2448676464757575,0.2448676464757575,0.2448676464757575,0.2448676464757575,0.00943049923467304
3,73,1,1,0.24901692528284936,0.24901692528284936,0.24901692528284936,0.24901692528284936,0.011013636702646087
3,74,1,1,0.2530689701296194,0.2530689701296194,0.2530689701296194,0.2530689701296194,0.013299017856597331
3,75,1,1,0.2570922518388688,0.2570922518388688,0.2570922518388688,0.2570922518388688,0.01645961318800139
3,76,1,1,0.2600256746733661,0.2600256746733661,0.2600256746733661,0.2600256746733661,0.02026782089852923
3,77,1,1,0.2615998490161836,0.2615998490161836,0.2615998490161836,0.2615998490161836,0.024851107180047793
3,78,1,1,0.2634316269205182,0.2634316269205182,0.2634316269205182,0.2634316269205182,0.03027261642665799
3,79,1,1,0.2654380566794621,0.2654380566794621,0.2654380566794621,0.2654380566794621,0.03501205136313071
3,80,1,1,0.2676127401518168,0.2676127401518168,0.2676127401518168,0.2676127401518168,0.03999366654113624
3,81,1,1,0.26991642874352706,0.26991642874352706,0.26991642874352706,0.26991642874352706,0.04531511348994707
3,82,1,1,0.2708686727685231,0.2708686727685231,0.2708686727685231,0.2708686727685231,0.049819258127001845
3,83,1,1,0.2719555644765155,0.2719555644765155,0.2719555644765155,0.2719555644765155,0.05442205438191455
3,84,1,1,0.2728846016982905,0.2728846016982905,0.2728846016982905,0.2728846016982905,0.05936866507168684
3,85,1,1,0.274177541172932,0.274177541172932,0.274177541172932,0.274177541172932,0.06420638623497588
3,86,1,1,0.27454159178254195,0.27454159178254195,0.27454159178254195,0.27454159178254195,0.0687677203741736
3,87,1,1,0.2747638633473795,0.2747638633473795,0.2747638633473795,0.2747638633473795,0.07308114709943794
3,88,1,1,0.2748887721480665,0.2748887721480665,0.2748887721480665,0.2748887721480665,0.0770133360955786
3,89,1,1,0.2747949422556555,0.2747949422556555,0.2747949422556555,0.2747949422556555,0.08165040921097669
3,90,1,1,0.2749749391110842,0.2749749391110842,0.2749749391110842,0.2749749391110842,0.08479625779500827
3,91,1,1,0.2752655096428939,0.2752655096428939,0.2752655096428939,0.2752655096428939,0.08832073406430313
3,92,1,1,0.27517478992528277,0.27517478992528277,0.27517478992528277,0.27517478992528277,0.0918503769588865
3,93,1,1,0.2754858518983566,0.2754858518983566,0.2754858518983566,0.2754858518983566,0.09517814565957011
3,94,1,1,0.27524436091249066,0.27524436091249066,0.27524436091249066,0.27524436091249066,0.09768390397152318
3,95,1,1,0.2752017380972003,0.2752017380972003,0.2752017380972003,0.2752017380972003,0.1001927592243047
3,96,1,1,0.2749236081234605,0.2749236081234605,0.2749236081234605,0.2749236081234605,0.10301210951009108
3,97,1,1,0.27503036150464805,0.27503036150464805,0.27503036150464805,0.27503036150464805,0.10532279562583048
3,98,1,1,0.2749447585192585,0.2749447585192585,0.2749447585192585,0.2749447585192585,0.10732042605603556
3,99,1,1,0.27453755754212206,0.27453755754212206,0.27453755754212206,0.27453755754212206,0.10931786629986238
3,100,2,2,0.2670758403105601,0.2670758403105601,0.2670758403105601,0.2670758403105601,0.11096136024923177
3,101,2,2,0.2654397286727025,0.2654397286727025,0.2654397286727025,0.2654397286727025,0.11360770365681351
3,102,2,2,0.26441557923570314,0.26441557923570314,0.26441557923570314,0.26441557923570314,0.11319260050691249
3,103,2,2,0.2643979651870606,0.2643979651870606,0.2643979651870606,0.2643979651870606,0.11317852512506685
3,104,2,2,0.2648625864333473,0.2648625864333473,0.2648625864333473,0.2648625864333473,0.1133693999252435
3,105,2,2,0.2641717101595287,0.2641717101595287,0.2641717101595287,0.2641717101595287,0.11376493764105189
3,106,2,2,0.26383948213958774,0.26383948213958774,0.26383948213958774,0.26383948213958774,0.11477341113233741
3,107,2,2,0.2641788148942983,0.2641788148942983,0.2641788148942983,0.2641788148942983,0.1157816392463505
3,108,2,2,0.2644314492401218,0.2644314492401218,0.2644314492401218,0.2644314492401218,0.11719467055998475
3,109,2,2,0.265058553120603,0.265058553120603,0.265058553120603,0.265058553120603,0.11839907689709395
3,110,2,2,0.2653735610648084,0.2653735610648084,0.2653735610648084,0.2653735610648084,0.12010953540934494
3,111,2,2,0.2660374593275718,0.2660374593275718,0.2660374593275718,0.2660374593275718,0.12266189127622135
3,112,2,2,0.2663710628187839,0.2663710628187839,0.2663710628187839,0.2663710628187839,0.12463867084031036
3,113,2,2,0.2656859963003111,0.2656859963003111,0.2656859963003111,0.2656859963003111,0.126260512482789
3,114,2,2,0.26572582085403373,0.26572582085403373,0.26572582085403373,0.26572582085403373,0.12827080561181725
3,115,2,2,0.26533804230906016,0.26533804230906016,0.26533804230906016,0.26533804230906016,0.13051517313977995
3,116,2,2,0.26508645199502745,0.26508645199502745,0.26508645199502745,0.26508645199502745,0.13262866487331165
3,117,2,2,0.26494263885609837,0.26494263885609837,0.26494263885609837,0.26494263885609837,0.1330239100871566
3,118,2,2,0.26475399443238445,0.26475399443238445,0.26475399443238445,0.26475399443238445,0.13298791830233467
3,119,2,2,0.26431919445356955,0.26431919445356955,0.26431919445356955,0.26431919445356955,0.13297283081565572
3,120,2,2,0.26421931767012385,0.26421931767012385,0.26421931767012385,0.26421931767012385,0.13311538994165775
3,121,2,2,0.2632013237433296,0.2632013237433296,0.2632013237433296,0.2632013237433296,0.13336658546920674
3,122,2,2,0.26269905338784577,0.26269905338784577,0.26269905338784577,0.26269905338784577,0.13230759390732533
3,123,2,2,0.26262982667028734,0.26262982667028734,0.26262982667028734,0.26262982667028734,0.1314732418520515
3,124,2,2,0.26297188370961466,0.26297188370961466,0.26297188370961466,0.26297188370961466,0.13104639520172137
3,125,2,2,0.2629896118605421,0.2629896118605421,0.2629896118605421,0.2629896118605421,0.13082834717975095
3,126,2,2,0.2627226393887658,0.2627226393887658,0.2627226393887658,0.2627226393887658,0.1295539410218055
3,127,2,2,0.2631341914114122,0.2631341914114122,0.2631341914114122,0.2631341914114122,0.12768337017388962
3,128,2,2,0.263122322407889,0.263122322407889,0.263122322407889,0.263122322407889,0.12670253644358911
3,129,2,2,0.26303643192728743,0.26303643192728743,0.26303643192728743,0.26303643192728743,0.12520825243153222
3,130,2,2,0.26322494374914657,0.26322494374914657,0.26322494374914657,0.26322494374914657,0.12373856126342941
3,131,2,2,0.262919949726785,0.262919949726785,0.262919949726785,0.262919949726785,0.12205653687197268
3,132,2,2,0.26253245388521285,0.26253245388521285,0.26253245388521285,0.26253245388521285,0.1199477803282994
3,133,2,2,0.2626986792057152,0.2626986792057152,0.2626986792057152,0.2626986792057152,0.11779793551172865
3,134,2,2,0.2628727882357611,0.2628727882357611,0.2628727882357611,0.2628727882357611,0.11546265602806946
3,135,2,2,0.26298893065946016,0.26298893065946016,0.26298893065946016,0.26298893065946016,0.11315417437454584
3,136,2,2,0.26344679153851186,0.26344679153851186,0.26344679153851186,0.26344679153851186,0.11058510179347109
3,137,2,2,0.26347298792808,0.26347298792808,0.26347298792808,0.26347298792808,0.10822099429300314
3,138,2,2,0.2626644174129202,0.2626644174129202,0.2626644174129202,0.2626644174129202,0.10584585183329864
3,139,2,2,0.26225762920310774,0.26225762920310774,0.26225762920310774,0.26225762920310774,0.10389560043738827
3,140,2,2,0.26146403761286574,0.26146403761286574,0.26146403761286574,0.26146403761286574,0.1012888753744622
3,141,2,2,0.26152165864751753,0.26152165864751753,0.26152165864751753,0.26152165864751753,0.09867557298249578
3,142,2,2,0.2616773301333775,0.2616773301333775,0.2616773301333775,0.2616773301333775,0.0962741855810674
3,143,2,2,0.26154761589231645,0.26154761589231645,0.26154761589231645,0.26154761589231645,0.09435281965194206
3,144,2,2,0.26129945963107304,0.26129945963107304,0.26129945963107304,0.26129945963107304,0.09274908194045609
3,145,2,2,0.26227693172531574,0.26227693172531574,0.26227693172531574,0.26227693172531574,0.09091233028961626
3,146,2,2,0.2625366419229577,0.2625366419229577,0.2625366419229577,0.2625366419229577,0.0887629139787236
3,147,2,2,0.2632607634928347,0.2632607634928347,0.2632607634928347,0.2632607634928347,0.08728631724641361
3,148,2,2,0.2639131737449067,0.2639131737449067,0.2639131737449067,0.2639131737449067,0.08559140988902209
3,149,2,2,0.2646441917438974,0.2646441917438974,0.2646441917438974,0.2646441917438974,0.08384035520087105
3,150,3,3,0.27411351980071375,0.27411351980071375,0.27411351980071375,0.27411351980071375,0.08132151688594211
3,151,3,3,0.27272951619555197,0.27272951619555197,0.27272951619555197,0.27272951619555197,0.07592610618989623
3,152,3,3,0.2743184080722362,0.2743184080722362,0.2743184080722362,0.2743184080722362,0.0774482991459736
3,153,3,3,0.2757599278827098,0.2757599278827098,0.2757599278827098,0.2757599278827098,0.07832336974494475
3,154,3,3,0.27662169394758795,0.27662169394758795,0.27662169394758795,0.27662169394758795,0.07892590709063238
3,155,3,3,0.2772834672965945,0.2772834672965945,0.2772834672965945,0.2772834672965945,0.07930698664244751
3,156,3,3,0.2783517427343044,0.2783517427343044,0.2783517427343044,0.2783517427343044,0.07952402707410636
3,157,3,3,0.2792478904761529,0.2792478904761529,0.2792478904761529,0.2792478904761529,0.07892711639171944
3,158,3,3,0.27996563213457704,0.27996563213457704,0.27996563213457704,0.27996563213457704,0.07832937116612776
3,159,3,3,0.2808615270978837,0.2808615270978837,0.2808615270978837,0.2808615270978837,0.0774625693214292
3,160,3,3,0.2802445626319541,0.2802445626319541,0.2802445626319541,0.2802445626319541,0.07697310722934422
3,161,3,3,0.2804096088321879,0.2804096088321879,0.2804096088321879,0.2804096088321879,0.07604803614212916
3,162,3,3,0.2808321572992766,0.2808321572992766,0.2808321572992766,0.2808321572992766,0.07474279656816636
3,163,3,3,0.28098227932473885,0.28098227932473885,0.28098227932473885,0.28098227932473885,0.07278220446569222
3,164,3,3,0.2810049914595297,0.2810049914595297,0.2810049914595297,0.2810049914595297,0.07131564059763243
3,165,3,3,0.28044936227000283,0.28044936227000283,0.28044936227000283,0.28044936227000283,0.07022512873394432
3,166,3,3,0.2805045195378978,0.2805045195378978,0.2805045195378978,0.2805045195378978,0.06934886999135878
3,167,3,3,0.2792653600297272,0.2792653600297272,0.2792653600297272,0.2792653600297272,0.0689084846361398
3,168,3,3,0.27850366972446855,0.27850366972446855,0.27850366972446855,0.27850366972446855,0.06840676476647964
3,169,3,3,0.27798822717576743,0.27798822717576743,0.27798822717576743,0.27798822717576743,0.06731045435091848
3,170,3,3,0.2767777664880615,0.2767777664880615,0.2767777664880615,0.2767777664880615,0.06671375720239109
3,171,3,3,0.2768683141719076,0.2768683141719076,0.2768683141719076,0.2768683141719076,0.06627642498415152
3,172,3,3,0.27609462097500503,0.27609462097500503,0.27609462097500503,0.27609462097500503,0.06584009743527833
3,173,3,3,0.2756881987071798,0.2756881987071798,0.2756881987071798,0.2756881987071798,0.06584009743527836
3,174,3,3,0.2753508764962507,0.2753508764962507,0.2753508764962507,0.2753508764962507,0.06599565023808948
3,175,3,3,0.2759067732446509,0.2759067732446509,0.2759067732446509,0.2759067732446509,0.06561981861165536
3,176,3,3,0.2753411066863702,0.2753411066863702,0.2753411066863702,0.2753411066863702,0.06539848853554303
3,177,3,3,0.27640363526788647,0.27640363526788647,0.27640363526788647,0.27640363526788647,0.06539848853554303
3,178,3,3,0.2757158390060555,0.2757158390060555,0.2757158390060555,0.2757158390060555,0.06518029726023913
3,179,3,3,0.27610361630696945,0.27610361630696945,0.27610361630696945,0.27610361630696945,0.06533552293868748
3,180,3,3,0.27552210230517915,0.27552210230517915,0.27552210230517915,0.27552210230517915,0.06533447951110574
3,181,3,3,0.27534717518865204,0.27534717518865204,0.27534717518865204,0.27534717518865204,0.06533343676842115
3,182,3,3,0.2757068527362097,0.2757068527362097,0.2757068527362097,0.2757068527362097,0.06495794019735095
3,183,3,3,0.2758951383704133,0.2758951383704133,0.2758951383704133,0.2758951383704133,0.06495690336413339
3,184,3,3,0.2754089933879283,0.2754089933879283,0.2754089933879283,0.2754089933879283,0.06495690336413343
3,185,3,3,0.2763517990236694,0.2763517990236694,0.2763517990236694,0.2763517990236694,0.06510994030365194
3,186,3,3,0.2762345326533102,0.2762345326533102,0.2762345326533102,0.2762345326533102,0.06495276312410637
3,187,3,3,0.27629667723153206,0.27629667723153206,0.27629667723153206,0.27629667723153206,0.06510890413329476
3,188,3,3,0.2779037337918247,0.2779037337918247,0.2779037337918247,0.2779037337918247,0.06495172984102943
3,189,3,3,0.2781920304008102,0.2781920304008102,0.2781920304008102,0.2781920304008102,0.06495276312410636
3,190,3,3,0.27995674335650056,0.27995674335650056,0.27995674335650056,0.27995674335650056,0.06516990926606737
3,191,3,3,0.28171042798390533,0.28171042798390533,0.28171042798390533,0.28171042798390533,0.06516990926606737
3,192,3,3,0.2841921003251049,0.2841921003251049,0.2841921003251049,0.2841921003251049,0.0655444345781862
3,193,3,3,0.28536341442866364,0.28536341442866364,0.28536341442866364,0.28536341442866364,0.06648084803546528
3,194,3,3,0.2866694001601835,0.2866694001601835,0.2866694001601835,0.2866694001601835,0.06866658677216367
3,195,3,3,0.28770789462375274,0.28770789462375274,0.28770789462375274,0.28770789462375274,0.07107210634606304
3,196,3,3,0.28784411826118617,0.28784411826118617,0.28784411826118617,0.28784411826118617,0.0732017816874043
3,197,3,3,0.288159752822978,0.288159752822978,0.288159752822978,0.288159752822978,0.07625841480420689
3,198,3,3,0.2879511615181345,0.2879511615181345,0.2879511615181345,0.2879511615181345,0.07936345871294256
3,199,3,3,0.28841668860991565,0.28841668860991565,0.28841668860991565,0.28841668860991565,0.08224695227755963
3,200,4,4,0.289751242017766,0.289751242017766,0.289751242017766,0.289751242017766,0.08428672254565828
3,201,4,4,0.2899578601848977,0.2899578601848977,0.2899578601848977,0.2899578601848977,0.08176624677126512
3,202,4,4,0.28992230796685836,0.28992230796685836,0.28992230796685836,0.28992230796685836,0.08218164047626342
3,203,4,4,0.29029592662385023,0.29029592662385023,0.29029592662385023,0.29029592662385023,0.08342852964189566
3,204,4,4,0.2891137771972468,0.2891137771972468,0.2891137771972468,0.2891137771972468,0.08357061906760507
3,205,4,4,0.28902926861994277,0.28902926861994277,0.28902926861994277,0.28902926861994277,0.08352158819503422
3,206,4,4,0.28799472821009847,0.28799472821009847,0.28799472821009847,0.28799472821009847,0.08275302185844122
3,207,4,4,0.2871113390570351,0.2871113390570351,0.2871113390570351,0.2871113390570351,0.08167046509612069
3,208,4,4,0.2854599560263282,0.2854599560263282,0.2854599560263282,0.2854599560263282,0.07940854216744048
3,209,4,4,0.2839106523012422,0.2839106523012422,0.2839106523012422,0.2839106523012422,0.07614254785126798
3,210,4,4,0.28223000417290856,0.28223000417290856,0.28223000417290856,0.28223000417290856,0.07408198079978391
3,211,4,4,0.28038485451215533,0.28038485451215533,0.28038485451215533,0.28038485451215533,0.07198189903752934
3,212,4,4,0.27846979964541474,0.27846979964541474,0.27846979964541474,0.27846979964541474,0.06904939270816643
3,213,4,4,0.276605820453449,0.276605820453449,0.276605820453449,0.276605820453449,0.06687728083169295
3,214,4,4,0.274789106711217,0.274789106711217,0.274789106711217,0.274789106711217,0.06374561101427176
3,215,4,4,0.2730624712981823,0.2730624712981823,0.2730624712981823,0.2730624712981823,0.06041959507256081
3,216,4,4,0.2713297252888915,0.2713297252888915,0.2713297252888915,0.2713297252888915,0.05663931430013848
3,217,4,4,0.26863692058794203,0.26863692058794203,0.26863692058794203,0.26863692058794203,0.05387588127215594
3,218,4,4,0.2661493518884559,0.2661493518884559,0.2661493518884559,0.2661493518884559,0.05126046427103997
3,219,4,4,0.2630801043444288,0.2630801043444288,0.2630801043444288,0.2630801043444288,0.04894781896286503
3,220,4,4,0.2592801308325143,0.2592801308325143,0.2592801308325143,0.2592801308325143,0.046258593989391604
3,221,4,4,0.2576145667914985,0.2576145667914985,0.2576145667914985,0.2576145667914985,0.04282100434587212
3,222,4,4,0.2561216080551806,0.2561216080551806,0.2561216080551806,0.2561216080551806,0.039088164580365056
3,223,4,4,0.25337261948697165,0.25337261948697165,0.25337261948697165,0.25337261948697165,0.03583444995037478
3,224,4,4,0.2504619635943385,0.2504619635943385,0.2504619635943385,0.2504619635943385,0.03266871175198531
3,225,4,4,0.24854496026943812,0.24854496026943812,0.24854496026943812,0.24854496026943812,0.030183192801492703
3,226,4,4,0.24680309096769532,0.24680309096769532,0.24680309096769532,0.24680309096769532,0.027654536121802298
3,227,4,4,0.2438136723148126,0.2438136723148126,0.2438136723148126,0.2438136723148126,0.025753424464127886
3,228,4,4,0.2434759926920116,0.2434759926920116,0.2434759926920116,0.2434759926920116,0.02389702659805437
3,229,4,4,0.2407254146633789,0.2407254146633789,0.2407254146633789,0.2407254146633789,0.021863919150823585
3,230,4,4,0.2398861010499294,0.2398861010499294,0.2398861010499294,0.2398861010499294,0.020089806995828186
3,231,4,4,0.2388302990848133,0.2388302990848133,0.2388302990848133,0.2388302990848133,0.01837001401527541
3,232,4,4,0.23812316144989826,0.23812316144989826,0.23812316144989826,0.23812316144989826,0.01777055933930083
3,233,4,4,0.23742707938514007,0.23742707938514007,0.23742707938514007,0.23742707938514007,0.017666618442699372
3,234,4,4,0.23684323362232024,0.23684323362232024,0.23684323362232024,0.23684323362232024,0.017268513530570406
3,235,4,4,0.23799477074606093,0.23799477074606093,0.23799477074606093,0.23799477074606093,0.01687271509422987
3,236,4,4,0.2373855345379498,0.2373855345379498,0.2373855345379498,0.2373855345379498,0.01658200942385439
3,237,4,4,0.23819761525453562,0.23819761525453562,0.23819761525453562,0.23819761525453562,0.016666395856272595
3,238,4,4,0.238269662624384,0.238269662624384,0.238269662624384,0.238269662624384,0.016847566022616223
3,239,4,4,0.23746253088982383,0.23746253088982383,0.23746253088982383,0.23746253088982383,0.016847559791639072
3,240,4,4,0.23805243837449203,0.23805243837449203,0.23805243837449203,0.23805243837449203,0.016750444151485147
3,241,4,4,0.23797238349759842,0.23797238349759842,0.23797238349759842,0.23797238349759842,0.01693147192282199
3,242,4,4,0.2378032461645556,0.2378032461645556,0.2378032461645556,0.2378032461645556,0.016834153464886592
3,243,4,4,0.2376291790102401,0.2376291790102401,0.2376291790102401,0.2376291790102401,0.017022042446547314
3,244,4,4,0.23773329918125272,0.23773329918125272,0.23773329918125272,0.23773329918125272,0.016834153464886606
3,245,4,4,0.23719379208244185,0.23719379208244185,0.23719379208244185,0.23719379208244185,0.016834153464886606
3,246,4,4,0.23767554355209913,0.23767554355209913,0.23767554355209913,0.23767554355209913,0.016834153464886606
3,247,4,4,0.23734501181242254,0.23734501181242254,0.23734501181242254,0.23734501181242254,0.016834153464886606
3,248,4,4,0.2379222396420777,0.2379222396420777,0.2379222396420777,0.2379222396420777,0.016834153464886606
4,0,0,0,0.2625329268458198,0.2625329268458198,0.2625329268458198,0.2625329268458198,0.016446552934939587
4,1,0,0,0.2655281318633222,0.2655281318633222,0.2655281318633222,0.2655281318633222,0.016446552934939587
4,2,0,0,0.26733936367189415,0.26733936367189415,0.26733936367189415,0.26733936367189415,0.01729591403192575
4,3,0,0,0.2684312000477823,0.2684312000477823,0.2684312000477823,0.2684312000477823,0.020159647245047416
4,4,0,0,0.26903279584147927,0.26903279584147927,0.26903279584147927,0.26903279584147927,0.024270682557543458
4,5,0,0,0.2697760139013121,0.2697760139013121,0.2697760139013121,0.2697760139013121,0.029251430025854064
4,6,0,0,0.27007676271178455,0.27007676271178455,0.27007676271178455,0.27007676271178455,0.033022398363616756
4,7,0,0,0.2703660833026238,0.2703660833026238,0.2703660833026238,0.2703660833026238,0.036260778495855045
4,8,0,0,0.27161384538969074,0.27161384538969074,0.27161384538969074,0.27161384538969074,0.03864526827243436
4,9,0,0,0.2722000242560605,0.2722000242560605,0.2722000242560605,0.2722000242560605,0.03945185937435536
4,10,0,0,0.27204951732568694,0.27204951732568694,0.27204951732568694,0.27204951732568694,0.03971655373799016
4,11,0,0,0.27196955385403127,0.27196955385403127,0.27196955385403127,0.27196955385403127,0.03953823943229294
4,12,0,0,0.2718788025063932,0.2718788025063932,0.2718788025063932,0.2718788025063932,0.039578205421339246
4,13,0,0,0.27214839340396524,0.27214839340396524,0.27214839340396524,0.27214839340396524,0.03961826035073243
4,14,0,0,0.27121544313126233,0.27121544313126233,0.27121544313126233,0.27121544313126233,0.039684224874418486
4,15,0,0,0.2702132550234255,0.2702132550234255,0.2702132550234255,0.2702132550234255,0.03959876227283195
4,16,0,0,0.270014909311691,0.270014909311691,0.270014909311691,0.270014909311691,0.039263058506723514
4,17,0,0,0.268809988849328,0.268809988849328,0.268809988849328,0.268809988849328,0.03865932024899969
4,18,0,0,0.268869365814647,0.268869365814647,0.268869365814647,0.268869365814647,0.0384550681583779
4,19,0,0,0.26846907803485337,0.26846907803485337,0.26846907803485337,0.26846907803485337,0.03736886891828861
4,20,0,0,0.2674202884931679,0.2674202884931679,0.2674202884931679,0.2674202884931679,0.036796243976323986
4,21,0,0,0.2672115165641099,0.2672115165641099,0.2672115165641099,0.2672115165641099,0.0362800409285841
4,22,0,0,0.26614802134539356,0.26614802134539356,0.26614802134539356,0.26614802134539356,0.035729675124726065
4,23,0,0,0.26459394622848825,0.26459394622848825,0.26459394622848825,0.26459394622848825,0.03556640948284187
4,24,0,0,0.26418345581300107,0.26418345581300107,0.26418345581300107,0.26418345581300107,0.03480533214524047
4,25,0,0,0.26395742144358764,0.26395742144358764,0.26395742144358764,0.26395742144358764,0.03401865031153366
4,26,0,0,0.26362584107106013,0.26362584107106013,0.26362584107106013,0.26362584107106013,0.033441155766843034
4,27,0,0,0.2638718803044069,0.2638718803044069,0.2638718803044069,0.2638718803044069,0.03244133852634355
4,28,0,0,0.2633998143183588,0.2633998143183588,0.2633998143183588,0.2633998143183588,0.03206500749653009
4,29,0,0,0.26272315202482033,0.26272315202482033,0.26272315202482033,0.26272315202482033,0.03181735550840835
4,30,0,0,0.26299448688145927,0.26299448688145927,0.26299448688145927,0.26299448688145927,0.03168880714053543
4,31,0,0,0.2617500795184151,0.2617500795184151,0.2617500795184151,0.2617500795184151,0.03168880714053539
4,32,0,0,0.26087530601127396,0.26087530601127396,0.26087530601127396,0.26087530601127396,0.031688807140535444
4,33,0,0,0.2596487584959819,0.2596487584959819,0.2596487584959819,0.2596487584959819,0.03150074899587266
4,34,0,0,0.25789737516687106,0.25789737516687106,0.25789737516687106,0.25789737516687106,0.03162914777189896
4,35,0,0,0.25567407382711943,0.25567407382711943,0.25567407382711943,0.25567407382711943,0.03162914777189903
4,36,0,0,0.254992634162222,0.254992634162222,0.254992634162222,0.254992634162222,0.03150074899587271
4,37,0,0,0.2518246754168777,0.2518246754168777,0.2518246754168777,0.2518246754168777,0.03150074899587271
4,38,0,0,0.2482784785458113,0.2482784785458113,0.2482784785458113,0.2482784785458113,0.03150074899587264
4,39,0,0,0.24564517241816158,0.24564517241816158,0.24564517241816158,0.24564517241816158,0.03105664396364155
4,40,0,0,0.24123808522449913,0.24123808522449913,0.24123808522449913,0.24123808522449913,0.029418964916641116
4,41,0,0,0.23781304160400094,0.23781304160400094,0.23781304160400094,0.23781304160400094,0.027728656259866077
4,42,0,0,0.23597996443339717,0.23597996443339717,0.23597996443339717,0.23597996443339717,0.023879738653251728
4,43,0,0,0.23405038595428285,0.23405038595428285,0.23405038595428285,0.23405038595428285,0.019543478011200488
4,44,0,0,0.2321152130649074,0.2321152130649074,0.2321152130649074,0.2321152130649074,0.015414989101736082
4,45,0,0,0.22970023125273192,0.22970023125273192,0.22970023125273192,0.22970023125273192,0.012432585646434874
4,46,0,0,0.22789689513017264,0.22789689513017264,0.22789689513017264,0.22789689513017264,0.009675350637046942
4,47,0,0,0.22693518417320205,0.22693518417320205,0.22693518417320205,0.22693518417320205,0.007903038834343595
4,48,0,0,0.22522480736487657,0.22522480736487657,0.22522480736487657,0.22522480736487657,0.006561439537940195
4,49,0,0,0.225876383675092,0.225876383675092,0.225876383675092,0.225876383675092,0.005960650492448441
4,50,1,1,0.22559343272119886,0.22559343272119886,0.22559343272119886,0.22559343272119886,0.005402490107988947
4,51,1,1,0.22552749344385462,0.22552749344385462,0.22552749344385462,0.22552749344385462,0.005125703363818179
4,52,1,1,0.22506532155905257,0.22506532155905257,0.22506532155905257,0.22506532155905257,0.005575144003240579
4,53,1,1,0.22486895106511312,0.22486895106511312,0.22486895106511312,0.22486895106511312,0.005561726296894123
4,54,1,1,0.22531011660179712,0.22531011660179712,0.22531011660179712,0.22531011660179712,0.0049201704195526025
4,55,1,1,0.22585153006443415,0.22585153006443415,0.22585153006443415,0.22585153006443415,0.004704442827409616
4,56,1,1,0.22663555298907304,0.22663555298907304,0.22663555298907304,0.22663555298907304,0.004964458582530071
4,57,1,1,0.22650733328732334,0.22650733328732334,0.22650733328732334,0.22650733328732334,0.005370621053925065
4,58,1,1,0.22587612876099927,0.22587612876099927,0.22587612876099927,0.22587612876099927,0.005720228608019837
4,59,1,1,0.22656023597975572,0.22656023597975572,0.22656023597975572,0.22656023597975572,0.005720228608019837
4,60,1,1,0.2262173948542997,0.2262173948542997,0.2262173948542997,0.2262173948542997,0.005830859690649129
4,61,1,1,0.2262335614265676,0.2262335614265676,0.2262335614265676,0.2262335614265676,0.00584944552629986
4,62,1,1,0.22639710702900534,0.22639710702900534,0.22639710702900534,0.22639710702900534,0.0057217312849996566
4,63,1,1,0.22707176501935125,0.22707176501935125,0.22707176501935125,0.22707176501935125,0.005685379306902966
4,64,1,1,0.22843019698178682,0.22843019698178682,0.22843019698178682,0.22843019698178682,0.005685277292779706
4,65,1,1,0.23070897613885666,0.23070897613885666,0.23070897613885666,0.23070897613885666,0.005830887801836548
4,66,1,1,0.2321423945933015,0.2321423945933015,0.2321423945933015,0.2321423945933015,0.0061224010539494556
4,67,1,1,0.23451571540700739,0.23451571540700739,0.23451571540700739,0.23451571540700739,0.006613857146114593
4,68,1,1,0.23707254180363146,0.23707254180363146,0.23707254180363146,0.23707254180363146,0.0069056828231807005
4,69,1,1,0.24101377114850672,0.24101377114850672,0.24101377114850672,0.24101377114850672,0.007436944396886649
4,70,1,1,0.24367262364019,0.24367262364019,0.24367262364019,0.24367262364019,0.008116767498852609
4,71,1,1,0.2455107787136884,0.2455107787136884,0.2455107787136884,0.2455107787136884,0.009232418909893556
4,72,1,1,0.24904881691063527,0.24904881691063527,0.24904881691063527,0.24904881691063527,0.010586727776276728
4,73,1,1,0.2532882915030642,0.2532882915030642,0.2532882915030642,0.2532882915030642,0.012983152540491857
4,74,1,1,0.25760542649559903,0.25760542649559903,0.25760542649559903,0.25760542649559903,0.016002896557349183
4,75,1,1,0.26163407116298354,0.26163407116298354,0.26163407116298354,0.26163407116298354,0.01960089339236798
4,76,1,1,0.26483871146408183,0.26483871146408183,0.26483871146408183,0.26483871146408183,0.024304626866798296
4,77,1,1,0.26655172645940395,0.26655172645940395,0.26655172645940395,0.26655172645940395,0.029258850121745436
4,78,1,1,0.26838786102574974,0.26838786102574974,0.26838786102574974,0.26838786102574974,0.03482320546281517
4,79,1,1,0.270158095143753,0.270158095143753,0.270158095143753,0.270158095143753,0.040370363498743636
4,80,1,1,0.2717052828183317,0.2717052828183317,0.2717052828183317,0.2717052828183317,0.04532550609926964
4,81,1,1,0.27370679880943194,0.27370679880943194,0.27370679880943194,0.27370679880943194,0.05091885519246222
4,82,1,1,0.27424273775662045,0.27424273775662045,0.27424273775662045,0.27424273775662045,0.055339846633768515
4,83,1,1,0.27499499112789894,0.27499499112789894,0.27499499112789894,0.27499499112789894,0.059912441842429456
4,84,1,1,0.27576230827406656,0.27576230827406656,0.27576230827406656,0.27576230827406656,0.06460765580992148
4,85,1,1,0.2767050861338941,0.2767050861338941,0.2767050861338941,0.2767050861338941,0.06957858989617127
4,86,1,1,0.27710749634708565,0.27710749634708565,0.27710749634708565,0.27710749634708565,0.07414589094606086
4,87,1,1,0.2772296895317661,0.2772296895317661,0.2772296895317661,0.2772296895317661,0.07849477781342945
4,88,1,1,0.2771977563642859,0.2771977563642859,0.2771977563642859,0.2771977563642859,0.08283918691368197
4,89,1,1,0.27725076465651316,0.27725076465651316,0.27725076465651316,0.27725076465651316,0.08693778042305238
4,90,1,1,0.2768163995277447,0.2768163995277447,0.2768163995277447,0.2768163995277447,0.090698671598243
4,91,1,1,0.2774221025042687,0.2774221025042687,0.2774221025042687,0.2774221025042687,0.09396049026107513
4,92,1,1,0.27716041298272104,0.27716041298272104,0.27716041298272104,0.27716041298272104,0.09670865623346267
4,93,1,1,0.27729321197932566,0.27729321197932566,0.27729321197932566,0.27729321197932566,0.09944304678961981
4,94,1,1,0.2769142567610254,0.2769142567610254,0.2769142567610254,0.2769142567610254,0.10153836022220739
4,95,1,1,0.27689842134819276,0.27689842134819276,0.27689842134819276,0.27689842134819276,0.1027883402420182
4,96,1,1,0.27652909404244885,0.27652909404244885,0.27652909404244885,0.27652909404244885,0.10445588272335918
4,97,1,1,0.2764601503502209,0.2764601503502209,0.2764601503502209,0.2764601503502209,0.10570215008063558
4,98,1,1,0.27628755631022645,0.27628755631022645,0.27628755631022645,0.27628755631022645,0.10715252462427077
4,99,1,1,0.27580730992822744,0.27580730992822744,0.27580730992822744,0.27580730992822744,0.10859952525032562
4,100,2,2,0.27278201426395815,0.27278201426395815,0.27278201426395815,0.27278201426395815,0.10983409700551225
4,101,2,2,0.2718859816518145,0.2718859816518145,0.2718859816518145,0.2718859816518145,0.11206965999250482
4,102,2,2,0.2708746144864189,0.2708746144864189,0.2708746144864189,0.2708746144864189,0.11206791981220698
4,103,2,2,0.2710959274513665,0.2710959274513665,0.2710959274513665,0.2710959274513665,0.11227258890943362
4,104,2,2,0.2715898423604194,0.2715898423604194,0.2715898423604194,0.2715898423604194,0.11267994206106197
4,105,2,2,0.271145189086977,0.271145189086977,0.271145189086977,0.271145189086977,0.11349897124007813
4,106,2,2,0.2708431772893276,0.2708431772893276,0.2708431772893276,0.2708431772893276,0.11472431757898646
4,107,2,2,0.27126342060752623,0.27126342060752623,0.27126342060752623,0.27126342060752623,0.11635665034810855
4,108,2,2,0.2715409191683032,0.2715409191683032,0.2715409191683032,0.2715409191683032,0.11798208383434577
4,109,2,2,0.27231791672288047,0.27231791672288047,0.27231791672288047,0.27231791672288047,0.11960042281064866
4,110,2,2,0.27257697184715873,0.27257697184715873,0.27257697184715873,0.27257697184715873,0.12080745341083243
4,111,2,2,0.2730980426798309,0.2730980426798309,0.2730980426798309,0.2730980426798309,0.12160617397155965
4,112,2,2,0.27352662279334866,0.27352662279334866,0.27352662279334866,0.27352662279334866,0.12199865306016075
4,113,2,2,0.2730791051602546,0.2730791051602546,0.2730791051602546,0.2730791051602546,0.12219024312382609
4,114,2,2,0.2731141553705009,0.2731141553705009,0.2731141553705009,0.2731141553705009,0.12238174010487754
4,115,2,2,0.27272568060233443,0.27272568060233443,0.27272568060233443,0.27272568060233443,0.1229791845965614
4,116,2,2,0.2726827456745153,0.2726827456745153,0.2726827456745153,0.2726827456745153,0.12357400365085923
4,117,2,2,0.27258263289227375,0.27258263289227375,0.27258263289227375,0.27258263289227375,0.12376667612463577
4,118,2,2,0.2725507304120246,0.2725507304120246,0.2725507304120246,0.2725507304120246,0.12353074801199934
4,119,2,2,0.2722218783784909,0.2722218783784909,0.2722218783784909,0.2722218783784909,0.12331449244015316
4,120,2,2,0.27199342184454106,0.27199342184454106,0.27199342184454106,0.27199342184454106,0.12289442085827665
4,121,2,2,0.2711276530525182,0.2711276530525182,0.2711276530525182,0.2711276530525182,0.12184412773207588
4,122,2,2,0.2706861782184706,0.2706861782184706,0.2706861782184706,0.2706861782184706,0.12106845053664453
4,123,2,2,0.2707120863826643,0.2707120863826643,0.2707120863826643,0.2707120863826643,0.12160539597864227
4,124,2,2,0.27090136067866594,0.27090136067866594,0.27090136067866594,0.27090136067866594,0.12186782074440558
4,125,2,2,0.2709421713328275,0.2709421713328275,0.2709421713328275,0.2709421713328275,0.12174199837782908
4,126,2,2,0.2708752472415454,0.2708752472415454,0.2708752472415454,0.2708752472415454,0.12046370118802878
4,127,2,2,0.2713030803931966,0.2713030803931966,0.2713030803931966,0.2713030803931966,0.11859142486747742
4,128,2,2,0.27134607688014667,0.27134607688014667,0.27134607688014667,0.27134607688014667,0.11713165584531339
4,129,2,2,0.2713828259045406,0.2713828259045406,0.2713828259045406,0.2713828259045406,0.11549526016359682
4,130,2,2,0.27149767044987533,0.27149767044987533,0.27149767044987533,0.27149767044987533,0.11382321703743498
4,131,2,2,0.2712480153854121,0.2712480153854121,0.2712480153854121,0.2712480153854121,0.11214652301009598
4,132,2,2,0.2710133123292373,0.2710133123292373,0.2710133123292373,0.2710133123292373,0.11001007718074272
4,133,2,2,0.2709958193167946,0.2709958193167946,0.2709958193167946,0.2709958193167946,0.10769325416042677
4,134,2,2,0.2709946976589435,0.2709946976589435,0.2709946976589435,0.2709946976589435,0.10536538229153015
4,135,2,2,0.2711086626046857,0.2711086626046857,0.2711086626046857,0.2711086626046857,0.10243327398694503
4,136,2,2,0.27151305003103376,0.27151305003103376,0.27151305003103376,0.27151305003103376,0.099665825077926
4,137,2,2,0.2713175192758898,0.2713175192758898,0.2713175192758898,0.2713175192758898,0.09710128066539689
4,138,2,2,0.2702923176567411,0.2702923176567411,0.2702923176567411,0.2702923176567411,0.0947435635549003
4,139,2,2,0.2697099331515471,0.2697099331515471,0.2697099331515471,0.2697099331515471,0.09237444957892205
4,140,2,2,0.2691621069314446,0.2691621069314446,0.2691621069314446,0.2691621069314446,0.09017031398988126
4,141,2,2,0.2694177722747784,0.2694177722747784,0.2694177722747784,0.2694177722747784,0.08762481373469207
4,142,2,2,0.2699725036711827,0.2699725036711827,0.2699725036711827,0.2699725036711827,0.08524487274196191
4,143,2,2,0.2705018378547244,0.2705018378547244,0.2705018378547244,0.2705018378547244,0.08286188896403604
4,144,2,2,0.2699714668471075,0.2699714668471075,0.2699714668471075,0.2699714668471075,0.08177531183565726
4,145,2,2,0.2719426263175584,0.2719426263175584,0.2719426263175584,0.2719426263175584,0.0806892395437294
4,146,2,2,0.2722763347473996,0.2722763347473996,0.2722763347473996,0.2722763347473996,0.07911308660835181
4,147,2,2,0.2736585351704477,0.2736585351704477,0.2736585351704477,0.2736585351704477,0.07807946922954248
4,148,2,2,0.2734590713629662,0.2734590713629662,0.2734590713629662,0.2734590713629662,0.0765564308903659
4,149,2,2,0.2733289700107534,0.2733289700107534,0.2733289700107534,0.2733289700107534,0.07459597234824554
4,150,3,3,0.282295743146472,0.282295743146472,0.282295743146472,0.282295743146472,0.07263258456495536
4,151,3,3,0.2818007720097215,0.2818007720097215,0.2818007720097215,0.2818007720097215,0.07022736095867266
4,152,3,3,0.28137188328658763,0.28137188328658763,0.28137188328658763,0.28137188328658763,0.07088106440868283
4,153,3,3,0.2818385864107955,0.2818385864107955,0.2818385864107955,0.2818385864107955,0.07088106440868286
4,154,3,3,0.28260153473678673,0.28260153473678673,0.28260153473678673,0.28260153473678673,0.07087994090378945
4,155,3,3,0.2817409515925962,0.2817409515925962,0.2817409515925962,0.2817409515925962,0.07087994090378938
4,156,3,3,0.2822064759822148,0.2822064759822148,0.2822064759822148,0.2822064759822148,0.07066205629624536
4,157,3,3,0.2817540089066474,0.2817540089066474,0.2817540089066474,0.2817540089066474,0.07044415952862326
4,158,3,3,0.28213722721986445,0.28213722721986445,0.28213722721986445,0.28213722721986445,0.07000830510458828
4,159,3,3,0.282139911482164,0.282139911482164,0.282139911482164,0.282139911482164,0.06935107770257765
4,160,3,3,0.28030612566758295,0.28030612566758295,0.28030612566758295,0.28030612566758295,0.0688517866841928
4,161,3,3,0.2798197241663258,0.2798197241663258,0.2798197241663258,0.2798197241663258,0.06732013022174654
4,162,3,3,0.27955771760082765,0.27955771760082765,0.27955771760082765,0.27955771760082765,0.06541423720528278
4,163,3,3,0.2795715160091624,0.2795715160091624,0.2795715160091624,0.2795715160091624,0.0638843316267491
4,164,3,3,0.27919708382384806,0.27919708382384806,0.27919708382384806,0.27919708382384806,0.06279172020070539
4,165,3,3,0.27944029831158623,0.27944029831158623,0.27944029831158623,0.27944029831158623,0.062352996325155285
4,166,3,3,0.2796432461253049,0.2796432461253049,0.2796432461253049,0.2796432461253049,0.061914256464075786
4,167,3,3,0.278732082314962,0.278732082314962,0.278732082314962,0.278732082314962,0.06191122199602282
4,168,3,3,0.27794752117348787,0.27794752117348787,0.27794752117348787,0.27794752117348787,0.06190920239709536
4,169,3,3,0.27811034009806723,0.27811034009806723,0.27811034009806723,0.27811034009806723,0.06125112837083118
4,170,3,3,0.2773328762928079,0.2773328762928079,0.2773328762928079,0.2773328762928079,0.06125012868869121
4,171,3,3,0.2777427948367722,0.2777427948367722,0.2777427948367722,0.2777427948367722,0.06102977751794153
4,172,3,3,0.27712555746487794,0.27712555746487794,0.27712555746487794,0.27712555746487794,0.06102977751794156
4,173,3,3,0.2771792044582125,0.2771792044582125,0.2771792044582125,0.2771792044582125,0.06124813136816882
4,174,3,3,0.27690950372413853,0.27690950372413853,0.27690950372413853,0.27690950372413853,0.06124813136816881
4,175,3,3,0.2780371390565711,0.2780371390565711,0.2780371390565711,0.2780371390565711,0.06124713373121133
4,176,3,3,0.2781926077763899,0.2781926077763899,0.2781926077763899,0.2781926077763899,0.061028782238564984
4,177,3,3,0.2795633539346077,0.2795633539346077,0.2795633539346077,0.2795633539346077,0.06124713373121136
4,178,3,3,0.2799765818393942,0.2799765818393942,0.2799765818393942,0.2799765818393942,0.06102878223856496
4,179,3,3,0.2810119511467719,0.2810119511467719,0.2810119511467719,0.2810119511467719,0.061028782238564956
4,180,3,3,0.28101930968176186,0.28101930968176186,0.28101930968176186,0.28101930968176186,0.06102878223856498
4,181,3,3,0.28193186132273246,0.28193186132273246,0.28193186132273246,0.28193186132273246,0.06102878223856496
4,182,3,3,0.28293597970856954,0.28293597970856954,0.28293597970856954,0.28293597970856954,0.061028782238564984
4,183,3,3,0.28380880991302215,0.28380880991302215,0.28380880991302215,0.28380880991302215,0.06124713373121137
4,184,3,3,0.2843402414512034,0.2843402414512034,0.2843402414512034,0.2843402414512034,0.0612471337312113
4,185,3,3,0.28542101653721114,0.28542101653721114,0.28542101653721114,0.28542101653721114,0.06124713373121133
4,186,3,3,0.2857850465297689,0.2857850465297689,0.2857850465297689,0.2857850465297689,0.06146447950206189
4,187,3,3,0.2864200822806133,0.2864200822806133,0.2864200822806133,0.2864200822806133,0.06233880253878796
4,188,3,3,0.28815728878814517,0.28815728878814517,0.28815728878814517,0.28815728878814517,0.06343027002840049
4,189,3,3,0.2881113941779691,0.2881113941779691,0.2881113941779691,0.2881113941779691,0.06495794019735095
4,190,3,3,0.28903917378929733,0.28903917378929733,0.28903917378929733,0.28903917378929733,0.06714252837726659
4,191,3,3,0.2891502403745513,0.2891502403745513,0.2891502403745513,0.2891502403745513,0.06998507483919614
4,192,3,3,0.28955008795401926,0.28955008795401926,0.28955008795401926,0.28955008795401926,0.0728297151534383
4,193,3,3,0.2898060631521919,0.2898060631521919,0.2898060631521919,0.2898060631521919,0.07703554761602342
4,194,3,3,0.29000947608629435,0.29000947608629435,0.29000947608629435,0.29000947608629435,0.08085012514668996
4,195,3,3,0.29017751918866563,0.29017751918866563,0.29017751918866563,0.29017751918866563,0.08363661030730377
4,196,3,3,0.2888215577251948,0.2888215577251948,0.2888215577251948,0.2888215577251948,0.08524079417868632
4,197,3,3,0.2880669992983653,0.2880669992983653,0.2880669992983653,0.2880669992983653,0.08633532635845
4,198,3,3,0.2862986926096734,0.2862986926096734,0.2862986926096734,0.2862986926096734,0.08486555274987374
4,199,3,3,0.28529774701580424,0.28529774701580424,0.28529774701580424,0.28529774701580424,0.08168585753006029
4,200,4,4,0.28508738570282677,0.28508738570282677,0.28508738570282677,0.28508738570282677,0.07807243852340155
4,201,4,4,0.2836832881132352,0.2836832881132352,0.2836832881132352,0.2836832881132352,0.06881913833878125
4,202,4,4,0.28298208463595287,0.28298208463595287,0.28298208463595287,0.28298208463595287,0.0697330685385344
4,203,4,4,0.28216506256826984,0.28216506256826984,0.28216506256826984,0.28216506256826984,0.06986180309012771
4,204,4,4,0.2801228523294449,0.2801228523294449,0.2801228523294449,0.2801228523294449,0.0689774432272536
4,205,4,4,0.2798461698853213,0.2798461698853213,0.2798461698853213,0.2798461698853213,0.06761933075459448
4,206,4,4,0.27827386716432073,0.27827386716432073,0.27827386716432073,0.27827386716432073,0.0654718933724141
4,207,4,4,0.27669405285660026,0.27669405285660026,0.27669405285660026,0.27669405285660026,0.06299047751710515
4,208,4,4,0.27487657271965693,0.27487657271965693,0.27487657271965693,0.27487657271965693,0.06119233865009962
4,209,4,4,0.2728754925026684,0.2728754925026684,0.2728754925026684,0.2728754925026684,0.05883864574397744
4,210,4,4,0.27087955210246417,0.27087955210246417,0.27087955210246417,0.27087955210246417,0.05591163517013895
4,211,4,4,0.2693727172753117,0.2693727172753117,0.2693727172753117,0.2693727172753117,0.0536759559147463
4,212,4,4,0.2671085226510613,0.2671085226510613,0.2671085226510613,0.2671085226510613,0.05173287383415718
4,213,4,4,0.26532823020154717,0.26532823020154717,0.26532823020154717,0.26532823020154717,0.04975199373978039
4,214,4,4,0.26329411910827527,0.26329411910827527,0.26329411910827527,0.26329411910827527,0.04697709205777287
4,215,4,4,0.26190504564705924,0.26190504564705924,0.26190504564705924,0.26190504564705924,0.04448668019115533
4,216,4,4,0.2596225228283323,0.2596225228283323,0.2596225228283323,0.2596225228283323,0.041369259524391466
4,217,4,4,0.2570973176742405,0.2570973176742405,0.2570973176742405,0.2570973176742405,0.03932693797263968
4,218,4,4,0.25512193177718145,0.25512193177718145,0.25512193177718145,0.25512193177718145,0.037193191944854154
4,219,4,4,0.25174482876843585,0.25174482876843585,0.25174482876843585,0.25174482876843585,0.03509833137378071
4,220,4,4,0.2486841313497322,0.2486841313497322,0.2486841313497322,0.2486841313497322,0.032684235727313965
4,221,4,4,0.2486589530698261,0.2486589530698261,0.2486589530698261,0.2486589530698261,0.030094627571539384
4,222,4,4,0.2467874829916093,0.2467874829916093,0.2467874829916093,0.2467874829916093,0.02757409404315822
4,223,4,4,0.24451311569481943,0.24451311569481943,0.24451311569481943,0.24451311569481943,0.02534446407810624
4,224,4,4,0.2430680034095385,0.2430680034095385,0.2430680034095385,0.2430680034095385,0.023487085996332757
4,225,4,4,0.24167104501228276,0.24167104501228276,0.24167104501228276,0.24167104501228276,0.021894172898157774
4,226,4,4,0.2414061369791059,0.2414061369791059,0.2414061369791059,0.2414061369791059,0.020237422835562707
4,227,4,4,0.23860493716734113,0.23860493716734113,0.23860493716734113,0.23860493716734113,0.01892157357210801
4,228,4,4,0.24008100881717556,0.24008100881717556,0.24008100881717556,0.24008100881717556,0.01812192188082301
4,229,4,4,0.23853291066001708,0.23853291066001708,0.23853291066001708,0.23853291066001708,0.01761319662090935
4,230,4,4,0.23869919308773235,0.23869919308773235,0.23869919308773235,0.23869919308773235,0.01759940202445061
4,231,4,4,0.23858285222380143,0.23858285222380143,0.23858285222380143,0.23858285222380143,0.017584424020449366
4,232,4,4,0.23789069793807474,0.23789069793807474,0.23789069793807474,0.23789069793807474,0.017579229722804943
4,233,4,4,0.23810324003450367,0.23810324003450367,0.23810324003450367,0.23810324003450367,0.017579328448574197
4,234,4,4,0.2376094026721634,0.2376094026721634,0.2376094026721634,0.2376094026721634,0.017285359470188097
4,235,4,4,0.23871560158566751,0.23871560158566751,0.23871560158566751,0.23871560158566751,0.017176588250589903
4,236,4,4,0.2384311474254267,0.2384311474254267,0.2384311474254267,0.2384311474254267,0.016975886663223375
4,237,4,4,0.23866411900110016,0.23866411900110016,0.23866411900110016,0.23866411900110016,0.016969961133633804
4,238,4,4,0.238579746741983,0.238579746741983,0.238579746741983,0.238579746741983,0.017061306749499447
4,239,4,4,0.23838296332486253,0.23838296332486253,0.23838296332486253,0.23838296332486253,0.01715272286003612
4,240,4,4,0.23843802871290165,0.23843802871290165,0.23843802871290165,0.23843802871290165,0.01733567852219274
4,241,4,4,0.23842652210555787,0.23842652210555787,0.23842652210555787,0.23842652210555787,0.017335678522192685
5,0,0,0,0.26353968114590054,0.26353968114590054,0.26353968114590054,0.26353968114590054,0.016273815368699318
5,1,0,0,0.2664190882122674,0.2664190882122674,0.2664190882122674,0.2664190882122674,0.016273815368699318
5,2,0,0,0.26820435027478284,0.26820435027478284,0.26820435027478284,0.26820435027478284,0.017013503378810496
5,3,0,0,0.2692067908051632,0.2692067908051632,0.2692067908051632,0.2692067908051632,0.01976456162174678
5,4,0,0,0.2697170723749907,0.2697170723749907,0.2697170723749907,0.2697170723749907,0.024150225269066933
5,5,0,0,0.27022918877207147,0.27022918877207147,0.27022918877207147,0.27022918877207147,0.02850070357547517
5,6,0,0,0.27027680043515545,0.27027680043515545,0.27027680043515545,0.27027680043515545,0.033123927797980915
5,7,0,0,0.27047072226239943,0.27047072226239943,0.27047072226239943,0.27047072226239943,0.036772114039609616
5,8,0,0,0.2716873450061917,0.2716873450061917,0.2716873450061917,0.2716873450061917,0.03904234966320812
5,9,0,0,0.27195182885612723,0.27195182885612723,0.27195182885612723,0.27195182885612723,0.04045204944339245
5,10,0,0,0.27181471071699725,0.27181471071699725,0.27181471071699725,0.27181471071699725,0.04039614736708115
5,11,0,0,0.27171755836922384,0.27171755836922384,0.27171755836922384,0.27171755836922384,0.040046516045725955
5,12,0,0,0.2715274300583682,0.2715274300583682,0.2715274300583682,0.2715274300583682,0.0394843400092868
5,13,0,0,0.2718468122454517,0.2718468122454517,0.2718468122454517,0.2718468122454517,0.039694931219384694
5,14,0,0,0.27076479898902317,0.27076479898902317,0.27076479898902317,0.27076479898902317,0.03927345180383786
5,15,0,0,0.2696980603129278,0.2696980603129278,0.2696980603129278,0.2696980603129278,0.03892068701090687
5,16,0,0,0.2694824604876342,0.2694824604876342,0.2694824604876342,0.2694824604876342,0.03850680631623579
5,17,0,0,0.26827946062321434,0.26827946062321434,0.26827946062321434,0.26827946062321434,0.037730621447550905
5,18,0,0,0.26822059553556526,0.26822059553556526,0.26822059553556526,0.26822059553556526,0.037451571834123495
5,19,0,0,0.2679412830560014,0.2679412830560014,0.2679412830560014,0.2679412830560014,0.037046583985572576
5,20,0,0,0.2669024369881997,0.2669024369881997,0.2669024369881997,0.2669024369881997,0.03662393827300629
5,21,0,0,0.266673466885029,0.266673466885029,0.266673466885029,0.266673466885029,0.03578503209814518
5,22,0,0,0.26558612336316745,0.26558612336316745,0.26558612336316745,0.26558612336316745,0.03536269900250544
5,23,0,0,0.26418840315630066,0.26418840315630066,0.26418840315630066,0.26418840315630066,0.035158754544484305
5,24,0,0,0.26372197702809763,0.26372197702809763,0.26372197702809763,0.26372197702809763,0.034305667371832146
5,25,0,0,0.26358850546467416,0.26358850546467416,0.26358850546467416,0.26358850546467416,0.033547004717536646
5,26,0,0,0.263258788930057,0.263258788930057,0.263258788930057,0.263258788930057,0.03262114940882713
5,27,0,0,0.2633618919121532,0.2633618919121532,0.2633618919121532,0.2633618919121532,0.032057719749236616
5,28,0,0,0.26275834451785607,0.26275834451785607,0.26275834451785607,0.26275834451785607,0.031998572629622926
5,29,0,0,0.2620782930308866,0.2620782930308866,0.2620782930308866,0.2620782930308866,0.031998572629622926
5,30,0,0,0.26229911227681646,0.26229911227681646,0.26229911227681646,0.26229911227681646,0.03199857262962294
5,31,0,0,0.26064286150936733,0.26064286150936733,0.26064286150936733,0.26064286150936733,0.03199857262962294
5,32,0,0,0.259521827334653,0.259521827334653,0.259521827334653,0.259521827334653,0.03199857262962294
5,33,0,0,0.2576922928229798,0.2576922928229798,0.2576922928229798,0.2576922928229798,0.031810703338846585
5,34,0,0,0.2553061725898313,0.2553061725898313,0.2553061725898313,0.2553061725898313,0.031810703338846585
5,35,0,0,0.252223036467529,0.252223036467529,0.252223036467529,0.252223036467529,0.031810703338846585
5,36,0,0,0.2508530553339639,0.2508530553339639,0.2508530553339639,0.2508530553339639,0.031810703338846585
5,37,0,0,0.2475756106162667,0.2475756106162667,0.2475756106162667,0.2475756106162667,0.0311698572675949
5,38,0,0,0.24346121729664955,0.24346121729664955,0.24346121729664955,0.24346121729664955,0.030025136108899217
5,39,0,0,0.24040277155627732,0.24040277155627732,0.24040277155627732,0.24040277155627732,0.02839181851663318
5,40,0,0,0.2361497429111858,0.2361497429111858,0.2361497429111858,0.2361497429111858,0.025076923418319963
5,41,0,0,0.23271062388393982,0.23271062388393982,0.23271062388393982,0.23271062388393982,0.021402640841847786
5,42,0,0,0.23102021199885248,0.23102021199885248,0.23102021199885248,0.23102021199885248,0.017148740995820463
5,43,0,0,0.22931210180887518,0.22931210180887518,0.22931210180887518,0.22931210180887518,0.01295660401170709
5,44,0,0,0.22788621848409557,0.22788621848409557,0.22788621848409557,0.22788621848409557,0.009996323079104585
5,45,0,0,0.22587791205587188,0.22587791205587188,0.22587791205587188,0.22587791205587188,0.007898819977312524
5,46,0,0,0.2244542312818005,0.2244542312818005,0.2244542312818005,0.2244542312818005,0.006475620342820329
5,47,0,0,0.22400532208024632,0.22400532208024632,0.22400532208024632,0.22400532208024632,0.005696010904493648
5,48,0,0,0.22299998725763318,0.22299998725763318,0.22299998725763318,0.22299998725763318,0.004964143735056048
5,49,0,0,0.22406943758852865,0.22406943758852865,0.22406943758852865,0.22406943758852865,0.004568423104275812
5,50,1,1,0.22365891041295938,0.22365891041295938,0.22365891041295938,0.22365891041295938,0.004120572418293472
5,51,1,1,0.2238713653119386,0.2238713653119386,0.2238713653119386,0.2238713653119386,0.004031533924758662
5,52,1,1,0.22319273257765665,0.22319273257765665,0.22319273257765665,0.22319273257765665,0.004176540165851297
5,53,1,1,0.2230824412121294,0.2230824412121294,0.2230824412121294,0.2230824412121294,0.004577852339905375
5,54,1,1,0.22329978387668492,0.22329978387668492,0.22329978387668492,0.22329978387668492,0.004209179934546767
5,55,1,1,0.22379423642747498,0.22379423642747498,0.22379423642747498,0.22379423642747498,0.004196916877890797
5,56,1,1,0.2245203585109704,0.2245203585109704,0.2245203585109704,0.2245203585109704,0.004448311909557051
5,57,1,1,0.2245684657384437,0.2245684657384437,0.2245684657384437,0.2245684657384437,0.00455608433531704
5,58,1,1,0.22444806805854295,0.22444806805854295,0.22444806805854295,0.22444806805854295,0.004609781667295032
5,59,1,1,0.22511810111258673,0.22511810111258673,0.22511810111258673,0.22511810111258673,0.004752086055112015
5,60,1,1,0.22526717196732984,0.22526717196732984,0.22526717196732984,0.22526717196732984,0.004752086055112001
5,61,1,1,0.22535381538089622,0.22535381538089622,0.22535381538089622,0.22535381538089622,0.004752227394435954
5,62,1,1,0.22628671710794568,0.22628671710794568,0.22628671710794568,0.22628671710794568,0.004752227394435926
5,63,1,1,0.2273802844330544,0.2273802844330544,0.2273802844330544,0.2273802844330544,0.004894595218871756
5,64,1,1,0.22970015292831397,0.22970015292831397,0.22970015292831397,0.22970015292831397,0.005037033587308684
5,65,1,1,0.23315066178786495,0.23315066178786495,0.23315066178786495,0.23315066178786495,0.005375228879755015
5,66,1,1,0.2353403384633175,0.2353403384633175,0.2353403384633175,0.2353403384633175,0.005945686818389848
5,67,1,1,0.2385652676926034,0.2385652676926034,0.2385652676926034,0.2385652676926034,0.00680332255097027
5,68,1,1,0.24159559480546272,0.24159559480546272,0.24159559480546272,0.24159559480546272,0.007037994863901859
5,69,1,1,0.24538475888143302,0.24538475888143302,0.24538475888143302,0.24538475888143302,0.007869146001130103
5,70,1,1,0.24832193065059505,0.24832193065059505,0.24832193065059505,0.24832193065059505,0.009476025048538825
5,71,1,1,0.2502442554068342,0.2502442554068342,0.2502442554068342,0.2502442554068342,0.012379750934158398
5,72,1,1,0.25376053231436585,0.25376053231436585,0.25376053231436585,0.25376053231436585,0.015843424012493
5,73,1,1,0.2576793384043389,0.2576793384043389,0.2576793384043389,0.2576793384043389,0.020487177399667017
5,74,1,1,0.2613018992892913,0.2613018992892913,0.2613018992892913,0.2613018992892913,0.02511130065981458
5,75,1,1,0.2645011875291481,0.2645011875291481,0.2645011875291481,0.2645011875291481,0.029847625450177634
5,76,1,1,0.2667138120703777,0.2667138120703777,0.2667138120703777,0.2667138120703777,0.03496410727943691
5,77,1,1,0.2671522825303504,0.2671522825303504,0.2671522825303504,0.2671522825303504,0.04123467200634462
5,78,1,1,0.26838464134493456,0.26838464134493456,0.26838464134493456,0.26838464134493456,0.047439636598523495
5,79,1,1,0.2692384561289271,0.2692384561289271,0.2692384561289271,0.2692384561289271,0.05302381510318302
5,80,1,1,0.2699556756939133,0.2699556756939133,0.2699556756939133,0.2699556756939133,0.058693852943359257
5,81,1,1,0.27110147330925893,0.27110147330925893,0.27110147330925893,0.27110147330925893,0.06388245935058187
5,82,1,1,0.27109235029160444,0.27109235029160444,0.27109235029160444,0.27109235029160444,0.06843314465237824
5,83,1,1,0.2714583828081885,0.2714583828081885,0.2714583828081885,0.2714583828081885,0.07281751374816683
5,84,1,1,0.27201404229026194,0.27201404229026194,0.27201404229026194,0.27201404229026194,0.076509338126724
5,85,1,1,0.27257344979819914,0.27257344979819914,0.27257344979819914,0.27257344979819914,0.08001982677288161
5,86,1,1,0.272767369794711,0.272767369794711,0.272767369794711,0.272767369794711,0.08330291089575997
5,87,1,1,0.27263702168630155,0.27263702168630155,0.27263702168630155,0.27263702168630155,0.08681367399409509
5,88,1,1,0.27271130783180486,0.27271130783180486,0.27271130783180486,0.27271130783180486,0.08963678857948934
5,89,1,1,0.27238983948710566,0.27238983948710566,0.27238983948710566,0.27238983948710566,0.09271677524920696
5,90,1,1,0.2723223464855316,0.2723223464855316,0.2723223464855316,0.2723223464855316,0.09567028990313756
5,91,1,1,0.27261079800307747,0.27261079800307747,0.27261079800307747,0.27261079800307747,0.09855219522850091
5,92,1,1,0.27249806219288,0.27249806219288,0.27249806219288,0.27249806219288,0.10161221597908324
5,93,1,1,0.27259621040470716,0.27259621040470716,0.27259621040470716,0.27259621040470716,0.10485127771109107
5,94,1,1,0.27224647848727684,0.27224647848727684,0.27224647848727684,0.27224647848727684,0.10712869552653727
5,95,1,1,0.27223609062431875,0.27223609062431875,0.27223609062431875,0.27223609062431875,0.10993463398401526
5,96,1,1,0.27189504022870337,0.27189504022870337,0.27189504022870337,0.27189504022870337,0.11275146665944549
5,97,1,1,0.27190161192763135,0.27190161192763135,0.27190161192763135,0.27190161192763135,0.11483963535116556
5,98,1,1,0.27159524842962457,0.27159524842962457,0.27159524842962457,0.27159524842962457,0.1167215930783465
5,99,1,1,0.27129844536775743,0.27129844536775743,0.27129844536775743,0.27129844536775743,0.11884503032084429
5,100,2,2,0.27267253178983736,0.27267253178983736,0.27267253178983736,0.27267253178983736,0.12058080096167446
5,101,2,2,0.271073090465951,0.271073090465951,0.271073090465951,0.271073090465951,0.12544168179421591
5,102,2,2,0.26982646063021115,0.26982646063021115,0.26982646063021115,0.26982646063021115,0.1248186655921319
5,103,2,2,0.26957522969031583,0.26957522969031583,0.26957522969031583,0.26957522969031583,0.12502643054105306
5,104,2,2,0.26971851992570234,0.26971851992570234,0.26971851992570234,0.26971851992570234,0.1248186655921319
5,105,2,2,0.269245789709334,0.269245789709334,0.269245789709334,0.269245789709334,0.12481866559213191
5,106,2,2,0.26885217607135437,0.26885217607135437,0.26885217607135437,0.26885217607135437,0.12544168179421597
5,107,2,2,0.2689942357743771,0.2689942357743771,0.2689942357743771,0.2689942357743771,0.1258452713412607
5,108,2,2,0.26892972390484177,0.26892972390484177,0.26892972390484177,0.26892972390484177,0.12686763206360036
5,109,2,2,0.26952186169042747,0.26952186169042747,0.26952186169042747,0.26952186169042747,0.12788571381709282
5,110,2,2,0.26980999085088764,0.26980999085088764,0.26980999085088764,0.26980999085088764,0.1289013825234035
5,111,2,2,0.2703194625476363,0.2703194625476363,0.2703194625476363,0.2703194625476363,0.1295035301020451
5,112,2,2,0.27064940917732966,0.27064940917732966,0.27064940917732966,0.27064940917732966,0.12990130231007418
5,113,2,2,0.2700005046282467,0.2700005046282467,0.2700005046282467,0.2700005046282467,0.1298899512084286
5,114,2,2,0.26993019436742133,0.26993019436742133,0.26993019436742133,0.26993019436742133,0.13029111600598098
5,115,2,2,0.26960510493331774,0.26960510493331774,0.26960510493331774,0.26960510493331774,0.13048872185352334
5,116,2,2,0.2694768014506551,0.2694768014506551,0.2694768014506551,0.2694768014506551,0.13129701174078806
5,117,2,2,0.2694198760437472,0.2694198760437472,0.2694198760437472,0.2694198760437472,0.13128757114303177
5,118,2,2,0.26952119581961986,0.26952119581961986,0.26952119581961986,0.26952119581961986,0.13127627178207246
5,119,2,2,0.2691877068916381,0.2691877068916381,0.2691877068916381,0.2691877068916381,0.13231841417516654
5,120,2,2,0.2692393591839825,0.2692393591839825,0.2692393591839825,0.2692393591839825,0.13421320039013
5,121,2,2,0.2685780528333639,0.2685780528333639,0.2685780528333639,0.2685780528333639,0.13530903805626004
5,122,2,2,0.26811314120406915,0.26811314120406915,0.26811314120406915,0.26811314120406915,0.1356766998195934
5,123,2,2,0.2683574390186921,0.2683574390186921,0.2683574390186921,0.2683574390186921,0.13588600780170934
5,124,2,2,0.26878894248594365,0.26878894248594365,0.26878894248594365,0.26878894248594365,0.1359948193409654
5,125,2,2,0.2690239016611198,0.2690239016611198,0.2690239016611198,0.2690239016611198,0.1350847109064241
5,126,2,2,0.2689371512283992,0.2689371512283992,0.2689371512283992,0.2689371512283992,0.1333903777142878
5,127,2,2,0.2693394798480615,0.2693394798480615,0.2693394798480615,0.2693394798480615,0.13168997955845246
5,128,2,2,0.2694014537539102,0.2694014537539102,0.2694014537539102,0.2694014537539102,0.12977174658421692
5,129,2,2,0.2696093707693791,0.2696093707693791,0.2696093707693791,0.2696093707693791,0.12763863721427232
5,130,2,2,0.2700351745577623,0.2700351745577623,0.2700351745577623,0.2700351745577623,0.1257102719735638
5,131,2,2,0.26979078519801675,0.26979078519801675,0.26979078519801675,0.26979078519801675,0.12356033140232257
5,132,2,2,0.2698126994433393,0.2698126994433393,0.2698126994433393,0.2698126994433393,0.12118986735985358
5,133,2,2,0.2700204192909705,0.2700204192909705,0.2700204192909705,0.2700204192909705,0.1185896353627452
5,134,2,2,0.2703955464242947,0.2703955464242947,0.2703955464242947,0.2703955464242947,0.11620037863277746
5,135,2,2,0.2710673938851522,0.2710673938851522,0.2710673938851522,0.2710673938851522,0.11336215722724953
5,136,2,2,0.2719527833938922,0.2719527833938922,0.2719527833938922,0.2719527833938922,0.1109936964128842
5,137,2,2,0.2720445085607023,0.2720445085607023,0.2720445085607023,0.2720445085607023,0.10901396695627788
5,138,2,2,0.2711379883928248,0.2711379883928248,0.2711379883928248,0.2711379883928248,0.1067609853926954
5,139,2,2,0.27086422800794946,0.27086422800794946,0.27086422800794946,0.27086422800794946,0.10432554750963954
5,140,2,2,0.2704125583640495,0.2704125583640495,0.2704125583640495,0.2704125583640495,0.10187693594820428
5,141,2,2,0.27082953480796057,0.27082953480796057,0.27082953480796057,0.27082953480796057,0.09964687241733747
5,142,2,2,0.27146982694765637,0.27146982694765637,0.27146982694765637,0.27146982694765637,0.09707231765780355
5,143,2,2,0.27249352323345827,0.27249352323345827,0.27249352323345827,0.27249352323345827,0.09489059826693488
5,144,2,2,0.2721904013221605,0.2721904013221605,0.2721904013221605,0.2721904013221605,0.09348326108415501
5,145,2,2,0.27423823591435376,0.27423823591435376,0.27423823591435376,0.27423823591435376,0.09219312798715923
5,146,2,2,0.2747126028582371,0.2747126028582371,0.2747126028582371,0.2747126028582371,0.09124039395850173
5,147,2,2,0.27628522775426084,0.27628522775426084,0.27628522775426084,0.27628522775426084,0.0903423523138489
5,148,2,2,0.27580721488917387,0.27580721488917387,0.27580721488917387,0.27580721488917387,0.0888280950325146
5,149,2,2,0.2757420081561976,0.2757420081561976,0.2757420081561976,0.2757420081561976,0.08725688185332192
5,150,3,3,0.2857567664053884,0.2857567664053884,0.2857567664053884,0.2857567664053884,0.08545691620858495
5,151,3,3,0.2857564277547676,0.2857564277547676,0.2857564277547676,0.2857564277547676,0.08297321749427126
5,152,3,3,0.2854660326283684,0.2854660326283684,0.2854660326283684,0.2854660326283684,0.08409758020749315
5,153,3,3,0.28632169702905585,0.28632169702905585,0.28632169702905585,0.28632169702905585,0.08455164862999306
5,154,3,3,0.2867994718589332,0.2867994718589332,0.2867994718589332,0.2867994718589332,0.08516827887087344
5,155,3,3,0.28585617063560825,0.28585617063560825,0.28585617063560825,0.28585617063560825,0.08539275063549659
5,156,3,3,0.286336994105817,0.286336994105817,0.286336994105817,0.286336994105817,0.08516827887087348
5,157,3,3,0.2858385681122482,0.2858385681122482,0.2858385681122482,0.2858385681122482,0.08455291862467004
5,158,3,3,0.2861259596759873,0.2861259596759873,0.2861259596759873,0.2861259596759873,0.084327156209326
5,159,3,3,0.28612365608959117,0.28612365608959117,0.28612365608959117,0.28612365608959117,0.08387681364059299
5,160,3,3,0.28406333315784843,0.28406333315784843,0.28406333315784843,0.28406333315784843,0.0833674525487798
5,161,3,3,0.28353104484789504,0.28353104484789504,0.28353104484789504,0.28353104484789504,0.08217856188821795
5,162,3,3,0.28322906923738744,0.28322906923738744,0.28322906923738744,0.28322906923738744,0.08037340907367486
5,163,3,3,0.28276249204306925,0.28276249204306925,0.28276249204306925,0.28276249204306925,0.07840135985097468
5,164,3,3,0.28240180666228576,0.28240180666228576,0.28240180666228576,0.28240180666228576,0.07727142587266775
5,165,3,3,0.28175304803062307,0.28175304803062307,0.28175304803062307,0.28175304803062307,0.07642924074731443
5,166,3,3,0.2820970379978829,0.2820970379978829,0.2820970379978829,0.2820970379978829,0.07545896610037664
5,167,3,3,0.2804827435579976,0.2804827435579976,0.2804827435579976,0.2804827435579976,0.07493918608541147
5,168,3,3,0.2795790890021352,0.2795790890021352,0.2795790890021352,0.2795790890021352,0.07470748491489362
5,169,3,3,0.27928933514684695,0.27928933514684695,0.27928933514684695,0.27928933514684695,0.07334572329484769
5,170,3,3,0.27784433110796974,0.27784433110796974,0.27784433110796974,0.27784433110796974,0.07227673428472514
5,171,3,3,0.2778908563859256,0.2778908563859256,0.2778908563859256,0.2778908563859256,0.07098344242986274
5,172,3,3,0.2771386693720071,0.2771386693720071,0.2771386693720071,0.2771386693720071,0.07053021526472206
5,173,3,3,0.2764430144340492,0.2764430144340492,0.2764430144340492,0.2764430144340492,0.070530215264722
5,174,3,3,0.2761416800676451,0.2761416800676451,0.2761416800676451,0.2761416800676451,0.07053021526472208
5,175,3,3,0.2763523909159908,0.2763523909159908,0.2763523909159908,0.2763523909159908,0.07052801848928991
5,176,3,3,0.2763789658624744,0.2763789658624744,0.2763789658624744,0.2763789658624744,0.0695937663146581
5,177,3,3,0.2774434318773472,0.2774434318773472,0.2774434318773472,0.2774434318773472,0.06927324660953826
5,178,3,3,0.2765756248164204,0.2765756248164204,0.2765756248164204,0.2765756248164204,0.068953106921911
5,179,3,3,0.2773114392510839,0.2773114392510839,0.2773114392510839,0.2773114392510839,0.06895310692191102
5,180,3,3,0.27681217839757677,0.27681217839757677,0.27681217839757677,0.27681217839757677,0.068953106921911
5,181,3,3,0.27635090566786435,0.27635090566786435,0.27635090566786435,0.27635090566786435,0.06911150668778457
5,182,3,3,0.27677259607685606,0.27677259607685606,0.27677259607685606,0.27677259607685606,0.06894988366995622
5,183,3,3,0.27704227890814404,0.27704227890814404,0.27704227890814404,0.27704227890814404,0.06849588501916919
5,184,3,3,0.2764196702995107,0.2764196702995107,0.2764196702995107,0.2764196702995107,0.06833565853011794
5,185,3,3,0.2781545097645413,0.2781545097645413,0.2781545097645413,0.2781545097645413,0.0681755331368004
5,186,3,3,0.2776415416661512,0.2776415416661512,0.2776415416661512,0.2776415416661512,0.06833353294687808
5,187,3,3,0.27739632729061126,0.27739632729061126,0.27739632729061126,0.27739632729061126,0.06839965845290422
5,188,3,3,0.279484903812576,0.279484903812576,0.279484903812576,0.279484903812576,0.06855882222479431
5,189,3,3,0.27940532929782197,0.27940532929782197,0.27940532929782197,0.27940532929782197,0.06839859670446985
5,190,3,3,0.2801041332957942,0.2801041332957942,0.2801041332957942,0.2801041332957942,0.06862057744470083
5,191,3,3,0.28155082472061416,0.28155082472061416,0.28155082472061416,0.28155082472061416,0.0686195166852217
5,192,3,3,0.2830721801531432,0.2830721801531432,0.2830721801531432,0.2830721801531432,0.06900401670817613
5,193,3,3,0.28415955667330894,0.28415955667330894,0.28415955667330894,0.28415955667330894,0.06974506097922606
5,194,3,3,0.2854642731588671,0.2854642731588671,0.2854642731588671,0.2854642731588671,0.07154610718129434
5,195,3,3,0.28739702264499367,0.28739702264499367,0.28739702264499367,0.28739702264499367,0.07289747469341754
5,196,3,3,0.2877416362663459,0.2877416362663459,0.2877416362663459,0.2877416362663459,0.0744110325298809
5,197,3,3,0.28827543410506606,0.28827543410506606,0.28827543410506606,0.28827543410506606,0.0762760500632084
5,198,3,3,0.2885118052861506,0.2885118052861506,0.2885118052861506,0.2885118052861506,0.07942295411711325
5,199,3,3,0.2893865173684316,0.2893865173684316,0.2893865173684316,0.2893865173684316,0.08179305787312177
5,200,4,4,0.2920036392079173,0.2920036392079173,0.2920036392079173,0.2920036392079173,0.08356254834563123
5,201,4,4,0.2930337521639891,0.2930337521639891,0.2930337521639891,0.2930337521639891,0.0830503283264988
5,202,4,4,0.2941204504419159,0.2941204504419159,0.2941204504419159,0.2941204504419159,0.0819549130017673
5,203,4,4,0.29589718582161234,0.29589718582161234,0.29589718582161234,0.29589718582161234,0.08166655954835542
5,204,4,4,0.2951464442514917,0.2951464442514917,0.2951464442514917,0.2951464442514917,0.08173888378338234
5,205,4,4,0.2957869702556294,0.2957869702556294,0.2957869702556294,0.2957869702556294,0.08168744173267312
5,206,4,4,0.29527829490311325,0.29527829490311325,0.29527829490311325,0.29527829490311325,0.08190274197367667
5,207,4,4,0.29512792682121164,0.29512792682121164,0.29512792682121164,0.29512792682121164,0.08271267495949569
5,208,4,4,0.2943845991218531,0.2943845991218531,0.2943845991218531,0.2943845991218531,0.08422642690259138
5,209,4,4,0.29346544072509756,0.29346544072509756,0.29346544072509756,0.29346544072509756,0.08643293546621239
5,210,4,4,0.2930460925498961,0.2930460925498961,0.2930460925498961,0.2930460925498961,0.08870788499143531
5,211,4,4,0.2919117965877698,0.2919117965877698,0.2919117965877698,0.2919117965877698,0.08942359352093318
5,212,4,4,0.29080875321735944,0.29080875321735944,0.29080875321735944,0.29080875321735944,0.08908996621551207
5,213,4,4,0.28954729852450806,0.28954729852450806,0.28954729852450806,0.28954729852450806,0.08743733185604623
5,214,4,4,0.2881293184490941,0.2881293184490941,0.2881293184490941,0.2881293184490941,0.0847553432518004
5,215,4,4,0.2876389193279837,0.2876389193279837,0.2876389193279837,0.2876389193279837,0.081423564839873
5,216,4,4,0.2859413749487547,0.2859413749487547,0.2859413749487547,0.2859413749487547,0.07770276081444132
5,217,4,4,0.28421460948781374,0.28421460948781374,0.28421460948781374,0.28421460948781374,0.0740448312197774
5,218,4,4,0.2824991604563778,0.2824991604563778,0.2824991604563778,0.2824991604563778,0.07144510378321
5,219,4,4,0.28026824545417295,0.28026824545417295,0.28026824545417295,0.28026824545417295,0.06972584466622005
5,220,4,4,0.27727291712854635,0.27727291712854635,0.27727291712854635,0.27727291712854635,0.06851692617020877
5,221,4,4,0.27612252806085813,0.27612252806085813,0.27612252806085813,0.27612252806085813,0.06461145138326839
5,222,4,4,0.2745266755731455,0.2745266755731455,0.2745266755731455,0.2745266755731455,0.06244520089429073
5,223,4,4,0.2723606199071575,0.2723606199071575,0.2723606199071575,0.2723606199071575,0.05940467660489768
5,224,4,4,0.27017699055486905,0.27017699055486905,0.27017699055486905,0.27017699055486905,0.0567188337296212
5,225,4,4,0.26861115249890755,0.26861115249890755,0.26861115249890755,0.26861115249890755,0.0535856923444868
5,226,4,4,0.2664778028666037,0.2664778028666037,0.2664778028666037,0.2664778028666037,0.050465195085146915
5,227,4,4,0.2631629072418239,0.2631629072418239,0.2631629072418239,0.2631629072418239,0.04777365007116833
5,228,4,4,0.26234622612687675,0.26234622612687675,0.26234622612687675,0.26234622612687675,0.045391223102648454
5,229,4,4,0.2591498288002035,0.2591498288002035,0.2591498288002035,0.2591498288002035,0.042655242753078124
5,230,4,4,0.2567650008580821,0.2567650008580821,0.2567650008580821,0.2567650008580821,0.040096284945098995
5,231,4,4,0.2544136206417953,0.2544136206417953,0.2544136206417953,0.2544136206417953,0.037324258276582534
5,232,4,4,0.25154333186569616,0.25154333186569616,0.25154333186569616,0.25154333186569616,0.03436830350542916
5,233,4,4,0.248071892016895,0.248071892016895,0.248071892016895,0.248071892016895,0.03160724290292083
5,234,4,4,0.24551301998796654,0.24551301998796654,0.24551301998796654,0.24551301998796654,0.028462922971057694
5,235,4,4,0.24434443330609884,0.24434443330609884,0.24434443330609884,0.24434443330609884,0.025432028284258792
5,236,4,4,0.2427831226136445,0.2427831226136445,0.2427831226136445,0.2427831226136445,0.022827921672695553
5,237,4,4,0.24199653376311514,0.24199653376311514,0.24199653376311514,0.24199653376311514,0.020518768655393524
5,238,4,4,0.24080564020132128,0.24080564020132128,0.24080564020132128,0.24080564020132128,0.018979932880034495
5,239,4,4,0.23968177439259963,0.23968177439259963,0.23968177439259963,0.23968177439259963,0.01807725417460826
5,240,4,4,0.2396151657314497,0.2396151657314497,0.2396151657314497,0.2396151657314497,0.018160223206644302
5,241,4,4,0.2390675632793785,0.2390675632793785,0.2390675632793785,0.2390675632793785,0.01805556516107927
5,242,4,4,0.23894236940559022,0.23894236940559022,0.23894236940559022,0.23894236940559022,0.01814893657331114
5,243,4,4,0.23868889377393965,0.23868889377393965,0.23868889377393965,0.23868889377393965,0.018049776894937503
5,244,4,4,0.2386064641760745,0.2386064641760745,0.2386064641760745,0.2386064641760745,0.01804977689493746
5,245,4,4,0.2381690438285165,0.2381690438285165,0.2381690438285165,0.2381690438285165,0.018049776894937516
5,246,4,4,0.23903222161555515,0.23903222161555515,0.23903222161555515,0.23903222161555515,0.018049776894937544
5,247,4,4,0.23834276411038363,0.23834276411038363,0.23834276411038363,0.23834276411038363,0.01795078069713961
5,248,4,4,0.23915426373432974,0.23915426373432974,0.23915426373432974,0.23915426373432974,0.017950780697139554
5,249,4,4,0.2387851968497514,0.2387851968497514,0.2387851968497514,0.2387851968497514,0.01795078069713961
5,250,5,5,0.24089027394720364,0.24089027394720364,0.24089027394720364,0.24089027394720364,0.017950780697139554
6,0,0,0,0.2607329220414169,0.2607329220414169,0.2607329220414169,0.2607329220414169,0.01609467225240964
6,1,0,0,0.26416487624021734,0.26416487624021734,0.26416487624021734,0.26416487624021734,0.01609467225240964
6,2,0,0,0.2659624585856176,0.2659624585856176,0.2659624585856176,0.2659624585856176,0.016911345790577653
6,3,0,0,0.2673498918016837,0.2673498918016837,0.2673498918016837,0.2673498918016837,0.019744956540264647
6,4,0,0,0.2679489716166167,0.2679489716166167,0.2679489716166167,0.2679489716166167,0.024056267525972883
6,5,0,0,0.2689611276711241,0.2689611276711241,0.2689611276711241,0.2689611276711241,0.028017770948920245
6,6,0,0,0.2693974980373534,0.2693974980373534,0.2693974980373534,0.2693974980373534,0.032246753654665214
6,7,0,0,0.27013283788418074,0.27013283788418074,0.27013283788418074,0.27013283788418074,0.035122429745192585
6,8,0,0,0.2715800540501645,0.2715800540501645,0.2715800540501645,0.2715800540501645,0.037636257721245625
6,9,0,0,0.2722308808632456,0.2722308808632456,0.2722308808632456,0.2722308808632456,0.0386358176834377
6,10,0,0,0.27228525378800633,0.27228525378800633,0.27228525378800633,0.27228525378800633,0.03893624466020404
6,11,0,0,0.27236132943690056,0.27236132943690056,0.27236132943690056,0.27236132943690056,0.03976582893653373
6,12,0,0,0.2723913022356281,0.2723913022356281,0.2723913022356281,0.2723913022356281,0.04000428801630028
6,13,0,0,0.2726413301590179,0.2726413301590179,0.2726413301590179,0.2726413301590179,0.04009081894371676
6,14,0,0,0.2715024421370506,0.2715024421370506,0.2715024421370506,0.2715024421370506,0.04020652714202658
6,15,0,0,0.2708910456071406,0.2708910456071406,0.2708910456071406,0.2708910456071406,0.040077598082791266
6,16,0,0,0.27050065740921614,0.27050065740921614,0.27050065740921614,0.27050065740921614,0.039588297731566344
6,17,0,0,0.269505076631946,0.269505076631946,0.269505076631946,0.269505076631946,0.03928493023859998
6,18,0,0,0.2694800269016539,0.2694800269016539,0.2694800269016539,0.2694800269016539,0.03873890730242409
6,19,0,0,0.2690094126619249,0.2690094126619249,0.2690094126619249,0.2690094126619249,0.037942009505602475
6,20,0,0,0.26800436131543015,0.26800436131543015,0.26800436131543015,0.26800436131543015,0.0372185898231273
6,21,0,0,0.26771866667948413,0.26771866667948413,0.26771866667948413,0.26771866667948413,0.0365436624279044
6,22,0,0,0.2666133626993057,0.2666133626993057,0.2666133626993057,0.2666133626993057,0.03637119891153308
6,23,0,0,0.2650028163832722,0.2650028163832722,0.2650028163832722,0.2650028163832722,0.03591308105772417
6,24,0,0,0.2644357748455256,0.2644357748455256,0.2644357748455256,0.2644357748455256,0.035450942755376136
6,25,0,0,0.2642334945192503,0.2642334945192503,0.2642334945192503,0.2642334945192503,0.03450751935051695
6,26,0,0,0.263899754856402,0.263899754856402,0.263899754856402,0.263899754856402,0.03363064759567609
6,27,0,0,0.26403528050352404,0.26403528050352404,0.26403528050352404,0.26403528050352404,0.032771212523477714
6,28,0,0,0.2637526105181928,0.2637526105181928,0.2637526105181928,0.2637526105181928,0.03214535436392324
6,29,0,0,0.26301123774804946,0.26301123774804946,0.26301123774804946,0.26301123774804946,0.03195658043584031
6,30,0,0,0.26345434586598465,0.26345434586598465,0.26345434586598465,0.26345434586598465,0.031767837937828156
6,31,0,0,0.26196079213491363,0.26196079213491363,0.26196079213491363,0.26196079213491363,0.03176783793782818
6,32,0,0,0.26097852755797285,0.26097852755797285,0.26097852755797285,0.26097852755797285,0.03176783793782818
6,33,0,0,0.2596788051166832,0.2596788051166832,0.2596788051166832,0.2596788051166832,0.03176783793782818
6,34,0,0,0.2580375596153749,0.2580375596153749,0.2580375596153749,0.2580375596153749,0.03176783793782818
6,35,0,0,0.2556404926583468,0.2556404926583468,0.2556404926583468,0.2556404926583468,0.03176783793782814
6,36,0,0,0.2549919935486743,0.2549919935486743,0.2549919935486743,0.2549919935486743,0.03176783793782814
6,37,0,0,0.2517170369132971,0.2517170369132971,0.2517170369132971,0.2517170369132971,0.03176783793782818
6,38,0,0,0.2480767268527062,0.2480767268527062,0.2480767268527062,0.2480767268527062,0.03176783793782818
6,39,0,0,0.2450108781449689,0.2450108781449689,0.2450108781449689,0.2450108781449689,0.030877819378619706
6,40,0,0,0.24060881404668158,0.24060881404668158,0.24060881404668158,0.24060881404668158,0.029046543934195382
6,41,0,0,0.23701796907591904,0.23701796907591904,0.23701796907591904,0.23701796907591904,0.026371279808858727
6,42,0,0,0.23523217742610064,0.23523217742610064,0.23523217742610064,0.23523217742610064,0.02239178249541214
6,43,0,0,0.23320308511673013,0.23320308511673013,0.23320308511673013,0.23320308511673013,0.017897307522156375
6,44,0,0,0.23145629046287985,0.23145629046287985,0.23145629046287985,0.23145629046287985,0.013849292949768235
6,45,0,0,0.2290899413510784,0.2290899413510784,0.2290899413510784,0.2290899413510784,0.010972895236440627
6,46,0,0,0.2273081129618518,0.2273081129618518,0.2273081129618518,0.2273081129618518,0.009119300428049953
6,47,0,0,0.22636651215184955,0.22636651215184955,0.22636651215184955,0.22636651215184955,0.0072659318144374235
6,48,0,0,0.22473663800720423,0.22473663800720423,0.22473663800720423,0.22473663800720423,0.00603222698284811
6,49,0,0,0.22535105439928038,0.22535105439928038,0.22535105439928038,0.22535105439928038,0.005437440947654235
6,50,1,1,0.22441757980764326,0.22441757980764326,0.22441757980764326,0.22441757980764326,0.004976135175141769
6,51,1,1,0.22438055537869556,0.22438055537869556,0.22438055537869556,0.22438055537869556,0.0047928173952772185
6,52,1,1,0.22393708638146315,0.22393708638146315,0.22393708638146315,0.22393708638146315,0.0049421072428563195
6,53,1,1,0.22367594130775023,0.22367594130775023,0.22367594130775023,0.22367594130775023,0.004874100389457875
6,54,1,1,0.22416367922865738,0.22416367922865738,0.22416367922865738,0.22416367922865738,0.004238708142641434
6,55,1,1,0.22499000312333958,0.22499000312333958,0.22499000312333958,0.22499000312333958,0.004116117698770849
6,56,1,1,0.22574309937602288,0.22574309937602288,0.22574309937602288,0.22574309937602288,0.0044668015446015785
6,57,1,1,0.2256382351372455,0.2256382351372455,0.2256382351372455,0.2256382351372455,0.0049080983012392415
6,58,1,1,0.22518083389969829,0.22518083389969829,0.22518083389969829,0.22518083389969829,0.005349992243138937
6,59,1,1,0.22564549094128544,0.22564549094128544,0.22564549094128544,0.22564549094128544,0.005461886215426134
6,60,1,1,0.22540873072215695,0.22540873072215695,0.22540873072215695,0.22540873072215695,0.00515354118542688
6,61,1,1,0.2254557199774242,0.2254557199774242,0.2254557199774242,0.2254557199774242,0.005083469551962844
6,62,1,1,0.22539336305386792,0.22539336305386792,0.22539336305386792,0.22539336305386792,0.005193917018747066
6,63,1,1,0.225999343659745,0.225999343659745,0.225999343659745,0.225999343659745,0.005248945712941419
6,64,1,1,0.22706618291103142,0.22706618291103142,0.22706618291103142,0.22706618291103142,0.00539435649369617
6,65,1,1,0.22929114740822984,0.22929114740822984,0.22929114740822984,0.22929114740822984,0.00539435649369617
6,66,1,1,0.2303688222741979,0.2303688222741979,0.2303688222741979,0.2303688222741979,0.005685379306902924
6,67,1,1,0.23188027023478186,0.23188027023478186,0.23188027023478186,0.23188027023478186,0.006268203368603523
6,68,1,1,0.23381984836953204,0.23381984836953204,0.23381984836953204,0.23381984836953204,0.006613857146114593
6,69,1,1,0.23750205831961685,0.23750205831961685,0.23750205831961685,0.23750205831961685,0.007051689279843107
6,70,1,1,0.2393018434450987,0.2393018434450987,0.2393018434450987,0.2393018434450987,0.007876267905920276
6,71,1,1,0.24112288916385577,0.24112288916385577,0.24112288916385577,0.24112288916385577,0.00879919589597529
6,72,1,1,0.24459074159966912,0.24459074159966912,0.24459074159966912,0.24459074159966912,0.009712385114453326
6,73,1,1,0.24848122056271094,0.24848122056271094,0.24848122056271094,0.24848122056271094,0.010881137170518224
6,74,1,1,0.25253805844336935,0.25253805844336935,0.25253805844336935,0.25253805844336935,0.012779873799692629
6,75,1,1,0.2563095629939122,0.2563095629939122,0.2563095629939122,0.2563095629939122,0.015472673627158678
6,76,1,1,0.2591020485089212,0.2591020485089212,0.2591020485089212,0.2591020485089212,0.01898740739337247
6,77,1,1,0.26059291836379955,0.26059291836379955,0.26059291836379955,0.26059291836379955,0.024166410254490484
6,78,1,1,0.2622703533508537,0.2622703533508537,0.2622703533508537,0.2622703533508537,0.029142023125284494
6,79,1,1,0.2641144325218293,0.2641144325218293,0.2641144325218293,0.2641144325218293,0.03471205107561323
6,80,1,1,0.26605619364736316,0.26605619364736316,0.26605619364736316,0.26605619364736316,0.04004049336435667
6,81,1,1,0.26825660322020073,0.26825660322020073,0.26825660322020073,0.26825660322020073,0.04519473278288797
6,82,1,1,0.2690074905965252,0.2690074905965252,0.2690074905965252,0.2690074905965252,0.04935931214462666
6,83,1,1,0.2699634445786496,0.2699634445786496,0.2699634445786496,0.2699634445786496,0.053565066325791375
6,84,1,1,0.27075422417447437,0.27075422417447437,0.27075422417447437,0.27075422417447437,0.057895739715998554
6,85,1,1,0.27185197359122437,0.27185197359122437,0.27185197359122437,0.27185197359122437,0.0620866990166948
6,86,1,1,0.2722107857163506,0.2722107857163506,0.2722107857163506,0.2722107857163506,0.06592422673249138
6,87,1,1,0.2724320443162575,0.2724320443162575,0.2724320443162575,0.2724320443162575,0.07027408925758537
6,88,1,1,0.2726785204988805,0.2726785204988805,0.2726785204988805,0.2726785204988805,0.07424484616924645
6,89,1,1,0.27275624785947844,0.27275624785947844,0.27275624785947844,0.27275624785947844,0.07792778465526065
6,90,1,1,0.27290649380862997,0.27290649380862997,0.27290649380862997,0.27290649380862997,0.08171827544809585
6,91,1,1,0.27319297443356716,0.27319297443356716,0.27319297443356716,0.27319297443356716,0.08536051946546844
6,92,1,1,0.2732515699714033,0.2732515699714033,0.2732515699714033,0.2732515699714033,0.08826943512519451
6,93,1,1,0.2734916191648835,0.2734916191648835,0.2734916191648835,0.2734916191648835,0.09110203215673626
6,94,1,1,0.27332826413026207,0.27332826413026207,0.27332826413026207,0.27332826413026207,0.09404189331346383
6,95,1,1,0.27337276497865304,0.27337276497865304,0.27337276497865304,0.27337276497865304,0.09624712043480121
6,96,1,1,0.27315044561484497,0.27315044561484497,0.27315044561484497,0.27315044561484497,0.09869930609954715
6,97,1,1,0.273279166267396,0.273279166267396,0.273279166267396,0.273279166267396,0.10081485096035508
6,98,1,1,0.2731112746274529,0.2731112746274529,0.2731112746274529,0.2731112746274529,0.1025885616723462
6,99,1,1,0.27276270877918496,0.27276270877918496,0.27276270877918496,0.27276270877918496,0.10505270324087143
6,100,2,2,0.2695036598489097,0.2695036598489097,0.2695036598489097,0.2695036598489097,0.10748881689341669
6,101,2,2,0.2680766512343025,0.2680766512343025,0.2680766512343025,0.2680766512343025,0.11564573641424872
6,102,2,2,0.2668483220837555,0.2668483220837555,0.2668483220837555,0.2668483220837555,0.11564573641424872
6,103,2,2,0.26716789663750307,0.26716789663750307,0.26716789663750307,0.26716789663750307,0.11605893759762817
6,104,2,2,0.2676661453590732,0.2676661453590732,0.2676661453590732,0.2676661453590732,0.1168826214106096
6,105,2,2,0.2673091563276547,0.2673091563276547,0.2673091563276547,0.2673091563276547,0.11832054768395742
6,106,2,2,0.26724384422677977,0.26724384422677977,0.26724384422677977,0.26724384422677977,0.12016081904728404
6,107,2,2,0.26753784080505216,0.26753784080505216,0.26753784080505216,0.26753784080505216,0.12219651441976684
6,108,2,2,0.2679936298734724,0.2679936298734724,0.2679936298734724,0.2679936298734724,0.12422164533069502
6,109,2,2,0.2686657979182585,0.2686657979182585,0.2686657979182585,0.2686657979182585,0.12644189706890013
6,110,2,2,0.26887965450762563,0.26887965450762563,0.26887965450762563,0.26887965450762563,0.12784174407517532
6,111,2,2,0.2693208211490286,0.2693208211490286,0.2693208211490286,0.2693208211490286,0.12921955366976298
6,112,2,2,0.26983696957775366,0.26983696957775366,0.26983696957775366,0.26983696957775366,0.12981070587966298
6,113,2,2,0.2692598414747585,0.2692598414747585,0.2692598414747585,0.2692598414747585,0.13002433907519154
6,114,2,2,0.2692784655312343,0.2692784655312343,0.2692784655312343,0.2692784655312343,0.13041747124343034
6,115,2,2,0.2689469938411576,0.2689469938411576,0.2689469938411576,0.2689469938411576,0.13161166158010365
6,116,2,2,0.2686120438331882,0.2686120438331882,0.2686120438331882,0.2686120438331882,0.13260120492137392
6,117,2,2,0.2684090868869176,0.2684090868869176,0.2684090868869176,0.2684090868869176,0.1331906343569071
6,118,2,2,0.2682419163246369,0.2682419163246369,0.2682419163246369,0.2682419163246369,0.13356045500625716
6,119,2,2,0.2677559969769999,0.2677559969769999,0.2677559969769999,0.2677559969769999,0.1335469801091016
6,120,2,2,0.2675336312106786,0.2675336312106786,0.2675336312106786,0.2675336312106786,0.13333469944877305
6,121,2,2,0.2664721318967261,0.2664721318967261,0.2664721318967261,0.2664721318967261,0.13294379599331424
6,122,2,2,0.26590407934122495,0.26590407934122495,0.26590407934122495,0.26590407934122495,0.1319365011042471
6,123,2,2,0.265700476037071,0.265700476037071,0.265700476037071,0.265700476037071,0.1317257170881373
6,124,2,2,0.26603522701807814,0.26603522701807814,0.26603522701807814,0.26603522701807814,0.13151490349538814
6,125,2,2,0.2660563586605139,0.2660563586605139,0.2660563586605139,0.2660563586605139,0.13168197854957078
6,126,2,2,0.26580342449419037,0.26580342449419037,0.26580342449419037,0.26580342449419037,0.13066965817704948
6,127,2,2,0.2661146938576479,0.2661146938576479,0.2661146938576479,0.2661146938576479,0.12945452823370843
6,128,2,2,0.2661516066838862,0.2661516066838862,0.2661516066838862,0.2661516066838862,0.12844100298302902
6,129,2,2,0.26590994340090174,0.26590994340090174,0.26590994340090174,0.26590994340090174,0.12765069373910365
6,130,2,2,0.2659585972835044,0.2659585972835044,0.2659585972835044,0.2659585972835044,0.12683922845020124
6,131,2,2,0.2655731227181091,0.2655731227181091,0.2655731227181091,0.2655731227181091,0.12562208991696328
6,132,2,2,0.2651908575569413,0.2651908575569413,0.2651908575569413,0.2651908575569413,0.12397155649411573
6,133,2,2,0.26510140648653074,0.26510140648653074,0.26510140648653074,0.26510140648653074,0.12231495508649454
6,134,2,2,0.2650572135841758,0.2650572135841758,0.2650572135841758,0.2650572135841758,0.12024282864255101
6,135,2,2,0.2652512532467969,0.2652512532467969,0.2652512532467969,0.2652512532467969,0.117389201094387
6,136,2,2,0.2655356317843998,0.2655356317843998,0.2655356317843998,0.2655356317843998,0.11511349065293394
6,137,2,2,0.2656185569791564,0.2656185569791564,0.2656185569791564,0.2656185569791564,0.11244758523042545
6,138,2,2,0.2647493735983154,0.2647493735983154,0.2647493735983154,0.2647493735983154,0.11011875561620812
6,139,2,2,0.2643011992166016,0.2643011992166016,0.2643011992166016,0.2643011992166016,0.1076048983960969
6,140,2,2,0.26336621155582707,0.26336621155582707,0.26336621155582707,0.26336621155582707,0.10486713714011538
6,141,2,2,0.2632996336057918,0.2632996336057918,0.2632996336057918,0.2632996336057918,0.10212078927100546
6,142,2,2,0.2632894592812637,0.2632894592812637,0.2632894592812637,0.2632894592812637,0.09958084288562209
6,143,2,2,0.262931953786454,0.262931953786454,0.262931953786454,0.262931953786454,0.09686305479073207
6,144,2,2,0.2628327701246417,0.2628327701246417,0.2628327701246417,0.2628327701246417,0.0949495304157178
6,145,2,2,0.26326191204722743,0.26326191204722743,0.26326191204722743,0.26326191204722743,0.09362518250173489
6,146,2,2,0.263487592784049,0.263487592784049,0.263487592784049,0.263487592784049,0.09170404050232497
6,147,2,2,0.2640463972516218,0.2640463972516218,0.2640463972516218,0.2640463972516218,0.0904189734827331
6,148,2,2,0.2644947726947628,0.2644947726947628,0.2644947726947628,0.2644947726947628,0.08870592871243585
6,149,2,2,0.26461183001270827,0.26461183001270827,0.26461183001270827,0.26461183001270827,0.08656032394763036
6,150,3,3,0.2767961893367162,0.2767961893367162,0.2767961893367162,0.2767961893367162,0.08419361797273399
6,151,3,3,0.27556184698924396,0.27556184698924396,0.27556184698924396,0.27556184698924396,0.08122509900139752
6,152,3,3,0.27663920861746205,0.27663920861746205,0.27663920861746205,0.27663920861746205,0.08160390275991161
6,153,3,3,0.2777665230524239,0.2777665230524239,0.2777665230524239,0.2777665230524239,0.08117353988444204
6,154,3,3,0.27829649668829193,0.27829649668829193,0.27829649668829193,0.27829649668829193,0.0807417909940388
6,155,3,3,0.27819015105534795,0.27819015105534795,0.27819015105534795,0.27819015105534795,0.08009457520279412
6,156,3,3,0.2788315616006171,0.2788315616006171,0.2788315616006171,0.2788315616006171,0.0796625374272583
6,157,3,3,0.27908459446309425,0.27908459446309425,0.27908459446309425,0.27908459446309425,0.07820593369225981
6,158,3,3,0.27947558024337604,0.27947558024337604,0.27947558024337604,0.27947558024337604,0.07691000469818637
6,159,3,3,0.2797509576421893,0.2797509576421893,0.2797509576421893,0.2797509576421893,0.07555597044361427
6,160,3,3,0.27882380821292785,0.27882380821292785,0.27882380821292785,0.27882380821292785,0.07403916761124024
6,161,3,3,0.2787779370517092,0.2787779370517092,0.2787779370517092,0.2787779370517092,0.07252138000951652
6,162,3,3,0.2788640330761744,0.2788640330761744,0.2788640330761744,0.2788640330761744,0.07078747163670834
6,163,3,3,0.27901862563968055,0.27901862563968055,0.27901862563968055,0.27901862563968055,0.0695448973360851
6,164,3,3,0.27869562105452006,0.27869562105452006,0.27869562105452006,0.27869562105452006,0.06867819933908804
6,165,3,3,0.27852452431385843,0.27852452431385843,0.27852452431385843,0.27852452431385843,0.06802665071442551
6,166,3,3,0.2786217060572216,0.2786217060572216,0.2786217060572216,0.2786217060572216,0.06796421233049538
6,167,3,3,0.27749490264487614,0.27749490264487614,0.27749490264487614,0.27749490264487614,0.06796094091061147
6,168,3,3,0.27681063381753457,0.27681063381753457,0.27681063381753457,0.27681063381753457,0.06730897216948689
6,169,3,3,0.27640353535561435,0.27640353535561435,0.27640353535561435,0.27640353535561435,0.06687141152669956
6,170,3,3,0.2753262012404192,0.2753262012404192,0.2753262012404192,0.2753262012404192,0.06621930863227583
6,171,3,3,0.27548210072254226,0.27548210072254226,0.27548210072254226,0.27548210072254226,0.06600156372650906
6,172,3,3,0.27467442863072056,0.27467442863072056,0.27467442863072056,0.27467442863072056,0.06600050222348833
6,173,3,3,0.2744205594381059,0.2744205594381059,0.2744205594381059,0.2744205594381059,0.06600050222348834
6,174,3,3,0.27407533374675014,0.27407533374675014,0.27407533374675014,0.27407533374675014,0.06621718016932099
6,175,3,3,0.27458021794950493,0.27458021794950493,0.27458021794950493,0.27458021794950493,0.06600050222348836
6,176,3,3,0.2741109042940416,0.2741109042940416,0.2741109042940416,0.2741109042940416,0.06600050222348833
6,177,3,3,0.27506748979102924,0.27506748979102924,0.27506748979102924,0.27506748979102924,0.06600050222348831
6,178,3,3,0.27482058831475886,0.27482058831475886,0.27482058831475886,0.27482058831475886,0.06578381810090142
6,179,3,3,0.2754403290273606,0.2754403290273606,0.2754403290273606,0.2754403290273606,0.06578381810090148
6,180,3,3,0.2750116750737163,0.2750116750737163,0.2750116750737163,0.2750116750737163,0.06578381810090145
6,181,3,3,0.2752392608514497,0.2752392608514497,0.2752392608514497,0.2752392608514497,0.06556712173364727
6,182,3,3,0.275549552181139,0.275549552181139,0.275549552181139,0.275549552181139,0.0653504070523934
6,183,3,3,0.27589357564063416,0.27589357564063416,0.27589357564063416,0.27589357564063416,0.06513368703481937
6,184,3,3,0.27574130935253405,0.27574130935253405,0.27574130935253405,0.27574130935253405,0.06535040705239345
6,185,3,3,0.2764805050374939,0.2764805050374939,0.2764805050374939,0.2764805050374939,0.06535040705239345
6,186,3,3,0.27623036119760447,0.27623036119760447,0.27623036119760447,0.27623036119760447,0.06534830033496578
6,187,3,3,0.2765953373916376,0.2765953373916376,0.2765953373916376,0.2765953373916376,0.06534619634680378
6,188,3,3,0.2776463827198148,0.2776463827198148,0.2776463827198148,0.2776463827198148,0.06534409509402257
6,189,3,3,0.2780992653961124,0.2780992653961124,0.2780992653961124,0.2780992653961124,0.06534304548506453
6,190,3,3,0.2791952148582663,0.2791952148582663,0.2791952148582663,0.2791952148582663,0.0655576416853364
6,191,3,3,0.28075954304212414,0.28075954304212414,0.28075954304212414,0.28075954304212414,0.06577431672272178
6,192,3,3,0.28295522230539905,0.28295522230539905,0.28295522230539905,0.28295522230539905,0.06664089809727258
6,193,3,3,0.28400750260233126,0.28400750260233126,0.28400750260233126,0.28400750260233126,0.068374489647554
6,194,3,3,0.2853630274655576,0.2853630274655576,0.2853630274655576,0.2853630274655576,0.0710354665884526
6,195,3,3,0.28632528097892807,0.28632528097892807,0.28632528097892807,0.28632528097892807,0.07336770871704909
6,196,3,3,0.28666107450980666,0.28666107450980666,0.28666107450980666,0.28666107450980666,0.07554058896615623
6,197,3,3,0.28651533672369744,0.28651533672369744,0.28651533672369744,0.28651533672369744,0.07835602840144121
6,198,3,3,0.2863914945670169,0.2863914945670169,0.2863914945670169,0.2863914945670169,0.08116601571465609
6,199,3,3,0.2868886968803087,0.2868886968803087,0.2868886968803087,0.2868886968803087,0.08309941265034906
6,200,4,4,0.2908533801110207,0.2908533801110207,0.2908533801110207,0.2908533801110207,0.0842280046263422
6,201,4,4,0.29057529141871397,0.29057529141871397,0.29057529141871397,0.29057529141871397,0.07977804413302195
6,202,4,4,0.2905866879794404,0.2905866879794404,0.2905866879794404,0.2905866879794404,0.07977929125083158
6,203,4,4,0.29080092171869243,0.29080092171869243,0.29080092171869243,0.29080092171869243,0.08063747494758813
6,204,4,4,0.2895603115247693,0.2895603115247693,0.2895603115247693,0.2895603115247693,0.0816577952338055
6,205,4,4,0.2897438619719775,0.2897438619719775,0.2897438619719775,0.2897438619719775,0.08164879642594036
6,206,4,4,0.28845294233680585,0.28845294233680585,0.28845294233680585,0.28845294233680585,0.08129504893204512
6,207,4,4,0.2877283776460512,0.2877283776460512,0.2877283776460512,0.2877283776460512,0.08095609454953201
6,208,4,4,0.2861649909885263,0.2861649909885263,0.2861649909885263,0.2861649909885263,0.07985787848060456
6,209,4,4,0.2849293450349878,0.2849293450349878,0.2849293450349878,0.2849293450349878,0.07752529416438331
6,210,4,4,0.283512157273038,0.283512157273038,0.283512157273038,0.283512157273038,0.07486931766682803
6,211,4,4,0.2819620686095546,0.2819620686095546,0.2819620686095546,0.2819620686095546,0.07240893021722045
6,212,4,4,0.2805140130797992,0.2805140130797992,0.2805140130797992,0.2805140130797992,0.06993047226555538
6,213,4,4,0.27884189579390284,0.27884189579390284,0.27884189579390284,0.27884189579390284,0.06788230871866305
6,214,4,4,0.277043364463787,0.277043364463787,0.277043364463787,0.277043364463787,0.06522030008602683
6,215,4,4,0.2756188828723222,0.2756188828723222,0.2756188828723222,0.2756188828723222,0.0620498071845712
6,216,4,4,0.2738226549877333,0.2738226549877333,0.2738226549877333,0.2738226549877333,0.059172777691173885
6,217,4,4,0.2713534014785714,0.2713534014785714,0.2713534014785714,0.2713534014785714,0.057130213357763755
6,218,4,4,0.2692445232286763,0.2692445232286763,0.2692445232286763,0.2692445232286763,0.05479318557802882
6,219,4,4,0.26679001443746453,0.26679001443746453,0.26679001443746453,0.26679001443746453,0.05302594239314611
6,220,4,4,0.2631219353064382,0.2631219353064382,0.2631219353064382,0.2631219353064382,0.049735245360393004
6,221,4,4,0.26182696109958026,0.26182696109958026,0.26182696109958026,0.26182696109958026,0.04636532710522231
6,222,4,4,0.2605655598095164,0.2605655598095164,0.2605655598095164,0.2605655598095164,0.04294674590568992
6,223,4,4,0.2578818165233825,0.2578818165233825,0.2578818165233825,0.2578818165233825,0.039985780737656934
6,224,4,4,0.2554172153701424,0.2554172153701424,0.2554172153701424,0.2554172153701424,0.037590834379028645
6,225,4,4,0.25361804730151466,0.25361804730151466,0.25361804730151466,0.25361804730151466,0.03511304590882515
6,226,4,4,0.25198126189105796,0.25198126189105796,0.25198126189105796,0.25198126189105796,0.032930754919585734
6,227,4,4,0.24845388300639276,0.24845388300639276,0.24845388300639276,0.24845388300639276,0.03091282575160885
6,228,4,4,0.24808172248889826,0.24808172248889826,0.24808172248889826,0.24808172248889826,0.029167811434953894
6,229,4,4,0.24494121068725697,0.24494121068725697,0.24494121068725697,0.24494121068725697,0.026548925734224696
6,230,4,4,0.24339557940444545,0.24339557940444545,0.24339557940444545,0.24339557940444545,0.024333749500262
6,231,4,4,0.24178659736853841,0.24178659736853841,0.24178659736853841,0.24178659736853841,0.02186537759427143
6,232,4,4,0.24055135968675595,0.24055135968675595,0.24055135968675595,0.24055135968675595,0.019695050478624604
6,233,4,4,0.23912193029196283,0.23912193029196283,0.23912193029196283,0.23912193029196283,0.01847662306178033
6,234,4,4,0.237920995149685,0.237920995149685,0.237920995149685,0.237920995149685,0.017870323139339048
6,235,4,4,0.2386742363407503,0.2386742363407503,0.2386742363407503,0.2386742363407503,0.017470757576588267
6,236,4,4,0.23786757252279084,0.23786757252279084,0.23786757252279084,0.23786757252279084,0.016976095876874236
6,237,4,4,0.2385924416065972,0.2385924416065972,0.2385924416065972,0.2385924416065972,0.016781661058446057
6,238,4,4,0.2386452357942662,0.2386452357942662,0.2386452357942662,0.2386452357942662,0.01696411489493621
6,239,4,4,0.2377627994246716,0.2377627994246716,0.2377627994246716,0.2377627994246716,0.01714032042468143
6,240,4,4,0.23846945213503995,0.23846945213503995,0.23846945213503995,0.23846945213503995,0.017036026036046717
6,241,4,4,0.2383064749518489,0.2383064749518489,0.2383064749518489,0.2383064749518489,0.017022399344594735
6,242,4,4,0.2379786566257009,0.2379786566257009,0.2379786566257009,0.2379786566257009,0.016924821837958376
6,243,4,4,0.2378146445568486,0.2378146445568486,0.2378146445568486,0.2378146445568486,0.017022399344594652
6,244,4,4,0.2380112826403628,0.2380112826403628,0.2380112826403628,0.2380112826403628,0.017022399344594735
7,0,0,0,0.26414674059538484,0.26414674059538484,0.26414674059538484,0.26414674059538484,0.016543170404761248
7,1,0,0,0.26697367810637107,0.26697367810637107,0.26697367810637107,0.26697367810637107,0.01645327124492202
7,2,0,0,0.26853475952052525,0.26853475952052525,0.26853475952052525,0.26853475952052525,0.017394126943790444
7,3,0,0,0.26961628547760685,0.26961628547760685,0.26961628547760685,0.26961628547760685,0.019970271727039024
7,4,0,0,0.27009860785901113,0.27009860785901113,0.27009860785901113,0.27009860785901113,0.024038047576675062
7,5,0,0,0.27083278876153755,0.27083278876153755,0.27083278876153755,0.27083278876153755,0.02872114111155577
7,6,0,0,0.2708817538771362,0.2708817538771362,0.2708817538771362,0.2708817538771362,0.033729151698734014
7,7,0,0,0.2713694806947313,0.2713694806947313,0.2713694806947313,0.2713694806947313,0.03730078384189882
7,8,0,0,0.2723931573577234,0.2723931573577234,0.2723931573577234,0.2723931573577234,0.04013213594805247
7,9,0,0,0.27279171799131346,0.27279171799131346,0.27279171799131346,0.27279171799131346,0.04127042361540405
7,10,0,0,0.2727121376570525,0.2727121376570525,0.2727121376570525,0.2727121376570525,0.041154183025296914
7,11,0,0,0.2725539638922191,0.2725539638922191,0.2725539638922191,0.2725539638922191,0.041009105738360085
7,12,0,0,0.2725011699855417,0.2725011699855417,0.2725011699855417,0.2725011699855417,0.04098330804036186
7,13,0,0,0.27262453268204495,0.27262453268204495,0.27262453268204495,0.27262453268204495,0.04109676971459142
7,14,0,0,0.271517804357173,0.271517804357173,0.271517804357173,0.271517804357173,0.04070632264148434
7,15,0,0,0.2705349727009301,0.2705349727009301,0.2705349727009301,0.2705349727009301,0.040558044111780184
7,16,0,0,0.2701210639626179,0.2701210639626179,0.2701210639626179,0.2701210639626179,0.03967973625941949
7,17,0,0,0.26908227285353625,0.26908227285353625,0.26908227285353625,0.26908227285353625,0.03907766403539466
7,18,0,0,0.2688959857497481,0.2688959857497481,0.2688959857497481,0.2688959857497481,0.03866669626767419
7,19,0,0,0.2684470332474642,0.2684470332474642,0.2684470332474642,0.2684470332474642,0.03790027160792431
7,20,0,0,0.2674730246688558,0.2674730246688558,0.2674730246688558,0.2674730246688558,0.037370179921540556
7,21,0,0,0.2671030595991616,0.2671030595991616,0.2671030595991616,0.2671030595991616,0.0368586733867412
7,22,0,0,0.2659319018702856,0.2659319018702856,0.2659319018702856,0.2659319018702856,0.036294992991728836
7,23,0,0,0.2644935105648848,0.2644935105648848,0.2644935105648848,0.2644935105648848,0.03584037028525926
7,24,0,0,0.26412087688016883,0.26412087688016883,0.26412087688016883,0.26412087688016883,0.03502600733946393
7,25,0,0,0.2639163234049785,0.2639163234049785,0.2639163234049785,0.2639163234049785,0.03380198165668305
7,26,0,0,0.2635921935558367,0.2635921935558367,0.2635921935558367,0.2635921935558367,0.03280399037396735
7,27,0,0,0.2636406243815447,0.2636406243815447,0.2636406243815447,0.2636406243815447,0.03255381027641355
7,28,0,0,0.2629975107453083,0.2629975107453083,0.2629975107453083,0.2629975107453083,0.0319839062981499
7,29,0,0,0.26241423043196593,0.26241423043196593,0.26241423043196593,0.26241423043196593,0.03192316545193284
7,30,0,0,0.2626089992223799,0.2626089992223799,0.2626089992223799,0.2626089992223799,0.031923165451932856
7,31,0,0,0.2609465393515704,0.2609465393515704,0.2609465393515704,0.2609465393515704,0.03192316545193288
7,32,0,0,0.2596568955050567,0.2596568955050567,0.2596568955050567,0.2596568955050567,0.031733138926818824
7,33,0,0,0.2580154244103478,0.2580154244103478,0.2580154244103478,0.2580154244103478,0.031543149687800434
7,34,0,0,0.25598731139457526,0.25598731139457526,0.25598731139457526,0.25598731139457526,0.031543149687800434
7,35,0,0,0.252819373176815,0.252819373176815,0.252819373176815,0.252819373176815,0.031543149687800434
7,36,0,0,0.2518800421452874,0.2518800421452874,0.2518800421452874,0.2518800421452874,0.031543149687800434
7,37,0,0,0.2486140200264185,0.2486140200264185,0.2486140200264185,0.2486140200264185,0.03141428487827212
7,38,0,0,0.24476546371798208,0.24476546371798208,0.24476546371798208,0.24476546371798208,0.03102853051036221
7,39,0,0,0.2416037698882854,0.2416037698882854,0.2416037698882854,0.2416037698882854,0.0297517237236644
7,40,0,0,0.23740644278899847,0.23740644278899847,0.23740644278899847,0.23740644278899847,0.027116311301463747
7,41,0,0,0.23401823421381224,0.23401823421381224,0.23401823421381224,0.23401823421381224,0.02334183310162835
7,42,0,0,0.23233538686643573,0.23233538686643573,0.23233538686643573,0.23233538686643573,0.01902304496254699
7,43,0,0,0.23048367207362946,0.23048367207362946,0.23048367207362946,0.23048367207362946,0.014528949231146962
7,44,0,0,0.22904851559611739,0.22904851559611739,0.22904851559611739,0.22904851559611739,0.010651222914384612
7,45,0,0,0.22688769580660662,0.22688769580660662,0.22688769580660662,0.22688769580660662,0.00805834069035595
7,46,0,0,0.22541520018192385,0.22541520018192385,0.22541520018192385,0.22541520018192385,0.006671431863153679
7,47,0,0,0.22471917423065657,0.22471917423065657,0.22471917423065657,0.22471917423065657,0.005728389525345434
7,48,0,0,0.2235789360801349,0.2235789360801349,0.2235789360801349,0.2235789360801349,0.005228761246455507
7,49,0,0,0.2243855005452561,0.2243855005452561,0.2243855005452561,0.2243855005452561,0.004918191217990475
7,50,1,1,0.2243008864757118,0.2243008864757118,0.2243008864757118,0.2243008864757118,0.00446121234670338
7,51,1,1,0.22466521028488093,0.22466521028488093,0.22466521028488093,0.22466521028488093,0.0043703224565456306
7,52,1,1,0.22413281673150154,0.22413281673150154,0.22413281673150154,0.22413281673150154,0.0045766668415558875
7,53,1,1,0.22398623129130873,0.22398623129130873,0.22398623129130873,0.22398623129130873,0.004806152643891892
7,54,1,1,0.22467127841492335,0.22467127841492335,0.22467127841492335,0.22467127841492335,0.004433231171580593
7,55,1,1,0.22537476580075344,0.22537476580075344,0.22537476580075344,0.22537476580075344,0.0043331908908361
7,56,1,1,0.2260270552302662,0.2260270552302662,0.2260270552302662,0.2260270552302662,0.00502816595867546
7,57,1,1,0.22599641446512742,0.22599641446512742,0.22599641446512742,0.22599641446512742,0.0053394439279486755
7,58,1,1,0.22554442491352417,0.22554442491352417,0.22554442491352417,0.22554442491352417,0.005394356493696156
7,59,1,1,0.22633335501600546,0.22633335501600546,0.22633335501600546,0.22633335501600546,0.0053942482491660115
7,60,1,1,0.22623994974618614,0.22623994974618614,0.22623994974618614,0.22623994974618614,0.005539837262326153
7,61,1,1,0.22641190232366337,0.22641190232366337,0.22641190232366337,0.22641190232366337,0.005685379306902924
7,62,1,1,0.22687966688694244,0.22687966688694244,0.22687966688694244,0.22687966688694244,0.005830986700602378
7,63,1,1,0.2277598780086204,0.2277598780086204,0.2277598780086204,0.2277598780086204,0.005648937385399205
7,64,1,1,0.22948709467461528,0.22948709467461528,0.22948709467461528,0.22948709467461528,0.005703454641557651
7,65,1,1,0.23234592032609186,0.23234592032609186,0.23234592032609186,0.23234592032609186,0.005902808397936249
7,66,1,1,0.23379395003597403,0.23379395003597403,0.23379395003597403,0.23379395003597403,0.006629085368213758
7,67,1,1,0.2364775657444167,0.2364775657444167,0.2364775657444167,0.2364775657444167,0.007264398517724327
7,68,1,1,0.2391567154683524,0.2391567154683524,0.2391567154683524,0.2391567154683524,0.008086678055672078
7,69,1,1,0.24283978646746912,0.24283978646746912,0.24283978646746912,0.24283978646746912,0.008671437885856823
7,70,1,1,0.24520031714829443,0.24520031714829443,0.24520031714829443,0.24520031714829443,0.009927348132114822
7,71,1,1,0.2468212265277605,0.2468212265277605,0.2468212265277605,0.2468212265277605,0.011893569944427154
7,72,1,1,0.25005068235335143,0.25005068235335143,0.25005068235335143,0.25005068235335143,0.014323764466096373
7,73,1,1,0.2536823778733915,0.2536823778733915,0.2536823778733915,0.2536823778733915,0.016997629137589593
7,74,1,1,0.2573460856842001,0.2573460856842001,0.2573460856842001,0.2573460856842001,0.020165048340359953
7,75,1,1,0.2606693819259056,0.2606693819259056,0.2606693819259056,0.2606693819259056,0.024043097897158
7,76,1,1,0.26310125975020776,0.26310125975020776,0.26310125975020776,0.26310125975020776,0.02879084708015181
7,77,1,1,0.2638946529929271,0.2638946529929271,0.2638946529929271,0.2638946529929271,0.03359641281258652
7,78,1,1,0.26523624311758986,0.26523624311758986,0.26523624311758986,0.26523624311758986,0.03971466926457827
7,79,1,1,0.2666261779791152,0.2666261779791152,0.2666261779791152,0.2666261779791152,0.04486754305395196
7,80,1,1,0.2679544212270166,0.2679544212270166,0.2679544212270166,0.2679544212270166,0.05036477659385288
7,81,1,1,0.26942129003244436,0.26942129003244436,0.26942129003244436,0.26942129003244436,0.05484437518317014
7,82,1,1,0.2698344050144121,0.2698344050144121,0.2698344050144121,0.2698344050144121,0.059307463358892774
7,83,1,1,0.27049835619853224,0.27049835619853224,0.27049835619853224,0.27049835619853224,0.06293265791221472
7,84,1,1,0.27125241840702563,0.27125241840702563,0.27125241840702563,0.27125241840702563,0.06659623486859281
7,85,1,1,0.27213820189457755,0.27213820189457755,0.27213820189457755,0.27213820189457755,0.07049369345212683
7,86,1,1,0.27231290403381725,0.27231290403381725,0.27231290403381725,0.27231290403381725,0.07371180721754181
7,87,1,1,0.27244587371894413,0.27244587371894413,0.27244587371894413,0.27244587371894413,0.076953311182855
7,88,1,1,0.272690239633015,0.272690239633015,0.272690239633015,0.272690239633015,0.07981118863997552
7,89,1,1,0.2726210233490591,0.2726210233490591,0.2726210233490591,0.2726210233490591,0.08234958142910573
7,90,1,1,0.2727479162822072,0.2727479162822072,0.2727479162822072,0.2727479162822072,0.08472440315316596
7,91,1,1,0.27287534632104904,0.27287534632104904,0.27287534632104904,0.27287534632104904,0.0867652898191453
7,92,1,1,0.2729247112856708,0.2729247112856708,0.2729247112856708,0.2729247112856708,0.08855960194731688
7,93,1,1,0.273151516875559,0.273151516875559,0.273151516875559,0.273151516875559,0.09035031836330662
7,94,1,1,0.27280672006898143,0.27280672006898143,0.27280672006898143,0.27280672006898143,0.09170821118487807
7,95,1,1,0.27273421375829615,0.27273421375829615,0.27273421375829615,0.27273421375829615,0.09249937973921657
7,96,1,1,0.27248152283679755,0.27248152283679755,0.27248152283679755,0.27248152283679755,0.09332076411775528
7,97,1,1,0.27260502670473286,0.27260502670473286,0.27260502670473286,0.27260502670473286,0.09450850870837094
7,98,1,1,0.27236685382987713,0.27236685382987713,0.27236685382987713,0.27236685382987713,0.0954930191764002
7,99,1,1,0.27199880863474324,0.27199880863474324,0.27199880863474324,0.27199880863474324,0.09647614130375967
7,100,2,2,0.2705385939013339,0.2705385939013339,0.2705385939013339,0.2705385939013339,0.0982207856718994
7,101,2,2,0.2692450110388368,0.2692450110388368,0.2692450110388368,0.2692450110388368,0.11819132070059213
7,102,2,2,0.2680233402106884,0.2680233402106884,0.2680233402106884,0.2680233402106884,0.1179850075415722
7,103,2,2,0.2679763644137714,0.2679763644137714,0.2679763644137714,0.2679763644137714,0.1181876933538751
7,104,2,2,0.2683396816104702,0.2683396816104702,0.2683396816104702,0.2683396816104702,0.11818225766748067
7,105,2,2,0.2677830307832436,0.2677830307832436,0.2677830307832436,0.2677830307832436,0.1187916023054704
7,106,2,2,0.2673547613037021,0.2673547613037021,0.2673547613037021,0.2673547613037021,0.12041710389136087
7,107,2,2,0.2674605456750521,0.2674605456750521,0.2674605456750521,0.2674605456750521,0.12183062290484215
7,108,2,2,0.2677245802399018,0.2677245802399018,0.2677245802399018,0.2677245802399018,0.12303748100267546
7,109,2,2,0.26824802041219536,0.26824802041219536,0.26824802041219536,0.26824802041219536,0.12464472298868821
7,110,2,2,0.2684223802542119,0.2684223802542119,0.2684223802542119,0.2684223802542119,0.12604326512324188
7,111,2,2,0.26897924271994983,0.26897924271994983,0.26897924271994983,0.26897924271994983,0.1268336759387766
7,112,2,2,0.2693333407883952,0.2693333407883952,0.2693333407883952,0.2693333407883952,0.1270230496343218
7,113,2,2,0.26858473854652853,0.26858473854652853,0.26858473854652853,0.26858473854652853,0.12701180735218348
7,114,2,2,0.2686908126783027,0.2686908126783027,0.2686908126783027,0.2686908126783027,0.1272029911476608
7,115,2,2,0.2683575397070716,0.2683575397070716,0.2683575397070716,0.2683575397070716,0.12799667770277529
7,116,2,2,0.2679811086062638,0.2679811086062638,0.2679811086062638,0.2679811086062638,0.12858717983883547
7,117,2,2,0.26782441933217555,0.26782441933217555,0.26782441933217555,0.26782441933217555,0.1287775591752
7,118,2,2,0.26773263682161486,0.26773263682161486,0.26773263682161486,0.26773263682161486,0.12914753664029924
7,119,2,2,0.2673040586016699,0.2673040586016699,0.2673040586016699,0.2673040586016699,0.1289310246463525
7,120,2,2,0.2672883675059935,0.2672883675059935,0.2672883675059935,0.2672883675059935,0.12891799849655708
7,121,2,2,0.2664095749736898,0.2664095749736898,0.2664095749736898,0.2664095749736898,0.12832408679436158
7,122,2,2,0.26596141198890966,0.26596141198890966,0.26596141198890966,0.26596141198890966,0.1270893282370292
7,123,2,2,0.26580947493472984,0.26580947493472984,0.26580947493472984,0.26580947493472984,0.12609305899403128
7,124,2,2,0.26618383051059674,0.26618383051059674,0.26618383051059674,0.26618383051059674,0.12587776608697604
7,125,2,2,0.2663776738055511,0.2663776738055511,0.2663776738055511,0.2663776738055511,0.1254596859551137
7,126,2,2,0.26625242988238307,0.26625242988238307,0.26625242988238307,0.26625242988238307,0.12421621109601011
7,127,2,2,0.26660579328394024,0.26660579328394024,0.26660579328394024,0.26660579328394024,0.12278988597334245
7,128,2,2,0.2666936394174572,0.2666936394174572,0.2666936394174572,0.2666936394174572,0.12136133892910758
7,129,2,2,0.26663736118018744,0.26663736118018744,0.26663736118018744,0.26663736118018744,0.1201633049072982
7,130,2,2,0.2668424309526776,0.2668424309526776,0.2668424309526776,0.2668424309526776,0.11934289748756005
7,131,2,2,0.2664402488641251,0.2664402488641251,0.2664402488641251,0.2664402488641251,0.11832071903920079
7,132,2,2,0.26630742427920906,0.26630742427920906,0.26630742427920906,0.26630742427920906,0.1166549874617688
7,133,2,2,0.26643303700524534,0.26643303700524534,0.26643303700524534,0.26643303700524534,0.11518745972688259
7,134,2,2,0.2663712005698533,0.2663712005698533,0.2663712005698533,0.2663712005698533,0.1129511576002675
7,135,2,2,0.26669647407297314,0.26669647407297314,0.26669647407297314,0.26669647407297314,0.11067521048997545
7,136,2,2,0.26704831091346104,0.26704831091346104,0.26704831091346104,0.26704831091346104,0.10821858845313247
7,137,2,2,0.26715584657194347,0.26715584657194347,0.26715584657194347,0.26715584657194347,0.10592703726131646
7,138,2,2,0.26641329170630923,0.26641329170630923,0.26641329170630923,0.26641329170630923,0.10341587636215682
7,139,2,2,0.26589308254781396,0.26589308254781396,0.26589308254781396,0.26589308254781396,0.10127587589461468
7,140,2,2,0.26509628393612056,0.26509628393612056,0.26509628393612056,0.26509628393612056,0.0985346953159695
7,141,2,2,0.26500990525380913,0.26500990525380913,0.26500990525380913,0.26500990525380913,0.09620824727559149
7,142,2,2,0.2650702336864246,0.2650702336864246,0.2650702336864246,0.2650702336864246,0.09413280381721945
7,143,2,2,0.26489484946341224,0.26489484946341224,0.26489484946341224,0.26489484946341224,0.09222316650029588
7,144,2,2,0.264724041685673,0.264724041685673,0.264724041685673,0.264724041685673,0.09115963272995192
7,145,2,2,0.26538296823524476,0.26538296823524476,0.26538296823524476,0.26538296823524476,0.0905207361992813
7,146,2,2,0.26538128959691293,0.26538128959691293,0.26538128959691293,0.26538128959691293,0.08898506922651264
7,147,2,2,0.2661084609834001,0.2661084609834001,0.2661084609834001,0.2661084609834001,0.08770770804092934
7,148,2,2,0.26656725587384816,0.26656725587384816,0.26656725587384816,0.26656725587384816,0.08583600765054172
7,149,2,2,0.2668708913134258,0.2668708913134258,0.2668708913134258,0.2668708913134258,0.08391352587471594
7,150,3,3,0.2746782334587641,0.2746782334587641,0.2746782334587641,0.2746782334587641,0.08177337821769899
7,151,3,3,0.27365190186889204,0.27365190186889204,0.27365190186889204,0.27365190186889204,0.07876669462876978
7,152,3,3,0.2748092600857584,0.2748092600857584,0.2748092600857584,0.2748092600857584,0.07962401261753299
7,153,3,3,0.27593113194978014,0.27593113194978014,0.27593113194978014,0.27593113194978014,0.07962401261753296
7,154,3,3,0.276478652821663,0.276478652821663,0.276478652821663,0.276478652821663,0.07941003229761923
7,155,3,3,0.27691582201290443,0.27691582201290443,0.27691582201290443,0.27691582201290443,0.0794100322976192
7,156,3,3,0.277456500728665,0.277456500728665,0.277456500728665,0.277456500728665,0.0789807613064362
7,157,3,3,0.27800686395400953,0.27800686395400953,0.27800686395400953,0.27800686395400953,0.07839045393598192
7,158,3,3,0.27830448276149095,0.27830448276149095,0.27830448276149095,0.27830448276149095,0.07769591911203758
7,159,3,3,0.2787949556811321,0.2787949556811321,0.2787949556811321,0.2787949556811321,0.07662445924799707
7,160,3,3,0.27825140741954996,0.27825140741954996,0.27825140741954996,0.27825140741954996,0.0753378394627936
7,161,3,3,0.27835540036260153,0.27835540036260153,0.27835540036260153,0.27835540036260153,0.07399570521479415
7,162,3,3,0.27864404109589896,0.27864404109589896,0.27864404109589896,0.27864404109589896,0.07211754951241556
7,163,3,3,0.2788273899093201,0.2788273899093201,0.2788273899093201,0.2788273899093201,0.07061311386480454
7,164,3,3,0.27868620926485393,0.27868620926485393,0.27868620926485393,0.27868620926485393,0.06996807477527539
7,165,3,3,0.2784375990997271,0.2784375990997271,0.2784375990997271,0.2784375990997271,0.06910446438013002
7,166,3,3,0.2785771849554235,0.2785771849554235,0.2785771849554235,0.2785771849554235,0.06845252025535119
7,167,3,3,0.27747089070686054,0.27747089070686054,0.27747089070686054,0.27747089070686054,0.06823193720544266
7,168,3,3,0.2768991742575403,0.2768991742575403,0.2768991742575403,0.2768991742575403,0.06779622590694084
7,169,3,3,0.276455709844896,0.276455709844896,0.276455709844896,0.276455709844896,0.06693014725384255
7,170,3,3,0.2753527619678362,0.2753527619678362,0.2753527619678362,0.2753527619678362,0.06628236402453191
7,171,3,3,0.2755180812715116,0.2755180812715116,0.2755180812715116,0.2755180812715116,0.06606500779143762
7,172,3,3,0.2748364916775517,0.2748364916775517,0.2748364916775517,0.2748364916775517,0.06584870742443477
7,173,3,3,0.27447235630081046,0.27447235630081046,0.27447235630081046,0.27447235630081046,0.06584870742443472
7,174,3,3,0.2742800091760407,0.2742800091760407,0.2742800091760407,0.2742800091760407,0.06584870742443472
7,175,3,3,0.2748859904563869,0.2748859904563869,0.2748859904563869,0.2748859904563869,0.06600476713291034
7,176,3,3,0.2743558561444098,0.2743558561444098,0.2743558561444098,0.2743558561444098,0.06584870742443477
7,177,3,3,0.27534366921833264,0.27534366921833264,0.27534366921833264,0.27534366921833264,0.06563344774626167
7,178,3,3,0.2749366349081206,0.2749366349081206,0.2749366349081206,0.2749366349081206,0.06557400972042186
7,179,3,3,0.27544309764527825,0.27544309764527825,0.27544309764527825,0.27544309764527825,0.06541816971054176
7,180,3,3,0.27480964983343437,0.27480964983343437,0.27480964983343437,0.27480964983343437,0.06541816971054176
7,181,3,3,0.2749402674550812,0.2749402674550812,0.2749402674550812,0.2749402674550812,0.06520288620892276
7,182,3,3,0.275139217919478,0.275139217919478,0.275139217919478,0.275139217919478,0.06520288620892283
7,183,3,3,0.27529883961813956,0.27529883961813956,0.27529883961813956,0.27529883961813956,0.06498551097666874
7,184,3,3,0.2750515161267625,0.2750515161267625,0.2750515161267625,0.2750515161267625,0.06498239573252361
7,185,3,3,0.2758085582298476,0.2758085582298476,0.2758085582298476,0.2758085582298476,0.06497928660592774
7,186,3,3,0.275459178670479,0.275459178670479,0.275459178670479,0.275459178670479,0.06497721728155058
7,187,3,3,0.2757722402274885,0.2757722402274885,0.2757722402274885,0.2757722402274885,0.06497721728155056
7,188,3,3,0.2767944564167067,0.2767944564167067,0.2767944564167067,0.2767944564167067,0.06497618365768676
7,189,3,3,0.27719426455943197,0.27719426455943197,0.27719426455943197,0.27719426455943197,0.06518938268747754
7,190,3,3,0.2783699258249042,0.2783699258249042,0.2783699258249042,0.2783699258249042,0.06518834875004353
7,191,3,3,0.28017376171973485,0.28017376171973485,0.28017376171973485,0.28017376171973485,0.06540359915653757
7,192,3,3,0.28272903100148816,0.28272903100148816,0.28272903100148816,0.28272903100148816,0.06561884411497595
7,193,3,3,0.2838334612353173,0.2838334612353173,0.2838334612353173,0.2838334612353173,0.06691002624585723
7,194,3,3,0.28516100512707,0.28516100512707,0.28516100512707,0.28516100512707,0.06863618498761312
7,195,3,3,0.2862526945370926,0.2862526945370926,0.2862526945370926,0.2862526945370926,0.07052094403262676
7,196,3,3,0.28684749135459675,0.28684749135459675,0.28684749135459675,0.28684749135459675,0.07181750268299111
7,197,3,3,0.28702586583975775,0.28702586583975775,0.28702586583975775,0.28702586583975775,0.07359800516572942
7,198,3,3,0.28754879652477366,0.28754879652477366,0.28754879652477366,0.28754879652477366,0.0757492010678639
7,199,3,3,0.28846947295469283,0.28846947295469283,0.28846947295469283,0.28846947295469283,0.07790173278485905
7,200,4,4,0.2903082070304337,0.2903082070304337,0.2903082070304337,0.2903082070304337,0.08069717433991022
7,201,4,4,0.290098990727035,0.290098990727035,0.290098990727035,0.290098990727035,0.0885901473245457
7,202,4,4,0.29013787011729747,0.29013787011729747,0.29013787011729747,0.29013787011729747,0.08868007012620024
7,203,4,4,0.2904562398195665,0.2904562398195665,0.2904562398195665,0.2904562398195665,0.0882862691816644
7,204,4,4,0.28876221744977887,0.28876221744977887,0.28876221744977887,0.28876221744977887,0.08624159179960378
7,205,4,4,0.28857862753981045,0.28857862753981045,0.28857862753981045,0.28857862753981045,0.08338516806073817
7,206,4,4,0.28736028689124526,0.28736028689124526,0.28736028689124526,0.28736028689124526,0.08037454630198293
7,207,4,4,0.2863418433646451,0.2863418433646451,0.2863418433646451,0.2863418433646451,0.07848842529244071
7,208,4,4,0.28471332575005026,0.28471332575005026,0.28471332575005026,0.28471332575005026,0.075596164173826
7,209,4,4,0.28309106662558786,0.28309106662558786,0.28309106662558786,0.28309106662558786,0.07364102272879672
7,210,4,4,0.2813591465356593,0.2813591465356593,0.2813591465356593,0.2813591465356593,0.07124181888323977
7,211,4,4,0.2796712609818414,0.2796712609818414,0.2796712609818414,0.2796712609818414,0.0691213388660183
7,212,4,4,0.27767471299525875,0.27767471299525875,0.27767471299525875,0.27767471299525875,0.06685764030989635
7,213,4,4,0.275973993339945,0.275973993339945,0.275973993339945,0.275973993339945,0.0644214636271567
7,214,4,4,0.27410835968101954,0.27410835968101954,0.27410835968101954,0.27410835968101954,0.06209760453057193
7,215,4,4,0.2725145188910292,0.2725145188910292,0.2725145188910292,0.2725145188910292,0.05869283818624888
7,216,4,4,0.27071529307387965,0.27071529307387965,0.27071529307387965,0.27071529307387965,0.055705643059477714
7,217,4,4,0.26815755732152236,0.26815755732152236,0.26815755732152236,0.26815755732152236,0.05270690379265027
7,218,4,4,0.2656364989238675,0.2656364989238675,0.2656364989238675,0.2656364989238675,0.05026628530242851
7,219,4,4,0.2625540222010995,0.2625540222010995,0.2625540222010995,0.2625540222010995,0.04770271716597541
7,220,4,4,0.2590449085657575,0.2590449085657575,0.2590449085657575,0.2590449085657575,0.044905424191601
7,221,4,4,0.25736562295163645,0.25736562295163645,0.25736562295163645,0.25736562295163645,0.04150396502502138
7,222,4,4,0.25553939569962403,0.25553939569962403,0.25553939569962403,0.25553939569962403,0.03768362955974544
7,223,4,4,0.2525739605514516,0.2525739605514516,0.2525739605514516,0.2525739605514516,0.03446987394854302
7,224,4,4,0.24960208254807267,0.24960208254807267,0.24960208254807267,0.24960208254807267,0.0318169926642618
7,225,4,4,0.2477524153216713,0.2477524153216713,0.2477524153216713,0.2477524153216713,0.02981247981219784
7,226,4,4,0.2456369304789566,0.2456369304789566,0.2456369304789566,0.2456369304789566,0.027185352152419823
7,227,4,4,0.24248140298913767,0.24248140298913767,0.24248140298913767,0.24248140298913767,0.02506779174578315
7,228,4,4,0.24183321243953398,0.24183321243953398,0.24183321243953398,0.24183321243953398,0.022483112397763072
7,229,4,4,0.2394030416998559,0.2394030416998559,0.2394030416998559,0.2394030416998559,0.019984757378151877
7,230,4,4,0.23883622488105058,0.23883622488105058,0.23883622488105058,0.23883622488105058,0.018258298974233353
7,231,4,4,0.2379151116351952,0.2379151116351952,0.2379151116351952,0.2379151116351952,0.01764810585890496
7,232,4,4,0.23734290443100886,0.23734290443100886,0.23734290443100886,0.23734290443100886,0.017347640900270217
7,233,4,4,0.2373977028291976,0.2373977028291976,0.2373977028291976,0.2373977028291976,0.017243583068408577
7,234,4,4,0.23697087907908698,0.23697087907908698,0.23697087907908698,0.23697087907908698,0.01713947055436281
7,235,4,4,0.23792729809007146,0.23792729809007146,0.23792729809007146,0.23792729809007146,0.01684737999943761
7,236,4,4,0.23740199585702154,0.23740199585702154,0.23740199585702154,0.23740199585702154,0.016750347894487122
7,237,4,4,0.23818242013198937,0.23818242013198937,0.23818242013198937,0.23818242013198937,0.016750347894487122
7,238,4,4,0.2382696068329975,0.2382696068329975,0.2382696068329975,0.2382696068329975,0.016653477595257662
7,239,4,4,0.23715472449004737,0.23715472449004737,0.23715472449004737,0.23715472449004737,0.01665347759525765
7,240,4,4,0.2377677927856507,0.2377677927856507,0.2377677927856507,0.2377677927856507,0.01683396077915489
7,241,4,4,0.237658616614138,0.237658616614138,0.237658616614138,0.237658616614138,0.016827035529394768
8,0,0,0,0.26240907251120243,0.26240907251120243,0.26240907251120243,0.26240907251120243,0.016446592150083414
8,1,0,0,0.265332035258793,0.265332035258793,0.265332035258793,0.265332035258793,0.016446592150083414
8,2,0,0,0.26722255068836576,0.26722255068836576,0.26722255068836576,0.26722255068836576,0.017187616886929102
8,3,0,0,0.26831078083247506,0.26831078083247506,0.26831078083247506,0.26831078083247506,0.02015703769981457
8,4,0,0,0.26891206629349024,0.26891206629349024,0.26891206629349024,0.26891206629349024,0.023946666722491766
8,5,0,0,0.269641632801641,0.269641632801641,0.269641632801641,0.269641632801641,0.028671194300713604
8,6,0,0,0.2700748615689448,0.2700748615689448,0.2700748615689448,0.2700748615689448,0.03265669230972176
8,7,0,0,0.2705679444394502,0.2705679444394502,0.2705679444394502,0.2705679444394502,0.036496549858771224
8,8,0,0,0.27203014662796965,0.27203014662796965,0.27203014662796965,0.27203014662796965,0.03863069859915674
8,9,0,0,0.27275099220495924,0.27275099220495924,0.27275099220495924,0.27275099220495924,0.03970417122058957
8,10,0,0,0.27265988971392596,0.27265988971392596,0.27265988971392596,0.27265988971392596,0.04039165870365659
8,11,0,0,0.2727080373150317,0.2727080373150317,0.2727080373150317,0.2727080373150317,0.04041308000979246
8,12,0,0,0.2726025729598148,0.2726025729598148,0.2726025729598148,0.2726025729598148,0.040468614723524976
8,13,0,0,0.27283237976645913,0.27283237976645913,0.27283237976645913,0.27283237976645913,0.04049717953514233
8,14,0,0,0.2719049255749769,0.2719049255749769,0.2719049255749769,0.2719049255749769,0.040545537131722306
8,15,0,0,0.2709520033179815,0.2709520033179815,0.2709520033179815,0.2709520033179815,0.04027333488031358
8,16,0,0,0.27081872524712736,0.27081872524712736,0.27081872524712736,0.27081872524712736,0.039998394579996904
8,17,0,0,0.2696424766533431,0.2696424766533431,0.2696424766533431,0.2696424766533431,0.03939041728123863
8,18,0,0,0.2696133139812451,0.2696133139812451,0.2696133139812451,0.2696133139812451,0.03896627267495478
8,19,0,0,0.26921552589584885,0.26921552589584885,0.26921552589584885,0.26921552589584885,0.038313761283923164
8,20,0,0,0.2682405928792464,0.2682405928792464,0.2682405928792464,0.2682405928792464,0.03770864880613893
8,21,0,0,0.2678913358619619,0.2678913358619619,0.2678913358619619,0.2678913358619619,0.037428282055394765
8,22,0,0,0.2667514467702546,0.2667514467702546,0.2667514467702546,0.2667514467702546,0.03704139765335811
8,23,0,0,0.2653021056225465,0.2653021056225465,0.2653021056225465,0.2653021056225465,0.03676247682044559
8,24,0,0,0.264869938397047,0.264869938397047,0.264869938397047,0.264869938397047,0.03595898616064447
8,25,0,0,0.26464539998071324,0.26464539998071324,0.26464539998071324,0.26464539998071324,0.03505229346021267
8,26,0,0,0.2642661683228122,0.2642661683228122,0.2642661683228122,0.2642661683228122,0.03422198720446701
8,27,0,0,0.26455497651297905,0.26455497651297905,0.26455497651297905,0.26455497651297905,0.033095904279276375
8,28,0,0,0.2639507185089335,0.2639507185089335,0.2639507185089335,0.2639507185089335,0.03272078406000291
8,29,0,0,0.2632392846497055,0.2632392846497055,0.2632392846497055,0.2632392846497055,0.03253326400119724
8,30,0,0,0.26350882012447563,0.26350882012447563,0.26350882012447563,0.26350882012447563,0.032345780121991144
8,31,0,0,0.26208617511457327,0.26208617511457327,0.26208617511457327,0.26208617511457327,0.03234578012199116
8,32,0,0,0.2609745296713539,0.2609745296713539,0.2609745296713539,0.2609745296713539,0.0323457801219911
8,33,0,0,0.2596126302841515,0.2596126302841515,0.2596126302841515,0.2596126302841515,0.032158327170355605
8,34,0,0,0.25750502934648145,0.25750502934648145,0.25750502934648145,0.25750502934648145,0.032158327170355605
8,35,0,0,0.2548253198173644,0.2548253198173644,0.2548253198173644,0.2548253198173644,0.032158327170355605
8,36,0,0,0.2539974258708242,0.2539974258708242,0.2539974258708242,0.2539974258708242,0.032158327170355605
8,37,0,0,0.2507255104294972,0.2507255104294972,0.2507255104294972,0.2507255104294972,0.03197089989784607
8,38,0,0,0.24691982313180522,0.24691982313180522,0.24691982313180522,0.24691982313180522,0.03171424346573999
8,39,0,0,0.24392593550664654,0.24392593550664654,0.24392593550664654,0.24392593550664654,0.030947613525562884
8,40,0,0,0.23947988276280793,0.23947988276280793,0.23947988276280793,0.23947988276280793,0.02886924620585468
8,41,0,0,0.23577937689259132,0.23577937689259132,0.23577937689259132,0.23577937689259132,0.02578695843925867
8,42,0,0,0.23389939827762027,0.23389939827762027,0.23389939827762027,0.23389939827762027,0.02139284484599195
8,43,0,0,0.2319126695013155,0.2319126695013155,0.2319126695013155,0.2319126695013155,0.016984665128928933
8,44,0,0,0.23014044617082807,0.23014044617082807,0.23014044617082807,0.23014044617082807,0.013229366308937188
8,45,0,0,0.2278774780107584,0.2278774780107584,0.2278774780107584,0.2278774780107584,0.010265745486218864
8,46,0,0,0.22605158413978726,0.22605158413978726,0.22605158413978726,0.22605158413978726,0.008108735756517021
8,47,0,0,0.22536569086175756,0.22536569086175756,0.22536569086175756,0.22536569086175756,0.006496700551713336
8,48,0,0,0.22391552479604154,0.22391552479604154,0.22391552479604154,0.22391552479604154,0.0057189748203893
8,49,0,0,0.22465431144761713,0.22465431144761713,0.22465431144761713,0.22465431144761713,0.005135662542323963
8,50,1,1,0.22514728346319673,0.22514728346319673,0.22514728346319673,0.22514728346319673,0.0046840296869928855
8,51,1,1,0.2254647154953655,0.2254647154953655,0.2254647154953655,0.2254647154953655,0.00450431452137727
8,52,1,1,0.22471723720447254,0.22471723720447254,0.22471723720447254,0.22471723720447254,0.004940756871346541
8,53,1,1,0.2243412786981093,0.2243412786981093,0.2243412786981093,0.2243412786981093,0.005051420458778655
8,54,1,1,0.22483767138402616,0.22483767138402616,0.22483767138402616,0.22483767138402616,0.004926707608184269
8,55,1,1,0.22542827841444635,0.22542827841444635,0.22542827841444635,0.22542827841444635,0.004802495942202598
8,56,1,1,0.22609707558654363,0.22609707558654363,0.22609707558654363,0.22609707558654363,0.004822724296162456
8,57,1,1,0.22603395989374936,0.22603395989374936,0.22603395989374936,0.22603395989374936,0.005165107947919065
8,58,1,1,0.22519366411517383,0.22519366411517383,0.22519366411517383,0.22519366411517383,0.005363196367894063
8,59,1,1,0.225879949496814,0.225879949496814,0.225879949496814,0.225879949496814,0.005507160609250411
8,60,1,1,0.22564515159402204,0.22564515159402204,0.22564515159402204,0.22564515159402204,0.005381109974669285
8,61,1,1,0.22569370736611144,0.22569370736611144,0.22569370736611144,0.22569370736611144,0.005344963806090577
8,62,1,1,0.2255259413779521,0.2255259413779521,0.2255259413779521,0.2255259413779521,0.005255556113237497
8,63,1,1,0.22622464533168324,0.22622464533168324,0.22622464533168324,0.22622464533168324,0.005505297936601608
8,64,1,1,0.2274227836885822,0.2274227836885822,0.2274227836885822,0.2274227836885822,0.005468862933588128
8,65,1,1,0.22967104375207179,0.22967104375207179,0.22967104375207179,0.22967104375207179,0.005806889613793581
8,66,1,1,0.23099762305368665,0.23099762305368665,0.23099762305368665,0.23099762305368665,0.006520587485206911
8,67,1,1,0.23278149457499198,0.23278149457499198,0.23278149457499198,0.23278149457499198,0.006858332941908116
8,68,1,1,0.23498678522785604,0.23498678522785604,0.23498678522785604,0.23498678522785604,0.0072873557278219925
8,69,1,1,0.23865323321084292,0.23865323321084292,0.23865323321084292,0.23865323321084292,0.007430492929665813
8,70,1,1,0.24070514800550852,0.24070514800550852,0.24070514800550852,0.24070514800550852,0.008147104920985873
8,71,1,1,0.24234317812945622,0.24234317812945622,0.24234317812945622,0.24234317812945622,0.00895900160429347
8,72,1,1,0.24561043687785333,0.24561043687785333,0.24561043687785333,0.24561043687785333,0.00957532121330118
8,73,1,1,0.24971127959884534,0.24971127959884534,0.24971127959884534,0.24971127959884534,0.011312331023008215
8,74,1,1,0.25340538335806295,0.25340538335806295,0.25340538335806295,0.25340538335806295,0.013704360340811461
8,75,1,1,0.25717203995195737,0.25717203995195737,0.25717203995195737,0.25717203995195737,0.017038340714804742
8,76,1,1,0.2599544273416865,0.2599544273416865,0.2599544273416865,0.2599544273416865,0.021422048832461932
8,77,1,1,0.26156046198221183,0.26156046198221183,0.26156046198221183,0.26156046198221183,0.02644799668988164
8,78,1,1,0.2632529474003845,0.2632529474003845,0.2632529474003845,0.2632529474003845,0.03208904676712329
8,79,1,1,0.2650249918246038,0.2650249918246038,0.2650249918246038,0.2650249918246038,0.03716715335469423
8,80,1,1,0.26708113484169577,0.26708113484169577,0.26708113484169577,0.26708113484169577,0.04203548808659113
8,81,1,1,0.26913157111364544,0.26913157111364544,0.26913157111364544,0.26913157111364544,0.046605627514947276
8,82,1,1,0.26999131531595716,0.26999131531595716,0.26999131531595716,0.26999131531595716,0.05062883361303625
8,83,1,1,0.2709082745491382,0.2709082745491382,0.2709082745491382,0.2709082745491382,0.05443873527491562
8,84,1,1,0.27170976036818917,0.27170976036818917,0.27170976036818917,0.27170976036818917,0.059093509173032584
8,85,1,1,0.272876973323128,0.272876973323128,0.272876973323128,0.272876973323128,0.06352176511419494
8,86,1,1,0.2733410042578925,0.2733410042578925,0.2733410042578925,0.2733410042578925,0.06792289776032642
8,87,1,1,0.2734150325136645,0.2734150325136645,0.2734150325136645,0.2734150325136645,0.07243105150827034
8,88,1,1,0.27363609975056624,0.27363609975056624,0.27363609975056624,0.27363609975056624,0.0768790690228878
8,89,1,1,0.273545371862739,0.273545371862739,0.273545371862739,0.273545371862739,0.08019659804311818
8,90,1,1,0.2735079375118411,0.2735079375118411,0.2735079375118411,0.2735079375118411,0.08381533290172774
8,91,1,1,0.2738663180853959,0.2738663180853959,0.2738663180853959,0.2738663180853959,0.08703937009292559
8,92,1,1,0.27375692767253496,0.27375692767253496,0.27375692767253496,0.27375692767253496,0.08964344651320132
8,93,1,1,0.27396561087481686,0.27396561087481686,0.27396561087481686,0.27396561087481686,0.0918734550520805
8,94,1,1,0.27375754196035884,0.27375754196035884,0.27375754196035884,0.27375754196035884,0.09369388788450789
8,95,1,1,0.2736576674282915,0.2736576674282915,0.2736576674282915,0.2736576674282915,0.09510709007096793
8,96,1,1,0.2733569043277149,0.2733569043277149,0.2733569043277149,0.2733569043277149,0.09671915833585523
8,97,1,1,0.273470953500739,0.273470953500739,0.273470953500739,0.273470953500739,0.0981238072173925
8,98,1,1,0.2733898122236515,0.2733898122236515,0.2733898122236515,0.2733898122236515,0.09932196521607525
8,99,1,1,0.272971207690603,0.272971207690603,0.272971207690603,0.272971207690603,0.10071659882599857
8,100,2,2,0.27162872571290936,0.27162872571290936,0.27162872571290936,0.27162872571290936,0.10191011272512429
8,101,2,2,0.27000628918677366,0.27000628918677366,0.27000628918677366,0.27000628918677366,0.1132505942919656
8,102,2,2,0.2687883710511898,0.2687883710511898,0.2687883710511898,0.2687883710511898,0.11381125126640249
8,103,2,2,0.26867602502793314,0.26867602502793314,0.26867602502793314,0.26867602502793314,0.11465391797691822
8,104,2,2,0.26899757546810454,0.26899757546810454,0.26899757546810454,0.26899757546810454,0.11478926833922838
8,105,2,2,0.26831949374671743,0.26831949374671743,0.26831949374671743,0.26831949374671743,0.1155100130826669
8,106,2,2,0.26784713604980565,0.26784713604980565,0.26784713604980565,0.26784713604980565,0.11570388910320654
8,107,2,2,0.26821650718080536,0.26821650718080536,0.26821650718080536,0.26821650718080536,0.11589946256121089
8,108,2,2,0.26817772438788745,0.26817772438788745,0.26817772438788745,0.26817772438788745,0.11664881503515699
8,109,2,2,0.26887473397908823,0.26887473397908823,0.26887473397908823,0.26887473397908823,0.11887132555519536
8,110,2,2,0.26917016793963766,0.26917016793963766,0.26917016793963766,0.26917016793963766,0.12107047817299002
8,111,2,2,0.2697897553024506,0.2697897553024506,0.2697897553024506,0.2697897553024506,0.12306861158144636
8,112,2,2,0.27001078562939845,0.27001078562939845,0.27001078562939845,0.27001078562939845,0.12527872792538675
8,113,2,2,0.26934638341503425,0.26934638341503425,0.26934638341503425,0.26934638341503425,0.12800646795521686
8,114,2,2,0.2693431340014005,0.2693431340014005,0.2693431340014005,0.2693431340014005,0.13077224909183738
8,115,2,2,0.2689822581756577,0.2689822581756577,0.2689822581756577,0.2689822581756577,0.13323229405141604
8,116,2,2,0.26876365705509053,0.26876365705509053,0.26876365705509053,0.26876365705509053,0.1340422417116358
8,117,2,2,0.26858272401533456,0.26858272401533456,0.26858272401533456,0.26858272401533456,0.13462360440229812
8,118,2,2,0.26841549598163805,0.26841549598163805,0.26841549598163805,0.26841549598163805,0.13551679693330312
8,119,2,2,0.2679455657988555,0.2679455657988555,0.2679455657988555,0.2679455657988555,0.13677122331872732
8,120,2,2,0.2679051667983708,0.2679051667983708,0.2679051667983708,0.2679051667983708,0.13782140315677885
8,121,2,2,0.26706000002964064,0.26706000002964064,0.26706000002964064,0.26706000002964064,0.13814246497265914
8,122,2,2,0.2664687269486065,0.2664687269486065,0.2664687269486065,0.2664687269486065,0.13748395184622336
8,123,2,2,0.2663147735656289,0.2663147735656289,0.2663147735656289,0.2663147735656289,0.13725841234001052
8,124,2,2,0.2668200255010299,0.2668200255010299,0.2668200255010299,0.2668200255010299,0.1372412701215859
8,125,2,2,0.2668878827996369,0.2668878827996369,0.2668878827996369,0.2668878827996369,0.13660643703764686
8,126,2,2,0.2667915081132091,0.2667915081132091,0.2667915081132091,0.2667915081132091,0.13514384590916184
8,127,2,2,0.26712956764172296,0.26712956764172296,0.26712956764172296,0.26712956764172296,0.1336746655366774
8,128,2,2,0.2672594686190033,0.2672594686190033,0.2672594686190033,0.2672594686190033,0.13262005048104708
8,129,2,2,0.2672843686268976,0.2672843686268976,0.2672843686268976,0.2672843686268976,0.13180808704179872
8,130,2,2,0.26765923806340736,0.26765923806340736,0.26765923806340736,0.26765923806340736,0.130964725007711
8,131,2,2,0.2674719843838615,0.2674719843838615,0.2674719843838615,0.2674719843838615,0.1299102382126101
8,132,2,2,0.26735141326134193,0.26735141326134193,0.26735141326134193,0.26735141326134193,0.1284039314422925
8,133,2,2,0.26751423099935884,0.26751423099935884,0.26751423099935884,0.26751423099935884,0.12628925157812432
8,134,2,2,0.2677333013184683,0.2677333013184683,0.2677333013184683,0.2677333013184683,0.12416740565563995
8,135,2,2,0.2681528109175221,0.2681528109175221,0.2681528109175221,0.2681528109175221,0.1218553098562007
8,136,2,2,0.26865361541338406,0.26865361541338406,0.26865361541338406,0.26865361541338406,0.11974981263485013
8,137,2,2,0.2687932255257829,0.2687932255257829,0.2687932255257829,0.2687932255257829,0.11760140150404473
8,138,2,2,0.26809877405094207,0.26809877405094207,0.26809877405094207,0.26809877405094207,0.11604910618789846
8,139,2,2,0.26759401395554705,0.26759401395554705,0.26759401395554705,0.26759401395554705,0.11431503131077644
8,140,2,2,0.26705977547605464,0.26705977547605464,0.26705977547605464,0.26705977547605464,0.11253399793692544
8,141,2,2,0.2670559541698478,0.2670559541698478,0.2670559541698478,0.2670559541698478,0.11013828320236155
8,142,2,2,0.267181866958355,0.267181866958355,0.267181866958355,0.267181866958355,0.10738911626196243
8,143,2,2,0.2670209543746504,0.2670209543746504,0.2670209543746504,0.2670209543746504,0.10459857131199657
8,144,2,2,0.2669190238221928,0.2669190238221928,0.2669190238221928,0.2669190238221928,0.10156151731132085
8,145,2,2,0.2677936223420585,0.2677936223420585,0.2677936223420585,0.2677936223420585,0.09858262417621363
8,146,2,2,0.26778805232887765,0.26778805232887765,0.26778805232887765,0.26778805232887765,0.09613063936012325
8,147,2,2,0.26827563146374533,0.26827563146374533,0.26827563146374533,0.26827563146374533,0.0938575054884542
8,148,2,2,0.26851239679084626,0.26851239679084626,0.26851239679084626,0.26851239679084626,0.09178332708340659
8,149,2,2,0.26925349082737987,0.26925349082737987,0.26925349082737987,0.26925349082737987,0.08965988618486925
8,150,3,3,0.2811629083042478,0.2811629083042478,0.2811629083042478,0.2811629083042478,0.0879160778066042
8,151,3,3,0.28036545652581046,0.28036545652581046,0.28036545652581046,0.28036545652581046,0.08204614122077518
8,152,3,3,0.2812357656658484,0.2812357656658484,0.2812357656658484,0.2812357656658484,0.08242730629118895
8,153,3,3,0.2824871424281859,0.2824871424281859,0.2824871424281859,0.2824871424281859,0.08221142427101005
8,154,3,3,0.28304090390743203,0.28304090390743203,0.28304090390743203,0.28304090390743203,0.08177957279389998
8,155,3,3,0.28240364803125073,0.28240364803125073,0.28240364803125073,0.28240364803125073,0.08091424335014517
8,156,3,3,0.28272729500838784,0.28272729500838784,0.28272729500838784,0.28272729500838784,0.08021283442821037
8,157,3,3,0.28247854088345786,0.28247854088345786,0.28247854088345786,0.28247854088345786,0.07853541849470541
8,158,3,3,0.2827306108849539,0.2827306108849539,0.2827306108849539,0.2827306108849539,0.07701624563047038
8,159,3,3,0.2829147304462912,0.2829147304462912,0.2829147304462912,0.2829147304462912,0.07505879668631049
8,160,3,3,0.28146344485296126,0.28146344485296126,0.28146344485296126,0.28146344485296126,0.07347564465413191
8,161,3,3,0.28116587934704806,0.28116587934704806,0.28116587934704806,0.28116587934704806,0.07151428611024194
8,162,3,3,0.2812545529742653,0.2812545529742653,0.2812545529742653,0.2812545529742653,0.06955269217522198
8,163,3,3,0.2810987417265319,0.2810987417265319,0.2810987417265319,0.2810987417265319,0.06824466049890002
8,164,3,3,0.2810608958540036,0.2810608958540036,0.2810608958540036,0.2810608958540036,0.06721523479460935
8,165,3,3,0.2803718492917777,0.2803718492917777,0.2803718492917777,0.2803718492917777,0.06634215910107216
8,166,3,3,0.2804340289162896,0.2804340289162896,0.2804340289162896,0.2804340289162896,0.06584181344272949
8,167,3,3,0.27915152179233105,0.27915152179233105,0.27915152179233105,0.27915152179233105,0.06540341393879051
8,168,3,3,0.2782219613105132,0.2782219613105132,0.2782219613105132,0.2782219613105132,0.06474528620243349
8,169,3,3,0.2776770240784266,0.2776770240784266,0.2776770240784266,0.2776770240784266,0.06299950320024342
8,170,3,3,0.27626896339399676,0.27626896339399676,0.27626896339399676,0.27626896339399676,0.0616898956804671
8,171,3,3,0.2761779651130655,0.2761779651130655,0.2761779651130655,0.2761779651130655,0.060881628716710344
8,172,3,3,0.27522365725746245,0.27522365725746245,0.27522365725746245,0.27522365725746245,0.060227549012464104
8,173,3,3,0.27483905021233046,0.27483905021233046,0.27483905021233046,0.27483905021233046,0.059727590863459065
8,174,3,3,0.2746069127300396,0.2746069127300396,0.2746069127300396,0.2746069127300396,0.0595097442515289
8,175,3,3,0.27473630064394905,0.27473630064394905,0.27473630064394905,0.27473630064394905,0.059291899877497625
8,176,3,3,0.27471750015285323,0.27471750015285323,0.27471750015285323,0.27471750015285323,0.058856196630826994
8,177,3,3,0.27560345600961,0.27560345600961,0.27560345600961,0.27560345600961,0.0584204769912937
8,178,3,3,0.2750095293730523,0.2750095293730523,0.2750095293730523,0.2750095293730523,0.05820261611547369
8,179,3,3,0.2752598856573315,0.2752598856573315,0.2752598856573315,0.2752598856573315,0.05820261611547371
8,180,3,3,0.274804710890885,0.274804710890885,0.274804710890885,0.274804710890885,0.05798474959175878
8,181,3,3,0.2742769844189567,0.2742769844189567,0.2742769844189567,0.2742769844189567,0.057765945289838756
8,182,3,3,0.27451246967252896,0.27451246967252896,0.27451246967252896,0.27451246967252896,0.057762209653639665
8,183,3,3,0.2745078712711378,0.2745078712711378,0.2745078712711378,0.2745078712711378,0.0575424947118684
8,184,3,3,0.27364713612842706,0.27364713612842706,0.27364713612842706,0.27364713612842706,0.05754063827641228
8,185,3,3,0.2749532914327042,0.2749532914327042,0.2749532914327042,0.2749532914327042,0.057539711082834184
8,186,3,3,0.2741195457695272,0.2741195457695272,0.2741195457695272,0.2741195457695272,0.057756626490970214
8,187,3,3,0.273682530531314,0.273682530531314,0.273682530531314,0.273682530531314,0.05775662649097024
8,188,3,3,0.2752748203459429,0.2752748203459429,0.2752748203459429,0.2752748203459429,0.057755698348955706
8,189,3,3,0.2748765319251171,0.2748765319251171,0.2748765319251171,0.2748765319251171,0.057755698348955664
8,190,3,3,0.2752018494910319,0.2752018494910319,0.2752018494910319,0.2752018494910319,0.05775477086949247
8,191,3,3,0.276025874424948,0.276025874424948,0.276025874424948,0.276025874424948,0.05797168043745501
8,192,3,3,0.27695123623016643,0.27695123623016643,0.27695123623016643,0.27695123623016643,0.05797168043745503
8,193,3,3,0.2780979460815097,0.2780979460815097,0.2780979460815097,0.2780979460815097,0.058189514627045795
8,194,3,3,0.2798850243921266,0.2798850243921266,0.2798850243921266,0.2798850243921266,0.058625172215219026
8,195,3,3,0.281301314965165,0.281301314965165,0.281301314965165,0.281301314965165,0.0588429982421623
8,196,3,3,0.2823093817059478,0.2823093817059478,0.2823093817059478,0.2823093817059478,0.05927863697396768
8,197,3,3,0.28356026498690623,0.28356026498690623,0.28356026498690623,0.28356026498690623,0.06036766636596527
8,198,3,3,0.28485585123284235,0.28485585123284235,0.28485585123284235,0.28485585123284235,0.0614565580801499
8,199,3,3,0.28681776233330925,0.28681776233330925,0.28681776233330925,0.28681776233330925,0.06276398980831321
8,200,4,4,0.28496529906514007,0.28496529906514007,0.28496529906514007,0.28496529906514007,0.06500841052694835
8,201,4,4,0.28628053399412356,0.28628053399412356,0.28628053399412356,0.28628053399412356,0.07390638105002073
8,202,4,4,0.28767621542990796,0.28767621542990796,0.28767621542990796,0.28767621542990796,0.0739063810500207
8,203,4,4,0.2897968133558607,0.2897968133558607,0.2897968133558607,0.2897968133558607,0.07368932952099984
8,204,4,4,0.2900415847007335,0.2900415847007335,0.2900415847007335,0.2900415847007335,0.0736893295209998
8,205,4,4,0.2912522842600308,0.2912522842600308,0.2912522842600308,0.2912522842600308,0.07368932952099982
8,206,4,4,0.29160013560920783,0.29160013560920783,0.29160013560920783,0.29160013560920783,0.07390638105002069
8,207,4,4,0.2918970765403986,0.2918970765403986,0.2918970765403986,0.2918970765403986,0.07390638105002073
8,208,4,4,0.2921091802731379,0.2921091802731379,0.2921091802731379,0.2921091802731379,0.07521051093238681
8,209,4,4,0.29208004332982695,0.29208004332982695,0.29208004332982695,0.29208004332982695,0.07722225701505389
8,210,4,4,0.2927127743525968,0.2927127743525968,0.2927127743525968,0.2927127743525968,0.08026341092311828
8,211,4,4,0.2925059520604414,0.2925059520604414,0.2925059520604414,0.2925059520604414,0.08373440540088087
8,212,4,4,0.2925008640577845,0.2925008640577845,0.2925008640577845,0.2925008640577845,0.08751362088445022
8,213,4,4,0.2919487720369846,0.2919487720369846,0.2919487720369846,0.2919487720369846,0.09031223867416716
8,214,4,4,0.2915296085118758,0.2915296085118758,0.2915296085118758,0.2915296085118758,0.09126391124989164
8,215,4,4,0.29134781850336655,0.29134781850336655,0.29134781850336655,0.29134781850336655,0.09064551703859176
8,216,4,4,0.2903429595368681,0.2903429595368681,0.2903429595368681,0.2903429595368681,0.08741083269985428
8,217,4,4,0.28873838085777725,0.28873838085777725,0.28873838085777725,0.28873838085777725,0.08411921102770897
8,218,4,4,0.28761609450246983,0.28761609450246983,0.28761609450246983,0.28761609450246983,0.08210835629552966
8,219,4,4,0.2856296131008232,0.2856296131008232,0.2856296131008232,0.2856296131008232,0.07913694738686197
8,220,4,4,0.28322285921991025,0.28322285921991025,0.28322285921991025,0.28322285921991025,0.07711961651236328
8,221,4,4,0.28190170894267697,0.28190170894267697,0.28190170894267697,0.28190170894267697,0.07404407940957602
8,222,4,4,0.28057985302956356,0.28057985302956356,0.28057985302956356,0.28057985302956356,0.07082649059942639
8,223,4,4,0.27877162966900026,0.27877162966900026,0.27877162966900026,0.27877162966900026,0.06792998196456076
8,224,4,4,0.2765955348672927,0.2765955348672927,0.2765955348672927,0.2765955348672927,0.06504809394513178
8,225,4,4,0.27517836532005097,0.27517836532005097,0.27517836532005097,0.27517836532005097,0.06104867019614915
8,226,4,4,0.27282482841362127,0.27282482841362127,0.27282482841362127,0.27282482841362127,0.058503877686722015
8,227,4,4,0.26968138581713164,0.26968138581713164,0.26968138581713164,0.26968138581713164,0.05578341018605476
8,228,4,4,0.26835442313695024,0.26835442313695024,0.26835442313695024,0.26835442313695024,0.053616544631596964
8,229,4,4,0.26540015096119446,0.26540015096119446,0.26540015096119446,0.26540015096119446,0.05105303373720956
8,230,4,4,0.26309248963791965,0.26309248963791965,0.26309248963791965,0.26309248963791965,0.0487900449637218
8,231,4,4,0.26067037702702345,0.26067037702702345,0.26067037702702345,0.26067037702702345,0.045325245860384236
8,232,4,4,0.25741869161638786,0.25741869161638786,0.25741869161638786,0.25741869161638786,0.04178895929329497
8,233,4,4,0.25392076029685173,0.25392076029685173,0.25392076029685173,0.25392076029685173,0.03845878811786832
8,234,4,4,0.25062977698068367,0.25062977698068367,0.25062977698068367,0.25062977698068367,0.03460399938243795
8,235,4,4,0.2487094595751028,0.2487094595751028,0.2487094595751028,0.2487094595751028,0.03135551171529469
8,236,4,4,0.2462706418961673,0.2462706418961673,0.2462706418961673,0.2462706418961673,0.027639179653434348
8,237,4,4,0.24469349180739222,0.24469349180739222,0.24469349180739222,0.24469349180739222,0.02484617431313936
8,238,4,4,0.2426179623676465,0.2426179623676465,0.2426179623676465,0.2426179623676465,0.02235499804775068
8,239,4,4,0.24106371003937882,0.24106371003937882,0.24106371003937882,0.24106371003937882,0.020161331008793526
8,240,4,4,0.24047079420124046,0.24047079420124046,0.24047079420124046,0.24047079420124046,0.01883626949644583
8,241,4,4,0.23965173566838377,0.23965173566838377,0.23965173566838377,0.23965173566838377,0.018230500126921914
8,242,4,4,0.23937122455644938,0.23937122455644938,0.23937122455644938,0.23937122455644938,0.018031853406991732
8,243,4,4,0.2390234980555705,0.2390234980555705,0.2390234980555705,0.2390234980555705,0.01803193472800485
8,244,4,4,0.23876693122048745,0.23876693122048745,0.23876693122048745,0.23876693122048745,0.01803193472800485
8,245,4,4,0.23856538947419187,0.23856538947419187,0.23856538947419187,0.23856538947419187,0.018124821909437455
8,246,4,4,0.2391569626216949,0.2391569626216949,0.2391569626216949,0.2391569626216949,0.018031975408821885
8,247,4,4,0.23869299777746367,0.23869299777746367,0.23869299777746367,0.23869299777746367,0.018031975408821885
8,248,4,4,0.23943274998279102,0.23943274998279102,0.23943274998279102,0.23943274998279102,0.01803193472800481
8,249,4,4,0.2392369889365515,0.2392369889365515,0.2392369889365515,0.2392369889365515,0.018031975408821885
9,0,0,0,0.2615031021382049,0.2615031021382049,0.2615031021382049,0.2615031021382049,0.016267343032279655
9,1,0,0,0.26494893350390136,0.26494893350390136,0.26494893350390136,0.26494893350390136,0.016267343032279655
9,2,0,0,0.2669314334649828,0.2669314334649828,0.2669314334649828,0.2669314334649828,0.01709015977775355
9,3,0,0,0.2681510280264962,0.2681510280264962,0.2681510280264962,0.2681510280264962,0.019739302066551306
9,4,0,0,0.2688088331101973,0.2688088331101973,0.2688088331101973,0.2688088331101973,0.02384113514778166
9,5,0,0,0.26971732086633593,0.26971732086633593,0.26971732086633593,0.26971732086633593,0.028244186856771977
9,6,0,0,0.27007985681446556,0.27007985681446556,0.27007985681446556,0.27007985681446556,0.031998299270997885
9,7,0,0,0.27078431797906366,0.27078431797906366,0.27078431797906366,0.27078431797906366,0.03558505705623194
9,8,0,0,0.2722205533443486,0.2722205533443486,0.2722205533443486,0.2722205533443486,0.03783775427190736
9,9,0,0,0.2728048891512151,0.2728048891512151,0.2728048891512151,0.2728048891512151,0.03943165207335135
9,10,0,0,0.2727038557033983,0.2727038557033983,0.2727038557033983,0.2727038557033983,0.039954494698214896
9,11,0,0,0.27274497739564824,0.27274497739564824,0.27274497739564824,0.27274497739564824,0.03990053918728792
9,12,0,0,0.27267414246486094,0.27267414246486094,0.27267414246486094,0.27267414246486094,0.040058783048695604
9,13,0,0,0.27289095505192507,0.27289095505192507,0.27289095505192507,0.27289095505192507,0.040837034586268695
9,14,0,0,0.2718955981196568,0.2718955981196568,0.2718955981196568,0.2718955981196568,0.04072539478904125
9,15,0,0,0.2710191497865385,0.2710191497865385,0.2710191497865385,0.2710191497865385,0.0404060361305892
9,16,0,0,0.27065395115306934,0.27065395115306934,0.27065395115306934,0.27065395115306934,0.04013203862245024
9,17,0,0,0.2695997064966067,0.2695997064966067,0.2695997064966067,0.2695997064966067,0.039392303670079384
9,18,0,0,0.2694998586325247,0.2694998586325247,0.2694998586325247,0.2694998586325247,0.03891548216346709
9,19,0,0,0.26907249372802333,0.26907249372802333,0.26907249372802333,0.26907249372802333,0.03815562868065049
9,20,0,0,0.26803214612747067,0.26803214612747067,0.26803214612747067,0.26803214612747067,0.0370864764577707
9,21,0,0,0.26767367014192317,0.26767367014192317,0.26767367014192317,0.26767367014192317,0.03702752426150406
9,22,0,0,0.2665501595894759,0.2665501595894759,0.2665501595894759,0.2665501595894759,0.0365497724838411
9,23,0,0,0.2648681810053074,0.2648681810053074,0.2648681810053074,0.2648681810053074,0.035781073732221155
9,24,0,0,0.2644626017654505,0.2644626017654505,0.2644626017654505,0.2644626017654505,0.03524212189367297
9,25,0,0,0.2641631532556552,0.2641631532556552,0.2641631532556552,0.2641631532556552,0.03441455811183365
9,26,0,0,0.26388829422105464,0.26388829422105464,0.26388829422105464,0.26388829422105464,0.03384489183213016
9,27,0,0,0.2640191501186457,0.2640191501186457,0.2640191501186457,0.2640191501186457,0.03310751284963018
9,28,0,0,0.2636010151122048,0.2636010151122048,0.2636010151122048,0.2636010151122048,0.03235655847897735
9,29,0,0,0.26290363689816687,0.26290363689816687,0.26290363689816687,0.26290363689816687,0.03198156949749449
9,30,0,0,0.2631582987386893,0.2631582987386893,0.2631582987386893,0.2631582987386893,0.03198156949749445
9,31,0,0,0.26176030311546405,0.26176030311546405,0.26176030311546405,0.26176030311546405,0.03179412472938044
9,32,0,0,0.26064770571088314,0.26064770571088314,0.26064770571088314,0.26064770571088314,0.03179412472938044
9,33,0,0,0.2595303221207322,0.2595303221207322,0.2595303221207322,0.2595303221207322,0.03179412472938045
9,34,0,0,0.2576759437244039,0.2576759437244039,0.2576759437244039,0.2576759437244039,0.03179412472938045
9,35,0,0,0.2551790221937,0.2551790221937,0.2551790221937,0.2551790221937,0.03179412472938045
9,36,0,0,0.2545357843175267,0.2545357843175267,0.2545357843175267,0.2545357843175267,0.03179412472938045
9,37,0,0,0.2512531064878103,0.2512531064878103,0.2512531064878103,0.2512531064878103,0.03179412472938045
9,38,0,0,0.24772438787691667,0.24772438787691667,0.24772438787691667,0.24772438787691667,0.03179412472938044
9,39,0,0,0.24467046530839084,0.24467046530839084,0.24467046530839084,0.24467046530839084,0.031154022722071795
9,40,0,0,0.24036639496364337,0.24036639496364337,0.24036639496364337,0.24036639496364337,0.029328963017817372
9,41,0,0,0.2368848096464022,0.2368848096464022,0.2368848096464022,0.2368848096464022,0.02659609561110518
9,42,0,0,0.2351023144596198,0.2351023144596198,0.2351023144596198,0.2351023144596198,0.02245121658806433
9,43,0,0,0.23313290826378635,0.23313290826378635,0.23313290826378635,0.23313290826378635,0.017531410083774665
9,44,0,0,0.23133234587273416,0.23133234587273416,0.23133234587273416,0.23133234587273416,0.014055307782139703
9,45,0,0,0.22894106077728343,0.22894106077728343,0.22894106077728343,0.22894106077728343,0.010741229242637637
9,46,0,0,0.2270423068105497,0.2270423068105497,0.2270423068105497,0.2270423068105497,0.008656383372817697
9,47,0,0,0.22615276039849183,0.22615276039849183,0.22615276039849183,0.22615276039849183,0.007116568273915838
9,48,0,0,0.22457726394101019,0.22457726394101019,0.22457726394101019,0.22457726394101019,0.006232569182860526
9,49,0,0,0.2251554413683941,0.2251554413683941,0.2251554413683941,0.2251554413683941,0.005583860653894157
9,50,1,1,0.22571786875576239,0.22571786875576239,0.22571786875576239,0.22571786875576239,0.00509088402812552
9,51,1,1,0.22564195643542434,0.22564195643542434,0.22564195643542434,0.22564195643542434,0.004818376288335202
9,52,1,1,0.2248758522211846,0.2248758522211846,0.2248758522211846,0.2248758522211846,0.005168598030564062
9,53,1,1,0.2247327906648277,0.2247327906648277,0.2247327906648277,0.2247327906648277,0.005336158204413008
9,54,1,1,0.22512192964528516,0.22512192964528516,0.22512192964528516,0.22512192964528516,0.005119591424477932
9,55,1,1,0.22574138826752574,0.22574138826752574,0.22574138826752574,0.22574138826752574,0.004904233052392001
9,56,1,1,0.22615329675721596,0.22615329675721596,0.22615329675721596,0.22615329675721596,0.0049246763018889195
9,57,1,1,0.22625070969373265,0.22625070969373265,0.22625070969373265,0.22625070969373265,0.005233738330458426
9,58,1,1,0.22582956634418627,0.22582956634418627,0.22582956634418627,0.22582956634418627,0.005342580325625998
9,59,1,1,0.22653319207903314,0.22653319207903314,0.22653319207903314,0.22653319207903314,0.0054327797016364004
9,60,1,1,0.22645436534577626,0.22645436534577626,0.22645436534577626,0.22645436534577626,0.005252548691365377
9,61,1,1,0.22662644452062788,0.22662644452062788,0.22662644452062788,0.22662644452062788,0.005396803611128251
9,62,1,1,0.22704043997771242,0.22704043997771242,0.22704043997771242,0.22704043997771242,0.005541124252597243
9,63,1,1,0.22805790001511328,0.22805790001511328,0.22805790001511328,0.22805790001511328,0.005541124252597243
9,64,1,1,0.23007772365138204,0.23007772365138204,0.23007772365138204,0.23007772365138204,0.005685514660501517
9,65,1,1,0.23289370813056914,0.23289370813056914,0.23289370813056914,0.23289370813056914,0.006028115683462024
9,66,1,1,0.23427824901418642,0.23427824901418642,0.23427824901418642,0.23427824901418642,0.006606366872928926
9,67,1,1,0.2370972824247397,0.2370972824247397,0.2370972824247397,0.2370972824247397,0.00738307056030231
9,68,1,1,0.23943145717233677,0.23943145717233677,0.23943145717233677,0.23943145717233677,0.007911170418803737
9,69,1,1,0.2430527214758381,0.2430527214758381,0.2430527214758381,0.2430527214758381,0.008535093940803345
9,70,1,1,0.24510808191021477,0.24510808191021477,0.24510808191021477,0.24510808191021477,0.009683652542256088
9,71,1,1,0.24661255758765474,0.24661255758765474,0.24661255758765474,0.24661255758765474,0.011493444915290738
9,72,1,1,0.2501123393867554,0.2501123393867554,0.2501123393867554,0.2501123393867554,0.013553336515401318
9,73,1,1,0.25428246649337344,0.25428246649337344,0.25428246649337344,0.25428246649337344,0.016473577870076347
9,74,1,1,0.2581366182557247,0.2581366182557247,0.2581366182557247,0.2581366182557247,0.019628817410932656
9,75,1,1,0.26200260282493887,0.26200260282493887,0.26200260282493887,0.26200260282493887,0.023726289808640708
9,76,1,1,0.2648246226503945,0.2648246226503945,0.2648246226503945,0.2648246226503945,0.028018297476587017
9,77,1,1,0.26614449993380945,0.26614449993380945,0.26614449993380945,0.26614449993380945,0.032625729899879816
9,78,1,1,0.26782603608232386,0.26782603608232386,0.26782603608232386,0.26782603608232386,0.038008295929075356
9,79,1,1,0.2695468213605985,0.2695468213605985,0.2695468213605985,0.2695468213605985,0.042189246411380256
9,80,1,1,0.271126288082453,0.271126288082453,0.271126288082453,0.271126288082453,0.04649321895906996
9,81,1,1,0.27299139135057165,0.27299139135057165,0.27299139135057165,0.27299139135057165,0.05041384596958815
9,82,1,1,0.27357421167599977,0.27357421167599977,0.27357421167599977,0.27357421167599977,0.05437612073199634
9,83,1,1,0.27426763079258604,0.27426763079258604,0.27426763079258604,0.27426763079258604,0.05851379970342313
9,84,1,1,0.2750504942562521,0.2750504942562521,0.2750504942562521,0.2750504942562521,0.06312587156398003
9,85,1,1,0.27601386501895475,0.27601386501895475,0.27601386501895475,0.27601386501895475,0.06770312837989972
9,86,1,1,0.2763268192688846,0.2763268192688846,0.2763268192688846,0.2763268192688846,0.07271610094041595
9,87,1,1,0.27630666350648114,0.27630666350648114,0.27630666350648114,0.27630666350648114,0.07752817380356906
9,88,1,1,0.2761910060177749,0.2761910060177749,0.2761910060177749,0.2761910060177749,0.08164846949965343
9,89,1,1,0.2759380041126477,0.2759380041126477,0.2759380041126477,0.2759380041126477,0.08606911457898611
9,90,1,1,0.2757858266090055,0.2757858266090055,0.2757858266090055,0.2757858266090055,0.09037081153347983
9,91,1,1,0.27607730418771936,0.27607730418771936,0.27607730418771936,0.27607730418771936,0.09396833731226689
9,92,1,1,0.27575606284369636,0.27575606284369636,0.27575606284369636,0.27575606284369636,0.09671826776436541
9,93,1,1,0.27591008733898287,0.27591008733898287,0.27591008733898287,0.27591008733898287,0.09966821732478168
9,94,1,1,0.27543408395680136,0.27543408395680136,0.27543408395680136,0.27543408395680136,0.10197297122446677
9,95,1,1,0.27517597976139757,0.27517597976139757,0.27517597976139757,0.27517597976139757,0.10364441696548723
9,96,1,1,0.2747843960375142,0.2747843960375142,0.2747843960375142,0.2747843960375142,0.10572761947885076
9,97,1,1,0.274746675575874,0.274746675575874,0.274746675575874,0.274746675575874,0.10738809563501914
9,98,1,1,0.2742615316380376,0.2742615316380376,0.2742615316380376,0.2742615316380376,0.1088365720503311
9,99,1,1,0.2738507002226683,0.2738507002226683,0.2738507002226683,0.2738507002226683,0.11048698985122216
9,100,2,2,0.2707985278353617,0.2707985278353617,0.2707985278353617,0.2707985278353617,0.11192972794521196
9,101,2,2,0.26893271273917285,0.26893271273917285,0.26893271273917285,0.26893271273917285,0.11355358323772685
9,102,2,2,0.26733247844411046,0.26733247844411046,0.26733247844411046,0.26733247844411046,0.11293352512674802
9,103,2,2,0.26713332520560595,0.26713332520560595,0.26713332520560595,0.26713332520560595,0.11292471002130289
9,104,2,2,0.2673786515073151,0.2673786515073151,0.2673786515073151,0.2673786515073151,0.11291064102088685
9,105,2,2,0.2666212253737242,0.2666212253737242,0.2666212253737242,0.2666212253737242,0.11310624733437424
9,106,2,2,0.26625441547161244,0.26625441547161244,0.26625441547161244,0.26625441547161244,0.11371362932522228
9,107,2,2,0.2663879011439963,0.2663879011439963,0.2663879011439963,0.2663879011439963,0.11473136680440224
9,108,2,2,0.2663530932004796,0.2663530932004796,0.2663530932004796,0.2663530932004796,0.11615710749345212
9,109,2,2,0.2667528029360561,0.2667528029360561,0.2667528029360561,0.2667528029360561,0.11737271530947399
9,110,2,2,0.26690239409680905,0.26690239409680905,0.26690239409680905,0.26690239409680905,0.11837956117508906
9,111,2,2,0.2669847477913815,0.2669847477913815,0.2669847477913815,0.2669847477913815,0.1193860698039796
9,112,2,2,0.2674232427193923,0.2674232427193923,0.2674232427193923,0.2674232427193923,0.1199839182362683
9,113,2,2,0.26668600868507913,0.26668600868507913,0.26668600868507913,0.26668600868507913,0.1201764521305558
9,114,2,2,0.2665875452087049,0.2665875452087049,0.2665875452087049,0.2665875452087049,0.12016750059120224
9,115,2,2,0.26605948569461585,0.26605948569461585,0.26605948569461585,0.26605948569461585,0.12035996809389846
9,116,2,2,0.26579415520418603,0.26579415520418603,0.26579415520418603,0.26579415520418603,0.12116467600295508
9,117,2,2,0.2657382641060774,0.2657382641060774,0.2657382641060774,0.2657382641060774,0.1213566908233924
9,118,2,2,0.265623807748424,0.265623807748424,0.265623807748424,0.265623807748424,0.12134597724124545
9,119,2,2,0.26515671740445035,0.26515671740445035,0.26515671740445035,0.26515671740445035,0.12222314086918976
9,120,2,2,0.2652426216735957,0.2652426216735957,0.2652426216735957,0.2652426216735957,0.12483440880085267
9,121,2,2,0.26424820649972613,0.26424820649972613,0.26424820649972613,0.26424820649972613,0.12745459067750697
9,122,2,2,0.26373350375208066,0.26373350375208066,0.26373350375208066,0.26373350375208066,0.12836261477820482
9,123,2,2,0.26357917275595866,0.26357917275595866,0.26357917275595866,0.26357917275595866,0.1302989018526601
9,124,2,2,0.2640172495664739,0.2640172495664739,0.2640172495664739,0.2640172495664739,0.13226609121668098
9,125,2,2,0.2642024543286402,0.2642024543286402,0.2642024543286402,0.2642024543286402,0.13328426577911728
9,126,2,2,0.2639703358950598,0.2639703358950598,0.2639703358950598,0.2639703358950598,0.13220496767608753
9,127,2,2,0.26420453175304703,0.26420453175304703,0.26420453175304703,0.26420453175304703,0.13031530018683857
9,128,2,2,0.2642312275720744,0.2642312275720744,0.2642312275720744,0.2642312275720744,0.12845191758245866
9,129,2,2,0.26430170519860974,0.26430170519860974,0.26430170519860974,0.26430170519860974,0.1267645060772113
9,130,2,2,0.26442784901027844,0.26442784901027844,0.26442784901027844,0.26442784901027844,0.12531450488519144
9,131,2,2,0.2642451265443595,0.2642451265443595,0.2642451265443595,0.2642451265443595,0.12361938371523054
9,132,2,2,0.26384501988790554,0.26384501988790554,0.26384501988790554,0.26384501988790554,0.12167389727646363
9,133,2,2,0.2639558858012726,0.2639558858012726,0.2639558858012726,0.2639558858012726,0.11975818018774194
9,134,2,2,0.2642590325149154,0.2642590325149154,0.2642590325149154,0.2642590325149154,0.11783245184777685
9,135,2,2,0.2642340283010547,0.2642340283010547,0.2642340283010547,0.2642340283010547,0.11568401413006635
9,136,2,2,0.26471735614241765,0.26471735614241765,0.26471735614241765,0.26471735614241765,0.11335210924878655
9,137,2,2,0.2647009871362323,0.2647009871362323,0.2647009871362323,0.2647009871362323,0.1114867108183801
9,138,2,2,0.26391304950493244,0.26391304950493244,0.26391304950493244,0.26391304950493244,0.10875476571267281
9,139,2,2,0.26340195449644455,0.26340195449644455,0.26340195449644455,0.26340195449644455,0.10697038232878653
9,140,2,2,0.26268334425522033,0.26268334425522033,0.26268334425522033,0.26268334425522033,0.10478712251107636
9,141,2,2,0.262725874349671,0.262725874349671,0.262725874349671,0.262725874349671,0.10237956544543042
9,142,2,2,0.26286015707514493,0.26286015707514493,0.26286015707514493,0.26286015707514493,0.09942282193209917
9,143,2,2,0.26264064335529475,0.26264064335529475,0.26264064335529475,0.26264064335529475,0.0956713465093321
9,144,2,2,0.2624751432777755,0.2624751432777755,0.2624751432777755,0.2624751432777755,0.09180187735484409
9,145,2,2,0.2631348692914441,0.2631348692914441,0.2631348692914441,0.2631348692914441,0.08825594847841033
9,146,2,2,0.2634223762875774,0.2634223762875774,0.2634223762875774,0.2634223762875774,0.08552007719764236
9,147,2,2,0.263934591083989,0.263934591083989,0.263934591083989,0.263934591083989,0.0836199287721771
9,148,2,2,0.26426714346638663,0.26426714346638663,0.26426714346638663,0.26426714346638663,0.08216816264596455
9,149,2,2,0.2648160555330005,0.2648160555330005,0.2648160555330005,0.2648160555330005,0.08061285306749583
9,150,3,3,0.27874852523297927,0.27874852523297927,0.27874852523297927,0.27874852523297927,0.0788904776956895
9,151,3,3,0.2774862927659555,0.2774862927659555,0.2774862927659555,0.2774862927659555,0.07372972641381416
9,152,3,3,0.27822395776779385,0.27822395776779385,0.27822395776779385,0.27822395776779385,0.07410424916756063
9,153,3,3,0.2792133459803631,0.2792133459803631,0.2792133459803631,0.2792133459803631,0.07367707028502696
9,154,3,3,0.27990363269833884,0.27990363269833884,0.27990363269833884,0.27990363269833884,0.07298183073942677
9,155,3,3,0.2792556003675329,0.2792556003675329,0.2792556003675329,0.2792556003675329,0.0719663613698539
9,156,3,3,0.27979790113426206,0.27979790113426206,0.27979790113426206,0.27979790113426206,0.07153876057809241
9,157,3,3,0.2797184950569551,0.2797184950569551,0.2797184950569551,0.2797184950569551,0.07052509654534714
9,158,3,3,0.280129748008757,0.280129748008757,0.280129748008757,0.280129748008757,0.06966978802833074
9,159,3,3,0.2803110252154481,0.2803110252154481,0.2803110252154481,0.2803110252154481,0.06848657502935174
9,160,3,3,0.2790528958640135,0.2790528958640135,0.2790528958640135,0.2790528958640135,0.06798524294660535
9,161,3,3,0.2788112718081337,0.2788112718081337,0.2788112718081337,0.2788112718081337,0.06751576562944159
9,162,3,3,0.27891413035894974,0.27891413035894974,0.27891413035894974,0.27891413035894974,0.06653148904613954
9,163,3,3,0.2789362958741432,0.2789362958741432,0.2789362958741432,0.2789362958741432,0.06523471280092599
9,164,3,3,0.27874991850261377,0.27874991850261377,0.27874991850261377,0.27874991850261377,0.06458406182471926
9,165,3,3,0.2785789814650438,0.2785789814650438,0.2785789814650438,0.2785789814650438,0.0639323039349673
9,166,3,3,0.2787618647102677,0.2787618647102677,0.2787618647102677,0.2787618647102677,0.06349571046729649
9,167,3,3,0.2775820992834185,0.2775820992834185,0.2775820992834185,0.2775820992834185,0.06327638140103961
9,168,3,3,0.2768662802357166,0.2768662802357166,0.2768662802357166,0.2768662802357166,0.063057069986278
9,169,3,3,0.2766137639677391,0.2766137639677391,0.2766137639677391,0.2766137639677391,0.06240427067725509
9,170,3,3,0.2753827897462332,0.2753827897462332,0.2753827897462332,0.2753827897462332,0.062185997143807584
9,171,3,3,0.2756344750727788,0.2756344750727788,0.2756344750727788,0.2756344750727788,0.061967721878488424
9,172,3,3,0.27482777226619964,0.27482777226619964,0.27482777226619964,0.27482777226619964,0.061967721878488466
9,173,3,3,0.2745850837615112,0.2745850837615112,0.2745850837615112,0.2745850837615112,0.06196772187848842
9,174,3,3,0.27428983860177175,0.27428983860177175,0.27428983860177175,0.27428983860177175,0.06196671388171463
9,175,3,3,0.27474984740825603,0.27474984740825603,0.27474984740825603,0.27474984740825603,0.06196671388171467
9,176,3,3,0.2743921430024438,0.2743921430024438,0.2743921430024438,0.2743921430024438,0.061751468404682326
9,177,3,3,0.27555211892128895,0.27555211892128895,0.27555211892128895,0.27555211892128895,0.06153420467093777
9,178,3,3,0.2751734120306977,0.2751734120306977,0.2751734120306977,0.2751734120306977,0.06110166209217159
9,179,3,3,0.27582209362201326,0.27582209362201326,0.27582209362201326,0.27582209362201326,0.060884389118247194
9,180,3,3,0.2753243294885629,0.2753243294885629,0.2753243294885629,0.2753243294885629,0.060883394379360425
9,181,3,3,0.2752888199764109,0.2752888199764109,0.2752888199764109,0.2752888199764109,0.0608824002770903
9,182,3,3,0.2757640757766004,0.2757640757766004,0.2757640757766004,0.2757640757766004,0.06088140685098148
9,183,3,3,0.2760974746578353,0.2760974746578353,0.2760974746578353,0.2760974746578353,0.06088041406295917
9,184,3,3,0.27590253390990743,0.27590253390990743,0.27590253390990743,0.27590253390990743,0.06088041406295911
9,185,3,3,0.27702439123517447,0.27702439123517447,0.27702439123517447,0.27702439123517447,0.06088041406295911
9,186,3,3,0.27672432703547284,0.27672432703547284,0.27672432703547284,0.27672432703547284,0.06087843048162649
9,187,3,3,0.276992665479999,0.276992665479999,0.276992665479999,0.276992665479999,0.060877439689731735
9,188,3,3,0.2787634889517039,0.2787634889517039,0.2787634889517039,0.2787634889517039,0.060876449538857576
9,189,3,3,0.2790744662520174,0.2790744662520174,0.2790744662520174,0.2790744662520174,0.060876449538857576
9,190,3,3,0.28072140519892425,0.28072140519892425,0.28072140519892425,0.28072140519892425,0.061092705640339494
9,191,3,3,0.2821622501724627,0.2821622501724627,0.2821622501724627,0.2821622501724627,0.061308955553903706
9,192,3,3,0.2840170427031767,0.2840170427031767,0.2840170427031767,0.2840170427031767,0.062174904814001834
9,193,3,3,0.2852859836513994,0.2852859836513994,0.2852859836513994,0.2852859836513994,0.06412262505372879
9,194,3,3,0.286535266229361,0.286535266229361,0.286535266229361,0.286535266229361,0.06694008100284596
9,195,3,3,0.2874350828960005,0.2874350828960005,0.2874350828960005,0.2874350828960005,0.06976015534052402
9,196,3,3,0.2874159482025627,0.2874159482025627,0.2874159482025627,0.2874159482025627,0.07209044399162429
9,197,3,3,0.2875399302376191,0.2875399302376191,0.2875399302376191,0.2875399302376191,0.07495912433850987
9,198,3,3,0.28702116354330576,0.28702116354330576,0.28702116354330576,0.28702116354330576,0.0782508162476402
9,199,3,3,0.28723554415644503,0.28723554415644503,0.28723554415644503,0.28723554415644503,0.08024077887648011
9,200,4,4,0.2887278236603207,0.2887278236603207,0.2887278236603207,0.2887278236603207,0.08120522121084497
9,201,4,4,0.2879502977484747,0.2879502977484747,0.2879502977484747,0.2879502977484747,0.07601989646732252
9,202,4,4,0.28776432631864424,0.28776432631864424,0.28776432631864424,0.28776432631864424,0.07706703843691887
9,203,4,4,0.2875409219896428,0.2875409219896428,0.2875409219896428,0.2875409219896428,0.07791823740820253
9,204,4,4,0.28566112921479636,0.28566112921479636,0.28566112921479636,0.28566112921479636,0.07738181902839548
9,205,4,4,0.2855534792292773,0.2855534792292773,0.2855534792292773,0.2855534792292773,0.0757392574487995
9,206,4,4,0.28420132469339343,0.28420132469339343,0.28420132469339343,0.28420132469339343,0.07432504982460178
9,207,4,4,0.2829393266497058,0.2829393266497058,0.2829393266497058,0.2829393266497058,0.07280255591914758
9,208,4,4,0.2813855082220855,0.2813855082220855,0.2813855082220855,0.2813855082220855,0.07102385427224889
9,209,4,4,0.27987586887093785,0.27987586887093785,0.27987586887093785,0.27987586887093785,0.0689410244405905
9,210,4,4,0.27806160561055326,0.27806160561055326,0.27806160561055326,0.27806160561055326,0.06663407525015197
9,211,4,4,0.2763892206251146,0.2763892206251146,0.2763892206251146,0.2763892206251146,0.06379464797100359
9,212,4,4,0.27459209121159384,0.27459209121159384,0.27459209121159384,0.27459209121159384,0.061998745397813755
9,213,4,4,0.2727884704808077,0.2727884704808077,0.2727884704808077,0.2727884704808077,0.05966601939882909
9,214,4,4,0.2710421057535385,0.2710421057535385,0.2710421057535385,0.2710421057535385,0.057031312626650225
9,215,4,4,0.2693599015265687,0.2693599015265687,0.2693599015265687,0.2693599015265687,0.05335239950234746
9,216,4,4,0.26769716988422493,0.26769716988422493,0.26769716988422493,0.26769716988422493,0.050805421429036615
9,217,4,4,0.26484109112579757,0.26484109112579757,0.26484109112579757,0.26484109112579757,0.048248995118657316
9,218,4,4,0.2623710659341766,0.2623710659341766,0.2623710659341766,0.2623710659341766,0.04651827789019802
9,219,4,4,0.2592917630479754,0.2592917630479754,0.2592917630479754,0.2592917630479754,0.044265480991632494
9,220,4,4,0.2554945564243967,0.2554945564243967,0.2554945564243967,0.2554945564243967,0.04178723746670707
9,221,4,4,0.2540472527394874,0.2540472527394874,0.2540472527394874,0.2540472527394874,0.03821190822059249
9,222,4,4,0.25209900294462095,0.25209900294462095,0.25209900294462095,0.25209900294462095,0.034862317613098284
9,223,4,4,0.2493977236211422,0.2493977236211422,0.2493977236211422,0.2493977236211422,0.03125708834942445
9,224,4,4,0.24668873497090443,0.24668873497090443,0.24668873497090443,0.24668873497090443,0.028455379308699763
9,225,4,4,0.24489508116720043,0.24489508116720043,0.24489508116720043,0.24489508116720043,0.026079267276811743
9,226,4,4,0.24345085522719745,0.24345085522719745,0.24345085522719745,0.24345085522719745,0.023673440765356116
9,227,4,4,0.24030694245415699,0.24030694245415699,0.24030694245415699,0.24030694245415699,0.021656472464623405
9,228,4,4,0.24007298735404944,0.24007298735404944,0.24007298735404944,0.24007298735404944,0.020002622866073433
9,229,4,4,0.2384164320398049,0.2384164320398049,0.2384164320398049,0.2384164320398049,0.01838050311303145
9,230,4,4,0.23801727618144577,0.23801727618144577,0.23801727618144577,0.23801727618144577,0.01777071270245839
9,231,4,4,0.23740882599301744,0.23740882599301744,0.23740882599301744,0.23740882599301744,0.017354457935536985
9,232,4,4,0.23694599764642654,0.23694599764642654,0.23694599764642654,0.23694599764642654,0.017152693906429525
9,233,4,4,0.2374146191101708,0.2374146191101708,0.2374146191101708,0.2374146191101708,0.016957707246139958
9,234,4,4,0.2368167158943125,0.2368167158943125,0.2368167158943125,0.2368167158943125,0.0169448980577296
9,235,4,4,0.23799499160898513,0.23799499160898513,0.23799499160898513,0.23799499160898513,0.016840973001410325
9,236,4,4,0.23735247096974676,0.23735247096974676,0.23735247096974676,0.23735247096974676,0.016840973001410325
9,237,4,4,0.2381434680823302,0.2381434680823302,0.2381434680823302,0.2381434680823302,0.016834200255363432
9,238,4,4,0.23835275015283025,0.23835275015283025,0.23835275015283025,0.23835275015283025,0.01673703582987679
9,239,4,4,0.23736257026293772,0.23736257026293772,0.23736257026293772,0.23736257026293772,0.01673703582987679
9,240,4,4,0.2380400044524682,0.2380400044524682,0.2380400044524682,0.2380400044524682,0.01673703582987679
9,241,4,4,0.23800024929066138,0.23800024929066138,0.23800024929066138,0.23800024929066138,0.01673703582987679
9,242,4,4,0.23760794216413395,0.23760794216413395,0.23760794216413395,0.23760794216413395,0.01673703582987679
9,243,4,4,0.23743084217048227,0.23743084217048227,0.23743084217048227,0.23743084217048227,0.01682728300969072
9,244,4,4,0.2375902048625092,0.2375902048625092,0.2375902048625092,0.2375902048625092,0.016737035829876734
9,245,4,4,0.23704964171113088,0.23704964171113088,0.23704964171113088,0.23704964171113088,0.016737035829876776
9,246,4,4,0.237387565069354,0.237387565069354,0.237387565069354,0.237387565069354,0.016737035829876748
9,247,4,4,0.2372122115355153,0.2372122115355153,0.2372122115355153,0.2372122115355153,0.016737035829876748
