concept,rank_in_concept_cluster,global_id,layer,neuron,token_rank,token_raw,token_normalized,token_class,similarity_to_seed,seed_layer,seed_neuron,max_logit
Low Transport,1,14677,5,1877,1,miracul,miracul,unrelated,1.0,5,1877,1.5582727193832397
Low Transport,1,14677,5,1877,2,lower,lower,contains_pos,1.0,5,1877,1.5582727193832397
Low Transport,1,14677,5,1877,3,worst,worst,unrelated,1.0,5,1877,1.5582727193832397
Low Transport,1,14677,5,1877,4,lev,lev,unrelated,1.0,5,1877,1.5582727193832397
Low Transport,1,14677,5,1877,5,heric,heric,unrelated,1.0,5,1877,1.5582727193832397
Low Transport,1,14677,5,1877,6,iting,iting,unrelated,1.0,5,1877,1.5582727193832397
Low Transport,1,14677,5,1877,7,lowest,lowest,contains_pos,1.0,5,1877,1.5582727193832397
Low Transport,1,14677,5,1877,8,Lower,lower,contains_pos,1.0,5,1877,1.5582727193832397
Low Transport,1,14677,5,1877,9,worse,worse,unrelated,1.0,5,1877,1.5582727193832397
Low Transport,1,14677,5,1877,10,Prepar,prepar,unrelated,1.0,5,1877,1.5582727193832397
Low Transport,2,3782,1,1222,1,lower,lower,contains_pos,1.0,1,1222,1.2911860942840576
Low Transport,2,3782,1,1222,2,postdocs,postdocs,unrelated,1.0,1,1222,1.2911860942840576
Low Transport,2,3782,1,1222,3,Way,way,unrelated,1.0,1,1222,1.2911860942840576
Low Transport,2,3782,1,1222,4,UE,ue,unrelated,1.0,1,1222,1.2911860942840576
Low Transport,2,3782,1,1222,5,Higher,higher,unrelated,1.0,1,1222,1.2911860942840576
Low Transport,2,3782,1,1222,6,Developing,developing,unrelated,1.0,1,1222,1.2911860942840576
Low Transport,2,3782,1,1222,7,U,u,unrelated,1.0,1,1222,1.2911860942840576
Low Transport,2,3782,1,1222,8,Lower,lower,contains_pos,1.0,1,1222,1.2911860942840576
Low Transport,2,3782,1,1222,9,Mixed,mixed,unrelated,1.0,1,1222,1.2911860942840576
Low Transport,2,3782,1,1222,10,Low,low,exact_pos,1.0,1,1222,1.2911860942840576
Low Transport,3,35024,13,1744,1,",:]",",:]",gibberish,1.0,13,1744,1.4205634593963623
Low Transport,3,35024,13,1744,2,M,m,unrelated,1.0,13,1744,1.4205634593963623
Low Transport,3,35024,13,1744,3,lower,lower,contains_pos,1.0,13,1744,1.4205634593963623
Low Transport,3,35024,13,1744,4,sp,sp,unrelated,1.0,13,1744,1.4205634593963623
Low Transport,3,35024,13,1744,5,time,time,unrelated,1.0,13,1744,1.4205634593963623
Low Transport,3,35024,13,1744,6,below,below,contains_pos,1.0,13,1744,1.4205634593963623
Low Transport,3,35024,13,1744,7,to,to,unrelated,1.0,13,1744,1.4205634593963623
Low Transport,3,35024,13,1744,8,individual,individual,unrelated,1.0,13,1744,1.4205634593963623
Low Transport,3,35024,13,1744,9,K,k,unrelated,1.0,13,1744,1.4205634593963623
Low Transport,3,35024,13,1744,10,Lower,lower,contains_pos,1.0,13,1744,1.4205634593963623
Low Transport,4,9683,3,2003,1,lower,lower,contains_pos,1.0,3,2003,1.3391873836517334
Low Transport,4,9683,3,2003,2,--,--,gibberish,1.0,3,2003,1.3391873836517334
Low Transport,4,9683,3,2003,3,picture,picture,unrelated,1.0,3,2003,1.3391873836517334
Low Transport,4,9683,3,2003,4,lower,lower,contains_pos,1.0,3,2003,1.3391873836517334
Low Transport,4,9683,3,2003,5,As,as,unrelated,1.0,3,2003,1.3391873836517334
Low Transport,4,9683,3,2003,6,As,as,unrelated,1.0,3,2003,1.3391873836517334
Low Transport,4,9683,3,2003,7,system,system,unrelated,1.0,3,2003,1.3391873836517334
Low Transport,4,9683,3,2003,8,Lower,lower,contains_pos,1.0,3,2003,1.3391873836517334
Low Transport,4,9683,3,2003,9,hand,hand,unrelated,1.0,3,2003,1.3391873836517334
Low Transport,4,9683,3,2003,10,—,—,gibberish,1.0,3,2003,1.3391873836517334
Low Transport,5,14704,5,1904,1,ellow,ellow,contains_pos,1.0,5,1904,1.3973844051361084
Low Transport,5,14704,5,1904,2,below,below,contains_pos,1.0,5,1904,1.3973844051361084
Low Transport,5,14704,5,1904,3,below,below,contains_pos,1.0,5,1904,1.3973844051361084
Low Transport,5,14704,5,1904,4,elona,elona,unrelated,1.0,5,1904,1.3973844051361084
Low Transport,5,14704,5,1904,5,berspace,berspace,unrelated,1.0,5,1904,1.3973844051361084
Low Transport,5,14704,5,1904,6,leys,leys,unrelated,1.0,5,1904,1.3973844051361084
Low Transport,5,14704,5,1904,7,ackexchange,ackexchange,unrelated,1.0,5,1904,1.3973844051361084
Low Transport,5,14704,5,1904,8,ity,ity,unrelated,1.0,5,1904,1.3973844051361084
Low Transport,5,14704,5,1904,9,abetes,abetes,unrelated,1.0,5,1904,1.3973844051361084
Low Transport,5,14704,5,1904,10,ERAL,eral,unrelated,1.0,5,1904,1.3973844051361084
Low Transport,6,27949,10,2349,1,och,och,unrelated,1.0,10,2349,1.3840997219085693
Low Transport,6,27949,10,2349,2,low,low,exact_pos,1.0,10,2349,1.3840997219085693
Low Transport,6,27949,10,2349,3,Fine,fine,unrelated,1.0,10,2349,1.3840997219085693
Low Transport,6,27949,10,2349,4,count,count,unrelated,1.0,10,2349,1.3840997219085693
Low Transport,6,27949,10,2349,5,nd,nd,unrelated,1.0,10,2349,1.3840997219085693
Low Transport,6,27949,10,2349,6,low,low,exact_pos,1.0,10,2349,1.3840997219085693
Low Transport,6,27949,10,2349,7,Low,low,exact_pos,1.0,10,2349,1.3840997219085693
Low Transport,6,27949,10,2349,8,ancel,ancel,unrelated,1.0,10,2349,1.3840997219085693
Low Transport,6,27949,10,2349,9,aux,aux,unrelated,1.0,10,2349,1.3840997219085693
Low Transport,6,27949,10,2349,10,optic,optic,unrelated,1.0,10,2349,1.3840997219085693
Low Transport,7,30097,11,1937,1,ERAL,eral,unrelated,0.8509863615036011,5,1904,2.673316717147827
Low Transport,7,30097,11,1937,2,astrous,astrous,unrelated,0.8509863615036011,5,1904,2.673316717147827
Low Transport,7,30097,11,1937,3,KeyNot,keynot,unrelated,0.8509863615036011,5,1904,2.673316717147827
Low Transport,7,30097,11,1937,4,abets,abets,unrelated,0.8509863615036011,5,1904,2.673316717147827
Low Transport,7,30097,11,1937,5,olingu,olingu,unrelated,0.8509863615036011,5,1904,2.673316717147827
Low Transport,7,30097,11,1937,6,parametrize,parametrize,unrelated,0.8509863615036011,5,1904,2.673316717147827
Low Transport,7,30097,11,1937,7,isbury,isbury,unrelated,0.8509863615036011,5,1904,2.673316717147827
Low Transport,7,30097,11,1937,8,neurotransmit,neurotransmit,unrelated,0.8509863615036011,5,1904,2.673316717147827
Low Transport,7,30097,11,1937,9,berspace,berspace,unrelated,0.8509863615036011,5,1904,2.673316717147827
Low Transport,7,30097,11,1937,10,ifflin,ifflin,unrelated,0.8509863615036011,5,1904,2.673316717147827
Low Transport,8,35579,13,2299,1,ovascular,ovascular,unrelated,0.8508678674697876,5,1904,2.726376533508301
Low Transport,8,35579,13,2299,2,urope,urope,unrelated,0.8508678674697876,5,1904,2.726376533508301
Low Transport,8,35579,13,2299,3,berspace,berspace,unrelated,0.8508678674697876,5,1904,2.726376533508301
Low Transport,8,35579,13,2299,4,pylobacter,pylobacter,unrelated,0.8508678674697876,5,1904,2.726376533508301
Low Transport,8,35579,13,2299,5,ecause,ecause,unrelated,0.8508678674697876,5,1904,2.726376533508301
Low Transport,8,35579,13,2299,6,millan,millan,unrelated,0.8508678674697876,5,1904,2.726376533508301
Low Transport,8,35579,13,2299,7,borough,borough,unrelated,0.8508678674697876,5,1904,2.726376533508301
Low Transport,8,35579,13,2299,8,amble,amble,unrelated,0.8508678674697876,5,1904,2.726376533508301
Low Transport,8,35579,13,2299,9,emeteries,emeteries,unrelated,0.8508678674697876,5,1904,2.726376533508301
Low Transport,8,35579,13,2299,10,CLUD,clud,unrelated,0.8508678674697876,5,1904,2.726376533508301
Low Transport,9,22797,8,2317,1,elona,elona,unrelated,0.8485828042030334,5,1904,2.055596351623535
Low Transport,9,22797,8,2317,2,,,gibberish,0.8485828042030334,5,1904,2.055596351623535
Low Transport,9,22797,8,2317,3,nesty,nesty,unrelated,0.8485828042030334,5,1904,2.055596351623535
Low Transport,9,22797,8,2317,4,cible,cible,unrelated,0.8485828042030334,5,1904,2.055596351623535
Low Transport,9,22797,8,2317,5,ropract,ropract,unrelated,0.8485828042030334,5,1904,2.055596351623535
Low Transport,9,22797,8,2317,6,rais,rais,unrelated,0.8485828042030334,5,1904,2.055596351623535
Low Transport,9,22797,8,2317,7,parsley,parsley,unrelated,0.8485828042030334,5,1904,2.055596351623535
Low Transport,9,22797,8,2317,8,iriam,iriam,unrelated,0.8485828042030334,5,1904,2.055596351623535
Low Transport,9,22797,8,2317,9,Brahma,brahma,unrelated,0.8485828042030334,5,1904,2.055596351623535
Low Transport,9,22797,8,2317,10,ustaining,ustaining,unrelated,0.8485828042030334,5,1904,2.055596351623535
Low Transport,10,18550,7,630,1,eliness,eliness,unrelated,0.8479148149490356,5,1904,1.9340846538543701
Low Transport,10,18550,7,630,2,oeconomic,oeconomic,unrelated,0.8479148149490356,5,1904,1.9340846538543701
Low Transport,10,18550,7,630,3,asgow,asgow,unrelated,0.8479148149490356,5,1904,1.9340846538543701
Low Transport,10,18550,7,630,4,erness,erness,unrelated,0.8479148149490356,5,1904,1.9340846538543701
Low Transport,10,18550,7,630,5,zeros,zeros,unrelated,0.8479148149490356,5,1904,1.9340846538543701
Low Transport,10,18550,7,630,6,ians,ians,unrelated,0.8479148149490356,5,1904,1.9340846538543701
Low Transport,10,18550,7,630,7,perature,perature,unrelated,0.8479148149490356,5,1904,1.9340846538543701
Low Transport,10,18550,7,630,8,__':,__':,gibberish,0.8479148149490356,5,1904,1.9340846538543701
Low Transport,10,18550,7,630,9,eled,eled,unrelated,0.8479148149490356,5,1904,1.9340846538543701
Low Transport,10,18550,7,630,10,elona,elona,unrelated,0.8479148149490356,5,1904,1.9340846538543701
Low Transport,11,567,0,567,1,eroon,eroon,unrelated,0.847417950630188,5,1904,2.0045158863067627
Low Transport,11,567,0,567,2,berspace,berspace,unrelated,0.847417950630188,5,1904,2.0045158863067627
Low Transport,11,567,0,567,3,lamydia,lamydia,unrelated,0.847417950630188,5,1904,2.0045158863067627
Low Transport,11,567,0,567,4,ashington,ashington,unrelated,0.847417950630188,5,1904,2.0045158863067627
Low Transport,11,567,0,567,5,ptomatic,ptomatic,unrelated,0.847417950630188,5,1904,2.0045158863067627
Low Transport,11,567,0,567,6,uple,uple,unrelated,0.847417950630188,5,1904,2.0045158863067627
Low Transport,11,567,0,567,7,ushima,ushima,unrelated,0.847417950630188,5,1904,2.0045158863067627
Low Transport,11,567,0,567,8,ription,ription,unrelated,0.847417950630188,5,1904,2.0045158863067627
Low Transport,11,567,0,567,9,ercase,ercase,unrelated,0.847417950630188,5,1904,2.0045158863067627
Low Transport,11,567,0,567,10,oling,oling,unrelated,0.847417950630188,5,1904,2.0045158863067627
Low Transport,12,10234,3,2554,1,skirts,skirts,unrelated,0.8473075032234192,5,1904,2.0872702598571777
Low Transport,12,10234,3,2554,2,elona,elona,unrelated,0.8473075032234192,5,1904,2.0872702598571777
Low Transport,12,10234,3,2554,3,thritis,thritis,unrelated,0.8473075032234192,5,1904,2.0872702598571777
Low Transport,12,10234,3,2554,4,informally,informally,unrelated,0.8473075032234192,5,1904,2.0872702598571777
Low Transport,12,10234,3,2554,5,ortunate,ortunate,unrelated,0.8473075032234192,5,1904,2.0872702598571777
Low Transport,12,10234,3,2554,6,lename,lename,unrelated,0.8473075032234192,5,1904,2.0872702598571777
Low Transport,12,10234,3,2554,7,anthus,anthus,unrelated,0.8473075032234192,5,1904,2.0872702598571777
Low Transport,12,10234,3,2554,8,ountered,ountered,unrelated,0.8473075032234192,5,1904,2.0872702598571777
Low Transport,12,10234,3,2554,9,ecs,ecs,unrelated,0.8473075032234192,5,1904,2.0872702598571777
Low Transport,12,10234,3,2554,10,tis,tis,unrelated,0.8473075032234192,5,1904,2.0872702598571777
Low Transport,13,24448,9,1408,1,ducive,ducive,unrelated,0.8469858765602112,5,1904,1.5799801349639893
Low Transport,13,24448,9,1408,2,licenses,licenses,unrelated,0.8469858765602112,5,1904,1.5799801349639893
Low Transport,13,24448,9,1408,3,ijuana,ijuana,unrelated,0.8469858765602112,5,1904,1.5799801349639893
Low Transport,13,24448,9,1408,4,assertIsInstance,assertisinstance,unrelated,0.8469858765602112,5,1904,1.5799801349639893
Low Transport,13,24448,9,1408,5,berspace,berspace,unrelated,0.8469858765602112,5,1904,1.5799801349639893
Low Transport,13,24448,9,1408,6,tysburg,tysburg,unrelated,0.8469858765602112,5,1904,1.5799801349639893
Low Transport,13,24448,9,1408,7,mentioned,mentioned,unrelated,0.8469858765602112,5,1904,1.5799801349639893
Low Transport,13,24448,9,1408,8,oulos,oulos,unrelated,0.8469858765602112,5,1904,1.5799801349639893
Low Transport,13,24448,9,1408,9,afrost,afrost,unrelated,0.8469858765602112,5,1904,1.5799801349639893
Low Transport,13,24448,9,1408,10,cko,cko,unrelated,0.8469858765602112,5,1904,1.5799801349639893
Low Transport,14,26653,10,1053,1,oceros,oceros,unrelated,0.8465075492858887,5,1904,1.6698048114776611
Low Transport,14,26653,10,1053,2,antial,antial,unrelated,0.8465075492858887,5,1904,1.6698048114776611
Low Transport,14,26653,10,1053,3,LEED,leed,unrelated,0.8465075492858887,5,1904,1.6698048114776611
Low Transport,14,26653,10,1053,4,aron,aron,unrelated,0.8465075492858887,5,1904,1.6698048114776611
Low Transport,14,26653,10,1053,5,urous,urous,unrelated,0.8465075492858887,5,1904,1.6698048114776611
Low Transport,14,26653,10,1053,6,Upvotes,upvotes,unrelated,0.8465075492858887,5,1904,1.6698048114776611
Low Transport,14,26653,10,1053,7,zema,zema,unrelated,0.8465075492858887,5,1904,1.6698048114776611
Low Transport,14,26653,10,1053,8,ramew,ramew,unrelated,0.8465075492858887,5,1904,1.6698048114776611
Low Transport,14,26653,10,1053,9,WARE,ware,unrelated,0.8465075492858887,5,1904,1.6698048114776611
Low Transport,14,26653,10,1053,10,ackexchange,ackexchange,unrelated,0.8465075492858887,5,1904,1.6698048114776611
Low Transport,15,30079,11,1919,1,serializers,serializers,unrelated,0.8462713360786438,5,1904,2.771348476409912
Low Transport,15,30079,11,1919,2,ayette,ayette,unrelated,0.8462713360786438,5,1904,2.771348476409912
Low Transport,15,30079,11,1919,3,berspace,berspace,unrelated,0.8462713360786438,5,1904,2.771348476409912
Low Transport,15,30079,11,1919,4,ertility,ertility,unrelated,0.8462713360786438,5,1904,2.771348476409912
Low Transport,15,30079,11,1919,5,absburg,absburg,unrelated,0.8462713360786438,5,1904,2.771348476409912
Low Transport,15,30079,11,1919,6,yter,yter,unrelated,0.8462713360786438,5,1904,2.771348476409912
Low Transport,15,30079,11,1919,7,ICEF,icef,unrelated,0.8462713360786438,5,1904,2.771348476409912
Low Transport,15,30079,11,1919,8,elage,elage,unrelated,0.8462713360786438,5,1904,2.771348476409912
Low Transport,15,30079,11,1919,9,heres,heres,unrelated,0.8462713360786438,5,1904,2.771348476409912
Low Transport,15,30079,11,1919,10,juncture,juncture,unrelated,0.8462713360786438,5,1904,2.771348476409912
Low Transport,16,22122,8,1642,1,acerb,acerb,unrelated,0.84592604637146,5,1904,2.1266021728515625
Low Transport,16,22122,8,1642,2,ands,ands,unrelated,0.84592604637146,5,1904,2.1266021728515625
Low Transport,16,22122,8,1642,3,iture,iture,unrelated,0.84592604637146,5,1904,2.1266021728515625
Low Transport,16,22122,8,1642,4,antioxid,antioxid,unrelated,0.84592604637146,5,1904,2.1266021728515625
Low Transport,16,22122,8,1642,5,CES,ces,unrelated,0.84592604637146,5,1904,2.1266021728515625
Low Transport,16,22122,8,1642,6,oplankton,oplankton,unrelated,0.84592604637146,5,1904,2.1266021728515625
Low Transport,16,22122,8,1642,7,ATER,ater,unrelated,0.84592604637146,5,1904,2.1266021728515625
Low Transport,16,22122,8,1642,8,itzer,itzer,unrelated,0.84592604637146,5,1904,2.1266021728515625
Low Transport,16,22122,8,1642,9,irmingham,irmingham,unrelated,0.84592604637146,5,1904,2.1266021728515625
Low Transport,16,22122,8,1642,10,berspace,berspace,unrelated,0.84592604637146,5,1904,2.1266021728515625
Low Transport,17,28666,11,506,1,estock,estock,unrelated,0.8448605537414551,5,1904,2.4225070476531982
Low Transport,17,28666,11,506,2,operability,operability,unrelated,0.8448605537414551,5,1904,2.4225070476531982
Low Transport,17,28666,11,506,3,cation,cation,unrelated,0.8448605537414551,5,1904,2.4225070476531982
Low Transport,17,28666,11,506,4,ulous,ulous,unrelated,0.8448605537414551,5,1904,2.4225070476531982
Low Transport,17,28666,11,506,5,hoea,hoea,unrelated,0.8448605537414551,5,1904,2.4225070476531982
Low Transport,17,28666,11,506,6,hoe,hoe,unrelated,0.8448605537414551,5,1904,2.4225070476531982
Low Transport,17,28666,11,506,7,embrance,embrance,unrelated,0.8448605537414551,5,1904,2.4225070476531982
Low Transport,17,28666,11,506,8,ropolitan,ropolitan,unrelated,0.8448605537414551,5,1904,2.4225070476531982
Low Transport,17,28666,11,506,9,ackexchange,ackexchange,unrelated,0.8448605537414551,5,1904,2.4225070476531982
Low Transport,17,28666,11,506,10,formance,formance,unrelated,0.8448605537414551,5,1904,2.4225070476531982
Low Transport,18,29519,11,1359,1,aloader,aloader,unrelated,0.8445348143577576,5,1904,3.2484829425811768
Low Transport,18,29519,11,1359,2,ometown,ometown,unrelated,0.8445348143577576,5,1904,3.2484829425811768
Low Transport,18,29519,11,1359,3,orgetown,orgetown,unrelated,0.8445348143577576,5,1904,3.2484829425811768
Low Transport,18,29519,11,1359,4,ijuana,ijuana,unrelated,0.8445348143577576,5,1904,3.2484829425811768
Low Transport,18,29519,11,1359,5,reponame,reponame,unrelated,0.8445348143577576,5,1904,3.2484829425811768
Low Transport,18,29519,11,1359,6,WID,wid,unrelated,0.8445348143577576,5,1904,3.2484829425811768
Low Transport,18,29519,11,1359,7,adelph,adelph,unrelated,0.8445348143577576,5,1904,3.2484829425811768
Low Transport,18,29519,11,1359,8,berspace,berspace,unrelated,0.8445348143577576,5,1904,3.2484829425811768
Low Transport,18,29519,11,1359,9,ulents,ulents,unrelated,0.8445348143577576,5,1904,3.2484829425811768
Low Transport,18,29519,11,1359,10,unken,unken,unrelated,0.8445348143577576,5,1904,3.2484829425811768
Low Transport,19,31998,12,1278,1,reponame,reponame,unrelated,0.8444314002990723,5,1904,2.2422802448272705
Low Transport,19,31998,12,1278,2,comings,comings,unrelated,0.8444314002990723,5,1904,2.2422802448272705
Low Transport,19,31998,12,1278,3,iliency,iliency,unrelated,0.8444314002990723,5,1904,2.2422802448272705
Low Transport,19,31998,12,1278,4,ackexchange,ackexchange,unrelated,0.8444314002990723,5,1904,2.2422802448272705
Low Transport,19,31998,12,1278,5,elior,elior,unrelated,0.8444314002990723,5,1904,2.2422802448272705
Low Transport,19,31998,12,1278,6,embrance,embrance,unrelated,0.8444314002990723,5,1904,2.2422802448272705
Low Transport,19,31998,12,1278,7,uggage,uggage,unrelated,0.8444314002990723,5,1904,2.2422802448272705
Low Transport,19,31998,12,1278,8,rowsiness,rowsiness,unrelated,0.8444314002990723,5,1904,2.2422802448272705
Low Transport,19,31998,12,1278,9,lemagne,lemagne,unrelated,0.8444314002990723,5,1904,2.2422802448272705
Low Transport,19,31998,12,1278,10,ioned,ioned,unrelated,0.8444314002990723,5,1904,2.2422802448272705
Low Transport,20,22678,8,2198,1,irmingham,irmingham,unrelated,0.844123363494873,5,1904,2.4998667240142822
Low Transport,20,22678,8,2198,2,ophysiology,ophysiology,unrelated,0.844123363494873,5,1904,2.4998667240142822
Low Transport,20,22678,8,2198,3,berspace,berspace,unrelated,0.844123363494873,5,1904,2.4998667240142822
Low Transport,20,22678,8,2198,4,mington,mington,unrelated,0.844123363494873,5,1904,2.4998667240142822
Low Transport,20,22678,8,2198,5,('.//,('.//,gibberish,0.844123363494873,5,1904,2.4998667240142822
Low Transport,20,22678,8,2198,6,uders,uders,unrelated,0.844123363494873,5,1904,2.4998667240142822
Low Transport,20,22678,8,2198,7,aphyl,aphyl,unrelated,0.844123363494873,5,1904,2.4998667240142822
Low Transport,20,22678,8,2198,8,pinephrine,pinephrine,unrelated,0.844123363494873,5,1904,2.4998667240142822
Low Transport,20,22678,8,2198,9,arag,arag,unrelated,0.844123363494873,5,1904,2.4998667240142822
Low Transport,20,22678,8,2198,10,assertAlmostEqual,assertalmostequal,unrelated,0.844123363494873,5,1904,2.4998667240142822
High Transport,1,19071,7,1151,1,high,high,exact_pos,1.0,7,1151,1.6969618797302246
High Transport,1,19071,7,1151,2,higher,higher,contains_pos,1.0,7,1151,1.6969618797302246
High Transport,1,19071,7,1151,3,above,above,unrelated,1.0,7,1151,1.6969618797302246
High Transport,1,19071,7,1151,4,>,>,gibberish,1.0,7,1151,1.6969618797302246
High Transport,1,19071,7,1151,5,lower,lower,unrelated,1.0,7,1151,1.6969618797302246
High Transport,1,19071,7,1151,6,large,large,unrelated,1.0,7,1151,1.6969618797302246
High Transport,1,19071,7,1151,7,>,>,gibberish,1.0,7,1151,1.6969618797302246
High Transport,1,19071,7,1151,8,highest,highest,contains_pos,1.0,7,1151,1.6969618797302246
High Transport,1,19071,7,1151,9,rising,rising,unrelated,1.0,7,1151,1.6969618797302246
High Transport,1,19071,7,1151,10,def,def,unrelated,1.0,7,1151,1.6969618797302246
High Transport,2,25594,9,2554,1,hard,hard,unrelated,1.0,9,2554,1.4063643217086792
High Transport,2,25594,9,2554,2,high,high,exact_pos,1.0,9,2554,1.4063643217086792
High Transport,2,25594,9,2554,3,intra,intra,unrelated,1.0,9,2554,1.4063643217086792
High Transport,2,25594,9,2554,4,low,low,unrelated,1.0,9,2554,1.4063643217086792
High Transport,2,25594,9,2554,5,CESS,cess,unrelated,1.0,9,2554,1.4063643217086792
High Transport,2,25594,9,2554,6,significant,significant,unrelated,1.0,9,2554,1.4063643217086792
High Transport,2,25594,9,2554,7,Intra,intra,unrelated,1.0,9,2554,1.4063643217086792
High Transport,2,25594,9,2554,8,high,high,exact_pos,1.0,9,2554,1.4063643217086792
High Transport,2,25594,9,2554,9,High,high,exact_pos,1.0,9,2554,1.4063643217086792
High Transport,2,25594,9,2554,10,Bard,bard,unrelated,1.0,9,2554,1.4063643217086792
High Transport,3,5946,2,826,1,high,high,exact_pos,1.0,2,826,1.4289681911468506
High Transport,3,5946,2,826,2,high,high,exact_pos,1.0,2,826,1.4289681911468506
High Transport,3,5946,2,826,3,asyncio,asyncio,unrelated,1.0,2,826,1.4289681911468506
High Transport,3,5946,2,826,4,search,search,unrelated,1.0,2,826,1.4289681911468506
High Transport,3,5946,2,826,5,in,in,unrelated,1.0,2,826,1.4289681911468506
High Transport,3,5946,2,826,6,frust,frust,unrelated,1.0,2,826,1.4289681911468506
High Transport,3,5946,2,826,7,High,high,exact_pos,1.0,2,826,1.4289681911468506
High Transport,3,5946,2,826,8,ä,ä,gibberish,1.0,2,826,1.4289681911468506
High Transport,3,5946,2,826,9,center,center,unrelated,1.0,2,826,1.4289681911468506
High Transport,3,5946,2,826,10,nee,nee,unrelated,1.0,2,826,1.4289681911468506
High Transport,4,3950,1,1390,1,doorstep,doorstep,unrelated,1.0,1,1390,1.3318697214126587
High Transport,4,3950,1,1390,2,conclud,conclud,unrelated,1.0,1,1390,1.3318697214126587
High Transport,4,3950,1,1390,3,arp,arp,unrelated,1.0,1,1390,1.3318697214126587
High Transport,4,3950,1,1390,4,upuncture,upuncture,unrelated,1.0,1,1390,1.3318697214126587
High Transport,4,3950,1,1390,5,High,high,exact_pos,1.0,1,1390,1.3318697214126587
High Transport,4,3950,1,1390,6,ler,ler,unrelated,1.0,1,1390,1.3318697214126587
High Transport,4,3950,1,1390,7,oons,oons,unrelated,1.0,1,1390,1.3318697214126587
High Transport,4,3950,1,1390,8,high,high,exact_pos,1.0,1,1390,1.3318697214126587
High Transport,4,3950,1,1390,9,hurd,hurd,unrelated,1.0,1,1390,1.3318697214126587
High Transport,4,3950,1,1390,10,proverb,proverb,unrelated,1.0,1,1390,1.3318697214126587
High Transport,5,8049,3,369,1,iagn,iagn,unrelated,1.0,3,369,1.7146179676055908
High Transport,5,8049,3,369,2,abets,abets,unrelated,1.0,3,369,1.7146179676055908
High Transport,5,8049,3,369,3,osate,osate,unrelated,1.0,3,369,1.7146179676055908
High Transport,5,8049,3,369,4,trl,trl,unrelated,1.0,3,369,1.7146179676055908
High Transport,5,8049,3,369,5,highest,highest,contains_pos,1.0,3,369,1.7146179676055908
High Transport,5,8049,3,369,6,unsuccessful,unsuccessful,unrelated,1.0,3,369,1.7146179676055908
High Transport,5,8049,3,369,7,highest,highest,contains_pos,1.0,3,369,1.7146179676055908
High Transport,5,8049,3,369,8,Musa,musa,unrelated,1.0,3,369,1.7146179676055908
High Transport,5,8049,3,369,9,||-,||-,gibberish,1.0,3,369,1.7146179676055908
High Transport,5,8049,3,369,10,hythm,hythm,unrelated,1.0,3,369,1.7146179676055908
High Transport,6,33694,13,414,1,"}"".","}"".",gibberish,1.0,13,414,1.3265480995178223
High Transport,6,33694,13,414,2,}'.,}'.,gibberish,1.0,13,414,1.3265480995178223
High Transport,6,33694,13,414,3,iest,iest,unrelated,1.0,13,414,1.3265480995178223
High Transport,6,33694,13,414,4,highest,highest,contains_pos,1.0,13,414,1.3265480995178223
High Transport,6,33694,13,414,5,main,main,unrelated,1.0,13,414,1.3265480995178223
High Transport,6,33694,13,414,6,hest,hest,unrelated,1.0,13,414,1.3265480995178223
High Transport,6,33694,13,414,7,happ,happ,unrelated,1.0,13,414,1.3265480995178223
High Transport,6,33694,13,414,8,ail,ail,unrelated,1.0,13,414,1.3265480995178223
High Transport,6,33694,13,414,9,highest,highest,contains_pos,1.0,13,414,1.3265480995178223
High Transport,6,33694,13,414,10,foreground,foreground,unrelated,1.0,13,414,1.3265480995178223
High Transport,7,3845,1,1285,1,firehose,firehose,unrelated,0.8875792622566223,3,369,2.2707102298736572
High Transport,7,3845,1,1285,2,osate,osate,unrelated,0.8875792622566223,3,369,2.2707102298736572
High Transport,7,3845,1,1285,3,sever,sever,unrelated,0.8875792622566223,3,369,2.2707102298736572
High Transport,7,3845,1,1285,4,Bluff,bluff,unrelated,0.8875792622566223,3,369,2.2707102298736572
High Transport,7,3845,1,1285,5,amentals,amentals,unrelated,0.8875792622566223,3,369,2.2707102298736572
High Transport,7,3845,1,1285,6,istry,istry,unrelated,0.8875792622566223,3,369,2.2707102298736572
High Transport,7,3845,1,1285,7,nearest,nearest,unrelated,0.8875792622566223,3,369,2.2707102298736572
High Transport,7,3845,1,1285,8,izontal,izontal,unrelated,0.8875792622566223,3,369,2.2707102298736572
High Transport,7,3845,1,1285,9,beit,beit,unrelated,0.8875792622566223,3,369,2.2707102298736572
High Transport,7,3845,1,1285,10,ACHE,ache,unrelated,0.8875792622566223,3,369,2.2707102298736572
High Transport,8,20439,7,2519,1,osate,osate,unrelated,0.8854309916496277,3,369,2.9615912437438965
High Transport,8,20439,7,2519,2,ampsia,ampsia,unrelated,0.8854309916496277,3,369,2.9615912437438965
High Transport,8,20439,7,2519,3,alination,alination,unrelated,0.8854309916496277,3,369,2.9615912437438965
High Transport,8,20439,7,2519,4,TRACT,tract,unrelated,0.8854309916496277,3,369,2.9615912437438965
High Transport,8,20439,7,2519,5,ropract,ropract,unrelated,0.8854309916496277,3,369,2.9615912437438965
High Transport,8,20439,7,2519,6,opold,opold,unrelated,0.8854309916496277,3,369,2.9615912437438965
High Transport,8,20439,7,2519,7,izoph,izoph,unrelated,0.8854309916496277,3,369,2.9615912437438965
High Transport,8,20439,7,2519,8,risings,risings,unrelated,0.8854309916496277,3,369,2.9615912437438965
High Transport,8,20439,7,2519,9,isure,isure,unrelated,0.8854309916496277,3,369,2.9615912437438965
High Transport,8,20439,7,2519,10,ethoven,ethoven,unrelated,0.8854309916496277,3,369,2.9615912437438965
High Transport,9,22197,8,1717,1,iagn,iagn,unrelated,0.8850982189178467,3,369,1.909818410873413
High Transport,9,22197,8,1717,2,continence,continence,unrelated,0.8850982189178467,3,369,1.909818410873413
High Transport,9,22197,8,1717,3,cosm,cosm,unrelated,0.8850982189178467,3,369,1.909818410873413
High Transport,9,22197,8,1717,4,ndrome,ndrome,unrelated,0.8850982189178467,3,369,1.909818410873413
High Transport,9,22197,8,1717,5,outward,outward,unrelated,0.8850982189178467,3,369,1.909818410873413
High Transport,9,22197,8,1717,6,ruct,ruct,unrelated,0.8850982189178467,3,369,1.909818410873413
High Transport,9,22197,8,1717,7,ovine,ovine,unrelated,0.8850982189178467,3,369,1.909818410873413
High Transport,9,22197,8,1717,8,cels,cels,unrelated,0.8850982189178467,3,369,1.909818410873413
High Transport,9,22197,8,1717,9,hogs,hogs,unrelated,0.8850982189178467,3,369,1.909818410873413
High Transport,9,22197,8,1717,10,asgow,asgow,unrelated,0.8850982189178467,3,369,1.909818410873413
High Transport,10,18253,7,333,1,ropract,ropract,unrelated,0.8848302364349365,3,369,2.6890311241149902
High Transport,10,18253,7,333,2,])[,])[,gibberish,0.8848302364349365,3,369,2.6890311241149902
High Transport,10,18253,7,333,3,graduates,graduates,unrelated,0.8848302364349365,3,369,2.6890311241149902
High Transport,10,18253,7,333,4,iagn,iagn,unrelated,0.8848302364349365,3,369,2.6890311241149902
High Transport,10,18253,7,333,5,ALTH,alth,unrelated,0.8848302364349365,3,369,2.6890311241149902
High Transport,10,18253,7,333,6,ikhail,ikhail,unrelated,0.8848302364349365,3,369,2.6890311241149902
High Transport,10,18253,7,333,7,<filename>,<filename>,unrelated,0.8848302364349365,3,369,2.6890311241149902
High Transport,10,18253,7,333,8,EFL,efl,unrelated,0.8848302364349365,3,369,2.6890311241149902
High Transport,10,18253,7,333,9,PAA,paa,unrelated,0.8848302364349365,3,369,2.6890311241149902
High Transport,10,18253,7,333,10,racuse,racuse,unrelated,0.8848302364349365,3,369,2.6890311241149902
High Transport,11,18818,7,898,1,esville,esville,unrelated,0.8842546939849854,3,369,3.348992347717285
High Transport,11,18818,7,898,2,risings,risings,unrelated,0.8842546939849854,3,369,3.348992347717285
High Transport,11,18818,7,898,3,||=||,||=||,gibberish,0.8842546939849854,3,369,3.348992347717285
High Transport,11,18818,7,898,4,osate,osate,unrelated,0.8842546939849854,3,369,3.348992347717285
High Transport,11,18818,7,898,5,phrine,phrine,unrelated,0.8842546939849854,3,369,3.348992347717285
High Transport,11,18818,7,898,6,umbai,umbai,unrelated,0.8842546939849854,3,369,3.348992347717285
High Transport,11,18818,7,898,7,UX,ux,unrelated,0.8842546939849854,3,369,3.348992347717285
High Transport,11,18818,7,898,8,ilantro,ilantro,unrelated,0.8842546939849854,3,369,3.348992347717285
High Transport,11,18818,7,898,9,sorption,sorption,unrelated,0.8842546939849854,3,369,3.348992347717285
High Transport,11,18818,7,898,10,faiss,faiss,unrelated,0.8842546939849854,3,369,3.348992347717285
High Transport,12,18752,7,832,1,osate,osate,unrelated,0.8841981887817383,3,369,2.347107410430908
High Transport,12,18752,7,832,2,ERIC,eric,unrelated,0.8841981887817383,3,369,2.347107410430908
High Transport,12,18752,7,832,3,|'\,|'\,gibberish,0.8841981887817383,3,369,2.347107410430908
High Transport,12,18752,7,832,4,?||,?||,gibberish,0.8841981887817383,3,369,2.347107410430908
High Transport,12,18752,7,832,5,ortium,ortium,unrelated,0.8841981887817383,3,369,2.347107410430908
High Transport,12,18752,7,832,6,oclonal,oclonal,unrelated,0.8841981887817383,3,369,2.347107410430908
High Transport,12,18752,7,832,7,terious,terious,unrelated,0.8841981887817383,3,369,2.347107410430908
High Transport,12,18752,7,832,8,practition,practition,unrelated,0.8841981887817383,3,369,2.347107410430908
High Transport,12,18752,7,832,9,intendent,intendent,unrelated,0.8841981887817383,3,369,2.347107410430908
High Transport,12,18752,7,832,10,:||,:||,gibberish,0.8841981887817383,3,369,2.347107410430908
High Transport,13,38628,15,228,1,forgettable,forgettable,unrelated,0.8835810422897339,3,369,2.555075168609619
High Transport,13,38628,15,228,2,Ishma,ishma,unrelated,0.8835810422897339,3,369,2.555075168609619
High Transport,13,38628,15,228,3,soriasis,soriasis,unrelated,0.8835810422897339,3,369,2.555075168609619
High Transport,13,38628,15,228,4,ulpt,ulpt,unrelated,0.8835810422897339,3,369,2.555075168609619
High Transport,13,38628,15,228,5,abets,abets,unrelated,0.8835810422897339,3,369,2.555075168609619
High Transport,13,38628,15,228,6,dprinting,dprinting,unrelated,0.8835810422897339,3,369,2.555075168609619
High Transport,13,38628,15,228,7,firehose,firehose,unrelated,0.8835810422897339,3,369,2.555075168609619
High Transport,13,38628,15,228,8,essori,essori,unrelated,0.8835810422897339,3,369,2.555075168609619
High Transport,13,38628,15,228,9,qdm,qdm,unrelated,0.8835810422897339,3,369,2.555075168609619
High Transport,13,38628,15,228,10,ederal,ederal,unrelated,0.8835810422897339,3,369,2.555075168609619
High Transport,14,18514,7,594,1,abets,abets,unrelated,0.8827195167541504,3,369,2.9100122451782227
High Transport,14,18514,7,594,2,<filename>,<filename>,unrelated,0.8827195167541504,3,369,2.9100122451782227
High Transport,14,18514,7,594,3,olkien,olkien,unrelated,0.8827195167541504,3,369,2.9100122451782227
High Transport,14,18514,7,594,4,forgettable,forgettable,unrelated,0.8827195167541504,3,369,2.9100122451782227
High Transport,14,18514,7,594,5,CreateModel,createmodel,unrelated,0.8827195167541504,3,369,2.9100122451782227
High Transport,14,18514,7,594,6,reponame,reponame,unrelated,0.8827195167541504,3,369,2.9100122451782227
High Transport,14,18514,7,594,7,osate,osate,unrelated,0.8827195167541504,3,369,2.9100122451782227
High Transport,14,18514,7,594,8,KeyNot,keynot,unrelated,0.8827195167541504,3,369,2.9100122451782227
High Transport,14,18514,7,594,9,rosine,rosine,unrelated,0.8827195167541504,3,369,2.9100122451782227
High Transport,14,18514,7,594,10,mares,mares,unrelated,0.8827195167541504,3,369,2.9100122451782227
High Transport,15,26754,10,1154,1,ceae,ceae,unrelated,0.8821525573730469,3,369,2.364670991897583
High Transport,15,26754,10,1154,2,iagn,iagn,unrelated,0.8821525573730469,3,369,2.364670991897583
High Transport,15,26754,10,1154,3,icuous,icuous,unrelated,0.8821525573730469,3,369,2.364670991897583
High Transport,15,26754,10,1154,4,iasis,iasis,unrelated,0.8821525573730469,3,369,2.364670991897583
High Transport,15,26754,10,1154,5,aseous,aseous,unrelated,0.8821525573730469,3,369,2.364670991897583
High Transport,15,26754,10,1154,6,uckland,uckland,unrelated,0.8821525573730469,3,369,2.364670991897583
High Transport,15,26754,10,1154,7,rapers,rapers,unrelated,0.8821525573730469,3,369,2.364670991897583
High Transport,15,26754,10,1154,8,firehose,firehose,unrelated,0.8821525573730469,3,369,2.364670991897583
High Transport,15,26754,10,1154,9,opold,opold,unrelated,0.8821525573730469,3,369,2.364670991897583
High Transport,15,26754,10,1154,10,ymal,ymal,unrelated,0.8821525573730469,3,369,2.364670991897583
High Transport,16,33934,13,654,1,oubted,oubted,unrelated,0.8812659382820129,3,369,2.910644769668579
High Transport,16,33934,13,654,2,ourgeois,ourgeois,unrelated,0.8812659382820129,3,369,2.910644769668579
High Transport,16,33934,13,654,3,osate,osate,unrelated,0.8812659382820129,3,369,2.910644769668579
High Transport,16,33934,13,654,4,vantages,vantages,unrelated,0.8812659382820129,3,369,2.910644769668579
High Transport,16,33934,13,654,5,uthors,uthors,unrelated,0.8812659382820129,3,369,2.910644769668579
High Transport,16,33934,13,654,6,idon,idon,unrelated,0.8812659382820129,3,369,2.910644769668579
High Transport,16,33934,13,654,7,iagnosed,iagnosed,unrelated,0.8812659382820129,3,369,2.910644769668579
High Transport,16,33934,13,654,8,uschwitz,uschwitz,unrelated,0.8812659382820129,3,369,2.910644769668579
High Transport,16,33934,13,654,9,izzard,izzard,unrelated,0.8812659382820129,3,369,2.910644769668579
High Transport,16,33934,13,654,10,?||,?||,gibberish,0.8812659382820129,3,369,2.910644769668579
High Transport,17,35921,14,81,1,peut,peut,unrelated,0.8809829950332642,3,369,2.4240267276763916
High Transport,17,35921,14,81,2,prudence,prudence,unrelated,0.8809829950332642,3,369,2.4240267276763916
High Transport,17,35921,14,81,3,openhagen,openhagen,unrelated,0.8809829950332642,3,369,2.4240267276763916
High Transport,17,35921,14,81,4,postdocs,postdocs,unrelated,0.8809829950332642,3,369,2.4240267276763916
High Transport,17,35921,14,81,5,mite,mite,unrelated,0.8809829950332642,3,369,2.4240267276763916
High Transport,17,35921,14,81,6,rabble,rabble,unrelated,0.8809829950332642,3,369,2.4240267276763916
High Transport,17,35921,14,81,7,iagn,iagn,unrelated,0.8809829950332642,3,369,2.4240267276763916
High Transport,17,35921,14,81,8,verte,verte,unrelated,0.8809829950332642,3,369,2.4240267276763916
High Transport,17,35921,14,81,9,everal,everal,unrelated,0.8809829950332642,3,369,2.4240267276763916
High Transport,17,35921,14,81,10,otrop,otrop,unrelated,0.8809829950332642,3,369,2.4240267276763916
High Transport,18,29031,11,871,1,ophila,ophila,unrelated,0.8805741667747498,3,369,2.7172937393188477
High Transport,18,29031,11,871,2,behavi,behavi,unrelated,0.8805741667747498,3,369,2.7172937393188477
High Transport,18,29031,11,871,3,transistors,transistors,unrelated,0.8805741667747498,3,369,2.7172937393188477
High Transport,18,29031,11,871,4,uschwitz,uschwitz,unrelated,0.8805741667747498,3,369,2.7172937393188477
High Transport,18,29031,11,871,5,SOFTWARE,software,unrelated,0.8805741667747498,3,369,2.7172937393188477
High Transport,18,29031,11,871,6,osate,osate,unrelated,0.8805741667747498,3,369,2.7172937393188477
High Transport,18,29031,11,871,7,ypical,ypical,unrelated,0.8805741667747498,3,369,2.7172937393188477
High Transport,18,29031,11,871,8,firehose,firehose,unrelated,0.8805741667747498,3,369,2.7172937393188477
High Transport,18,29031,11,871,9,stuffs,stuffs,unrelated,0.8805741667747498,3,369,2.7172937393188477
High Transport,18,29031,11,871,10,teasp,teasp,unrelated,0.8805741667747498,3,369,2.7172937393188477
High Transport,19,20863,8,383,1,osate,osate,unrelated,0.880488395690918,3,369,2.4268317222595215
High Transport,19,20863,8,383,2,olkien,olkien,unrelated,0.880488395690918,3,369,2.4268317222595215
High Transport,19,20863,8,383,3,"|','","|','",gibberish,0.880488395690918,3,369,2.4268317222595215
High Transport,19,20863,8,383,4,earchers,earchers,unrelated,0.880488395690918,3,369,2.4268317222595215
High Transport,19,20863,8,383,5,conclud,conclud,unrelated,0.880488395690918,3,369,2.4268317222595215
High Transport,19,20863,8,383,6,ocative,ocative,unrelated,0.880488395690918,3,369,2.4268317222595215
High Transport,19,20863,8,383,7,coholic,coholic,unrelated,0.880488395690918,3,369,2.4268317222595215
High Transport,19,20863,8,383,8,Upvotes,upvotes,unrelated,0.880488395690918,3,369,2.4268317222595215
High Transport,19,20863,8,383,9,occus,occus,unrelated,0.880488395690918,3,369,2.4268317222595215
High Transport,19,20863,8,383,10,",))",",))",gibberish,0.880488395690918,3,369,2.4268317222595215
High Transport,20,36395,14,555,1,osate,osate,unrelated,0.8800271153450012,3,369,2.2975122928619385
High Transport,20,36395,14,555,2,iodiversity,iodiversity,unrelated,0.8800271153450012,3,369,2.2975122928619385
High Transport,20,36395,14,555,3,herst,herst,unrelated,0.8800271153450012,3,369,2.2975122928619385
High Transport,20,36395,14,555,4,thalm,thalm,unrelated,0.8800271153450012,3,369,2.2975122928619385
High Transport,20,36395,14,555,5,odox,odox,unrelated,0.8800271153450012,3,369,2.2975122928619385
High Transport,20,36395,14,555,6,Subthreshold,subthreshold,unrelated,0.8800271153450012,3,369,2.2975122928619385
High Transport,20,36395,14,555,7,heumatic,heumatic,unrelated,0.8800271153450012,3,369,2.2975122928619385
High Transport,20,36395,14,555,8,phrine,phrine,unrelated,0.8800271153450012,3,369,2.2975122928619385
High Transport,20,36395,14,555,9,ulum,ulum,unrelated,0.8800271153450012,3,369,2.2975122928619385
High Transport,20,36395,14,555,10,abeth,abeth,unrelated,0.8800271153450012,3,369,2.2975122928619385
Slow Transport,1,435,0,435,1,size,size,unrelated,1.0,0,435,1.4060808420181274
Slow Transport,1,435,0,435,2,hang,hang,unrelated,1.0,0,435,1.4060808420181274
Slow Transport,1,435,0,435,3,slower,slower,contains_pos,1.0,0,435,1.4060808420181274
Slow Transport,1,435,0,435,4,slow,slow,exact_pos,1.0,0,435,1.4060808420181274
Slow Transport,1,435,0,435,5,heavy,heavy,unrelated,1.0,0,435,1.4060808420181274
Slow Transport,1,435,0,435,6,sized,sized,unrelated,1.0,0,435,1.4060808420181274
Slow Transport,1,435,0,435,7,arval,arval,unrelated,1.0,0,435,1.4060808420181274
Slow Transport,1,435,0,435,8,new,new,unrelated,1.0,0,435,1.4060808420181274
Slow Transport,1,435,0,435,9,Hang,hang,unrelated,1.0,0,435,1.4060808420181274
Slow Transport,1,435,0,435,10,Slow,slow,exact_pos,1.0,0,435,1.4060808420181274
Slow Transport,2,34736,13,1456,1,Beng,beng,unrelated,1.0,13,1456,1.0798568725585938
Slow Transport,2,34736,13,1456,2,ende,ende,unrelated,1.0,13,1456,1.0798568725585938
Slow Transport,2,34736,13,1456,3,PubMed,pubmed,unrelated,1.0,13,1456,1.0798568725585938
Slow Transport,2,34736,13,1456,4,ect,ect,unrelated,1.0,13,1456,1.0798568725585938
Slow Transport,2,34736,13,1456,5,BSE,bse,unrelated,1.0,13,1456,1.0798568725585938
Slow Transport,2,34736,13,1456,6,mixes,mixes,unrelated,1.0,13,1456,1.0798568725585938
Slow Transport,2,34736,13,1456,7,slowing,slowing,contains_pos,1.0,13,1456,1.0798568725585938
Slow Transport,2,34736,13,1456,8,complemented,complemented,unrelated,1.0,13,1456,1.0798568725585938
Slow Transport,2,34736,13,1456,9,pitched,pitched,unrelated,1.0,13,1456,1.0798568725585938
Slow Transport,2,34736,13,1456,10,slowed,slowed,contains_pos,1.0,13,1456,1.0798568725585938
Slow Transport,3,30317,11,2157,1,safety,safety,contains_pos,1.0,11,2157,1.3127397298812866
Slow Transport,3,30317,11,2157,2,og,og,unrelated,1.0,11,2157,1.3127397298812866
Slow Transport,3,30317,11,2157,3,Ang,ang,unrelated,1.0,11,2157,1.3127397298812866
Slow Transport,3,30317,11,2157,4,margin,margin,unrelated,1.0,11,2157,1.3127397298812866
Slow Transport,3,30317,11,2157,5,st,st,unrelated,1.0,11,2157,1.3127397298812866
Slow Transport,3,30317,11,2157,6,safe,safe,exact_pos,1.0,11,2157,1.3127397298812866
Slow Transport,3,30317,11,2157,7,safe,safe,exact_pos,1.0,11,2157,1.3127397298812866
Slow Transport,3,30317,11,2157,8,ovenant,ovenant,unrelated,1.0,11,2157,1.3127397298812866
Slow Transport,3,30317,11,2157,9,olkien,olkien,unrelated,1.0,11,2157,1.3127397298812866
Slow Transport,3,30317,11,2157,10,for,for,unrelated,1.0,11,2157,1.3127397298812866
Slow Transport,4,22749,8,2269,1,like,like,unrelated,1.0,8,2269,1.274963617324829
Slow Transport,4,22749,8,2269,2,arthen,arthen,unrelated,1.0,8,2269,1.274963617324829
Slow Transport,4,22749,8,2269,3,ometown,ometown,unrelated,1.0,8,2269,1.274963617324829
Slow Transport,4,22749,8,2269,4,thello,thello,unrelated,1.0,8,2269,1.274963617324829
Slow Transport,4,22749,8,2269,5,safest,safest,contains_pos,1.0,8,2269,1.274963617324829
Slow Transport,4,22749,8,2269,6,Safe,safe,exact_pos,1.0,8,2269,1.274963617324829
Slow Transport,4,22749,8,2269,7,inker,inker,unrelated,1.0,8,2269,1.274963617324829
Slow Transport,4,22749,8,2269,8,radle,radle,unrelated,1.0,8,2269,1.274963617324829
Slow Transport,4,22749,8,2269,9,highest,highest,unrelated,1.0,8,2269,1.274963617324829
Slow Transport,4,22749,8,2269,10,stable,stable,unrelated,1.0,8,2269,1.274963617324829
Slow Transport,5,26933,10,1333,1,upgrad,upgrad,unrelated,1.0,10,1333,1.0451515913009644
Slow Transport,5,26933,10,1333,2,etc,etc,unrelated,1.0,10,1333,1.0451515913009644
Slow Transport,5,26933,10,1333,3,etc,etc,unrelated,1.0,10,1333,1.0451515913009644
Slow Transport,5,26933,10,1333,4,extra,extra,unrelated,1.0,10,1333,1.0451515913009644
Slow Transport,5,26933,10,1333,5,safe,safe,exact_pos,1.0,10,1333,1.0451515913009644
Slow Transport,5,26933,10,1333,6,lay,lay,unrelated,1.0,10,1333,1.0451515913009644
Slow Transport,5,26933,10,1333,7,ç,ç,gibberish,1.0,10,1333,1.0451515913009644
Slow Transport,5,26933,10,1333,8,surviv,surviv,unrelated,1.0,10,1333,1.0451515913009644
Slow Transport,5,26933,10,1333,9,safer,safer,contains_pos,1.0,10,1333,1.0451515913009644
Slow Transport,5,26933,10,1333,10,_,_,gibberish,1.0,10,1333,1.0451515913009644
Slow Transport,6,13579,5,779,1,hoses,hoses,unrelated,1.0,5,779,1.0201596021652222
Slow Transport,6,13579,5,779,2,pav,pav,unrelated,1.0,5,779,1.0201596021652222
Slow Transport,6,13579,5,779,3,other,other,unrelated,1.0,5,779,1.0201596021652222
Slow Transport,6,13579,5,779,4,security,security,unrelated,1.0,5,779,1.0201596021652222
Slow Transport,6,13579,5,779,5,protective,protective,unrelated,1.0,5,779,1.0201596021652222
Slow Transport,6,13579,5,779,6,doubled,doubled,unrelated,1.0,5,779,1.0201596021652222
Slow Transport,6,13579,5,779,7,safety,safety,contains_pos,1.0,5,779,1.0201596021652222
Slow Transport,6,13579,5,779,8,theoretical,theoretical,unrelated,1.0,5,779,1.0201596021652222
Slow Transport,6,13579,5,779,9,Safety,safety,contains_pos,1.0,5,779,1.0201596021652222
Slow Transport,6,13579,5,779,10,Research,research,unrelated,1.0,5,779,1.0201596021652222
Slow Transport,7,40667,15,2267,1,postdoc,postdoc,unrelated,0.8771230578422546,13,1456,1.9932096004486084
Slow Transport,7,40667,15,2267,2,streng,streng,unrelated,0.8771230578422546,13,1456,1.9932096004486084
Slow Transport,7,40667,15,2267,3,toget,toget,unrelated,0.8771230578422546,13,1456,1.9932096004486084
Slow Transport,7,40667,15,2267,4,ccording,ccording,unrelated,0.8771230578422546,13,1456,1.9932096004486084
Slow Transport,7,40667,15,2267,5,diast,diast,unrelated,0.8771230578422546,13,1456,1.9932096004486084
Slow Transport,7,40667,15,2267,6,deepcopy,deepcopy,unrelated,0.8771230578422546,13,1456,1.9932096004486084
Slow Transport,7,40667,15,2267,7,gib,gib,unrelated,0.8771230578422546,13,1456,1.9932096004486084
Slow Transport,7,40667,15,2267,8,atar,atar,unrelated,0.8771230578422546,13,1456,1.9932096004486084
Slow Transport,7,40667,15,2267,9,Controlling,controlling,unrelated,0.8771230578422546,13,1456,1.9932096004486084
Slow Transport,7,40667,15,2267,10,plog,plog,unrelated,0.8771230578422546,13,1456,1.9932096004486084
Slow Transport,8,33505,13,225,1,subgen,subgen,unrelated,0.8761560320854187,13,1456,2.2263333797454834
Slow Transport,8,33505,13,225,2,encomp,encomp,unrelated,0.8761560320854187,13,1456,2.2263333797454834
Slow Transport,8,33505,13,225,3,ardu,ardu,unrelated,0.8761560320854187,13,1456,2.2263333797454834
Slow Transport,8,33505,13,225,4,toget,toget,unrelated,0.8761560320854187,13,1456,2.2263333797454834
Slow Transport,8,33505,13,225,5,acknow,acknow,unrelated,0.8761560320854187,13,1456,2.2263333797454834
Slow Transport,8,33505,13,225,6,monaster,monaster,unrelated,0.8761560320854187,13,1456,2.2263333797454834
Slow Transport,8,33505,13,225,7,includ,includ,unrelated,0.8761560320854187,13,1456,2.2263333797454834
Slow Transport,8,33505,13,225,8,pomegran,pomegran,unrelated,0.8761560320854187,13,1456,2.2263333797454834
Slow Transport,8,33505,13,225,9,ocument,ocument,unrelated,0.8761560320854187,13,1456,2.2263333797454834
Slow Transport,8,33505,13,225,10,postdocs,postdocs,unrelated,0.8761560320854187,13,1456,2.2263333797454834
Slow Transport,9,4867,1,2307,1,Casp,casp,unrelated,0.873974084854126,13,1456,1.4512343406677246
Slow Transport,9,4867,1,2307,2,Moderate,moderate,unrelated,0.873974084854126,13,1456,1.4512343406677246
Slow Transport,9,4867,1,2307,3,commerc,commerc,unrelated,0.873974084854126,13,1456,1.4512343406677246
Slow Transport,9,4867,1,2307,4,ventric,ventric,unrelated,0.873974084854126,13,1456,1.4512343406677246
Slow Transport,9,4867,1,2307,5,`):,`):,gibberish,0.873974084854126,13,1456,1.4512343406677246
Slow Transport,9,4867,1,2307,6,lof,lof,unrelated,0.873974084854126,13,1456,1.4512343406677246
Slow Transport,9,4867,1,2307,7,RSV,rsv,unrelated,0.873974084854126,13,1456,1.4512343406677246
Slow Transport,9,4867,1,2307,8,ccording,ccording,unrelated,0.873974084854126,13,1456,1.4512343406677246
Slow Transport,9,4867,1,2307,9,ermost,ermost,unrelated,0.873974084854126,13,1456,1.4512343406677246
Slow Transport,9,4867,1,2307,10,interspers,interspers,unrelated,0.873974084854126,13,1456,1.4512343406677246
Slow Transport,10,34419,13,1139,1,(@,(@,gibberish,0.8733314275741577,13,1456,2.1515450477600098
Slow Transport,10,34419,13,1139,2,Guideline,guideline,unrelated,0.8733314275741577,13,1456,2.1515450477600098
Slow Transport,10,34419,13,1139,3,izes,izes,unrelated,0.8733314275741577,13,1456,2.1515450477600098
Slow Transport,10,34419,13,1139,4,postdocs,postdocs,unrelated,0.8733314275741577,13,1456,2.1515450477600098
Slow Transport,10,34419,13,1139,5,NRC,nrc,unrelated,0.8733314275741577,13,1456,2.1515450477600098
Slow Transport,10,34419,13,1139,6,(:,(:,gibberish,0.8733314275741577,13,1456,2.1515450477600098
Slow Transport,10,34419,13,1139,7,ende,ende,unrelated,0.8733314275741577,13,1456,2.1515450477600098
Slow Transport,10,34419,13,1139,8,Shock,shock,unrelated,0.8733314275741577,13,1456,2.1515450477600098
Slow Transport,10,34419,13,1139,9,araoh,araoh,unrelated,0.8733314275741577,13,1456,2.1515450477600098
Slow Transport,10,34419,13,1139,10,",,,,,,,,",",,,,,,,,",gibberish,0.8733314275741577,13,1456,2.1515450477600098
Slow Transport,11,29114,11,954,1,/#,/#,gibberish,0.8733229041099548,13,1456,2.2761354446411133
Slow Transport,11,29114,11,954,2,conv,conv,unrelated,0.8733229041099548,13,1456,2.2761354446411133
Slow Transport,11,29114,11,954,3,ocyt,ocyt,unrelated,0.8733229041099548,13,1456,2.2761354446411133
Slow Transport,11,29114,11,954,4,strugg,strugg,unrelated,0.8733229041099548,13,1456,2.2761354446411133
Slow Transport,11,29114,11,954,5,",,,,,,,,",",,,,,,,,",gibberish,0.8733229041099548,13,1456,2.2761354446411133
Slow Transport,11,29114,11,954,6,|'),|'),gibberish,0.8733229041099548,13,1456,2.2761354446411133
Slow Transport,11,29114,11,954,7,ende,ende,unrelated,0.8733229041099548,13,1456,2.2761354446411133
Slow Transport,11,29114,11,954,8,Sac,sac,unrelated,0.8733229041099548,13,1456,2.2761354446411133
Slow Transport,11,29114,11,954,9,STEAM,steam,unrelated,0.8733229041099548,13,1456,2.2761354446411133
Slow Transport,11,29114,11,954,10,enric,enric,unrelated,0.8733229041099548,13,1456,2.2761354446411133
Slow Transport,12,31951,12,1231,1,oo,oo,unrelated,0.871880292892456,13,1456,1.98028564453125
Slow Transport,12,31951,12,1231,2,repay,repay,unrelated,0.871880292892456,13,1456,1.98028564453125
Slow Transport,12,31951,12,1231,3,escription,escription,unrelated,0.871880292892456,13,1456,1.98028564453125
Slow Transport,12,31951,12,1231,4,preserv,preserv,unrelated,0.871880292892456,13,1456,1.98028564453125
Slow Transport,12,31951,12,1231,5,collab,collab,unrelated,0.871880292892456,13,1456,1.98028564453125
Slow Transport,12,31951,12,1231,6,ordin,ordin,unrelated,0.871880292892456,13,1456,1.98028564453125
Slow Transport,12,31951,12,1231,7,appre,appre,unrelated,0.871880292892456,13,1456,1.98028564453125
Slow Transport,12,31951,12,1231,8,criptions,criptions,unrelated,0.871880292892456,13,1456,1.98028564453125
Slow Transport,12,31951,12,1231,9,Developed,developed,unrelated,0.871880292892456,13,1456,1.98028564453125
Slow Transport,12,31951,12,1231,10,transist,transist,unrelated,0.871880292892456,13,1456,1.98028564453125
Slow Transport,13,15700,6,340,1,|'.,|'.,gibberish,0.871344804763794,13,1456,1.8179612159729004
Slow Transport,13,15700,6,340,2,varic,varic,unrelated,0.871344804763794,13,1456,1.8179612159729004
Slow Transport,13,15700,6,340,3,"[...,","[...,",gibberish,0.871344804763794,13,1456,1.8179612159729004
Slow Transport,13,15700,6,340,4,injust,injust,unrelated,0.871344804763794,13,1456,1.8179612159729004
Slow Transport,13,15700,6,340,5,abnorm,abnorm,unrelated,0.871344804763794,13,1456,1.8179612159729004
Slow Transport,13,15700,6,340,6,"."".","."".",gibberish,0.871344804763794,13,1456,1.8179612159729004
Slow Transport,13,15700,6,340,7,uniqu,uniqu,unrelated,0.871344804763794,13,1456,1.8179612159729004
Slow Transport,13,15700,6,340,8,psychiat,psychiat,unrelated,0.871344804763794,13,1456,1.8179612159729004
Slow Transport,13,15700,6,340,9,antioxid,antioxid,unrelated,0.871344804763794,13,1456,1.8179612159729004
Slow Transport,13,15700,6,340,10,interspers,interspers,unrelated,0.871344804763794,13,1456,1.8179612159729004
Slow Transport,14,38949,15,549,1,describ,describ,unrelated,0.8707796335220337,13,1456,1.612199068069458
Slow Transport,14,38949,15,549,2,lapt,lapt,unrelated,0.8707796335220337,13,1456,1.612199068069458
Slow Transport,14,38949,15,549,3,neighb,neighb,unrelated,0.8707796335220337,13,1456,1.612199068069458
Slow Transport,14,38949,15,549,4,––,––,gibberish,0.8707796335220337,13,1456,1.612199068069458
Slow Transport,14,38949,15,549,5,resemb,resemb,unrelated,0.8707796335220337,13,1456,1.612199068069458
Slow Transport,14,38949,15,549,6,",,,,,,,,",",,,,,,,,",gibberish,0.8707796335220337,13,1456,1.612199068069458
Slow Transport,14,38949,15,549,7,Leban,leban,unrelated,0.8707796335220337,13,1456,1.612199068069458
Slow Transport,14,38949,15,549,8,neigh,neigh,unrelated,0.8707796335220337,13,1456,1.612199068069458
Slow Transport,14,38949,15,549,9,Characterization,characterization,unrelated,0.8707796335220337,13,1456,1.612199068069458
Slow Transport,14,38949,15,549,10,reins,reins,unrelated,0.8707796335220337,13,1456,1.612199068069458
Slow Transport,15,36567,14,727,1,ille,ille,unrelated,0.869608998298645,13,1456,2.2077455520629883
Slow Transport,15,36567,14,727,2,trimes,trimes,unrelated,0.869608998298645,13,1456,2.2077455520629883
Slow Transport,15,36567,14,727,3,cerity,cerity,unrelated,0.869608998298645,13,1456,2.2077455520629883
Slow Transport,15,36567,14,727,4,ikipedia,ikipedia,unrelated,0.869608998298645,13,1456,2.2077455520629883
Slow Transport,15,36567,14,727,5,BPD,bpd,unrelated,0.869608998298645,13,1456,2.2077455520629883
Slow Transport,15,36567,14,727,6,hogs,hogs,unrelated,0.869608998298645,13,1456,2.2077455520629883
Slow Transport,15,36567,14,727,7,",,,,,,,,",",,,,,,,,",gibberish,0.869608998298645,13,1456,2.2077455520629883
Slow Transport,15,36567,14,727,8,firehose,firehose,unrelated,0.869608998298645,13,1456,2.2077455520629883
Slow Transport,15,36567,14,727,9,ordin,ordin,unrelated,0.869608998298645,13,1456,2.2077455520629883
Slow Transport,15,36567,14,727,10,""""""",",""""""",",gibberish,0.869608998298645,13,1456,2.2077455520629883
Slow Transport,16,17414,6,2054,1,brim,brim,unrelated,0.8695297837257385,13,1456,1.9405043125152588
Slow Transport,16,17414,6,2054,2,interspers,interspers,unrelated,0.8695297837257385,13,1456,1.9405043125152588
Slow Transport,16,17414,6,2054,3,elitis,elitis,unrelated,0.8695297837257385,13,1456,1.9405043125152588
Slow Transport,16,17414,6,2054,4,aution,aution,unrelated,0.8695297837257385,13,1456,1.9405043125152588
Slow Transport,16,17414,6,2054,5,enthus,enthus,unrelated,0.8695297837257385,13,1456,1.9405043125152588
Slow Transport,16,17414,6,2054,6,TSD,tsd,unrelated,0.8695297837257385,13,1456,1.9405043125152588
Slow Transport,16,17414,6,2054,7,cientious,cientious,unrelated,0.8695297837257385,13,1456,1.9405043125152588
Slow Transport,16,17414,6,2054,8,Eras,eras,unrelated,0.8695297837257385,13,1456,1.9405043125152588
Slow Transport,16,17414,6,2054,9,pestic,pestic,unrelated,0.8695297837257385,13,1456,1.9405043125152588
Slow Transport,16,17414,6,2054,10,ingred,ingred,unrelated,0.8695297837257385,13,1456,1.9405043125152588
Slow Transport,17,29009,11,849,1,",,,,,,,,",",,,,,,,,",gibberish,0.8695219159126282,13,1456,2.62001895904541
Slow Transport,17,29009,11,849,2,reponame,reponame,unrelated,0.8695219159126282,13,1456,2.62001895904541
Slow Transport,17,29009,11,849,3,pregn,pregn,unrelated,0.8695219159126282,13,1456,2.62001895904541
Slow Transport,17,29009,11,849,4,ancock,ancock,unrelated,0.8695219159126282,13,1456,2.62001895904541
Slow Transport,17,29009,11,849,5,risings,risings,unrelated,0.8695219159126282,13,1456,2.62001895904541
Slow Transport,17,29009,11,849,6,postdoc,postdoc,unrelated,0.8695219159126282,13,1456,2.62001895904541
Slow Transport,17,29009,11,849,7,peutics,peutics,unrelated,0.8695219159126282,13,1456,2.62001895904541
Slow Transport,17,29009,11,849,8,neighb,neighb,unrelated,0.8695219159126282,13,1456,2.62001895904541
Slow Transport,17,29009,11,849,9,",,,,,,,,,,,,,,,,",",,,,,,,,,,,,,,,,",gibberish,0.8695219159126282,13,1456,2.62001895904541
Slow Transport,17,29009,11,849,10,dolph,dolph,unrelated,0.8695219159126282,13,1456,2.62001895904541
Slow Transport,18,29025,11,865,1,strugg,strugg,unrelated,0.8692781329154968,13,1456,2.068359851837158
Slow Transport,18,29025,11,865,2,ingred,ingred,unrelated,0.8692781329154968,13,1456,2.068359851837158
Slow Transport,18,29025,11,865,3,reluct,reluct,unrelated,0.8692781329154968,13,1456,2.068359851837158
Slow Transport,18,29025,11,865,4,Ayurved,ayurved,unrelated,0.8692781329154968,13,1456,2.068359851837158
Slow Transport,18,29025,11,865,5,ggish,ggish,unrelated,0.8692781329154968,13,1456,2.068359851837158
Slow Transport,18,29025,11,865,6,SDS,sds,unrelated,0.8692781329154968,13,1456,2.068359851837158
Slow Transport,18,29025,11,865,7,adolesc,adolesc,unrelated,0.8692781329154968,13,1456,2.068359851837158
Slow Transport,18,29025,11,865,8,assum,assum,unrelated,0.8692781329154968,13,1456,2.068359851837158
Slow Transport,18,29025,11,865,9,prepar,prepar,unrelated,0.8692781329154968,13,1456,2.068359851837158
Slow Transport,18,29025,11,865,10,necks,necks,unrelated,0.8692781329154968,13,1456,2.068359851837158
Slow Transport,19,24147,9,1107,1,Moroc,moroc,unrelated,0.8686184287071228,13,1456,1.7113966941833496
Slow Transport,19,24147,9,1107,2,ingred,ingred,unrelated,0.8686184287071228,13,1456,1.7113966941833496
Slow Transport,19,24147,9,1107,3,?||,?||,gibberish,0.8686184287071228,13,1456,1.7113966941833496
Slow Transport,19,24147,9,1107,4,strugg,strugg,unrelated,0.8686184287071228,13,1456,1.7113966941833496
Slow Transport,19,24147,9,1107,5,synerg,synerg,unrelated,0.8686184287071228,13,1456,1.7113966941833496
Slow Transport,19,24147,9,1107,6,staking,staking,unrelated,0.8686184287071228,13,1456,1.7113966941833496
Slow Transport,19,24147,9,1107,7,tering,tering,unrelated,0.8686184287071228,13,1456,1.7113966941833496
Slow Transport,19,24147,9,1107,8,adays,adays,unrelated,0.8686184287071228,13,1456,1.7113966941833496
Slow Transport,19,24147,9,1107,9,coerc,coerc,unrelated,0.8686184287071228,13,1456,1.7113966941833496
Slow Transport,19,24147,9,1107,10,('.//,('.//,gibberish,0.8686184287071228,13,1456,1.7113966941833496
Slow Transport,20,15439,6,79,1,trimes,trimes,unrelated,0.8685005903244019,13,1456,2.3522534370422363
Slow Transport,20,15439,6,79,2,antioxid,antioxid,unrelated,0.8685005903244019,13,1456,2.3522534370422363
Slow Transport,20,15439,6,79,3,Ply,ply,unrelated,0.8685005903244019,13,1456,2.3522534370422363
Slow Transport,20,15439,6,79,4,||$,||$,gibberish,0.8685005903244019,13,1456,2.3522534370422363
Slow Transport,20,15439,6,79,5,ccording,ccording,unrelated,0.8685005903244019,13,1456,2.3522534370422363
Slow Transport,20,15439,6,79,6,CHAR,char,unrelated,0.8685005903244019,13,1456,2.3522534370422363
Slow Transport,20,15439,6,79,7,commissioning,commissioning,unrelated,0.8685005903244019,13,1456,2.3522534370422363
Slow Transport,20,15439,6,79,8,↩,↩,gibberish,0.8685005903244019,13,1456,2.3522534370422363
Slow Transport,20,15439,6,79,9,ELTS,elts,unrelated,0.8685005903244019,13,1456,2.3522534370422363
Slow Transport,20,15439,6,79,10,wareness,wareness,unrelated,0.8685005903244019,13,1456,2.3522534370422363
Fast Transport,1,8565,3,885,1,fast,fast,exact_pos,1.0,3,885,1.4561116695404053
Fast Transport,1,8565,3,885,2,Events,events,unrelated,1.0,3,885,1.4561116695404053
Fast Transport,1,8565,3,885,3,experiment,experiment,unrelated,1.0,3,885,1.4561116695404053
Fast Transport,1,8565,3,885,4,iner,iner,unrelated,1.0,3,885,1.4561116695404053
Fast Transport,1,8565,3,885,5,enas,enas,unrelated,1.0,3,885,1.4561116695404053
Fast Transport,1,8565,3,885,6,event,event,unrelated,1.0,3,885,1.4561116695404053
Fast Transport,1,8565,3,885,7,Event,event,unrelated,1.0,3,885,1.4561116695404053
Fast Transport,1,8565,3,885,8,Carthage,carthage,unrelated,1.0,3,885,1.4561116695404053
Fast Transport,1,8565,3,885,9,fast,fast,exact_pos,1.0,3,885,1.4561116695404053
Fast Transport,1,8565,3,885,10,Events,events,unrelated,1.0,3,885,1.4561116695404053
Fast Transport,2,18804,7,884,1,risk,risk,exact_pos,1.0,7,884,1.2177237272262573
Fast Transport,2,18804,7,884,2,spare,spare,unrelated,1.0,7,884,1.2177237272262573
Fast Transport,2,18804,7,884,3,]).,]).,gibberish,1.0,7,884,1.2177237272262573
Fast Transport,2,18804,7,884,4,t,t,unrelated,1.0,7,884,1.2177237272262573
Fast Transport,2,18804,7,884,5,force,force,unrelated,1.0,7,884,1.2177237272262573
Fast Transport,2,18804,7,884,6,land,land,unrelated,1.0,7,884,1.2177237272262573
Fast Transport,2,18804,7,884,7,extensions,extensions,unrelated,1.0,7,884,1.2177237272262573
Fast Transport,2,18804,7,884,8,Risk,risk,exact_pos,1.0,7,884,1.2177237272262573
Fast Transport,2,18804,7,884,9,risk,risk,exact_pos,1.0,7,884,1.2177237272262573
Fast Transport,2,18804,7,884,10,state,state,unrelated,1.0,7,884,1.2177237272262573
Fast Transport,3,19564,7,1644,1,iriam,iriam,unrelated,1.0,7,1644,1.484093427658081
Fast Transport,3,19564,7,1644,2,=\,=\,gibberish,1.0,7,1644,1.484093427658081
Fast Transport,3,19564,7,1644,3,peer,peer,unrelated,1.0,7,1644,1.484093427658081
Fast Transport,3,19564,7,1644,4,================================,================================,gibberish,1.0,7,1644,1.484093427658081
Fast Transport,3,19564,7,1644,5,Vul,vul,unrelated,1.0,7,1644,1.484093427658081
Fast Transport,3,19564,7,1644,6,Risk,risk,exact_pos,1.0,7,1644,1.484093427658081
Fast Transport,3,19564,7,1644,7,risk,risk,exact_pos,1.0,7,1644,1.484093427658081
Fast Transport,3,19564,7,1644,8,hazard,hazard,unrelated,1.0,7,1644,1.484093427658081
Fast Transport,3,19564,7,1644,9,Pub,pub,unrelated,1.0,7,1644,1.484093427658081
Fast Transport,3,19564,7,1644,10,tal,tal,unrelated,1.0,7,1644,1.484093427658081
Fast Transport,4,31007,12,287,1,,,gibberish,1.0,12,287,1.4500815868377686
Fast Transport,4,31007,12,287,2,ref,ref,unrelated,1.0,12,287,1.4500815868377686
Fast Transport,4,31007,12,287,3,fastest,fastest,contains_pos,1.0,12,287,1.4500815868377686
Fast Transport,4,31007,12,287,4,media,media,unrelated,1.0,12,287,1.4500815868377686
Fast Transport,4,31007,12,287,5,‘,‘,gibberish,1.0,12,287,1.4500815868377686
Fast Transport,4,31007,12,287,6,"""—","""—",gibberish,1.0,12,287,1.4500815868377686
Fast Transport,4,31007,12,287,7,fast,fast,exact_pos,1.0,12,287,1.4500815868377686
Fast Transport,4,31007,12,287,8,marketing,marketing,unrelated,1.0,12,287,1.4500815868377686
Fast Transport,4,31007,12,287,9,stall,stall,unrelated,1.0,12,287,1.4500815868377686
Fast Transport,4,31007,12,287,10,,,gibberish,1.0,12,287,1.4500815868377686
Fast Transport,5,37834,14,1994,1,tole,tole,unrelated,0.9999999403953552,14,1994,1.3603622913360596
Fast Transport,5,37834,14,1994,2,faster,faster,contains_pos,0.9999999403953552,14,1994,1.3603622913360596
Fast Transport,5,37834,14,1994,3,fastest,fastest,contains_pos,0.9999999403953552,14,1994,1.3603622913360596
Fast Transport,5,37834,14,1994,4,constructor,constructor,unrelated,0.9999999403953552,14,1994,1.3603622913360596
Fast Transport,5,37834,14,1994,5,useum,useum,unrelated,0.9999999403953552,14,1994,1.3603622913360596
Fast Transport,5,37834,14,1994,6,isure,isure,unrelated,0.9999999403953552,14,1994,1.3603622913360596
Fast Transport,5,37834,14,1994,7,speed,speed,unrelated,0.9999999403953552,14,1994,1.3603622913360596
Fast Transport,5,37834,14,1994,8,quicker,quicker,unrelated,0.9999999403953552,14,1994,1.3603622913360596
Fast Transport,5,37834,14,1994,9,subprocess,subprocess,unrelated,0.9999999403953552,14,1994,1.3603622913360596
Fast Transport,5,37834,14,1994,10,quick,quick,unrelated,0.9999999403953552,14,1994,1.3603622913360596
Fast Transport,6,21215,8,735,1,ias,ias,unrelated,0.9999998807907104,8,735,1.2463057041168213
Fast Transport,6,21215,8,735,2,vanishing,vanishing,unrelated,0.9999998807907104,8,735,1.2463057041168213
Fast Transport,6,21215,8,735,3,scale,scale,unrelated,0.9999998807907104,8,735,1.2463057041168213
Fast Transport,6,21215,8,735,4,sign,sign,unrelated,0.9999998807907104,8,735,1.2463057041168213
Fast Transport,6,21215,8,735,5,h,h,unrelated,0.9999998807907104,8,735,1.2463057041168213
Fast Transport,6,21215,8,735,6,index,index,unrelated,0.9999998807907104,8,735,1.2463057041168213
Fast Transport,6,21215,8,735,7,fast,fast,exact_pos,0.9999998807907104,8,735,1.2463057041168213
Fast Transport,6,21215,8,735,8,fast,fast,exact_pos,0.9999998807907104,8,735,1.2463057041168213
Fast Transport,6,21215,8,735,9,fastest,fastest,contains_pos,0.9999998807907104,8,735,1.2463057041168213
Fast Transport,6,21215,8,735,10,p,p,unrelated,0.9999998807907104,8,735,1.2463057041168213
Fast Transport,7,17673,6,2313,1,PROVID,provid,unrelated,0.8197266459465027,7,1644,1.9165364503860474
Fast Transport,7,17673,6,2313,2,))[,))[,gibberish,0.8197266459465027,7,1644,1.9165364503860474
Fast Transport,7,17673,6,2313,3,ikhail,ikhail,unrelated,0.8197266459465027,7,1644,1.9165364503860474
Fast Transport,7,17673,6,2313,4,iriam,iriam,unrelated,0.8197266459465027,7,1644,1.9165364503860474
Fast Transport,7,17673,6,2313,5,Popen,popen,unrelated,0.8197266459465027,7,1644,1.9165364503860474
Fast Transport,7,17673,6,2313,6,ULD,uld,unrelated,0.8197266459465027,7,1644,1.9165364503860474
Fast Transport,7,17673,6,2313,7,deen,deen,unrelated,0.8197266459465027,7,1644,1.9165364503860474
Fast Transport,7,17673,6,2313,8,urface,urface,unrelated,0.8197266459465027,7,1644,1.9165364503860474
Fast Transport,7,17673,6,2313,9,…),…),gibberish,0.8197266459465027,7,1644,1.9165364503860474
Fast Transport,7,17673,6,2313,10,||$,||$,gibberish,0.8197266459465027,7,1644,1.9165364503860474
Fast Transport,8,16371,6,1011,1,)',)',gibberish,0.8187546730041504,7,1644,1.6610004901885986
Fast Transport,8,16371,6,1011,2,ilantro,ilantro,unrelated,0.8187546730041504,7,1644,1.6610004901885986
Fast Transport,8,16371,6,1011,3,iriam,iriam,unrelated,0.8187546730041504,7,1644,1.6610004901885986
Fast Transport,8,16371,6,1011,4,ikhail,ikhail,unrelated,0.8187546730041504,7,1644,1.6610004901885986
Fast Transport,8,16371,6,1011,5,Publisher,publisher,unrelated,0.8187546730041504,7,1644,1.6610004901885986
Fast Transport,8,16371,6,1011,6,plier,plier,unrelated,0.8187546730041504,7,1644,1.6610004901885986
Fast Transport,8,16371,6,1011,7,abeth,abeth,unrelated,0.8187546730041504,7,1644,1.6610004901885986
Fast Transport,8,16371,6,1011,8,teneg,teneg,unrelated,0.8187546730041504,7,1644,1.6610004901885986
Fast Transport,8,16371,6,1011,9,ilis,ilis,unrelated,0.8187546730041504,7,1644,1.6610004901885986
Fast Transport,8,16371,6,1011,10,sometime,sometime,unrelated,0.8187546730041504,7,1644,1.6610004901885986
Fast Transport,9,27834,10,2234,1,ikhail,ikhail,unrelated,0.8182519674301147,7,1644,3.8771567344665527
Fast Transport,9,27834,10,2234,2,iriam,iriam,unrelated,0.8182519674301147,7,1644,3.8771567344665527
Fast Transport,9,27834,10,2234,3,acerb,acerb,unrelated,0.8182519674301147,7,1644,3.8771567344665527
Fast Transport,9,27834,10,2234,4,iliency,iliency,unrelated,0.8182519674301147,7,1644,3.8771567344665527
Fast Transport,9,27834,10,2234,5,querque,querque,unrelated,0.8182519674301147,7,1644,3.8771567344665527
Fast Transport,9,27834,10,2234,6,raul,raul,unrelated,0.8182519674301147,7,1644,3.8771567344665527
Fast Transport,9,27834,10,2234,7,graduates,graduates,unrelated,0.8182519674301147,7,1644,3.8771567344665527
Fast Transport,9,27834,10,2234,8,Reals,reals,unrelated,0.8182519674301147,7,1644,3.8771567344665527
Fast Transport,9,27834,10,2234,9,"?"".","?"".",gibberish,0.8182519674301147,7,1644,3.8771567344665527
Fast Transport,9,27834,10,2234,10,glades,glades,unrelated,0.8182519674301147,7,1644,3.8771567344665527
Fast Transport,10,19907,7,1987,1,iriam,iriam,unrelated,0.8176189064979553,7,1644,2.325775623321533
Fast Transport,10,19907,7,1987,2,ikhail,ikhail,unrelated,0.8176189064979553,7,1644,2.325775623321533
Fast Transport,10,19907,7,1987,3,))[,))[,gibberish,0.8176189064979553,7,1644,2.325775623321533
Fast Transport,10,19907,7,1987,4,cerity,cerity,unrelated,0.8176189064979553,7,1644,2.325775623321533
Fast Transport,10,19907,7,1987,5,auri,auri,unrelated,0.8176189064979553,7,1644,2.325775623321533
Fast Transport,10,19907,7,1987,6,ropract,ropract,unrelated,0.8176189064979553,7,1644,2.325775623321533
Fast Transport,10,19907,7,1987,7,])[,])[,gibberish,0.8176189064979553,7,1644,2.325775623321533
Fast Transport,10,19907,7,1987,8,emeteries,emeteries,unrelated,0.8176189064979553,7,1644,2.325775623321533
Fast Transport,10,19907,7,1987,9,urai,urai,unrelated,0.8176189064979553,7,1644,2.325775623321533
Fast Transport,10,19907,7,1987,10,esterone,esterone,unrelated,0.8176189064979553,7,1644,2.325775623321533
Fast Transport,11,13380,5,580,1,iriam,iriam,unrelated,0.816742479801178,7,1644,2.3938746452331543
Fast Transport,11,13380,5,580,2,ococ,ococ,unrelated,0.816742479801178,7,1644,2.3938746452331543
Fast Transport,11,13380,5,580,3,astrous,astrous,unrelated,0.816742479801178,7,1644,2.3938746452331543
Fast Transport,11,13380,5,580,4,oflavin,oflavin,unrelated,0.816742479801178,7,1644,2.3938746452331543
Fast Transport,11,13380,5,580,5,",,,,,,,,",",,,,,,,,",gibberish,0.816742479801178,7,1644,2.3938746452331543
Fast Transport,11,13380,5,580,6,Leban,leban,unrelated,0.816742479801178,7,1644,2.3938746452331543
Fast Transport,11,13380,5,580,7,aternary,aternary,unrelated,0.816742479801178,7,1644,2.3938746452331543
Fast Transport,11,13380,5,580,8,KeyNot,keynot,unrelated,0.816742479801178,7,1644,2.3938746452331543
Fast Transport,11,13380,5,580,9,ISTORY,istory,unrelated,0.816742479801178,7,1644,2.3938746452331543
Fast Transport,11,13380,5,580,10,staking,staking,unrelated,0.816742479801178,7,1644,2.3938746452331543
Fast Transport,12,11172,4,932,1,iriam,iriam,unrelated,0.8164100646972656,7,1644,1.9623737335205078
Fast Transport,12,11172,4,932,2,ikhail,ikhail,unrelated,0.8164100646972656,7,1644,1.9623737335205078
Fast Transport,12,11172,4,932,3,uart,uart,unrelated,0.8164100646972656,7,1644,1.9623737335205078
Fast Transport,12,11172,4,932,4,lof,lof,unrelated,0.8164100646972656,7,1644,1.9623737335205078
Fast Transport,12,11172,4,932,5,stenosis,stenosis,unrelated,0.8164100646972656,7,1644,1.9623737335205078
Fast Transport,12,11172,4,932,6,EVENT,event,unrelated,0.8164100646972656,7,1644,1.9623737335205078
Fast Transport,12,11172,4,932,7,vandalism,vandalism,unrelated,0.8164100646972656,7,1644,1.9623737335205078
Fast Transport,12,11172,4,932,8,uggage,uggage,unrelated,0.8164100646972656,7,1644,1.9623737335205078
Fast Transport,12,11172,4,932,9,sites,sites,unrelated,0.8164100646972656,7,1644,1.9623737335205078
Fast Transport,12,11172,4,932,10,atson,atson,unrelated,0.8164100646972656,7,1644,1.9623737335205078
Fast Transport,13,28567,11,407,1,aspberries,aspberries,unrelated,0.8157859444618225,7,1644,2.343623399734497
Fast Transport,13,28567,11,407,2,ikhail,ikhail,unrelated,0.8157859444618225,7,1644,2.343623399734497
Fast Transport,13,28567,11,407,3,iriam,iriam,unrelated,0.8157859444618225,7,1644,2.343623399734497
Fast Transport,13,28567,11,407,4,'%,'%,gibberish,0.8157859444618225,7,1644,2.343623399734497
Fast Transport,13,28567,11,407,5,ondyl,ondyl,unrelated,0.8157859444618225,7,1644,2.343623399734497
Fast Transport,13,28567,11,407,6,rhizomes,rhizomes,unrelated,0.8157859444618225,7,1644,2.343623399734497
Fast Transport,13,28567,11,407,7,Ayurved,ayurved,unrelated,0.8157859444618225,7,1644,2.343623399734497
Fast Transport,13,28567,11,407,8,fri,fri,unrelated,0.8157859444618225,7,1644,2.343623399734497
Fast Transport,13,28567,11,407,9,�,�,gibberish,0.8157859444618225,7,1644,2.343623399734497
Fast Transport,13,28567,11,407,10,ilantro,ilantro,unrelated,0.8157859444618225,7,1644,2.343623399734497
Fast Transport,14,1611,0,1611,1,iriam,iriam,unrelated,0.8125422596931458,7,1644,2.6966946125030518
Fast Transport,14,1611,0,1611,2,dolph,dolph,unrelated,0.8125422596931458,7,1644,2.6966946125030518
Fast Transport,14,1611,0,1611,3,hots,hots,unrelated,0.8125422596931458,7,1644,2.6966946125030518
Fast Transport,14,1611,0,1611,4,ebra,ebra,unrelated,0.8125422596931458,7,1644,2.6966946125030518
Fast Transport,14,1611,0,1611,5,nyder,nyder,unrelated,0.8125422596931458,7,1644,2.6966946125030518
Fast Transport,14,1611,0,1611,6,inox,inox,unrelated,0.8125422596931458,7,1644,2.6966946125030518
Fast Transport,14,1611,0,1611,7,glades,glades,unrelated,0.8125422596931458,7,1644,2.6966946125030518
Fast Transport,14,1611,0,1611,8,mathemat,mathemat,unrelated,0.8125422596931458,7,1644,2.6966946125030518
Fast Transport,14,1611,0,1611,9,ignon,ignon,unrelated,0.8125422596931458,7,1644,2.6966946125030518
Fast Transport,14,1611,0,1611,10,intern,intern,unrelated,0.8125422596931458,7,1644,2.6966946125030518
Fast Transport,15,13637,5,837,1,iriam,iriam,unrelated,0.8122456073760986,7,1644,1.9419039487838745
Fast Transport,15,13637,5,837,2,]|,]|,gibberish,0.8122456073760986,7,1644,1.9419039487838745
Fast Transport,15,13637,5,837,3,__(*,__(*,gibberish,0.8122456073760986,7,1644,1.9419039487838745
Fast Transport,15,13637,5,837,4,fatig,fatig,unrelated,0.8122456073760986,7,1644,1.9419039487838745
Fast Transport,15,13637,5,837,5,isation,isation,unrelated,0.8122456073760986,7,1644,1.9419039487838745
Fast Transport,15,13637,5,837,6,icals,icals,unrelated,0.8122456073760986,7,1644,1.9419039487838745
Fast Transport,15,13637,5,837,7,leveland,leveland,unrelated,0.8122456073760986,7,1644,1.9419039487838745
Fast Transport,15,13637,5,837,8,enthus,enthus,unrelated,0.8122456073760986,7,1644,1.9419039487838745
Fast Transport,15,13637,5,837,9,nering,nering,unrelated,0.8122456073760986,7,1644,1.9419039487838745
Fast Transport,15,13637,5,837,10,itures,itures,unrelated,0.8122456073760986,7,1644,1.9419039487838745
Fast Transport,16,29978,11,1818,1,iriam,iriam,unrelated,0.8115071058273315,7,1644,2.368696928024292
Fast Transport,16,29978,11,1818,2,vironment,vironment,unrelated,0.8115071058273315,7,1644,2.368696928024292
Fast Transport,16,29978,11,1818,3,phans,phans,unrelated,0.8115071058273315,7,1644,2.368696928024292
Fast Transport,16,29978,11,1818,4,ctuaries,ctuaries,unrelated,0.8115071058273315,7,1644,2.368696928024292
Fast Transport,16,29978,11,1818,5,pubmed,pubmed,unrelated,0.8115071058273315,7,1644,2.368696928024292
Fast Transport,16,29978,11,1818,6,ynasty,ynasty,unrelated,0.8115071058273315,7,1644,2.368696928024292
Fast Transport,16,29978,11,1818,7,antioxid,antioxid,unrelated,0.8115071058273315,7,1644,2.368696928024292
Fast Transport,16,29978,11,1818,8,cels,cels,unrelated,0.8115071058273315,7,1644,2.368696928024292
Fast Transport,16,29978,11,1818,9,ediatr,ediatr,unrelated,0.8115071058273315,7,1644,2.368696928024292
Fast Transport,16,29978,11,1818,10,ethoven,ethoven,unrelated,0.8115071058273315,7,1644,2.368696928024292
Fast Transport,17,1784,0,1784,1,iriam,iriam,unrelated,0.8113264441490173,7,1644,2.6080920696258545
Fast Transport,17,1784,0,1784,2,osaic,osaic,unrelated,0.8113264441490173,7,1644,2.6080920696258545
Fast Transport,17,1784,0,1784,3,osaics,osaics,unrelated,0.8113264441490173,7,1644,2.6080920696258545
Fast Transport,17,1784,0,1784,4,ikhail,ikhail,unrelated,0.8113264441490173,7,1644,2.6080920696258545
Fast Transport,17,1784,0,1784,5,nering,nering,unrelated,0.8113264441490173,7,1644,2.6080920696258545
Fast Transport,17,1784,0,1784,6,ilient,ilient,unrelated,0.8113264441490173,7,1644,2.6080920696258545
Fast Transport,17,1784,0,1784,7,egrad,egrad,unrelated,0.8113264441490173,7,1644,2.6080920696258545
Fast Transport,17,1784,0,1784,8,pathlib,pathlib,unrelated,0.8113264441490173,7,1644,2.6080920696258545
Fast Transport,17,1784,0,1784,9,eveloped,eveloped,unrelated,0.8113264441490173,7,1644,2.6080920696258545
Fast Transport,17,1784,0,1784,10,PARTIC,partic,unrelated,0.8113264441490173,7,1644,2.6080920696258545
Fast Transport,18,39764,15,1364,1,iriam,iriam,unrelated,0.8100577592849731,7,1644,1.6288248300552368
Fast Transport,18,39764,15,1364,2,MER,mer,unrelated,0.8100577592849731,7,1644,1.6288248300552368
Fast Transport,18,39764,15,1364,3,uter,uter,unrelated,0.8100577592849731,7,1644,1.6288248300552368
Fast Transport,18,39764,15,1364,4,conclud,conclud,unrelated,0.8100577592849731,7,1644,1.6288248300552368
Fast Transport,18,39764,15,1364,5,):**,):**,gibberish,0.8100577592849731,7,1644,1.6288248300552368
Fast Transport,18,39764,15,1364,6,opards,opards,unrelated,0.8100577592849731,7,1644,1.6288248300552368
Fast Transport,18,39764,15,1364,7,uter,uter,unrelated,0.8100577592849731,7,1644,1.6288248300552368
Fast Transport,18,39764,15,1364,8,thereof,thereof,unrelated,0.8100577592849731,7,1644,1.6288248300552368
Fast Transport,18,39764,15,1364,9,plementary,plementary,unrelated,0.8100577592849731,7,1644,1.6288248300552368
Fast Transport,18,39764,15,1364,10,essionals,essionals,unrelated,0.8100577592849731,7,1644,1.6288248300552368
Fast Transport,19,8673,3,993,1,iriam,iriam,unrelated,0.8099687099456787,7,1644,2.2686238288879395
Fast Transport,19,8673,3,993,2,lehem,lehem,unrelated,0.8099687099456787,7,1644,2.2686238288879395
Fast Transport,19,8673,3,993,3,rowsiness,rowsiness,unrelated,0.8099687099456787,7,1644,2.2686238288879395
Fast Transport,19,8673,3,993,4,eforestation,eforestation,unrelated,0.8099687099456787,7,1644,2.2686238288879395
Fast Transport,19,8673,3,993,5,antioxid,antioxid,unrelated,0.8099687099456787,7,1644,2.2686238288879395
Fast Transport,19,8673,3,993,6,sonian,sonian,unrelated,0.8099687099456787,7,1644,2.2686238288879395
Fast Transport,19,8673,3,993,7,pril,pril,unrelated,0.8099687099456787,7,1644,2.2686238288879395
Fast Transport,19,8673,3,993,8,earchers,earchers,unrelated,0.8099687099456787,7,1644,2.2686238288879395
Fast Transport,19,8673,3,993,9,opold,opold,unrelated,0.8099687099456787,7,1644,2.2686238288879395
Fast Transport,19,8673,3,993,10,ervoir,ervoir,unrelated,0.8099687099456787,7,1644,2.2686238288879395
Fast Transport,20,39192,15,792,1,nering,nering,unrelated,0.8092958927154541,7,1644,1.8962852954864502
Fast Transport,20,39192,15,792,2,iriam,iriam,unrelated,0.8092958927154541,7,1644,1.8962852954864502
Fast Transport,20,39192,15,792,3,>`,>`,gibberish,0.8092958927154541,7,1644,1.8962852954864502
Fast Transport,20,39192,15,792,4,oriously,oriously,unrelated,0.8092958927154541,7,1644,1.8962852954864502
Fast Transport,20,39192,15,792,5,uggage,uggage,unrelated,0.8092958927154541,7,1644,1.8962852954864502
Fast Transport,20,39192,15,792,6,]//,]//,gibberish,0.8092958927154541,7,1644,1.8962852954864502
Fast Transport,20,39192,15,792,7,mary,mary,unrelated,0.8092958927154541,7,1644,1.8962852954864502
Fast Transport,20,39192,15,792,8,ktop,ktop,unrelated,0.8092958927154541,7,1644,1.8962852954864502
Fast Transport,20,39192,15,792,9,ikhail,ikhail,unrelated,0.8092958927154541,7,1644,1.8962852954864502
Fast Transport,20,39192,15,792,10,",:]",",:]",gibberish,0.8092958927154541,7,1644,1.8962852954864502
Green,1,34869,13,1589,1,of,of,unrelated,1.0,13,1589,2.893624782562256
Green,1,34869,13,1589,2,of,of,unrelated,1.0,13,1589,2.893624782562256
Green,1,34869,13,1589,3,Of,of,unrelated,1.0,13,1589,2.893624782562256
Green,1,34869,13,1589,4,Of,of,unrelated,1.0,13,1589,2.893624782562256
Green,1,34869,13,1589,5,OF,of,unrelated,1.0,13,1589,2.893624782562256
Green,1,34869,13,1589,6,OF,of,unrelated,1.0,13,1589,2.893624782562256
Green,1,34869,13,1589,7,abase,abase,unrelated,1.0,13,1589,2.893624782562256
Green,1,34869,13,1589,8,ophores,ophores,unrelated,1.0,13,1589,2.893624782562256
Green,1,34869,13,1589,9,greens,greens,contains_pos,1.0,13,1589,2.893624782562256
Green,1,34869,13,1589,10,ocardi,ocardi,unrelated,1.0,13,1589,2.893624782562256
Green,2,7088,2,1968,1,olkien,olkien,unrelated,1.0,2,1968,2.8647396564483643
Green,2,7088,2,1968,2,ISTORY,istory,unrelated,1.0,2,1968,2.8647396564483643
Green,2,7088,2,1968,3,unken,unken,unrelated,1.0,2,1968,2.8647396564483643
Green,2,7088,2,1968,4,ostering,ostering,unrelated,1.0,2,1968,2.8647396564483643
Green,2,7088,2,1968,5,aughters,aughters,unrelated,1.0,2,1968,2.8647396564483643
Green,2,7088,2,1968,6,aughtered,aughtered,neg,1.0,2,1968,2.8647396564483643
Green,2,7088,2,1968,7,chism,chism,unrelated,1.0,2,1968,2.8647396564483643
Green,2,7088,2,1968,8,ellington,ellington,unrelated,1.0,2,1968,2.8647396564483643
Green,2,7088,2,1968,9,greens,greens,contains_pos,1.0,2,1968,2.8647396564483643
Green,2,7088,2,1968,10,akings,akings,unrelated,1.0,2,1968,2.8647396564483643
Green,3,21478,8,998,1,negie,negie,unrelated,1.0,8,998,2.1739461421966553
Green,3,21478,8,998,2,rowsiness,rowsiness,unrelated,1.0,8,998,2.1739461421966553
Green,3,21478,8,998,3,cutta,cutta,unrelated,1.0,8,998,2.1739461421966553
Green,3,21478,8,998,4,olybden,olybden,unrelated,1.0,8,998,2.1739461421966553
Green,3,21478,8,998,5,ertiary,ertiary,unrelated,1.0,8,998,2.1739461421966553
Green,3,21478,8,998,6,greens,greens,contains_pos,1.0,8,998,2.1739461421966553
Green,3,21478,8,998,7,aternary,aternary,unrelated,1.0,8,998,2.1739461421966553
Green,3,21478,8,998,8,TPS,tps,unrelated,1.0,8,998,2.1739461421966553
Green,3,21478,8,998,9,urtles,urtles,unrelated,1.0,8,998,2.1739461421966553
Green,3,21478,8,998,10,ortunate,ortunate,unrelated,1.0,8,998,2.1739461421966553
Green,4,18789,7,869,1,('.//,('.//,gibberish,0.9999999403953552,7,869,2.1391913890838623
Green,4,18789,7,869,2,ulating,ulating,unrelated,0.9999999403953552,7,869,2.1391913890838623
Green,4,18789,7,869,3,swith,swith,unrelated,0.9999999403953552,7,869,2.1391913890838623
Green,4,18789,7,869,4,ulose,ulose,unrelated,0.9999999403953552,7,869,2.1391913890838623
Green,4,18789,7,869,5,"'}),","'}),",gibberish,0.9999999403953552,7,869,2.1391913890838623
Green,4,18789,7,869,6,greens,greens,contains_pos,0.9999999403953552,7,869,2.1391913890838623
Green,4,18789,7,869,7,oriously,oriously,unrelated,0.9999999403953552,7,869,2.1391913890838623
Green,4,18789,7,869,8,Prev,prev,unrelated,0.9999999403953552,7,869,2.1391913890838623
Green,4,18789,7,869,9,withstanding,withstanding,unrelated,0.9999999403953552,7,869,2.1391913890838623
Green,4,18789,7,869,10,Borne,borne,unrelated,0.9999999403953552,7,869,2.1391913890838623
Green,5,23903,9,863,1,aution,aution,unrelated,0.9999997615814209,9,863,1.7223252058029175
Green,5,23903,9,863,2,itext,itext,unrelated,0.9999997615814209,9,863,1.7223252058029175
Green,5,23903,9,863,3,green,green,exact_pos,0.9999997615814209,9,863,1.7223252058029175
Green,5,23903,9,863,4,icle,icle,unrelated,0.9999997615814209,9,863,1.7223252058029175
Green,5,23903,9,863,5,rosophila,rosophila,unrelated,0.9999997615814209,9,863,1.7223252058029175
Green,5,23903,9,863,6,REEN,reen,unrelated,0.9999997615814209,9,863,1.7223252058029175
Green,5,23903,9,863,7,ricia,ricia,unrelated,0.9999997615814209,9,863,1.7223252058029175
Green,5,23903,9,863,8,green,green,exact_pos,0.9999997615814209,9,863,1.7223252058029175
Green,5,23903,9,863,9,ichi,ichi,unrelated,0.9999997615814209,9,863,1.7223252058029175
Green,5,23903,9,863,10,lene,lene,unrelated,0.9999997615814209,9,863,1.7223252058029175
Green,6,33235,12,2515,1,ingly,ingly,unrelated,0.9999997615814209,12,2515,2.184640645980835
Green,6,33235,12,2515,2,maker,maker,unrelated,0.9999997615814209,12,2515,2.184640645980835
Green,6,33235,12,2515,3,grams,grams,unrelated,0.9999997615814209,12,2515,2.184640645980835
Green,6,33235,12,2515,4,ingles,ingles,unrelated,0.9999997615814209,12,2515,2.184640645980835
Green,6,33235,12,2515,5,greens,greens,contains_pos,0.9999997615814209,12,2515,2.184640645980835
Green,6,33235,12,2515,6,cephal,cephal,unrelated,0.9999997615814209,12,2515,2.184640645980835
Green,6,33235,12,2515,7,ceph,ceph,unrelated,0.9999997615814209,12,2515,2.184640645980835
Green,6,33235,12,2515,8,Fertility,fertility,unrelated,0.9999997615814209,12,2515,2.184640645980835
Green,6,33235,12,2515,9,Thomson,thomson,unrelated,0.9999997615814209,12,2515,2.184640645980835
Green,6,33235,12,2515,10,έ,έ,gibberish,0.9999997615814209,12,2515,2.184640645980835
Green,7,35063,13,1783,1,olkien,olkien,unrelated,0.9442659020423889,2,1968,5.406838417053223
Green,7,35063,13,1783,2,soriasis,soriasis,unrelated,0.9442659020423889,2,1968,5.406838417053223
Green,7,35063,13,1783,3,ountains,ountains,unrelated,0.9442659020423889,2,1968,5.406838417053223
Green,7,35063,13,1783,4,umbai,umbai,unrelated,0.9442659020423889,2,1968,5.406838417053223
Green,7,35063,13,1783,5,CLUD,clud,unrelated,0.9442659020423889,2,1968,5.406838417053223
Green,7,35063,13,1783,6,jango,jango,unrelated,0.9442659020423889,2,1968,5.406838417053223
Green,7,35063,13,1783,7,aughtered,aughtered,neg,0.9442659020423889,2,1968,5.406838417053223
Green,7,35063,13,1783,8,elior,elior,unrelated,0.9442659020423889,2,1968,5.406838417053223
Green,7,35063,13,1783,9,uckingham,uckingham,unrelated,0.9442659020423889,2,1968,5.406838417053223
Green,7,35063,13,1783,10,ackexchange,ackexchange,unrelated,0.9442659020423889,2,1968,5.406838417053223
Green,8,18319,7,399,1,olkien,olkien,unrelated,0.9374831914901733,2,1968,8.004631996154785
Green,8,18319,7,399,2,dprinting,dprinting,unrelated,0.9374831914901733,2,1968,8.004631996154785
Green,8,18319,7,399,3,uggage,uggage,unrelated,0.9374831914901733,2,1968,8.004631996154785
Green,8,18319,7,399,4,enfranch,enfranch,unrelated,0.9374831914901733,2,1968,8.004631996154785
Green,8,18319,7,399,5,ijuana,ijuana,unrelated,0.9374831914901733,2,1968,8.004631996154785
Green,8,18319,7,399,6,emetery,emetery,unrelated,0.9374831914901733,2,1968,8.004631996154785
Green,8,18319,7,399,7,yalgia,yalgia,unrelated,0.9374831914901733,2,1968,8.004631996154785
Green,8,18319,7,399,8,firehose,firehose,unrelated,0.9374831914901733,2,1968,8.004631996154785
Green,8,18319,7,399,9,reponame,reponame,unrelated,0.9374831914901733,2,1968,8.004631996154785
Green,8,18319,7,399,10,innitus,innitus,unrelated,0.9374831914901733,2,1968,8.004631996154785
Green,9,5989,2,869,1,olkien,olkien,unrelated,0.9374488592147827,2,1968,3.0237925052642822
Green,9,5989,2,869,2,viations,viations,unrelated,0.9374488592147827,2,1968,3.0237925052642822
Green,9,5989,2,869,3,ISTORY,istory,unrelated,0.9374488592147827,2,1968,3.0237925052642822
Green,9,5989,2,869,4,raltar,raltar,unrelated,0.9374488592147827,2,1968,3.0237925052642822
Green,9,5989,2,869,5,otten,otten,unrelated,0.9374488592147827,2,1968,3.0237925052642822
Green,9,5989,2,869,6,onsai,onsai,unrelated,0.9374488592147827,2,1968,3.0237925052642822
Green,9,5989,2,869,7,POSE,pose,unrelated,0.9374488592147827,2,1968,3.0237925052642822
Green,9,5989,2,869,8,cardia,cardia,unrelated,0.9374488592147827,2,1968,3.0237925052642822
Green,9,5989,2,869,9,chez,chez,unrelated,0.9374488592147827,2,1968,3.0237925052642822
Green,9,5989,2,869,10,airobi,airobi,unrelated,0.9374488592147827,2,1968,3.0237925052642822
Green,10,16676,6,1316,1,olkien,olkien,unrelated,0.9365472197532654,2,1968,3.5620102882385254
Green,10,16676,6,1316,2,olicies,olicies,unrelated,0.9365472197532654,2,1968,3.5620102882385254
Green,10,16676,6,1316,3,ISTORY,istory,unrelated,0.9365472197532654,2,1968,3.5620102882385254
Green,10,16676,6,1316,4,oughton,oughton,unrelated,0.9365472197532654,2,1968,3.5620102882385254
Green,10,16676,6,1316,5,aternity,aternity,unrelated,0.9365472197532654,2,1968,3.5620102882385254
Green,10,16676,6,1316,6,olybdenum,olybdenum,unrelated,0.9365472197532654,2,1968,3.5620102882385254
Green,10,16676,6,1316,7,othermia,othermia,unrelated,0.9365472197532654,2,1968,3.5620102882385254
Green,10,16676,6,1316,8,ternity,ternity,unrelated,0.9365472197532654,2,1968,3.5620102882385254
Green,10,16676,6,1316,9,reponame,reponame,unrelated,0.9365472197532654,2,1968,3.5620102882385254
Green,10,16676,6,1316,10,uxley,uxley,unrelated,0.9365472197532654,2,1968,3.5620102882385254
Green,11,17708,6,2348,1,olkien,olkien,unrelated,0.9347397685050964,2,1968,3.3207013607025146
Green,11,17708,6,2348,2,ISTORY,istory,unrelated,0.9347397685050964,2,1968,3.3207013607025146
Green,11,17708,6,2348,3,aphrag,aphrag,unrelated,0.9347397685050964,2,1968,3.3207013607025146
Green,11,17708,6,2348,4,ortium,ortium,unrelated,0.9347397685050964,2,1968,3.3207013607025146
Green,11,17708,6,2348,5,iagnosed,iagnosed,unrelated,0.9347397685050964,2,1968,3.3207013607025146
Green,11,17708,6,2348,6,unicip,unicip,unrelated,0.9347397685050964,2,1968,3.3207013607025146
Green,11,17708,6,2348,7,ynasty,ynasty,unrelated,0.9347397685050964,2,1968,3.3207013607025146
Green,11,17708,6,2348,8,abetics,abetics,unrelated,0.9347397685050964,2,1968,3.3207013607025146
Green,11,17708,6,2348,9,unningham,unningham,unrelated,0.9347397685050964,2,1968,3.3207013607025146
Green,11,17708,6,2348,10,othermia,othermia,unrelated,0.9347397685050964,2,1968,3.3207013607025146
Green,12,8913,3,1233,1,olkien,olkien,unrelated,0.934664785861969,2,1968,3.8186683654785156
Green,12,8913,3,1233,2,ISTORY,istory,unrelated,0.934664785861969,2,1968,3.8186683654785156
Green,12,8913,3,1233,3,elona,elona,unrelated,0.934664785861969,2,1968,3.8186683654785156
Green,12,8913,3,1233,4,emetery,emetery,unrelated,0.934664785861969,2,1968,3.8186683654785156
Green,12,8913,3,1233,5,izontal,izontal,unrelated,0.934664785861969,2,1968,3.8186683654785156
Green,12,8913,3,1233,6,ilantro,ilantro,unrelated,0.934664785861969,2,1968,3.8186683654785156
Green,12,8913,3,1233,7,ologna,ologna,unrelated,0.934664785861969,2,1968,3.8186683654785156
Green,12,8913,3,1233,8,ifflin,ifflin,unrelated,0.934664785861969,2,1968,3.8186683654785156
Green,12,8913,3,1233,9,ometown,ometown,unrelated,0.934664785861969,2,1968,3.8186683654785156
Green,12,8913,3,1233,10,phrine,phrine,unrelated,0.934664785861969,2,1968,3.8186683654785156
Green,13,25224,9,2184,1,olkien,olkien,unrelated,0.9332608580589294,2,1968,7.524350166320801
Green,13,25224,9,2184,2,reponame,reponame,unrelated,0.9332608580589294,2,1968,7.524350166320801
Green,13,25224,9,2184,3,innitus,innitus,unrelated,0.9332608580589294,2,1968,7.524350166320801
Green,13,25224,9,2184,4,ilantro,ilantro,unrelated,0.9332608580589294,2,1968,7.524350166320801
Green,13,25224,9,2184,5,uggage,uggage,unrelated,0.9332608580589294,2,1968,7.524350166320801
Green,13,25224,9,2184,6,emetery,emetery,unrelated,0.9332608580589294,2,1968,7.524350166320801
Green,13,25224,9,2184,7,ijuana,ijuana,unrelated,0.9332608580589294,2,1968,7.524350166320801
Green,13,25224,9,2184,8,ediatrics,ediatrics,unrelated,0.9332608580589294,2,1968,7.524350166320801
Green,13,25224,9,2184,9,aundice,aundice,unrelated,0.9332608580589294,2,1968,7.524350166320801
Green,13,25224,9,2184,10,ocese,ocese,unrelated,0.9332608580589294,2,1968,7.524350166320801
Green,14,577,0,577,1,olkien,olkien,unrelated,0.9328427314758301,2,1968,1.9658253192901611
Green,14,577,0,577,2,born,born,unrelated,0.9328427314758301,2,1968,1.9658253192901611
Green,14,577,0,577,3,junct,junct,unrelated,0.9328427314758301,2,1968,1.9658253192901611
Green,14,577,0,577,4,urized,urized,unrelated,0.9328427314758301,2,1968,1.9658253192901611
Green,14,577,0,577,5,ountains,ountains,unrelated,0.9328427314758301,2,1968,1.9658253192901611
Green,14,577,0,577,6,tagged,tagged,unrelated,0.9328427314758301,2,1968,1.9658253192901611
Green,14,577,0,577,7,elescope,elescope,unrelated,0.9328427314758301,2,1968,1.9658253192901611
Green,14,577,0,577,8,rames,rames,unrelated,0.9328427314758301,2,1968,1.9658253192901611
Green,14,577,0,577,9,ISTORY,istory,unrelated,0.9328427314758301,2,1968,1.9658253192901611
Green,14,577,0,577,10,engue,engue,unrelated,0.9328427314758301,2,1968,1.9658253192901611
Green,15,32124,12,1404,1,olkien,olkien,unrelated,0.9318816661834717,2,1968,2.5204172134399414
Green,15,32124,12,1404,2,wali,wali,unrelated,0.9318816661834717,2,1968,2.5204172134399414
Green,15,32124,12,1404,3,ellows,ellows,unrelated,0.9318816661834717,2,1968,2.5204172134399414
Green,15,32124,12,1404,4,arvation,arvation,unrelated,0.9318816661834717,2,1968,2.5204172134399414
Green,15,32124,12,1404,5,ISTORY,istory,unrelated,0.9318816661834717,2,1968,2.5204172134399414
Green,15,32124,12,1404,6,ometown,ometown,unrelated,0.9318816661834717,2,1968,2.5204172134399414
Green,15,32124,12,1404,7,yalgia,yalgia,unrelated,0.9318816661834717,2,1968,2.5204172134399414
Green,15,32124,12,1404,8,BooleanField,booleanfield,unrelated,0.9318816661834717,2,1968,2.5204172134399414
Green,15,32124,12,1404,9,estrian,estrian,unrelated,0.9318816661834717,2,1968,2.5204172134399414
Green,15,32124,12,1404,10,embrance,embrance,unrelated,0.9318816661834717,2,1968,2.5204172134399414
Green,16,32925,12,2205,1,olkien,olkien,unrelated,0.9313760995864868,2,1968,3.7893457412719727
Green,16,32925,12,2205,2,emetery,emetery,unrelated,0.9313760995864868,2,1968,3.7893457412719727
Green,16,32925,12,2205,3,jango,jango,unrelated,0.9313760995864868,2,1968,3.7893457412719727
Green,16,32925,12,2205,4,ometown,ometown,unrelated,0.9313760995864868,2,1968,3.7893457412719727
Green,16,32925,12,2205,5,ISTORY,istory,unrelated,0.9313760995864868,2,1968,3.7893457412719727
Green,16,32925,12,2205,6,ilantro,ilantro,unrelated,0.9313760995864868,2,1968,3.7893457412719727
Green,16,32925,12,2205,7,ediatric,ediatric,unrelated,0.9313760995864868,2,1968,3.7893457412719727
Green,16,32925,12,2205,8,edipus,edipus,unrelated,0.9313760995864868,2,1968,3.7893457412719727
Green,16,32925,12,2205,9,ayette,ayette,unrelated,0.9313760995864868,2,1968,3.7893457412719727
Green,16,32925,12,2205,10,pylobacter,pylobacter,unrelated,0.9313760995864868,2,1968,3.7893457412719727
Green,17,16199,6,839,1,olkien,olkien,unrelated,0.9312728047370911,2,1968,3.2598469257354736
Green,17,16199,6,839,2,HCR,hcr,unrelated,0.9312728047370911,2,1968,3.2598469257354736
Green,17,16199,6,839,3,firehose,firehose,unrelated,0.9312728047370911,2,1968,3.2598469257354736
Green,17,16199,6,839,4,ostering,ostering,unrelated,0.9312728047370911,2,1968,3.2598469257354736
Green,17,16199,6,839,5,outheastern,outheastern,unrelated,0.9312728047370911,2,1968,3.2598469257354736
Green,17,16199,6,839,6,ultz,ultz,unrelated,0.9312728047370911,2,1968,3.2598469257354736
Green,17,16199,6,839,7,airobi,airobi,unrelated,0.9312728047370911,2,1968,3.2598469257354736
Green,17,16199,6,839,8,ificial,ificial,unrelated,0.9312728047370911,2,1968,3.2598469257354736
Green,17,16199,6,839,9,ulpt,ulpt,unrelated,0.9312728047370911,2,1968,3.2598469257354736
Green,17,16199,6,839,10,otives,otives,unrelated,0.9312728047370911,2,1968,3.2598469257354736
Green,18,20,0,20,1,olkien,olkien,unrelated,0.9312726259231567,2,1968,3.9426980018615723
Green,18,20,0,20,2,omencl,omencl,unrelated,0.9312726259231567,2,1968,3.9426980018615723
Green,18,20,0,20,3,earchers,earchers,unrelated,0.9312726259231567,2,1968,3.9426980018615723
Green,18,20,0,20,4,giene,giene,unrelated,0.9312726259231567,2,1968,3.9426980018615723
Green,18,20,0,20,5,oises,oises,unrelated,0.9312726259231567,2,1968,3.9426980018615723
Green,18,20,0,20,6,firehose,firehose,unrelated,0.9312726259231567,2,1968,3.9426980018615723
Green,18,20,0,20,7,assador,assador,unrelated,0.9312726259231567,2,1968,3.9426980018615723
Green,18,20,0,20,8,terol,terol,unrelated,0.9312726259231567,2,1968,3.9426980018615723
Green,18,20,0,20,9,araoh,araoh,unrelated,0.9312726259231567,2,1968,3.9426980018615723
Green,18,20,0,20,10,parency,parency,unrelated,0.9312726259231567,2,1968,3.9426980018615723
Green,19,4385,1,1825,1,olkien,olkien,unrelated,0.9310014843940735,2,1968,3.1869025230407715
Green,19,4385,1,1825,2,emeteries,emeteries,unrelated,0.9310014843940735,2,1968,3.1869025230407715
Green,19,4385,1,1825,3,geoId,geoid,unrelated,0.9310014843940735,2,1968,3.1869025230407715
Green,19,4385,1,1825,4,reponame,reponame,unrelated,0.9310014843940735,2,1968,3.1869025230407715
Green,19,4385,1,1825,5,oughton,oughton,unrelated,0.9310014843940735,2,1968,3.1869025230407715
Green,19,4385,1,1825,6,asphem,asphem,unrelated,0.9310014843940735,2,1968,3.1869025230407715
Green,19,4385,1,1825,7,apagos,apagos,unrelated,0.9310014843940735,2,1968,3.1869025230407715
Green,19,4385,1,1825,8,onsai,onsai,unrelated,0.9310014843940735,2,1968,3.1869025230407715
Green,19,4385,1,1825,9,ibli,ibli,unrelated,0.9310014843940735,2,1968,3.1869025230407715
Green,19,4385,1,1825,10,ffiti,ffiti,unrelated,0.9310014843940735,2,1968,3.1869025230407715
Green,20,2136,0,2136,1,olkien,olkien,unrelated,0.9303287267684937,2,1968,4.2221150398254395
Green,20,2136,0,2136,2,pril,pril,unrelated,0.9303287267684937,2,1968,4.2221150398254395
Green,20,2136,0,2136,3,roxy,roxy,unrelated,0.9303287267684937,2,1968,4.2221150398254395
Green,20,2136,0,2136,4,tings,tings,unrelated,0.9303287267684937,2,1968,4.2221150398254395
Green,20,2136,0,2136,5,IDD,idd,unrelated,0.9303287267684937,2,1968,4.2221150398254395
Green,20,2136,0,2136,6,sorption,sorption,unrelated,0.9303287267684937,2,1968,4.2221150398254395
Green,20,2136,0,2136,7,teenth,teenth,unrelated,0.9303287267684937,2,1968,4.2221150398254395
Green,20,2136,0,2136,8,sers,sers,unrelated,0.9303287267684937,2,1968,4.2221150398254395
Green,20,2136,0,2136,9,teneg,teneg,unrelated,0.9303287267684937,2,1968,4.2221150398254395
Green,20,2136,0,2136,10,orkshire,orkshire,unrelated,0.9303287267684937,2,1968,4.2221150398254395
Red,1,23404,9,364,1,ucalypt,ucalypt,unrelated,1.0,9,364,2.1473333835601807
Red,1,23404,9,364,2,swered,swered,contains_pos,1.0,9,364,2.1473333835601807
Red,1,23404,9,364,3,pered,pered,contains_pos,1.0,9,364,2.1473333835601807
Red,1,23404,9,364,4,paralleled,paralleled,unrelated,1.0,9,364,2.1473333835601807
Red,1,23404,9,364,5,teenth,teenth,unrelated,1.0,9,364,2.1473333835601807
Red,1,23404,9,364,6,rene,rene,unrelated,1.0,9,364,2.1473333835601807
Red,1,23404,9,364,7,asured,asured,contains_pos,1.0,9,364,2.1473333835601807
Red,1,23404,9,364,8,ucaly,ucaly,unrelated,1.0,9,364,2.1473333835601807
Red,1,23404,9,364,9,ANC,anc,unrelated,1.0,9,364,2.1473333835601807
Red,1,23404,9,364,10,ULT,ult,unrelated,1.0,9,364,2.1473333835601807
Red,2,39778,15,1378,1,rown,rown,unrelated,1.0,15,1378,1.5938234329223633
Red,2,39778,15,1378,2,roximately,roximately,unrelated,1.0,15,1378,1.5938234329223633
Red,2,39778,15,1378,3,acy,acy,unrelated,1.0,15,1378,1.5938234329223633
Red,2,39778,15,1378,4,rys,rys,unrelated,1.0,15,1378,1.5938234329223633
Red,2,39778,15,1378,5,iqued,iqued,unrelated,1.0,15,1378,1.5938234329223633
Red,2,39778,15,1378,6,ared,ared,contains_pos,1.0,15,1378,1.5938234329223633
Red,2,39778,15,1378,7,ered,ered,contains_pos,1.0,15,1378,1.5938234329223633
Red,2,39778,15,1378,8,roring,roring,unrelated,1.0,15,1378,1.5938234329223633
Red,2,39778,15,1378,9,hered,hered,contains_pos,1.0,15,1378,1.5938234329223633
Red,2,39778,15,1378,10,honour,honour,unrelated,1.0,15,1378,1.5938234329223633
Red,3,4546,1,1986,1,Red,red,exact_pos,1.0,1,1986,1.335023283958435
Red,3,4546,1,1986,2,",",",",gibberish,1.0,1,1986,1.335023283958435
Red,3,4546,1,1986,3,red,red,exact_pos,1.0,1,1986,1.335023283958435
Red,3,4546,1,1986,4,individual,individual,unrelated,1.0,1,1986,1.335023283958435
Red,3,4546,1,1986,5,inger,inger,unrelated,1.0,1,1986,1.335023283958435
Red,3,4546,1,1986,6,Red,red,exact_pos,1.0,1,1986,1.335023283958435
Red,3,4546,1,1986,7,tu,tu,unrelated,1.0,1,1986,1.335023283958435
Red,3,4546,1,1986,8,practice,practice,unrelated,1.0,1,1986,1.335023283958435
Red,3,4546,1,1986,9,client,client,unrelated,1.0,1,1986,1.335023283958435
Red,3,4546,1,1986,10,ign,ign,unrelated,1.0,1,1986,1.335023283958435
Red,4,37809,14,1969,1,installment,installment,unrelated,1.0,14,1969,1.2594759464263916
Red,4,37809,14,1969,2,predictions,predictions,contains_pos,1.0,14,1969,1.2594759464263916
Red,4,37809,14,1969,3,prediction,prediction,contains_pos,1.0,14,1969,1.2594759464263916
Red,4,37809,14,1969,4,instance,instance,unrelated,1.0,14,1969,1.2594759464263916
Red,4,37809,14,1969,5,Criticism,criticism,unrelated,1.0,14,1969,1.2594759464263916
Red,4,37809,14,1969,6,kn,kn,unrelated,1.0,14,1969,1.2594759464263916
Red,4,37809,14,1969,7,predictions,predictions,contains_pos,1.0,14,1969,1.2594759464263916
Red,4,37809,14,1969,8,sed,sed,unrelated,1.0,14,1969,1.2594759464263916
Red,4,37809,14,1969,9,<filename>,<filename>,unrelated,1.0,14,1969,1.2594759464263916
Red,4,37809,14,1969,10,ripped,ripped,unrelated,1.0,14,1969,1.2594759464263916
Red,5,191,0,191,1,onsai,onsai,unrelated,1.0,0,191,3.0300183296203613
Red,5,191,0,191,2,icators,icators,unrelated,1.0,0,191,3.0300183296203613
Red,5,191,0,191,3,erglass,erglass,unrelated,1.0,0,191,3.0300183296203613
Red,5,191,0,191,4,aughtered,aughtered,contains_pos,1.0,0,191,3.0300183296203613
Red,5,191,0,191,5,athyroid,athyroid,unrelated,1.0,0,191,3.0300183296203613
Red,5,191,0,191,6,amboo,amboo,unrelated,1.0,0,191,3.0300183296203613
Red,5,191,0,191,7,soriasis,soriasis,unrelated,1.0,0,191,3.0300183296203613
Red,5,191,0,191,8,nered,nered,contains_pos,1.0,0,191,3.0300183296203613
Red,5,191,0,191,9,ovine,ovine,unrelated,1.0,0,191,3.0300183296203613
Red,5,191,0,191,10,aseous,aseous,unrelated,1.0,0,191,3.0300183296203613
Red,6,10231,3,2551,1,outheastern,outheastern,unrelated,0.9999998807907104,3,2551,1.8832165002822876
Red,6,10231,3,2551,2,angered,angered,contains_pos,0.9999998807907104,3,2551,1.8832165002822876
Red,6,10231,3,2551,3,OrderedDict,ordereddict,contains_pos,0.9999998807907104,3,2551,1.8832165002822876
Red,6,10231,3,2551,4,issance,issance,unrelated,0.9999998807907104,3,2551,1.8832165002822876
Red,6,10231,3,2551,5,aughed,aughed,unrelated,0.9999998807907104,3,2551,1.8832165002822876
Red,6,10231,3,2551,6,edes,edes,unrelated,0.9999998807907104,3,2551,1.8832165002822876
Red,6,10231,3,2551,7,aughtered,aughtered,contains_pos,0.9999998807907104,3,2551,1.8832165002822876
Red,6,10231,3,2551,8,inguishable,inguishable,unrelated,0.9999998807907104,3,2551,1.8832165002822876
Red,6,10231,3,2551,9,ipl,ipl,unrelated,0.9999998807907104,3,2551,1.8832165002822876
Red,6,10231,3,2551,10,agland,agland,unrelated,0.9999998807907104,3,2551,1.8832165002822876
Red,7,24358,9,1318,1,onsai,onsai,unrelated,0.9320156574249268,0,191,2.9799509048461914
Red,7,24358,9,1318,2,ifug,ifug,unrelated,0.9320156574249268,0,191,2.9799509048461914
Red,7,24358,9,1318,3,ureus,ureus,unrelated,0.9320156574249268,0,191,2.9799509048461914
Red,7,24358,9,1318,4,astrous,astrous,unrelated,0.9320156574249268,0,191,2.9799509048461914
Red,7,24358,9,1318,5,Picchu,picchu,unrelated,0.9320156574249268,0,191,2.9799509048461914
Red,7,24358,9,1318,6,incinn,incinn,unrelated,0.9320156574249268,0,191,2.9799509048461914
Red,7,24358,9,1318,7,urai,urai,unrelated,0.9320156574249268,0,191,2.9799509048461914
Red,7,24358,9,1318,8,ologna,ologna,unrelated,0.9320156574249268,0,191,2.9799509048461914
Red,7,24358,9,1318,9,subplots,subplots,unrelated,0.9320156574249268,0,191,2.9799509048461914
Red,7,24358,9,1318,10,cedented,cedented,unrelated,0.9320156574249268,0,191,2.9799509048461914
Red,8,2267,0,2267,1,onsai,onsai,unrelated,0.9294144511222839,0,191,3.103437900543213
Red,8,2267,0,2267,2,uclear,uclear,unrelated,0.9294144511222839,0,191,3.103437900543213
Red,8,2267,0,2267,3,termedi,termedi,unrelated,0.9294144511222839,0,191,3.103437900543213
Red,8,2267,0,2267,4,asphem,asphem,unrelated,0.9294144511222839,0,191,3.103437900543213
Red,8,2267,0,2267,5,izontal,izontal,unrelated,0.9294144511222839,0,191,3.103437900543213
Red,8,2267,0,2267,6,firehose,firehose,unrelated,0.9294144511222839,0,191,3.103437900543213
Red,8,2267,0,2267,7,cience,cience,unrelated,0.9294144511222839,0,191,3.103437900543213
Red,8,2267,0,2267,8,irmingham,irmingham,unrelated,0.9294144511222839,0,191,3.103437900543213
Red,8,2267,0,2267,9,querque,querque,unrelated,0.9294144511222839,0,191,3.103437900543213
Red,8,2267,0,2267,10,umatic,umatic,unrelated,0.9294144511222839,0,191,3.103437900543213
Red,9,2223,0,2223,1,ovine,ovine,unrelated,0.9290532469749451,0,191,2.229395866394043
Red,9,2223,0,2223,2,estone,estone,unrelated,0.9290532469749451,0,191,2.229395866394043
Red,9,2223,0,2223,3,aseous,aseous,unrelated,0.9290532469749451,0,191,2.229395866394043
Red,9,2223,0,2223,4,oxel,oxel,unrelated,0.9290532469749451,0,191,2.229395866394043
Red,9,2223,0,2223,5,erglass,erglass,unrelated,0.9290532469749451,0,191,2.229395866394043
Red,9,2223,0,2223,6,onsai,onsai,unrelated,0.9290532469749451,0,191,2.229395866394043
Red,9,2223,0,2223,7,ILD,ild,unrelated,0.9290532469749451,0,191,2.229395866394043
Red,9,2223,0,2223,8,iffel,iffel,unrelated,0.9290532469749451,0,191,2.229395866394043
Red,9,2223,0,2223,9,uckland,uckland,unrelated,0.9290532469749451,0,191,2.229395866394043
Red,9,2223,0,2223,10,ensibly,ensibly,unrelated,0.9290532469749451,0,191,2.229395866394043
Red,10,6730,2,1610,1,irmingham,irmingham,unrelated,0.9282369613647461,0,191,2.2725977897644043
Red,10,6730,2,1610,2,onsai,onsai,unrelated,0.9282369613647461,0,191,2.2725977897644043
Red,10,6730,2,1610,3,ortium,ortium,unrelated,0.9282369613647461,0,191,2.2725977897644043
Red,10,6730,2,1610,4,incinn,incinn,unrelated,0.9282369613647461,0,191,2.2725977897644043
Red,10,6730,2,1610,5,erglass,erglass,unrelated,0.9282369613647461,0,191,2.2725977897644043
Red,10,6730,2,1610,6,odont,odont,unrelated,0.9282369613647461,0,191,2.2725977897644043
Red,10,6730,2,1610,7,aphrag,aphrag,unrelated,0.9282369613647461,0,191,2.2725977897644043
Red,10,6730,2,1610,8,soriasis,soriasis,unrelated,0.9282369613647461,0,191,2.2725977897644043
Red,10,6730,2,1610,9,ISTORY,istory,unrelated,0.9282369613647461,0,191,2.2725977897644043
Red,10,6730,2,1610,10,lando,lando,unrelated,0.9282369613647461,0,191,2.2725977897644043
Red,11,26289,10,689,1,onsai,onsai,unrelated,0.9262917637825012,0,191,3.7591440677642822
Red,11,26289,10,689,2,rared,rared,contains_pos,0.9262917637825012,0,191,3.7591440677642822
Red,11,26289,10,689,3,uggage,uggage,unrelated,0.9262917637825012,0,191,3.7591440677642822
Red,11,26289,10,689,4,aternary,aternary,unrelated,0.9262917637825012,0,191,3.7591440677642822
Red,11,26289,10,689,5,upuncture,upuncture,unrelated,0.9262917637825012,0,191,3.7591440677642822
Red,11,26289,10,689,6,soriasis,soriasis,unrelated,0.9262917637825012,0,191,3.7591440677642822
Red,11,26289,10,689,7,SWORD,sword,unrelated,0.9262917637825012,0,191,3.7591440677642822
Red,11,26289,10,689,8,essori,essori,unrelated,0.9262917637825012,0,191,3.7591440677642822
Red,11,26289,10,689,9,agland,agland,unrelated,0.9262917637825012,0,191,3.7591440677642822
Red,11,26289,10,689,10,oclonal,oclonal,unrelated,0.9262917637825012,0,191,3.7591440677642822
Red,12,1704,0,1704,1,onsai,onsai,unrelated,0.925707995891571,0,191,3.192244052886963
Red,12,1704,0,1704,2,ustaining,ustaining,unrelated,0.925707995891571,0,191,3.192244052886963
Red,12,1704,0,1704,3,ourgeois,ourgeois,unrelated,0.925707995891571,0,191,3.192244052886963
Red,12,1704,0,1704,4,emeteries,emeteries,unrelated,0.925707995891571,0,191,3.192244052886963
Red,12,1704,0,1704,5,uckingham,uckingham,unrelated,0.925707995891571,0,191,3.192244052886963
Red,12,1704,0,1704,6,ovine,ovine,unrelated,0.925707995891571,0,191,3.192244052886963
Red,12,1704,0,1704,7,oclonal,oclonal,unrelated,0.925707995891571,0,191,3.192244052886963
Red,12,1704,0,1704,8,ubilee,ubilee,unrelated,0.925707995891571,0,191,3.192244052886963
Red,12,1704,0,1704,9,enics,enics,unrelated,0.925707995891571,0,191,3.192244052886963
Red,12,1704,0,1704,10,unding,unding,unrelated,0.925707995891571,0,191,3.192244052886963
Red,13,4025,1,1465,1,onsai,onsai,unrelated,0.925028383731842,0,191,3.3052031993865967
Red,13,4025,1,1465,2,UTE,ute,unrelated,0.925028383731842,0,191,3.3052031993865967
Red,13,4025,1,1465,3,irmingham,irmingham,unrelated,0.925028383731842,0,191,3.3052031993865967
Red,13,4025,1,1465,4,osate,osate,unrelated,0.925028383731842,0,191,3.3052031993865967
Red,13,4025,1,1465,5,HOUT,hout,unrelated,0.925028383731842,0,191,3.3052031993865967
Red,13,4025,1,1465,6,erosene,erosene,unrelated,0.925028383731842,0,191,3.3052031993865967
Red,13,4025,1,1465,7,UTH,uth,unrelated,0.925028383731842,0,191,3.3052031993865967
Red,13,4025,1,1465,8,icals,icals,unrelated,0.925028383731842,0,191,3.3052031993865967
Red,13,4025,1,1465,9,ostering,ostering,unrelated,0.925028383731842,0,191,3.3052031993865967
Red,13,4025,1,1465,10,ifflin,ifflin,unrelated,0.925028383731842,0,191,3.3052031993865967
Red,14,28225,11,65,1,onsai,onsai,unrelated,0.9248456954956055,0,191,2.429474115371704
Red,14,28225,11,65,2,achelor,achelor,unrelated,0.9248456954956055,0,191,2.429474115371704
Red,14,28225,11,65,3,utans,utans,unrelated,0.9248456954956055,0,191,2.429474115371704
Red,14,28225,11,65,4,riendly,riendly,unrelated,0.9248456954956055,0,191,2.429474115371704
Red,14,28225,11,65,5,soriasis,soriasis,unrelated,0.9248456954956055,0,191,2.429474115371704
Red,14,28225,11,65,6,creas,creas,unrelated,0.9248456954956055,0,191,2.429474115371704
Red,14,28225,11,65,7,phans,phans,unrelated,0.9248456954956055,0,191,2.429474115371704
Red,14,28225,11,65,8,alach,alach,unrelated,0.9248456954956055,0,191,2.429474115371704
Red,14,28225,11,65,9,idians,idians,unrelated,0.9248456954956055,0,191,2.429474115371704
Red,14,28225,11,65,10,essim,essim,unrelated,0.9248456954956055,0,191,2.429474115371704
Red,15,6707,2,1587,1,onsai,onsai,unrelated,0.9242744445800781,0,191,3.3880300521850586
Red,15,6707,2,1587,2,PAA,paa,unrelated,0.9242744445800781,0,191,3.3880300521850586
Red,15,6707,2,1587,3,iodiversity,iodiversity,unrelated,0.9242744445800781,0,191,3.3880300521850586
Red,15,6707,2,1587,4,iliency,iliency,unrelated,0.9242744445800781,0,191,3.3880300521850586
Red,15,6707,2,1587,5,pinephrine,pinephrine,unrelated,0.9242744445800781,0,191,3.3880300521850586
Red,15,6707,2,1587,6,illion,illion,unrelated,0.9242744445800781,0,191,3.3880300521850586
Red,15,6707,2,1587,7,irmingham,irmingham,unrelated,0.9242744445800781,0,191,3.3880300521850586
Red,15,6707,2,1587,8,aspberries,aspberries,unrelated,0.9242744445800781,0,191,3.3880300521850586
Red,15,6707,2,1587,9,plotlib,plotlib,unrelated,0.9242744445800781,0,191,3.3880300521850586
Red,15,6707,2,1587,10,phenotype,phenotype,unrelated,0.9242744445800781,0,191,3.3880300521850586
Red,16,16695,6,1335,1,onsai,onsai,unrelated,0.9240255355834961,0,191,2.9559130668640137
Red,16,16695,6,1335,2,itoring,itoring,unrelated,0.9240255355834961,0,191,2.9559130668640137
Red,16,16695,6,1335,3,rugu,rugu,unrelated,0.9240255355834961,0,191,2.9559130668640137
Red,16,16695,6,1335,4,ologna,ologna,unrelated,0.9240255355834961,0,191,2.9559130668640137
Red,16,16695,6,1335,5,aughtered,aughtered,contains_pos,0.9240255355834961,0,191,2.9559130668640137
Red,16,16695,6,1335,6,ilantro,ilantro,unrelated,0.9240255355834961,0,191,2.9559130668640137
Red,16,16695,6,1335,7,olkien,olkien,unrelated,0.9240255355834961,0,191,2.9559130668640137
Red,16,16695,6,1335,8,opold,opold,unrelated,0.9240255355834961,0,191,2.9559130668640137
Red,16,16695,6,1335,9,ymour,ymour,unrelated,0.9240255355834961,0,191,2.9559130668640137
Red,16,16695,6,1335,10,enfranch,enfranch,unrelated,0.9240255355834961,0,191,2.9559130668640137
Red,17,39925,15,1525,1,onsai,onsai,unrelated,0.9237232208251953,0,191,2.455538272857666
Red,17,39925,15,1525,2,ifflin,ifflin,unrelated,0.9237232208251953,0,191,2.455538272857666
Red,17,39925,15,1525,3,WARRAN,warran,unrelated,0.9237232208251953,0,191,2.455538272857666
Red,17,39925,15,1525,4,amboo,amboo,unrelated,0.9237232208251953,0,191,2.455538272857666
Red,17,39925,15,1525,5,eylon,eylon,unrelated,0.9237232208251953,0,191,2.455538272857666
Red,17,39925,15,1525,6,kegee,kegee,unrelated,0.9237232208251953,0,191,2.455538272857666
Red,17,39925,15,1525,7,IMPLIED,implied,unrelated,0.9237232208251953,0,191,2.455538272857666
Red,17,39925,15,1525,8,aturity,aturity,unrelated,0.9237232208251953,0,191,2.455538272857666
Red,17,39925,15,1525,9,osaics,osaics,unrelated,0.9237232208251953,0,191,2.455538272857666
Red,17,39925,15,1525,10,queeze,queeze,unrelated,0.9237232208251953,0,191,2.455538272857666
Red,18,4567,1,2007,1,onsai,onsai,unrelated,0.9233068227767944,0,191,2.906975269317627
Red,18,4567,1,2007,2,moil,moil,unrelated,0.9233068227767944,0,191,2.906975269317627
Red,18,4567,1,2007,3,ilantro,ilantro,unrelated,0.9233068227767944,0,191,2.906975269317627
Red,18,4567,1,2007,4,achelor,achelor,unrelated,0.9233068227767944,0,191,2.906975269317627
Red,18,4567,1,2007,5,ishop,ishop,unrelated,0.9233068227767944,0,191,2.906975269317627
Red,18,4567,1,2007,6,ipeg,ipeg,unrelated,0.9233068227767944,0,191,2.906975269317627
Red,18,4567,1,2007,7,essori,essori,unrelated,0.9233068227767944,0,191,2.906975269317627
Red,18,4567,1,2007,8,ishops,ishops,unrelated,0.9233068227767944,0,191,2.906975269317627
Red,18,4567,1,2007,9,orepinephrine,orepinephrine,unrelated,0.9233068227767944,0,191,2.906975269317627
Red,18,4567,1,2007,10,iagnosed,iagnosed,unrelated,0.9233068227767944,0,191,2.906975269317627
Red,19,15196,5,2396,1,onsai,onsai,unrelated,0.9226868152618408,0,191,2.308222532272339
Red,19,15196,5,2396,2,ISTORY,istory,unrelated,0.9226868152618408,0,191,2.308222532272339
Red,19,15196,5,2396,3,achine,achine,unrelated,0.9226868152618408,0,191,2.308222532272339
Red,19,15196,5,2396,4,icators,icators,unrelated,0.9226868152618408,0,191,2.308222532272339
Red,19,15196,5,2396,5,ourgeois,ourgeois,unrelated,0.9226868152618408,0,191,2.308222532272339
Red,19,15196,5,2396,6,letcher,letcher,unrelated,0.9226868152618408,0,191,2.308222532272339
Red,19,15196,5,2396,7,rimental,rimental,unrelated,0.9226868152618408,0,191,2.308222532272339
Red,19,15196,5,2396,8,ercury,ercury,unrelated,0.9226868152618408,0,191,2.308222532272339
Red,19,15196,5,2396,9,uckingham,uckingham,unrelated,0.9226868152618408,0,191,2.308222532272339
Red,19,15196,5,2396,10,utenberg,utenberg,unrelated,0.9226868152618408,0,191,2.308222532272339
Red,20,28183,11,23,1,onsai,onsai,unrelated,0.9223872423171997,0,191,2.8613815307617188
Red,20,28183,11,23,2,ISTORY,istory,unrelated,0.9223872423171997,0,191,2.8613815307617188
Red,20,28183,11,23,3,ucalypt,ucalypt,unrelated,0.9223872423171997,0,191,2.8613815307617188
Red,20,28183,11,23,4,edom,edom,unrelated,0.9223872423171997,0,191,2.8613815307617188
Red,20,28183,11,23,5,ighthouse,ighthouse,unrelated,0.9223872423171997,0,191,2.8613815307617188
Red,20,28183,11,23,6,endix,endix,unrelated,0.9223872423171997,0,191,2.8613815307617188
Red,20,28183,11,23,7,ourgeois,ourgeois,unrelated,0.9223872423171997,0,191,2.8613815307617188
Red,20,28183,11,23,8,aucoma,aucoma,unrelated,0.9223872423171997,0,191,2.8613815307617188
Red,20,28183,11,23,9,iodiversity,iodiversity,unrelated,0.9223872423171997,0,191,2.8613815307617188
Red,20,28183,11,23,10,soriasis,soriasis,unrelated,0.9223872423171997,0,191,2.8613815307617188
