episode_idx,chunk_step,trace_step,pred_fk_z,pred_mapped_shoulder_pan,pred_mapped_shoulder_lift,pred_mapped_elbow_flex,pred_mapped_wrist_flex,pred_mapped_wrist_roll,pred_mapped_gripper,actual_trace_step,actual_fk_z,pred_minus_actual_fk_z,actual_shoulder_pan,pred_minus_actual_shoulder_pan,actual_shoulder_lift,pred_minus_actual_shoulder_lift,actual_elbow_flex,pred_minus_actual_elbow_flex,actual_wrist_flex,pred_minus_actual_wrist_flex,actual_wrist_roll,pred_minus_actual_wrist_roll,actual_gripper,pred_minus_actual_gripper
0,0,100,0.032737586772397936,-12.369014952417963,39.211127432625936,-23.99603823394038,100.0,-10.616872198998774,19.797369266378748,104,0.027098094469745926,0.0056394923026520105,-12.478632926940918,0.10961797452295485,37.36979293823242,1.8413344943935144,-22.514354705810547,-1.4816835281298317,100.0,0.0,-11.69719123840332,1.0803190394045465,20.89093780517578,-1.093568538797033
0,1,101,0.03323598766892294,-12.117117380452127,38.84657968331376,-24.472508099248984,100.0,-10.710894406991883,19.69907771567771,105,0.031112338712757898,0.002123648956165042,-12.136752128601074,0.019634748148947168,38.28125,0.5653296833137631,-23.84406089782715,-0.6284472014218352,100.0,0.0,-11.30647087097168,0.5955764639797962,20.89093780517578,-1.1918600894980713
0,2,102,0.03888402635433682,-11.7547854575814,39.13139570493614,-26.87582435767798,100.0,-10.258703791974126,19.614747929648406,106,0.03565561578632567,0.003228410568011146,-11.941391944885254,0.18660648730385354,38.93229293823242,0.1991027667037173,-25.536415100097656,-1.339409257580325,100.0,0.0,-11.01343059539795,0.7547268034238233,20.89093780517578,-1.2761898755273755
0,3,103,0.04668725321660512,-11.661720554203717,39.44707377821947,-30.082696762329565,100.0,-9.955811722668939,19.40727524282465,107,0.03955487650496317,0.0071323767116419495,-11.746031761169434,0.08431120696571703,39.32291793823242,0.12415583998704705,-27.047447204589844,-3.0352495577397214,100.0,0.0,-10.671550750732422,0.7157390280634832,20.89093780517578,-1.4836625623511317
0,4,104,0.05319347465122655,-11.57365960707409,40.14898644792808,-32.35470622548356,100.0,-9.694312974127609,19.713577083303672,108,0.043558458334707034,0.009635016316519515,-11.59951114654541,0.02585153947132035,39.71354293823242,0.43544350969565926,-28.5584774017334,-3.7962288237501625,100.0,0.0,-10.427350044250488,0.7330370701228794,20.89093780517578,-1.177360721872109
0,5,105,0.05594275824594312,-11.502310288251586,40.61976699310935,-33.178339754088015,100.0,-9.432364398174983,19.14577857371688,109,0.04823235414268563,0.00771040410325749,-11.59951114654541,0.09720085829382441,40.10416793823242,0.5155990548769296,-30.31127166748047,-2.8670680866075458,100.0,0.0,-10.183150291442871,0.7507858932678886,20.89093780517578,-1.7451592314589028
0,6,106,0.05993523814060604,-11.389797719380224,40.922617300134,-34.59069786494111,100.0,-9.28820989107994,19.317500095793857,110,0.05306298942162332,0.006872248718982725,-11.59951114654541,0.2097134271651857,40.234375,0.6882423001340001,-32.245391845703125,-2.345306019237988,100.0,0.0,-9.79242992401123,0.5042200329312898,20.89093780517578,-1.573437709381924
0,7,107,0.06398157475710706,-11.457557817981801,41.259616583487436,-35.97482260338071,100.0,-9.088575750032522,19.673854703499664,111,0.05706412706260207,0.006917447694504988,-11.550671577453613,0.09311375947181233,40.234375,1.0252415834874355,-33.87730407714844,-2.097518526232271,100.0,0.0,-9.4993896484375,0.41081389840497806,20.89093780517578,-1.217083101676117
0,8,108,0.06862698122712235,-11.16319079539236,41.230464646746356,-37.79694151171028,100.0,-8.488644887123744,19.56381544849652,112,0.060841995628583036,0.0077849855985393165,-11.452991485595703,0.289800690203343,40.234375,0.9960896467463556,-35.388336181640625,-2.408605330069655,100.0,0.0,-9.255188941955566,0.7665440548318223,20.89093780517578,-1.3271223566792614
0,9,109,0.07304985362368048,-11.066653701325011,41.078420576364366,-39.57458294483447,100.0,-8.345508700978202,19.56717404623382,113,0.06468692290788902,0.008362930715791458,-11.355311393737793,0.28865769241278194,40.234375,0.8440455763643655,-36.89936447143555,-2.675218473398921,100.0,0.0,-9.01098918914795,0.6654804881697469,20.89093780517578,-1.3237637589419613
0,10,110,0.0760601070987375,-11.013725208238,41.11828263149007,-40.6793962839602,100.0,-8.182129361431853,19.957527210323992,114,0.06924348872029573,0.006816618378441774,-11.159951210021973,0.1462260017839725,40.625,0.493282631490068,-38.410396575927734,-2.2689997080324673,100.0,0.0,-8.864468574523926,0.6823392130920727,20.89093780517578,-0.9334105948517895
0,11,111,0.07924717854760961,-10.832707893183073,40.61497181563914,-42.17711542232795,100.0,-8.042730698337637,19.898644342988554,115,0.07356251822348023,0.005684660324129384,-10.964591026306152,0.13188313312307898,41.40625,-0.7912781843608627,-39.558780670166016,-2.6183347521619353,100.0,0.0,-8.669108390808105,0.6263776924704683,20.89093780517578,-0.9922934621872272
0,12,112,0.08519678312252355,-10.69008475846146,41.84361511554684,-43.58602965477961,100.0,-7.984528182713608,20.059102344396624,116,0.07734449040211287,0.007852292720410672,-10.818070411682129,0.12798565322066935,42.31770706176758,-0.4740919462207387,-40.40495681762695,-3.181072837152655,100.0,0.0,-8.571428298950195,0.5869001162365874,20.89093780517578,-0.8318354607791569
0,13,113,0.09188612563587278,-10.43000738853223,43.637712293739156,-44.88516133196529,100.0,-7.736561972101899,19.641192766722423,117,0.0812733756033864,0.010612750032486379,-10.671550750732422,0.24154336220019168,43.09895706176758,0.538755231971578,-41.37201690673828,-3.5131444252270114,100.0,0.0,-8.522588729858398,0.786026757756499,20.89093780517578,-1.2497450384533586
0,14,114,0.09280082478966667,-10.445390165387584,43.9190699983298,-45.03796021485761,100.0,-7.761595925416883,19.970819528610864,118,0.08612578200897716,0.006675042780689505,-10.476190567016602,0.030800401629017315,44.01041793823242,-0.09134793990261869,-42.580841064453125,-2.4571191504044876,100.0,0.0,-8.376068115234375,0.6144721898174916,20.89093780517578,-0.9201182765649172
0,15,115,0.095891145965954,-10.290072157883507,44.5099394598223,-45.77253876338819,100.0,-7.669185369007806,19.40694677082936,119,0.08985990794280929,0.006031238023144703,-10.378510475158691,0.08843831727518392,44.53125,-0.021310540177701398,-43.608341217041016,-2.164197546347175,100.0,0.0,-8.229548454284668,0.5603630852768617,20.89093780517578,-1.4839910343464204
0,16,116,0.0992141198610566,-10.02701902898594,45.32742771359257,-46.44600990522093,100.0,-7.483478399753907,19.544706107123528,120,0.09345826239709074,0.005755857463965869,-10.329669952392578,0.30265092340663813,45.05208206176758,0.27534565182499193,-44.575401306152344,-1.8706085990685892,100.0,0.0,-8.131868362426758,0.6483899626728507,20.89093780517578,-1.3462316980522537
0,17,117,0.10257041363322869,-10.02404610137723,45.35470576048826,-47.603571029198676,100.0,-7.284839582344572,19.70153841418913,121,0.0966210346373843,0.005949378995844384,-10.231989860534668,0.20794375915743757,45.703125,-0.3484192395117418,-45.30069351196289,-2.3028775172357854,100.0,0.0,-7.985347747802734,0.700508165458162,20.89093780517578,-1.189399390986651
0,18,118,0.10628738317163744,-10.047141501857467,46.13216056676892,-48.42244243134138,100.0,-7.244424107262121,19.67428887755572,122,0.09966130485730605,0.006626078314331388,-10.134309768676758,0.08716826681929035,46.875,-0.742839433231083,-45.6633415222168,-2.7591009091245837,100.0,0.0,-7.789987564086914,0.5455634568247927,20.89093780517578,-1.21664892762006
0,19,119,0.11000759811002675,-9.802265701767443,46.70606980167297,-49.36094216559071,100.0,-6.983170970006715,19.579632113847534,123,0.10258543982753979,0.0074221582824869625,-10.085470199584961,0.28320449781751833,48.17708206176758,-1.4710122600946107,-45.90510559082031,-3.4558365747703945,100.0,0.0,-7.643467426300049,0.6602964562933336,20.89093780517578,-1.311305691328247
0,20,120,0.11298960716985734,-9.748780374620388,48.286680651382035,-49.43821150785715,100.0,-6.810764725783365,19.75122065591258,124,0.10563731946761144,0.007352287702245899,-10.036629676818848,0.2878493021984596,49.34895706176758,-1.062276410385543,-46.26775360107422,-3.1704579067829286,100.0,0.0,-7.545787334442139,0.7350226086587739,20.89093780517578,-1.139717149263202
0,21,121,0.11719315254861741,-9.843500679593525,49.541859297941826,-50.125397431000216,100.0,-6.703919216944702,19.990042528113715,125,0.10912022792894635,0.00807292461967106,-9.841269493103027,-0.002231186490497805,50.26041793823242,-0.7185586402905955,-46.93260955810547,-3.1927878728947476,100.0,0.0,-7.350427150726318,0.6465079337816162,20.89093780517578,-0.900895277062066
0,22,122,0.12078696613298838,-9.77814629288865,51.1769500670583,-50.37987646644639,100.0,-6.598827943020851,19.83090750733719,126,0.11314245205393827,0.007644514079050105,-9.548229217529297,-0.2299170753593529,51.171875,0.005075067058299965,-47.778785705566406,-2.601090760879984,100.0,0.0,-7.057386875152588,0.45855893213173715,20.89093780517578,-1.0600302978385905
0,23,123,0.12323598212623788,-9.541226613351458,51.27567206866905,-51.15264491135814,100.0,-6.260551290478573,19.672479440128384,127,0.11669919205206436,0.006536790074173515,-9.30402946472168,-0.2371971486297788,52.21354293823242,-0.9378708695633691,-48.38319778442383,-2.7694471269343097,100.0,0.0,-6.862026691436768,0.6014754009581944,20.89093780517578,-1.2184583650473968
0,24,124,0.12555064587036313,-9.025003688228836,52.30556497467036,-51.33318059083637,100.0,-5.920628490385139,19.695332680298893,128,0.11999730721680607,0.005553338653557061,-8.913309097290039,-0.11169459093879652,53.515625,-1.2100600253296392,-48.745845794677734,-2.587334796158636,100.0,0.0,-6.666666507720947,0.7460380173358079,20.89093780517578,-1.195605124876888
0,25,125,0.12679157009443515,-8.724629464296715,53.48992810518275,-51.06166436026935,100.0,-5.835870059376617,19.825479195055184,129,0.12347201157896415,0.0033195585154709994,-8.522588729858398,-0.2020407344383166,54.81770706176758,-1.3277789565848295,-49.1689338684082,-1.892730491861144,100.0,0.0,-6.422466278076172,0.5865962186995546,20.89093780517578,-1.0654586101205972
0,26,126,0.1307154010836098,-8.413833005576345,55.35222420933347,-51.30226785244664,100.0,-5.658774203409319,19.61840544826723,130,0.12618218740062626,0.004533213682983539,-8.131868362426758,-0.28196464314958725,55.98958206176758,-0.637357852434107,-49.41069793701172,-1.8915699154349213,100.0,0.0,-6.129426002502441,0.4706517990931225,20.89093780517578,-1.2725323569085525
0,27,127,0.13429600265166064,-7.82964801153206,56.15552498409139,-52.04104407433997,100.0,-5.292861221792225,19.851415980288735,131,0.12943192053439606,0.004864082117264579,-7.887667655944824,0.05801964441276386,57.16145706176758,-1.005932077676185,-49.83378601074219,-2.2072580635977843,100.0,0.0,-5.885225772857666,0.5923645510654412,20.89093780517578,-1.0395218248870464
0,28,128,0.1352692365769004,-7.615954918804508,57.18432478768289,-51.782442387778374,100.0,-4.937835167399458,19.815255646274473,132,0.1323807904122722,0.0028884461646282167,-7.545787334442139,-0.0701675843623697,57.94270706176758,-0.7583822740846884,-50.37775802612305,-1.4046843616553275,100.0,0.0,-5.689865589141846,0.7520304217423881,20.89093780517578,-1.0756821589013086
0,29,129,0.1377939514198944,-7.602120895665309,58.0612481045371,-52.12469745260577,100.0,-4.845896975766864,19.67504015779408,133,0.13515109362907865,0.0026428577908157447,-7.399267196655273,-0.2028536990100358,58.72395706176758,-0.6627089572304783,-50.86128616333008,-1.2634112892756946,100.0,0.0,-5.494505405426025,0.648608429659161,20.89093780517578,-1.215897647381702
0,30,130,0.14000899066686368,-7.4364070793961705,58.42819534694398,-52.652921951111196,100.0,-4.772250845634545,19.70734975436876,134,0.13716042906103224,0.00284856160583144,-7.106226921081543,-0.33018015831462755,59.375,-0.9468046530560201,-51.16349411010742,-1.4894278410037742,100.0,0.0,-5.396825313568115,0.6245744679335701,20.89093780517578,-1.1835880508070211
0,31,131,0.14207463150114694,-7.047987008919104,59.15167679347056,-52.9296361516721,100.0,-4.695384172011532,19.771759816559186,135,0.1391971792810934,0.0028774522200535335,-6.422466278076172,-0.6255207308429318,60.15625,-1.004573206529443,-51.40525817871094,-1.5243779729611617,100.0,0.0,-5.05494499206543,0.3595608200538978,20.89093780517578,-1.1191779886165953
0,32,132,0.1430153638335036,-6.9402962454931085,59.73047261510557,-52.91695381938462,100.0,-4.560386734376106,19.90014917662787,136,0.1412668839119254,0.0017484799215781999,-5.689865589141846,-1.2504306563512628,61.06770706176758,-1.3372344466620092,-51.58658218383789,-1.3303716355467259,100.0,0.0,-4.664224624633789,0.10383789025768309,20.89093780517578,-0.9907886285479108
0,33,133,0.14399999369858696,-5.861509532227137,60.45166502139418,-52.84667226358418,100.0,-3.940623909994639,19.960977871146476,137,0.14255727993241962,0.0014427137661673362,-4.9572649002075195,-0.9042446320196174,61.84895706176758,-1.3972920403734008,-51.58658218383789,-1.2600900797462913,100.0,0.0,-4.078144073486328,0.13752016349168894,20.89093780517578,-0.9299599340293057
0,34,134,0.14646083389568332,-4.868924506602169,61.52566670442689,-53.06868810086238,100.0,-3.3194651488102216,19.907756315259256,138,0.14319040446445008,0.003270429431233235,-4.078144073486328,-0.7907804331158408,62.23958206176758,-0.7139153573406887,-51.58658218383789,-1.4821059170244908,100.0,0.0,-3.5409035682678223,0.22143841945760068,20.89093780517578,-0.9831814899165252
0,35,135,0.14641258460793377,-4.2697418006118495,62.42330564499873,-52.561073285446106,100.0,-2.782467578456854,19.804064866808673,139,0.14316316747387794,0.0032494171340558264,-2.9059829711914062,-1.3637588294204432,62.23958206176758,0.18372358323114923,-51.58658218383789,-0.9744911016082156,100.0,0.0,-2.9059829711914062,0.12351539273455225,20.89093780517578,-1.086872938367108
0,36,136,0.14598268437875164,-2.877293764575908,62.290312788044865,-52.5059926659508,100.0,-1.8610875407285445,20.13007275384244,140,0.14334622086330046,0.0026364635154511873,-1.5384615659713745,-1.3388321986045333,62.36979293823242,-0.07948015018755683,-51.58658218383789,-0.9194104821129088,100.0,0.0,-2.07570219039917,0.21461464967062538,20.89093780517578,-0.7608650513333401
0,37,137,0.14491457089946752,-1.6373387469758616,62.1919945106691,-52.22048300001193,100.0,-0.9351394320471206,20.10295847038356,141,0.14331308851950245,0.0016014823799650746,-0.3663003742694855,-1.271038372706376,62.36979293823242,-0.17779842756332442,-51.58658218383789,-0.6339008161740409,100.0,0.0,-1.2942613363265991,0.35912190427947854,20.89093780517578,-0.7879793347922224
0,38,138,0.14441606325306133,-0.4148239608937062,61.87403501458619,-52.244679461021256,100.0,-0.05631338938983371,20.126193601870394,142,0.14310180835057748,0.0013142549024838523,0.6593406796455383,-1.0741646405392444,62.36979293823242,-0.49575792364623084,-51.52614212036133,-0.7185373406599282,100.0,0.0,-0.6105006337165833,0.5541872443267495,20.89093780517578,-0.7647442033053871
0,39,139,0.14439218587395736,0.45074532806210643,62.430405097583694,-51.93453391805296,100.0,0.45348848037544764,20.09613898259209,143,0.14329551486407271,0.0010966710098846422,1.7338217496871948,-1.2830764216250885,62.5,-0.06959490241630562,-51.52614212036133,-0.40839179769163536,100.0,0.0,-0.02442002482712269,0.47790850520257033,20.89093780517578,-0.7947988225836902
0,40,140,0.14479792555075222,1.3574726762407925,62.89458132367573,-51.817627821778196,100.0,0.9029672524310318,19.889010679901805,144,0.14366964279335487,0.0011282827573973475,2.808302879333496,-1.4508302030927036,62.63020706176758,0.26437426190815216,-51.58658218383789,-0.23104563794030497,100.0,0.0,0.6105006337165833,0.29246661871444857,20.89093780517578,-1.0019271252739763
0,41,141,0.14456826254974967,2.522707169488711,62.86855253667698,-51.7642477065558,100.0,1.500522723043654,19.99079153518948,145,0.14386332047808897,0.0007049420716606913,3.7851037979125977,-1.2623966284238866,62.76041793823242,0.10813459844455764,-51.58658218383789,-0.17766552271790914,100.0,0.0,1.196581244468689,0.303941478574965,20.89093780517578,-0.9001462699863012
0,42,142,0.14655172762010618,3.5217944124978726,63.04271003072224,-52.33178029017647,100.0,2.061830061375516,19.85785698650778,146,0.1436271679936423,0.002924559626463874,4.615384578704834,-1.0935901662069614,62.63020706176758,0.4125029689546622,-51.58658218383789,-0.7451981063385773,100.0,0.0,1.6361416578292847,0.42568840354623116,20.89093780517578,-1.033080818668001
0,43,143,0.14525785958086798,4.485601734817161,62.90590845457043,-51.98704949118703,100.0,2.6153229132882263,20.016365750988786,147,0.1436090933621348,0.0016487662187331942,5.494505405426025,-1.0089036706088645,62.63020706176758,0.27570139280285133,-51.58658218383789,-0.40046730734913893,100.0,0.0,2.07570219039917,0.5396207228890564,20.89093780517578,-0.874572054186995
0,44,144,0.14456385258017054,5.1007183890036245,62.572569350366216,-51.94624810610104,100.0,2.9213950508160162,19.890545064654887,148,0.143375033713253,0.001188818866917546,6.1782660484313965,-1.077547659427772,62.5,0.0725693503662157,-51.58658218383789,-0.3596659222631473,100.0,0.0,2.4664225578308105,0.4549724929852057,20.89093780517578,-1.000392740520894
0,45,145,0.14295864345296677,5.852688810777719,61.77610141784941,-51.858857905420386,100.0,3.0401715648172916,19.854771168282138,149,0.1424858027335299,0.00047284071943687334,6.959706783294678,-1.1070179725169584,61.97916793823242,-0.2030665203830111,-51.58658218383789,-0.2722757215824956,100.0,0.0,2.857142925262451,0.1830286395548404,20.89093780517578,-1.0361666368936433
0,46,146,0.1431526566388026,6.66938128227325,61.50801709966361,-52.07971625659686,100.0,3.571158097912749,19.61257592278682,150,0.14093166009269448,0.002220996546108134,7.838827610015869,-1.1694463277426195,61.06770706176758,0.4403100378960332,-51.58658218383789,-0.4931340727589699,100.0,0.0,3.394383430480957,0.17677466743179204,20.89093780517578,-1.2783618823889604
0,47,147,0.14079813396680788,7.561238801582401,60.53887326486954,-51.84959801660655,100.0,4.249069164263304,20.33905141088681,151,0.1384551688419371,0.002342965124870783,9.4993896484375,-1.9381508468550992,59.63541793823242,0.9034553266371148,-51.58658218383789,-0.2630158327686587,100.0,0.0,4.859584808349609,-0.6105156440863055,20.89093780517578,-0.5518863942889709
0,48,148,0.13658232230217673,8.718580643922465,58.89059670988978,-51.38389563003441,100.0,4.899584913362681,19.94180374463946,152,0.13806061862371158,-0.0014782963215348444,8.424908638000488,0.2936720059219766,59.50520706176758,-0.6146103518778006,-51.52614212036133,0.14224649032691872,100.0,0.0,4.664224624633789,0.23536028872889236,20.89093780517578,-0.9491340605363199
0,49,149,0.13443476905798668,9.510531751207727,58.19443520617006,-51.06658724868967,100.0,5.257042243518347,19.714404514489036,153,0.13784386204553573,-0.003409092987549045,7.692307472229004,1.8182242789787235,59.375,-1.1805647938299373,-51.52614212036133,0.45955487167165643,100.0,0.0,4.566544532775879,0.6904977107424681,20.89093780517578,-1.176533290686745
1,0,100,0.02171717191566787,-12.29490600174534,33.34772610640289,-22.600165368817017,100.0,-10.491018952328572,19.80039711895816,104,0.019167822784815824,0.002549349130852044,-12.332112312316895,0.03720631057155366,31.77083396911621,1.576892137286677,-22.39347267150879,-0.20669269730822748,100.0,0.0,-11.69719123840332,1.2061722860747484,20.89093780517578,-1.0905406862176221
1,1,101,0.022258198409239205,-12.035855471574294,33.493752400452124,-22.773990129646787,100.0,-10.498523434989837,19.781210490056864,105,0.023199394342212673,-0.0009411959329734682,-11.99023151397705,-0.04562395759724325,33.33333206176758,0.16042033868454553,-23.360532760620117,0.5865426309733301,100.0,0.0,-11.20879077911377,0.7102673441239329,20.967741012573242,-1.186530522516378
1,2,102,0.028416004950171853,-11.627206280346403,34.16214072378042,-25.359363947428513,100.0,-10.136332338252304,19.65084461510995,106,0.0284025977541211,1.3407196050752024e-05,-11.79487133026123,0.16766504991482734,34.50520706176758,-0.34306633798716035,-25.113327026367188,-0.24603692106132513,100.0,0.0,-10.818070411682129,0.6817380734298251,20.89093780517578,-1.2400931900658314
1,3,103,0.03750391027920609,-11.481914117282749,34.931334418120734,-29.05562076139412,100.0,-9.75980747725542,19.552115480608958,107,0.03304593794858847,0.004457972330617621,-11.550671577453613,0.0687574601708647,35.15625,-0.22491558187926586,-26.86612319946289,-2.18949756193123,100.0,0.0,-10.476190567016602,0.716383089761182,20.89093780517578,-1.3388223245668236
1,4,104,0.044353957801335685,-11.469331555098835,35.88750194660741,-31.421851022224157,100.0,-9.600626526881173,19.872139267105712,108,0.03725036715907444,0.007103590642261244,-11.452991485595703,-0.016340069503131716,35.67708206176758,0.21041988483982976,-28.43759536743164,-2.9842556547925163,100.0,0.0,-10.231989860534668,0.6313633336534945,20.89093780517578,-1.0187985380700688
1,5,105,0.04855231438084812,-11.363258441806595,36.522183105033875,-32.78582692852252,100.0,-9.287726947540206,19.266779018763508,109,0.04232622321392414,0.006226091166923985,-11.452991485595703,0.08973304378910818,36.328125,0.194058105033875,-30.250831604003906,-2.5349953245186114,100.0,0.0,-9.98779010772705,0.7000631601868452,20.89093780517578,-1.6241587864122735
1,6,106,0.05318023517454572,-11.182139197805082,36.932267901076685,-34.43397281777163,100.0,-9.12852667942437,19.44979247604186,110,0.048010957104501394,0.005169278070044324,-11.452991485595703,0.2708522877906212,36.71875,0.21351790107668478,-32.42671585083008,-2.0072569669415543,100.0,0.0,-9.645909309387207,0.517382629962837,20.89093780517578,-1.4411453291339207
1,7,107,0.058510043285058114,-11.345674754734251,37.43137389093308,-36.26200062120078,100.0,-8.964040709252686,19.803823911573375,111,0.052811712338465204,0.00569833094659291,-11.40415096282959,0.05847620809533893,36.71875,0.7126238909330809,-34.4212760925293,-1.8407245286714797,100.0,0.0,-9.255188941955566,0.2911482327028807,20.89093780517578,-1.0871138936024067
1,8,108,0.06450980942552939,-11.060284085950032,37.818511153808274,-38.377106412786866,100.0,-8.334619014076505,19.756031804549462,112,0.0578593347354035,0.00665047469012589,-11.30647087097168,0.24618678502164748,36.97916793823242,0.8393432155758518,-36.294952392578125,-2.0821540202087405,100.0,0.0,-8.962148666381836,0.6275296523053306,20.89093780517578,-1.1349060006263194
1,9,109,0.06912226900865205,-10.850740822649621,37.77144681067926,-40.18247749752103,100.0,-8.076175228383674,19.716718594012942,113,0.06259721825087154,0.0065250507577805095,-11.20879077911377,0.35804995646414817,36.97916793823242,0.7922788724468361,-38.16863250732422,-2.0138449901968087,100.0,0.0,-8.669108390808105,0.5929331624244316,20.89093780517578,-1.1742192111628391
1,10,110,0.07373349363282286,-10.896741922515066,38.28988205046523,-41.59546079376858,100.0,-7.91056422973752,20.045614534126397,114,0.06817265156576272,0.0055608420670601455,-11.062271118164062,0.16552919564899682,37.890625,0.39925705046523063,-39.7401008605957,-1.8553599331728776,100.0,0.0,-8.473748207092285,0.5631839773547656,20.89093780517578,-0.8453232710493843
1,11,111,0.07819529181231183,-10.738788862984475,38.29078090819594,-43.25460994596007,100.0,-7.775833100968291,20.023305716397903,115,0.07312140873270795,0.00507388307960388,-10.866910934448242,0.12812207146376764,39.32291793823242,-1.0321370300364805,-40.70716094970703,-2.5474489962530384,100.0,0.0,-8.327228546142578,0.5513954451742871,20.89093780517578,-0.8676320887778779
1,12,112,0.08460599432873878,-10.59923869724507,39.927577983513096,-44.56862103553374,100.0,-7.715248063881566,20.2177179475197,116,0.0779637186811358,0.006642275647602974,-10.671550750732422,0.07231205348735159,40.75520706176758,-0.827629078254482,-41.6137809753418,-2.954840060191941,100.0,0.0,-8.180707931518555,0.465459867636989,20.89093780517578,-0.6732198576560826
1,13,113,0.0917966841486842,-10.287757049494884,42.0378102812925,-45.84119840965102,100.0,-7.455021526607768,19.79706238942813,117,0.08291126160280446,0.008885422545879734,-10.476190567016602,0.18843351752171777,42.31770706176758,-0.2798967804750774,-42.459957122802734,-3.3812412868482866,100.0,0.0,-8.083027839660645,0.6280063130528761,20.89093780517578,-1.0938754157476502
1,14,114,0.09504806717055611,-10.283847885636066,42.97675097284686,-46.41704060028596,100.0,-7.3380829577348585,20.080642833167275,118,0.08818086948365204,0.006867197686904067,-10.280830383300781,-0.0030175023352843056,43.75,-0.7732490271531418,-43.487457275390625,-2.929583324895333,100.0,0.0,-7.936507701873779,0.5984247441389208,20.89093780517578,-0.8102949720085064
1,15,115,0.09829750828557035,-10.103815883731453,44.03171667732824,-46.91622791658501,100.0,-7.232373516080146,19.570257591296862,119,0.09322203192245365,0.005075476363116699,-10.183150291442871,0.07933440771141775,44.921875,-0.8901583226717591,-44.575401306152344,-2.3408266104326643,100.0,0.0,-7.741147518157959,0.5087740020778133,20.89093780517578,-1.3206802138789193
1,16,116,0.1011446538514651,-9.842559724410705,44.9932811609184,-47.329264685528415,100.0,-7.03107161000884,19.75768780350149,120,0.0970031522855028,0.004141501565962297,-10.036629676818848,0.1940699524081424,45.83333206176758,-0.8400509008491781,-45.36113739013672,-1.968127295391696,100.0,0.0,-7.594627380371094,0.563555770362254,20.89093780517578,-1.1332500016742912
1,17,117,0.10580632970853501,-9.79706355034547,45.75137624751591,-48.492180968970644,100.0,-6.75675967943898,19.867332664794024,121,0.10073520181649631,0.0050711278920387015,-9.841269493103027,0.04420594275755718,47.00520706176758,-1.2538308142516712,-45.96554946899414,-2.526631499976503,100.0,0.0,-7.399267196655273,0.6425075172162931,20.967741012573242,-1.1004083477792186
1,18,118,0.10904073600160345,-9.736822599127576,46.80778164785411,-48.97117301078487,100.0,-6.718739604313619,19.853395904910858,122,0.10440592122829524,0.00463481477330821,-9.743589401245117,0.006766802117541104,48.4375,-1.6297183521458933,-46.38863754272461,-2.5825354680602572,100.0,0.0,-7.155066967010498,0.4363273626968791,20.89093780517578,-1.037541900264923
1,19,119,0.11228022048286179,-9.458003516038419,47.560681641465614,-49.63410174062315,100.0,-6.434514912631014,19.823926625001324,123,0.1073835113104808,0.0048967091723809975,-9.59706974029541,0.13906622425699133,49.86979293823242,-2.309111296766808,-46.56996154785156,-3.064140192771589,100.0,0.0,-6.959706783294678,0.5251918706636634,20.89093780517578,-1.0670111801744575
1,20,120,0.11507226750555383,-9.334212697984809,49.30456847447141,-49.55170587812219,100.0,-6.176538432306157,20.00765953824168,124,0.1096057927453204,0.005466474760233431,-9.4993896484375,0.16517695045269143,51.171875,-1.8673065255285906,-46.56996154785156,-2.9817443302706295,100.0,0.0,-6.715506553649902,0.5389681213437454,20.89093780517578,-0.8832782669341022
1,21,121,0.11903217402031187,-9.325486447613336,51.03192927487732,-49.87946378677422,100.0,-5.98895580233317,20.243738839769346,125,0.11177506076309979,0.0072571132572120806,-9.30402946472168,-0.02145698289165665,52.34375,-1.3118207251226792,-46.630401611328125,-3.2490621754460918,100.0,0.0,-6.471306324005127,0.4823505216719566,20.89093780517578,-0.6471989654064352
1,22,122,0.12147205144210946,-9.141233832290897,52.6232540516902,-49.77600810770011,100.0,-5.767867009519552,20.06914744991346,126,0.11398233247248582,0.007489718969623638,-8.913309097290039,-0.2279247350008582,53.64583206176758,-1.0225780100773747,-46.630401611328125,-3.1456064963719825,100.0,0.0,-6.1782660484313965,0.41039903891184437,20.89093780517578,-0.8217903552623227
1,23,123,0.12551653167046073,-9.00289643225854,53.55311475667666,-50.60337488623144,100.0,-5.35121000031686,19.89816015935536,127,0.11595933235627864,0.009557199314182085,-8.522588729858398,-0.4803077024001414,54.81770706176758,-1.2645923050909147,-46.630401611328125,-3.9729732749033175,100.0,0.0,-5.836385726928711,0.4851757266118506,20.89093780517578,-0.9927776458204214
1,24,124,0.1273786574480983,-8.386940751835839,54.88861929112113,-50.462072269621125,100.0,-4.915754988762743,19.876731055551968,128,0.11797204136004835,0.009406616088049935,-8.083027839660645,-0.30391291217519445,56.11979293823242,-1.2311736471112908,-46.56996154785156,-3.892110721769562,100.0,0.0,-5.494505405426025,0.578750416663282,20.89093780517578,-1.0142067496238134
1,25,125,0.12839926853027311,-8.021507546386628,55.97649613819196,-50.182182127256404,100.0,-4.66324082984541,19.96568331772259,129,0.12037089675694287,0.00802837177333024,-7.594627380371094,-0.42688016601553436,57.55208206176758,-1.5755859235756162,-46.56996154785156,-3.612220579404841,100.0,0.0,-5.103785037994385,0.44054420814897455,20.89093780517578,-0.9252544874531914
1,26,126,0.13135564487933177,-7.606550085909016,57.60407230433089,-50.24582600041173,100.0,-4.383830855280856,19.806625584474368,130,0.12250001820751985,0.008855626671811917,-7.106226921081543,-0.5003231648274733,58.72395706176758,-1.1198847574366866,-46.630401611328125,-3.615424389083607,100.0,0.0,-4.664224624633789,0.2803937693529335,20.89093780517578,-1.0843122207014133
1,27,127,0.13530013418363146,-6.979779555496408,58.89170885589557,-50.83755147255375,100.0,-3.9538597826069948,19.92346273222431,131,0.12480594808698986,0.0104941860966416,-6.617826461791992,-0.36195309370441553,59.89583206176758,-1.0041232058720055,-46.751285552978516,-4.086265919575233,100.0,0.0,-4.3223443031311035,0.36848452052410874,20.89093780517578,-0.9674750729514727
1,28,128,0.13597070333271544,-6.6019081872042795,59.89163856796664,-50.50395969104949,100.0,-3.4561308114157625,19.960577794529378,132,0.12821640527435912,0.007754298058356313,-6.275946140289307,-0.3259620469149729,60.546875,-0.6552364320333623,-47.53702163696289,-2.9669380540865973,100.0,0.0,-3.980463981628418,0.5243331702126555,20.89093780517578,-0.9303600106464032
1,29,129,0.13866800576388422,-6.445210363775144,60.74290635230349,-50.9267672145862,100.0,-3.1953049642064646,19.77111651154419,133,0.1314204688227969,0.007247536941087318,-5.934065818786621,-0.5111445449885226,61.06770706176758,-0.32480070946408546,-48.322757720947266,-2.6040094936389337,100.0,0.0,-3.6874237060546875,0.4921187418482229,20.89093780517578,-1.1198212936315919
1,30,130,0.14084488291361458,-6.1332171837189495,61.0919983191104,-51.45697444391403,100.0,-2.978408121317752,19.801839440626054,134,0.1338364184308446,0.007008464482769983,-5.5921854972839355,-0.541031686435014,61.328125,-0.23612668088959765,-48.98760986328125,-2.469364580632778,100.0,0.0,-3.443223476409912,0.4648153550921603,20.967741012573242,-1.1659015719471881
1,31,131,0.14195253819798218,-5.586563749108185,61.37274281991017,-51.67064137681031,100.0,-2.7440595386879045,19.833286371995115,135,0.13625328897039976,0.005699249227582415,-5.05494499206543,-0.5316187570427555,61.58854293823242,-0.21580011832224955,-49.652462005615234,-2.0181793711950746,100.0,0.0,-3.1013431549072266,0.35728361621932203,20.967741012573242,-1.1344546405781273
1,32,132,0.1435262532511263,-5.278719454692592,61.898913568387165,-51.90332466316187,100.0,-2.4072901299358307,19.963226028955063,136,0.13950486617742866,0.0040213870736976465,-4.273504257202148,-1.0052151974904433,62.23958206176758,-0.34066849338041294,-50.37775802612305,-1.5255666370388212,100.0,0.0,-2.612942695617676,0.2056525656818451,20.967741012573242,-1.0045149836181793
1,33,133,0.14368665659453408,-4.157226872274132,62.14663266502156,-51.828345285683106,100.0,-1.71728477751161,20.057982811817524,137,0.14129765129868155,0.0023890052958525365,-3.345543384552002,-0.8116834877221297,62.890625,-0.7439923349784365,-50.61952209472656,-1.2088231909565437,100.0,0.0,-2.026862144470215,0.3095773669586048,20.89093780517578,-0.832954993358257
1,34,134,0.14654535251553297,-3.0854834020278123,62.93203626826834,-52.34797080564882,100.0,-1.0202094766253302,19.950249680269195,138,0.14188195186495858,0.004663400650574384,-2.17338228225708,-0.9121011197707323,63.15104293823242,-0.2190066699640809,-50.679962158203125,-1.6680086474456957,100.0,0.0,-1.245421290397644,0.2252118137723138,20.967741012573242,-1.017491332304047
1,35,135,0.14563772799005567,-2.2356517536673155,63.37024464686878,-51.81434113284735,100.0,-0.38958467710242234,19.85961527777668,139,0.14184725940703954,0.0037904685830161267,-0.8058608174324036,-1.429790936234912,63.15104293823242,0.2192017086363549,-50.679962158203125,-1.1343789746442283,100.0,0.0,-0.41514042019844055,0.025555743096018213,20.967741012573242,-1.1081257347965625
1,36,136,0.146101963497788,-0.7754121201539436,63.33768009772634,-51.99973539596248,100.0,0.6036307974438694,20.08527667512158,140,0.1421342079802943,0.003967755517493704,0.8547008633613586,-1.630112983515302,63.02083206176758,0.3168480359587633,-50.86128616333008,-1.1384492326324036,100.0,0.0,0.6105006337165833,-0.0068698362727138695,20.89093780517578,-0.8056611300542009
1,37,137,0.14478723273485158,0.6474056691114697,62.95310610287137,-51.79086631440763,100.0,1.5709565887173884,20.05242265610488,141,0.14210404981238575,0.002683182922465832,2.07570219039917,-1.4282965212877001,63.02083206176758,-0.06772595889621158,-50.86128616333008,-0.9295801510775519,100.0,0.0,1.3431013822555542,0.22785520646183421,20.89093780517578,-0.8385151490709006
1,38,138,0.14388904092101745,1.9337168862635559,62.49715671024689,-51.757077723203416,100.0,2.3651972551345577,20.119815107622774,142,0.1416804379619664,0.0022086029590510647,3.1013431549072266,-1.1676262686436707,62.890625,-0.393468289753109,-50.800846099853516,-0.9562316233499004,100.0,0.0,1.9291819334030151,0.43601532173154256,20.967741012573242,-0.8479259049504684
1,39,139,0.14335120572250437,2.8600839604973074,62.756065823884846,-51.442030726742615,100.0,2.865712120630722,20.05945582118048,143,0.14184278288986688,0.001508422832637496,4.273504257202148,-1.413420296704841,62.890625,-0.1345591761151539,-50.86128616333008,-0.5807445634125372,100.0,0.0,2.4175825119018555,0.44812960872886665,20.89093780517578,-0.8314819839952996
1,40,140,0.14290683669298693,3.8755289118601723,62.83659738260621,-51.256354237078,100.0,3.331127569551355,19.908381434973474,144,0.14203845683268052,0.0008683798603064119,5.396825313568115,-1.521296401707943,63.02083206176758,-0.1842346791613707,-50.86128616333008,-0.39506807374792174,100.0,0.0,2.9548230171203613,0.3763045524309936,20.89093780517578,-0.9825563702023068
1,41,141,0.14261128815938467,5.169446812597752,62.558111452290824,-51.32028748175876,100.0,3.8923054330199447,19.958088681485492,145,0.1419816305065603,0.0006296576528243836,6.471306324005127,-1.3018595114073745,62.890625,-0.3325135477091763,-50.921730041503906,-0.39855744025485507,100.0,0.0,3.492063522338867,0.4002419106810775,20.89093780517578,-0.9328491236902892
1,42,142,0.14362015087640137,6.27366857318269,62.58884781621824,-51.64450862732217,100.0,4.4063109813389545,19.818643795125535,146,0.1417426288279059,0.001877522048495478,7.399267196655273,-1.1255986234725839,62.76041793823242,-0.17157012201418098,-50.921730041503906,-0.7227785858182614,100.0,0.0,4.029304027557373,0.37700695378158144,20.967741012573242,-1.1490972174477072
1,43,143,0.1416038256651182,7.284849968840047,62.27109399097203,-51.15798935335872,100.0,4.840970285918078,19.97874491000585,147,0.14151141922284213,9.24064422760662e-05,8.278388023376465,-0.9935380545364181,62.63020706176758,-0.35911307079555144,-50.921730041503906,-0.2362593118548162,100.0,0.0,4.371184349060059,0.4697859368580195,20.967741012573242,-0.9889961025673912
1,44,144,0.14035067500071863,8.044655706489541,61.69970993689622,-51.063925745153284,100.0,5.148512411591578,19.875841112395182,148,0.14044446057413235,-9.378557341371829e-05,9.10866928100586,-1.0640135745163182,62.109375,-0.40966506310378037,-50.86128616333008,-0.20263958182320607,100.0,0.0,4.713064670562744,0.43544774102883377,20.89093780517578,-1.0150966927805989
1,45,145,0.1376901409484818,8.771806429770345,60.84991612688897,-50.65414351274901,100.0,5.169287262832321,19.808195203247706,149,0.13846242246034046,-0.0007722815118586523,9.938949584960938,-1.1671431551905922,60.9375,-0.08758387311102922,-50.86128616333008,0.20714265058106918,100.0,0.0,5.103785037994385,0.06550222483793622,20.967741012573242,-1.159545809325536
1,46,146,0.13790214234747858,9.519907326720404,60.48635864456826,-50.934615970652565,100.0,5.6513725429059445,19.596072762331467,150,0.1366516512799057,0.0012504910675728842,10.818070411682129,-1.2981630849617254,59.765625,0.7207336445682628,-50.921730041503906,-0.012885929148659159,100.0,0.0,5.5433454513549805,0.10802709155096402,20.967741012573242,-1.3716682502417754
1,47,147,0.13451011145860575,10.46967747584723,59.50600574917464,-50.36182825723052,100.0,6.18156175921461,20.209382260275927,151,0.13334266717445004,0.0011674442841557164,12.185592651367188,-1.7159151755199566,57.94270706176758,1.5632986874070625,-50.86128616333008,0.49945790609955765,100.0,0.0,6.568986415863037,-0.3874246566484274,20.89093780517578,-0.6815555448998545
1,48,148,0.12974726502596973,11.474305217753832,57.80063268469847,-49.739575875399346,100.0,6.672742935899483,19.80198833277617,152,0.1321823700328812,-0.0024351050069114644,10.866910934448242,0.6073942833055899,57.68229293823242,0.11833974646604872,-50.61952209472656,0.8799462193272163,100.0,0.0,6.422466278076172,0.2502766578233109,20.89093780517578,-1.0889494723996123
1,49,149,0.12672979344831362,12.225466814461049,56.97751133523444,-49.197861662325614,100.0,6.9326971850061145,19.649455712763086,153,0.13019512615840456,-0.003465332710090946,9.98779010772705,2.237676706733998,56.51041793823242,0.46709339700201724,-50.61952209472656,1.421660432400948,100.0,0.0,6.1782660484313965,0.754431136574718,20.89093780517578,-1.2414820924126957
2,0,100,0.052800908159767394,-11.157303454940571,38.11199201160598,-33.506690695742776,100.0,-9.767848257218903,19.982055771328607,104,0.04619879135293085,0.006602116806836547,-11.20879077911377,0.051487324173198346,35.546875,2.5651170116059774,-32.42671585083008,-1.079974844912698,100.0,0.0,-10.525030136108398,0.7571818788894955,20.89093780517578,-0.9088820338471741
2,1,101,0.05467080963987324,-10.81520159660721,37.63332741768495,-34.580773493365164,100.0,-9.7089981373054,20.008691554060785,105,0.04920084666879985,0.00546996297107339,-10.818070411682129,0.0028688150749189845,36.45833206176758,1.1749953559173747,-33.09156799316406,-1.489205500201102,100.0,0.0,-10.183150291442871,0.4741521541374709,20.89093780517578,-0.8822462511149958
2,2,102,0.05867746810611932,-10.507462062497828,37.62185555546074,-36.20170416927174,100.0,-9.40215972936123,20.020916622508295,106,0.05365490903092206,0.005022559075197261,-10.573870658874512,0.06640859637668406,37.23958206176758,0.38227349369316244,-34.4212760925293,-1.7804280767424459,100.0,0.0,-9.89011001586914,0.4879502865079104,20.89093780517578,-0.870021182667486
2,3,103,0.06499837404599045,-10.406008784330869,37.45331211351325,-38.79279396780275,100.0,-9.13523269543327,19.759450641095583,107,0.057415298319235204,0.007583075726755241,-10.378510475158691,-0.027498309172177215,37.63020706176758,-0.17689494825432917,-35.6905403137207,-3.1022536540820482,100.0,0.0,-9.59706974029541,0.46183704486213983,20.89093780517578,-1.1314871640801982
2,4,104,0.07044247395766351,-10.230689108632697,38.21681558137184,-40.39186101734331,100.0,-8.889521141232786,20.07224577053338,108,0.0606280434318527,0.00981443052581081,-10.231989860534668,0.0013007519019705427,38.02083206176758,0.19598351960426186,-36.718040466308594,-3.6738205510347157,100.0,0.0,-9.40170955657959,0.5121884153468041,20.89093780517578,-0.8186920346423996
2,5,105,0.07339928415528627,-10.181060093298084,39.059487086478924,-40.97518399778388,100.0,-8.608880350561249,19.46471919823609,109,0.06440567615316795,0.00899360800211832,-10.085470199584961,-0.09558989371312343,38.54166793823242,0.5178191482465024,-37.866424560546875,-3.108759437237005,100.0,0.0,-9.10866928100586,0.4997889304446108,20.89093780517578,-1.4262186069396918
2,6,106,0.07694910423589624,-9.96695362206494,39.34201025914414,-42.122831467649576,100.0,-8.435130143458748,19.614330804311827,110,0.06865144815585844,0.008297656080037796,-9.938949584960938,-0.028004037104002677,38.93229293823242,0.4097173209117173,-39.25657272338867,-2.8662587442609038,100.0,0.0,-8.766788482666016,0.3316583392072676,20.89093780517578,-1.2766070008639545
2,7,107,0.07998513402675476,-9.864330992371888,40.29638388088858,-42.646576066242744,100.0,-8.191712801045123,19.957902282152524,111,0.07270016767983872,0.007284966346916041,-9.79242992401123,-0.07190106836065802,39.453125,0.8432588808885768,-40.465396881103516,-2.1811791851392286,100.0,0.0,-8.424908638000488,0.23319583695536572,20.89093780517578,-0.933035523023257
2,8,108,0.08170384273324237,-9.57467629598889,40.109669039647684,-43.4000816560294,100.0,-7.58830382475779,19.884888299531863,112,0.07560847601773088,0.006095366715511488,-9.59706974029541,0.022393444306519683,39.84375,0.2659190396476845,-41.31157302856445,-2.0885086274649467,100.0,0.0,-8.131868362426758,0.543564537668968,20.89093780517578,-1.0060495056439187
2,9,109,0.08538631392870684,-9.334948851487917,40.523573981046034,-44.48195247742269,100.0,-7.430309535652609,19.851022723159428,113,0.07783085487424955,0.007555459054457286,-9.30402946472168,-0.030919386766237622,40.10416793823242,0.4194060428136126,-41.9764289855957,-2.5055234918269846,100.0,0.0,-7.838827610015869,0.4085180743632604,20.89093780517578,-1.0399150820163534
2,10,110,0.08668813314090565,-9.093300801373063,41.13788991792109,-44.57200775412769,100.0,-7.208277853070935,20.236284003031972,114,0.08040682384892506,0.006281309291980591,-8.815629005432129,-0.2776717959409343,40.75520706176758,0.38268285615351516,-42.5203971862793,-2.0516105678483925,100.0,0.0,-7.643467426300049,0.4351895732291142,20.89093780517578,-0.6546538021438089
2,11,111,0.08770168541552427,-8.82073336034108,40.702149589360914,-45.20985404594051,100.0,-7.036218408303737,20.28607081023489,115,0.08305618283137581,0.0046455025841484615,-8.278388023376465,-0.5423453369646154,41.92708206176758,-1.224932472406664,-42.76216506958008,-2.447688976360432,100.0,0.0,-7.4481072425842285,0.41188883428049117,20.89093780517578,-0.6048669949408918
2,12,112,0.09074131523154012,-8.18020902864538,42.2385945312506,-45.34858804370162,100.0,-6.812355219840894,20.387572066523113,116,0.08504207583207152,0.005699239399468606,-7.741147518157959,-0.4390615104874218,43.09895706176758,-0.86036253051698,-42.76216506958008,-2.5864229741215397,100.0,0.0,-7.203907012939453,0.39155179309855903,20.89093780517578,-0.5033657386526684
2,13,113,0.09591434442784144,-7.5955266590932276,44.202255888135454,-45.98194371813828,100.0,-6.539146240326546,19.831450793197913,117,0.08724720696548656,0.008667137462354882,-7.106226921081543,-0.4892997380116846,44.40104293823242,-0.19878705009696773,-42.76216506958008,-3.2197786485582043,100.0,0.0,-7.008546829223633,0.4694005888970869,20.89093780517578,-1.0594870119778683
2,14,114,0.09716602638798089,-7.2179053942348474,45.307668078393625,-45.7525542656935,100.0,-6.326351197901987,20.215891461372884,118,0.08917052310201115,0.007995503285969735,-6.422466278076172,-0.7954391161586756,45.44270706176758,-0.1350389833739527,-42.82260513305664,-2.9299491326368567,100.0,0.0,-6.666666507720947,0.3403153098189602,20.89093780517578,-0.6750463438028973
2,15,115,0.09825252127826177,-6.576543923875997,45.89115624208051,-45.78372779570492,100.0,-6.0916079814082424,19.527057272719205,119,0.09086718277325138,0.007385338505010386,-5.689865589141846,-0.8866783347341514,46.35416793823242,-0.4630116961519093,-42.8830451965332,-2.9006825991717164,100.0,0.0,-6.1782660484313965,0.08665806702315404,20.89093780517578,-1.3638805324565766
2,16,116,0.0995672858911985,-5.77128920148839,46.57573162200007,-45.83865837070555,100.0,-5.487637410776132,19.715467218003205,120,0.09297094350748131,0.006596342383717188,-5.006104946136475,-0.7651842553519153,47.00520706176758,-0.4294754397675078,-43.24569320678711,-2.592965163918443,100.0,0.0,-5.738705635070801,0.25106822429466913,20.89093780517578,-1.1754705871725761
2,17,117,0.10222237126056682,-4.94582517786735,47.0464055230438,-46.49071959214426,100.0,-4.871518280415413,19.92499484381479,121,0.0947350720905433,0.007487299170023526,-4.224664211273193,-0.721160966594157,47.65625,-0.6098444769561979,-43.487457275390625,-3.0032623167536343,100.0,0.0,-5.15262508392334,0.28110680350792716,20.89093780517578,-0.9659429613609909
2,18,118,0.10486416320268394,-4.607550845856887,47.74442568173211,-46.994418960747275,100.0,-4.5428977389904786,19.87488183777918,122,0.09599093399658348,0.008873229206100453,-3.5897436141967773,-1.0178072316601092,48.30729293823242,-0.5628672565003114,-43.54790115356445,-3.446517807182822,100.0,0.0,-4.615384578704834,0.07248683971435543,20.89093780517578,-1.0160559673965999
2,19,119,0.10711861226407879,-3.598526474342294,48.60115897811801,-47.270518693377625,100.0,-3.92053759825769,19.68959635448497,123,0.09807976457947568,0.009038847684603113,-2.9059829711914062,-0.6925435031508878,49.34895706176758,-0.7477980836495703,-43.66878128051758,-3.6017374128600466,100.0,0.0,-4.126984119415283,0.2064465211575932,20.89093780517578,-1.201341450690812
2,20,120,0.10799579643770121,-3.082142633614183,49.209030562110144,-47.21790309058045,100.0,-3.4009264552810348,19.883814230204706,124,0.09921175514282181,0.008784041294879405,-2.2710623741149902,-0.8110802594991928,50.13020706176758,-0.9211764996574345,-43.608341217041016,-3.609561873539434,100.0,0.0,-3.6385836601257324,0.23765720484469766,20.89093780517578,-1.0071235749710752
2,21,121,0.11099650975508023,-2.42113270717475,50.44207674141067,-47.52706977184542,100.0,-2.8453852328405027,20.250483313195108,125,0.10024451006063202,0.010751999694448205,-1.4896215200424194,-0.9315111871323305,50.65104293823242,-0.20896619682174844,-43.66878128051758,-3.8582884913278406,100.0,0.0,-3.1013431549072266,0.25595792206672385,20.89093780517578,-0.6404544919806732
2,22,122,0.11280174077216557,-1.8740465464342728,51.51393792425414,-47.52020344997034,100.0,-2.4109860278534936,20.024234303318842,126,0.10043954055243773,0.012362200219727837,-0.46398046612739563,-1.4100660803068772,50.78125,0.7326879242541366,-43.66878128051758,-3.8514221694527606,100.0,0.0,-2.3687424659729004,-0.042243561880593195,20.89093780517578,-0.8667035018569393
2,23,123,0.11386643859313994,-0.5010858149267912,51.70692572601405,-47.78323502161264,100.0,-1.451228651766975,19.888194614529425,127,0.10063296680898781,0.013233471784152129,0.6593406796455383,-1.1604264945723295,50.91145706176758,0.7954686642464708,-43.66878128051758,-4.114453741095062,100.0,0.0,-1.5873016119003296,0.13607296013335457,20.89093780517578,-1.0027431906463562
2,24,124,0.11329598764037577,0.7431056245156674,51.65986138288503,-47.62698511534294,100.0,-0.5393750203196224,19.892952343845273,128,0.10087663571152958,0.01241935192884619,1.78266179561615,-1.0395561711004824,51.171875,0.48798638288503327,-43.608341217041016,-4.018643898301924,100.0,0.0,-0.9035409092903137,0.36416588897069135,20.89093780517578,-0.9979854613305079
2,25,125,0.1117893498386279,1.7850884377723482,51.87748778913645,-46.98953179720663,100.0,0.012439142846278395,20.068356389329647,129,0.10107321099613567,0.010716138842492229,2.857142925262451,-1.072054487490103,51.30208206176758,0.5754057273688744,-43.608341217041016,-3.3811905801656152,100.0,0.0,-0.21978022158145905,0.23221936442773744,20.89093780517578,-0.822581415846134
2,26,126,0.11418276082113318,2.6952455062462892,52.730336191940445,-47.316014327653974,100.0,0.46562715126014653,19.84955085037777,130,0.10170931060162279,0.012473450219510393,3.931623935699463,-1.2363784294531737,51.69270706176758,1.037629130172867,-43.608341217041016,-3.7076731106129586,100.0,0.0,0.41514042019844055,0.05048673106170598,20.89093780517578,-1.0413869547980106
2,27,127,0.11402387861005917,3.8940422286768266,52.93915303068702,-47.14827887256617,100.0,1.1623967028911508,19.835079897284274,131,0.10251916925346602,0.011504709356593146,4.859584808349609,-0.9655425796727828,52.08333206176758,0.8558209689194385,-43.66878128051758,-3.4794975920485953,100.0,0.0,1.0012210607528687,0.16117564213828217,20.89093780517578,-1.0558579078915074
2,28,128,0.1137689434358577,4.675801149143563,53.481030937136346,-46.75422987717431,100.0,1.9051236217096297,19.882478747178876,132,0.10294210776118531,0.01082683567467238,5.5433454513549805,-0.8675443022114173,52.34375,1.137280937136346,-43.66878128051758,-3.0854485966567324,100.0,0.0,1.4407814741134644,0.4643421475961653,20.89093780517578,-1.0084590579969053
2,29,129,0.1155241393967453,5.2538458679426805,54.05773196321249,-47.02361690491222,100.0,2.255637603602581,19.79404135633651,133,0.10292770419379375,0.012596435202951548,6.1782660484313965,-0.924420180488716,52.34375,1.7139819632124897,-43.66878128051758,-3.3548356243946387,100.0,0.0,1.88034188747406,0.37529571612852086,20.89093780517578,-1.0968964488392707
2,30,130,0.11600802738367155,5.6706918452917305,53.695404697192714,-47.40335094101509,100.0,2.5969618598537045,19.768443272329932,134,0.10291654447246562,0.013091482911205932,6.764346599578857,-1.0936547542871269,52.34375,1.3516546971927141,-43.66878128051758,-3.734569660497513,100.0,0.0,2.222222328186035,0.3747395316676694,20.89093780517578,-1.1224945328458489
2,31,131,0.11693182767294216,6.496730634917121,53.72812159510307,-47.70203594258106,100.0,2.8178105607361403,19.82930947403139,135,0.10290542286536024,0.014026404807581924,7.399267196655273,-0.9025365617381524,52.34375,1.3843715951030688,-43.66878128051758,-4.033254662063484,100.0,0.0,2.5641026496887207,0.25370791104741963,20.89093780517578,-1.0616283311443908
2,32,132,0.1170278080144978,7.0261222136665165,53.953331161277596,-47.607908029592195,100.0,3.1421375041197104,19.968883930659384,136,0.10289118029216845,0.014136627722329348,8.131868362426758,-1.1057461487602414,52.34375,1.609581161277596,-43.66878128051758,-3.9391267490746174,100.0,0.0,3.0036630630493164,0.13847444107039397,20.89093780517578,-0.9220538745163971
2,33,133,0.11512318221865644,7.869237876990956,53.34913499131149,-47.31675383266341,100.0,3.7753052313524407,20.08819541589633,137,0.1026584469432235,0.012464735275432945,8.864468574523926,-0.9952306975329694,52.21354293823242,1.1355920530790655,-43.66878128051758,-3.6479725521458306,100.0,0.0,3.443223476409912,0.33208175494252856,20.89093780517578,-0.8027423892794516
2,34,134,0.11590093676549196,8.848903408636357,53.60578172574586,-47.43842920037587,100.0,4.223027928708301,19.929933289557113,138,0.10263967137658361,0.013261265388908344,9.645909309387207,-0.7970059007508503,52.21354293823242,1.3922387875134348,-43.66878128051758,-3.7696479198582935,100.0,0.0,4.029304027557373,0.19372390115092752,20.89093780517578,-0.9610045156186686
2,35,135,0.11412232840446213,9.609127243724156,53.654582844829136,-46.80709555412927,100.0,4.659980525181826,19.77232356088328,139,0.10218382445510502,0.01193850394935711,10.573870658874512,-0.9647434151503553,51.953125,1.701457844829136,-43.66878128051758,-3.138314273611691,100.0,0.0,4.615384578704834,0.044595946476992054,20.89093780517578,-1.1186142442925018
2,36,136,0.11198922542887726,10.467293471041009,52.585338252074656,-46.70694085393787,100.0,5.346074034934188,20.136057990960754,140,0.10150613911013516,0.010483086318742105,11.452991485595703,-0.9856980145546945,51.5625,1.0228382520746564,-43.66878128051758,-3.0381595734202946,100.0,0.0,5.299145221710205,0.04692881322398268,20.89093780517578,-0.7548798142150268
2,37,137,0.1093097738115091,11.324745251945227,51.506434747434184,-46.42590751542329,100.0,6.132200329991341,19.99676313333221,141,0.10061232519251068,0.008697448618998418,12.283272743225098,-0.9585274912798702,51.04166793823242,0.4647668092017625,-43.66878128051758,-2.757126234905712,100.0,0.0,5.885225772857666,0.246974557133675,20.89093780517578,-0.8941746718435724
2,38,138,0.1054915088720588,12.099524163090656,50.13344479864354,-45.921443634395054,100.0,6.802615192712742,20.14283201550028,142,0.09950166911035355,0.005989839761705251,13.015872955322266,-0.9163487922316094,50.390625,-0.25718020135646213,-43.66878128051758,-2.2526623538774757,100.0,0.0,6.373626232147217,0.42898896056552527,20.89093780517578,-0.7481057896755026
2,39,139,0.10380569619214963,12.678834499643196,49.55196382997397,-45.683165831885134,100.0,7.121383685927069,20.142395568281625,143,0.09839580664600062,0.005409889546149016,13.65079402923584,-0.9719595295926435,49.73958206176758,-0.18761823179360704,-43.66878128051758,-2.014384551367556,100.0,0.0,6.666666507720947,0.45471717820612145,20.89093780517578,-0.7485422368941563
2,40,140,0.1024904056602351,13.179757701126201,49.04393020231759,-45.528941526293465,100.0,7.358403176304768,19.888381013862393,144,0.0975055912630443,0.004984814397190798,14.090353965759277,-0.9105962646330763,49.21875,-0.17481979768241018,-43.66878128051758,-1.8601602457758872,100.0,0.0,7.057386875152588,0.30101630115218025,20.89093780517578,-1.0025567913133884
2,41,141,0.10022035717708161,13.741881684740768,48.376497867507986,-45.134531709616795,100.0,7.582286602401657,19.983440127350278,145,0.09617765669361553,0.004042700483466083,14.383394241333008,-0.6415125565922395,48.4375,-0.06100213249201403,-43.66878128051758,-1.4657504290992165,100.0,0.0,7.350427150726318,0.23185945167533895,20.89093780517578,-0.9074976778255035
2,42,142,0.10034051266511027,14.308566988714986,47.864826913017566,-45.486979082617765,100.0,7.926749531714835,19.849922512462406,146,0.09484947828520476,0.005491034379905502,14.529914855957031,-0.22134786724204503,47.65625,0.2085769130175663,-43.66878128051758,-1.8181978021001868,100.0,0.0,7.594627380371094,0.3321221513437411,20.89093780517578,-1.0410152927133751
2,43,143,0.09787918460196819,14.55367779165408,47.28485419715039,-44.970997500379724,100.0,8.104126874773863,20.041899049861346,147,0.0930825657486413,0.004796618853326898,14.627594947814941,-0.07391715616086181,46.61458206176758,0.6702721353828096,-43.66878128051758,-1.3022162198621459,100.0,0.0,7.692307472229004,0.41181940254485916,20.89093780517578,-0.8490387553144352
2,44,144,0.09495864916935476,14.700700859236584,46.01645548625453,-44.704911451524524,100.0,8.261557269803125,19.941055874144997,148,0.09131131267049827,0.003647336498856485,14.774114608764648,-0.0734137495280649,45.57291793823242,0.4435375480221069,-43.66878128051758,-1.0361301710069455,100.0,0.0,7.838827610015869,0.4227296597872563,20.89093780517578,-0.9498819310307844
2,45,145,0.09213646928249708,14.749113333717982,44.98502385769726,-44.32555252665832,100.0,8.166067833341675,19.819847434720728,149,0.08887149359103687,0.003264975691460212,14.920635223388672,-0.17152188967068938,44.140625,0.8443988576972572,-43.66878128051758,-0.6567712461407424,100.0,0.0,8.034188270568848,0.13187956277282709,20.89093780517578,-1.0710903704550532
2,46,146,0.09098542232773948,15.004749244178454,44.19165241388838,-44.40052833164911,100.0,8.373498982851569,19.691373967635947,150,0.08620216090160374,0.004783261426135749,15.115995407104492,-0.1112461629260384,42.578125,1.6135274138883773,-43.66878128051758,-0.7317470511315349,100.0,0.0,8.327228546142578,0.04627043670899056,20.89093780517578,-1.1995638375398343
2,47,147,0.08894882356929963,15.21949277132775,42.930650235674925,-44.44934995222395,100.0,8.924786852545715,20.409842240487453,151,0.08290578474977175,0.006043038819527877,15.213675498962402,0.005817272365348458,40.75520706176758,2.1754431739073468,-43.608341217041016,-0.8410087351829318,100.0,0.0,9.059828758239746,-0.13504190569403107,20.89093780517578,-0.4810955646883279
2,48,148,0.08277193133704591,15.306353221975382,40.915525464987425,-43.46050671752529,100.0,9.185353750028469,19.88128533681537,152,0.0834136823814994,-0.0006417510444534924,13.94383430480957,1.3625189171658114,41.14583206176758,-0.23030659678015297,-43.54790115356445,0.08739443603916186,100.0,0.0,8.815629005432129,0.36972474459633986,20.89093780517578,-1.009652468360411
2,49,149,0.07911368634691493,15.56668352669799,39.7377285663723,-42.8548914121625,100.0,9.376868920253589,19.844453283253646,153,0.08380927520878231,-0.0046955888618673836,12.918192863464355,2.648490663233634,41.27604293823242,-1.5383143718601247,-43.608341217041016,0.7534498048785139,100.0,0.0,8.522588729858398,0.8542801903951904,20.89093780517578,-1.0464845219221353
3,0,100,0.03116031833660296,-11.8591078468374,36.39927192779697,-25.14060086044545,100.0,-10.413427863395954,19.762831970458855,104,0.02044843755292193,0.01071188078368103,-12.087912559509277,0.2288047126718773,34.765625,1.633646927796967,-20.942882537841797,-4.197718322603652,100.0,0.0,-11.648351669311523,1.2349238059155692,20.89093780517578,-1.1281058347169264
3,1,101,0.033260656633962826,-11.621234942892336,36.399599477647996,-26.12575550131684,100.0,-10.419497313824861,19.739345654505033,105,0.027484081589816522,0.005776575044146304,-11.59951114654541,-0.021723796346925894,36.58854293823242,-0.1889434605844258,-23.239648818969727,-2.886106682347112,100.0,0.0,-11.01343059539795,0.5939332815730882,20.89093780517578,-1.1515921506707478
3,2,102,0.04005736513830797,-11.329088650037276,37.0777838267534,-28.75767526483759,100.0,-10.018238384453856,19.629729207744962,106,0.03416493174720979,0.005892433391098177,-11.452991485595703,0.12390283555842707,37.63020706176758,-0.5524232350141816,-25.71773910522461,-3.0399361596129815,100.0,0.0,-10.671550750732422,0.6533123662785663,20.89093780517578,-1.2612085974308194
3,3,103,0.04901391302284853,-11.252813709249736,38.07283837825109,-31.961457467396595,100.0,-9.770500307171394,19.495937676764136,107,0.03996726253441536,0.009046650488433165,-11.257631301879883,0.004817592630146805,38.41145706176758,-0.3386186835164864,-27.833181381225586,-4.1282760861710095,100.0,0.0,-10.378510475158691,0.6080101679872971,20.89093780517578,-1.3950001284116453
3,4,104,0.05616127229024366,-11.213385138865899,39.384812645490655,-34.056493021576756,100.0,-9.542538077921767,19.75540782141654,108,0.04647045214482573,0.00969082014541793,-11.20879077911377,-0.004594359752129407,39.32291793823242,0.061894707258232984,-30.069507598876953,-3.986985422699803,100.0,0.0,-10.134309768676758,0.5917716907549906,20.89093780517578,-1.1355299837592412
3,5,105,0.06027818600762133,-11.153359370979683,40.084173473336634,-35.260675113540856,100.0,-9.241174869879513,19.231576822783946,109,0.0529742892040807,0.007303896803540634,-11.20879077911377,0.05543140813408698,40.36458206176758,-0.2804085884309444,-32.124507904052734,-3.1361672094881214,100.0,0.0,-9.89011001586914,0.6489351459896273,20.89093780517578,-1.659360982391835
3,6,106,0.06453137805529338,-11.073781177293576,40.793962574346594,-36.48369136207386,100.0,-9.088010936064146,19.406392119155655,110,0.05926518582124348,0.0052661922340499,-11.20879077911377,0.13500960182019384,41.14583206176758,-0.35186948742098423,-34.17951202392578,-2.3041793381480815,100.0,0.0,-9.548229217529297,0.460218281465151,20.89093780517578,-1.4845456860201267
3,7,107,0.07018415893503219,-11.135754920603405,41.61580038544092,-38.146202225443524,100.0,-8.876313325340359,19.69944596801845,111,0.06495481562097938,0.005229343314052809,-11.159951210021973,0.02419628941856722,41.92708206176758,-0.31128167632665793,-35.93230438232422,-2.2138978431193053,100.0,0.0,-9.255188941955566,0.37887561661520763,20.89093780517578,-1.1914918371573329
3,8,108,0.07591159949690877,-10.900802092220674,42.38718790203925,-39.830998268759465,100.0,-8.281652526315666,19.629158643933078,112,0.0699774892862266,0.0059341102106821725,-11.159951210021973,0.25914911780129835,42.70833206176758,-0.3211441597283269,-37.382896423339844,-2.4481018454196217,100.0,0.0,-8.962148666381836,0.68049614006617,20.89093780517578,-1.2617791612427034
3,9,109,0.08086374139961905,-10.790536679106882,43.0015114563527,-41.28625481513596,100.0,-8.116489515295894,19.604538019843275,113,0.0753029117752606,0.005560829624358443,-11.01343059539795,0.22289391629106703,43.61979293823242,-0.6182814818797198,-38.8334846496582,-2.4527701654777587,100.0,0.0,-8.717948913574219,0.6014593982783243,20.89093780517578,-1.286399785332506
3,10,110,0.08558314539304351,-10.821059679676184,43.95395786618298,-42.42402792825727,100.0,-7.922819037044869,19.877162956445428,114,0.08120129236231688,0.004381853030726635,-10.769230842590332,-0.05182883708585173,44.921875,-0.9679171338170178,-40.2236328125,-2.200395115757267,100.0,0.0,-8.473748207092285,0.5509291700474162,20.89093780517578,-1.0137748487303533
3,11,111,0.08913748250272992,-10.639013637289986,44.198028209825736,-43.558257133314015,100.0,-7.784565640059168,19.863128450570585,115,0.08573875711318957,0.0033987253895403496,-10.573870658874512,-0.06514297841547467,46.35416793823242,-2.1561397284066857,-41.009368896484375,-2.54888823682964,100.0,0.0,-8.327228546142578,0.5426629060834101,20.89093780517578,-1.0278093546051963
3,12,112,0.09617661784341881,-10.393207263669108,46.58639984447352,-44.61361652149452,100.0,-7.62536905151316,20.045309930338377,116,0.0900241601451103,0.006152457698308508,-10.427350044250488,0.034142780581380094,47.91666793823242,-1.330268093758903,-41.6137809753418,-2.999835546152724,100.0,0.0,-8.180707931518555,0.5553388800053947,20.89093780517578,-0.8456278748374046
3,13,113,0.10223823035370491,-10.093252080961836,48.618675277709364,-45.52367567902819,100.0,-7.355517679465545,19.66903673537499,117,0.09445262052964379,0.007785609824061124,-10.231989860534668,0.13873777957283195,49.34895706176758,-0.7302817840582136,-42.33907699584961,-3.184598683178578,100.0,0.0,-8.034188270568848,0.6786705911033026,20.89093780517578,-1.22190106980079
3,14,114,0.10472352323653933,-10.126748009139847,49.74520681592014,-45.718379845788704,100.0,-7.311437352835843,19.938059845841945,118,0.09829673980791259,0.006426783428626737,-10.036629676818848,-0.09011833232099953,50.52083206176758,-0.7756252458474364,-43.003929138183594,-2.71445070760511,100.0,0.0,-7.887667655944824,0.5762303031089813,20.89093780517578,-0.9528779593338363
3,15,115,0.10810809433856361,-9.913809945646252,51.03150269832715,-46.13066639225877,100.0,-7.1789765186496,19.405880657571295,119,0.10206656511401307,0.006041529224550535,-9.938949584960938,0.02513963931468588,51.43229293823242,-0.40079023990526963,-43.78966522216797,-2.3410011700907987,100.0,0.0,-7.741147518157959,0.5621709995083588,20.89093780517578,-1.4850571476044863
3,16,116,0.11084133721969361,-9.599025044997498,51.76070484108904,-46.64575485250473,100.0,-6.935733035910279,19.56189576268322,120,0.10546134804572835,0.0053799891739652606,-9.79242992401123,0.19340487901373216,52.21354293823242,-0.45283809714338474,-44.514957427978516,-2.1307974245262145,100.0,0.0,-7.545787334442139,0.6100542985318596,20.89093780517578,-1.32904204249256
3,17,117,0.11503854310619074,-9.540657510066362,52.54022016445579,-47.628957128701444,100.0,-6.683263031830865,19.63431985960992,121,0.1086102673584083,0.006428275747782444,-9.59706974029541,0.05641223022904818,53.25520706176758,-0.714986897311789,-44.99848937988281,-2.6304677488186314,100.0,0.0,-7.301587104797363,0.618324072966498,20.89093780517578,-1.2566179455658606
3,18,118,0.118189182267155,-9.440261272826945,53.356276339807636,-48.22707378181876,100.0,-6.546763869759976,19.656603672549842,122,0.11145828962227834,0.006730892644876654,-9.40170955657959,-0.03855171624735476,54.42708206176758,-1.0708057219599425,-45.30069351196289,-2.926380269855869,100.0,0.0,-7.057386875152588,0.5106230053926115,20.89093780517578,-1.2343341326259392
3,19,119,0.1213205728601639,-9.146302909810384,54.05909167596615,-48.88383639742375,100.0,-6.241075787332833,19.56713312930707,123,0.11386196226585119,0.0074586105943127146,-9.30402946472168,0.15772655491129584,55.859375,-1.800283324033849,-45.30069351196289,-3.583142885460859,100.0,0.0,-6.8131866455078125,0.5721108581749794,20.89093780517578,-1.3238046758687112
3,20,120,0.12340476665600629,-8.997403594581494,55.56235505620334,-48.7232744981763,100.0,-5.975171213870429,19.743385064440183,124,0.11607918914069465,0.00732557751531164,-9.157508850097656,0.16010525551616261,57.29166793823242,-1.7293128820290846,-45.24025344848633,-3.483021049689974,100.0,0.0,-6.568986415863037,0.5938152019926077,20.89093780517578,-1.1475527407355983
3,21,121,0.12701810684410952,-8.99609173128749,56.98831667159901,-49.124915030500816,100.0,-5.761353251034088,20.004982889283525,125,0.11820477321152194,0.008813333632587586,-8.815629005432129,-0.18046272585536194,58.46354293823242,-1.4752262666334133,-45.30069351196289,-3.824221518537925,100.0,0.0,-6.275946140289307,0.5145928892552183,20.89093780517578,-0.8859549158922562
3,22,122,0.1294748872829419,-8.844517724997305,58.61993769752616,-49.02401010783608,100.0,-5.547218845192663,19.82612704639537,126,0.1199278853582546,0.009547001924687298,-8.522588729858398,-0.32192899513890616,59.50520706176758,-0.8852693642414167,-45.30069351196289,-3.723316595873186,100.0,0.0,-5.934065818786621,0.3868469735939577,20.89093780517578,-1.0648107587804105
3,23,123,0.1329283598803454,-8.606461726463007,59.12758283582435,-49.89752628594196,100.0,-5.114339992463365,19.644890065686695,127,0.12164362167111055,0.011284738209234854,-8.180707931518555,-0.42575379494445187,60.546875,-1.4192921641756513,-45.30069351196289,-4.596832773979067,100.0,0.0,-5.5433454513549805,0.42900545889161545,20.89093780517578,-1.2460477394890859
3,24,124,0.13419182753819858,-8.016212903883497,60.30383720316431,-49.6615741730994,100.0,-4.763992971051294,19.698025241395225,128,0.12357475185465128,0.010617075683547306,-7.741147518157959,-0.2750653857255383,61.71875,-1.4149127968356865,-45.30069351196289,-4.3608806611365125,100.0,0.0,-5.299145221710205,0.5351522506589115,20.89093780517578,-1.1929125637805562
3,25,125,0.13557808467829757,-7.605266536211287,61.25613507294587,-49.5939827007391,100.0,-4.488297522226649,19.74527292597712,129,0.12549479303104383,0.010083291647253745,-7.252747058868408,-0.35251947734287903,62.890625,-1.6344899270541333,-45.30069351196289,-4.293289188776207,100.0,0.0,-4.9572649002075195,0.46896737798087074,20.89093780517578,-1.1456648791986623
3,26,126,0.13822549033574466,-7.261860364876264,62.743413258709275,-49.65033512595112,100.0,-4.236246069215006,19.62513514613611,130,0.1271937136254693,0.01103177671027536,-6.8131866455078125,-0.44867371936845135,63.93229293823242,-1.188879679523147,-45.30069351196289,-4.349641613988233,100.0,0.0,-4.615384578704834,0.3791385094898283,20.89093780517578,-1.2658026590396716
3,27,127,0.14147092505163064,-6.633405175485387,63.881900366482405,-50.103640979273244,100.0,-3.837434973671118,19.727129678707918,131,0.1286735828998116,0.012797342151819047,-6.471306324005127,-0.16209885148025993,64.84375,-0.9618496335175948,-45.30069351196289,-4.802947467310354,100.0,0.0,-4.273504257202148,0.43606928353103047,20.89093780517578,-1.1638081264678632
3,28,128,0.14218438254473342,-6.320397424896061,64.92609882179119,-49.77157465013144,100.0,-3.4373985813749868,19.756781948206523,132,0.12972576190064317,0.012458620644090257,-6.080585956573486,-0.23981146832257494,65.49478912353516,-0.5686903017439704,-45.30069351196289,-4.470881138168551,100.0,0.0,-3.980463981628418,0.5430654002534312,20.89093780517578,-1.134155856969258
3,29,129,0.14535422622853006,-6.115198411050538,65.64983164378482,-50.429462599446445,100.0,-3.1079880823029136,19.63134656293284,133,0.13053151432185722,0.014822711906672836,-5.738705635070801,-0.3764927759797372,65.88541412353516,-0.23558247975033453,-45.36113739013672,-5.068325209309727,100.0,0.0,-3.6874237060546875,0.5794356237517739,20.89093780517578,-1.2595912422429407
3,30,130,0.14708934028866705,-5.8390625131015605,65.83437170636368,-50.90477140616535,100.0,-2.9310309001234542,19.6427316978007,134,0.1334756244955167,0.01361371579315035,-5.25030517578125,-0.5887573373203105,66.14583587646484,-0.3114641701011607,-46.207313537597656,-4.697457868567696,100.0,0.0,-3.443223476409912,0.5121925762864579,20.89093780517578,-1.2482061073750828
3,31,131,0.1481788028377699,-5.307596491531864,66.11962192197463,-51.11202215067056,100.0,-2.72304137589238,19.70015519474876,135,0.1365697337015595,0.011609069136210404,-4.517704486846924,-0.7898920046849405,66.27603912353516,-0.1564172015605294,-47.174373626708984,-3.9376485239615775,100.0,0.0,-3.0036630630493164,0.28062168715693625,20.89093780517578,-1.1907826104270214
3,32,132,0.14934826605901763,-5.027211666568786,66.37309218459792,-51.36462562993338,100.0,-2.403535358900943,19.805775421663032,136,0.13861040995234772,0.010737856106669913,-3.6874237060546875,-1.3397879605140988,66.53646087646484,-0.16336869186692127,-47.718345642089844,-3.646279987843535,100.0,0.0,-2.5152626037597656,0.11172724485882268,20.89093780517578,-1.085162383512749
3,33,133,0.14984643997070096,-3.8699505179781015,66.66416212314333,-51.37962650691229,100.0,-1.7836800853275836,19.917678669995844,137,0.14071158103393078,0.009134858936770185,-2.9059829711914062,-0.9639675467866953,67.05728912353516,-0.3931270003918286,-48.14143371582031,-3.2381927910919757,100.0,0.0,-1.9291819334030151,0.14550184807543154,20.89093780517578,-0.9732591351799371
3,34,134,0.15195198332549464,-2.7975268135813125,67.33252378543723,-51.721124204290405,100.0,-1.1138580932944873,19.80754507874492,138,0.14308480202566703,0.008867181299827609,-1.78266179561615,-1.0148650179651626,67.1875,0.14502378543723182,-48.86672592163086,-2.8543982826595453,100.0,0.0,-1.2942613363265991,0.18040324303211186,20.89093780517578,-1.083392726430862
3,35,135,0.15157380999267633,-2.007241253596833,67.79152015342005,-51.35691262840981,100.0,-0.49706790138665,19.715674075799548,139,0.1456094443012036,0.005964365691472739,-0.46398046612739563,-1.5432607874694373,67.1875,0.604020153420052,-49.71290588378906,-1.6440067446207465,100.0,0.0,-0.5616605877876282,0.06459268640097815,20.89093780517578,-1.1752637293762334
3,36,136,0.1514870765937268,-0.5118261057798461,67.60540328109325,-51.44197713942309,100.0,0.4181609304706694,19.998092933451545,140,0.14740199908548943,0.004085077508237361,0.9035409092903137,-1.4153670150701598,67.1875,0.4179032810932455,-50.317317962646484,-1.1246591767766034,100.0,0.0,0.2686202824115753,0.14954064805909406,20.89093780517578,-0.8928448717242361
3,37,137,0.1502216050572044,0.8833822699461197,67.24912045244061,-51.23019648017408,100.0,1.33351808732569,19.974781651017707,141,0.14810256246346357,0.002119042593740822,2.222222328186035,-1.3388400582399154,67.1875,0.06162045244060721,-50.55908203125,-0.6711144489240795,100.0,0.0,1.0012210607528687,0.33229702657282134,20.89093780517578,-0.9161561541580738
3,38,138,0.14932807337344056,2.152446495874881,66.75366702429504,-51.21481691947053,100.0,2.1090279035407686,19.986630511055385,142,0.1480758705738275,0.0012522027996130503,3.394383430480957,-1.241936934606076,67.1875,-0.43383297570495927,-50.55908203125,-0.6557348882205289,100.0,0.0,1.6361416578292847,0.47288624571148397,20.89093780517578,-0.9043072941203967
3,39,139,0.14908793564205827,3.104954097868078,66.9576848768522,-51.03142682210563,100.0,2.596010231107311,19.978723314961176,143,0.14787056210805719,0.0012173735340010872,4.566544532775879,-1.461590434907801,67.1875,-0.22981512314780161,-50.49864196777344,-0.532784854332192,100.0,0.0,2.17338228225708,0.42262794885023114,20.89093780517578,-0.9122144902146054
3,40,140,0.14878047490182328,4.132052689510452,66.98074286287657,-50.92333405364866,100.0,3.033155545050503,19.814513458686502,144,0.14803310300265513,0.0007473718991681533,5.738705635070801,-1.6066529455603487,67.1875,-0.20675713712343224,-50.55908203125,-0.3642520223986594,100.0,0.0,2.661782741546631,0.37137280350387236,20.89093780517578,-1.0764243464892793
3,41,141,0.14835087120899831,5.412284977542632,66.70364330634922,-50.9394924167293,100.0,3.5923533400061767,19.867998701434992,145,0.1477972571898587,0.0005536140191396144,6.862026691436768,-1.4497417138941353,67.05728912353516,-0.35364581718593513,-50.55908203125,-0.3804103854793013,100.0,0.0,3.1990232467651367,0.39333009324103996,20.89093780517578,-1.0229391037407893
3,42,142,0.14948816816865387,6.477962495734006,66.71045329627515,-51.31779388515689,100.0,4.047203364116078,19.76480166584929,146,0.14756546997627146,0.001922698192382416,7.789987564086914,-1.3120250683529084,66.92708587646484,-0.216632580189696,-50.55908203125,-0.7587118539068882,100.0,0.0,3.6385836601257324,0.40861970399034586,20.89093780517578,-1.1261361393264906
3,43,143,0.14815311192077069,7.556048919385481,66.48980657569976,-51.00267186644875,100.0,4.498544918396357,19.90163127864122,147,0.14733565897406495,0.0008174529467057379,8.717948913574219,-1.1618999941887376,66.796875,-0.3070684243002404,-50.55908203125,-0.4435898351987504,100.0,0.0,4.029304027557373,0.469240890838984,20.89093780517578,-0.9893065265345626
3,44,144,0.14662193247070365,8.24059145542094,65.89061887147895,-50.82631599789344,100.0,4.764227337830482,19.804927532014293,148,0.14668158400726256,-5.965153655890232e-05,9.30402946472168,-1.0634380093007394,66.40625,-0.5156311285210506,-50.55908203125,-0.26723396664343824,100.0,0.0,4.3223443031311035,0.4418830346993783,20.89093780517578,-1.086010273161488
3,45,145,0.14420864495794708,9.05807010110633,65.06577217221825,-50.47850214178735,100.0,4.777061677385515,19.774758118024835,149,0.1453803924591491,-0.001171747501202025,10.085470199584961,-1.0274000984786316,65.625,-0.5592278277817542,-50.55908203125,0.08057988946264771,100.0,0.0,4.664224624633789,0.11283705275172551,20.89093780517578,-1.1161796871509466
3,46,146,0.14437831271505241,9.775094938573213,64.67729804890458,-50.754751918912376,100.0,5.299758369634852,19.554804631961392,150,0.14342607473625418,0.0009522379787982316,10.915750503540039,-1.140655564966826,64.453125,0.224173048904575,-50.55908203125,-0.19566988766237614,100.0,0.0,5.05494499206543,0.24481337756942256,20.89093780517578,-1.3361331732143888
3,47,147,0.1408104687138291,10.674982193785508,63.72619992567038,-50.10122954989464,100.0,5.805072774023533,20.150427788318677,151,0.13995496491707285,0.0008555037967562518,12.380952835083008,-1.7059706412974993,62.5,1.2261999256703788,-50.49864196777344,0.39741241787879744,100.0,0.0,6.031745910644531,-0.22667313662099797,20.89093780517578,-0.7405100168571046
3,48,148,0.13640886516554607,11.72642741091677,62.207450293174354,-49.484096543322046,100.0,6.293837393224814,19.77895096643529,152,0.13912775231678676,-0.00271888715124069,10.964591026306152,0.7618363846106178,62.109375,0.09807529317435382,-50.43819808959961,0.9541015462775633,100.0,0.0,5.836385726928711,0.45745166629610345,20.89093780517578,-1.111986838740492
3,49,149,0.13406125417615197,12.541551309178752,61.51710089495071,-49.08778973553421,100.0,6.500373487374398,19.629789446553787,153,0.13760424876642152,-0.003542994590269549,10.134309768676758,2.4072415405019942,61.19791793823242,0.31918295671828645,-50.43819808959961,1.3504083540654008,100.0,0.0,5.738705635070801,0.7616678523035976,20.89093780517578,-1.2611483586219947
4,0,100,0.032176915013174365,-11.81061326292681,37.45770737546768,-24.907733590963524,100.0,-10.191242558774022,19.829575434055258,104,0.0260237195740093,0.006153195439165066,-11.89255142211914,0.08193815919233138,36.06770706176758,1.3900003137000994,-22.877002716064453,-2.0307308748990707,100.0,0.0,-11.01343059539795,0.8221880366239276,20.967741012573242,-1.1381655785179845
4,1,101,0.03494248961043968,-11.501117342061931,37.63061180089682,-26.07987761082788,100.0,-10.154085342772987,19.842885937642908,105,0.030947712282651085,0.003994777327788593,-11.648351669311523,0.14723432724959196,37.63020706176758,0.0004047391292445468,-24.206708908081055,-1.873168702746824,100.0,0.0,-10.720390319824219,0.5663049770512316,20.967741012573242,-1.124855074930334
4,2,102,0.04259112883678824,-11.309985466631591,38.285033550926244,-29.076119697356244,100.0,-9.806710953834546,19.80486729320547,106,0.03645897924944094,0.006132149587347299,-11.5018310546875,0.19184558805590868,38.671875,-0.3868414490737564,-26.080387115478516,-2.9957325818777285,100.0,0.0,-10.476190567016602,0.6694796131820553,20.967741012573242,-1.1628737193677736
4,3,103,0.05169101964945874,-11.178108285482288,39.21181681080076,-32.33975179084824,100.0,-9.525749120695641,19.67016536060448,107,0.04184059684466624,0.009850422804792501,-11.40415096282959,0.22604267734730144,39.58333206176758,-0.3715152509668158,-27.89362335205078,-4.446128438797459,100.0,0.0,-10.183150291442871,0.6574011707472298,20.967741012573242,-1.2975756519687636
4,4,104,0.05901078573185476,-11.100313848361408,40.42768185779936,-34.536906913602365,100.0,-9.288817020101323,19.974520237319034,108,0.047966902397256886,0.011043883334597875,-11.257631301879883,0.15731745351847515,40.49479293823242,-0.06711108043306524,-29.948625564575195,-4.58828134902717,100.0,0.0,-9.938949584960938,0.6501325648596143,20.967741012573242,-0.9932207752542084
4,5,105,0.06365017013371141,-11.077720542321753,41.220443906536566,-35.87073102144824,100.0,-9.005814865493592,19.368615566534814,109,0.05424337963491071,0.0094067904988007,-11.257631301879883,0.17991075955812974,41.27604293823242,-0.05559903169585567,-32.06406784057617,-3.8066631808720715,100.0,0.0,-9.743589401245117,0.7377745357515249,20.967741012573242,-1.5991254460384283
4,6,106,0.06865516137000216,-10.951905302134591,42.04179039285435,-37.29434961437744,100.0,-8.886508493437292,19.56228674664993,110,0.06137465544168479,0.007280505928317367,-11.20879077911377,0.2568854769791784,42.1875,-0.14570960714564762,-34.36083221435547,-2.9335174000219695,100.0,0.0,-9.40170955657959,0.5152010631422979,20.967741012573242,-1.4054542659233107
4,7,107,0.07389469630499819,-11.049794842317267,42.633402554590454,-38.91725230364252,100.0,-8.700097806454064,19.87386118777306,111,0.06804124705198042,0.00585344925301777,-11.11111068725586,0.061315844938592434,42.96875,-0.3353474454095462,-36.47627639770508,-2.4409759059374423,100.0,0.0,-9.10866928100586,0.40857147455179543,20.967741012573242,-1.093879824800183
4,8,108,0.07930962190405205,-10.882433174745016,43.42607700278611,-40.450478399927235,100.0,-8.154187628061432,19.829995969135734,112,0.07279246318466828,0.00651715871938377,-11.11111068725586,0.22867751251084378,43.75,-0.3239229972138915,-37.80598449707031,-2.6444939028569223,100.0,0.0,-8.864468574523926,0.7102809464624933,20.89093780517578,-1.0609418360400475
4,9,109,0.08361199568661781,-10.688077324485674,43.992281198752714,-41.682811697081576,100.0,-7.993261641696941,19.77257929167546,113,0.07772700804095357,0.005884987645664239,-11.01343059539795,0.3253532709122755,44.40104293823242,-0.40876173947970784,-39.25657272338867,-2.4262389736929038,100.0,0.0,-8.669108390808105,0.6758467491111642,20.967741012573242,-1.195161720897783
4,10,110,0.08822666442290614,-10.803048457300111,44.96359219477041,-42.76178880322054,100.0,-7.844733045970579,20.10355290240272,114,0.08294741295916065,0.005279251463745485,-10.866910934448242,0.06386247714813109,45.57291793823242,-0.6093257434620085,-40.465396881103516,-2.2963919221170244,100.0,0.0,-8.522588729858398,0.6778556838878194,20.967741012573242,-0.8641881101705238
4,11,111,0.09201899551339271,-10.678391243200533,45.33778742981098,-43.894010270039104,100.0,-7.729398769542049,20.08711566366268,115,0.08759853488390784,0.004420460629484868,-10.720390319824219,0.04199907662368574,47.265625,-1.9278375701890198,-41.1302490234375,-2.7637612466016037,100.0,0.0,-8.376068115234375,0.6466693456923256,20.967741012573242,-0.8806253489105629
4,12,112,0.09795534646447815,-10.516943342103257,47.78969611811889,-44.515469559541316,100.0,-7.68230671500931,20.232502597051603,116,0.0910460464393559,0.006909300025122245,-10.573870658874512,0.05692731677125451,48.828125,-1.03842888188111,-41.432456970214844,-3.083012589326472,100.0,0.0,-8.229548454284668,0.5472417392753579,20.967741012573242,-0.7352384155216392
4,13,113,0.10371604230569449,-10.194806344288835,49.83442987185122,-45.31427786925403,100.0,-7.390953776680206,19.82239792315474,117,0.09500906749598392,0.008706974809710569,-10.378510475158691,0.18370413086985593,50.390625,-0.5561951281487794,-41.915985107421875,-3.3982927618321526,100.0,0.0,-8.083027839660645,0.6920740629804385,20.967741012573242,-1.1453430894185033
4,14,114,0.10619031933263287,-10.182891039190434,50.75150851520937,-45.631575533134864,100.0,-7.28256284851439,20.150738075013187,118,0.09884587765958541,0.007344441673047458,-10.231989860534668,0.04909882134423427,51.5625,-0.8109914847906268,-42.580841064453125,-3.050734468681739,100.0,0.0,-7.936507701873779,0.6539448533593895,20.967741012573242,-0.8170029375600549
4,15,115,0.10912023792518291,-10.004531427039039,52.0648348777642,-45.871936096130305,100.0,-7.194414153856923,19.604938096460376,119,0.10339237090351835,0.005727867021664557,-10.036629676818848,0.032098249779808796,52.734375,-0.6695401222358015,-43.487457275390625,-2.3844788207396803,100.0,0.0,-7.741147518157959,0.5467333643010361,20.967741012573242,-1.3628029161128659
4,16,116,0.11153957659438585,-9.741911496164454,52.732034880702734,-46.31596062571077,100.0,-6.986530417258362,19.739274049883225,120,0.10600056577133696,0.00553901082304889,-9.938949584960938,0.197038088796484,53.25520706176758,-0.5231721810648438,-44.09186935424805,-2.2240912714627257,100.0,0.0,-7.594627380371094,0.6080969631127315,20.967741012573242,-1.2284669626900175
4,17,117,0.115778760654771,-9.660912903731964,53.60306230023853,-47.2617410904395,100.0,-6.696416574068351,19.858179775596575,121,0.10866169881225377,0.0071170618425172305,-9.69474983215332,0.03383692842135666,53.90625,-0.3031876997614731,-44.635841369628906,-2.625899720810594,100.0,0.0,-7.399267196655273,0.7028506225869222,20.967741012573242,-1.109561236976667
4,18,118,0.1183019173536207,-9.548050190053354,54.291286433149715,-47.72223478955385,100.0,-6.580626950873785,19.84599107775062,122,0.1111063756598539,0.007195541693766794,-9.548229217529297,0.0001790274759425614,54.94791793823242,-0.6566315050827072,-44.87760543823242,-2.84462935132143,100.0,0.0,-7.106226921081543,0.5255999702077583,20.967741012573242,-1.1217499348226205
4,19,119,0.12092402978221974,-9.281855195755979,54.725476612996324,-48.36370001167857,100.0,-6.281354658385473,19.758109475163263,123,0.11324390111461921,0.007680128667600525,-9.40170955657959,0.11985436082361112,56.11979293823242,-1.3943163252360975,-44.93804931640625,-3.425650695272317,100.0,0.0,-6.910866737365723,0.62951207898025,20.967741012573242,-1.2096315374099795
4,20,120,0.12314706678138453,-9.113547854068194,56.174191516880526,-48.284890927097784,100.0,-5.981842733912207,19.962326993147887,124,0.1154134644172303,0.007733602364154227,-9.30402946472168,0.19048161065348523,57.421875,-1.2476834831194736,-44.93804931640625,-3.346841610691534,100.0,0.0,-6.617826461791992,0.6359837278797853,20.967741012573242,-1.0054140194253556
4,21,121,0.12645094338104615,-9.082631294510692,57.60511208467193,-48.58350090641642,100.0,-5.7063179251382685,20.23951530366383,125,0.11735634834747849,0.00909459503356766,-9.10866928100586,0.026037986495166976,58.59375,-0.98863791532807,-44.93804931640625,-3.6454515900101683,100.0,0.0,-6.275946140289307,0.5696282151510381,20.967741012573242,-0.7282257089094131
4,22,122,0.1284681425934353,-8.9284024166766,58.70685647834248,-48.638206414675054,100.0,-5.4872225392781875,20.075465705352254,126,0.11925423912533667,0.009213903468098639,-8.669108390808105,-0.2592940258684937,59.63541793823242,-0.9285614598899414,-44.99848937988281,-3.639717034792241,100.0,0.0,-5.934065818786621,0.4468432795084336,20.967741012573242,-0.8922753072209879
4,23,123,0.1327135346065857,-8.761678748807041,59.54753221458984,-49.5898457596718,100.0,-5.047458751457171,19.88918230367789,127,0.12096541080401668,0.01174812380256901,-8.229548454284668,-0.5321302945223731,60.67708206176758,-1.129549847177735,-44.99848937988281,-4.591356379788991,100.0,0.0,-5.494505405426025,0.44704665396885446,20.967741012573242,-1.0785587088953505
4,24,124,0.13418244883156782,-8.07801865318877,60.59299135595315,-49.49865443179288,100.0,-4.58889420160736,19.923770745756222,128,0.12288973934766562,0.011292709483902208,-7.741147518157959,-0.3368711350308118,61.84895706176758,-1.2559657058144253,-44.99848937988281,-4.500165051910066,100.0,0.0,-5.15262508392334,0.5637308823159799,20.967741012573242,-1.0439702668170199
4,25,125,0.13462067307786554,-7.718997533508949,61.32410547575241,-49.23912032587155,100.0,-4.335676784906927,20.005470482660616,129,0.12459079101797274,0.010029882059892803,-7.203907012939453,-0.5150905205694958,62.890625,-1.566519524247589,-44.99848937988281,-4.240630945988741,100.0,0.0,-4.761904716491699,0.4262279315847719,20.967741012573242,-0.962270529912626
4,26,126,0.13740705171402817,-7.304135395472125,62.556405146090135,-49.48442163972716,100.0,-4.063740936552567,19.827554592506388,130,0.1260743912990715,0.011332660414956675,-6.764346599578857,-0.5397887958932674,63.80208206176758,-1.2456769156774428,-44.99848937988281,-4.485932259844347,100.0,0.0,-4.420024394989014,0.3562834584364465,20.967741012573242,-1.1401864200668541
4,27,127,0.14128213738516607,-6.690222069127281,63.71179534966375,-50.1375153101887,100.0,-3.6507073837365778,19.905432006503663,131,0.1271274249784613,0.014154712406704767,-6.373626232147217,-0.3165958369800643,64.453125,-0.7413296503362474,-44.99848937988281,-5.139025930305884,100.0,0.0,-4.078144073486328,0.42743668974975035,20.967741012573242,-1.0623090060695795
4,28,128,0.1412402893001482,-6.377669695544687,64.41400890818899,-49.742594627732565,100.0,-3.2410243092207836,19.949133557433992,132,0.12796735065880932,0.013272938641338883,-6.129426002502441,-0.24824369304224536,64.97396087646484,-0.559951968275854,-44.99848937988281,-4.7441052478497525,100.0,0.0,-3.7851037979125977,0.5440794886918141,20.967741012573242,-1.01860745513925
4,29,129,0.14474496290440028,-6.148733978263333,65.21761057176356,-50.46739170420593,100.0,-2.894651223221395,19.833093153174357,133,0.1281702803863551,0.01657468251804517,-5.836385726928711,-0.31234825133462163,65.10416412353516,0.11344644822840166,-44.99848937988281,-5.468902324323118,100.0,0.0,-3.5409035682678223,0.6462523450464275,20.967741012573242,-1.1346478593988856
4,30,130,0.1463836002646701,-5.908313322546932,65.28122379980763,-50.976742748774804,100.0,-2.7336146197889932,19.818446029979583,134,0.12855304278835736,0.017830557476312736,-5.494505405426025,-0.4138079171209066,65.234375,0.04684879980763412,-45.058929443359375,-5.917813305415429,100.0,0.0,-3.296703338623047,0.5630887188340536,20.967741012573242,-1.1492949825936591
4,31,131,0.14694383702379193,-5.2982511171885465,65.33303761577649,-51.13698312410509,100.0,-2.492352815374387,19.863265976907712,135,0.13030798775624364,0.016635849267548297,-4.810744762420654,-0.48750635476789217,65.10416412353516,0.22887349224133402,-45.723785400390625,-5.413197723714468,100.0,0.0,-2.9548230171203613,0.4624702017459743,20.967741012573242,-1.10447503566553
4,32,132,0.14861331674837203,-5.047699384832241,65.7157072510325,-51.48393601061082,100.0,-2.1618752410526123,20.024377512562463,136,0.13266812025621913,0.015945196492152897,-3.931623935699463,-1.1160754491327785,65.234375,0.481332251032498,-46.44907760620117,-5.034858404409647,100.0,0.0,-2.4664225578308105,0.30454731677819824,20.967741012573242,-0.9433635000107792
4,33,133,0.14877195888408637,-3.9618144529805206,65.79139411893406,-51.50359898438836,100.0,-1.5605365977255037,20.10006473439738,137,0.13466347482295338,0.014108484061132992,-3.0525031089782715,-0.9093113440022491,65.36458587646484,0.426808242469221,-47.053489685058594,-4.4501092993297675,100.0,0.0,-1.78266179561615,0.22212519789064622,20.89093780517578,-0.7908730707783995
4,34,134,0.1510919779548062,-2.890784485360291,66.41452343203316,-51.9388923533743,100.0,-0.9081532369660339,20.01206947368016,138,0.13724119073305202,0.013850787221754174,-1.831501841545105,-1.059282643815186,65.625,0.7895234320331639,-47.778785705566406,-4.160106647807893,100.0,0.0,-1.1477411985397339,0.2395879615737,20.89093780517578,-0.8788683314956209
4,35,135,0.1504731425141165,-2.170333702744323,66.73337416840839,-51.56954353979528,100.0,-0.33439227956963113,19.926605379514875,139,0.14033162951546824,0.010141512998648267,-0.5128205418586731,-1.65751316088565,65.75521087646484,0.9781632919435452,-48.745845794677734,-2.823697745117549,100.0,0.0,-0.3663003742694855,0.03190809469985434,20.967741012573242,-1.0411356330583672
4,36,136,0.15106255713052402,-0.7876189373206445,66.69360352254344,-51.797489707100866,100.0,0.5008006191784378,20.176998785916837,140,0.1433988758470318,0.007663681283492235,0.8058608174324036,-1.593479754753048,65.75521087646484,0.9383926460785972,-49.773345947265625,-2.0241437598352405,100.0,0.0,0.3663003742694855,0.1345002449089523,20.967741012573242,-0.7907422266564055
4,37,137,0.15002585705243499,0.49305032388068937,66.32262665522514,-51.669126641911745,100.0,1.351235216040564,20.15359885014171,141,0.14501291585709075,0.005012941195344234,2.026862144470215,-1.5338118205895255,65.75521087646484,0.5674157787602923,-50.317317962646484,-1.351808679265261,100.0,0.0,1.0500611066818237,0.30117410935874034,20.967741012573242,-0.8141421624315335
4,38,138,0.14885559654302735,1.7033569950896479,65.66222521605494,-51.651967982199984,100.0,2.005377641150243,20.189979680927898,142,0.14572105453231066,0.0031345420107166955,3.0036630630493164,-1.3003060679596685,65.75521087646484,-0.09298566040990863,-50.55908203125,-1.0928859509499844,100.0,0.0,1.5873016119003296,0.4180760292499133,20.967741012573242,-0.777761331645344
4,39,139,0.1483916195708465,2.615664953093827,65.80444279090624,-51.42710129952307,100.0,2.446813793457429,20.142452397346553,143,0.14570485854644025,0.0026867610244062645,3.931623935699463,-1.3159589826056357,65.75521087646484,0.04923191444139263,-50.55908203125,-0.8680192682730734,100.0,0.0,1.9780219793319702,0.468791814125459,20.967741012573242,-0.8252886152266896
4,40,140,0.14812366020001272,3.5785216464182343,65.67292771700117,-51.41523706698034,100.0,2.800933753780406,19.993967143337706,144,0.14568872512939357,0.0024349350706191486,4.9572649002075195,-1.3787432537892852,65.75521087646484,-0.08228315946367104,-50.55908203125,-0.8561550357303389,100.0,0.0,2.3687424659729004,0.4321912878075058,20.967741012573242,-0.9737738692355364
4,41,141,0.14784040178348576,4.816248855884834,65.33277100543263,-51.514573667426994,100.0,3.311144745715778,20.057438389375505,145,0.14545573208258913,0.0023846697008966244,6.031745910644531,-1.2154970547596973,65.625,-0.29222899456736684,-50.55908203125,-0.9554916361769941,100.0,0.0,2.808302879333496,0.502841866382282,20.967741012573242,-0.9103026231977367
4,42,142,0.14937582410422212,5.820247092167621,65.34409813632733,-52.02140253549024,100.0,3.72490984300791,19.912703853651966,146,0.1450096066984687,0.004366217405753409,6.862026691436768,-1.0417795992691463,65.36458587646484,-0.020487740137511423,-50.55908203125,-1.462320504240239,100.0,0.0,3.1990232467651367,0.5258865962427732,20.967741012573242,-1.0550371589212766
4,43,143,0.14748325998922138,6.848702612911399,64.79541404867128,-51.7016827247669,100.0,4.101647199162279,20.098883826428157,147,0.14456709138585336,0.002916168603368019,7.692307472229004,-0.8436048593176046,65.10416412353516,-0.3087500748638803,-50.55908203125,-1.142600693516897,100.0,0.0,3.492063522338867,0.6095836768234122,20.967741012573242,-0.8688571861450853
4,44,144,0.14613848970283477,7.541026668989341,64.07238203101005,-51.657980479450636,100.0,4.374379674384088,19.998485053999556,148,0.14347487083329258,0.0026636188695421947,8.522588729858398,-0.9815620608690576,64.453125,-0.3807429689899493,-50.55908203125,-1.0988984482006359,100.0,0.0,3.8339438438415527,0.5404358305425356,20.967741012573242,-0.9692559585736866
4,45,145,0.14417884857324062,8.229681282990244,63.291868823213456,-51.4387976251313,100.0,4.297117906950948,19.93812917730116,149,0.14173193078199325,0.002446917791247366,9.30402946472168,-1.0743481817314358,63.41145706176758,-0.11958823855412248,-50.55908203125,-0.8797155938813006,100.0,0.0,4.126984119415283,0.170133787535665,20.967741012573242,-1.0296118352720818
4,46,146,0.1444235341282598,8.938212985361641,62.99534479877659,-51.690172168533024,100.0,4.766953899071961,19.756753533674058,150,0.13976054306439678,0.004662991063863031,10.231989860534668,-1.2937768751730268,62.23958206176758,0.7557627370090145,-50.55908203125,-1.1310901372830244,100.0,0.0,4.517704486846924,0.24924941222503705,20.967741012573242,-1.2109874788991846
4,47,147,0.1408153070762915,9.909475985419629,61.99023903731551,-51.05671646443325,100.0,5.170273387545839,20.278867157964502,151,0.1373653222184509,0.0034499848578405934,11.355311393737793,-1.445835408318164,60.9375,1.0527390373155114,-50.49864196777344,-0.5580744966598132,100.0,0.0,5.299145221710205,-0.1288718341643662,20.967741012573242,-0.6888738546087403
4,48,148,0.13686996752167635,10.86684267242662,60.40121091817899,-50.63815305660288,100.0,5.610783208149189,19.95563480246186,152,0.13652890094390857,0.00034106657776777904,10.231989860534668,0.6348528118919514,60.546875,-0.14566408182101043,-50.43819808959961,-0.1999549670032721,100.0,0.0,5.25030517578125,0.36047803236793907,20.967741012573242,-1.0121062101113836
4,49,149,0.1352638308237339,11.581257940103633,59.877896709100455,-50.39872134047919,100.0,5.7676506289949865,19.783437052820776,153,0.13521249288768405,5.133793604983339e-05,9.352869033813477,2.2283889062901565,59.765625,0.11227170910045459,-50.43819808959961,0.039476749120417765,100.0,0.0,5.25030517578125,0.5173454532137365,20.967741012573242,-1.1843039597524658
5,0,100,0.03859091700534499,-12.100934272608775,38.271942983042905,-27.30814541667429,100.0,-10.744783245094478,20.013062845735117,104,0.03514117908033175,0.003449737925013241,-12.234432220458984,0.1334979478502092,35.67708206176758,2.594860921275327,-27.470535278320312,0.1623898616460231,100.0,0.0,-11.843711853027344,1.0989286079328657,20.89093780517578,-0.8778749594406641
5,1,101,0.03901370552787753,-11.875291898467292,37.44248392483349,-28.046314315613014,100.0,-10.809166518134667,19.941144527486287,105,0.03764121984084616,0.001372485687031369,-11.79487133026123,-0.08042056820606192,36.19791793823242,1.2445659866010672,-28.256271362304688,0.2099570466916738,100.0,0.0,-11.452991485595703,0.6438249674610361,20.89093780517578,-0.9497932776894942
5,2,102,0.04320640446499686,-11.567741121666401,37.2481668800735,-30.02107848985227,100.0,-10.49613263449503,19.91746499271171,106,0.040824481937427395,0.002381922527569462,-11.59951114654541,0.03177002487900893,36.328125,0.920041880073498,-29.58597755432129,-0.43510093553097917,100.0,0.0,-11.11111068725586,0.6149780527608293,20.89093780517578,-0.9734728124640704
5,3,103,0.049512351203844285,-11.437223936924765,36.696835732574876,-33.065009718269515,100.0,-10.200362372589144,19.679824028479796,107,0.04317711664004578,0.006335234563798503,-11.40415096282959,-0.033072974095174956,36.328125,0.3687107325748755,-30.61347770690918,-2.451532011360335,100.0,0.0,-10.866910934448242,0.6665485618590985,20.89093780517578,-1.211113776695985
5,4,104,0.054980461745562266,-11.290124422632323,37.058401254755054,-35.07630258198467,100.0,-10.049694107008639,19.974765738879526,108,0.04534294801366956,0.009637513731892706,-11.257631301879883,-0.03249312075243971,36.45833206176758,0.6000691929874762,-31.45965576171875,-3.6166468202659203,100.0,0.0,-10.671550750732422,0.6218566437237829,20.89093780517578,-0.9161720662962551
5,5,105,0.057348155563107975,-11.21087183530336,37.494446280851065,-35.749612961858844,100.0,-9.792070865387132,19.43298243863589,109,0.04868688737180409,0.008661268191303882,-11.159951210021973,-0.05092062528138719,36.58854293823242,0.9059033426186431,-32.789363861083984,-2.9602491007748597,100.0,0.0,-10.427350044250488,0.6352791788633567,20.89093780517578,-1.4579553665398919
5,6,106,0.060308916538680334,-11.009779236704027,37.145163878084254,-37.15355429105862,100.0,-9.667369324072641,19.643311354262973,110,0.05188531875342138,0.008423597785258953,-11.11111068725586,0.10133145055183235,36.58854293823242,0.5566209398518325,-34.11906814575195,-3.0344861453066656,100.0,0.0,-10.085470199584961,0.41810087551231945,20.89093780517578,-1.2476264509128079
5,7,107,0.06324756345735882,-10.974622244211307,37.73735877385764,-37.92748736704804,100.0,-9.439986627070697,19.941984461065935,111,0.05529012054493568,0.007957442912423146,-11.01343059539795,0.03880835118664194,36.58854293823242,1.1488158356252214,-35.50921630859375,-2.4182710584542875,100.0,0.0,-9.79242992401123,0.35244329694053356,20.89093780517578,-0.9489533441098459
5,8,108,0.0654883540362578,-10.682732661295793,37.165148227715875,-39.16976289821816,100.0,-8.863483585247609,19.92063946427864,112,0.05784416705085879,0.00764418698539901,-10.915750503540039,0.23301784224424615,36.58854293823242,0.576605289483453,-36.53671646118164,-2.633046437036519,100.0,0.0,-9.548229217529297,0.6847456322816878,20.89093780517578,-0.9702983408971413
5,9,109,0.06761979873533489,-10.501173612765498,36.66877308952441,-40.308743512272756,100.0,-8.72080366576056,19.859665287353817,113,0.06027750682220748,0.007342291913127408,-10.671550750732422,0.17037713796692344,36.58854293823242,0.08023015129198541,-37.50377655029297,-2.804966961979787,100.0,0.0,-9.352869033813477,0.6320653680529169,20.89093780517578,-1.0312725178219644
5,10,110,0.06885808921923631,-10.422466534058072,36.963533676972624,-40.59301352488662,100.0,-8.63029084748953,20.25622304875293,114,0.06279843906175747,0.006059650157478835,-10.280830383300781,-0.1416361507572912,36.71875,0.2447836769726237,-38.410396575927734,-2.182616948958888,100.0,0.0,-9.157508850097656,0.5272180026081266,20.89093780517578,-0.6347147564228521
5,11,111,0.07044252696128975,-10.198751372036268,36.196876589618135,-41.68728802450586,100.0,-8.47685094593717,20.31440691858974,115,0.06462583409698461,0.00581669286430514,-9.89011001586914,-0.3086413561671275,36.97916793823242,-0.7822913486142866,-38.954368591308594,-2.7329194331972673,100.0,0.0,-9.01098918914795,0.53413824321078,20.89093780517578,-0.5765308865860419
5,12,112,0.07099441644728174,-9.798533025992063,36.76514130267083,-41.53269218016548,100.0,-8.359101951809961,20.37686092436531,116,0.0655239020486117,0.005470514398670037,-9.4993896484375,-0.29914337755456266,37.23958206176758,-0.4744407590967512,-39.13568878173828,-2.397003398427202,100.0,0.0,-8.864468574523926,0.5053666227139644,20.89093780517578,-0.514076880810471
5,13,113,0.07377765350835351,-9.34556928145008,37.83155601706124,-41.89996895072289,100.0,-8.213932803335247,19.88200479277737,117,0.0661113294336225,0.007666324074731015,-9.10866928100586,-0.236900000444221,37.5,0.3315560170612386,-39.19613265991211,-2.703836290810777,100.0,0.0,-8.766788482666016,0.5528556793307686,20.89093780517578,-1.008933012398412
5,14,114,0.07521969227160422,-9.184016620046595,38.509827966708194,-42.00937639475219,100.0,-8.09129182112363,20.240160881841422,118,0.06632292792314676,0.008896764348457459,-8.571428298950195,-0.6125883210963998,37.63020706176758,0.8796209049406158,-39.19613265991211,-2.8132437348400785,100.0,0.0,-8.571428298950195,0.48013647782656577,20.89093780517578,-0.6507769233343588
5,15,115,0.07451661490393002,-8.691126929612906,38.50993461084574,-41.74797745011141,100.0,-7.994934926075569,19.5074762501073,119,0.066531997274895,0.007984617629035018,-8.131868362426758,-0.5592585671861485,37.76041793823242,0.7495166726133178,-39.19613265991211,-2.551844790199297,100.0,0.0,-8.278388023376465,0.28345309730089596,20.89093780517578,-1.3834615550684823
5,16,116,0.07506502301643976,-8.079068143823973,38.824660504329586,-41.757983988910624,100.0,-7.565022266572704,19.751884419390947,120,0.06652448868742623,0.008540534329013527,-7.594627380371094,-0.4844407634528789,37.76041793823242,1.064242566097164,-39.19613265991211,-2.5618513289985145,100.0,0.0,-7.985347747802734,0.4203254812300301,20.89093780517578,-1.139053385784834
5,17,117,0.07639831044985168,-7.541231563092753,38.79863552605002,-42.27549102351114,100.0,-7.1131839703658395,19.919706331032508,121,0.06651449854457392,0.009883811905277762,-7.106226921081543,-0.4350046420112097,37.76041793823242,1.0382175878175985,-39.19613265991211,-3.0793583635990274,100.0,0.0,-7.594627380371094,0.48144341000525426,20.89093780517578,-0.9712314741432735
5,18,118,0.07623511302524348,-7.138858552372139,38.726452679810556,-42.263648225896205,100.0,-6.815989714937077,19.868412417027674,122,0.06671977975681662,0.009515333268426865,-6.520146369934082,-0.618712182438057,37.890625,0.8358276798105564,-39.19613265991211,-3.0675155659840954,100.0,0.0,-7.155066967010498,0.3390772520734213,20.89093780517578,-1.0225253881481073
5,19,119,0.07793515029400805,-6.361775858276596,39.021049492333255,-42.71324226421926,100.0,-6.286776504524905,19.69634082791073,123,0.06670733470333914,0.011227815590668905,-5.934065818786621,-0.4277100394899751,37.890625,1.1304244923332547,-39.19613265991211,-3.5171096043071515,100.0,0.0,-6.666666507720947,0.37989000319604216,20.89093780517578,-1.19459697726505
5,20,120,0.0776093206282524,-5.783435262396421,38.9151061591232,-42.66601397327829,100.0,-5.68334913038844,19.806914276124207,124,0.06691135154955108,0.010697969078701325,-5.34798526763916,-0.43544999475726076,38.02083206176758,0.8942740973556198,-39.19613265991211,-3.46988131336618,100.0,0.0,-6.1782660484313965,0.49491691804295623,20.89093780517578,-1.0840235290515743
5,21,121,0.07963511406128401,-5.317791273763384,39.08141769162069,-43.31316302376057,100.0,-5.231878331218003,20.220158187567744,125,0.06689154657506557,0.012743567486218438,-4.468864440917969,-0.8489268328454154,38.02083206176758,1.060585629853115,-39.19613265991211,-4.117030363848464,100.0,0.0,-5.396825313568115,0.16494698235011196,20.89093780517578,-0.6707796176080372
5,22,122,0.07995131730715219,-4.769047351961097,39.45371237578149,-43.20150133982327,100.0,-4.633343405112175,19.98213533201951,126,0.06708817736396744,0.012863139943184748,-3.8339438438415527,-0.9351035081195445,38.15104293823242,1.3026694375490706,-39.19613265991211,-4.005368679911157,100.0,0.0,-4.615384578704834,-0.017958826407340922,20.89093780517578,-0.9088024731562712
5,23,123,0.08244451855869492,-3.895645578489512,39.92931856818656,-43.82512198454631,100.0,-3.782256144552062,19.73499368471278,127,0.06706977540969997,0.015374743148994952,-3.0036630630493164,-0.8919825154401955,38.15104293823242,1.7782756299541376,-39.19613265991211,-4.6289893246341975,100.0,0.0,-3.882783889770508,0.10052774521844565,20.89093780517578,-1.1559441204630012
5,24,124,0.08054798314173531,-2.9436568231480256,39.39275001629917,-43.478797855923005,100.0,-2.7693683098743094,19.78955072362583,128,0.0670502603686453,0.013497722773090012,-2.07570219039917,-0.8679546327488556,38.15104293823242,1.2417070780667459,-39.19613265991211,-4.282665196010896,100.0,0.0,-3.1013431549072266,0.3319748450329172,20.89093780517578,-1.1013870815499516
5,25,125,0.07885533386107116,-1.974403380585543,39.553477966452476,-42.762421133590934,100.0,-2.048278871447788,19.97633081132767,129,0.06703328378647283,0.011822050074598328,-1.0989011526107788,-0.8755022279747642,38.15104293823242,1.4024350282200544,-39.19613265991211,-3.5662884736788243,100.0,0.0,-2.4175825119018555,0.3693036404540675,20.89093780517578,-0.9146069938481105
5,26,126,0.08002579805080126,-1.1258329849657096,39.717104351915424,-43.0979063337184,100.0,-1.3649719459197005,19.742183698007583,130,0.06744505853606522,0.012580739514736039,-0.17094017565250397,-0.9548928093132056,38.41145706176758,1.3056472901478458,-39.19613265991211,-3.9017736738062894,100.0,0.0,-1.5873016119003296,0.2223296659806291,20.89093780517578,-1.1487541071681981
5,27,127,0.08024250203770081,-0.18898929024419936,39.7466257344187,-43.166766039307454,100.0,-0.6235749616204082,19.81703098626285,131,0.06785674539730142,0.012385756640399384,0.5616605877876282,-0.7506498780318276,38.671875,1.0747507344187,-39.19613265991211,-3.9706333793953448,100.0,0.0,-0.7570207715034485,0.13344580988304033,20.89093780517578,-1.0739068189129313
5,28,128,0.07953745295232711,0.5373884718583403,40.136204386299774,-42.67248374898889,100.0,0.32350100703199447,19.923071748257595,132,0.06805595380305648,0.01148149914927063,1.196581244468689,-0.6591927726103487,38.80208206176758,1.3341223245321956,-39.19613265991211,-3.476351089076779,100.0,0.0,-0.07326007634401321,0.3967610833760077,20.89093780517578,-0.9678660569181865
5,29,129,0.08049103018635131,1.0196636309957552,40.58603316717315,-42.747273784605326,100.0,0.8581696396582653,19.792061431714387,133,0.06825876614920018,0.012232264037151136,1.78266179561615,-0.7629981646203947,38.93229293823242,1.6537402289407268,-39.19613265991211,-3.551141124693217,100.0,0.0,0.46398046612739563,0.3941891735308697,20.89093780517578,-1.098876373461394
5,30,130,0.08117478658620818,1.5018000535114302,40.136554788465986,-43.284283031024806,100.0,1.2914978598526319,19.76654518156131,134,0.06803091126635036,0.01314387531985782,2.3199024200439453,-0.8181023665325151,38.80208206176758,1.334472726698408,-39.19613265991211,-4.088150371112697,100.0,0.0,0.9523809552192688,0.3391169046333631,20.89093780517578,-1.1243926236144723
5,31,131,0.08185817113351448,2.0281880315894867,39.93175233975405,-43.66635347425895,100.0,1.6153413997502382,19.77353742971016,135,0.06801670973840125,0.013841461395113233,2.9059829711914062,-0.8777949396019196,38.80208206176758,1.1296702779864702,-39.19613265991211,-4.470220814346838,100.0,0.0,1.5384615659713745,0.07687983377886365,20.89093780517578,-1.1174003754656212
5,32,132,0.08147055280465595,2.6517874392194707,39.72880854601071,-43.65790811270188,100.0,2.2180972523933566,19.999893278228495,136,0.06800141593452114,0.013469136870134818,3.492063522338867,-0.8402760831193965,38.80208206176758,0.9267264842431331,-39.19613265991211,-4.461775452789773,100.0,0.0,2.17338228225708,0.044714970136276566,20.89093780517578,-0.8910445269472866
5,33,133,0.0796816610708943,3.357207477360417,39.17121967286986,-43.35929098840731,100.0,2.996876366399331,20.102357218876612,137,0.06798621879665243,0.01169544227424188,4.224664211273193,-0.8674567339127766,38.80208206176758,0.36913761110228194,-39.19613265991211,-4.1631583284952,100.0,0.0,2.808302879333496,0.1885734870658351,20.89093780517578,-0.7885805862991688
5,34,134,0.08087730870041396,4.374698322000673,39.40258412926827,-43.66053031887061,100.0,3.7211778393113235,19.95043835276476,138,0.06796765008216075,0.012909658618253203,5.05494499206543,-0.6802466700647569,38.80208206176758,0.6005020675006918,-39.19613265991211,-4.464397658958504,100.0,0.0,3.5897436141967773,0.13143422511454617,20.89093780517578,-0.9404994524110215
5,35,135,0.08014141531552445,5.068637196852743,39.4837327004997,-43.347080224531645,100.0,4.5254020985603995,19.766833873211148,139,0.06773347119659032,0.01240794411893413,5.982905864715576,-0.9142686678628333,38.671875,0.8118577004997007,-39.19613265991211,-4.1509475646195355,100.0,0.0,4.371184349060059,0.15421774950034095,20.89093780517578,-1.1241039319646333
5,36,136,0.07990158577846457,5.914931533252146,38.980376180018396,-43.583193099332775,100.0,5.281527940929173,20.171675039114298,140,0.06728149932297472,0.012620086455489843,6.862026691436768,-0.9470951581846219,38.41145706176758,0.5689191182508182,-39.19613265991211,-4.387060439420665,100.0,0.0,5.25030517578125,0.031222765147923326,20.89093780517578,-0.7192627660614832
5,37,137,0.07850146138913341,6.7406050774856086,38.29249102311582,-43.5112360466752,100.0,6.307915427381223,20.035712637853184,141,0.06639724460822116,0.012104216780912253,7.789987564086914,-1.0493824866013055,37.890625,0.4018660231158222,-39.19613265991211,-4.3151033867630915,100.0,0.0,6.1782660484313965,0.12964937894982675,20.89093780517578,-0.8552251673225975
5,38,138,0.07553236185354412,7.560698955680121,37.06834962930009,-43.195571009795884,100.0,7.235014321525903,20.262900463882076,142,0.06529869057689339,0.01023367127665073,8.620268821716309,-1.0595698660361874,37.23958206176758,-0.17123243246749098,-39.19613265991211,-3.999438349883775,100.0,0.0,7.057386875152588,0.1776274463733154,20.89093780517578,-0.6280373412937053
5,39,139,0.07476832450343228,8.367183431932537,36.806789647100366,-43.08419512489605,100.0,7.9786093888503355,20.19295297760498,143,0.06442159646462198,0.010346728038810302,9.30402946472168,-0.936846032789143,36.71875,0.08803964710036638,-39.19613265991211,-3.888062464983939,100.0,0.0,7.692307472229004,0.28630191662133164,20.89093780517578,-0.6979848275708029
5,40,140,0.0737284346363209,8.920498111959898,35.82165300039412,-43.33021808132125,100.0,8.462792023725095,19.927588522338144,144,0.06354469732016424,0.010183737316156655,9.89011001586914,-0.969611903909243,36.19791793823242,-0.3762649378383003,-39.19613265991211,-4.134085421409139,100.0,0.0,8.327228546142578,0.13556347758251697,20.89093780517578,-0.9633492828376369
5,41,141,0.07350766849479112,9.535046606647807,35.64821154555807,-43.363327899811495,100.0,8.955978565965443,20.080909929772442,145,0.06267006069745495,0.010837607797336168,10.378510475158691,-0.8434638685108844,35.67708206176758,-0.028870516209508423,-39.19613265991211,-4.167195239899385,100.0,0.0,8.864468574523926,0.09150999144151761,20.89093780517578,-0.810027875403339
5,42,142,0.0743390712155392,10.240445881484819,34.95236997425099,-44.12761883077445,100.0,9.589965687403925,19.84600244356361,146,0.06179660258330154,0.012542468632237666,10.622710227966309,-0.3822643464814899,35.15625,-0.2038800257490081,-39.19613265991211,-4.9314861708623425,100.0,0.0,9.352869033813477,0.23709665359044862,20.89093780517578,-1.044935361612172
5,43,143,0.07348008842879813,10.590424582301448,34.65092508461038,-44.00478954944823,100.0,10.049379297991214,20.123391928969397,147,0.06021506185069769,0.013265026578100442,10.818070411682129,-0.22764582938068045,34.11458206176758,0.5363430228428001,-39.25657272338867,-4.748216826059561,100.0,0.0,9.743589401245117,0.3057898967460968,20.89093780517578,-0.767545876206384
5,44,144,0.0726707668425352,10.929099551699181,33.661671212451154,-44.34407944926195,100.0,10.381915821604062,19.97780041094673,148,0.05961346654765107,0.013057300294884139,11.11111068725586,-0.18201113555667803,33.203125,0.4585462124511537,-39.61922073364258,-4.724858715619369,100.0,0.0,10.036629676818848,0.3452861447852147,20.89093780517578,-0.9131373942290502
5,45,145,0.0705016653160345,10.934614096466703,32.46687600005559,-44.30706847391032,100.0,10.61932718616829,19.866109703316756,149,0.059771331859574776,0.010730333456459719,11.355311393737793,-0.42069729727109006,32.29166793823242,0.17520806182317017,-40.28407287597656,-4.0229955979337575,100.0,0.0,10.329669952392578,0.28965723377571173,20.89093780517578,-1.0248281018590255
5,46,146,0.07092654723597164,11.396699537941442,32.099688808339245,-44.70800165361711,100.0,10.741766711931902,19.783100624756397,150,0.059176988363452296,0.011749558872519342,11.648351669311523,-0.251652131370081,31.11979103088379,0.9798977774554558,-40.82804489135742,-3.879956762259688,100.0,0.0,10.720390319824219,0.021376392107683273,20.89093780517578,-1.1078371804193843
5,47,147,0.0726386795845668,11.66740300055209,31.692426273222107,-45.62200126537981,100.0,11.350061237056446,20.764153275018415,151,0.06016247204032203,0.012476207544244763,12.234432220458984,-0.5670292199068943,30.078125,1.6143012732221074,-41.915985107421875,-3.706016157957933,100.0,0.0,11.79487133026123,-0.4448100932047847,20.89093780517578,-0.1267845301573658
5,48,148,0.06742010102371443,11.943698398426742,29.925972778968482,-44.81696968162631,100.0,11.652060090786238,20.102018517649636,152,0.06215953486226828,0.005260566161446149,11.062271118164062,0.8814272802626792,31.25,-1.3240272210315176,-41.915985107421875,-2.9009845742044362,100.0,0.0,11.40415096282959,0.24790912795664788,20.89093780517578,-0.788919287526145
5,49,149,0.06442282423557327,12.314564983000825,29.177452812434616,-44.17015644501305,100.0,12.015763490722485,19.912544732270163,153,0.06276928127131248,0.0016535429642607902,10.134309768676758,2.1802552143240668,31.51041603088379,-2.332963218449173,-41.9764289855957,-2.193727459417346,100.0,0.0,10.818070411682129,1.1976930790403557,20.89093780517578,-0.978393072905618
6,0,100,0.0287534483508481,-12.83482080044303,35.63697963264333,-24.504292524702983,100.0,-11.322575976141774,19.885327019913113,104,0.020035435256412326,0.008718013094435775,-12.820512771606445,-0.014308028836584441,33.85416793823242,1.7828116944109098,-21.3659725189209,-3.1383200057820844,100.0,0.0,-12.332112312316895,1.0095363361751204,20.89093780517578,-1.0056107852626681
6,1,101,0.029683497472254072,-12.521219408118505,35.38805698074239,-25.120310915029467,100.0,-11.367157644160343,19.84629909128254,105,0.024228779674580384,0.005454717797673689,-12.478632926940918,-0.04258648117758668,35.02604293823242,0.36201404250996916,-22.6956787109375,-2.4246322040919672,100.0,0.0,-11.99023151397705,0.6230738698167073,20.89093780517578,-1.0446387138932423
6,2,102,0.03531922370931133,-12.157743615958331,35.73468470622823,-27.518593537911126,100.0,-10.987326689674296,19.752493626966988,106,0.029519521441731825,0.005799702267579504,-12.332112312316895,0.1743686963585631,35.546875,0.18780970622822935,-24.932003021240234,-2.586590516670892,100.0,0.0,-11.648351669311523,0.6610249796372276,20.89093780517578,-1.1384441782087933
6,3,103,0.043914265176684154,-12.01914289948063,36.31939927749685,-30.93921861517023,100.0,-10.627833637512088,19.609714011077003,107,0.03465298350514398,0.009261281671540174,-12.087912559509277,0.06876966002864648,36.06770706176758,0.25169221572927114,-26.98700523376465,-3.9522133814055813,100.0,0.0,-11.355311393737793,0.7274777562257047,20.89093780517578,-1.2812237940987785
6,4,104,0.05087588846027139,-11.966012436073536,37.100342870562834,-33.365548841091034,100.0,-10.433982860339562,19.893949125644127,108,0.040119896476453365,0.010755991983818027,-11.99023151397705,0.024219077903515185,36.58854293823242,0.5117999323304119,-29.102447509765625,-4.263101331325409,100.0,0.0,-11.11111068725586,0.6771278269162977,20.89093780517578,-0.996988679531654
6,5,105,0.054465232365110895,-11.879114233964206,37.7519004637554,-34.41648191667881,100.0,-10.158090554529196,19.30865067380313,109,0.046293459330885536,0.008171773034225359,-11.941391944885254,0.06227771092104817,36.97916793823242,0.7727325255229758,-31.520095825195312,-2.8963860914834996,100.0,0.0,-10.866910934448242,0.7088203799190467,20.89093780517578,-1.5822871313726523
6,6,106,0.05843588590313272,-11.724631477550195,37.855573800323484,-35.94900780532175,100.0,-10.026439225704795,19.507528532847033,110,0.0523391975183323,0.006096688384800424,-11.89255142211914,0.1679199445689452,37.23958206176758,0.6159917385559055,-33.87730407714844,-2.0717037281733113,100.0,0.0,-10.525030136108398,0.49859091040360326,20.89093780517578,-1.3834092723287483
6,7,107,0.06375534092271964,-11.798107147452834,38.37918128078026,-37.71024437369549,100.0,-9.840080972591597,19.843896358417343,111,0.05800772611350125,0.005747614809218392,-11.79487133026123,-0.003235817191603374,37.23958206176758,1.1395992190126805,-36.174072265625,-1.5361721080704882,100.0,0.0,-10.231989860534668,0.391908887943071,20.89093780517578,-1.0470414467584384
6,8,108,0.06853686906112508,-11.55074069467729,38.36917958416646,-39.56638408494721,100.0,-9.234047543125472,19.824743826955004,112,0.06274822463723037,0.005788644423894707,-11.746031761169434,0.19529106649214434,37.23958206176758,1.129597522398882,-38.04774856567383,-1.5186355192733814,100.0,0.0,-9.938949584960938,0.7049020418354655,20.89093780517578,-1.0661939782207774
6,9,109,0.07341013628361744,-11.41935428253006,38.07678040262097,-41.59736135736772,100.0,-9.081156817369726,19.787746969104987,113,0.06749334804490292,0.005916788238714513,-11.648351669311523,0.22899738678146342,37.36979293823242,0.706987464388547,-39.80054473876953,-1.7968166185981858,100.0,0.0,-9.743589401245117,0.6624325838753915,20.89093780517578,-1.1031908360707945
6,10,110,0.0774705058807092,-11.399958525296217,38.26757819084206,-42.98886685594983,100.0,-8.958379691074526,20.07690007095106,114,0.07196716904608655,0.005503336834622646,-11.452991485595703,0.05303296029948612,37.76041793823242,0.507160252609637,-41.25113296508789,-1.7377338908619393,100.0,0.0,-9.59706974029541,0.6386900492208838,20.89093780517578,-0.8140377342247227
6,11,111,0.08078860382867792,-11.21898839956841,37.56674338866647,-44.6530567886646,100.0,-8.866774040565009,20.04878559594943,115,0.07636193942262251,0.004426664406055408,-11.20879077911377,-0.010197620454640344,38.54166793823242,-0.9749245495659551,-42.39951705932617,-2.253539729338428,100.0,0.0,-9.450549125671387,0.5837750851063781,20.89093780517578,-0.8421522092263523
6,12,112,0.08699492387460997,-11.02225043207593,38.98803551432546,-46.00661532004739,100.0,-8.808399505051588,20.259064501999372,116,0.08004716706209192,0.006947756812518052,-11.062271118164062,0.04002068608813225,39.453125,-0.46508948567453956,-43.18525314331055,-2.821362176736841,100.0,0.0,-9.40170955657959,0.5933100515280021,20.89093780517578,-0.631873303176409
6,13,113,0.09322902224920507,-10.73851422110062,40.683601126866925,-47.174776015827085,100.0,-8.578860580131279,19.870483268153684,117,0.08509853218038468,0.008130490068820384,-10.769230842590332,0.030716621489711216,40.75520706176758,-0.07160593490065281,-44.21275329589844,-2.9620227199286475,100.0,0.0,-9.255188941955566,0.6763283618242877,20.89093780517578,-1.020454537022097
6,14,114,0.09622682909914278,-10.73955804901657,41.27344985161437,-47.86732424341057,100.0,-8.566001403479918,20.097501743569087,118,0.08884970037150902,0.0073771287276337555,-10.622710227966309,-0.11684782105026059,41.66666793823242,-0.3932180866180488,-44.99848937988281,-2.868834863527759,100.0,0.0,-9.157508850097656,0.5915074466177384,20.89093780517578,-0.7934360616066947
6,15,115,0.09876050479240639,-10.504457989933217,41.970308350947306,-48.32749999109574,100.0,-8.445351988436926,19.5857344188396,119,0.09205946408782771,0.0067010407045786785,-10.476190567016602,-0.028267422916615104,42.44791793823242,-0.4776095872851158,-45.6633415222168,-2.664158468878945,100.0,0.0,-9.01098918914795,0.5656372007110235,20.89093780517578,-1.3052033863361814
6,16,116,0.10167997478376532,-10.156414995315147,42.92878777198713,-48.75987820989955,100.0,-8.23659067443473,19.776464126554,120,0.09562784796812288,0.006052126815642447,-10.329669952392578,0.17325495707743066,43.22916793823242,-0.30038016624529007,-46.44907760620117,-2.3108006036983753,100.0,0.0,-8.815629005432129,0.579038330997399,20.967741012573242,-1.1912768860192422
6,17,117,0.10614100092058179,-10.081334888290348,43.41877949680284,-50.00880571366665,100.0,-7.963801165880609,19.866288146580633,121,0.09921961049884853,0.006921390421733259,-10.085470199584961,0.0041353112946129755,44.01041793823242,-0.5916384414295806,-47.23481369018555,-2.7739920234811066,100.0,0.0,-8.669108390808105,0.7053072249274965,20.967741012573242,-1.1014528659926093
6,18,118,0.1096446517499585,-10.011687216603876,44.41329321017443,-50.60949098563318,100.0,-7.871820199248782,19.858471876990308,122,0.10258738140811562,0.007057270341842878,-9.938949584960938,-0.0727376316429389,45.05208206176758,-0.6387888515931479,-47.778785705566406,-2.8307052800667734,100.0,0.0,-8.424908638000488,0.5530884387517059,20.89093780517578,-1.0324659281854736
6,19,119,0.11344575979169205,-9.664619153484157,45.114025176931676,-51.487930052159385,100.0,-7.5912456408341225,19.755849951541688,123,0.10629922247630548,0.0071465373153865724,-9.743589401245117,0.07897024776096018,46.484375,-1.3703498230683238,-48.201873779296875,-3.28605627286251,100.0,0.0,-8.229548454284668,0.6383028134505455,20.89093780517578,-1.1350878536340936
6,20,120,0.11655296916860985,-9.468555049582985,46.762157000581915,-51.55648252378316,100.0,-7.288550428514656,19.92183855754864,124,0.11036627276163016,0.0061866964069796915,-9.548229217529297,0.07967416794631177,47.91666793823242,-1.1545109376505067,-48.745845794677734,-2.8106367291054255,100.0,0.0,-7.985347747802734,0.6967973192880788,20.89093780517578,-0.9690992476271418
6,21,121,0.12100074329591437,-9.41056974820154,48.28257866080585,-52.15567092329097,100.0,-7.125987953469803,20.125376399916714,125,0.11438976453374064,0.00661097876217373,-9.10866928100586,-0.3019004671956811,49.21875,-0.9361713391941535,-49.350257873535156,-2.8054130497558134,100.0,0.0,-7.692307472229004,0.566319518759201,20.89093780517578,-0.7655614052590671
6,22,122,0.1242760737779723,-9.284556312840465,49.89050945332177,-52.30842693632766,100.0,-6.943061819112325,19.997957680277015,126,0.11859611632193501,0.005679957456037291,-8.571428298950195,-0.7131280138902696,50.52083206176758,-0.6303226084458089,-50.01511001586914,-2.2933169204585226,100.0,0.0,-7.301587104797363,0.3585252856850385,20.89093780517578,-0.8929801248987665
6,23,123,0.12675355007057165,-8.782411851571533,50.4772540719229,-52.801101607060495,100.0,-6.445975852748284,19.833486410303667,127,0.12227491045087853,0.004478639619693123,-8.083027839660645,-0.6993840119108885,51.82291793823242,-1.345663866309522,-50.49864196777344,-2.3024596392870578,100.0,0.0,-6.959706783294678,0.5137309305463935,20.89093780517578,-1.057451394872114
6,24,124,0.12874243128457658,-8.070812842937181,51.55562435587566,-52.840995580202545,100.0,-5.962039749051902,19.85897424592428,128,0.12586369957569715,0.002878731708879423,-7.4481072425842285,-0.622705600352953,53.38541793823242,-1.8297935823567641,-50.800846099853516,-2.0401494803490294,100.0,0.0,-6.568986415863037,0.606946666811135,20.89093780517578,-1.0319635592515013
6,25,125,0.12977897773862007,-7.565820977669686,52.78458758819598,-52.47343301060768,100.0,-5.742468318845511,19.96394207517317,129,0.12836920994241394,0.001409767796206135,-6.8131866455078125,-0.7526343321618736,54.42708206176758,-1.6424944735715954,-51.04261016845703,-1.430822842150647,100.0,0.0,-6.227106094360352,0.484637775514841,20.89093780517578,-0.9269957300026128
6,26,126,0.13390498281645763,-7.095432102194493,54.65757476713535,-52.76937434141399,100.0,-5.447345201282871,19.778890727626464,130,0.13109554617926056,0.0028094366371970714,-6.324786186218262,-0.7706459159762309,55.59895706176758,-0.941382294632227,-51.28437423706055,-1.4850001043534462,100.0,0.0,-5.885225772857666,0.4378805715747953,20.89093780517578,-1.1120470775493168
6,27,127,0.137203857097967,-6.242330233464415,55.52031060497721,-53.376775890760925,100.0,-4.984801196665638,19.896168868920252,131,0.13336861643438835,0.003835240663578654,-5.885225772857666,-0.35710446060674883,56.51041793823242,-0.9901073332552102,-51.52614212036133,-1.8506337703995968,100.0,0.0,-5.494505405426025,0.5097042087603878,20.89093780517578,-0.9947689362555288
6,28,128,0.13772953423286438,-5.819935263139044,56.483166244375475,-53.00728775015115,100.0,-4.458013282715396,19.90760855969044,132,0.13523671289032055,0.002492821342543833,-5.494505405426025,-0.3254298577130186,57.29166793823242,-0.8085016938569467,-51.70746612548828,-1.2998216246628687,100.0,0.0,-5.15262508392334,0.6946118012079436,20.967741012573242,-1.060132452882801
6,29,129,0.14036874695141685,-5.575328442213617,57.462159427015436,-53.32763631875691,100.0,-4.260189490022644,19.77998980174219,133,0.13688423938667743,0.0034845075647394197,-5.103785037994385,-0.4715434042192319,57.94270706176758,-0.480547634752142,-51.88878631591797,-1.4388500028389402,100.0,0.0,-4.9084248542785645,0.6482353642559202,20.89093780517578,-1.1109480034335917
6,30,130,0.14246122388504345,-5.257596096192798,57.860201052954345,-53.79708267271983,100.0,-4.087196814358186,19.772024640001753,134,0.13870816166626881,0.0037530622187746387,-4.517704486846924,-0.7398916093458743,58.59375,-0.7335489470456551,-52.13055419921875,-1.6665284735010815,100.0,0.0,-4.566544532775879,0.4793477184176931,20.89093780517578,-1.1189131651740283
6,31,131,0.14458056395001917,-4.607091693703985,58.511526314275834,-54.132614315190885,100.0,-3.8421402235868283,19.863380771618868,135,0.1398638175415299,0.004716746408489264,-3.882783889770508,-0.7243078039334776,58.85416793823242,-0.34264162395658815,-52.372318267822266,-1.7602960473686196,100.0,0.0,-4.175824165344238,0.33368394175741,20.89093780517578,-1.0275570335569135
6,32,132,0.1454773545019706,-4.245528956865353,59.100537120799736,-54.100465495964116,100.0,-3.551866779055591,20.0155565051042,136,0.14149979007127392,0.0039775644306966895,-3.0525031089782715,-1.1930258478870819,59.50520706176758,-0.4046699409678425,-52.55364227294922,-1.546823223014897,100.0,0.0,-3.7362637519836426,0.18439697292805146,20.89093780517578,-0.8753813000715809
6,33,133,0.14562377703372195,-3.006695865517642,59.475722622831775,-53.947648750631956,100.0,-2.838086806089526,20.05824877184139,137,0.14294284134725396,0.002680935686467989,-1.9780219793319702,-1.028673886185672,60.15625,-0.6805273771682252,-52.674522399902344,-1.273126350729612,100.0,0.0,-3.1013431549072266,0.26325634881770066,20.89093780517578,-0.8326890333343897
6,34,134,0.1483305193546636,-1.8306619767844474,60.46198665042061,-54.29770255669417,100.0,-2.1329965972151044,19.9982895620162,138,0.14375802385322645,0.0045724955014371516,-0.7081807255744934,-1.122481251209954,60.546875,-0.08488834957938707,-52.73496627807617,-1.5627362786179972,100.0,0.0,-2.4175825119018555,0.2845859146867511,20.89093780517578,-0.8926482431595808
6,35,135,0.14744822637060753,-0.9113351962374023,61.20604279805449,-53.5996062552959,100.0,-1.4752997076529715,19.877564169643826,139,0.14371846085889958,0.00372976551170795,0.7081807255744934,-1.6195159218118957,60.546875,0.6591677980544901,-52.73496627807617,-0.8646399772197313,100.0,0.0,-1.4896215200424194,0.014321812389447963,20.89093780517578,-1.0133736355319556
6,36,136,0.14672931228570066,0.5544898840074928,60.957013502016004,-53.514556034234495,100.0,-0.5366829550452673,20.12643569368699,140,0.14368126855705077,0.0030480437286498907,2.17338228225708,-1.6188923982495873,60.546875,0.41013850201600377,-52.73496627807617,-0.7795897561583232,100.0,0.0,-0.6105006337165833,0.07381767867131594,20.89093780517578,-0.7645021114887918
6,37,137,0.14498403747720318,1.9222192067101866,60.50174587012796,-53.20606098070757,100.0,0.4434009396959403,20.07884248839033,141,0.14346386504615966,0.0015201724310435205,3.443223476409912,-1.5210042696997255,60.546875,-0.045129129872037765,-52.674522399902344,-0.5315385808052255,100.0,0.0,0.21978022158145905,0.22362071811448125,20.89093780517578,-0.8120953167854523
6,38,138,0.1437742581118563,3.255529577996355,59.83342229502604,-53.19324289387729,100.0,1.343610687413709,20.13718661619024,142,0.14321705008158864,0.000557208030267653,4.615384578704834,-1.359855000708479,60.41666793823242,-0.5832456432063822,-52.674522399902344,-0.5187204939749464,100.0,0.0,0.8547008633613586,0.4889098240523504,20.967741012573242,-0.8305543963830004
6,39,139,0.14345804878404675,4.1985745401683365,60.108030949197925,-52.94166114617341,100.0,1.8871066080538914,20.06318267125852,143,0.14319279052962075,0.0002652582544259985,5.787545680999756,-1.5889711408314193,60.41666793823242,-0.3086369890344969,-52.674522399902344,-0.2671387462710655,100.0,0.0,1.4407814741134644,0.44632513394042705,20.89093780517578,-0.8277551339172611
6,40,140,0.14338938080689834,5.203170193332493,60.228961592451896,-52.85701818874038,100.0,2.3274296904885436,19.897648697771,144,0.1431706732614842,0.00021870754541414295,6.862026691436768,-1.6588564981042744,60.41666793823242,-0.18770634578052636,-52.674522399902344,-0.18249578883803963,100.0,0.0,1.9780219793319702,0.34940771115657343,20.89093780517578,-0.9932891074047809
6,41,141,0.1424368532541164,6.365608483001775,59.97970377326154,-52.68876115040922,100.0,2.8759376451787255,19.954688030240145,145,0.14314667930052452,-0.0007098260464081241,7.789987564086914,-1.4243790810851387,60.41666793823242,-0.4369641649708811,-52.674522399902344,-0.01423875050687684,100.0,0.0,2.5641026496887207,0.3118349954900048,20.967741012573242,-1.0130529823330967
6,42,142,0.14350192051148014,7.432573326037047,59.870382106122904,-53.110557659850905,100.0,3.426950007082108,19.83958416897054,146,0.143090778705294,0.00041114180618614937,8.571428298950195,-1.1388549729131485,60.28645706176758,-0.41607495564467456,-52.73496627807617,-0.3755913817747327,100.0,0.0,3.0036630630493164,0.42328694403279155,20.89093780517578,-1.051353636205242
6,43,143,0.14150409381577445,8.377041282368403,59.63668290485616,-52.586037831368614,100.0,3.900023330731149,19.972131143429422,147,0.14201188997942102,-0.0005077961636465733,9.157508850097656,-0.7804675677292536,59.765625,-0.12894209514384158,-52.674522399902344,0.08848456853372966,100.0,0.0,3.345543384552002,0.5544799461791472,20.89093780517578,-0.918806661746359
6,44,144,0.13999552378361924,8.988455461948844,58.98686208761785,-52.45548840354289,100.0,4.188746296526721,19.85805702481633,148,0.14129594985512395,-0.0013004260715047122,9.841269493103027,-0.8528140311541836,59.24479293823242,-0.2579308506145708,-52.73496627807617,0.2794778745332849,100.0,0.0,3.6874237060546875,0.5013225904720331,20.89093780517578,-1.0328807803594522
6,45,145,0.13735819699769838,9.672987616332337,58.0516196624047,-52.109189282335365,100.0,4.270680197747133,19.80911697068085,149,0.139506274562442,-0.0021480775647436112,10.573870658874512,-0.9008830425421746,58.203125,-0.15150533759530305,-52.73496627807617,0.6257769957408073,100.0,0.0,4.078144073486328,0.1925361242608048,20.89093780517578,-1.0818208344949305
6,46,146,0.13762458696067734,10.300387652368759,57.61688483571278,-52.450762001960825,100.0,4.733156130322574,19.57120436351858,150,0.13681517889396255,0.000809408066714784,11.30647087097168,-1.006083218602921,56.640625,0.9762598357127814,-52.73496627807617,0.2842042761153465,100.0,0.0,4.517704486846924,0.21545164347565038,20.89093780517578,-1.3197334416572026
6,47,147,0.1338188211297293,11.059564828180983,56.466544993795644,-51.84616842815697,100.0,5.339299946883496,20.257705150766274,151,0.13344742221064043,0.0003713989190888556,12.576313018798828,-1.5167481906178448,54.81770706176758,1.6488379320280657,-52.674522399902344,0.8283539717453721,100.0,0.0,5.787545680999756,-0.44824573411626023,20.967741012573242,-0.7100358618069684
6,48,148,0.12824105320222803,11.862558238012886,54.67098907615051,-51.017029695593365,100.0,5.8542437855082765,19.86018129526337,152,0.13304530068795845,-0.004804247485730412,11.257631301879883,0.604926936133003,54.6875,-0.016510923849487824,-52.61408233642578,1.5970526408324162,100.0,0.0,5.689865589141846,0.1643781963664308,20.89093780517578,-1.0307565099124112
6,49,149,0.1253611613144915,12.588427299169046,53.76155834094183,-50.57852465992392,100.0,6.163878666520631,19.699499387339483,153,0.13214693607924322,-0.006785774764751729,10.573870658874512,2.0145566402945345,54.16666793823242,-0.4051095972905898,-52.61408233642578,2.0355576765018597,100.0,0.0,5.641025543212891,0.5228531233077405,20.89093780517578,-1.1914384178362987
7,0,100,0.03003000911486603,-12.467256524980971,36.80182307726624,-24.326932787028575,100.0,-10.965797526619108,19.732967160257413,104,0.027278773157474928,0.0027512359573911016,-12.527472496032715,0.06021597105174337,35.28645706176758,1.515366015498664,-24.0253849029541,-0.3015478840744734,100.0,0.0,-12.039072036743164,1.0732745101240564,20.89093780517578,-1.1579706449183682
7,1,101,0.03152197425243358,-12.18084279158474,36.6463663944829,-25.14103134524563,100.0,-11.008549528541423,19.733255851907252,105,0.03025321798641753,0.0012687562660160523,-12.234432220458984,0.053589428874245115,36.328125,0.31824139448289657,-24.75067901611328,-0.3903523291323481,100.0,0.0,-11.69719123840332,0.6886417098618978,20.89093780517578,-1.1576819532685292
7,2,102,0.03806197697272986,-11.905981005468066,37.12028913300247,-27.835391053476396,100.0,-10.648514659722254,19.638855955572545,106,0.0345243595510039,0.0035376174217259596,-12.039072036743164,0.13309103127509836,37.23958206176758,-0.11929292876510544,-26.140827178955078,-1.694563874521318,100.0,0.0,-11.40415096282959,0.7556363031073356,20.89093780517578,-1.2520818496032362
7,3,103,0.04639932679124779,-11.787253602214685,37.792310974445606,-31.03577224748957,100.0,-10.367964018511467,19.445999704248507,107,0.03858803902216418,0.007811287769083609,-11.89255142211914,0.10529781990445564,38.02083206176758,-0.22852108732197252,-27.470535278320312,-3.565236969169259,100.0,0.0,-11.11111068725586,0.7431466687443926,20.89093780517578,-1.4449381009272741
7,4,104,0.05349824319208592,-11.767275528684152,38.97489924181175,-33.23139120041733,100.0,-10.148314857392489,19.78036601015202,108,0.04263979821161763,0.010858444980468285,-11.79487133026123,0.027595801577078305,38.54166793823242,0.43323130357932627,-28.921123504638672,-4.310267695778656,100.0,0.0,-10.866910934448242,0.7185960770557536,20.89093780517578,-1.1105717950237626
7,5,105,0.05706408045132251,-11.72477587689119,39.58678902455771,-34.288404650527156,100.0,-9.854915158347364,19.155309944486756,109,0.047703453048655774,0.009360627402666737,-11.79487133026123,0.07009545337004042,39.19270706176758,0.39408196279013197,-30.673919677734375,-3.6144849727927806,100.0,0.0,-10.671550750732422,0.8166355923850581,20.89093780517578,-1.735627860689025
7,6,106,0.06112338446848683,-11.62418616341057,40.06790643364221,-35.601026042281156,100.0,-9.74265240283155,19.369531651061468,110,0.05378831584311438,0.007335068625372448,-11.79487133026123,0.17068516685066015,39.84375,0.22415643364220728,-32.789363861083984,-2.811662181197171,100.0,0.0,-10.329669952392578,0.5870175495610273,20.89093780517578,-1.5214061541143131
7,7,107,0.06634680761679303,-11.709686617650537,40.68169676726795,-37.25448422113914,100.0,-9.573103344578524,19.67353759731736,111,0.05858147780372931,0.007765329813063715,-11.79487133026123,0.08518471261069394,40.234375,0.44732176726795103,-34.48171615600586,-2.7727680651332776,100.0,0.0,-10.036629676818848,0.463526332240324,20.89093780517578,-1.2174002078584216
7,8,108,0.07148786937406529,-11.504615014988243,41.02266854474484,-39.01252341278124,100.0,-9.0140460631956,19.64810090785518,112,0.06425425514638045,0.0072336142276848425,-11.746031761169434,0.2414167461811907,40.625,0.3976685447448389,-36.47627639770508,-2.536247015076164,100.0,0.0,-9.743589401245117,0.7295433380495169,20.89093780517578,-1.2428368973206005
7,9,109,0.07641327574136049,-11.366746676867482,41.431759265076984,-40.60790365473851,100.0,-8.846711186085704,19.574777775121305,113,0.06868589180007584,0.007727383941284652,-11.648351669311523,0.28160499244404136,40.75520706176758,0.6765522033094058,-38.10818862915039,-2.4997150255881166,100.0,0.0,-9.548229217529297,0.7015180314435927,20.89093780517578,-1.3161600300544762
7,10,110,0.08056982063952059,-11.435332588693699,41.92753643435438,-41.8378755373458,100.0,-8.705170093459975,19.908026821608317,114,0.07417723600158166,0.006392584637938931,-11.5018310546875,0.06649846599380105,41.66666793823242,0.26086849612195806,-39.61922073364258,-2.218654803703224,100.0,0.0,-9.40170955657959,0.6965394631196151,20.89093780517578,-0.9829109835674643
7,11,111,0.08395200190207572,-11.25887281885225,41.729475418622805,-43.19827181069992,100.0,-8.593875984701004,19.914990655224706,115,0.07932537247815044,0.004626629423925277,-11.30647087097168,0.04759805211942947,43.09895706176758,-1.3694816431447734,-40.64672088623047,-2.5515509244694528,100.0,0.0,-9.255188941955566,0.6613129572545624,20.89093780517578,-0.9759471499510752
7,12,112,0.09102933252130807,-11.08639865957956,43.67102716056359,-44.54972257418141,100.0,-8.546652385546965,20.065410370603733,116,0.08348397967503288,0.007545352846275194,-11.159951210021973,0.07355255044241282,44.40104293823242,-0.7300157776688323,-41.37201690673828,-3.177705667443128,100.0,0.0,-9.157508850097656,0.6108564645506913,20.89093780517578,-0.8255274345720487
7,13,113,0.09743879330898333,-10.816957983362705,45.56415484662169,-45.668950902259255,100.0,-8.319738833697906,19.651910728368016,117,0.08800650023973397,0.009432293069249365,-10.964591026306152,0.14763304294344692,45.703125,-0.13897015337830965,-42.21819305419922,-3.450757848060036,100.0,0.0,-9.01098918914795,0.6912503554500429,20.89093780517578,-1.2390270768077656
7,14,114,0.10010555939055558,-10.838221494164053,46.33189741894759,-46.14071937340157,100.0,-8.257627695025617,19.97985648651586,118,0.0934164096733775,0.006689149717178086,-10.818070411682129,-0.020151082481923765,47.00520706176758,-0.6733096428199872,-43.3665771484375,-2.7741422249640735,100.0,0.0,-8.962148666381836,0.704520971356219,20.89093780517578,-0.9110813186599209
7,15,115,0.10318274013693679,-10.665510444469206,47.45364139712655,-46.539959193811384,100.0,-8.170384174545482,19.412545570306158,119,0.09752257209115639,0.0056601680457804004,-10.720390319824219,0.05487987535501304,47.91666793823242,-0.4630265411058687,-44.273193359375,-2.2667658344363844,100.0,0.0,-8.815629005432129,0.6452448308866465,20.89093780517578,-1.4783922348696237
7,16,116,0.10602007320364921,-10.427178860264513,48.20787825117654,-47.07449985104477,100.0,-8.008079269388489,19.592085635136055,120,0.10069387175256832,0.0053262014510808975,-10.671550750732422,0.24437189046790841,48.56770706176758,-0.3598288105910399,-44.99848937988281,-2.0760104711619576,100.0,0.0,-8.669108390808105,0.6610291214196167,20.89093780517578,-1.2988521700397264
7,17,117,0.11034594899944838,-10.366136634272081,48.75285264633379,-48.24347507408124,100.0,-7.7330544221647335,19.704509437703614,121,0.10336045476446029,0.006985494234988093,-10.525030136108398,0.15889350183631734,49.21875,-0.46589735366620744,-45.54246139526367,-2.701013678817567,100.0,0.0,-8.522588729858398,0.789534307693665,20.89093780517578,-1.1864283674721676
7,18,118,0.11372203560442828,-10.35652416833725,49.53154909507298,-48.93720222269427,100.0,-7.67838153389683,19.71020257342819,122,0.10652894809948213,0.007193087504946155,-10.378510475158691,0.021986306821441204,50.26041793823242,-0.7288688431594395,-46.0259895324707,-2.9112126902235644,100.0,0.0,-8.327228546142578,0.6488470122457484,20.89093780517578,-1.1807352317475903
7,19,119,0.11708474181059719,-10.124769832546876,50.10371774530357,-49.7468173085111,100.0,-7.4270972711940235,19.605570035662385,123,0.10966827200159139,0.007416469809005802,-10.329669952392578,0.20490011984570167,51.69270706176758,-1.5889893164640085,-46.26775360107422,-3.479063707436879,100.0,0.0,-8.083027839660645,0.655930568466621,20.89093780517578,-1.285367769513396
7,20,120,0.1194351584139083,-10.008081952011727,51.7092300011288,-49.60281031850877,100.0,-7.1686139301255585,19.821633003940793,124,0.11183464738281315,0.007600511031095145,-10.231989860534668,0.22390790852294096,52.86458206176758,-1.1553520606387764,-46.32819747924805,-3.274612839260726,100.0,0.0,-7.887667655944824,0.7190537258192657,20.89093780517578,-1.0693048012349884
7,21,121,0.12358951191065307,-10.030086335248894,53.22294069812595,-50.124254234850355,100.0,-7.017485718316733,20.094434110644222,125,0.11359832868587912,0.00999118322477395,-10.036629676818848,0.006543341569953398,53.90625,-0.683309301874047,-46.32819747924805,-3.796056755602308,100.0,0.0,-7.692307472229004,0.674821753912271,20.89093780517578,-0.7965036945315589
7,22,122,0.12610926952572182,-9.953599042489305,54.6715794276262,-50.13473948703733,100.0,-6.857401433550067,19.953528717315596,126,0.11575106219206885,0.010358207333652975,-9.69474983215332,-0.25884921033598474,55.078125,-0.4065455723738012,-46.38863754272461,-3.74610194431272,100.0,0.0,-7.399267196655273,0.5418657631052062,20.89093780517578,-0.9374090878601855
7,23,123,0.12940554223926162,-9.716499099722506,55.16033331870258,-50.963417368653026,100.0,-6.469336521684641,19.780489897513565,127,0.11825597169267951,0.01114957054658211,-9.352869033813477,-0.3636300659090299,56.25,-1.0896666812974232,-46.56996154785156,-4.393455820801464,100.0,0.0,-7.155066967010498,0.6857304453258575,20.89093780517578,-1.1104479076622162
7,24,124,0.13148233708123602,-9.17489964204655,56.40160252275147,-50.949691869878805,100.0,-6.158979525093825,19.737680562902618,128,0.12137261438891667,0.010109722692319356,-8.913309097290039,-0.2615905447565101,57.68229293823242,-1.2806904154809544,-46.81172561645508,-4.137966253423727,100.0,0.0,-6.862026691436768,0.7030471663429427,20.89093780517578,-1.1532572422731633
7,25,125,0.13249392541390057,-8.814551558488047,57.46810483768343,-50.68130871125999,100.0,-5.980592600063634,19.829933457164312,129,0.12390884127539778,0.008585084138502785,-8.473748207092285,-0.34080335139576157,58.984375,-1.516270162316573,-46.93260955810547,-3.7486991531545186,100.0,0.0,-6.617826461791992,0.6372338617283582,20.89093780517578,-1.061004348011469
7,26,126,0.13574582870918198,-8.450494393817726,59.17096414748895,-50.80299122394838,100.0,-5.759066398386883,19.672644244416677,130,0.1258592274062371,0.009886601302944886,-8.034188270568848,-0.4163061232488783,60.15625,-0.9852858525110477,-46.93260955810547,-3.8703816658429133,100.0,0.0,-6.324786186218262,0.5657197878313784,20.89093780517578,-1.218293560759104
7,27,127,0.1397313083691105,-7.838989610729208,60.28912792962185,-51.502580825317395,100.0,-5.428767053228582,19.780352371176434,131,0.1279821412191152,0.011749167149995299,-7.692307472229004,-0.1466821385002044,61.328125,-1.0389970703781515,-46.99304962158203,-4.509531203735364,100.0,0.0,-6.031745910644531,0.6029788574159491,20.89093780517578,-1.110585433999347
7,28,128,0.13999192235899144,-7.59024145445552,61.13589380786672,-51.11992806654442,100.0,-5.072486725471187,19.792210323864502,132,0.1312207081339732,0.008771214225018226,-7.350427150726318,-0.23981430372920176,61.97916793823242,-0.8432741303656996,-47.718345642089844,-3.401582424454574,100.0,0.0,-5.787545680999756,0.7150589555285691,20.89093780517578,-1.098727481311279
7,29,129,0.14298248256065837,-7.41250851656831,62.10792846053203,-51.572526567248815,100.0,-4.828404760757639,19.614386496795458,133,0.13475575776541704,0.008226724795241336,-7.057386875152588,-0.3551216414157219,62.36979293823242,-0.26186447770039223,-48.685401916503906,-2.8871246507449086,100.0,0.0,-5.494505405426025,0.6661006446683864,20.89093780517578,-1.2765513083803235
7,30,130,0.14492231982277343,-7.225454742787886,62.327950551158956,-52.09339888551546,100.0,-4.731004707663749,19.64741441275084,134,0.13757787356141085,0.007344446261362575,-6.715506553649902,-0.509948189137984,62.76041793823242,-0.43246738707346566,-49.41069793701172,-2.6827009485037436,100.0,0.0,-5.299145221710205,0.5681405140464557,20.89093780517578,-1.2435233924249403
7,31,131,0.14652456520282553,-6.665288172462355,62.737753501981125,-52.39849650298454,100.0,-4.525704029083432,19.684389675556183,135,0.13981746169325396,0.006707103509571571,-6.129426002502441,-0.5358621699599135,63.02083206176758,-0.28307855978645335,-50.01511001586914,-2.383386487115402,100.0,0.0,-4.9572649002075195,0.4315608711240877,20.89093780517578,-1.2065481296195983
7,32,132,0.1475707028065225,-6.462032415107732,63.18957424299503,-52.497136468277375,100.0,-4.298371006274146,19.845726254308055,136,0.14383092811788983,0.00373977468863268,-5.05494499206543,-1.4070874230423023,63.80208206176758,-0.6125078187725492,-50.921730041503906,-1.575406426773469,100.0,0.0,-4.371184349060059,0.07281334278591256,20.89093780517578,-1.0452115508677267
7,33,133,0.14838850303122714,-5.391745915336315,63.459460085361464,-52.626349785602955,100.0,-3.720702920654724,19.92990942134984,137,0.14599001037288178,0.0023984926583453525,-4.3223443031311035,-1.069401612205212,64.453125,-0.9936649146385363,-51.28437423706055,-1.3419755485424076,100.0,0.0,-3.882783889770508,0.16208096911578362,20.89093780517578,-0.9610283838259406
7,34,134,0.150760415088513,-4.318271304624511,64.27190559491363,-52.97048397910168,100.0,-3.0727122763488213,19.83367280963663,138,0.14713114942467959,0.0036292656638334253,-3.345543384552002,-0.9727279200725087,64.71353912353516,-0.44163352862152294,-51.52614212036133,-1.4443418587403514,100.0,0.0,-3.345543384552002,0.2728311082031807,20.89093780517578,-1.0572649955391498
7,35,135,0.15065163891988959,-3.5138803828698792,65.0017247501856,-52.54246776810718,100.0,-2.485635070736664,19.719458891523814,139,0.1480163529508739,0.0026352859690156882,-2.07570219039917,-1.4381781924707093,64.71353912353516,0.28818562665044567,-51.828346252441406,-0.7141215156657736,100.0,0.0,-2.661782741546631,0.17614767080996696,20.89093780517578,-1.171478913651967
7,36,136,0.1506046339981544,-2.133005057417431,64.7545845788693,-52.67473556264566,100.0,-1.6388103618475047,20.041450100248404,140,0.14834847892700131,0.002256155071153093,-0.7081807255744934,-1.4248243318429377,64.71353912353516,0.04104545533414239,-51.9492301940918,-0.7255053685538613,100.0,0.0,-1.88034188747406,0.24153152562655533,20.89093780517578,-0.8494877049273768
7,37,137,0.14999023461932026,-0.7509981319005884,64.56773643245647,-52.58787766267229,100.0,-0.7138241157160544,20.00858357883742,141,0.14849984132322835,0.0014903932960919075,0.5128205418586731,-1.2638186737592614,64.71353912353516,-0.1458026910786856,-52.00967025756836,-0.5782074051039316,100.0,0.0,-1.1477411985397339,0.43391708282367947,20.89093780517578,-0.8823542263383608
7,38,138,0.14905063731064783,0.5519857823637434,63.90850046136085,-52.651296469085615,100.0,0.051915407730500185,20.03640936218921,142,0.14825607506940827,0.0007945622412395548,1.6849817037582397,-1.1329959213944965,64.58333587646484,-0.6748354151039919,-52.00967025756836,-0.6416262115172557,100.0,0.0,-0.5128205418586731,0.5647359495891733,20.89093780517578,-0.8545284429865703
7,39,139,0.14897053543557703,1.4876078633793728,64.24423905865976,-52.44715021662487,100.0,0.5600338743001315,20.047695614484095,143,0.14823103086138834,0.0007395045741886985,2.9059829711914062,-1.4183751078120335,64.58333587646484,-0.3390968178050855,-52.00967025756836,-0.4374799590565104,100.0,0.0,0.07326007634401321,0.4867737979561183,20.89093780517578,-0.8432421906916865
7,40,140,0.14859146187704533,2.465018217081595,64.29236603444501,-52.30104974867312,100.0,0.956738186145201,19.835980069672747,144,0.14820819132678112,0.0003832705502642142,4.078144073486328,-1.613125856404733,64.58333587646484,-0.2909698420198339,-52.00967025756836,-0.29137949110476313,100.0,0.0,0.6105006337165833,0.34623755242861776,20.89093780517578,-1.0549577355030344
7,41,141,0.14867829427837018,3.734821191926457,64.16043200142816,-52.4101320962973,100.0,1.5163761496413768,19.90408288450225,145,0.14818546640121544,0.000492827877154739,5.201465129852295,-1.4666439379258378,64.58333587646484,-0.42290387503668114,-52.00967025756836,-0.40046183872894403,100.0,0.0,1.1477411985397339,0.3686349511016429,20.89093780517578,-0.9868549206735295
7,42,142,0.1503130303477858,4.832516904517004,64.21613071097892,-52.92623514312627,100.0,2.0181126323199585,19.765805267135935,146,0.14794839151471773,0.0023646388330680612,6.1782660484313965,-1.345749143914392,64.453125,-0.23699428902108366,-52.00967025756836,-0.9165648855579107,100.0,0.0,1.6361416578292847,0.38197097449067385,20.89093780517578,-1.1251325380398463
7,43,143,0.14909399323703598,5.882759737593188,63.956482705816576,-52.67291002129385,100.0,2.4656798678506457,19.9535218978278,147,0.14771744833163158,0.0013765449054043977,7.008546829223633,-1.1257870916304444,64.32291412353516,-0.3664314177185801,-52.00967025756836,-0.6632397637254925,100.0,0.0,1.9780219793319702,0.48765788851867553,20.89093780517578,-0.9374159073479795
7,44,144,0.14767681948080819,6.637253844581787,63.44413379930892,-52.49154195211901,100.0,2.7727689464892507,19.82172393044468,148,0.14748850505510908,0.00018831442569910983,7.692307472229004,-1.0550536276472169,64.19271087646484,-0.7485770771559217,-52.00967025756836,-0.48187169455064804,100.0,0.0,2.2710623741149902,0.5017065723742604,20.89093780517578,-1.0692138747311013
7,45,145,0.1456219803400527,7.378204614686262,62.65915677261231,-52.24670863418725,100.0,2.791790022761411,19.758194718760656,149,0.14617356201749462,-0.0005515816774419313,8.522588729858398,-1.1443841151721363,63.41145706176758,-0.752300289155265,-52.00967025756836,-0.23703837661889082,100.0,0.0,2.5641026496887207,0.2276873730726905,20.89093780517578,-1.1327430864151253
7,46,146,0.1461117753000156,8.144380911497278,62.30547149045268,-52.61211699353723,100.0,3.310720215347039,19.555387698167564,150,0.14419564073522947,0.0019161345647861205,9.30402946472168,-1.159648553224402,62.23958206176758,0.06588942868510372,-52.00967025756836,-0.6024467359688686,100.0,0.0,2.9548230171203613,0.35589719822667787,20.89093780517578,-1.335550107008217
7,47,147,0.1431128118742297,9.026898719182366,61.426000140455045,-52.115616188190344,100.0,3.8218490299810224,20.22416577322653,151,0.14129875489148236,0.0018140569827473363,10.573870658874512,-1.5469719396921455,60.546875,0.8791251404550451,-52.00967025756836,-0.10594593062198499,100.0,0.0,4.126984119415283,-0.3051350894342608,20.89093780517578,-0.6667720319492503
7,48,148,0.13872409501089653,10.086589799334995,59.86242950043759,-51.54125658006225,100.0,4.321316597915303,19.827351144453942,152,0.14090059714041464,-0.0021765021295181153,9.30402946472168,0.782560334613315,60.41666793823242,-0.5542384377948295,-51.9492301940918,0.4079736140295438,100.0,0.0,4.029304027557373,0.2920125703579304,20.89093780517578,-1.063586660721839
7,49,149,0.1361831061231376,10.89617838952552,59.180146969475196,-51.08304570075965,100.0,4.565648313430829,19.62509422920936,153,0.14024207797383784,-0.004058971850700227,8.522588729858398,2.3735896596671218,60.02604293823242,-0.8458959687572261,-51.9492301940918,0.866184493332149,100.0,0.0,3.980463981628418,0.5851843318024113,20.89093780517578,-1.2658435759664215
8,0,100,0.07600771426527135,-10.788785955070642,42.43997294140358,-39.82892979822582,100.0,-8.765941868715398,19.969536328324768,104,0.07429331933296413,0.0017143949323072255,-10.964591026306152,0.17580507123551037,41.53645706176758,0.9035158796360037,-39.7401008605957,-0.08882893763011879,100.0,0.0,-9.79242992401123,1.0264880552958324,20.89093780517578,-0.9214014768510133
8,1,101,0.07988374637614053,-10.565745600426686,42.87766333419311,-40.99578653589709,100.0,-8.702944873607363,19.958477392289605,105,0.07769916381994615,0.0021845825561943727,-10.720390319824219,0.15464471939753288,43.09895706176758,-0.2212937275744693,-40.04230880737305,-0.9534777285240423,100.0,0.0,-9.450549125671387,0.7476042520640238,20.89093780517578,-0.9324604128861758
8,2,102,0.08471691106746389,-10.330596464443127,43.680419462105725,-42.27245440873808,100.0,-8.396193855446574,19.977475348695336,106,0.0824317663166648,0.0022851447507990924,-10.476190567016602,0.14559410257347416,44.66145706176758,-0.9810375996618532,-40.82804489135742,-1.444409517380656,100.0,0.0,-9.10866928100586,0.7124754255592851,20.89093780517578,-0.9134624564804454
8,3,103,0.09255042507892772,-10.315875281954028,44.805499878302086,-44.402650389502284,100.0,-8.153264056034967,19.807004066046794,107,0.08643359187119187,0.0061168332077358445,-10.280830383300781,-0.035044898653247,45.96354293823242,-1.1580430599303355,-41.492897033691406,-2.909753355810878,100.0,0.0,-8.864468574523926,0.7112045184889588,20.89093780517578,-1.0839337391289874
8,4,104,0.09881508856742946,-10.064634585421736,46.73840201894433,-45.447796034581415,100.0,-7.881392600152571,20.04832187077961,108,0.09106588814716207,0.007749200420267388,-10.134309768676758,0.06967518325502198,47.52604293823242,-0.7876409192880942,-42.21819305419922,-3.2296029803821966,100.0,0.0,-8.571428298950195,0.6900356987976242,20.89093780517578,-0.8426159343961714
8,5,105,0.10194570914998792,-10.086302980649792,47.67667618463905,-45.98245815640572,100.0,-7.592948361771362,19.536555682631423,109,0.09494597047469865,0.006999738675289274,-10.036629676818848,-0.049673303830944704,48.828125,-1.1514488153609506,-42.82260513305664,-3.159853023349079,100.0,0.0,-8.278388023376465,0.6854396616051028,20.89093780517578,-1.354382122544358
8,6,106,0.106393259009081,-9.949430337331314,49.14510121037262,-46.65217818587174,100.0,-7.424822377148755,19.68791876048827,110,0.09914108563151147,0.007252173377569532,-9.89011001586914,-0.05932032146217381,50.0,-0.8548987896273772,-43.608341217041016,-3.0438369688307247,100.0,0.0,-8.034188270568848,0.609365893420093,20.89093780517578,-1.2030190446875118
8,7,107,0.10956628935430707,-9.830034733205881,50.42605726846411,-46.99195751653711,100.0,-7.0558433939736815,19.89743274732427,111,0.10301175873804898,0.006554530616258089,-9.743589401245117,-0.0864453319607641,51.171875,-0.7458177315358867,-44.273193359375,-2.718764157162113,100.0,0.0,-7.741147518157959,0.6853041241842774,20.89093780517578,-0.993505057851511
8,8,108,0.11198469538444328,-9.48755064132283,51.429715716629964,-47.23693730647557,100.0,-6.583760104581098,19.91508385489119,112,0.10575843516901193,0.006226260215431351,-9.4993896484375,0.011839007114669897,52.08333206176758,-0.653616345137614,-44.69628143310547,-2.540655873370099,100.0,0.0,-7.399267196655273,0.8155070920741752,20.89093780517578,-0.9758539502845913
8,9,109,0.11568419911935869,-9.31916024641931,52.61600986777571,-47.80791734098565,100.0,-6.443295286129637,19.91626476286041,113,0.10816286655644819,0.0075213325629105016,-9.10866928100586,-0.21049096541345058,52.99479293823242,-0.3787830704567128,-44.99848937988281,-2.809427961102834,100.0,0.0,-7.106226921081543,0.6629316349519057,20.89093780517578,-0.97467304231537
8,10,110,0.11718099296917783,-8.99621442353801,53.52099582768039,-47.793766716143196,100.0,-6.163502176356892,20.195834211196875,114,0.11022018068651068,0.00696081228266715,-8.571428298950195,-0.42478612458781484,53.90625,-0.38525417231961256,-45.179813385009766,-2.6139533311334304,100.0,0.0,-6.862026691436768,0.6985245150798756,20.89093780517578,-0.6951035939789065
8,11,111,0.11830882182460238,-8.610654026284559,53.438773197635136,-48.22629855192964,100.0,-6.045974876311734,20.22862685482345,115,0.11223033617614482,0.00607848564845756,-7.985347747802734,-0.6253062784818244,55.20833206176758,-1.769558864132442,-45.11936950683594,-3.1069290450937004,100.0,0.0,-6.617826461791992,0.5718515854802586,20.89093780517578,-0.6623109503523317
8,12,112,0.12129474287286643,-7.951362499192287,55.2198064689785,-48.21047243023005,100.0,-5.785258496304776,20.286283350937723,116,0.11462697260352916,0.006667770269337264,-7.350427150726318,-0.6009353484659687,56.640625,-1.420818531021503,-45.11936950683594,-3.0911029233941107,100.0,0.0,-6.373626232147217,0.5883677358424411,20.89093780517578,-0.6046544542380587
8,13,113,0.12601841266792574,-7.34256072076134,57.29141073665233,-48.62027609756214,100.0,-5.451042709012333,19.948827817064675,117,0.11679491766482977,0.009223495003095966,-6.666666507720947,-0.6758942130403929,57.94270706176758,-0.651296325115247,-45.11936950683594,-3.5009065907262027,100.0,0.0,-6.080585956573486,0.6295432475611538,20.89093780517578,-0.9421099881111061
8,14,114,0.1274437506550521,-6.897235040707389,58.72908035486249,-48.28512671130369,100.0,-5.247619990882244,20.23599076505694,118,0.11826316501216128,0.009180585642890815,-6.031745910644531,-0.8654891300628575,58.72395706176758,0.005123293094911219,-45.179813385009766,-3.105313326293924,100.0,0.0,-5.738705635070801,0.4910856441885567,20.89093780517578,-0.6549470401188415
8,15,115,0.12883192529205545,-6.26289534222435,59.47414962180302,-48.33416268115663,100.0,-4.932291435509521,19.7544803710769,119,0.1210113805562276,0.007820544735827856,-5.299145221710205,-0.9637501205141445,59.63541793823242,-0.16126831642939976,-45.602901458740234,-2.731261222416393,100.0,0.0,-5.299145221710205,0.366853786200684,20.89093780517578,-1.1364574340988796
8,16,116,0.12987104549592876,-5.3870670935521305,59.59579249554701,-48.621351416440596,100.0,-4.376896705942709,19.87038211241811,120,0.12368696105040161,0.006184084445527149,-4.615384578704834,-0.7716825148472966,60.28645706176758,-0.690664566220569,-46.146873474121094,-2.4744779423195027,100.0,0.0,-4.859584808349609,0.4826881024069003,20.89093780517578,-1.0205556927576716
8,17,117,0.13292426798787885,-4.491123922300724,60.24461542835545,-49.28597350557585,100.0,-3.7431179401456554,20.01677719341887,121,0.1257506080316288,0.00717365995625005,-3.8339438438415527,-0.657180078459171,60.67708206176758,-0.4324666334121261,-46.630401611328125,-2.6555718942477284,100.0,0.0,-4.3223443031311035,0.5792263629854482,20.89093780517578,-0.8741606117569098
8,18,118,0.13467698970970646,-4.076224976588744,60.832022764097026,-49.54522181245972,100.0,-3.4582242566739594,19.951157808726762,122,0.12713739924001669,0.007539590469689772,-3.1501832008361816,-0.9260417757525623,61.19791793823242,-0.36589517413539596,-46.81172561645508,-2.733496196004644,100.0,0.0,-3.8339438438415527,0.37571958716759335,20.89093780517578,-0.939779996449019
8,19,119,0.13632923017719167,-2.8999606859658744,61.31710885858578,-49.83343227930262,100.0,-2.798524301287494,19.893334235161596,123,0.12877646545465765,0.007552764722534022,-2.3687424659729004,-0.531218219992974,61.97916793823242,-0.6620590796466388,-46.93260955810547,-2.9008227211971516,100.0,0.0,-3.345543384552002,0.5470190832645079,20.89093780517578,-0.997603570014185
8,20,120,0.13644107462426777,-2.3652761163397957,61.89481538653018,-49.55431736682702,100.0,-2.3714472102822204,20.101012643200395,124,0.13026397618539404,0.006177098438873735,-1.4896215200424194,-0.8756545962973763,62.890625,-0.9958096134698167,-46.93260955810547,-2.6217078087215526,100.0,0.0,-2.759462833404541,0.38801562312232063,20.89093780517578,-0.7899251619753862
8,21,121,0.13857571119884698,-1.7546872780907248,62.85650174913467,-49.737532412281475,100.0,-1.8278443521439538,20.33379358579959,125,0.13088852658167832,0.007687184617168663,-0.6593406796455383,-1.0953465984451864,63.28125,-0.42474825086532775,-46.93260955810547,-2.804922854176006,100.0,0.0,-2.222222328186035,0.39437797604208136,20.89093780517578,-0.5571442193761911
8,22,122,0.13957398837570012,-1.1750069772135447,63.86453260693977,-49.51620963766913,100.0,-1.5156327373739957,20.166928675611434,126,0.13108026233548026,0.008493726040219862,0.3663003742694855,-1.5413073514830302,63.41145706176758,0.4530755451721902,-46.93260955810547,-2.5836000795636593,100.0,0.0,-1.6361416578292847,0.12050892045528894,20.89093780517578,-0.7240091295643474
8,23,123,0.13993803939232685,0.27789530579888516,63.70797139558902,-49.73591407523184,100.0,-0.6129843547536762,20.029975175457963,127,0.13145249029927988,0.008485549093046968,1.4407814741134644,-1.1628861683145792,63.54166793823242,0.16630345735659802,-46.99304962158203,-2.7428644536498084,100.0,0.0,-1.0500611066818237,0.43707675192814754,20.89093780517578,-0.8609626297178181
8,24,124,0.13916711135489263,1.618675275675256,63.64229384173964,-49.525458809019064,100.0,0.07576361966887579,20.110378073100676,128,0.13124877672270097,0.00791833463219166,2.4664225578308105,-0.8477472821555545,63.54166793823242,0.10062590350721479,-46.93260955810547,-2.592849250913595,100.0,0.0,-0.46398046612739563,0.5397440857962714,20.89093780517578,-0.7805597320751048
8,25,125,0.13712044360368641,2.5715419884478545,63.55317742994611,-48.899651801659424,100.0,0.5041865133382131,20.248032843915375,129,0.13122953709767776,0.005890906506008653,3.492063522338867,-0.9205215338910127,63.54166793823242,0.011509491713688647,-46.93260955810547,-1.967042243553955,100.0,0.0,0.02442002482712269,0.4797664885110904,20.89093780517578,-0.6429049612604061
8,26,126,0.13899017473443626,3.2693824768664026,64.19362118051906,-49.173029298457934,100.0,0.8417985435805687,20.06055148555231,130,0.1314233094377661,0.007566865296670167,4.468864440917969,-1.1994819640515662,63.671875,0.5217461805190595,-46.93260955810547,-2.240419740352465,100.0,0.0,0.5616605877876282,0.28013795579294054,20.89093780517578,-0.8303863196234715
8,27,127,0.13838399278009833,4.404775855321939,64.32064196577055,-48.90823291775929,100.0,1.3415680662137413,20.129770423217018,131,0.1314080399775039,0.006975952802594443,5.34798526763916,-0.9432094123172208,63.671875,0.6487669657705482,-46.93260955810547,-1.9756233596538237,100.0,0.0,0.9523809552192688,0.38918711099447245,20.89093780517578,-0.7611673819587637
8,28,128,0.1378701324429924,5.191107657533469,64.46156457609455,-48.66625401771421,100.0,1.8313450270635543,20.102079893039758,132,0.13160943581045495,0.006260696632537449,6.080585956573486,-0.8894782990400172,63.80208206176758,0.6594825143269674,-46.93260955810547,-1.7336444596087404,100.0,0.0,1.2942613363265991,0.5370836907369552,20.89093780517578,-0.7888579121360237
8,29,129,0.13860920167143093,5.909864343305744,64.41512867163318,-48.94153922308779,100.0,2.1187396681517385,20.06940318070564,133,0.1315961513901246,0.007013050281306332,6.8131866455078125,-0.9033223022020689,63.80208206176758,0.6130466098656058,-46.93260955810547,-2.0089296649823183,100.0,0.0,1.6361416578292847,0.48259801032245386,20.89093780517578,-0.8215346244701429
8,30,130,0.13885694144870842,6.389605199630051,63.685149550154925,-49.42986617596319,100.0,2.3951250363188628,20.029364831300626,134,0.13137011533530218,0.007486826113406231,7.545787334442139,-1.156182134812088,63.671875,0.01327455015492518,-46.93260955810547,-2.4972566178577225,100.0,0.0,1.9291819334030151,0.4659431029158476,20.89093780517578,-0.8615729738751554
8,31,131,0.13916354471355696,7.323179027901933,63.471526107780555,-49.652024912760126,100.0,2.5621995838635314,20.05470150160853,135,0.13114215942343704,0.00802138529011992,8.424908638000488,-1.1017296100985554,63.54166793823242,-0.07014183045186684,-46.93260955810547,-2.7194153546546573,100.0,0.0,2.2710623741149902,0.2911372097485412,20.89093780517578,-0.8362363035672509
8,32,132,0.1381352937329871,7.819515426788641,62.970214869508546,-49.59208570962793,100.0,2.9163117251006274,20.2033254185358,136,0.13091230315098526,0.007222990582001848,9.10866928100586,-1.2891538542172185,63.41145706176758,-0.4412421922590326,-46.93260955810547,-2.659476151522462,100.0,0.0,2.661782741546631,0.25452898355399656,20.89093780517578,-0.6876123866399801
8,33,133,0.13538794327409828,8.864712777008897,62.078151893842495,-49.178205833524004,100.0,3.379577385350094,20.2576039950307,137,0.13046928060490123,0.004918662669197049,9.79242992401123,-0.9277171470023333,63.15104293823242,-1.0728910443899267,-46.93260955810547,-2.245596275418535,100.0,0.0,3.0036630630493164,0.3759143223007775,20.89093780517578,-0.633333810145082
8,34,134,0.13559530382811885,9.823030800850674,61.90346879654792,-49.35059981292247,100.0,3.8391963619283276,20.19753340023825,138,0.1287309003914291,0.006864403436689759,10.573870658874512,-0.7508398580238378,62.109375,-0.20590620345208066,-46.93260955810547,-2.417990254816999,100.0,0.0,3.394383430480957,0.44481293144737055,20.89093780517578,-0.6934044049375316
8,35,135,0.13259180804755133,10.425066573558812,61.39486005229264,-48.634233808054304,100.0,4.082579668321058,20.042322994685716,139,0.12694432499869202,0.005647483048859314,11.40415096282959,-0.9790843892707777,60.9375,0.45736005229264265,-46.99304962158203,-1.6411841864722732,100.0,0.0,3.931623935699463,0.15095573262159512,20.89093780517578,-0.8486148104900657
8,36,136,0.12980736447323335,11.37217996356865,60.07171481164551,-48.451822572392715,100.0,4.7742964806608565,20.301494218456597,140,0.1247552448217264,0.005052119651506953,12.234432220458984,-0.8622522568903346,59.63541793823242,0.43629687341309165,-46.99304962158203,-1.4587729508106833,100.0,0.0,4.420024394989014,0.3542720856718429,20.89093780517578,-0.5894435867191845
8,37,137,0.12615114774935998,12.135842013030587,58.791699507195915,-47.952274434808864,100.0,5.3689140447400865,20.16562956318716,141,0.12237928541335993,0.003771862336000048,12.967033386230469,-0.8311913731998821,58.33333206176758,0.45836744542833685,-46.93260955810547,-1.019664876703395,100.0,0.0,4.9084248542785645,0.46048919046152204,20.89093780517578,-0.7253082419886212
8,38,138,0.12241615659280342,12.839241404184152,57.469597855609024,-47.44666021265484,100.0,5.7461766594871975,20.281888191056122,142,0.12017947903206916,0.002236677560734257,13.601953506469727,-0.7627121022855743,57.03125,0.4383478556090239,-46.93260955810547,-0.5140506545493722,100.0,0.0,5.25030517578125,0.49587148370594747,20.89093780517578,-0.6090496141196589
8,39,139,0.11984136592976588,13.352146919610071,56.659037662059816,-47.03898574815186,100.0,5.94377323874316,20.354857847006137,143,0.11801758401288169,0.0018237819168841901,14.13919448852539,-0.7870475689153196,55.859375,0.7996626620598164,-46.87216567993164,-0.16682006822021833,100.0,0.0,5.494505405426025,0.44926783331713427,20.89093780517578,-0.536079958169644
8,40,140,0.11900335055709488,13.864103929560832,55.88691887137548,-47.19892960698078,100.0,6.095365076350131,20.050360897629258,144,0.11669036664750893,0.002312983909585953,14.627594947814941,-0.7634910182541095,55.078125,0.8087938713754781,-46.87216567993164,-0.3267639270491429,100.0,0.0,5.689865589141846,0.4054994872082851,20.89093780517578,-0.8405769075465237
8,41,141,0.11581055468286404,14.384838154356354,54.838340388989046,-46.717222474310645,100.0,6.285086456284804,20.141995491664524,145,0.11575805758024602,5.249710261802376e-05,14.871794700622559,-0.4869565462662049,54.42708206176758,0.4112583272214678,-46.93260955810547,0.2153870837948233,100.0,0.0,5.885225772857666,0.3998606834271383,20.89093780517578,-0.7489423135112574
8,42,142,0.11474259407909015,14.872811660690433,53.99827023909416,-46.84147717833622,100.0,6.526028368097614,20.037308397996387,146,0.11420438718885877,0.000538206890231388,14.969474792480469,-0.09666313179003616,53.515625,0.4826452390941611,-46.93260955810547,0.09113237976924893,100.0,0.0,6.080585956573486,0.44544241152412756,20.89093780517578,-0.853629407179394
8,43,143,0.1116819751448257,15.093040475224436,53.317975859553094,-46.18830134065141,100.0,6.629706687208067,20.21024947180674,147,0.11260468284590597,-0.000922707701080272,15.115995407104492,-0.02295493188005615,52.47395706176758,0.844018797785516,-46.99304962158203,0.8047482809306246,100.0,0.0,6.1782660484313965,0.4514406387766705,20.89093780517578,-0.6806883333690408
8,44,144,0.10845469364192017,15.148597413832164,51.809635456625045,-45.95975142287918,100.0,6.799791122870859,20.044973502273997,148,0.11042425380245198,-0.0019695601605318053,15.36019515991211,-0.21159774607994564,51.30208206176758,0.5075533948574673,-46.93260955810547,0.9728581352262893,100.0,0.0,6.324786186218262,0.47500493665259746,20.89093780517578,-0.845964302901784
8,45,145,0.10665567844993662,15.352360928346624,50.899477256049565,-45.87100724925855,100.0,6.656037688886912,19.97010348239276,149,0.10819120727245812,-0.0015355288225215036,15.506715774536133,-0.15435484618950923,50.0,0.8994772560495647,-46.93260955810547,1.061602308846922,100.0,0.0,6.471306324005127,0.18473136488178543,20.89093780517578,-0.9208343227830227
8,46,146,0.10539576651164145,15.53301866072888,50.02754336134466,-45.95389611509913,100.0,7.071283583061119,19.953354820376912,150,0.1053251361005362,7.063041110524915e-05,15.65323543548584,-0.12021677475696002,48.4375,1.5900433613446623,-46.87216567993164,0.9182695648325137,100.0,0.0,6.764346599578857,0.3069369834822613,20.89093780517578,-0.937582984798869
8,47,147,0.10115693928680622,15.704232864967402,48.66353056370357,-45.289977806093624,100.0,7.43580384749886,20.324946436971455,151,0.10194046490444125,-0.0007835256176350336,15.799756050109863,-0.09552318514246139,46.484375,2.179155563703567,-46.87216567993164,1.5821878738380164,100.0,0.0,7.399267196655273,0.036536650843586926,20.89093780517578,-0.565991368204326
8,48,148,0.09568874213177803,15.817621267750155,46.721723637576524,-44.530952722395945,100.0,7.656481448384362,20.003938371070134,152,0.10194349008000889,-0.00625474794823086,14.383394241333008,1.4342270264171475,46.484375,0.2373486375765239,-46.87216567993164,2.3412129575356957,100.0,0.0,7.301587104797363,0.3548943435869987,20.89093780517578,-0.8869994341056469
8,49,149,0.09258249221424583,16.037136579658068,45.70091833558152,-44.04538730272004,100.0,7.801559527505869,20.059190997737915,153,0.10144474734370088,-0.008862255129455043,13.113553047180176,2.923583532477892,46.09375,-0.3928316644184804,-46.93260955810547,2.8872222553854314,100.0,0.0,7.203907012939453,0.5976525145664162,20.89093780517578,-0.8317468074378667
9,0,100,0.052413707322281906,-11.131203981895721,36.30691048724679,-34.52427102365848,100.0,-9.586483180360343,19.97652403014843,104,0.04902165949780948,0.003392047824472423,-11.159951210021973,0.0287472281262513,33.59375,2.713160487246789,-34.90480422973633,0.3805332060778497,100.0,0.0,-10.525030136108398,0.9385469557480555,20.89093780517578,-0.9144137750273522
9,1,101,0.05464771700245461,-10.773689145537649,35.86251674866888,-35.72545222572921,100.0,-9.476170596852606,20.007136710844332,105,0.051944025151219,0.002703691851235611,-10.769230842590332,-0.004458302947316639,34.50520706176758,1.3573096869013028,-35.50921630859375,-0.21623591713545665,100.0,0.0,-10.183150291442871,0.7069796945902649,20.89093780517578,-0.8838010943314494
9,2,102,0.05866895860983626,-10.442197335514484,35.87086546115078,-37.33434004469463,100.0,-9.17917411830202,20.069566848412634,106,0.05573368012213777,0.0029352784876984853,-10.525030136108398,0.08283280059391451,35.28645706176758,0.5844083993832001,-36.53671646118164,-0.797623583512987,100.0,0.0,-9.841269493103027,0.662095374801007,20.89093780517578,-0.8213709567631469
9,3,103,0.0652108956904551,-10.389839833285656,35.72964196201015,-39.9868837812564,100.0,-8.91508587249525,19.83877605966725,107,0.05924593602241256,0.005964959668042544,-10.280830383300781,-0.1090094499848746,35.67708206176758,0.052559900242570734,-37.68510055541992,-2.3017832258364805,100.0,0.0,-9.59706974029541,0.6819838678001595,20.89093780517578,-1.0521617455085313
9,4,104,0.07092420312577699,-10.144976302420682,36.530307103083096,-41.6539781466894,100.0,-8.61263811124662,20.14180113626247,108,0.06218918455533121,0.008735018570445778,-10.134309768676758,-0.010666533743924234,36.06770706176758,0.46260004131551824,-38.59172058105469,-3.0622575656347095,100.0,0.0,-9.30402946472168,0.6913913534750602,20.89093780517578,-0.7491366689133123
9,5,105,0.07374940436355609,-10.08161330532037,37.19966664980686,-42.2902596887721,100.0,-8.354239400284166,19.56887437185649,109,0.06569772340571742,0.008051680957838675,-10.036629676818848,-0.04498362850152304,36.58854293823242,0.6111237115744359,-39.61922073364258,-2.671038955129525,100.0,0.0,-9.059828758239746,0.7055893579555796,20.89093780517578,-1.3220634333192898
9,6,106,0.07756690283775396,-9.91240559127109,37.459962137232864,-43.54461380176306,100.0,-8.210496085117242,19.738761451717565,110,0.06918678895873291,0.008380113879021045,-9.938949584960938,0.026543993689847056,36.97916793823242,0.4807941990004423,-40.70716094970703,-2.837452852056032,100.0,0.0,-8.717948913574219,0.5074528284569766,20.89093780517578,-1.1521763534582163
9,7,107,0.08078902332547389,-9.802850849423761,38.36060996597108,-44.16106446313371,100.0,-7.975553711906634,20.023069307487802,111,0.07249822303026007,0.008290800295213813,-9.79242992401123,-0.01042092541253048,37.23958206176758,1.1210279042035012,-41.79510498046875,-2.3659594826649624,100.0,0.0,-8.424908638000488,0.4493549260938545,20.89093780517578,-0.8678684976879794
9,8,108,0.08240054257691722,-9.495578489652889,38.10673597911281,-44.91582399619724,100.0,-7.391865390104736,19.944772494991348,112,0.0752566348936877,0.0071439076832295195,-9.645909309387207,0.15033081973431806,37.63020706176758,0.4765289173452345,-42.580841064453125,-2.334982931744115,100.0,0.0,-8.131868362426758,0.7400029723220216,20.89093780517578,-0.9461653101844334
9,9,109,0.08595142719991987,-9.28656752196242,38.4732909234423,-45.97218010852091,100.0,-7.259433992477106,19.948190194956172,113,0.0771611003992434,0.00879032680067647,-9.352869033813477,0.06630151185105682,37.890625,0.5826659234422991,-43.12480926513672,-2.8473708433841907,100.0,0.0,-7.887667655944824,0.6282336634677179,20.89093780517578,-0.9427476102196088
9,10,110,0.08688331270451108,-9.062219079170633,39.094881513985435,-45.91966810787481,100.0,-7.048281877980106,20.32112184090174,114,0.08019538939312176,0.0066879233113893155,-8.669108390808105,-0.39311068836252794,38.80208206176758,0.2927994522178565,-43.66878128051758,-2.2508868273572347,100.0,0.0,-7.643467426300049,0.5951855483199431,20.89093780517578,-0.5698159642740421
9,11,111,0.08806619335275234,-8.817508441725536,38.60842047186622,-46.650681313413024,100.0,-6.94715810022174,20.387907358006192,115,0.08214465106733754,0.005921542285414805,-8.180707931518555,-0.6368005102069816,39.84375,-1.2353295281337822,-43.729225158691406,-2.921456154721618,100.0,0.0,-7.4481072425842285,0.5009491423624883,20.89093780517578,-0.5030304471695892
9,12,112,0.0905758558671173,-8.154178452018131,40.1387524194432,-46.59320712697895,100.0,-6.700354633675225,20.444196546818276,116,0.08392824765597319,0.006647608211144115,-7.692307472229004,-0.4618709797891274,40.88541793823242,-0.7466655187892215,-43.729225158691406,-2.863981968287547,100.0,0.0,-7.301587104797363,0.6012324711221382,20.89093780517578,-0.44674125835750544
9,13,113,0.09548560570789488,-7.593610772412059,41.96533035495559,-47.20458842792258,100.0,-6.44070486897174,19.92453680155146,117,0.085874991293266,0.009610614414628876,-7.155066967010498,-0.4385438054015607,41.92708206176758,0.03824829318801193,-43.78966522216797,-3.4149232057546115,100.0,0.0,-7.106226921081543,0.6655220521098029,20.89093780517578,-0.9664010036243198
9,14,114,0.09651343201394225,-7.308234260425975,42.99890248370211,-46.93263278133546,100.0,-6.295386697919049,20.275324434056834,118,0.08764968042709081,0.008863751586851432,-6.568986415863037,-0.7392478445629376,42.96875,0.030152483702110544,-43.78966522216797,-3.142967559167488,100.0,0.0,-6.8131866455078125,0.5177999475887631,20.89093780517578,-0.6156133711189469
9,15,115,0.09738242784023599,-6.7245107780009485,43.517943309840554,-46.92221540641989,100.0,-6.129129474822105,19.570964544864577,119,0.08897497433680714,0.00840745350342885,-5.934065818786621,-0.7904449592143274,43.75,-0.23205669015944608,-43.78966522216797,-3.132550184251919,100.0,0.0,-6.471306324005127,0.34217684918302194,20.89093780517578,-1.3199732603112047
9,16,116,0.09860124414991339,-5.909107990815673,44.14393677977651,-46.974780994385505,100.0,-5.531613789558233,19.770083359143783,120,0.09007314626834947,0.008528097881563917,-5.34798526763916,-0.5611227231765126,44.40104293823242,-0.2571061584559118,-43.78966522216797,-3.185115772217536,100.0,0.0,-6.031745910644531,0.5001321210862981,20.89093780517578,-1.1208544460319985
9,17,117,0.10140983159077478,-5.163214138695128,44.719754182998734,-47.61309885461014,100.0,-4.966839376557298,19.96331695545895,121,0.09116690221670432,0.010242929374070467,-4.664224624633789,-0.4989895140613392,45.05208206176758,-0.33232787876884373,-43.78966522216797,-3.8234336324421747,100.0,0.0,-5.494505405426025,0.5276660288687278,20.89093780517578,-0.9276208497168312
9,18,118,0.10373656688598615,-4.855555770228397,45.38431474353309,-48.02285250711068,100.0,-4.686687048780235,19.90604917014879,122,0.09226247131472598,0.011474095571260168,-4.029304027557373,-0.8262517426710243,45.703125,-0.31881025646691086,-43.78966522216797,-4.233187284942709,100.0,0.0,-5.05494499206543,0.3682579432851947,20.89093780517578,-0.9848886350269908
9,19,119,0.10599680037062217,-3.9449485155737087,46.186621442580346,-48.32780365257305,100.0,-4.145266635495346,19.72585557107221,123,0.0937965352013496,0.01220026516927257,-3.394383430480957,-0.5505650850927517,46.61458206176758,-0.4279606191872318,-43.78966522216797,-4.538138430405084,100.0,0.0,-4.517704486846924,0.37243785135157825,20.89093780517578,-1.165082234103572
9,20,120,0.10725179760772094,-3.47225161010896,46.961337779757685,-48.30126006696855,100.0,-3.647491439708167,19.907718808076403,124,0.09532951496638944,0.011922282641331494,-2.661782741546631,-0.8104688685623294,47.52604293823242,-0.5647051584747373,-43.78966522216797,-4.511594844800584,100.0,0.0,-4.029304027557373,0.38181258784920624,20.89093780517578,-0.9832189970993781
9,21,121,0.11035203704174092,-2.8475331075862687,48.072531605758336,-48.70926677285259,100.0,-3.1444809059771397,20.236489724247015,125,0.09680680605974346,0.013545230981997461,-1.6849817037582397,-1.162551403828029,48.30729293823242,-0.23476133247408626,-43.85010528564453,-4.8591614872080555,100.0,0.0,-3.443223476409912,0.2987425704327724,20.89093780517578,-0.6544480809287663
9,22,122,0.11254809773988997,-2.3076242075544706,49.330460147579046,-48.71862311884157,100.0,-2.7232405326092426,20.02337504785712,126,0.0971746631136502,0.015373434626239774,-0.7570207715034485,-1.5506034360510221,48.4375,0.8929601475790463,-43.910545349121094,-4.808077769720477,100.0,0.0,-2.710622787475586,-0.012617745133656655,20.89093780517578,-0.8675627573186624
9,23,123,0.11342224858690383,-0.9636216785289122,49.444199928987295,-48.96238469038284,100.0,-1.7480040111682964,19.85692953616814,127,0.09918421592579753,0.014238032661106306,0.2686202824115753,-1.2322419609404875,48.828125,0.6160749289872953,-44.39407730102539,-4.56830738935745,100.0,0.0,-1.9291819334030151,0.18117792223471874,20.89093780517578,-1.0340082690076429
9,24,124,0.11277180182099483,0.2821279524951275,49.31452446645484,-48.82857715353003,100.0,-0.8021564439051784,19.931839336394827,128,0.10046646755395432,0.012305334267040516,1.245421290397644,-0.9632933379025166,49.08854293823242,0.22598152822241957,-44.69628143310547,-4.132295720424558,100.0,0.0,-1.2942613363265991,0.49210489242142075,20.89093780517578,-0.9590984687809545
9,25,125,0.11117023819429481,1.2834927883778506,49.61188260039606,-48.10984258913887,100.0,-0.26222050707219047,20.076312458419693,129,0.10106225298546467,0.010107985208830134,2.2710623741149902,-0.9875695857371396,49.34895706176758,0.26292553862847967,-44.7567253112793,-3.3531172778595746,100.0,0.0,-0.7081807255744934,0.44596021850230294,20.89093780517578,-0.8146253467560882
9,26,126,0.11386271659597161,2.168928784052188,50.43900310501793,-48.54869058365327,100.0,0.20705987000501258,19.856288504315742,130,0.10192609823132828,0.011936618364643325,3.247863292694092,-1.078934508641904,49.86979293823242,0.5692101667855098,-44.7567253112793,-3.7919652723739716,100.0,0.0,-0.07326007634401321,0.2803199463490258,20.89093780517578,-1.034649300860039
9,27,127,0.11406871745607836,3.246138430005729,50.59880553640614,-48.53272513492292,100.0,0.8507424279633592,19.839123853544613,131,0.10274103449835228,0.01132768295772607,4.029304027557373,-0.783165597551644,50.26041793823242,0.33838759817371766,-44.81716537475586,-3.7155597601670607,100.0,0.0,0.5616605877876282,0.289081840175731,20.89093780517578,-1.0518139516311678
9,28,128,0.11380045841227934,4.002908714188077,51.18318494038534,-48.10617007150746,100.0,1.6211109652382802,19.88839806258187,132,0.10272647491872974,0.0110739834935496,4.713064670562744,-0.7101559563746669,50.26041793823242,0.9227670021529164,-44.81716537475586,-3.289004696751597,100.0,0.0,1.0012210607528687,0.6198899044854116,20.89093780517578,-1.0025397425939104
9,29,129,0.11561959819099163,4.477761700009047,51.7559591769684,-48.39529866775821,100.0,1.9570202745433964,19.830627908337743,133,0.10293286284051945,0.012686735350472184,5.299145221710205,-0.8213835217011578,50.390625,1.3653341769684033,-44.81716537475586,-3.5781332930023524,100.0,0.0,1.4407814741134644,0.5162388004299321,20.89093780517578,-1.0603098968380387
9,30,130,0.1163639277071126,4.867231261121316,51.488434740504694,-48.81013954312561,100.0,2.292297617730801,19.766766814914533,134,0.10314242324104658,0.013221504466066014,5.934065818786621,-1.066834557665305,50.52083206176758,0.9676026787371157,-44.81716537475586,-3.9929741683697486,100.0,0.0,1.78266179561615,0.5096358221146513,20.89093780517578,-1.1241709902612484
9,31,131,0.11765191345506491,5.559391098340872,51.65661254540918,-49.151937329493066,100.0,2.4594337980700645,19.845163646565258,135,0.10312959398809203,0.014522319466972883,6.617826461791992,-1.05843536345112,50.52083206176758,1.1357804836416037,-44.81716537475586,-4.334771954737207,100.0,0.0,2.17338228225708,0.2860515158129844,20.89093780517578,-1.0457741586105236
9,32,132,0.11765422349243462,6.163752361089602,51.85275777538419,-49.042526312975795,100.0,2.850474102086491,19.999697786245136,136,0.1031120354669714,0.014542188025463226,7.4481072425842285,-1.2843548814946262,50.52083206176758,1.331925713616613,-44.81716537475586,-4.225360938219936,100.0,0.0,2.710622787475586,0.13985131461090505,20.89093780517578,-0.8912400189306453
9,33,133,0.11587828373057832,6.9875439949574245,51.43475465212885,-48.690475486139306,100.0,3.478315192049051,20.146481578050015,137,0.1030961564391865,0.012782127291391818,8.131868362426758,-1.1443243674693333,50.52083206176758,0.913922590361274,-44.81716537475586,-3.8733101113834465,100.0,0.0,3.1990232467651367,0.27929194528391443,20.89093780517578,-0.7444562271257666
9,34,134,0.11731547037455062,8.009334495138436,51.86788219931923,-48.93193637542899,100.0,3.966481881153517,19.967938295018968,138,0.10307878252065253,0.014236687853898089,8.864468574523926,-0.8551340793854898,50.52083206176758,1.3470501375516548,-44.81716537475586,-4.11477100067313,100.0,0.0,3.7362637519836426,0.2302181291698746,20.89093780517578,-0.9229995101568136
9,35,135,0.11522424336589723,8.767725496760802,51.861365480771546,-48.228559936813575,100.0,4.452178659011906,19.823361744095934,139,0.1026169334843012,0.01260730988159603,9.743589401245117,-0.9758639044843154,50.26041793823242,1.6009475425391244,-44.81716537475586,-3.4113945620577155,100.0,0.0,4.371184349060059,0.08099430995184775,20.89093780517578,-1.0675760610798477
9,36,136,0.11299556432873753,9.642255095150613,50.85535705286056,-48.06619393114214,100.0,5.2008184165685485,20.201949018583225,140,0.10193419227600904,0.011061372052728488,10.622710227966309,-0.9804551328156954,49.86979293823242,0.98556411462814,-44.81716537475586,-3.2490285563862784,100.0,0.0,5.006104946136475,0.19471347043207388,20.89093780517578,-0.6889887865925566
9,37,137,0.11038145099873056,10.527172008226604,49.80945229135109,-47.79615313810603,100.0,6.042669956864001,20.05346149141178,141,0.1014707573466446,0.008910693652085966,11.5018310546875,-0.9746590464608964,49.609375,0.20007729135109287,-44.81716537475586,-2.978987763350169,100.0,0.0,5.689865589141846,0.35280436772215573,20.89093780517578,-0.8374763137640002
9,38,138,0.10678900515244548,11.345587833948644,48.625073925961914,-47.26759997070752,100.0,6.7280514698549245,20.166768417648335,142,0.10079077344828968,0.005998231704155796,12.234432220458984,-0.8888443865103408,49.21875,-0.5936760740380862,-44.81716537475586,-2.4504345959516627,100.0,0.0,6.227106094360352,0.500945375494573,20.89093780517578,-0.7241693875274464
9,39,139,0.10527417057716004,12.004890686479424,48.06539025726219,-47.08096962675537,100.0,7.133718523878146,20.185728866871216,143,0.09945078417731122,0.0058233863998488206,12.869353294372559,-0.8644626078931346,48.4375,-0.3721097427378126,-44.81716537475586,-2.2638042519995096,100.0,0.0,6.617826461791992,0.515892062086154,20.89093780517578,-0.7052089383045654
9,40,140,0.10397056608497876,12.520745534850493,47.603270739537045,-46.9071109272899,100.0,7.37953126624886,19.910010155974337,144,0.09832935631398639,0.005641209770992375,13.406593322753906,-0.8858477879034137,47.78645706176758,-0.183186322230533,-44.81716537475586,-2.08994555253404,100.0,0.0,7.057386875152588,0.32214439109627246,20.89093780517578,-0.980927649201444
9,41,141,0.10163680236300342,13.122540641990307,46.934200655472324,-46.497482311868254,100.0,7.639641897073121,19.9994090945953,145,0.09698772192665948,0.004649080436343933,13.74847412109375,-0.625933479103443,47.00520706176758,-0.07100640629525401,-44.81716537475586,-1.6803169371123943,100.0,0.0,7.399267196655273,0.24037470041784736,20.89093780517578,-0.8915287105804808
9,42,142,0.10170300488506753,13.717252631129053,46.38927196494544,-46.85349860034956,100.0,8.045395420987266,19.890857624511995,146,0.09497858175384255,0.0067244231312249825,13.94383430480957,-0.22658167368051707,45.83333206176758,0.5559399031778653,-44.81716537475586,-2.036333225593701,100.0,0.0,7.692307472229004,0.35308794875826166,20.89093780517578,-1.0000801806637867
9,43,143,0.09913094503182737,13.984440488869083,45.93216853040399,-46.23035666901428,100.0,8.270356961043337,20.077129660373373,147,0.09319278722980132,0.005938157802026056,14.04151439666748,-0.05707390779839727,44.79166793823242,1.1405005921715698,-44.81716537475586,-1.413191294258418,100.0,0.0,7.838827610015869,0.4315293510274678,20.89093780517578,-0.8138081448024082
9,44,144,0.09639479124934668,14.123380968502065,44.608886175865734,-46.071088010411366,100.0,8.409572565538681,19.968673663119148,148,0.09140405109622682,0.0049907401531198575,14.2368745803833,-0.11349361188123552,43.75,0.8588861758657345,-44.81716537475586,-1.2539226356555062,100.0,0.0,7.985347747802734,0.4242248177359471,20.89093780517578,-0.9222641420566333
9,45,145,0.09349909357122095,14.181459704751212,43.42746337657416,-45.76658342594503,100.0,8.388916380424845,19.856164616954196,149,0.0893875492138107,0.004111544357410249,14.432234764099121,-0.2507750593479088,42.578125,0.8493383765741598,-44.81716537475586,-0.9494180511891699,100.0,0.0,8.180707931518555,0.20820844890629076,20.89093780517578,-1.0347731882215854
9,46,146,0.09243555584046456,14.464008632256123,42.557605233832135,-45.92506970968289,100.0,8.611217591496315,19.71923725817059,150,0.08669291579846572,0.005742640041998842,14.578754425048828,-0.11474579279270536,41.015625,1.5419802338321347,-44.81716537475586,-1.107904334927028,100.0,0.0,8.473748207092285,0.13746938440402978,20.89093780517578,-1.1717005470051909
9,47,147,0.09056429807687953,14.683657961853063,41.294089300948045,-46.04421218342581,100.0,9.231297778775323,20.400768911980904,151,0.08246289603832994,0.008101402038549588,14.871794700622559,-0.18813673876949544,38.671875,2.6222143009480448,-44.7567253112793,-1.2874868721465162,100.0,0.0,9.40170955657959,-0.17041177780426686,20.89093780517578,-0.4901688931948769
9,48,148,0.08400062219950322,14.77739861639514,39.006728708148984,-45.10714858933975,100.0,9.471891051347065,19.937477916217073,152,0.08403840992456985,-3.7787725066629196e-05,13.74847412109375,1.0289244953013892,39.58333206176758,-0.5766033536185944,-44.7567253112793,-0.3504232780604539,100.0,0.0,9.255188941955566,0.21670210939149825,20.89093780517578,-0.953459888958708
9,49,149,0.08041405035013793,15.030752450995973,37.879812489299205,-44.509592816833454,100.0,9.722167111917395,19.865103828867515,153,0.08465864924618158,-0.004244598896043644,12.673993110656738,2.3567593403392344,39.84375,-1.963937510700795,-44.81716537475586,0.30757255792240557,100.0,0.0,9.059828758239746,0.662338353677649,20.89093780517578,-1.0258339763082667
