abs_diff,cohens_d,diff_ci95_hi,diff_ci95_lo,label_a,label_b,mean_a,mean_b,metric,n_a,n_b,ratio
5.532753449906715,1.6409948921019775,7.700451333260642,3.5058151436907745,baseline,eval_high,5.013321559839455,10.54607500974617,action_endpoint_delta,20,19,2.103610325575803
79.64130539143156,0.7010951132805266,151.9108601696191,14.654399668146748,baseline,eval_high,296.6450651104346,376.28637050186614,action_max_speed,20,19,1.268473387073195
-91.48673880184344,-1.4430397412797316,-53.80091766045868,-130.12250717414804,baseline,eval_high,832.7759779699569,741.2892391681135,action_mean_jerk,20,19,0.8901424377973048
-4.745859792632331,-1.4447818037718925,-2.6980636433189193,-6.690537698444263,baseline,eval_high,65.02537839984703,60.2795186072147,action_mean_speed,20,19,0.9270152683661486
-164.2513443970065,-0.36056663273817646,118.479070083727,-441.15117062832775,baseline,eval_high,2755.501980798468,2591.2506364014616,action_p95_jerk,20,19,0.9403914983400539
-5.3405815544468,-0.7396906475652181,-0.9337853149803715,-9.717385799713352,baseline,eval_high,149.40172712809905,144.06114557365225,action_p95_speed,20,19,0.9642535487591101
30.86322174971957,0.35361863230265755,94.41849672320978,-7.1081524906985605,baseline,eval_high,479.69884283534077,510.56206458506034,action_path_len,20,19,1.0643387454650794
2.5083647750927316,0.9483260660143582,4.293730558408571,1.0152672297110574,baseline,eval_high,5.805905765020263,8.314270540112995,action_speed_spikiness,20,19,1.43203676950544
0.6457016831950142,1.1407233948962974,0.9830810380923121,0.2828880154772812,baseline,eval_high,7.401666617393493,8.047368300588507,duration_s,20,19,1.0872373366297368
0.002498686245678558,0.40913622467946814,0.006702049782511121,-0.00012273304008315718,baseline,eval_high,0.0026857555449221193,0.0051844417906006775,eef_displacement_final,20,19,1.930344143554427
0.002806820195377438,0.6063013198888851,0.005620301665438167,-9.055441814585056e-05,baseline,eval_high,0.11587941861143411,0.11868623880681155,eef_displacement_max,20,19,1.0242219022738648
0.010588069259374472,2.608555605763359,0.013135307810363438,0.008121718714454511,baseline,eval_high,0.072070172268701,0.08265824152807547,eef_displacement_mean,20,19,1.1469133131910048
0.0,nan,0.0,0.0,baseline,eval_high,0.0,0.0,eef_displacement_min,20,19,1.0
0.002806820195377438,0.6063013198888851,0.005620301665438167,-9.055441814585056e-05,baseline,eval_high,0.11587941861143411,0.11868623880681155,eef_displacement_range,20,19,1.0242219022738648
0.0029561915294949587,0.505243117916179,0.006982084055168485,0.0005319137540508358,baseline,eval_high,0.1209789392602679,0.12393513078976286,eef_height_final,20,19,1.0244355860880818
0.014239715636459677,2.370834917907702,0.017783515425462082,0.010398722468883195,baseline,eval_high,0.21569975141724979,0.22993946705370946,eef_height_max,20,19,1.0660163717516329
1.4239715636459707,2.370834917907706,1.77835154254621,1.039872246888328,baseline,eval_high,21.56997514172498,22.993946705370952,eef_height_max_cm,20,19,1.0660163747815952
0.01583021693313727,4.104506932044717,0.01807071683353623,0.01346371365505182,baseline,eval_high,0.1690679393127952,0.18489815624593248,eef_height_mean,20,19,1.093632276238529
0.0002988057730472782,0.8313844129747461,0.0005138690470968433,6.906691620904744e-05,baseline,eval_high,0.11871942032335128,0.11901822609639856,eef_height_min,20,19,1.0025169070659574
0.01394090986341237,2.2890234731007606,0.017545808146088325,0.010035201793920166,baseline,eval_high,0.09698033109389856,0.11092124095731093,eef_height_range,20,19,1.1437498538999205
0.002498686245678558,0.40913622467946814,0.006702049782511121,-0.00012273304008315718,baseline,eval_high,0.0026857555449221193,0.0051844417906006775,eef_pos_endpoint_delta,20,19,1.930344143554427
0.06711522086341737,0.5512226827156188,0.1429705700198114,-0.00780453646664332,baseline,eval_high,0.34874438592777823,0.4158596067911956,eef_pos_max_speed,20,19,1.1924481701988878
0.011102154309085788,0.17895811189656288,0.049696963476704964,-0.026304827220368966,baseline,eval_high,0.5646502826149968,0.5757524369240826,eef_pos_mean_jerk,20,19,1.0196620004528285
0.0056964925953318785,1.2946695553839818,0.008356660958094599,0.002958343848128937,baseline,eval_high,0.06851129224367283,0.07420778483900471,eef_pos_mean_speed,20,19,1.083146756940501
-0.027673051380841418,-0.16386654678145857,0.06781811337667452,-0.13196952287779867,baseline,eval_high,1.5080966141243135,1.480423562743472,eef_pos_p95_jerk,20,19,0.9816503459140691
-0.00044784449665910553,-0.04968239001018524,0.005112981330385594,-0.005595134030035677,baseline,eval_high,0.17531906811816883,0.17487122362150972,eef_pos_p95_speed,20,19,0.9974455461352743
0.1255902681338712,1.0489737702844395,0.2138257633333413,0.06833844903190826,baseline,eval_high,0.5056732573333447,0.6312635254672159,eef_pos_path_len,20,19,1.2483624827473445
-0.21465604859110243,-0.09365463027359781,1.1972800874249279,-1.5616702372934421,baseline,eval_high,6.784274515174721,6.569618466583618,eef_pos_speed_spikiness,20,19,0.9683597637750996
2.621880105307125,0.8378925791957901,4.807246992300129,1.1869101501340267,baseline,eval_high,4.414458996249811,7.036339101556936,state_endpoint_delta,20,19,1.5939301059529998
3.842549148841414,0.05937941184885615,44.54245778843928,-37.18780974530464,baseline,eval_high,223.50364958498147,227.3461987338229,state_max_speed,20,19,1.0171923329028614
-23.31988229734111,-0.5719815220287652,1.7717845730523274,-49.5840440200828,baseline,eval_high,339.72244848514345,316.40256618780234,state_mean_jerk,20,19,0.9313560749351703
-1.4721374607684439,-0.5316654322820099,0.22335171543578564,-3.187157925854926,baseline,eval_high,45.310541691905975,43.83840423113753,state_mean_speed,20,19,0.9675100450033569
-137.5718103826921,-0.9729902452818819,-49.05238456193433,-224.48956603780454,baseline,eval_high,991.3360200601313,853.7642096774392,state_p95_jerk,20,19,0.8612258531946013
-5.923811687210133,-0.7209216475083664,-0.7371303652875061,-10.599183542527426,baseline,eval_high,119.24226622017895,113.31845453296881,state_p95_speed,20,19,0.9503212084566128
37.127931954604094,0.5761917458201994,84.33471287394096,9.12498991605534,baseline,eval_high,334.1225475945717,371.2504795491758,state_path_len,20,19,1.1111207017328995
0.3001169891913422,0.15888217771709642,1.5234742930296832,-0.8691195115138352,baseline,eval_high,6.044735331863164,6.344852321054506,state_speed_spikiness,20,19,1.0496493183271176
0.04451248073248948,0.027087554965166884,1.0662459610150912,-0.945683374468497,baseline,eval_low,5.013321559839455,5.057834040571945,action_endpoint_delta,20,20,1.0088788401287243
31.59922814383134,0.3717297385070769,86.03737141179926,-15.120044114086664,baseline,eval_low,296.6450651104346,328.2442932542659,action_max_speed,20,20,1.1065220084851315
-101.12016457795733,-1.1741864261299864,-49.684809332369085,-153.93112994323425,baseline,eval_low,832.7759779699569,731.6558133919996,action_mean_jerk,20,20,0.878574589983681
-1.4723248685907535,-0.37283233561853457,0.8404696785079955,-3.9108184973885263,baseline,eval_low,65.02537839984703,63.553053531256275,action_mean_speed,20,20,0.9773576885733619
-289.06511213295835,-0.6553646877992455,-21.335186660915028,-549.7650894272967,baseline,eval_low,2755.501980798468,2466.43686866551,action_p95_jerk,20,20,0.8950952987345898
-2.1325775642141878,-0.2130175885522503,3.770372078424334,-8.278893430191737,baseline,eval_low,149.40172712809905,147.26914956388487,action_p95_speed,20,20,0.9857258841308913
-11.14679908125072,-0.6463911975270429,-0.7116844300896438,-21.32161269748365,baseline,eval_low,479.69884283534077,468.55204375409005,action_path_len,20,20,0.9767629227222369
0.8219439917712874,0.4831938792941389,1.886934479217351,-0.13831129094908073,baseline,eval_low,5.805905765020263,6.627849756791551,action_speed_spikiness,20,20,1.1415703291823434
-0.004999995231628418,-0.010100460805937735,0.3099999916553495,-0.3033332824707031,baseline,eval_low,7.401666617393493,7.396666622161865,duration_s,20,20,0.9993244771099088
0.0003625654134923398,0.18804153525486922,0.0016386756785566972,-0.0007528962650148735,baseline,eval_low,0.0026857555449221193,0.003048320958414459,eef_displacement_final,20,20,1.1349951838416534
-0.0033993474034768045,-0.5778088566574384,4.618036428111037e-05,-0.007131788191505832,baseline,eval_low,0.11587941861143411,0.1124800712079573,eef_displacement_max,20,20,0.9706647897369647
-0.0030898304692260903,-0.6520530914705349,-0.00034083127022235967,-0.006154662112829533,baseline,eval_low,0.072070172268701,0.0689803417994749,eef_displacement_mean,20,20,0.9571274780781572
0.0,nan,0.0,0.0,baseline,eval_low,0.0,0.0,eef_displacement_min,20,20,1.0
-0.0033993474034768045,-0.5778088566574384,4.618036428111037e-05,-0.007131788191505832,baseline,eval_low,0.11587941861143411,0.1124800712079573,eef_displacement_range,20,20,0.9706647897369647
0.00037635852460893293,0.21576885668025117,0.001486442067737205,-0.0005607997663452432,baseline,eval_low,0.1209789392602679,0.12135529778487683,eef_height_final,20,20,1.0031109422499551
-0.006728631600207563,-0.9155734674313366,-0.0023498463168269753,-0.010978706314197834,baseline,eval_low,0.21569975141724979,0.20897111981704222,eef_height_max,20,20,0.9688055677206259
-0.6728631600207571,-0.9155734674313375,-0.2349846316827038,-1.0978706314197886,baseline,eval_low,21.56997514172498,20.897111981704224,eef_height_max_cm,20,20,0.9688055662888908
-0.0038018065848064164,-0.9226985629888956,-0.0013098901190351606,-0.006297007539169816,baseline,eval_low,0.1690679393127952,0.1652661327279888,eef_height_mean,20,20,0.9775131442697478
0.00015551651354805962,0.5223160822531216,0.00032872477017368353,-2.3469625003799327e-05,baseline,eval_low,0.11871942032335128,0.11887493683689934,eef_height_min,20,20,1.0013099499645886
-0.00688414811375565,-0.9466221017448768,-0.0025954853386585576,-0.011176545437571857,baseline,eval_low,0.09698033109389856,0.09009618298014291,eef_height_range,20,20,0.9290150144234876
0.0003625654134923398,0.18804153525486922,0.0016386756785566972,-0.0007528962650148735,baseline,eval_low,0.0026857555449221193,0.003048320958414459,eef_pos_endpoint_delta,20,20,1.1349951838416534
0.012563012420473085,0.11758677540296907,0.07665423644496262,-0.05004338059564113,baseline,eval_low,0.34874438592777823,0.3613073983482513,eef_pos_max_speed,20,20,1.0360235535457172
-0.07108933141112017,-1.0835206061498814,-0.03079189569660412,-0.10929138339214113,baseline,eval_low,0.5646502826149968,0.49356095120387666,eef_pos_mean_jerk,20,20,0.8741002487010274
-0.005570151169022292,-1.075080268192726,-0.002361191815712984,-0.008754283752123964,baseline,eval_low,0.06851129224367283,0.06294114107465054,eef_pos_mean_speed,20,20,0.918697339174622
-0.1529371611953867,-0.8532793361713605,-0.05230591147914931,-0.26456287943985096,baseline,eval_low,1.5080966141243135,1.3551594529289268,eef_pos_p95_jerk,20,20,0.8985892821793228
0.0010217951043307028,0.07720632324282943,0.009144876900770291,-0.007196172090756221,baseline,eval_low,0.17531906811816883,0.17634086322249953,eef_pos_p95_speed,20,20,1.0058282025852427
-0.0408949797503394,-1.1052835797206688,-0.01885236271593853,-0.06323358416859562,baseline,eval_low,0.5056732573333447,0.4647782775830053,eef_pos_path_len,20,20,0.9191276612940247
1.7930435761169132,0.6673830227773236,3.4561278906820783,0.2144561170336667,baseline,eval_low,6.784274515174721,8.577318091291634,eef_pos_speed_spikiness,20,20,1.2642940773495213
0.5847291070936889,0.3935064201463377,1.4746505103013223,-0.2942426986415977,baseline,eval_low,4.414458996249811,4.9991881033435,state_endpoint_delta,20,20,1.132457704616999
-13.27655787812131,-0.26541975899436765,16.015444185159893,-43.58093606878726,baseline,eval_low,223.50364958498147,210.22709170686016,state_max_speed,20,20,0.9405980264654281
-38.4238943350357,-0.993523872183373,-15.011985978968632,-62.23873968217416,baseline,eval_low,339.72244848514345,301.29855415010775,state_mean_jerk,20,20,0.8868962162929159
-1.4287629075649093,-0.4934386401496669,0.2967937776105542,-3.202554201832559,baseline,eval_low,45.310541691905975,43.881778784341066,state_mean_speed,20,20,0.9684673178933809
-195.95061170616702,-1.590885565193142,-123.58357290998649,-270.6537302503049,baseline,eval_low,991.3360200601313,795.3854083539643,state_p95_jerk,20,20,0.8023368386308564
1.9389517906183755,0.1821989259047876,8.384066639049081,-4.697851553741274,baseline,eval_low,119.24226622017895,121.18121801079732,state_p95_speed,20,20,1.016260608355728
-10.4840590127734,-0.7764870249254568,-2.5076291092816403,-18.720253950940794,baseline,eval_low,334.1225475945717,323.6384885817983,state_path_len,20,20,0.9686221145865884
-0.06606114973064248,-0.04380037770173426,0.8488898049078162,-0.9803372748620558,baseline,eval_low,6.044735331863164,5.978674182132521,state_speed_spikiness,20,20,0.9890712916290756
-0.9456593478052167,-0.6182523147693101,0.07654001343771635,-1.8422339968661978,baseline,prompt_low,5.013321559839455,4.0676622120342385,action_endpoint_delta,20,20,0.8113706981227019
28.8580891725573,0.40300348560883187,74.28067039014233,-12.048534051774952,baseline,prompt_low,296.6450651104346,325.5031542829919,action_max_speed,20,20,1.0972815413627097
-96.0460155821487,-1.30611405323907,-51.21480770245944,-141.72789445553738,baseline,prompt_low,832.7759779699569,736.7299623878082,action_mean_jerk,20,20,0.8846676439741633
-3.2884242723512926,-0.9677025729050358,-1.1312048572014077,-5.32443516116159,baseline,prompt_low,65.02537839984703,61.736954127495736,action_mean_speed,20,20,0.9494286022970178
-322.99862701939946,-0.7876002207566942,-77.9362607630419,-578.9627826074816,baseline,prompt_low,2755.501980798468,2432.5033537790687,action_p95_jerk,20,20,0.8827804772890668
-5.766967778693498,-0.7020943808884603,-0.8489067492648527,-10.575693596205499,baseline,prompt_low,149.40172712809905,143.63475934940556,action_p95_speed,20,20,0.9613995909608005
2.816591327238257,0.13181792191984662,15.882209134277126,-10.372577922223481,baseline,prompt_low,479.69884283534077,482.515434162579,action_path_len,20,20,1.005871582492323
0.9808697100435548,0.5966997906056637,2.0633522696498305,0.03583347727954261,baseline,prompt_low,5.805905765020263,6.786775475063818,action_speed_spikiness,20,20,1.168943442772309
0.4349999666213993,0.7724893936858351,0.780041636824608,0.08662501156330076,baseline,prompt_low,7.401666617393493,7.836666584014893,duration_s,20,20,1.0587705429762897
-0.0001520955809712161,-0.0796004599832259,0.0011705442897127203,-0.0011920084169101204,baseline,prompt_low,0.0026857555449221193,0.002533659963950903,eef_displacement_final,20,20,0.9433697474975886
0.001992773968138087,0.40568782842093176,0.004934717072416643,-0.0009395099025694433,baseline,prompt_low,0.11587941861143411,0.1178721925795722,eef_displacement_max,20,20,1.0171969605996267
9.53017632973896e-05,0.020031586846857064,0.003054374376293641,-0.0027316025340243535,baseline,prompt_low,0.072070172268701,0.07216547403199838,eef_displacement_mean,20,20,1.0013223466390313
0.0,nan,0.0,0.0,baseline,prompt_low,0.0,0.0,eef_displacement_min,20,20,1.0
0.001992773968138087,0.40568782842093176,0.004934717072416643,-0.0009395099025694433,baseline,prompt_low,0.11587941861143411,0.1178721925795722,eef_displacement_range,20,20,1.0171969605996267
0.00010329193255727287,0.056757670742939054,0.0014000086716242407,-0.0008662554625254504,baseline,prompt_low,0.1209789392602679,0.12108223119282517,eef_height_final,20,20,1.000853800873531
-0.0009139583766733794,-0.12412213776248773,0.003606731984580122,-0.005235683736833355,baseline,prompt_low,0.21569975141724979,0.2147857930405764,eef_height_max,20,20,0.9957628215688871
-0.09139583766734205,-0.1241221377624933,0.3606731984580129,-0.523568373683333,baseline,prompt_low,21.56997514172498,21.47857930405764,eef_height_max_cm,20,20,0.9957628213744125
-0.000591156700101042,-0.13764608590679495,0.0021025405100498573,-0.003129812857818229,baseline,prompt_low,0.1690679393127952,0.16847678261269416,eef_height_mean,20,20,0.996503437212648
-1.133604812970923e-05,-0.07010484907911455,8.353256366465667e-05,-0.00012038429251177048,baseline,prompt_low,0.11871942032335128,0.11870808427522157,eef_height_min,20,20,0.9999045139612038
-0.0009026223285437118,-0.12266331342217598,0.003643451441457469,-0.005182610843272656,baseline,prompt_low,0.09698033109389856,0.09607770876535485,eef_height_range,20,20,0.9906927288730634
-0.0001520955809712161,-0.0796004599832259,0.0011705442897127203,-0.0011920084169101204,baseline,prompt_low,0.0026857555449221193,0.002533659963950903,eef_pos_endpoint_delta,20,20,0.9433697474975886
-0.027002962693938592,-0.2547800114355281,0.03785756849071749,-0.08949378578326553,baseline,prompt_low,0.34874438592777823,0.32174142323383964,eef_pos_max_speed,20,20,0.922570905771542
-0.08119981756123856,-1.3188118460654268,-0.042996298198054034,-0.1180736172220111,baseline,prompt_low,0.5646502826149968,0.48345046505375827,eef_pos_mean_jerk,20,20,0.8561945001654251
-0.002575939313313347,-0.6076794927476703,-9.845538820084486e-07,-0.005156812782194581,baseline,prompt_low,0.06851129224367283,0.06593535293035949,eef_pos_mean_speed,20,20,0.9624012501739997
-0.13438381980676595,-0.7372663006574307,-0.028508389046336596,-0.24551595685699878,baseline,prompt_low,1.5080966141243135,1.3737127943175476,eef_pos_p95_jerk,20,20,0.9108917706882363
-0.003469838217919241,-0.32300322751850835,0.0029573011880694032,-0.009836342965015642,baseline,prompt_low,0.17531906811816883,0.1718492299002496,eef_pos_p95_speed,20,20,0.9802084390634287
0.011347121388524117,0.26406783104755893,0.037885647059778475,-0.014531573702425233,baseline,prompt_low,0.5056732573333447,0.5170203787218688,eef_pos_path_len,20,20,1.022439630729073
-0.22676145181116691,-0.09420928885280046,1.2232675500047996,-1.6000899780530566,baseline,prompt_low,6.784274515174721,6.557513063363554,eef_pos_speed_spikiness,20,20,0.9665754310251283
-0.3996159778626618,-0.4564154289668879,0.1594671305471842,-0.9061152328107237,baseline,prompt_low,4.414458996249811,4.0148430183871495,state_endpoint_delta,20,20,0.9094756622959004
11.34502096374095,0.15466094197939723,57.24055931647535,-29.77579402045487,baseline,prompt_low,223.50364958498147,234.84867054872242,state_max_speed,20,20,1.050759891323026
-29.071220983088836,-0.6581758600951637,-2.693058629450798,-56.14932604671937,baseline,prompt_low,339.72244848514345,310.6512275020546,state_mean_jerk,20,20,0.9144265528761358
-1.8900289683970186,-0.6762970195475623,-0.13342180196815537,-3.6100025113213707,baseline,prompt_low,45.310541691905975,43.420512723508956,state_mean_speed,20,20,0.9582872131427748
-110.98095414061845,-0.8337465091779092,-33.66784399093677,-191.94138894718637,baseline,prompt_low,991.3360200601313,880.3550659195129,state_p95_jerk,20,20,0.8880491055567947
-0.9166264776958286,-0.1050085384953423,4.4414619539282025,-5.999929608490039,baseline,prompt_low,119.24226622017895,118.32563974248312,state_p95_speed,20,20,0.992312906264911
4.95789499050494,0.352271198786444,13.389223946113722,-3.38070218360307,baseline,prompt_low,334.1225475945717,339.08044258507664,state_path_len,20,20,1.0148385525791348
0.6734682372411118,0.30866788332241446,2.0367805140055095,-0.6016910457808609,baseline,prompt_low,6.044735331863164,6.718203569104276,state_speed_spikiness,20,20,1.1114140155280197
1.3076803813881197,0.8672862473729928,2.1886816561988316,0.4079921241303045,baseline,prompt_high,5.013321559839455,6.321001941227575,action_endpoint_delta,20,20,1.2608411136551123
32.75519016920515,0.36570359632284727,92.32547522466724,-16.156068616055137,baseline,prompt_high,296.6450651104346,329.40025527963974,action_max_speed,20,20,1.1104187934355385
-35.60130745973663,-0.5130075851813273,7.5800914905833,-76.5028337366598,baseline,prompt_high,832.7759779699569,797.1746705102203,action_mean_jerk,20,20,0.9572498386107464
-1.3106012738463804,-0.35889903769445247,0.9670002248643974,-3.590920166387222,baseline,prompt_high,65.02537839984703,63.71477712600065,action_mean_speed,20,20,0.9798447728272212
-208.74193536761004,-0.5575458845864142,17.81789143963449,-447.0700374904472,baseline,prompt_high,2755.501980798468,2546.760045430858,action_p95_jerk,20,20,0.9242454054392061
-2.452308719996921,-0.25718460865685616,3.381221187789075,-7.984192216628414,baseline,prompt_high,149.40172712809905,146.94941840810213,action_p95_speed,20,20,0.9835858074269106
7.169834975340734,0.250536071615036,24.675494915088137,-9.728028154427491,baseline,prompt_high,479.69884283534077,486.8686778106815,action_path_len,20,20,1.0149465338144505
0.7569423428920787,0.44085893155827505,1.8655964117395063,-0.22325713789607482,baseline,prompt_high,5.805905765020263,6.562848107912342,action_speed_spikiness,20,20,1.1303745483002499
0.2816666841506965,0.37108368234058897,0.760124990344048,-0.1467500507831575,baseline,prompt_high,7.401666617393493,7.68333330154419,duration_s,20,20,1.038054494795571
-0.0002648504685291734,-0.16316103718318936,0.0007681546467213173,-0.0011859205059170908,baseline,prompt_high,0.0026857555449221193,0.002420905076392946,eef_displacement_final,20,20,0.9013873459543345
-0.00026820429302193416,-0.052428597202307456,0.002855793857499971,-0.003359851003064075,baseline,prompt_high,0.11587941861143411,0.11561121431841218,eef_displacement_max,20,20,0.99768548830249
0.00014590217366219904,0.029762857773146804,0.0032967728181122215,-0.0028833653177596902,baseline,prompt_high,0.072070172268701,0.07221607444236319,eef_displacement_mean,20,20,1.0020244457425989
0.0,nan,0.0,0.0,baseline,prompt_high,0.0,0.0,eef_displacement_min,20,20,1.0
-0.00026820429302193416,-0.052428597202307456,0.002855793857499971,-0.003359851003064075,baseline,prompt_high,0.11587941861143411,0.11561121431841218,eef_displacement_range,20,20,0.99768548830249
0.0002600593396480805,0.1719910664283547,0.0012548541253705513,-0.0005551597308784261,baseline,prompt_high,0.1209789392602679,0.12123899859991598,eef_height_final,20,20,1.0021496247176738
0.00026528385845114855,0.038694380977359916,0.004222229842620403,-0.00395161990341973,baseline,prompt_high,0.21569975141724979,0.21596503527570093,eef_height_max,20,20,1.0012298755302653
0.026528385845114855,0.03869438097735991,0.4222229842620382,-0.39516199034197574,baseline,prompt_high,21.56997514172498,21.596503527570096,eef_height_max_cm,20,20,1.001229875586713
0.0005028729720714942,0.11742311166847576,0.0030925738503738208,-0.0021668144825071805,baseline,prompt_high,0.1690679393127952,0.1695708122848667,eef_height_mean,20,20,1.0029743838150016
0.0005838996300660537,2.5737835639675946,0.0007139637136717926,0.0004407657483028602,baseline,prompt_high,0.11871942032335128,0.11930331995341734,eef_height_min,20,20,1.0049183156327124
-0.0003186157716149607,-0.046458795316669195,0.0036316148362672187,-0.0045390755224399715,baseline,prompt_high,0.09698033109389856,0.0966617153222836,eef_height_range,20,20,0.9967146354815718
-0.0002648504685291734,-0.16316103718318936,0.0007681546467213173,-0.0011859205059170908,baseline,prompt_high,0.0026857555449221193,0.002420905076392946,eef_pos_endpoint_delta,20,20,0.9013873459543345
0.0077913629473742585,0.08054966498229382,0.06639271062382959,-0.04994510665034206,baseline,prompt_high,0.34874438592777823,0.3565357488751525,eef_pos_max_speed,20,20,1.0223411846565924
-0.03217215732556511,-0.47097863262879713,0.010539160597922308,-0.07273388990976923,baseline,prompt_high,0.5646502826149968,0.5324781252894317,eef_pos_mean_jerk,20,20,0.9430228625640659
-0.0010504344817626604,-0.22740338634311996,0.0017627717577445084,-0.003974079879474001,baseline,prompt_high,0.06851129224367283,0.06746085776191017,eef_pos_mean_speed,20,20,0.9846677198161173
-0.10805265572047507,-0.5598631261892385,0.006301916297121478,-0.22921084141035142,baseline,prompt_high,1.5080966141243135,1.4000439584038384,eef_pos_p95_jerk,20,20,0.9283516361007594
-0.0038052940162641713,-0.36580514989689067,0.0026120695911979403,-0.010032616731854353,baseline,prompt_high,0.17531906811816883,0.17151377410190466,eef_pos_p95_speed,20,20,0.9782950374990033
0.011103261654137553,0.2383345574378089,0.03994404908917292,-0.016526278367500567,baseline,prompt_high,0.5056732573333447,0.5167765189874822,eef_pos_path_len,20,20,1.0219573830997442
0.11031875202135843,0.055102877280502366,1.3347555137868072,-1.0904051505895427,baseline,prompt_high,6.784274515174721,6.894593267196079,eef_pos_speed_spikiness,20,20,1.0162609504689106
1.078260998772496,1.2530264489492549,1.6185633047274524,0.5690194926011803,baseline,prompt_high,4.414458996249811,5.492719995022307,state_endpoint_delta,20,20,1.2442566568736821
21.811261193261657,0.2670077727050174,73.12132858258951,-26.14866330455383,baseline,prompt_high,223.50364958498147,245.31491077824313,state_max_speed,20,20,1.0975879419990975
-12.29700647352314,-0.2881375774681046,13.775597480548406,-38.12305007223196,baseline,prompt_high,339.72244848514345,327.4254420116203,state_mean_jerk,20,20,0.9638027851029722
-0.9167535184011371,-0.29042506736820195,0.9915939021235939,-2.9063009101169985,baseline,prompt_high,45.310541691905975,44.39378817350484,state_mean_speed,20,20,0.9797673238066237
-147.96793814913065,-1.0600684923071055,-64.31148137165151,-234.31608043413348,baseline,prompt_high,991.3360200601313,843.3680819110007,state_p95_jerk,20,20,0.8507388663849188
-2.2205646858984807,-0.24230068181405648,3.5318858750682858,-7.643244094621515,baseline,prompt_high,119.24226622017895,117.02170153428047,state_p95_speed,20,20,0.9813777047677706
4.437121591493451,0.2508132209748412,15.275666891014199,-5.958728703061271,baseline,prompt_high,334.1225475945717,338.55966918606515,state_path_len,20,20,1.0132799226610252
0.7976496194340932,0.3390416931336596,2.2542686179626554,-0.6199302244235935,baseline,prompt_high,6.044735331863164,6.842384951297257,state_speed_spikiness,20,20,1.1319577407980006
1.4558010576003486,0.5891664567730648,3.059623700903314,0.044282776991982256,baseline,dataset_high,5.013321559839455,6.469122617439804,action_endpoint_delta,20,20,1.2903865306304236
-38.65084974187238,-0.8132638810485235,-10.83738748886008,-68.35220193330338,baseline,dataset_high,296.6450651104346,257.9942153685622,action_max_speed,20,20,0.869706749626256
-566.7102313000257,-10.17296783197942,-533.5383475349445,-599.8406477287807,baseline,dataset_high,832.7759779699569,266.0657466699311,action_mean_jerk,20,20,0.31949258109644313
-17.605227340862662,-5.260131797689916,-15.527277735903189,-19.605201054610262,baseline,dataset_high,65.02537839984703,47.420151058984366,action_mean_speed,20,20,0.7292560570751461
-1838.0586280499406,-5.796210122036705,-1648.2214431834211,-2046.3928559337896,baseline,dataset_high,2755.501980798468,917.4433527485274,action_p95_jerk,20,20,0.33294962556671737
-32.539511708616615,-3.884799944007006,-27.43901850216347,-37.37091366069924,baseline,dataset_high,149.40172712809905,116.86221541948244,action_p95_speed,20,20,0.7822012346715455
-28.222015477154514,-1.309166904978188,-14.966162887840873,-41.02983337580109,baseline,dataset_high,479.69884283534077,451.47682735818626,action_path_len,20,20,0.9411672221059463
0.8416434726649182,0.6970706825493019,1.5795121745809044,0.10906389200248248,baseline,dataset_high,5.805905765020263,6.6475492376851815,action_speed_spikiness,20,20,1.1449633365195253
2.133333468437195,4.191856793738885,2.44504183292389,1.8299584227800358,baseline,dataset_high,7.401666617393493,9.535000085830688,duration_s,20,20,1.2882233928966418
-0.0004885488967847447,-0.3080251160387975,0.0005441733963667969,-0.0014031617963760972,baseline,dataset_high,0.0026857555449221193,0.0021972066481373747,eef_displacement_final,20,20,0.8180969676566048
-0.0029907466481173817,-0.38768736881329346,0.0017710277855491248,-0.0075044805162175696,baseline,dataset_high,0.11587941861143411,0.11288867196331673,eef_displacement_max,20,20,0.9741908750849477
-0.008229503589309586,-1.4961839467281552,-0.004768562503521411,-0.011440163504138488,baseline,dataset_high,0.072070172268701,0.06384066867939141,eef_displacement_mean,20,20,0.8858126435891708
0.0,nan,0.0,0.0,baseline,dataset_high,0.0,0.0,eef_displacement_min,20,20,1.0
-0.0029907466481173817,-0.38768736881329346,0.0017710277855491248,-0.0075044805162175696,baseline,dataset_high,0.11587941861143411,0.11288867196331673,eef_displacement_range,20,20,0.9741908750849477
-0.0004931404177311166,-0.5599001453884299,4.729436157920472e-05,-0.0010282113594383296,baseline,dataset_high,0.1209789392602679,0.12048579884253678,eef_height_final,20,20,0.9959237501999608
0.008170262934735606,1.141523766870454,0.012094509540809996,0.0038102442392455396,baseline,dataset_high,0.21569975141724979,0.2238700143519854,eef_height_max,20,20,1.0378779414546084
0.8170262934735533,1.1415237668704434,1.2094509540809972,0.38102442392455355,baseline,dataset_high,21.56997514172498,22.387001435198535,eef_height_max_cm,20,20,1.0378779431930971
0.0006239667909202218,0.1689496427459488,0.0028117745799818303,-0.0016059166561484615,baseline,dataset_high,0.1690679393127952,0.16969190610371543,eef_height_mean,20,20,1.0036906273096493
0.001052051133311832,3.391752498731335,0.0012399614652843505,0.0008604603908263113,baseline,dataset_high,0.11871942032335128,0.11977147145666311,eef_height_min,20,20,1.0088616592115243
0.007118211801423677,0.9925833403308405,0.011135515267255357,0.002716429795650108,baseline,dataset_high,0.09698033109389856,0.10409854289532224,eef_height_range,20,20,1.0733985024298034
-0.0004885488967847447,-0.3080251160387975,0.0005441733963667969,-0.0014031617963760972,baseline,dataset_high,0.0026857555449221193,0.0021972066481373747,eef_pos_endpoint_delta,20,20,0.8180969676566048
-0.1485536019998623,-2.0606958851223145,-0.10434828437339945,-0.19273183636129143,baseline,dataset_high,0.34874438592777823,0.20019078392791592,eef_pos_max_speed,20,20,0.5740330060224784
-0.27065312532414176,-5.186591041920943,-0.2377823068366859,-0.30149932246625666,baseline,dataset_high,0.5646502826149968,0.29399715729085507,eef_pos_mean_jerk,20,20,0.520671238704759
-0.009082731389266456,-1.6983093118303403,-0.00577801546769881,-0.012325290773479405,baseline,dataset_high,0.06851129224367283,0.05942856085440638,eef_pos_mean_speed,20,20,0.8674272551853989
-0.5831075782731525,-3.756036395961643,-0.49368200116412775,-0.6834757366887605,baseline,dataset_high,1.5080966141243135,0.924989035851161,eef_pos_p95_jerk,20,20,0.6133486615211159
-0.01807521420955524,-1.3389852297926041,-0.010163766375367065,-0.026031865711481864,baseline,dataset_high,0.17531906811816883,0.1572438539086136,eef_pos_p95_speed,20,20,0.8969010423533476
0.06079356074601505,1.255039029172213,0.09010973883612639,0.03268487074888994,baseline,dataset_high,0.5056732573333447,0.5664668180793597,eef_pos_path_len,20,20,1.1202230069756474
-2.1676901861043794,-1.2358895775289438,-1.0439349919555159,-3.2423455724646675,baseline,dataset_high,6.784274515174721,4.616584329070341,eef_pos_speed_spikiness,20,20,0.6804831263739946
0.3478473272420919,0.2301709334025451,1.2966377189650657,-0.551797516217121,baseline,dataset_high,4.414458996249811,4.762306323491903,state_endpoint_delta,20,20,1.0787972720438956
-69.72760991215105,-1.6855832554455152,-46.310528866850305,-95.30031843587957,baseline,dataset_high,223.50364958498147,153.77603967283042,state_max_speed,20,20,0.6880247367839102
-165.80587650961147,-4.940536439945212,-146.40284378737502,-187.38965253288245,baseline,dataset_high,339.72244848514345,173.91657197553198,state_mean_jerk,20,20,0.5119372380480716
-8.835496815826907,-3.1668332612984633,-7.177704937853372,-10.482707910315368,baseline,dataset_high,45.310541691905975,36.47504487607907,state_mean_speed,20,20,0.8050012980653629
-462.641515628363,-4.021539388804453,-394.2440146297945,-533.5219281875736,baseline,dataset_high,991.3360200601313,528.6945044317683,state_p95_jerk,20,20,0.533315136077035
-18.16628022845798,-1.7969489540868169,-11.947313871149928,-23.95406837769574,baseline,dataset_high,119.24226622017895,101.07598599172097,state_p95_speed,20,20,0.8476523400403112
13.360294344804117,0.6510807532514624,25.564951714325243,1.6096832090089166,baseline,dataset_high,334.1225475945717,347.4828419393758,state_path_len,20,20,1.0399862099717252
-1.2994932833324055,-1.0646842656988016,-0.5849276755177745,-2.030944168554439,baseline,dataset_high,6.044735331863164,4.745242048530758,state_speed_spikiness,20,20,0.7850206485745224
-0.0938421008087964,-0.06039369473287105,0.8402515326873794,-1.0255306659670265,baseline,dataset_low,5.013321559839455,4.919479459030659,action_endpoint_delta,20,20,0.9812814519273294
-34.44399081550392,-0.7654890010368836,-8.53339782957762,-62.039466407103035,baseline,dataset_low,296.6450651104346,262.20107429493066,action_max_speed,20,20,0.883888205584947
-528.0960346128829,-9.673548948881058,-495.0253208723925,-560.9588491662142,baseline,dataset_low,832.7759779699569,304.67994335707397,action_mean_jerk,20,20,0.36586062929688273
-12.549896749424292,-3.939276048939365,-10.47460026438919,-14.434377696506772,baseline,dataset_low,65.02537839984703,52.475481650422736,action_mean_speed,20,20,0.8070000197411568
-1708.215960367967,-5.427115143098143,-1524.9000405246213,-1907.100465340982,baseline,dataset_low,2755.501980798468,1047.2860204305011,action_p95_jerk,20,20,0.38007086466808704
-21.348569415753218,-3.1679881224284223,-17.45679812826636,-25.473958969387876,baseline,dataset_low,149.40172712809905,128.05315771234584,action_p95_speed,20,20,0.8571062743068577
-76.08218236185314,-3.676571370232665,-62.984199250684526,-88.54405462455964,baseline,dataset_low,479.69884283534077,403.6166604734876,action_path_len,20,20,0.8413959435245444
0.38425612328834013,0.30180661949278564,1.1917938892809175,-0.3425955724063908,baseline,dataset_low,5.805905765020263,6.190161888308603,action_speed_spikiness,20,20,1.0661836650779954
0.2933333396911628,0.655841354305764,0.570041694641114,0.013333415389060632,baseline,dataset_low,7.401666617393493,7.694999957084656,duration_s,20,20,1.0396307148724504
-0.0006167598945242231,-0.32825512914612603,0.0006327571330588502,-0.001647711743645438,baseline,dataset_low,0.0026857555449221193,0.0020689956503978963,eef_displacement_final,20,20,0.7703597413071632
-0.014523001952130021,-1.3298340104837574,-0.007495050981629229,-0.02104957526684273,baseline,dataset_low,0.11587941861143411,0.10135641665930409,eef_displacement_max,20,20,0.8746714397356201
-0.013029404081185358,-1.9528323147361373,-0.008640601182250782,-0.01706608366821658,baseline,dataset_low,0.072070172268701,0.059040768187515635,eef_displacement_mean,20,20,0.8192122779347566
0.0,nan,0.0,0.0,baseline,dataset_low,0.0,0.0,eef_displacement_min,20,20,1.0
-0.014523001952130021,-1.3298340104837574,-0.007495050981629229,-0.02104957526684273,baseline,dataset_low,0.11587941861143411,0.10135641665930409,eef_displacement_range,20,20,0.8746714397356201
-0.0006410767955224023,-0.6755165527747687,-4.3916145268571557e-05,-0.0011902856974350512,baseline,dataset_low,0.1209789392602679,0.1203378624647455,eef_height_final,20,20,0.9947009227684461
-0.010475072017345877,-1.7425093059046424,-0.006987985209217776,-0.014161979299643367,baseline,dataset_low,0.21569975141724979,0.2052246793999039,eef_height_max,20,20,0.9514367936778433
-1.047507201734586,-1.7425093059046395,-0.6987985209217767,-1.4161979299643344,baseline,dataset_low,21.56997514172498,20.522467939990396,eef_height_max_cm,20,20,0.9514367914489315
-0.00832336499361197,-2.4884944922343415,-0.006318985983868662,-0.010371576488444745,baseline,dataset_low,0.1690679393127952,0.16074457431918324,eef_height_mean,20,20,0.9507691136762251
0.0009602851103063248,2.414551538643821,0.0012150449075326798,0.0007337478897083798,baseline,dataset_low,0.11871942032335128,0.11967970543365761,eef_height_min,20,20,1.0080886937183815
-0.011435357127652215,-1.9182769372463067,-0.008002048743909862,-0.015075813992277587,baseline,dataset_low,0.09698033109389856,0.08554497396624634,eef_height_range,20,20,0.8820858227691709
-0.0006167598945242231,-0.32825512914612603,0.0006327571330588502,-0.001647711743645438,baseline,dataset_low,0.0026857555449221193,0.0020689956503978963,eef_pos_endpoint_delta,20,20,0.7703597413071632
-0.15024677202427036,-2.064748136958671,-0.10585843321275779,-0.19363866520785994,baseline,dataset_low,0.34874438592777823,0.19849761390350787,eef_pos_max_speed,20,20,0.5691779601947063
-0.2703523724338731,-5.28573474677033,-0.23833662684181048,-0.30003892250131575,baseline,dataset_low,0.5646502826149968,0.2942979101811237,eef_pos_mean_jerk,20,20,0.5212038743806847
-0.014438405413126472,-2.742440915629254,-0.01117972802497425,-0.017704314647003082,baseline,dataset_low,0.06851129224367283,0.05407288683054636,eef_pos_mean_speed,20,20,0.7892551310472298
-0.5335735208847009,-3.4821962139741953,-0.4460912736040546,-0.6319649357742604,baseline,dataset_low,1.5080966141243135,0.9745230932396126,eef_pos_p95_jerk,20,20,0.646194075134593
-0.022340151100241595,-1.9098029690698504,-0.015150394231643322,-0.029290409501375576,baseline,dataset_low,0.17531906811816883,0.15297891701792724,eef_pos_p95_speed,20,20,0.8725743293882492
-0.0888677178057532,-2.0055989746755323,-0.061660215582691066,-0.1155576969984469,baseline,dataset_low,0.5056732573333447,0.4168055395275915,eef_pos_path_len,20,20,0.8242586200484852
-0.0715204223263548,-0.0358924688505626,1.1386855041061972,-1.2929659403830835,baseline,dataset_low,6.784274515174721,6.712754092848366,eef_pos_speed_spikiness,20,20,0.9894579115186214
-0.32187418207676366,-0.20468468259130987,0.69076753089434,-1.2173016333988764,baseline,dataset_low,4.414458996249811,4.092584814173048,state_endpoint_delta,20,20,0.927086380999106
-74.78694866238035,-1.8245588317674117,-51.53728050983472,-100.14852492738603,baseline,dataset_low,223.50364958498147,148.71670092260112,state_max_speed,20,20,0.6653882440044969
-147.30337415836493,-4.297924795650242,-126.48732810020691,-168.90766889813,baseline,dataset_low,339.72244848514345,192.4190743267785,state_mean_jerk,20,20,0.5664008227573141
-6.07336679062098,-2.228906144601697,-4.355627259705061,-7.748724477411835,baseline,dataset_low,45.310541691905975,39.237174901284995,state_mean_speed,20,20,0.8659612848908954
-407.1290022508207,-3.3865027082255224,-336.87253629692344,-484.32576549196915,baseline,dataset_low,991.3360200601313,584.2070178093106,state_p95_jerk,20,20,0.5893128121965964
-8.408579687338758,-0.8897526546526511,-2.4510092048334395,-14.191094052206436,baseline,dataset_low,119.24226622017895,110.83368653284019,state_p95_speed,20,20,0.9294832281105151
-31.99604440381512,-1.5795472295591895,-19.29417231660123,-43.9271548600592,baseline,dataset_low,334.1225475945717,302.1265031907566,state_path_len,20,20,0.9042385955895383
-1.3516593424673378,-1.0694314332660777,-0.6008787719010306,-2.1165485506681954,baseline,dataset_low,6.044735331863164,4.693075989395826,state_speed_spikiness,20,20,0.7763906497102788
-5.4882409691742255,-1.5731631240906463,-3.2925598404659797,-7.697451553633188,eval_high,eval_low,10.54607500974617,5.057834040571945,action_endpoint_delta,19,20,0.47959397606235493
-48.04207724760022,-0.3628753600328992,32.998834483160024,-129.59233729995952,eval_high,eval_low,376.28637050186614,328.2442932542659,action_max_speed,19,20,0.8723257576875609
-9.633425776113882,-0.1260140889061317,36.34912092903372,-55.94360237356029,eval_high,eval_low,741.2892391681135,731.6558133919996,action_mean_jerk,19,20,0.9870044980191609
3.273534924041577,0.9612852255487384,5.265574140714885,1.1498281936392445,eval_high,eval_low,60.2795186072147,63.553053531256275,action_mean_speed,19,20,1.0543059234568393
-124.81376773595184,-0.2652603700564505,163.46431520382853,-408.04651195375993,eval_high,eval_low,2591.2506364014616,2466.43686866551,action_p95_jerk,19,20,0.9518326147296958
3.208003990232612,0.30485377933729374,9.308695070326943,-3.153873213822431,eval_high,eval_low,144.06114557365225,147.26914956388487,action_p95_speed,19,20,1.0222683498540543
-42.01002083097029,-0.4822900555836276,-4.052353071379052,-104.59156600303474,eval_high,eval_low,510.56206458506034,468.55204375409005,action_path_len,19,20,0.9177180919928128
-1.6864207833214442,-0.5757499172462686,0.03863602337853937,-3.582263084700042,eval_high,eval_low,8.314270540112995,6.627849756791551,action_speed_spikiness,19,20,0.797165515223879
-0.6507016784266426,-1.1962786782447588,-0.30104372614308333,-0.9721357836535093,eval_high,eval_low,8.047368300588507,7.396666622161865,duration_s,19,20,0.9191410591248237
-0.0021361208321862184,-0.3385206561522734,0.0008235431470645218,-0.0066347290267278446,eval_high,eval_low,0.0051844417906006775,0.003048320958414459,eef_displacement_final,19,20,0.5879755626122382
-0.0062061675988542425,-1.1157055515397551,-0.0029078212602031022,-0.009661491221973127,eval_high,eval_low,0.11868623880681155,0.1124800712079573,eef_displacement_max,19,20,0.9477094637226577
-0.013677899728600562,-3.0216869676540203,-0.010979427193762468,-0.016627260861284084,eval_high,eval_low,0.08265824152807547,0.0689803417994749,eef_displacement_mean,19,20,0.8345246908113612
0.0,nan,0.0,0.0,eval_high,eval_low,0.0,0.0,eef_displacement_min,19,20,1.0
-0.0062061675988542425,-1.1157055515397551,-0.0029078212602031022,-0.009661491221973127,eval_high,eval_low,0.11868623880681155,0.1124800712079573,eef_displacement_range,19,20,0.9477094637226577
-0.0025798330048860257,-0.42602513985496476,0.00019254322083803302,-0.006839733751484603,eval_high,eval_low,0.12393513078976286,0.12135529778487683,eef_height_final,19,20,0.9791840071472359
-0.02096834723666724,-3.0679836363137447,-0.01661794348399402,-0.02501458939479488,eval_high,eval_low,0.22993946705370946,0.20897111981704222,eef_height_max,19,20,0.9088092766612258
-2.0968347236667277,-3.06798363631375,-1.661794348399404,-2.5014589394794817,eval_high,eval_low,22.993946705370952,20.897111981704224,eef_height_max_cm,19,20,0.9088092727350264
-0.019632023517943686,-5.117418345740931,-0.01732498005063551,-0.02196065872519237,eval_high,eval_low,0.18489815624593248,0.1652661327279888,eef_height_mean,19,20,0.8938225082674363
-0.00014328925949921856,-0.3395105854357327,0.00012675623652717895,-0.00039479612444899006,eval_high,eval_low,0.11901822609639856,0.11887493683689934,eef_height_min,19,20,0.9987960730708262
-0.02082505797716802,-3.0423165398265106,-0.016444860207906684,-0.02490461312127606,eval_high,eval_low,0.11092124095731093,0.09009618298014291,eef_height_range,19,20,0.8122536682787437
-0.0021361208321862184,-0.3385206561522734,0.0008235431470645218,-0.0066347290267278446,eval_high,eval_low,0.0051844417906006775,0.003048320958414459,eef_pos_endpoint_delta,19,20,0.5879755626122382
-0.05455220844294428,-0.421733775203931,0.028004029750362924,-0.13293161014520993,eval_high,eval_low,0.4158596067911956,0.3613073983482513,eef_pos_max_speed,19,20,0.8688206158033009
-0.08219148572020596,-1.4198861398976297,-0.04747047017165918,-0.11780837999995972,eval_high,eval_low,0.5757524369240826,0.49356095120387666,eef_pos_mean_jerk,19,20,0.8572450952500362
-0.01126664376435417,-2.535945500412622,-0.008485127822645556,-0.01386985512391002,eval_high,eval_low,0.07420778483900471,0.06294114107465054,eef_pos_mean_speed,19,20,0.8481743893778628
-0.12526410981454528,-0.9273311121605057,-0.04297182884633354,-0.2054151691854122,eval_high,eval_low,1.480423562743472,1.3551594529289268,eef_pos_p95_jerk,19,20,0.915386304216698
0.0014696396009898083,0.1188339273149653,0.008858405347022104,-0.006293404226526842,eval_high,eval_low,0.17487122362150972,0.17634086322249953,eef_pos_p95_speed,19,20,1.0084041243980166
-0.1664852478842106,-1.3804338408135395,-0.10781486260155058,-0.25685652241147544,eval_high,eval_low,0.6312635254672159,0.4647782775830053,eef_pos_path_len,19,20,0.7362666485068075
2.0076996247080157,0.7398584229361257,3.7003035025156983,0.4288753131073183,eval_high,eval_low,6.569618466583618,8.577318091291634,eef_pos_speed_spikiness,19,20,1.3056036864034264
-2.037150998213436,-0.5986874006234639,-0.28632876285312625,-4.492850882127252,eval_high,eval_low,7.036339101556936,4.9991881033435,state_endpoint_delta,19,20,0.710481407175574
-17.119107026962723,-0.29510093030882867,18.998415963436617,-53.45423062930325,eval_high,eval_low,227.3461987338229,210.22709170686016,state_max_speed,19,20,0.9247002715613786
-15.104012037694588,-0.4781037917363948,3.7968078450109246,-34.62952640983252,eval_high,eval_low,316.40256618780234,301.29855415010775,state_mean_jerk,19,20,0.9522633074086632
0.04337455320353456,0.01716005776859036,1.576999217906363,-1.5237473908034629,eval_high,eval_low,43.83840423113753,43.881778784341066,state_mean_speed,19,20,1.0009894190711175
-58.37880132347493,-0.5694840930598679,-0.027003743088272254,-124.50084785320031,eval_high,eval_low,853.7642096774392,795.3854083539643,state_p95_jerk,19,20,0.931621868589634
7.8627634778285085,0.8045466603952747,13.590336167748642,1.823810853035558,eval_high,eval_low,113.31845453296881,121.18121801079732,state_p95_speed,19,20,1.0693864340944312
-47.611990967377494,-0.7397138837277984,-19.818807892689755,-93.62039412204432,eval_high,eval_low,371.2504795491758,323.6384885817983,state_path_len,19,20,0.8717523785453095
-0.3661781389219847,-0.2122627909591372,0.7374286244386979,-1.465107622256247,eval_high,eval_low,6.344852321054506,5.978674182132521,state_speed_spikiness,19,20,0.9422873662276193
-6.478412797711932,-1.885919203330798,-4.366656508160759,-8.609612710940725,eval_high,prompt_low,10.54607500974617,4.0676622120342385,action_endpoint_delta,19,20,0.3857038959440421
-50.78321621887426,-0.40958510117211905,24.48037193794965,-128.28947427226595,eval_high,prompt_low,376.28637050186614,325.5031542829919,action_max_speed,19,20,0.8650410426776997
-4.559276780305254,-0.07414844246250593,32.64204911368794,-40.652956726431626,eval_high,prompt_low,741.2892391681135,736.7299623878082,action_mean_jerk,19,20,0.9938495306024404
1.457435520281038,0.5343226975358091,3.0488477508409146,-0.2586649194551561,eval_high,prompt_low,60.2795186072147,61.736954127495736,action_mean_speed,19,20,1.0241779555264203
-158.74728262239296,-0.3601133254860681,111.3544774052714,-421.52346270506797,eval_high,prompt_low,2591.2506364014616,2432.5033537790687,action_p95_jerk,19,20,0.9387371949313877
-0.4263862242466985,-0.04856175367458155,4.901184719920478,-5.902501175090444,eval_high,prompt_low,144.06114557365225,143.63475934940556,action_p95_speed,19,20,0.9970402413328089
-28.046630422481314,-0.3185714945801098,11.165441567687637,-93.16852110324507,eval_high,prompt_low,510.56206458506034,482.515434162579,action_path_len,19,20,0.9450671478212432
-1.5274950650491768,-0.5275729509606205,0.2182635287774611,-3.4268138302044613,eval_high,prompt_low,8.314270540112995,6.786775475063818,action_speed_spikiness,19,20,0.8162803271985877
-0.21070171657361492,-0.346455766419664,0.18017766663902668,-0.567298114362516,eval_high,prompt_low,8.047368300588507,7.836666584014893,duration_s,19,20,0.9738173141278522
-0.0026507818266497743,-0.4204431331071924,0.00033910883608166995,-0.007166274419643915,eval_high,prompt_low,0.0051844417906006775,0.002533659963950903,eef_displacement_final,19,20,0.4887054728803542
-0.0008140462272393512,-0.18123262152443986,0.0018331026986891786,-0.0035844657232983433,eval_high,prompt_low,0.11868623880681155,0.1178721925795722,eef_displacement_max,19,20,0.9931411917098805
-0.010492767496077082,-2.307648133128905,-0.007642149044480065,-0.013233315207475168,eval_high,prompt_low,0.08265824152807547,0.07216547403199838,eef_displacement_mean,19,20,0.8730584387874072
0.0,nan,0.0,0.0,eval_high,prompt_low,0.0,0.0,eef_displacement_min,19,20,1.0
-0.0008140462272393512,-0.18123262152443986,0.0018331026986891786,-0.0035844657232983433,eval_high,prompt_low,0.11868623880681155,0.1178721925795722,eef_displacement_range,19,20,0.9931411917098805
-0.002852899596937686,-0.4693505974085657,-1.1647796291496129e-06,-0.0072060087825062515,eval_high,prompt_low,0.12393513078976286,0.12108223119282517,eef_height_final,19,20,0.9769807047560691
-0.015153674013133056,-2.212103090830464,-0.010787473103351406,-0.01920035177248919,eval_high,prompt_low,0.22993946705370946,0.2147857930405764,eef_height_max,19,20,0.9340971189144983
-1.5153674013133127,-2.212103090830474,-1.0787473103351388,-1.9200351772489148,eval_high,prompt_low,22.993946705370952,21.47857930405764,eef_height_max_cm,19,20,0.934097116077062
-0.016421373633238312,-4.07678439864799,-0.013792643494160834,-0.018790566379746774,eval_high,prompt_low,0.18489815624593248,0.16847678261269416,eef_height_mean,19,20,0.9111869308027842
-0.0003101418211769874,-0.9188439355589458,-8.347803391815128e-05,-0.0004975356617507451,eval_high,prompt_low,0.11901822609639856,0.11870808427522157,eef_height_min,19,20,0.9973941655384155
-0.014843532191956083,-2.1391133006868657,-0.01042723510430224,-0.018959597585805454,eval_high,prompt_low,0.11092124095731093,0.09607770876535485,eef_height_range,19,20,0.8661795457241214
-0.0026507818266497743,-0.4204431331071924,0.00033910883608166995,-0.007166274419643915,eval_high,prompt_low,0.0051844417906006775,0.002533659963950903,eef_pos_endpoint_delta,19,20,0.4887054728803542
-0.09411818355735596,-0.7317090895121973,-0.013474279274735228,-0.1762734589900536,eval_high,prompt_low,0.4158596067911956,0.32174142323383964,eef_pos_max_speed,19,20,0.7736779919060691
-0.09230197187032435,-1.737160385533358,-0.05997201135850719,-0.12453291219131828,eval_high,prompt_low,0.5757524369240826,0.48345046505375827,eef_pos_mean_jerk,19,20,0.8396846207715811
-0.008272431908645225,-2.5381023856216665,-0.006218875305330844,-0.010264038086871489,eval_high,prompt_low,0.07420778483900471,0.06593535293035949,eef_pos_mean_speed,19,20,0.8885234101539814
-0.10671076842592453,-0.7666365235621783,-0.022830127049897096,-0.18820051510695396,eval_high,prompt_low,1.480423562743472,1.3737127943175476,eef_pos_p95_jerk,19,20,0.9279187589345314
-0.0030219937212601355,-0.31579158976299804,0.002861527025843484,-0.008894026116658658,eval_high,prompt_low,0.17487122362150972,0.1718492299002496,eef_pos_p95_speed,19,20,0.9827187487691605
-0.11424314674534708,-0.9316857406884499,-0.05201644951421698,-0.20260366740416372,eval_high,prompt_low,0.6312635254672159,0.5170203787218688,eef_pos_path_len,19,20,0.8190246381635325
-0.012105403220064481,-0.004983437047988824,1.4652725028775755,-1.5128612523572087,eval_high,prompt_low,6.569618466583618,6.557513063363554,eef_pos_speed_spikiness,19,20,0.9981573658709083
-3.0214960831697866,-0.9508361099794036,-1.5042987056966879,-5.335619516551456,eval_high,prompt_low,7.036339101556936,4.0148430183871495,state_endpoint_delta,19,20,0.5705869152600836
7.502471814899536,0.09435904165441017,58.63020501811932,-41.527196277526365,eval_high,prompt_low,227.3461987338229,234.84867054872242,state_max_speed,19,20,1.0330002078607587
-5.751338685747726,-0.15023390772468773,18.656973377171536,-28.88563943271464,eval_high,prompt_low,316.40256618780234,310.6512275020546,state_mean_jerk,19,20,0.9818227179543411
-0.41789150762857474,-0.17352555692444258,1.0193088384283315,-1.879652730768203,eval_high,prompt_low,43.83840423113753,43.420512723508956,state_mean_speed,19,20,0.9904674562210357
26.59085624207364,0.23210362553634595,94.85351891217903,-47.18468925551284,eval_high,prompt_low,853.7642096774392,880.3550659195129,state_p95_jerk,19,20,1.0311454332945258
5.007185209514304,0.6605932730766625,9.524727448249216,0.36253078860174404,eval_high,prompt_low,113.31845453296881,118.32563974248312,state_p95_speed,19,20,1.0441868469677695
-32.170036964099154,-0.4988285325578504,-4.0425584757154756,-78.35358544194433,eval_high,prompt_low,371.2504795491758,339.08044258507664,state_path_len,19,20,0.9133468137137547
0.3733512480497696,0.15878043720426663,1.835106142874993,-1.0691814877975006,eval_high,prompt_low,6.344852321054506,6.718203569104276,state_speed_spikiness,19,20,1.0588431737366721
-4.225073068518595,-1.2335104137979291,-2.063077636402391,-6.419352839903397,eval_high,prompt_high,10.54607500974617,6.321001941227575,action_endpoint_delta,19,20,0.5993700916589642
-46.88611522222641,-0.3461600109838689,36.76404633571673,-131.40634817803098,eval_high,prompt_high,376.28637050186614,329.40025527963974,action_max_speed,19,20,0.8753977850474712
55.88543134210681,0.9920676862554306,90.41960335649173,21.861958862894785,eval_high,prompt_high,741.2892391681135,797.1746705102203,action_mean_jerk,19,20,1.0753895084246312
3.4352585187859503,1.1279347026547928,5.209665109845159,1.5008821881834145,eval_high,prompt_high,60.2795186072147,63.71477712600065,action_mean_speed,19,20,1.0569888180527856
-44.490590970603535,-0.1093443952639954,199.5799729077249,-303.42606063240214,eval_high,prompt_high,2591.2506364014616,2546.760045430858,action_p95_jerk,19,20,0.9828304563265956
2.8882728344498787,0.28714024644826797,9.002858887473286,-3.319185972592743,eval_high,prompt_high,144.06114557365225,146.94941840810213,action_p95_speed,19,20,1.0200489370173218
-23.693386774378837,-0.26288621641053106,19.060928661994545,-90.41936875115594,eval_high,prompt_high,510.56206458506034,486.8686778106815,action_path_len,19,20,0.9535935228694074
-1.7514224322006529,-0.596005269346297,-0.0028921236840828,-3.7181117764699176,eval_high,prompt_high,8.314270540112995,6.562848107912342,action_speed_spikiness,19,20,0.7893474332301045
-0.3640349990443177,-0.4565066032149488,0.12764052027150286,-0.8184296680124172,eval_high,prompt_high,8.047368300588507,7.68333330154419,duration_s,19,20,0.9547634723558842
-0.0027635367142077316,-0.4441962645954837,7.543987292595718e-05,-0.007283857851263991,eval_high,prompt_high,0.0051844417906006775,0.002420905076392946,eef_displacement_final,19,20,0.46695681128369704
-0.003075024488399372,-0.6515879542884976,-0.00023385645318749494,-0.0059592979171741054,eval_high,prompt_high,0.11868623880681155,0.11561121431841218,eef_displacement_max,19,20,0.9740911477166604
-0.010442167085712273,-2.2207753697835986,-0.007513038607283544,-0.013311857365974617,eval_high,prompt_high,0.08265824152807547,0.07221607444236319,eef_displacement_mean,19,20,0.8736706028415624
0.0,nan,0.0,0.0,eval_high,prompt_high,0.0,0.0,eef_displacement_min,19,20,1.0
-0.003075024488399372,-0.6515879542884976,-0.00023385645318749494,-0.0059592979171741054,eval_high,prompt_high,0.11868623880681155,0.11561121431841218,eef_displacement_range,19,20,0.9740911477166604
-0.002696132189846878,-0.4500212092555937,4.0672703867621636e-06,-0.006963411299077458,eval_high,prompt_high,0.12393513078976286,0.12123899859991598,eef_height_final,19,20,0.9782456196631071
-0.013974431778008528,-2.2230449839359903,-0.010063128923091382,-0.017680939408683392,eval_high,prompt_high,0.22993946705370946,0.21596503527570093,eef_height_max,19,20,0.9392256085946287
-1.3974431778008558,-2.223044983935995,-1.00631289230913,-1.7680939408683358,eval_high,prompt_high,22.993946705370952,21.596503527570096,eef_height_max_cm,19,20,0.9392256059779988
-0.015327343961065776,-3.8178306324632096,-0.012872483899640347,-0.017711023851104724,eval_high,prompt_high,0.18489815624593248,0.1695708122848667,eef_height_mean,19,20,0.9171038616971521
0.00028509385701877554,0.7621245806260872,0.0005279071565098913,6.174972120496295e-05,eval_high,prompt_high,0.11901822609639856,0.11930331995341734,eef_height_min,19,20,1.0023953796188667
-0.014259525635027331,-2.231229173703086,-0.01027823307999709,-0.018056591185599366,eval_high,prompt_high,0.11092124095731093,0.0966617153222836,eef_height_range,19,20,0.8714446013549266
-0.0027635367142077316,-0.4441962645954837,7.543987292595718e-05,-0.007283857851263991,eval_high,prompt_high,0.0051844417906006775,0.002420905076392946,eef_pos_endpoint_delta,19,20,0.46695681128369704
-0.05932385791604311,-0.4906704131265299,0.014301638357688754,-0.13170709333957953,eval_high,prompt_high,0.4158596067911956,0.3565357488751525,eef_pos_max_speed,19,20,0.8573464324961618
-0.0432743116346509,-0.7093118666608534,-0.0067225839471862945,-0.08188718465705933,eval_high,prompt_high,0.5757524369240826,0.5324781252894317,eef_pos_mean_jerk,19,20,0.9248386839416126
-0.006746927077094539,-1.7978917399176184,-0.004385290255690161,-0.009026792657871,eval_high,prompt_high,0.07420778483900471,0.06746085776191017,eef_pos_mean_speed,19,20,0.909080614890496
-0.08037960433963365,-0.5242442969560811,0.013519822834667933,-0.17273067425366753,eval_high,prompt_high,1.480423562743472,1.4000439584038384,eef_pos_p95_jerk,19,20,0.9457049956380545
-0.0033574495196050658,-0.36590268121591346,0.002220787491635448,-0.008969700757151375,eval_high,prompt_high,0.17487122362150972,0.17151377410190466,eef_pos_p95_speed,19,20,0.980800446991345
-0.11448700647973364,-0.9235150642080544,-0.05112635267311181,-0.20422558968705246,eval_high,prompt_high,0.6312635254672159,0.5167765189874822,eef_pos_path_len,19,20,0.8186383339962785
0.32497480061246087,0.16114385609169465,1.5754188861761413,-0.9638893335515218,eval_high,prompt_high,6.569618466583618,6.894593267196079,eef_pos_speed_spikiness,19,20,1.0494663125066979
-1.5436191065346287,-0.48640803154112827,-0.06487349615314253,-3.8424471832273372,eval_high,prompt_high,7.036339101556936,5.492719995022307,state_endpoint_delta,19,20,0.7806218429695508
17.968712044420244,0.20545682140397667,73.26080978186886,-34.71190427586034,eval_high,prompt_high,227.3461987338229,245.31491077824313,state_max_speed,19,20,1.0790367824212783
11.02287582381797,0.30196917844949245,33.7970939415261,-12.395259066532821,eval_high,prompt_high,316.40256618780234,327.4254420116203,state_mean_jerk,19,20,1.0348381366064108
0.5553839423673068,0.1962142061569287,2.2233692637666684,-1.1897938737919516,eval_high,prompt_high,43.83840423113753,44.39378817350484,state_mean_speed,19,20,1.0126688904849812
-10.396127766438553,-0.08506089122380965,64.96412070547078,-84.93273303975931,eval_high,prompt_high,853.7642096774392,843.3680819110007,state_p95_jerk,19,20,0.9878231862515711
3.7032470013116523,0.4577288935306327,8.361140548533797,-1.400730814442797,eval_high,prompt_high,113.31845453296881,117.02170153428047,state_p95_speed,19,20,1.0326799991779576
-32.69081036311064,-0.4998626455811639,-3.0476638710554877,-80.08929966976939,eval_high,prompt_high,371.2504795491758,338.55966918606515,state_path_len,19,20,0.9119440588954179
0.49753263024275096,0.19783924451436494,2.0640430314408564,-1.0494349648752423,eval_high,prompt_high,6.344852321054506,6.842384951297257,state_speed_spikiness,19,20,1.0784151630775718
-4.076952392306366,-1.0299786531286335,-1.621128165533573,-6.489553321796365,eval_high,dataset_high,10.54607500974617,6.469122617439804,action_endpoint_delta,19,20,0.6134151914648058
-118.29215513330394,-1.0611713625651722,-56.536044013178596,-193.0492683736739,eval_high,dataset_high,376.28637050186614,257.9942153685622,action_max_speed,19,20,0.6856326340696584
-475.22349249818234,-12.636139734616627,-452.7635303751647,-499.25122142248887,eval_high,dataset_high,741.2892391681135,266.0657466699311,action_mean_jerk,19,20,0.35892298527754846
-12.859367548230331,-4.83118067911512,-11.29349917071487,-14.559686447684298,eval_high,dataset_high,60.2795186072147,47.420151058984366,action_mean_speed,19,20,0.7866710311691517
-1673.807283652934,-4.73660992435332,-1459.9709579864168,-1904.9976234930452,eval_high,dataset_high,2591.2506364014616,917.4433527485274,action_p95_jerk,19,20,0.35405427011455165
-27.198930154169815,-3.0436650947528197,-21.936412482192395,-32.560623490451185,eval_high,dataset_high,144.06114557365225,116.86221541948244,action_p95_speed,19,20,0.811198709798013
-59.085237226874085,-0.6707655255248838,-19.127814815089636,-123.31025260930265,eval_high,dataset_high,510.56206458506034,451.47682735818626,action_path_len,19,20,0.8842741336966817
-1.6667213024278134,-0.6252922155421377,-0.22733922552728258,-3.5765552390058524,eval_high,dataset_high,8.314270540112995,6.6475492376851815,action_speed_spikiness,19,20,0.7995348729173647
1.487631785242181,2.6710146042129312,1.854243511337983,1.1639455405661925,eval_high,dataset_high,8.047368300588507,9.535000085830688,duration_s,19,20,1.1848594133916792
-0.002987235142463303,-0.4809142247174437,-0.0001786378999621734,-0.007533996694810674,eval_high,dataset_high,0.0051844417906006775,0.0021972066481373747,eef_displacement_final,19,20,0.42380886868711765
-0.00579756684349482,-0.7712009505034376,-0.00130236732904496,-0.01007622353893672,eval_high,dataset_high,0.11868623880681155,0.11288867196331673,eef_displacement_max,19,20,0.9511521604079706
-0.018817572848684058,-3.5248663542626426,-0.015512906544320523,-0.02190727002211888,eval_high,dataset_high,0.08265824152807547,0.06384066867939141,eef_displacement_mean,19,20,0.7723448959927185
0.0,nan,0.0,0.0,eval_high,dataset_high,0.0,0.0,eef_displacement_min,19,20,1.0
-0.00579756684349482,-0.7712009505034376,-0.00130236732904496,-0.01007622353893672,eval_high,dataset_high,0.11868623880681155,0.11288867196331673,eef_displacement_range,19,20,0.9511521604079706
-0.0034493319472260753,-0.5886011711921263,-0.001046970458761465,-0.007549306031344376,eval_high,dataset_high,0.12393513078976286,0.12048579884253678,eef_height_final,19,20,0.9721682492532336
-0.006069452701724071,-0.9165219217507677,-0.0021119941727753616,-0.0100510891964652,eval_high,dataset_high,0.22993946705370946,0.2238700143519854,eef_height_max,19,20,0.9736041293148354
-0.6069452701724174,-0.9165219217507834,-0.21119941727753094,-1.0051089196465284,eval_high,dataset_high,22.993946705370952,22.387001435198535,eef_height_max_cm,19,20,0.9736041281783658
-0.015206250142217048,-4.525600109699276,-0.013225898013168416,-0.017316588571117217,eval_high,dataset_high,0.18489815624593248,0.16969190610371543,eef_height_mean,19,20,0.917758783383545
0.0007532453602645539,1.747075728135096,0.0010381180011914543,0.0004971626640925271,eval_high,dataset_high,0.11901822609639856,0.11977147145666311,eef_height_min,19,20,1.0063288230860223
-0.006822698061988694,-1.0130391364406341,-0.0027608031925316283,-0.0108965392903874,eval_high,dataset_high,0.11092124095731093,0.10409854289532224,eef_height_range,19,20,0.9384906138083994
-0.002987235142463303,-0.4809142247174437,-0.0001786378999621734,-0.007533996694810674,eval_high,dataset_high,0.0051844417906006775,0.0021972066481373747,eef_pos_endpoint_delta,19,20,0.42380886868711765
-0.21566882286327968,-2.1203271397982064,-0.1532456195394282,-0.28099867560857034,eval_high,dataset_high,0.4158596067911956,0.20019078392791592,eef_pos_max_speed,19,20,0.4813903198213938
-0.28175527963322755,-6.78089267265017,-0.25745563131774896,-0.3080813989881726,eval_high,dataset_high,0.5757524369240826,0.29399715729085507,eef_pos_mean_jerk,19,20,0.5106312076683555
-0.014779223984598334,-3.18413666404007,-0.011985913332971046,-0.01749469045382828,eval_high,dataset_high,0.07420778483900471,0.05942856085440638,eef_pos_mean_speed,19,20,0.8008400058691658
-0.5554345268923111,-5.552699908726175,-0.4937265943699814,-0.6181810124374962,eval_high,dataset_high,1.480423562743472,0.924989035851161,eef_pos_p95_jerk,19,20,0.6248137782195685
-0.017627369712896135,-1.3926459368202455,-0.010166058600685033,-0.025076964568746137,eval_high,dataset_high,0.17487122362150972,0.1572438539086136,eef_pos_p95_speed,19,20,0.8991980021651319
-0.06479670738785615,-0.5196378785190207,-0.0006349238941398852,-0.15445385931599054,eval_high,dataset_high,0.6312635254672159,0.5664668180793597,eef_pos_path_len,19,20,0.8973539516425604
-1.953034137513277,-1.1074762652071162,-0.8338880856823578,-3.0973009840699763,eval_high,dataset_high,6.569618466583618,4.616584329070341,eef_pos_speed_spikiness,19,20,0.7027172666914276
-2.274032778065033,-0.6660660427505739,-0.511256055614326,-4.732565420769185,eval_high,dataset_high,7.036339101556936,4.762306323491903,state_endpoint_delta,19,20,0.6768159206070646
-73.57015906099247,-1.4560391310915433,-41.948828564338804,-107.08975875101659,eval_high,dataset_high,227.3461987338229,153.77603967283042,state_max_speed,19,20,0.6763959130722373
-142.48599421227036,-5.728725725080746,-126.58972482532675,-158.24227424780085,eval_high,dataset_high,316.40256618780234,173.91657197553198,state_mean_jerk,19,20,0.5496686517921799
-7.3633593550584635,-3.064640632753874,-5.875871774916575,-8.843995765311382,eval_high,dataset_high,43.83840423113753,36.47504487607907,state_mean_speed,19,20,0.8320340468016224
-325.0697052456709,-3.5218008176944675,-271.8699462161328,-386.5380908793854,eval_high,dataset_high,853.7642096774392,528.6945044317683,state_p95_jerk,19,20,0.6192511918897631
-12.242468541247845,-1.3344737476167279,-6.943250298175096,-17.864434325392686,eval_high,dataset_high,113.31845453296881,101.07598599172097,state_p95_speed,19,20,0.8919640354201471
-23.767637609799976,-0.35879465679326444,7.479848270834907,-71.21722450747681,eval_high,dataset_high,371.2504795491758,347.4828419393758,state_path_len,19,20,0.9359795100116187
-1.5996102725237478,-1.085943205177455,-0.6902702052546108,-2.537579502850942,eval_high,dataset_high,6.344852321054506,4.745242048530758,state_speed_spikiness,19,20,0.7478884946313802
-5.626595550715511,-1.6326398499524195,-3.4938077497050273,-7.801178161038275,eval_high,dataset_low,10.54607500974617,4.919479459030659,action_endpoint_delta,19,20,0.4664749169543707
-114.08529620693548,-1.0334767092916293,-51.754465102243856,-188.19811534346024,eval_high,dataset_low,376.28637050186614,262.20107429493066,action_max_speed,19,20,0.6968125737540158
-436.6092958110395,-12.165664637268488,-414.4469776712527,-458.71841532195214,eval_high,dataset_low,741.2892391681135,304.67994335707397,action_mean_jerk,19,20,0.41101357913259406
-7.804036956791961,-3.184883123038854,-6.2799986108330135,-9.300663202279418,eval_high,dataset_low,60.2795186072147,52.475481650422736,action_mean_speed,19,20,0.8705358447477171
-1543.9646159709605,-4.39619503009083,-1330.8162424735115,-1764.0607902114746,eval_high,dataset_low,2591.2506364014616,1047.2860204305011,action_p95_jerk,19,20,0.40416237847638437
-16.007987861306418,-2.1695830254367396,-11.464744634922562,-20.558308782841205,eval_high,dataset_low,144.06114557365225,128.05315771234584,action_p95_speed,19,20,0.8888806013831743
-106.94540411157271,-1.217040338654394,-67.16367334502215,-169.9592395901619,eval_high,dataset_low,510.56206458506034,403.6166604734876,action_path_len,19,20,0.7905339790640462
-2.1241086518043915,-0.7876512202115066,-0.6533580434364209,-3.9181337175830437,eval_high,dataset_low,8.314270540112995,6.190161888308603,action_speed_spikiness,19,20,0.7445225484302379
-0.3523683435038514,-0.7052375137113984,-0.021138124654167593,-0.6504012043538854,eval_high,dataset_low,8.047368300588507,7.694999957084656,duration_s,19,20,0.9562132202846717
-0.0031154461402027813,-0.4949159161952435,-0.00024751290147661555,-0.007678543649791444,eval_high,dataset_low,0.0051844417906006775,0.0020689956503978963,eef_displacement_final,19,20,0.3990789641730237
-0.01732982214750746,-1.5961201857826095,-0.010723042011967453,-0.023618628822657178,eval_high,dataset_low,0.11868623880681155,0.10135641665930409,eef_displacement_max,19,20,0.853986267813421
-0.02361747334055983,-3.5954494665479038,-0.019345611006377262,-0.027548260288486774,eval_high,dataset_low,0.08265824152807547,0.059040768187515635,eef_displacement_mean,19,20,0.7142756723744879
0.0,nan,0.0,0.0,eval_high,dataset_low,0.0,0.0,eef_displacement_min,19,20,1.0
-0.01732982214750746,-1.5961201857826095,-0.010723042011967453,-0.023618628822657178,eval_high,dataset_low,0.11868623880681155,0.10135641665930409,eef_displacement_range,19,20,0.853986267813421
-0.003597268325017361,-0.6127022406435637,-0.0011757454239747288,-0.007770097522185414,eval_high,dataset_low,0.12393513078976286,0.1203378624647455,eef_height_final,19,20,0.9709745895950562
-0.024714787653805553,-4.6411465143952455,-0.02147413555465946,-0.027893180675748346,eval_high,dataset_low,0.22993946705370946,0.2052246793999039,eef_height_max,19,20,0.8925161178476863
-2.4714787653805566,-4.641146514395249,-2.1474135554659393,-2.7893180675748335,eval_high,dataset_low,22.993946705370952,20.522467939990396,eef_height_max_cm,19,20,0.8925161132199881
-0.02415358192674924,-8.155559609973235,-0.02232115655266609,-0.02601726471933574,eval_high,dataset_low,0.18489815624593248,0.16074457431918324,eef_height_mean,19,20,0.8693681910580842
0.0006614793372590466,1.3242256358692763,0.000988395105124687,0.00037461422860072884,eval_high,dataset_low,0.11901822609639856,0.11967970543365761,eef_height_min,19,20,1.0055577981908863
-0.025376266991064586,-4.70926678632204,-0.022096555936164632,-0.028629542442302536,eval_high,dataset_low,0.11092124095731093,0.08554497396624634,eef_height_range,19,20,0.7712226757987892
-0.0031154461402027813,-0.4949159161952435,-0.00024751290147661555,-0.007678543649791444,eval_high,dataset_low,0.0051844417906006775,0.0020689956503978963,eef_pos_endpoint_delta,19,20,0.3990789641730237
-0.21736199288768773,-2.126623337857735,-0.15395453021517105,-0.28288964392245464,eval_high,dataset_low,0.4158596067911956,0.19849761390350787,eef_pos_max_speed,19,20,0.4773188256054546
-0.2814545267429589,-7.000135283939363,-0.2573527712573469,-0.30716277295280237,eval_high,dataset_low,0.5757524369240826,0.2942979101811237,eef_pos_mean_jerk,19,20,0.5111535726046669
-0.02013489800845835,-4.432407013798616,-0.017256018631736786,-0.022862127506975628,eval_high,dataset_low,0.07420778483900471,0.05407288683054636,eef_pos_mean_speed,19,20,0.7286686923908545
-0.5059004695038595,-5.227120979164856,-0.44496916223402716,-0.5665486224847789,eval_high,dataset_low,1.480423562743472,0.9745230932396126,eef_pos_p95_jerk,19,20,0.6582731599130502
-0.02189230660358249,-2.054091811531928,-0.015502148553654178,-0.02843792952101264,eval_high,dataset_low,0.17487122362150972,0.15297891701792724,eef_pos_p95_speed,19,20,0.8748089885900499
-0.2144579859396244,-1.7420255353515166,-0.1502948766750952,-0.30223782671139654,eval_high,dataset_low,0.6312635254672159,0.4168055395275915,eef_pos_path_len,19,20,0.6602718612902326
0.14313562626474763,0.07131571048886247,1.3769772749646048,-1.1030875968436338,eval_high,dataset_low,6.569618466583618,6.712754092848366,eef_pos_speed_spikiness,19,20,1.02178750969709
-2.9437542873838884,-0.8551381482111605,-1.1521242577352127,-5.387051020039807,eval_high,dataset_low,7.036339101556936,4.092584814173048,state_endpoint_delta,19,20,0.581635529397826
-78.62949781122177,-1.5660056878267221,-47.758335824173244,-110.90883528800656,eval_high,dataset_low,227.3461987338229,148.71670092260112,state_max_speed,19,20,0.6541420166878503
-123.98349186102382,-4.79603336650477,-108.39837667074232,-140.94794333199889,eval_high,dataset_low,316.40256618780234,192.4190743267785,state_mean_jerk,19,20,0.6081463770950762
-4.601229329852536,-1.9793845197607656,-3.143751993069612,-6.04784666536946,eval_high,dataset_low,43.83840423113753,39.237174901284995,state_mean_speed,19,20,0.8950411309557936
-269.5571918681286,-2.7269321569666416,-213.9859521171758,-334.79543514075107,eval_high,dataset_low,853.7642096774392,584.2070178093106,state_p95_jerk,19,20,0.6842720872935014
-2.484768000128625,-0.29504763472784484,2.452698116456766,-7.667961398973509,eval_high,dataset_low,113.31845453296881,110.83368653284019,state_p95_speed,19,20,0.9780726977776913
-69.12397635841921,-1.0448064999563251,-37.91187211030362,-116.43258325108526,eval_high,dataset_low,371.2504795491758,302.1265031907566,state_path_len,19,20,0.8138077116008112
-1.65177633165868,-1.0938166081306795,-0.7078827108120918,-2.632960009051438,eval_high,dataset_low,6.344852321054506,4.693075989395826,state_speed_spikiness,19,20,0.739666702158826
-0.9901718285377061,-0.5604261799265714,0.14207511409570295,-2.0671728977322967,eval_low,prompt_low,5.057834040571945,4.0676622120342385,action_endpoint_delta,20,20,0.8042300679229014
-2.74113897127404,-0.02793323724276276,53.68431100488053,-61.335287226643,eval_low,prompt_low,328.2442932542659,325.5031542829919,action_max_speed,20,20,0.9916490887198237
5.074148995808628,0.05986485270879248,56.56963659652961,-48.06587048787533,eval_low,prompt_low,731.6558133919996,736.7299623878082,action_mean_jerk,20,20,1.0069351584486361
-1.8160994037605391,-0.5171396578504694,0.19843792657386938,-3.9357689061839545,eval_low,prompt_low,63.553053531256275,61.736954127495736,action_mean_speed,20,20,0.9714238844152218
-33.93351488644112,-0.07960524705321133,215.8709781558033,-294.99626777911567,eval_low,prompt_low,2466.43686866551,2432.5033537790687,action_p95_jerk,20,20,0.9862418879163676
-3.6343902144793105,-0.3256781200828323,3.1687459158668405,-10.418878597120328,eval_low,prompt_low,147.26914956388487,143.63475934940556,action_p95_speed,20,20,0.9753214422369164
13.963390408488976,0.6755837749833065,26.3637255766278,1.1831326266758633,eval_low,prompt_low,468.55204375409005,482.515434162579,action_path_len,20,20,1.0298011514288035
0.15892571827226742,0.07714681816168042,1.3703726582695857,-1.0623320038899051,eval_low,prompt_low,6.627849756791551,6.786775475063818,action_speed_spikiness,20,20,1.0239784732400778
0.4399999618530277,0.81258207444209,0.7733333349227909,0.10666668355464937,eval_low,prompt_low,7.396666622161865,7.836666584014893,duration_s,20,20,1.05948625019003
-0.0005146609944635559,-0.2083016972135548,0.001065372948938334,-0.0020117384511239796,eval_low,prompt_low,0.003048320958414459,0.002533659963950903,eef_displacement_final,20,20,0.8311663000229973
0.005392121371614891,0.9331666900369738,0.008968279689372825,0.002027819851309609,eval_low,prompt_low,0.1124800712079573,0.1178721925795722,eef_displacement_max,20,20,1.0479384555354805
0.00318513223252348,0.6182279522597797,0.006485944466822454,0.0002882228012201952,eval_low,prompt_low,0.0689803417994749,0.07216547403199838,eef_displacement_mean,20,20,1.046174485189386
0.0,nan,0.0,0.0,eval_low,prompt_low,0.0,0.0,eef_displacement_min,20,20,1.0
0.005392121371614891,0.9331666900369738,0.008968279689372825,0.002027819851309609,eval_low,prompt_low,0.1124800712079573,0.1178721925795722,eef_displacement_range,20,20,1.0479384555354805
-0.00027306659205166006,-0.11454109902330213,0.0012510088509071681,-0.0017306700602569005,eval_low,prompt_low,0.12135529778487683,0.12108223119282517,eef_height_final,20,20,0.9977498586832665
0.005814673223534184,0.723583616515668,0.010764019561384723,0.0009822051516522254,eval_low,prompt_low,0.20897111981704222,0.2147857930405764,eef_height_max,20,20,1.027825246619593
0.581467322353415,0.7235836165156639,1.07640195613848,0.09822051516521757,eval_low,prompt_low,20.897111981704224,21.47857930405764,eef_height_max_cm,20,20,1.027825247937813
0.0032106498847053744,0.7507015973006841,0.005895674916024925,0.0006310399842148394,eval_low,prompt_low,0.1652661327279888,0.16847678261269416,eef_height_mean,20,20,1.0194271484268242
-0.00016685256167776885,-0.6141565431399613,-3.3280525901580904e-06,-0.00033024897715763465,eval_low,prompt_low,0.11887493683689934,0.11870808427522157,eef_height_min,20,20,0.9985964026389287
0.0059815257852119386,0.7497153102694671,0.01087007934606611,0.001179696465185112,eval_low,prompt_low,0.09009618298014291,0.09607770876535485,eef_height_range,20,20,1.0663904387894643
-0.0005146609944635559,-0.2083016972135548,0.001065372948938334,-0.0020117384511239796,eval_low,prompt_low,0.003048320958414459,0.002533659963950903,eef_pos_endpoint_delta,20,20,0.8311663000229973
-0.03956597511441168,-0.34582220444943107,0.027379501561375252,-0.10880962831186265,eval_low,prompt_low,0.3613073983482513,0.32174142323383964,eef_pos_max_speed,20,20,0.8904922118943228
-0.010110486150118392,-0.17583781748498023,0.023657905179729582,-0.04421989430773507,eval_low,prompt_low,0.49356095120387666,0.48345046505375827,eef_pos_mean_jerk,20,20,0.9795152231540816
0.0029942118557089448,0.6992158077839441,0.00558224878862138,0.0002572653371784864,eval_low,prompt_low,0.06294114107465054,0.06593535293035949,eef_pos_mean_speed,20,20,1.047571609425409
0.018553341388620748,0.12175216586005994,0.10500192334438828,-0.07179300503339645,eval_low,prompt_low,1.3551594529289268,1.3737127943175476,eef_pos_p95_jerk,20,20,1.0136908916597323
-0.004491633322249944,-0.33004852266267853,0.003901723098932076,-0.01302060568008336,eval_low,prompt_low,0.17634086322249953,0.1718492299002496,eef_pos_p95_speed,20,20,0.9745286884420574
0.05224210113886352,1.1533759093605067,0.08034872347740822,0.023475449704792893,eval_low,prompt_low,0.4647782775830053,0.5170203787218688,eef_pos_path_len,20,20,1.112402198068544
-2.01980502792808,-0.7209628253128805,-0.37131067403665324,-3.8313980514300403,eval_low,prompt_low,8.577318091291634,6.557513063363554,eef_pos_speed_spikiness,20,20,0.7645178826206849
-0.9843450849563506,-0.6217573477049716,0.040366540287207923,-1.9195302156320582,eval_low,prompt_low,4.9991881033435,4.0148430183871495,state_endpoint_delta,20,20,0.8030990107515654
24.62157884186226,0.36381191796016443,67.68640684100268,-13.835089502198139,eval_low,prompt_low,210.22709170686016,234.84867054872242,state_max_speed,20,20,1.1171189623601097
9.352673351946862,0.2589770074267097,31.562127329229124,-11.645011388872634,eval_low,prompt_low,301.29855415010775,310.6512275020546,state_mean_jerk,20,20,1.031041215508047
-0.4612660608321093,-0.18001294271850307,1.060470434490375,-1.9517422669292785,eval_low,prompt_low,43.881778784341066,43.420512723508956,state_mean_speed,20,20,0.9894884374903327
84.96965756554857,0.9224159141456431,140.2729927691911,31.567695439009203,eval_low,prompt_low,795.3854083539643,880.3550659195129,state_p95_jerk,20,20,1.1068282830839498
-2.855578268314204,-0.2807548428739061,3.331634200009871,-9.023937559198476,eval_low,prompt_low,121.18121801079732,118.32563974248312,state_p95_speed,20,20,0.9764354714785576
15.44195400327834,1.122845716833859,23.89446850857198,7.175289641818828,eval_low,prompt_low,323.6384885817983,339.08044258507664,state_path_len,20,20,1.0477135895377236
0.7395293869717543,0.3615407257089215,2.0163972704376794,-0.445203906035713,eval_low,prompt_low,5.978674182132521,6.718203569104276,state_speed_spikiness,20,20,1.12369454551394
1.2631679006556302,0.7226385521805068,2.282094020992968,0.23972419908967324,eval_low,prompt_high,5.057834040571945,6.321001941227575,action_endpoint_delta,20,20,1.2497448291156943
1.1559620253738103,0.010329094588765467,71.17245709060221,-64.4682425030097,eval_low,prompt_high,328.2442932542659,329.40025527963974,action_max_speed,20,20,1.00352165155372
65.5188571182207,0.8069249706355854,113.8809853220805,14.9440891297675,eval_low,prompt_high,731.6558133919996,797.1746705102203,action_mean_jerk,20,20,1.0895487412497633
0.16172359474437314,0.04303784699480722,2.43215333651778,-2.153241964618064,eval_low,prompt_high,63.553053531256275,63.71477712600065,action_mean_speed,20,20,1.0025447021934106
80.32317676534831,0.20488661866687224,312.5833440944805,-168.96525160677635,eval_low,prompt_high,2466.43686866551,2546.760045430858,action_p95_jerk,20,20,1.0325664839775455
-0.31973115578273337,-0.026283101923859457,7.168419287877891,-7.953244284590953,eval_low,prompt_high,147.26914956388487,146.94941840810213,action_p95_speed,20,20,0.9978289332374917
18.316634056591454,0.6518334804979017,34.803343542253685,1.8461639825971305,eval_low,prompt_high,468.55204375409005,486.8686778106815,action_path_len,20,20,1.0390919947962358
-0.06500164887920867,-0.030677513851300287,1.2250622777052549,-1.3033373761129945,eval_low,prompt_high,6.627849756791551,6.562848107912342,action_speed_spikiness,20,20,0.9901926490239873
0.28666667938232493,0.3857545534991484,0.7449999576807024,-0.13837507605552724,eval_low,prompt_high,7.396666622161865,7.68333330154419,duration_s,20,20,1.038756198384804
-0.0006274158820215132,-0.27813532270916297,0.0006979586091669298,-0.0020428482836300495,eval_low,prompt_high,0.003048320958414459,0.002420905076392946,eef_displacement_final,20,20,0.7941772430288037
0.0031311431104548704,0.5260406709915885,0.006762709062516701,-0.0002657801857048103,eval_low,prompt_high,0.1124800712079573,0.11561121431841218,eef_displacement_max,20,20,1.0278373119651816
0.0032357326428882893,0.6121512533476633,0.006489055993545887,0.00014439584663525319,eval_low,prompt_high,0.0689803417994749,0.07221607444236319,eef_displacement_mean,20,20,1.0469080333526644
0.0,nan,0.0,0.0,eval_low,prompt_high,0.0,0.0,eef_displacement_min,20,20,1.0
0.0031311431104548704,0.5260406709915885,0.006762709062516701,-0.0002657801857048103,eval_low,prompt_high,0.1124800712079573,0.11561121431841218,eef_displacement_range,20,20,1.0278373119651816
-0.00011629918496085245,-0.05388709510047304,0.0011418704850021516,-0.0014462140648913821,eval_low,prompt_high,0.12135529778487683,0.12123899859991598,eef_height_final,20,20,0.9990416637963045
0.0069939154586587116,0.9234553318783411,0.011420426840878267,0.0024910502465277486,eval_low,prompt_high,0.20897111981704222,0.21596503527570093,eef_height_max,20,20,1.0334683334716235
0.6993915458658719,0.9234553318783421,1.1420426840878282,0.2491050246527747,eval_low,prompt_high,20.897111981704224,21.596503527570096,eef_height_max_cm,20,20,1.0334683350571847
0.004304679556877911,1.0093914830098518,0.00685539952728091,0.0016525571421536463,eval_low,prompt_high,0.1652661327279888,0.1695708122848667,eef_height_mean,20,20,1.0260469536338304
0.0004283831165179941,1.3606061457952747,0.0006195943954082757,0.00023094639116631074,eval_low,prompt_high,0.11887493683689934,0.11930331995341734,eef_height_min,20,20,1.0036036450733876
0.00656553234214069,0.8731615996816083,0.010967758397994387,0.002097750331060148,eval_low,prompt_high,0.09009618298014291,0.0966617153222836,eef_height_range,20,20,1.0728724724649323
-0.0006274158820215132,-0.27813532270916297,0.0006979586091669298,-0.0020428482836300495,eval_low,prompt_high,0.003048320958414459,0.002420905076392946,eef_pos_endpoint_delta,20,20,0.7941772430288037
-0.004771649473098827,-0.04506121888152686,0.05579104545946064,-0.06798081382732524,eval_low,prompt_high,0.3613073983482513,0.3565357488751525,eef_pos_max_speed,20,20,0.9867933804764402
0.03891717408555506,0.6018427132984822,0.07816250274885883,0.00037106196140887043,eval_low,prompt_high,0.49356095120387666,0.5324781252894317,eef_pos_mean_jerk,20,20,1.0788497817789917
0.004519716687259631,0.9701061493551975,0.007276312587265264,0.0016622598018685387,eval_low,prompt_high,0.06294114107465054,0.06746085776191017,eef_pos_mean_speed,20,20,1.0718086118555263
0.04488450547491163,0.2719204199383193,0.14664836742319423,-0.05613113289542099,eval_low,prompt_high,1.3551594529289268,1.4000439584038384,eef_pos_p95_jerk,20,20,1.0331211984292255
-0.004827089120594874,-0.3617875799773317,0.003395591123049302,-0.013261939519150836,eval_low,prompt_high,0.17634086322249953,0.17151377410190466,eef_pos_p95_speed,20,20,0.9726263739518617
0.05199824140447695,1.0668675721309868,0.08201083889899322,0.023858380479672793,eval_low,prompt_high,0.4647782775830053,0.5167765189874822,eef_pos_path_len,20,20,1.1118775183644751
-1.6827248240955548,-0.6833803438395292,-0.2777555332622854,-3.225091845052429,eval_low,prompt_high,8.577318091291634,6.894593267196079,eef_pos_speed_spikiness,20,20,0.8038169035794348
0.4935318916788072,0.31337253028619766,1.4392030203451955,-0.47664131647001085,eval_low,prompt_high,4.9991881033435,5.492719995022307,state_endpoint_delta,20,20,1.0987224086170122
35.08781907138297,0.4578849883669124,83.76306954140139,-9.608028222563162,eval_low,prompt_high,210.22709170686016,245.31491077824313,state_max_speed,20,20,1.1669043641560728
26.126887861512557,0.7623119258397313,46.893243073774286,6.122804187744676,eval_low,prompt_high,301.29855415010775,327.4254420116203,state_mean_jerk,20,20,1.0867142822319318
0.5120093891637723,0.17339027398069107,2.2760480661614744,-1.2947616309806618,eval_low,prompt_high,43.881778784341066,44.39378817350484,state_mean_speed,20,20,1.0116679269444246
47.98267355703638,0.47393034813116175,111.95033856691788,-10.00892698402505,eval_low,prompt_high,795.3854083539643,843.3680819110007,state_p95_jerk,20,20,1.0603263186028675
-4.159516476516856,-0.39437377919528255,2.334198653504361,-10.468137896889168,eval_low,prompt_high,121.18121801079732,117.02170153428047,state_p95_speed,20,20,0.9656752379250472
14.921180604266851,0.8557586025570498,25.527881415783252,4.851568329245977,eval_low,prompt_high,323.6384885817983,338.55966918606515,state_path_len,20,20,1.0461044688139265
0.8637107691647357,0.3878736862552369,2.3236211839811043,-0.4384443071299695,eval_low,prompt_high,5.978674182132521,6.842384951297257,state_speed_spikiness,20,20,1.144465267952101
1.4112885768678591,0.5377492146813367,3.0722054825149474,-0.09320416115455242,eval_low,dataset_high,5.057834040571945,6.469122617439804,action_endpoint_delta,20,20,1.2790302257363049
-70.25007788570372,-0.8543676124407589,-24.63755787241925,-124.29251996782531,eval_low,dataset_high,328.2442932542659,257.9942153685622,action_max_speed,20,20,0.7859823328926967
-465.59006672206846,-6.664840315181747,-424.19820376307325,-508.50364262686827,eval_low,dataset_high,731.6558133919996,266.0657466699311,action_mean_jerk,20,20,0.3636487837673265
-16.13290247227191,-4.659672024317012,-14.051746778578538,-18.24140420501502,eval_low,dataset_high,63.553053531256275,47.420151058984366,action_mean_speed,20,20,0.7461506320573719
-1548.9935159169822,-4.5860462051299615,-1354.1878701694116,-1753.202008397248,eval_low,dataset_high,2466.43686866551,917.4433527485274,action_p95_jerk,20,20,0.37197114769501466
-30.406934144402427,-2.695806119844333,-23.433303762344963,-37.422378379959945,eval_low,dataset_high,147.26914956388487,116.86221541948244,action_p95_speed,20,20,0.79352814739283
-17.075216395903794,-0.8183689727850305,-3.7613404836358177,-29.6599234769894,eval_low,dataset_high,468.55204375409005,451.47682735818626,action_path_len,20,20,0.963557481771436
0.019699480893630827,0.011374577738358675,1.0050187281869383,-1.085207457789888,eval_low,dataset_high,6.627849756791551,6.6475492376851815,action_speed_spikiness,20,20,1.0029722280357551
2.1383334636688236,4.4100169847523425,2.431666732430457,1.844958321452141,eval_low,dataset_high,7.396666622161865,9.535000085830688,duration_s,20,20,1.289094205539968
-0.0008511143102770844,-0.3818041884403607,0.0005236289049831364,-0.002181501568046639,eval_low,dataset_high,0.003048320958414459,0.0021972066481373747,eef_displacement_final,20,20,0.7207933384241919
0.00040860075535942286,0.04927157160442174,0.005579189524117423,-0.00435428297324846,eval_low,dataset_high,0.1124800712079573,0.11288867196331673,eef_displacement_max,20,20,1.0036326498965091
-0.005139673120083496,-0.8793468806620441,-0.0012974294050043461,-0.008502224973436784,eval_low,dataset_high,0.0689803417994749,0.06384066867939141,eef_displacement_mean,20,20,0.9254907667762485
0.0,nan,0.0,0.0,eval_low,dataset_high,0.0,0.0,eef_displacement_min,20,20,1.0
0.00040860075535942286,0.04927157160442174,0.005579189524117423,-0.00435428297324846,eval_low,dataset_high,0.1124800712079573,0.11288867196331673,eef_displacement_range,20,20,1.0036326498965091
-0.0008694989423400495,-0.4901188784864954,0.0001410970308413081,-0.0019917156298658424,eval_low,dataset_high,0.12135529778487683,0.12048579884253678,eef_height_final,20,20,0.9928350975477612
0.014898894534943169,1.898536446656067,0.019447124628273353,0.010045062557951692,eval_low,dataset_high,0.20897111981704222,0.2238700143519854,eef_height_max,20,20,1.0712964252429864
1.4898894534943103,1.8985364466560586,1.9447124628273376,1.0045062557951705,eval_low,dataset_high,20.897111981704224,22.387001435198535,eef_height_max_cm,20,20,1.0712964286206519
0.004425773375726638,1.2051482784988583,0.006565932561601506,0.0022181848898021952,eval_low,dataset_high,0.1652661327279888,0.16969190610371543,eef_height_mean,20,20,1.0267796736988712
0.0008965346197637725,2.3636225582222408,0.0011227959426986275,0.0006682716008133704,eval_low,dataset_high,0.11887493683689934,0.11977147145666311,eef_height_min,20,20,1.0075418298272205
0.014002359915179327,1.7937635951661364,0.01854971659194963,0.009182425664421389,eval_low,dataset_high,0.09009618298014291,0.10409854289532224,eef_height_range,20,20,1.155415666878016
-0.0008511143102770844,-0.3818041884403607,0.0005236289049831364,-0.002181501568046639,eval_low,dataset_high,0.003048320958414459,0.0021972066481373747,eef_pos_endpoint_delta,20,20,0.7207933384241919
-0.1611166144203354,-1.9183438379016848,-0.11402504926548161,-0.21375382651300062,eval_low,dataset_high,0.3613073983482513,0.20019078392791592,eef_pos_max_speed,20,20,0.5540733162464224
-0.1995637939130216,-4.218156596975609,-0.17173769581537202,-0.2270137038022206,eval_low,dataset_high,0.49356095120387666,0.29399715729085507,eef_pos_mean_jerk,20,20,0.5956653592977602
-0.0035125802202441644,-0.6525975793235249,-0.0003432767013934979,-0.0067773888371648406,eval_low,dataset_high,0.06294114107465054,0.05942856085440638,eef_pos_mean_speed,20,20,0.94419262818886
-0.4301704170777658,-3.6227914531786585,-0.35977582286114856,-0.5064628666276566,eval_low,dataset_high,1.3551594529289268,0.924989035851161,eef_pos_p95_jerk,20,20,0.6825684143856902
-0.019097009313885943,-1.2029185387201042,-0.009404612539517243,-0.028418462661009985,eval_low,dataset_high,0.17634086322249953,0.1572438539086136,eef_pos_p95_speed,20,20,0.8917040107327237
0.10168854049635445,2.01311637101758,0.13252781707575167,0.07127205834240005,eval_low,dataset_high,0.4647782775830053,0.5664668180793597,eef_pos_path_len,20,20,1.2187893522848652
-3.9607337622212926,-1.7484801559996874,-2.625510001559594,-5.433291078742824,eval_low,dataset_high,8.577318091291634,4.616584329070341,eef_pos_speed_spikiness,20,20,0.5382316808764668
-0.23688177985159697,-0.1180913036410393,0.9826652309804415,-1.4262804897933572,eval_low,dataset_high,4.9991881033435,4.762306323491903,state_endpoint_delta,20,20,0.9526159499340847
-56.45105203402974,-1.8707851885359694,-38.788771996042826,-74.17307386024744,eval_low,dataset_high,210.22709170686016,153.77603967283042,state_max_speed,20,20,0.7314758456057623
-127.38198217457577,-5.816746617139304,-114.37939512088971,-140.08855002234316,eval_low,dataset_high,301.29855415010775,173.91657197553198,state_mean_jerk,20,20,0.5772233871826482
-7.406733908261998,-2.896288952978027,-5.854296705259493,-8.89190871794853,eval_low,dataset_high,43.881778784341066,36.47504487607907,state_mean_speed,20,20,0.831211630162605
-266.69090392219596,-4.21608550802139,-229.64871365089192,-305.38031208476394,eval_low,dataset_high,795.3854083539643,528.6945044317683,state_p95_jerk,20,20,0.6647022926020796
-20.105232019076354,-1.7670437211305448,-13.29054767748647,-27.069175798466198,eval_low,dataset_high,121.18121801079732,101.07598599172097,state_p95_speed,20,20,0.8340895367496153
23.844353357577518,1.174542236280305,36.53755570525084,12.10086313254286,eval_low,dataset_high,323.6384885817983,347.4828419393758,state_path_len,20,20,1.0736758889875182
-1.233432133601763,-1.290660630159962,-0.664022036242098,-1.809537330356542,eval_low,dataset_high,5.978674182132521,4.745242048530758,state_speed_spikiness,20,20,0.7936947065580416
-0.13835458154128588,-0.07738504782361669,0.9458965583542673,-1.2188064639414213,eval_low,dataset_low,5.057834040571945,4.919479459030659,action_endpoint_delta,20,20,0.9726454881362427
-66.04321895933526,-0.8174782372714284,-21.4233553950562,-116.30043526954495,eval_low,dataset_low,328.2442932542659,262.20107429493066,action_max_speed,20,20,0.7987985768082658
-426.9758700349256,-6.190638055172888,-386.96009779863306,-468.5737494959336,eval_low,dataset_low,731.6558133919996,304.67994335707397,action_mean_jerk,20,20,0.4164252340870436
-11.077571880833538,-3.3499542080261406,-9.070593351648283,-13.07008938683181,eval_low,dataset_low,63.553053531256275,52.475481650422736,action_mean_speed,20,20,0.8256956784359324
-1419.1508482350087,-4.229335505190237,-1220.3319387199333,-1617.3175979484367,eval_low,dataset_low,2466.43686866551,1047.2860204305011,action_p95_jerk,20,20,0.42461497139511195
-19.21599185153903,-1.8982385116344622,-12.91634173499075,-25.422826266599287,eval_low,dataset_low,147.26914956388487,128.05315771234584,action_p95_speed,20,20,0.869517873178874
-64.93538328060242,-3.251389103294029,-52.294251802437884,-76.86225752192783,eval_low,dataset_low,468.55204375409005,403.6166604734876,action_path_len,20,20,0.8614126559795852
-0.4376878684829473,-0.24611665888336376,0.6094841447970302,-1.5415026578197908,eval_low,dataset_low,6.627849756791551,6.190161888308603,action_speed_spikiness,20,20,0.9339623129848301
0.29833333492279124,0.7108201970130799,0.5500000238418581,0.0400000327825548,eval_low,dataset_low,7.396666622161865,7.694999957084656,duration_s,20,20,1.0403334839541898
-0.0009793253080165629,-0.4003434229070473,0.0004952834146545862,-0.002515033112920255,eval_low,dataset_low,0.003048320958414459,0.0020689956503978963,eef_displacement_final,20,20,0.6787339296892017
-0.011123654548653217,-0.9811853736592789,-0.0038882452865358166,-0.017886706558323504,eval_low,dataset_low,0.1124800712079573,0.10135641665930409,eef_displacement_max,20,20,0.9011055608318117
-0.009939573611959268,-1.4283404501955528,-0.005364932911049368,-0.01404556663361118,eval_low,dataset_low,0.0689803417994749,0.059040768187515635,eef_displacement_mean,20,20,0.8559071771501907
0.0,nan,0.0,0.0,eval_low,dataset_low,0.0,0.0,eef_displacement_min,20,20,1.0
-0.011123654548653217,-0.9811853736592789,-0.0038882452865358166,-0.017886706558323504,eval_low,dataset_low,0.1124800712079573,0.10135641665930409,eef_displacement_range,20,20,0.9011055608318117
-0.0010174353201313352,-0.5624567884421764,-3.627839764961664e-05,-0.0022087977976566016,eval_low,dataset_low,0.12135529778487683,0.1203378624647455,eef_height_final,20,20,0.9916160624639928
-0.0037464404171383137,-0.5494346669976115,0.00018210771323011398,-0.00807437374040411,eval_low,dataset_low,0.20897111981704222,0.2052246793999039,eef_height_max,20,20,0.9820719712793897
-0.3746440417138288,-0.5494346669976079,0.018210771323009925,-0.8074373740404125,eval_low,dataset_low,20.897111981704224,20.522467939990396,eef_height_max_cm,20,20,0.98207197043005
-0.004521558408805554,-1.3612047046928304,-0.002573397012661402,-0.006484588990510669,eval_low,dataset_low,0.1652661327279888,0.16074457431918324,eef_height_mean,20,20,0.9726407458044957
0.0008047685967582652,1.7738379909949236,0.0010939952961552303,0.0005392278385932536,eval_low,dataset_low,0.11887493683689934,0.11967970543365761,eef_height_min,20,20,1.0067698755555485
-0.004551209013896565,-0.6781269250958549,-0.0006206402259452863,-0.008831293387501339,eval_low,dataset_low,0.09009618298014291,0.08554497396624634,eef_height_range,20,20,0.9494850019367672
-0.0009793253080165629,-0.4003434229070473,0.0004952834146545862,-0.002515033112920255,eval_low,dataset_low,0.003048320958414459,0.0020689956503978963,eef_pos_endpoint_delta,20,20,0.6787339296892017
-0.16280978444474345,-1.9251370007783624,-0.11370539393973884,-0.21687409694697987,eval_low,dataset_low,0.3613073983482513,0.19849761390350787,eef_pos_max_speed,20,20,0.5493870851166802
-0.19926304102275294,-4.316248913681634,-0.1723216952464443,-0.2265410988876715,eval_low,dataset_low,0.49356095120387666,0.2942979101811237,eef_pos_mean_jerk,20,20,0.5962747123745008
-0.00886825424410418,-1.6733506245999437,-0.005715429673972577,-0.012188652711319692,eval_low,dataset_low,0.06294114107465054,0.05407288683054636,eef_pos_mean_speed,20,20,0.8591024458134536
-0.3806363596893142,-3.278768508110657,-0.3142425836318169,-0.45390827883133084,eval_low,dataset_low,1.3551594529289268,0.9745230932396126,eef_pos_p95_jerk,20,20,0.7191206126645503
-0.023361946204572298,-1.6251823151353124,-0.014267837088996203,-0.03194383584972087,eval_low,dataset_low,0.17634086322249953,0.15297891701792724,eef_pos_p95_speed,20,20,0.8675182572386654
-0.0479727380554138,-1.0301769147669826,-0.018353124168412265,-0.07565047264197473,eval_low,dataset_low,0.4647782775830053,0.4168055395275915,eef_pos_path_len,20,20,0.8967836077178061
-1.864563998443268,-0.7595888830171491,-0.4397467021540771,-3.417447262286347,eval_low,dataset_low,8.577318091291634,6.712754092848366,eef_pos_speed_spikiness,20,20,0.7826169000118476
-0.9066032891704525,-0.44171015820668674,0.40038313559681094,-2.147340489805093,eval_low,dataset_low,4.9991881033435,4.092584814173048,state_endpoint_delta,20,20,0.8186498950198319
-61.510390784259044,-2.074217283264636,-43.89996219170548,-78.69393604267984,eval_low,dataset_low,210.22709170686016,148.71670092260112,state_max_speed,20,20,0.7074097810994646
-108.87947982332923,-4.738691868728076,-94.97332135719496,-122.43550940874826,eval_low,dataset_low,301.29855415010775,192.4190743267785,state_mean_jerk,20,20,0.6386325844581666
-4.644603883056071,-1.8682787370238634,-3.0965174447863557,-6.157382195162674,eval_low,dataset_low,43.881778784341066,39.237174901284995,state_mean_speed,20,20,0.8941564355259219
-211.17839054465367,-2.9229113570770355,-167.71912254845356,-255.18336547358595,eval_low,dataset_low,795.3854083539643,584.2070178093106,state_p95_jerk,20,20,0.7344955183688515
-10.347531477957133,-0.9584108518399052,-3.910738437640449,-16.961026929607854,eval_low,dataset_low,121.18121801079732,110.83368653284019,state_p95_speed,20,20,0.9146110952921659
-21.51198539104172,-1.073753696253634,-8.72278619846737,-33.24623833583802,eval_low,dataset_low,323.6384885817983,302.1265031907566,state_path_len,20,20,0.93353081864693
-1.2855981927366953,-1.2722996222824774,-0.6823844047924456,-1.8954665202327452,eval_low,dataset_low,5.978674182132521,4.693075989395826,state_speed_spikiness,20,20,0.7849693508255653
2.2533397291933364,1.3726896108593687,3.172935209796097,1.2842843928087324,prompt_low,prompt_high,4.0676622120342385,6.321001941227575,action_endpoint_delta,20,20,1.5539643181253238
3.8971009966478505,0.03816617834047041,73.22366582489558,-54.426834447945005,prompt_low,prompt_high,325.5031542829919,329.40025527963974,action_max_speed,20,20,1.0119725444907364
60.44470812241207,0.892791422212905,101.54057207661525,17.52593402739818,prompt_low,prompt_high,736.7299623878082,797.1746705102203,action_mean_jerk,20,20,1.0820445905657003
1.9778229985049123,0.623167472493081,3.8896837036910177,0.09370648779397864,prompt_low,prompt_high,61.736954127495736,63.71477712600065,action_mean_speed,20,20,1.0320362905189664
114.25669165178942,0.3201940408447026,327.31396332513134,-111.93307307309671,prompt_low,prompt_high,2432.5033537790687,2546.760045430858,action_p95_jerk,20,20,1.0469708259492485
3.314659058696577,0.3087875996338971,9.997007547171153,-3.268096008575576,prompt_low,prompt_high,143.63475934940556,146.94941840810213,action_p95_speed,20,20,1.0230769980294434
4.353243648102477,0.14132699302553292,23.305940499188335,-14.211999274754682,prompt_low,prompt_high,482.515434162579,486.8686778106815,action_path_len,20,20,1.009021978033858
-0.2239273671514761,-0.10801065089934245,1.1294534793300595,-1.45959478975479,prompt_low,prompt_high,6.786775475063818,6.562848107912342,action_speed_spikiness,20,20,0.9670053374177044
-0.15333328247070277,-0.19406285237093132,0.31837514579296095,-0.6085001069307332,prompt_low,prompt_high,7.836666584014893,7.68333330154419,duration_s,20,20,0.9804338642417417
-0.00011275488755795732,-0.05031544344672348,0.0012000677998443544,-0.001541290747185945,prompt_low,prompt_high,0.002533659963950903,0.002420905076392946,eef_displacement_final,20,20,0.9554974052807841
-0.002260978261160021,-0.45267942421633844,0.0007085701947007072,-0.0052462905713662415,prompt_low,prompt_high,0.1178721925795722,0.11561121431841218,eef_displacement_max,20,20,0.9808183930419583
5.0600410364809445e-05,0.009542135818557717,0.0031590513821112428,-0.003242256030928497,prompt_low,prompt_high,0.07216547403199838,0.07221607444236319,eef_displacement_mean,20,20,1.0007011719112473
0.0,nan,0.0,0.0,prompt_low,prompt_high,0.0,0.0,eef_displacement_min,20,20,1.0
-0.002260978261160021,-0.45267942421633844,0.0007085701947007072,-0.0052462905713662415,prompt_low,prompt_high,0.1178721925795722,0.11561121431841218,eef_displacement_range,20,20,0.9808183930419583
0.0001567674070908076,0.07062373641170515,0.0014473066223780627,-0.001208076603250645,prompt_low,prompt_high,0.12108223119282517,0.12123899859991598,eef_height_final,20,20,1.0012947184124315
0.001179242235124528,0.1554190013390763,0.005587239495741815,-0.0035781476164980916,prompt_low,prompt_high,0.2147857930405764,0.21596503527570093,eef_height_max,20,20,1.0054903174159129
0.1179242235124569,0.15541900133908174,0.5587239495741813,-0.35781476164980386,prompt_low,prompt_high,21.47857930405764,21.596503527570096,eef_height_max_cm,20,20,1.0054903176689753
0.0010940296721725362,0.24676993844701767,0.003709901089758991,-0.0016717215566486733,prompt_low,prompt_high,0.16847678261269416,0.1695708122848667,eef_height_mean,20,20,1.0064936520645165
0.000595235678195763,3.110301961769056,0.0007064433947372523,0.00047028883033367575,prompt_low,prompt_high,0.11870808427522157,0.11930331995341734,eef_height_min,20,20,1.0050142804652875
0.0005840065569287511,0.07681598283124576,0.004996397576676955,-0.004179108014846137,prompt_low,prompt_high,0.09607770876535485,0.0966617153222836,eef_height_range,20,20,1.0060784806762018
-0.00011275488755795732,-0.05031544344672348,0.0012000677998443544,-0.001541290747185945,prompt_low,prompt_high,0.002533659963950903,0.002420905076392946,eef_pos_endpoint_delta,20,20,0.9554974052807841
0.03479432564131285,0.3312800817394426,0.09555287072365685,-0.03016792196794929,prompt_low,prompt_high,0.32174142323383964,0.3565357488751525,eef_pos_max_speed,20,20,1.1081437516194086
0.049027660235673454,0.8095563973220156,0.08620880531278716,0.01339828405895028,prompt_low,prompt_high,0.48345046505375827,0.5324781252894317,eef_pos_mean_jerk,20,20,1.1014119599949133
0.0015255048315506864,0.425879080800038,0.003726798284662249,-0.0005789874314764785,prompt_low,prompt_high,0.06593535293035949,0.06746085776191017,eef_pos_mean_speed,20,20,1.0231363681604653
0.02633116408629088,0.15639861620031614,0.13137033571998952,-0.07652851464523067,prompt_low,prompt_high,1.3737127943175476,1.4000439584038384,eef_pos_p95_jerk,20,20,1.0191678813821439
-0.0003354557983449302,-0.03084688757402648,0.0063701066245485626,-0.007123967337203429,prompt_low,prompt_high,0.1718492299002496,0.17151377410190466,eef_pos_p95_speed,20,20,0.9980479646081667
-0.0002438597343865645,-0.004565506453017542,0.03220034338770444,-0.032715214679285946,prompt_low,prompt_high,0.5170203787218688,0.5167765189874822,eef_pos_path_len,20,20,0.9995283363292705
0.33708020383252535,0.15650945343791947,1.5822345595533944,-0.9588491657665722,prompt_low,prompt_high,6.557513063363554,6.894593267196079,eef_pos_speed_spikiness,20,20,1.0514036647828788
1.4778769766351578,1.4499555888857956,2.1044662011667956,0.8618013810511994,prompt_low,prompt_high,4.0148430183871495,5.492719995022307,state_endpoint_delta,20,20,1.3681033022177342
10.466240229520707,0.1118829375496823,67.95955892152537,-44.723470556467625,prompt_low,prompt_high,234.84867054872242,245.31491077824313,state_max_speed,20,20,1.0445658908974054
16.774214509565695,0.41549331278600055,40.826491151115874,-8.048237351205971,prompt_low,prompt_high,310.6512275020546,327.4254420116203,state_mean_jerk,20,20,1.0539969361908115
0.9732754499958816,0.3410084529316399,2.697770269676675,-0.7109220698592235,prompt_low,prompt_high,43.420512723508956,44.39378817350484,state_mean_speed,20,20,1.0224151072551655
-36.986984008512195,-0.32694847918251724,33.2103806824118,-103.4944106309924,prompt_low,prompt_high,880.3550659195129,843.3680819110007,state_p95_jerk,20,20,0.9579862882149035
-1.303938208202652,-0.15138784193934152,3.8288072486220774,-6.627983092553971,prompt_low,prompt_high,118.32563974248312,117.02170153428047,state_p95_speed,20,20,0.9889800874017646
-0.5207733990114889,-0.029121245171110158,10.393360059854615,-11.522081823612904,prompt_low,prompt_high,339.08044258507664,338.55966918606515,state_path_len,20,20,0.998464159728512
0.12418138219298136,0.04551399316188859,1.7928949264192182,-1.4735233727905248,prompt_low,prompt_high,6.718203569104276,6.842384951297257,state_speed_spikiness,20,20,1.0184843136607566
2.4014604054055653,0.9399892522136178,3.9883894726539744,0.9216406416560426,prompt_low,dataset_high,4.0676622120342385,6.469122617439804,action_endpoint_delta,20,20,1.5903785207132057
-67.50893891442968,-0.9886682961930959,-27.840702645335817,-111.10759461906738,prompt_low,dataset_high,325.5031542829919,257.9942153685622,action_max_speed,20,20,0.7926012758276882
-470.6642157178771,-8.783970346651241,-438.547824759255,-502.73214164391163,prompt_low,dataset_high,736.7299623878082,266.0657466699311,action_mean_jerk,20,20,0.36114419157594274
-14.31680306851137,-5.080876131594582,-12.573539803536953,-16.027448784403468,prompt_low,dataset_high,61.736954127495736,47.420151058984366,action_mean_speed,20,20,0.7680999448624223
-1515.0600010305411,-5.1153531145684585,-1345.4958938206157,-1703.0287287554904,prompt_low,dataset_high,2432.5033537790687,917.4433527485274,action_p95_jerk,20,20,0.37716015944209974
-26.772543929923117,-2.7545427147724832,-20.325608025212635,-32.6316052576405,prompt_low,dataset_high,143.63475934940556,116.86221541948244,action_p95_speed,20,20,0.8136067895450545
-31.03860680439277,-1.2729637605802953,-16.587663573327355,-45.86114490273581,prompt_low,dataset_high,482.515434162579,451.47682735818626,action_path_len,20,20,0.9356733389106651
-0.1392262373786366,-0.0830854267241308,0.831827470069153,-1.1710956958288983,prompt_low,dataset_high,6.786775475063818,6.6475492376851815,action_speed_spikiness,20,20,0.9794856574104974
1.698333501815796,3.0643844084614082,2.031666780114174,1.353333542943,prompt_low,dataset_high,7.836666584014893,9.535000085830688,duration_s,20,20,1.2167163144483992
-0.00033645331581352855,-0.1519540084982114,0.0009241683973824408,-0.0017378605265845849,prompt_low,dataset_high,0.002533659963950903,0.0021972066481373747,eef_displacement_final,20,20,0.867207126184313
-0.0049835206162554685,-0.6527500211485184,-0.0003320113056815044,-0.009570905367419384,prompt_low,dataset_high,0.1178721925795722,0.11288867196331673,eef_displacement_max,20,20,0.957720985039783
-0.008324805352606976,-1.420553522391091,-0.004762554919622587,-0.011732824234413129,prompt_low,dataset_high,0.07216547403199838,0.06384066867939141,eef_displacement_mean,20,20,0.8846428391041383
0.0,nan,0.0,0.0,prompt_low,dataset_high,0.0,0.0,eef_displacement_min,20,20,1.0
-0.0049835206162554685,-0.6527500211485184,-0.0003320113056815044,-0.009570905367419384,prompt_low,dataset_high,0.1178721925795722,0.11288867196331673,eef_displacement_range,20,20,0.957720985039783
-0.0005964323502883895,-0.32266653151709,0.000388484728362842,-0.0018241355580282022,prompt_low,dataset_high,0.12108223119282517,0.12048579884253678,eef_height_final,20,20,0.9950741550171791
0.009084221311408985,1.1556134115209993,0.01349523828596967,0.004208009761677079,prompt_low,dataset_high,0.2147857930405764,0.2238700143519854,eef_height_max,20,20,1.0422943285022095
0.9084221311408953,1.1556134115209953,1.3495238285969744,0.420800976167713,prompt_low,dataset_high,21.47857930405764,22.387001435198535,eef_height_max_cm,20,20,1.0422943304516579
0.0012151234910212638,0.31422135119493017,0.0034593099276113717,-0.0012699616763696782,prompt_low,dataset_high,0.16847678261269416,0.16969190610371543,eef_height_mean,20,20,1.0072124087369985
0.0010633871814415413,3.7278955449485607,0.0012346689563749577,0.0008980604319602702,prompt_low,dataset_high,0.11870808427522157,0.11977147145666311,eef_height_min,20,20,1.0089580006143146
0.008020834129967389,1.0170324813619207,0.012491153709440447,0.003140431023593081,prompt_low,dataset_high,0.09607770876535485,0.10409854289532224,eef_height_range,20,20,1.0834827703346728
-0.00033645331581352855,-0.1519540084982114,0.0009241683973824408,-0.0017378605265845849,prompt_low,dataset_high,0.002533659963950903,0.0021972066481373747,eef_pos_endpoint_delta,20,20,0.867207126184313
-0.12155063930592372,-1.4662843273310981,-0.07281428159100349,-0.17448194716578821,prompt_low,dataset_high,0.32174142323383964,0.20019078392791592,eef_pos_max_speed,20,20,0.6222101764009316
-0.1894533077629032,-4.562028013244872,-0.16406213513387652,-0.2150022858076508,prompt_low,dataset_high,0.48345046505375827,0.29399715729085507,eef_pos_mean_jerk,20,20,0.608122615368541
-0.006506792075953109,-1.4515018926512746,-0.0037977393530182744,-0.009191712118356418,prompt_low,dataset_high,0.06593535293035949,0.05942856085440638,eef_pos_mean_speed,20,20,0.9013155947465469
-0.44872375846638657,-3.639911658335203,-0.37930787731762555,-0.5256467081763192,prompt_low,dataset_high,1.3737127943175476,0.924989035851161,eef_pos_p95_jerk,20,20,0.6733496571801194
-0.014605375991636,-1.0532886403322828,-0.006341668215753222,-0.023364163877997696,prompt_low,dataset_high,0.1718492299002496,0.1572438539086136,eef_pos_p95_speed,20,20,0.9150105289955677
0.049446439357490934,0.8984235691783401,0.08218742489718023,0.015456869639935302,prompt_low,dataset_high,0.5170203787218688,0.5664668180793597,eef_pos_path_len,20,20,1.095637310319092
-1.9409287342932124,-1.0081255102743303,-0.8119323583941771,-3.101018640938056,prompt_low,dataset_high,6.557513063363554,4.616584329070341,eef_pos_speed_spikiness,20,20,0.7040145078509695
0.7474633051047537,0.46514513829397247,1.7143067259420113,-0.25153850508070025,prompt_low,dataset_high,4.0148430183871495,4.762306323491903,state_endpoint_delta,20,20,1.1861749761621505
-81.072630875892,-1.317033267019856,-47.79327844783223,-120.07456027146483,prompt_low,dataset_high,234.84867054872242,153.77603967283042,state_max_speed,20,20,0.6547877802202832
-136.73465552652263,-4.472173249735212,-119.476103067606,-156.18991296583667,prompt_low,dataset_high,310.6512275020546,173.91657197553198,state_mean_jerk,20,20,0.5598451143373746
-6.945467847429889,-2.8435381580573074,-5.474993406658646,-8.366687586507135,prompt_low,dataset_high,43.420512723508956,36.47504487607907,state_mean_speed,20,20,0.8400417818633944
-351.66056148774453,-4.3455289775460795,-303.20303963725576,-402.16571614293497,prompt_low,dataset_high,880.3550659195129,528.6945044317683,state_p95_jerk,20,20,0.6005468985216235
-17.24965375076215,-1.794485189328502,-11.74355521034878,-23.0750634038373,prompt_low,dataset_high,118.32563974248312,101.07598599172097,state_p95_speed,20,20,0.8542188000263894
8.402399354299178,0.40618901493467857,21.24906573041458,-4.170292287072859,prompt_low,dataset_high,339.08044258507664,347.4828419393758,state_path_len,20,20,1.0247799586729134
-1.9729615205735174,-1.0701449434409507,-0.9432904510711904,-3.122142468200656,prompt_low,dataset_high,6.718203569104276,4.745242048530758,state_speed_spikiness,20,20,0.7063260293704038
0.8518172469964203,0.5058442523412713,1.8196336806807991,-0.22757810580981494,prompt_low,dataset_low,4.0676622120342385,4.919479459030659,action_endpoint_delta,20,20,1.2094119915813526
-63.30207998806122,-0.9512400559216656,-26.000708311015575,-106.83504865978009,prompt_low,dataset_low,325.5031542829919,262.20107429493066,action_max_speed,20,20,0.8055254483614566
-432.05001903073423,-8.24188661056528,-400.08969559613644,-463.7067954018841,prompt_low,dataset_low,736.7299623878082,304.67994335707397,action_mean_jerk,20,20,0.41355714972612656
-9.261472477073,-3.528953036685091,-7.602751141682991,-10.80411379538714,prompt_low,dataset_low,61.736954127495736,52.475481650422736,action_mean_speed,20,20,0.8499849465128039
-1385.2173333485675,-4.717193841993257,-1213.0061858093486,-1570.0798646160554,prompt_low,dataset_low,2432.5033537790687,1047.2860204305011,action_p95_jerk,20,20,0.4305383664976912
-15.58160163705972,-1.8660963019014876,-10.648510267088898,-20.61222623420525,prompt_low,dataset_low,143.63475934940556,128.05315771234584,action_p95_speed,20,20,0.8915192833089158
-78.8987736890914,-3.339912033776558,-64.0065815052305,-93.5320230412397,prompt_low,dataset_low,482.515434162579,403.6166604734876,action_path_len,20,20,0.8364844560373751
-0.5966135867552147,-0.34612284345143995,0.41181979758523063,-1.6770379799197994,prompt_low,dataset_low,6.786775475063818,6.190161888308603,action_speed_spikiness,20,20,0.9120917454734979
-0.14166662693023646,-0.28436033777909736,0.16500003516673972,-0.45008321583271127,prompt_low,dataset_low,7.836666584014893,7.694999957084656,duration_s,20,20,0.9819225910365471
-0.00046466431355300696,-0.19102015620248067,0.0009986121448806794,-0.0019785775720303333,prompt_low,dataset_low,0.002533659963950903,0.0020689956503978963,eef_displacement_final,20,20,0.8166042459498442
-0.016515775920268108,-1.5201204442178673,-0.009444625875212985,-0.022854767045945107,prompt_low,dataset_low,0.1178721925795722,0.10135641665930409,eef_displacement_max,20,20,0.8598840476479704
-0.013124705844482748,-1.8825557415900303,-0.00867837087440425,-0.017366773048774754,prompt_low,dataset_low,0.07216547403199838,0.059040768187515635,eef_displacement_mean,20,20,0.8181304259157576
0.0,nan,0.0,0.0,prompt_low,dataset_low,0.0,0.0,eef_displacement_min,20,20,1.0
-0.016515775920268108,-1.5201204442178673,-0.009444625875212985,-0.022854767045945107,prompt_low,dataset_low,0.1178721925795722,0.10135641665930409,eef_displacement_range,20,20,0.8598840476479704
-0.0007443687280796751,-0.39553550220661565,0.00025397566454413167,-0.0019612816726601993,prompt_low,dataset_low,0.12108223119282517,0.1203378624647455,eef_height_final,20,20,0.9938523707461422
-0.009561113640672497,-1.3990268733417293,-0.005382117857515045,-0.01386125804202105,prompt_low,dataset_low,0.2147857930405764,0.2052246793999039,eef_height_max,20,20,0.9554853556179118
-0.9561113640672438,-1.399026873341721,-0.5382117857515031,-1.3861258042021087,prompt_low,dataset_low,21.47857930405764,20.522467939990396,eef_height_max_cm,20,20,0.9554853535661237
-0.007732208293510928,-2.186834021925997,-0.005640589210157339,-0.009995413501924908,prompt_low,dataset_low,0.16847678261269416,0.16074457431918324,eef_height_mean,20,20,0.9541052024222336
0.000971621158436034,2.5664384875759993,0.0012126203750186105,0.0007594979409295089,prompt_low,dataset_low,0.11870808427522157,0.11967970543365761,eef_height_min,20,20,1.0081849613067104
-0.010532734799108504,-1.5478489826508686,-0.006356500629875663,-0.014843451596753945,prompt_low,dataset_low,0.09607770876535485,0.08554497396624634,eef_height_range,20,20,0.8903727634829465
-0.00046466431355300696,-0.19102015620248067,0.0009986121448806794,-0.0019785775720303333,prompt_low,dataset_low,0.002533659963950903,0.0020689956503978963,eef_pos_endpoint_delta,20,20,0.8166042459498442
-0.12324380933033177,-1.4761893604351686,-0.07523376121797251,-0.17547938107993316,prompt_low,dataset_low,0.32174142323383964,0.19849761390350787,eef_pos_max_speed,20,20,0.616947658585337
-0.18915255487263455,-4.703044815095043,-0.16525059873268175,-0.21396664532736195,prompt_low,dataset_low,0.48345046505375827,0.2942979101811237,eef_pos_mean_jerk,20,20,0.6087447119550325
-0.011862466099813125,-2.7064199398738173,-0.009241757196443991,-0.014526907737142287,prompt_low,dataset_low,0.06593535293035949,0.05407288683054636,eef_pos_mean_speed,20,20,0.8200894698594109
-0.39918970107793494,-3.3064779303480663,-0.33203475375191915,-0.4766427757677163,prompt_low,dataset_low,1.3737127943175476,0.9745230932396126,eef_pos_p95_jerk,20,20,0.7094081821008795
-0.018870312882322354,-1.5570078036938053,-0.011165683931143179,-0.026582129836019996,prompt_low,dataset_low,0.1718492299002496,0.15297891701792724,eef_pos_p95_speed,20,20,0.890192631091789
-0.10021483919427732,-1.9482063867122348,-0.06864075175142373,-0.13174281932860515,prompt_low,dataset_low,0.5170203787218688,0.4168055395275915,eef_pos_path_len,20,20,0.8061684966776272
0.1552410294848121,0.07237401482549945,1.471045929161095,-1.1049214024885325,prompt_low,dataset_low,6.557513063363554,6.712754092848366,eef_pos_speed_spikiness,20,20,1.0236737659152213
0.07774179578589813,0.04669996375037245,1.1619743793258113,-0.8665562543469253,prompt_low,dataset_low,4.0148430183871495,4.092584814173048,state_endpoint_delta,20,20,1.019363595347619
-86.1319696261213,-1.4050059430146133,-52.72790354352325,-124.48538266169508,prompt_low,dataset_low,234.84867054872242,148.71670092260112,state_max_speed,20,20,0.63324480644831
-118.2321531752761,-3.7707186384229483,-101.02969404868468,-137.45488120504777,prompt_low,dataset_low,310.6512275020546,192.4190743267785,state_mean_jerk,20,20,0.6194054853020396
-4.183337822223962,-1.7667567087258393,-2.6639052810991046,-5.599140032728169,prompt_low,dataset_low,43.420512723508956,39.237174901284995,state_mean_speed,20,20,0.9036552643240542
-296.14804811020224,-3.3602234790048633,-241.6979112199712,-350.61281611814087,prompt_low,dataset_low,880.3550659195129,584.2070178093106,state_p95_jerk,20,20,0.6636038576122492
-7.491953209642929,-0.8401975505108611,-2.131433461695777,-13.338037676432803,prompt_low,dataset_low,118.32563974248312,110.83368653284019,state_p95_speed,20,20,0.9366836027650912
-36.95393939432006,-1.8093070545994123,-23.75797927344193,-48.954872770145414,prompt_low,dataset_low,339.08044258507664,302.1265031907566,state_path_len,20,20,0.8910171901643713
-2.0251275797084496,-1.081436134448223,-0.9729391246208035,-3.1784356733161685,prompt_low,dataset_low,6.718203569104276,4.693075989395826,state_speed_spikiness,20,20,0.6985611472079779
0.1481206762122289,0.058274123491037964,1.828294269159899,-1.2812537960270955,prompt_high,dataset_high,6.321001941227575,6.469122617439804,action_endpoint_delta,20,20,1.0234331008525417
-71.40603991107753,-0.8213974258391912,-28.70811665492923,-132.95198053672152,prompt_high,dataset_high,329.40025527963974,257.9942153685622,action_max_speed,20,20,0.7832240905572747
-531.1089238402892,-11.124009646894526,-502.8942360616949,-559.5671372505582,prompt_high,dataset_high,797.1746705102203,266.0657466699311,action_mean_jerk,20,20,0.3337609140369474
-16.29462606701628,-5.224514742753255,-14.308023338654774,-18.143571591800658,prompt_high,dataset_high,63.71477712600065,47.420151058984366,action_mean_speed,20,20,0.7442567203486402
-1629.3166926823305,-6.667956104435496,-1481.871534572915,-1776.7451378912294,prompt_high,dataset_high,2546.760045430858,917.4433527485274,action_p95_jerk,20,20,0.36023941650918784
-30.087202988619694,-2.770711438865267,-23.173882863083918,-36.615975798685476,prompt_high,dataset_high,146.94941840810213,116.86221541948244,action_p95_speed,20,20,0.7952546984363337
-35.39185045249525,-1.1440825870264881,-16.576923869695495,-54.45203609410074,prompt_high,dataset_high,486.8686778106815,451.47682735818626,action_path_len,20,20,0.9273071937777636
0.0847011297728395,0.04846951544653898,1.0339001155352394,-1.080772567245508,prompt_high,dataset_high,6.562848107912342,6.6475492376851815,action_speed_spikiness,20,20,1.0129061541957158
1.8516667842864987,2.460814702834364,2.2833751577138903,1.3650001287460327,prompt_high,dataset_high,7.68333330154419,9.535000085830688,duration_s,20,20,1.2409978467944862
-0.00022369842825557124,-0.11346925966159371,0.0010077721556462666,-0.0013931930950867354,prompt_high,dataset_high,0.002420905076392946,0.0021972066481373747,eef_displacement_final,20,20,0.9075975731503677
-0.0027225423550954475,-0.3505195494689987,0.002010114156631744,-0.007179072350411206,prompt_high,dataset_high,0.11561121431841218,0.11288867196331673,eef_displacement_max,20,20,0.9764508820735509
-0.008375405762971785,-1.4009847675493554,-0.004749371389761791,-0.011803014363848422,prompt_high,dataset_high,0.07221607444236319,0.06384066867939141,eef_displacement_mean,20,20,0.8840229870167451
0.0,nan,0.0,0.0,prompt_high,dataset_high,0.0,0.0,eef_displacement_min,20,20,1.0
-0.0027225423550954475,-0.3505195494689987,0.002010114156631744,-0.007179072350411206,prompt_high,dataset_high,0.11561121431841218,0.11288867196331673,eef_displacement_range,20,20,0.9764508820735509
-0.0007531997573791971,-0.48709124144793303,0.00011832991566400389,-0.001748588825879058,prompt_high,dataset_high,0.12123899859991598,0.12048579884253678,eef_height_final,20,20,0.9937874800686903
0.007904979076284457,1.0700177236365154,0.012113495349140888,0.0034417174226085263,prompt_high,dataset_high,0.21596503527570093,0.2238700143519854,eef_height_max,20,20,1.0366030487303766
0.7904979076284384,1.0700177236365058,1.2113495349140853,0.3441717422608508,prompt_high,dataset_high,21.596503527570096,22.387001435198535,eef_height_max_cm,20,20,1.0366030504082875
0.00012109381884872761,0.03142391871166636,0.0024401751460453873,-0.002262508937647365,prompt_high,dataset_high,0.1695708122848667,0.16969190610371543,eef_height_mean,20,20,1.0007141194293752
0.00046815150324577837,1.4332692728613594,0.0006717229924931789,0.0002722251654509938,prompt_high,dataset_high,0.11930331995341734,0.11977147145666311,eef_height_min,20,20,1.0039240438923924
0.007436827573038637,1.002039307113262,0.01167534604920269,0.0029354754419364366,prompt_high,dataset_high,0.0966617153222836,0.10409854289532224,eef_height_range,20,20,1.0769366318286087
-0.00022369842825557124,-0.11346925966159371,0.0010077721556462666,-0.0013931930950867354,prompt_high,dataset_high,0.002420905076392946,0.0021972066481373747,eef_pos_endpoint_delta,20,20,0.9075975731503677
-0.15634496494723657,-2.2121111201987484,-0.11675005739715351,-0.19997047953925007,prompt_high,dataset_high,0.3565357488751525,0.20019078392791592,eef_pos_max_speed,20,20,0.5614886836582818
-0.23848096799857665,-4.67715472038995,-0.20917490741458222,-0.26939870956192696,prompt_high,dataset_high,0.5324781252894317,0.29399715729085507,eef_pos_mean_jerk,20,20,0.5521300271438396
-0.008032296907503796,-1.658203611627295,-0.005046890775626186,-0.01096116765311327,prompt_high,dataset_high,0.06746085776191017,0.05942856085440638,eef_pos_mean_speed,20,20,0.880933981818138
-0.47505492255267745,-3.4264043100954487,-0.39429835183786355,-0.5614072574097427,prompt_high,dataset_high,1.4000439584038384,0.924989035851161,eef_pos_p95_jerk,20,20,0.6606857118249809
-0.014269920193291069,-1.048887141798051,-0.006054384563881504,-0.022187550741347362,prompt_high,dataset_high,0.17151377410190466,0.1572438539086136,eef_pos_p95_speed,20,20,0.9168001553460413
0.0496902990918775,0.8581419209119021,0.08436933920308588,0.015199550985348215,prompt_high,dataset_high,0.5167765189874822,0.5664668180793597,eef_pos_path_len,20,20,1.0961543264924114
-2.278008938125738,-1.6434571413850545,-1.413301028930249,-3.0988372292679416,prompt_high,dataset_high,6.894593267196079,4.616584329070341,eef_pos_speed_spikiness,20,20,0.6695948772409432
-0.7304136715304042,-0.4568488800472075,0.2745850193291656,-1.7019739314558109,prompt_high,dataset_high,5.492719995022307,4.762306323491903,state_endpoint_delta,20,20,0.8670214992093999
-91.53887110541271,-1.2841542722503518,-50.20196424320124,-136.2665083070045,prompt_high,dataset_high,245.31491077824313,153.77603967283042,state_max_speed,20,20,0.6268515810503282
-153.50887003608833,-5.40966415660123,-136.52663574203643,-170.63143338035024,prompt_high,dataset_high,327.4254420116203,173.91657197553198,state_mean_jerk,20,20,0.5311638915770267
-7.91874329742577,-2.778951147250215,-6.105233131454687,-9.566552192797866,prompt_high,dataset_high,44.39378817350484,36.47504487607907,state_mean_speed,20,20,0.821624970036504
-314.67357747923234,-3.4511346818162267,-263.68289648643747,-374.20272385503756,prompt_high,dataset_high,843.3680819110007,528.6945044317683,state_p95_jerk,20,20,0.6268846495085781
-15.945715542559498,-1.5930318861928574,-9.905363686942339,-21.843729496397717,prompt_high,dataset_high,117.02170153428047,101.07598599172097,state_p95_speed,20,20,0.863737107458434
8.923172753310666,0.3830014699221448,22.80238143692994,-4.254911536103347,prompt_high,dataset_high,338.55966918606515,347.4828419393758,state_path_len,20,20,1.0263562779775257
-2.0971429027664987,-1.0265413546903748,-0.8431311157864693,-3.38056055457546,prompt_high,dataset_high,6.842384951297257,4.745242048530758,state_speed_spikiness,20,20,0.6935070279400213
-1.401522482196916,-0.8421653613337847,-0.3881473823438866,-2.3898113652461657,prompt_high,dataset_low,6.321001941227575,4.919479459030659,action_endpoint_delta,20,20,0.7782752650590888
-67.19918098470907,-0.7852599106044196,-24.050649516178105,-128.68854730963017,prompt_high,dataset_low,329.40025527963974,262.20107429493066,action_max_speed,20,20,0.7959953585171899
-492.4947271531463,-10.60548331542094,-464.5339562850055,-520.1861070591932,prompt_high,dataset_low,797.1746705102203,304.67994335707397,action_mean_jerk,20,20,0.38219972941218255
-11.239295475577912,-3.815940180480458,-9.360857560936887,-13.020503074893988,prompt_high,dataset_low,63.71477712600065,52.475481650422736,action_mean_speed,20,20,0.8235998620604545
-1499.474025000357,-6.214609745622954,-1350.4294856612228,-1643.2711325288356,prompt_high,dataset_low,2546.760045430858,1047.2860204305011,action_p95_jerk,20,20,0.41122288780810917
-18.896260695756297,-1.9576518245731507,-12.950379662865043,-24.87525730322979,prompt_high,dataset_low,146.94941840810213,128.05315771234584,action_p95_speed,20,20,0.871409761949568
-83.25201733719388,-2.744030760175082,-64.95185106762668,-102.36418758968485,prompt_high,dataset_low,486.8686778106815,403.6166604734876,action_path_len,20,20,0.8290051894283977
-0.3726862196037386,-0.20778700983187212,0.6583336274369332,-1.5846235437694969,prompt_high,dataset_low,6.562848107912342,6.190161888308603,action_speed_spikiness,20,20,0.9432127312855915
0.011666655540466309,0.016380997187832515,0.42500002562999745,-0.44170834183693036,prompt_high,dataset_low,7.68333330154419,7.694999957084656,duration_s,20,20,1.0015184367340848
-0.00035190942599504964,-0.15895597678078374,0.0009876162939874878,-0.001700894972848587,prompt_high,dataset_low,0.002420905076392946,0.0020689956503978963,eef_displacement_final,20,20,0.8546378477185664
-0.014254797659108087,-1.3008219786622923,-0.007072897166831485,-0.02072519369633374,prompt_high,dataset_low,0.11561121431841218,0.10135641665930409,eef_displacement_max,20,20,0.8767005734681258
-0.013175306254847557,-1.8632342270664661,-0.008578606649968942,-0.017364304506928892,prompt_high,dataset_low,0.07221607444236319,0.059040768187515635,eef_displacement_mean,20,20,0.8175571777868548
0.0,nan,0.0,0.0,prompt_high,dataset_low,0.0,0.0,eef_displacement_min,20,20,1.0
-0.014254797659108087,-1.3008219786622923,-0.007072897166831485,-0.02072519369633374,prompt_high,dataset_low,0.11561121431841218,0.10135641665930409,eef_displacement_range,20,20,0.8767005734681258
-0.0009011361351704827,-0.5681137543848157,-2.607931173569801e-05,-0.0019292251895636297,prompt_high,dataset_low,0.12123899859991598,0.1203378624647455,eef_height_final,20,20,0.9925672756188216
-0.010740355875797025,-1.7091552921142092,-0.00706488580547253,-0.014771751548312825,prompt_high,dataset_low,0.21596503527570093,0.2052246793999039,eef_height_max,20,20,0.9502680822163333
-1.0740355875797007,-1.7091552921142068,-0.7064885805472503,-1.4771751548312815,prompt_high,dataset_low,21.596503527570096,20.522467939990396,eef_height_max_cm,20,20,0.9502680799365848
-0.008826237965683464,-2.506750145653061,-0.006615378559504695,-0.010999878826182623,prompt_high,dataset_low,0.1695708122848667,0.16074457431918324,eef_height_mean,20,20,0.947949547883562
0.0003763854802402711,0.91651937561344,0.0006449664480014397,0.00014963858162036285,prompt_high,dataset_low,0.11930331995341734,0.11967970543365761,eef_height_min,20,20,1.0031548614811274
-0.011116741356037255,-1.775800425146655,-0.007446786817409489,-0.015162459690376476,prompt_high,dataset_low,0.0966617153222836,0.08554497396624634,eef_height_range,20,20,0.8849933485154284
-0.00035190942599504964,-0.15895597678078374,0.0009876162939874878,-0.001700894972848587,prompt_high,dataset_low,0.002420905076392946,0.0020689956503978963,eef_pos_endpoint_delta,20,20,0.8546378477185664
-0.15803813497164462,-2.2143869581072617,-0.11812177462056841,-0.20199690030064305,prompt_high,dataset_low,0.3565357488751525,0.19849761390350787,eef_pos_max_speed,20,20,0.5567397349700776
-0.238180215108308,-4.7704736553639036,-0.20818242026841663,-0.26796832968005574,prompt_high,dataset_low,0.5324781252894317,0.2942979101811237,eef_pos_mean_jerk,20,20,0.5526948444956454
-0.013387970931363811,-2.8174260298785123,-0.010495414069421737,-0.01617597903043468,prompt_high,dataset_low,0.06746085776191017,0.05407288683054636,eef_pos_mean_speed,20,20,0.8015446380171982
-0.4255208651642258,-3.120027855072753,-0.3447257342652977,-0.5110372200340936,prompt_high,dataset_low,1.4000439584038384,0.9745230932396126,eef_pos_p95_jerk,20,20,0.6960660702325275
-0.018534857083977424,-1.5681772657630328,-0.010946545510175874,-0.02566073241391092,prompt_high,dataset_low,0.17151377410190466,0.15297891701792724,eef_pos_p95_speed,20,20,0.8919337172750794
-0.09997097945989075,-1.8344377418116797,-0.06754652408212515,-0.13527796065896036,prompt_high,dataset_low,0.5167765189874822,0.4168055395275915,eef_pos_path_len,20,20,0.8065489165002067
-0.18183917434771324,-0.10836966237096722,0.8752097627558824,-1.205127432958256,prompt_high,dataset_low,6.894593267196079,6.712754092848366,eef_pos_speed_spikiness,20,20,0.9736258301197914
-1.4001351808492597,-0.8450568481174782,-0.31732514644541093,-2.343697429383402,prompt_high,dataset_low,5.492719995022307,4.092584814173048,state_endpoint_delta,20,20,0.7450925625975772
-96.59820985564201,-1.3592994564984717,-55.26442666002023,-141.39487317424937,prompt_high,dataset_low,245.31491077824313,148.71670092260112,state_max_speed,20,20,0.6062277276776462
-135.0063676848418,-4.620915121968521,-117.3609580079489,-152.35510918937726,prompt_high,dataset_low,327.4254420116203,192.4190743267785,state_mean_jerk,20,20,0.5876729466981153
-5.156613272219843,-1.8510703647096103,-3.4379545045212336,-6.76766425313674,prompt_high,dataset_low,44.39378817350484,39.237174901284995,state_mean_speed,20,20,0.8838438105145562
-259.16106410169004,-2.6544076522749416,-203.7517173839947,-321.22148855881716,prompt_high,dataset_low,843.3680819110007,584.2070178093106,state_p95_jerk,20,20,0.6927070520485195
-6.188015001440277,-0.6622745331292906,-0.4541200990716369,-11.889859707865218,prompt_high,dataset_low,117.02170153428047,110.83368653284019,state_p95_speed,20,20,0.9471207911030181
-36.43316599530857,-1.5795128077422649,-21.885788774348356,-50.71631834973098,prompt_high,dataset_low,338.55966918606515,302.1265031907566,state_path_len,20,20,0.8923877552166157
-2.149308961901431,-1.0387553987703657,-0.9099189646074232,-3.445552795539461,prompt_high,dataset_low,6.842384951297257,4.693075989395826,state_speed_spikiness,20,20,0.6858830694182485
-1.549643158409145,-0.6031197262964766,-0.06325885481967147,-3.180485802898518,dataset_high,dataset_low,6.469122617439804,4.919479459030659,action_endpoint_delta,20,20,0.760455436130382
4.206858926368454,0.10652725851504664,27.987148722688264,-19.209218133188017,dataset_high,dataset_low,257.9942153685622,262.20107429493066,action_max_speed,20,20,1.0163060203508656
38.61419668714285,1.832941931896706,51.79009481308616,25.75338733269406,dataset_high,dataset_low,266.0657466699311,304.67994335707397,action_mean_jerk,20,20,1.1451302814021924
5.05533059143837,1.9765098027390289,6.6393108938065675,3.472581879239201,dataset_high,dataset_low,47.420151058984366,52.475481650422736,action_mean_speed,20,20,1.106607222403913
129.8426676819737,0.9518671292496274,211.64562832386852,44.5726808483495,dataset_high,dataset_low,917.4433527485274,1047.2860204305011,action_p95_jerk,20,20,1.141526631907647
11.190942292863397,1.315125640265572,16.303927804202882,5.999477301765437,dataset_high,dataset_low,116.86221541948244,128.05315771234584,action_p95_speed,20,20,1.0957618529798994
-47.86016688469863,-2.011357683248444,-33.64013237895115,-62.56290824773803,dataset_high,dataset_low,451.47682735818626,403.6166604734876,action_path_len,20,20,0.8939919748180831
-0.4573873493765781,-0.3480657018648826,0.34941141556711686,-1.2448620988051542,dataset_high,dataset_low,6.6475492376851815,6.190161888308603,action_speed_spikiness,20,20,0.9311945903167471
-1.8400001287460324,-4.220114084036809,-1.576666783690452,-2.1000418061017982,dataset_high,dataset_low,9.535000085830688,7.694999957084656,duration_s,20,20,0.8070267320132908
-0.0001282109977394784,-0.0586303890784329,0.0012617329481161357,-0.0014137427075644263,dataset_high,dataset_low,0.0021972066481373747,0.0020689956503978963,eef_displacement_final,20,20,0.9416484497110627
-0.01153225530401264,-0.9310332797014849,-0.0039025578550308903,-0.019322791969551285,dataset_high,dataset_low,0.11288867196331673,0.10135641665930409,eef_displacement_max,20,20,0.8978440078894706
-0.004799900491875772,-0.6401324991321827,-8.820629499904257e-05,-0.009364683843746042,dataset_high,dataset_low,0.06384066867939141,0.059040768187515635,eef_displacement_mean,20,20,0.9248143880803504
0.0,nan,0.0,0.0,dataset_high,dataset_low,0.0,0.0,eef_displacement_min,20,20,1.0
-0.01153225530401264,-0.9310332797014849,-0.0039025578550308903,-0.019322791969551285,dataset_high,dataset_low,0.11288867196331673,0.10135641665930409,eef_displacement_range,20,20,0.8978440078894706
-0.00014793637779128566,-0.14753527268245442,0.00045004449412776944,-0.0007583696091503056,dataset_high,dataset_low,0.12048579884253678,0.1203378624647455,eef_height_final,20,20,0.9987721676169795
-0.018645334952081483,-2.8200964827856128,-0.01478578480675615,-0.02258023441672386,dataset_high,dataset_low,0.2238700143519854,0.2052246793999039,eef_height_max,20,20,0.9167135707156315
-1.8645334952081392,-2.8200964827856,-1.47857848067561,-2.258023441672387,dataset_high,dataset_low,22.387001435198535,20.522467939990396,eef_height_max_cm,20,20,0.9167135670325319
-0.008947331784532192,-3.225076275464513,-0.00725302684901135,-0.010548654250243577,dataset_high,dataset_low,0.16969190610371543,0.16074457431918324,eef_height_mean,20,20,0.9472730817709454
-9.176602300550729e-05,-0.19865185825762138,0.00019920956967803518,-0.0003654016491483298,dataset_high,dataset_low,0.11977147145666311,0.11967970543365761,eef_height_min,20,20,0.9992338240966092
-0.018553568929075892,-2.8103199740974953,-0.014750028184287953,-0.022459721813936916,dataset_high,dataset_low,0.10409854289532224,0.08554497396624634,eef_height_range,20,20,0.8217691945465112
-0.0001282109977394784,-0.0586303890784329,0.0012617329481161357,-0.0014137427075644263,dataset_high,dataset_low,0.0021972066481373747,0.0020689956503978963,eef_pos_endpoint_delta,20,20,0.9416484497110627
-0.0016931700244080528,-0.05539811843789935,0.016824760945840445,-0.01955689864665271,dataset_high,dataset_low,0.20019078392791592,0.19849761390350787,eef_pos_max_speed,20,20,0.9915422183448769
0.0003007528902686518,0.012827017811216182,0.014232061155112984,-0.013624870401800588,dataset_high,dataset_low,0.29399715729085507,0.2942979101811237,eef_pos_mean_jerk,20,20,1.0010229788709872
-0.005355674023860016,-0.9803486556179567,-0.0020068036933687484,-0.00860797544352815,dataset_high,dataset_low,0.05942856085440638,0.05407288683054636,eef_pos_mean_speed,20,20,0.9098804843047489
0.049534057388451624,0.6707710395231512,0.09483525875478106,0.007036670736200421,dataset_high,dataset_low,0.924989035851161,0.9745230932396126,eef_pos_p95_jerk,20,20,1.0535509664796854
-0.004264936890686355,-0.291740709412599,0.0047597955705202906,-0.013117768740095596,dataset_high,dataset_low,0.1572438539086136,0.15297891701792724,eef_pos_p95_speed,20,20,0.9728769264207026
-0.14966127855176825,-2.6682902838556246,-0.11589750777747848,-0.18342950403508249,dataset_high,dataset_low,0.5664668180793597,0.4168055395275915,eef_pos_path_len,20,20,0.7357986891144113
2.0961697637780246,1.5273013692059065,2.9411394856420006,1.27495084564671,dataset_high,dataset_low,4.616584329070341,6.712754092848366,eef_pos_speed_spikiness,20,20,1.4540520891252986
-0.6697215093188555,-0.32339905599904767,0.6476560741948336,-1.8759544176386935,dataset_high,dataset_low,4.762306323491903,4.092584814173048,state_endpoint_delta,20,20,0.8593703423467531
-5.059338750229301,-0.5376859767143805,0.3696191932138237,-10.832708094846009,dataset_high,dataset_low,153.77603967283042,148.71670092260112,state_max_speed,20,20,0.9670993038924374
18.502502351246534,1.4695801568547444,26.19810676562273,10.878495409714898,dataset_high,dataset_low,173.91657197553198,192.4190743267785,state_mean_jerk,20,20,1.1063872300380078
2.762130025205927,1.169253977440049,4.224116676036004,1.3097965454547427,dataset_high,dataset_low,36.47504487607907,39.237174901284995,state_mean_speed,20,20,1.0757265695993732
55.51251337754229,0.9687982176120126,90.4971285261242,20.59003701205768,dataset_high,dataset_low,528.6945044317683,584.2070178093106,state_p95_jerk,20,20,1.1049992252825782
9.75770054111922,0.9499197385702848,15.873431684432498,3.448438873881865,dataset_high,dataset_low,101.07598599172097,110.83368653284019,state_p95_speed,20,20,1.0965382671701376
-45.35633874861924,-1.7926532740906507,-30.05053008500185,-61.063149825430294,dataset_high,dataset_low,347.4828419393758,302.1265031907566,state_path_len,20,20,0.8694717169510571
-0.05216605913493222,-0.10738781626306441,0.24403932679307025,-0.3556797795697956,dataset_high,dataset_low,4.745242048530758,4.693075989395826,state_speed_spikiness,20,20,0.9890066600414723
