trial,chunk_action_step,action_values.0,action_values.1,action_values.2,action_values.3,action_values.4,action_values.5,predicted_action_eef_z
0,0,-14.875876426696777,84.41954040527344,-0.170684814453125,-90.07405090332031,-6.926968574523926,64.15425109863281,0.2546124123575156
0,1,-14.639288902282715,82.24528503417969,1.279388427734375,-91.89054107666016,-7.2509565353393555,65.70057678222656,0.25001815612660916
0,2,-14.206878662109375,78.44371795654297,-0.7227420806884766,-93.23572540283203,-7.267333984375,67.92678833007812,0.24993292314867582
0,3,-14.833292007446289,76.09925079345703,-3.62593936920166,-92.74028015136719,-7.522027015686035,72.86955261230469,0.2530978007325103
0,4,-14.929353713989258,73.22183990478516,-7.689901351928711,-92.25233459472656,-7.3996171951293945,72.50294494628906,0.25758832752132227
0,5,-14.898988723754883,68.25139617919922,-12.661128997802734,-92.44224548339844,-7.313486099243164,74.34313201904297,0.26132807558631005
0,6,-13.634696960449219,64.67449188232422,-21.262971878051758,-92.01936340332031,-6.393902778625488,79.61871337890625,0.2713592230415439
0,7,-13.35427474975586,64.28975677490234,-23.63165283203125,-92.43895721435547,-6.82144832611084,86.18241882324219,0.27451374426733915
0,8,-12.290202140808105,62.74062728881836,-24.805309295654297,-94.15184783935547,-6.854253768920898,85.8387222290039,0.2754403470982354
0,9,-11.206875801086426,62.106143951416016,-24.76995849609375,-95.00338745117188,-6.82172966003418,84.88496398925781,0.275094850899428
0,10,-10.767611503601074,60.57514953613281,-26.884950637817383,-95.88977813720703,-6.693362236022949,84.20663452148438,0.27706011166795824
0,11,-10.652514457702637,59.299278259277344,-28.036161422729492,-96.915283203125,-6.649242401123047,84.1412582397461,0.27787891120265457
0,12,-10.50527572631836,57.850318908691406,-28.752403259277344,-97.53680419921875,-6.512063026428223,83.91487121582031,0.2777571985170976
0,13,-9.780383110046387,56.287960052490234,-28.732913970947266,-97.66565704345703,-6.456504821777344,83.4183120727539,0.2762613516812701
0,14,-9.451038360595703,55.33828353881836,-28.813949584960938,-98.88766479492188,-6.539794921875,82.88121032714844,0.2757077984680443
0,15,-9.63886833190918,54.45743179321289,-28.428958892822266,-99.55012512207031,-6.600197792053223,83.28961181640625,0.2742994134360614
0,16,-9.76881217956543,55.81706619262695,-26.269330978393555,-100.49581146240234,-6.813601493835449,82.24373626708984,0.2722434919050562
0,17,-9.996148109436035,54.51913070678711,-25.762535095214844,-101.88238525390625,-6.898263931274414,81.777099609375,0.26995963018961955
0,18,-10.310840606689453,54.668209075927734,-23.96282958984375,-102.75990295410156,-6.834085464477539,81.26583862304688,0.26678062084899906
0,19,-9.969625473022461,54.278141021728516,-22.300254821777344,-104.38715362548828,-6.861690521240234,80.84275817871094,0.26283635828666496
0,20,-9.748238563537598,52.46253204345703,-22.74488639831543,-104.4102783203125,-6.671663284301758,81.24297332763672,0.2614716085604922
0,21,-9.544794082641602,50.33482360839844,-23.716564178466797,-103.85379791259766,-6.468905448913574,80.29844665527344,0.2608728308408802
0,22,-9.505455017089844,50.93252944946289,-21.684398651123047,-104.10457611083984,-6.499739646911621,80.06359100341797,0.2574771066692904
0,23,-9.80551815032959,49.94660949707031,-21.97955322265625,-104.01588439941406,-6.372653961181641,79.3803939819336,0.25683787832628957
0,24,-10.318470001220703,50.426368713378906,-21.97425651550293,-104.1554946899414,-6.457548141479492,77.92886352539062,0.2574042777953475
0,25,-10.14709758758545,50.035831451416016,-22.538143157958984,-104.45950317382812,-6.421718597412109,78.62610626220703,0.2579638974459753
0,26,-10.474467277526855,49.17070388793945,-22.018173217773438,-105.47785949707031,-6.215663909912109,78.25688171386719,0.25542358172722907
0,27,-11.498956680297852,49.443321228027344,-22.3428955078125,-105.6637191772461,-6.377413749694824,78.19761657714844,0.2564019339218813
0,28,-11.228959083557129,48.84712600708008,-22.21070671081543,-107.02391815185547,-6.089600563049316,78.55825805664062,0.2548085696328345
0,29,-11.4799165725708,48.33131408691406,-23.707860946655273,-107.34463500976562,-6.198908805847168,78.10691833496094,0.25719233993543467
0,30,-11.417023658752441,48.22938537597656,-23.60360336303711,-107.76786041259766,-6.0750932693481445,78.21723937988281,0.256667470305395
0,31,-11.943588256835938,47.39458465576172,-24.04926109313965,-107.59245300292969,-6.144757270812988,78.68181610107422,0.2565596748248291
0,32,-11.929518699645996,46.65226745605469,-23.924362182617188,-108.19094848632812,-6.096323013305664,80.29676818847656,0.25503030030700874
0,33,-12.173458099365234,45.751808166503906,-24.597240447998047,-108.42483520507812,-6.03452205657959,79.31063842773438,0.2551461683555096
0,34,-12.510404586791992,45.230224609375,-24.310270309448242,-108.50172424316406,-6.115913391113281,79.79754638671875,0.2537596969179735
0,35,-12.430526733398438,43.741241455078125,-24.550830841064453,-109.23226928710938,-6.269627571105957,79.03412628173828,0.2518445685105351
0,36,-12.453773498535156,42.83832550048828,-24.90591812133789,-109.77933502197266,-6.404804229736328,78.31969451904297,0.2510703881301495
0,37,-12.230814933776855,42.41926574707031,-26.069150924682617,-109.16192626953125,-6.266543388366699,78.76002502441406,0.2533519981271529
0,38,-12.323036193847656,42.63124084472656,-25.35733413696289,-109.27406311035156,-6.452849388122559,78.83839416503906,0.25203027512506176
0,39,-12.521161079406738,41.716026306152344,-26.401519775390625,-108.2203369140625,-6.031232833862305,78.08316040039062,0.25348891848905325
0,40,-12.685646057128906,41.39299774169922,-26.17963981628418,-108.42739868164062,-5.931174278259277,77.45205688476562,0.2524530153196146
0,41,-13.02455997467041,42.03495788574219,-26.04395294189453,-108.33038330078125,-6.055243492126465,75.16552734375,0.2531161631541824
0,42,-13.67123031616211,42.470035552978516,-25.103023529052734,-108.78719329833984,-6.22698974609375,62.15673828125,0.2514621961165737
0,43,-13.728426933288574,41.380226135253906,-26.198747634887695,-108.72006225585938,-5.838173866271973,59.49266815185547,0.25234415950155215
0,44,-14.308562278747559,41.38965606689453,-26.064342498779297,-108.57754516601562,-5.869209289550781,60.02597427368164,0.2521269614060952
0,45,-15.670453071594238,43.16425704956055,-27.0850830078125,-107.60519409179688,-5.759716987609863,66.7640609741211,0.2572180186805651
0,46,-18.03362274169922,44.354190826416016,-29.236732482910156,-106.50506591796875,-4.734816551208496,72.42489624023438,0.2635522592467668
0,47,-19.499521255493164,43.504005432128906,-31.240745544433594,-105.2857437133789,-4.409111976623535,67.37612915039062,0.266586096104496
0,48,-18.987268447875977,42.833763122558594,-31.218883514404297,-106.17493438720703,-4.662571907043457,66.8906021118164,0.26554133256033996
0,49,-8.945845603942871,32.84864044189453,-22.169191360473633,-86.65442657470703,-6.259042739868164,48.949462890625,0.23801892827873783
1,0,-14.875876426696777,84.41954040527344,-0.170684814453125,-90.07405090332031,-6.926968574523926,64.15425109863281,0.2546124123575156
1,1,-14.639288902282715,82.24528503417969,1.279388427734375,-91.89054107666016,-7.2509565353393555,65.70057678222656,0.25001815612660916
1,2,-14.206878662109375,78.44371795654297,-0.7227420806884766,-93.23572540283203,-7.267333984375,67.92678833007812,0.24993292314867582
1,3,-14.833292007446289,76.09925079345703,-3.62593936920166,-92.74028015136719,-7.522027015686035,72.86955261230469,0.2530978007325103
1,4,-14.929353713989258,73.22183990478516,-7.689901351928711,-92.25233459472656,-7.3996171951293945,72.50294494628906,0.25758832752132227
1,5,-14.898988723754883,68.25139617919922,-12.661128997802734,-92.44224548339844,-7.313486099243164,74.34313201904297,0.26132807558631005
1,6,-13.634696960449219,64.67449188232422,-21.262971878051758,-92.01936340332031,-6.393902778625488,79.61871337890625,0.2713592230415439
1,7,-13.35427474975586,64.28975677490234,-23.63165283203125,-92.43895721435547,-6.82144832611084,86.18241882324219,0.27451374426733915
1,8,-12.290202140808105,62.74062728881836,-24.805309295654297,-94.15184783935547,-6.854253768920898,85.8387222290039,0.2754403470982354
1,9,-11.206875801086426,62.106143951416016,-24.76995849609375,-95.00338745117188,-6.82172966003418,84.88496398925781,0.275094850899428
1,10,-10.767611503601074,60.57514953613281,-26.884950637817383,-95.88977813720703,-6.693362236022949,84.20663452148438,0.27706011166795824
1,11,-10.652514457702637,59.299278259277344,-28.036161422729492,-96.915283203125,-6.649242401123047,84.1412582397461,0.27787891120265457
1,12,-10.50527572631836,57.850318908691406,-28.752403259277344,-97.53680419921875,-6.512063026428223,83.91487121582031,0.2777571985170976
1,13,-9.780383110046387,56.287960052490234,-28.732913970947266,-97.66565704345703,-6.456504821777344,83.4183120727539,0.2762613516812701
1,14,-9.451038360595703,55.33828353881836,-28.813949584960938,-98.88766479492188,-6.539794921875,82.88121032714844,0.2757077984680443
1,15,-9.63886833190918,54.45743179321289,-28.428958892822266,-99.55012512207031,-6.600197792053223,83.28961181640625,0.2742994134360614
1,16,-9.76881217956543,55.81706619262695,-26.269330978393555,-100.49581146240234,-6.813601493835449,82.24373626708984,0.2722434919050562
1,17,-9.996148109436035,54.51913070678711,-25.762535095214844,-101.88238525390625,-6.898263931274414,81.777099609375,0.26995963018961955
1,18,-10.310840606689453,54.668209075927734,-23.96282958984375,-102.75990295410156,-6.834085464477539,81.26583862304688,0.26678062084899906
1,19,-9.969625473022461,54.278141021728516,-22.300254821777344,-104.38715362548828,-6.861690521240234,80.84275817871094,0.26283635828666496
1,20,-9.748238563537598,52.46253204345703,-22.74488639831543,-104.4102783203125,-6.671663284301758,81.24297332763672,0.2614716085604922
1,21,-9.544794082641602,50.33482360839844,-23.716564178466797,-103.85379791259766,-6.468905448913574,80.29844665527344,0.2608728308408802
1,22,-9.505455017089844,50.93252944946289,-21.684398651123047,-104.10457611083984,-6.499739646911621,80.06359100341797,0.2574771066692904
1,23,-9.80551815032959,49.94660949707031,-21.97955322265625,-104.01588439941406,-6.372653961181641,79.3803939819336,0.25683787832628957
1,24,-10.318470001220703,50.426368713378906,-21.97425651550293,-104.1554946899414,-6.457548141479492,77.92886352539062,0.2574042777953475
1,25,-10.14709758758545,50.035831451416016,-22.538143157958984,-104.45950317382812,-6.421718597412109,78.62610626220703,0.2579638974459753
1,26,-10.474467277526855,49.17070388793945,-22.018173217773438,-105.47785949707031,-6.215663909912109,78.25688171386719,0.25542358172722907
1,27,-11.498956680297852,49.443321228027344,-22.3428955078125,-105.6637191772461,-6.377413749694824,78.19761657714844,0.2564019339218813
1,28,-11.228959083557129,48.84712600708008,-22.21070671081543,-107.02391815185547,-6.089600563049316,78.55825805664062,0.2548085696328345
1,29,-11.4799165725708,48.33131408691406,-23.707860946655273,-107.34463500976562,-6.198908805847168,78.10691833496094,0.25719233993543467
1,30,-11.417023658752441,48.22938537597656,-23.60360336303711,-107.76786041259766,-6.0750932693481445,78.21723937988281,0.256667470305395
1,31,-11.943588256835938,47.39458465576172,-24.04926109313965,-107.59245300292969,-6.144757270812988,78.68181610107422,0.2565596748248291
1,32,-11.929518699645996,46.65226745605469,-23.924362182617188,-108.19094848632812,-6.096323013305664,80.29676818847656,0.25503030030700874
1,33,-12.173458099365234,45.751808166503906,-24.597240447998047,-108.42483520507812,-6.03452205657959,79.31063842773438,0.2551461683555096
1,34,-12.510404586791992,45.230224609375,-24.310270309448242,-108.50172424316406,-6.115913391113281,79.79754638671875,0.2537596969179735
1,35,-12.430526733398438,43.741241455078125,-24.550830841064453,-109.23226928710938,-6.269627571105957,79.03412628173828,0.2518445685105351
1,36,-12.453773498535156,42.83832550048828,-24.90591812133789,-109.77933502197266,-6.404804229736328,78.31969451904297,0.2510703881301495
1,37,-12.230814933776855,42.41926574707031,-26.069150924682617,-109.16192626953125,-6.266543388366699,78.76002502441406,0.2533519981271529
1,38,-12.323036193847656,42.63124084472656,-25.35733413696289,-109.27406311035156,-6.452849388122559,78.83839416503906,0.25203027512506176
1,39,-12.521161079406738,41.716026306152344,-26.401519775390625,-108.2203369140625,-6.031232833862305,78.08316040039062,0.25348891848905325
1,40,-12.685646057128906,41.39299774169922,-26.17963981628418,-108.42739868164062,-5.931174278259277,77.45205688476562,0.2524530153196146
1,41,-13.02455997467041,42.03495788574219,-26.04395294189453,-108.33038330078125,-6.055243492126465,75.16552734375,0.2531161631541824
1,42,-13.67123031616211,42.470035552978516,-25.103023529052734,-108.78719329833984,-6.22698974609375,62.15673828125,0.2514621961165737
1,43,-13.728426933288574,41.380226135253906,-26.198747634887695,-108.72006225585938,-5.838173866271973,59.49266815185547,0.25234415950155215
1,44,-14.308562278747559,41.38965606689453,-26.064342498779297,-108.57754516601562,-5.869209289550781,60.02597427368164,0.2521269614060952
1,45,-15.670453071594238,43.16425704956055,-27.0850830078125,-107.60519409179688,-5.759716987609863,66.7640609741211,0.2572180186805651
1,46,-18.03362274169922,44.354190826416016,-29.236732482910156,-106.50506591796875,-4.734816551208496,72.42489624023438,0.2635522592467668
1,47,-19.499521255493164,43.504005432128906,-31.240745544433594,-105.2857437133789,-4.409111976623535,67.37612915039062,0.266586096104496
1,48,-18.987268447875977,42.833763122558594,-31.218883514404297,-106.17493438720703,-4.662571907043457,66.8906021118164,0.26554133256033996
1,49,-8.945845603942871,32.84864044189453,-22.169191360473633,-86.65442657470703,-6.259042739868164,48.949462890625,0.23801892827873783
2,0,-14.875876426696777,84.41954040527344,-0.170684814453125,-90.07405090332031,-6.926968574523926,64.15425109863281,0.2546124123575156
2,1,-14.639288902282715,82.24528503417969,1.279388427734375,-91.89054107666016,-7.2509565353393555,65.70057678222656,0.25001815612660916
2,2,-14.206878662109375,78.44371795654297,-0.7227420806884766,-93.23572540283203,-7.267333984375,67.92678833007812,0.24993292314867582
2,3,-14.833292007446289,76.09925079345703,-3.62593936920166,-92.74028015136719,-7.522027015686035,72.86955261230469,0.2530978007325103
2,4,-14.929353713989258,73.22183990478516,-7.689901351928711,-92.25233459472656,-7.3996171951293945,72.50294494628906,0.25758832752132227
2,5,-14.898988723754883,68.25139617919922,-12.661128997802734,-92.44224548339844,-7.313486099243164,74.34313201904297,0.26132807558631005
2,6,-13.634696960449219,64.67449188232422,-21.262971878051758,-92.01936340332031,-6.393902778625488,79.61871337890625,0.2713592230415439
2,7,-13.35427474975586,64.28975677490234,-23.63165283203125,-92.43895721435547,-6.82144832611084,86.18241882324219,0.27451374426733915
2,8,-12.290202140808105,62.74062728881836,-24.805309295654297,-94.15184783935547,-6.854253768920898,85.8387222290039,0.2754403470982354
2,9,-11.206875801086426,62.106143951416016,-24.76995849609375,-95.00338745117188,-6.82172966003418,84.88496398925781,0.275094850899428
2,10,-10.767611503601074,60.57514953613281,-26.884950637817383,-95.88977813720703,-6.693362236022949,84.20663452148438,0.27706011166795824
2,11,-10.652514457702637,59.299278259277344,-28.036161422729492,-96.915283203125,-6.649242401123047,84.1412582397461,0.27787891120265457
2,12,-10.50527572631836,57.850318908691406,-28.752403259277344,-97.53680419921875,-6.512063026428223,83.91487121582031,0.2777571985170976
2,13,-9.780383110046387,56.287960052490234,-28.732913970947266,-97.66565704345703,-6.456504821777344,83.4183120727539,0.2762613516812701
2,14,-9.451038360595703,55.33828353881836,-28.813949584960938,-98.88766479492188,-6.539794921875,82.88121032714844,0.2757077984680443
2,15,-9.63886833190918,54.45743179321289,-28.428958892822266,-99.55012512207031,-6.600197792053223,83.28961181640625,0.2742994134360614
2,16,-9.76881217956543,55.81706619262695,-26.269330978393555,-100.49581146240234,-6.813601493835449,82.24373626708984,0.2722434919050562
2,17,-9.996148109436035,54.51913070678711,-25.762535095214844,-101.88238525390625,-6.898263931274414,81.777099609375,0.26995963018961955
2,18,-10.310840606689453,54.668209075927734,-23.96282958984375,-102.75990295410156,-6.834085464477539,81.26583862304688,0.26678062084899906
2,19,-9.969625473022461,54.278141021728516,-22.300254821777344,-104.38715362548828,-6.861690521240234,80.84275817871094,0.26283635828666496
2,20,-9.748238563537598,52.46253204345703,-22.74488639831543,-104.4102783203125,-6.671663284301758,81.24297332763672,0.2614716085604922
2,21,-9.544794082641602,50.33482360839844,-23.716564178466797,-103.85379791259766,-6.468905448913574,80.29844665527344,0.2608728308408802
2,22,-9.505455017089844,50.93252944946289,-21.684398651123047,-104.10457611083984,-6.499739646911621,80.06359100341797,0.2574771066692904
2,23,-9.80551815032959,49.94660949707031,-21.97955322265625,-104.01588439941406,-6.372653961181641,79.3803939819336,0.25683787832628957
2,24,-10.318470001220703,50.426368713378906,-21.97425651550293,-104.1554946899414,-6.457548141479492,77.92886352539062,0.2574042777953475
2,25,-10.14709758758545,50.035831451416016,-22.538143157958984,-104.45950317382812,-6.421718597412109,78.62610626220703,0.2579638974459753
2,26,-10.474467277526855,49.17070388793945,-22.018173217773438,-105.47785949707031,-6.215663909912109,78.25688171386719,0.25542358172722907
2,27,-11.498956680297852,49.443321228027344,-22.3428955078125,-105.6637191772461,-6.377413749694824,78.19761657714844,0.2564019339218813
2,28,-11.228959083557129,48.84712600708008,-22.21070671081543,-107.02391815185547,-6.089600563049316,78.55825805664062,0.2548085696328345
2,29,-11.4799165725708,48.33131408691406,-23.707860946655273,-107.34463500976562,-6.198908805847168,78.10691833496094,0.25719233993543467
2,30,-11.417023658752441,48.22938537597656,-23.60360336303711,-107.76786041259766,-6.0750932693481445,78.21723937988281,0.256667470305395
2,31,-11.943588256835938,47.39458465576172,-24.04926109313965,-107.59245300292969,-6.144757270812988,78.68181610107422,0.2565596748248291
2,32,-11.929518699645996,46.65226745605469,-23.924362182617188,-108.19094848632812,-6.096323013305664,80.29676818847656,0.25503030030700874
2,33,-12.173458099365234,45.751808166503906,-24.597240447998047,-108.42483520507812,-6.03452205657959,79.31063842773438,0.2551461683555096
2,34,-12.510404586791992,45.230224609375,-24.310270309448242,-108.50172424316406,-6.115913391113281,79.79754638671875,0.2537596969179735
2,35,-12.430526733398438,43.741241455078125,-24.550830841064453,-109.23226928710938,-6.269627571105957,79.03412628173828,0.2518445685105351
2,36,-12.453773498535156,42.83832550048828,-24.90591812133789,-109.77933502197266,-6.404804229736328,78.31969451904297,0.2510703881301495
2,37,-12.230814933776855,42.41926574707031,-26.069150924682617,-109.16192626953125,-6.266543388366699,78.76002502441406,0.2533519981271529
2,38,-12.323036193847656,42.63124084472656,-25.35733413696289,-109.27406311035156,-6.452849388122559,78.83839416503906,0.25203027512506176
2,39,-12.521161079406738,41.716026306152344,-26.401519775390625,-108.2203369140625,-6.031232833862305,78.08316040039062,0.25348891848905325
2,40,-12.685646057128906,41.39299774169922,-26.17963981628418,-108.42739868164062,-5.931174278259277,77.45205688476562,0.2524530153196146
2,41,-13.02455997467041,42.03495788574219,-26.04395294189453,-108.33038330078125,-6.055243492126465,75.16552734375,0.2531161631541824
2,42,-13.67123031616211,42.470035552978516,-25.103023529052734,-108.78719329833984,-6.22698974609375,62.15673828125,0.2514621961165737
2,43,-13.728426933288574,41.380226135253906,-26.198747634887695,-108.72006225585938,-5.838173866271973,59.49266815185547,0.25234415950155215
2,44,-14.308562278747559,41.38965606689453,-26.064342498779297,-108.57754516601562,-5.869209289550781,60.02597427368164,0.2521269614060952
2,45,-15.670453071594238,43.16425704956055,-27.0850830078125,-107.60519409179688,-5.759716987609863,66.7640609741211,0.2572180186805651
2,46,-18.03362274169922,44.354190826416016,-29.236732482910156,-106.50506591796875,-4.734816551208496,72.42489624023438,0.2635522592467668
2,47,-19.499521255493164,43.504005432128906,-31.240745544433594,-105.2857437133789,-4.409111976623535,67.37612915039062,0.266586096104496
2,48,-18.987268447875977,42.833763122558594,-31.218883514404297,-106.17493438720703,-4.662571907043457,66.8906021118164,0.26554133256033996
2,49,-8.945845603942871,32.84864044189453,-22.169191360473633,-86.65442657470703,-6.259042739868164,48.949462890625,0.23801892827873783
3,0,-14.875876426696777,84.41954040527344,-0.170684814453125,-90.07405090332031,-6.926968574523926,64.15425109863281,0.2546124123575156
3,1,-14.639288902282715,82.24528503417969,1.279388427734375,-91.89054107666016,-7.2509565353393555,65.70057678222656,0.25001815612660916
3,2,-14.206878662109375,78.44371795654297,-0.7227420806884766,-93.23572540283203,-7.267333984375,67.92678833007812,0.24993292314867582
3,3,-14.833292007446289,76.09925079345703,-3.62593936920166,-92.74028015136719,-7.522027015686035,72.86955261230469,0.2530978007325103
3,4,-14.929353713989258,73.22183990478516,-7.689901351928711,-92.25233459472656,-7.3996171951293945,72.50294494628906,0.25758832752132227
3,5,-14.898988723754883,68.25139617919922,-12.661128997802734,-92.44224548339844,-7.313486099243164,74.34313201904297,0.26132807558631005
3,6,-13.634696960449219,64.67449188232422,-21.262971878051758,-92.01936340332031,-6.393902778625488,79.61871337890625,0.2713592230415439
3,7,-13.35427474975586,64.28975677490234,-23.63165283203125,-92.43895721435547,-6.82144832611084,86.18241882324219,0.27451374426733915
3,8,-12.290202140808105,62.74062728881836,-24.805309295654297,-94.15184783935547,-6.854253768920898,85.8387222290039,0.2754403470982354
3,9,-11.206875801086426,62.106143951416016,-24.76995849609375,-95.00338745117188,-6.82172966003418,84.88496398925781,0.275094850899428
3,10,-10.767611503601074,60.57514953613281,-26.884950637817383,-95.88977813720703,-6.693362236022949,84.20663452148438,0.27706011166795824
3,11,-10.652514457702637,59.299278259277344,-28.036161422729492,-96.915283203125,-6.649242401123047,84.1412582397461,0.27787891120265457
3,12,-10.50527572631836,57.850318908691406,-28.752403259277344,-97.53680419921875,-6.512063026428223,83.91487121582031,0.2777571985170976
3,13,-9.780383110046387,56.287960052490234,-28.732913970947266,-97.66565704345703,-6.456504821777344,83.4183120727539,0.2762613516812701
3,14,-9.451038360595703,55.33828353881836,-28.813949584960938,-98.88766479492188,-6.539794921875,82.88121032714844,0.2757077984680443
3,15,-9.63886833190918,54.45743179321289,-28.428958892822266,-99.55012512207031,-6.600197792053223,83.28961181640625,0.2742994134360614
3,16,-9.76881217956543,55.81706619262695,-26.269330978393555,-100.49581146240234,-6.813601493835449,82.24373626708984,0.2722434919050562
3,17,-9.996148109436035,54.51913070678711,-25.762535095214844,-101.88238525390625,-6.898263931274414,81.777099609375,0.26995963018961955
3,18,-10.310840606689453,54.668209075927734,-23.96282958984375,-102.75990295410156,-6.834085464477539,81.26583862304688,0.26678062084899906
3,19,-9.969625473022461,54.278141021728516,-22.300254821777344,-104.38715362548828,-6.861690521240234,80.84275817871094,0.26283635828666496
3,20,-9.748238563537598,52.46253204345703,-22.74488639831543,-104.4102783203125,-6.671663284301758,81.24297332763672,0.2614716085604922
3,21,-9.544794082641602,50.33482360839844,-23.716564178466797,-103.85379791259766,-6.468905448913574,80.29844665527344,0.2608728308408802
3,22,-9.505455017089844,50.93252944946289,-21.684398651123047,-104.10457611083984,-6.499739646911621,80.06359100341797,0.2574771066692904
3,23,-9.80551815032959,49.94660949707031,-21.97955322265625,-104.01588439941406,-6.372653961181641,79.3803939819336,0.25683787832628957
3,24,-10.318470001220703,50.426368713378906,-21.97425651550293,-104.1554946899414,-6.457548141479492,77.92886352539062,0.2574042777953475
3,25,-10.14709758758545,50.035831451416016,-22.538143157958984,-104.45950317382812,-6.421718597412109,78.62610626220703,0.2579638974459753
3,26,-10.474467277526855,49.17070388793945,-22.018173217773438,-105.47785949707031,-6.215663909912109,78.25688171386719,0.25542358172722907
3,27,-11.498956680297852,49.443321228027344,-22.3428955078125,-105.6637191772461,-6.377413749694824,78.19761657714844,0.2564019339218813
3,28,-11.228959083557129,48.84712600708008,-22.21070671081543,-107.02391815185547,-6.089600563049316,78.55825805664062,0.2548085696328345
3,29,-11.4799165725708,48.33131408691406,-23.707860946655273,-107.34463500976562,-6.198908805847168,78.10691833496094,0.25719233993543467
3,30,-11.417023658752441,48.22938537597656,-23.60360336303711,-107.76786041259766,-6.0750932693481445,78.21723937988281,0.256667470305395
3,31,-11.943588256835938,47.39458465576172,-24.04926109313965,-107.59245300292969,-6.144757270812988,78.68181610107422,0.2565596748248291
3,32,-11.929518699645996,46.65226745605469,-23.924362182617188,-108.19094848632812,-6.096323013305664,80.29676818847656,0.25503030030700874
3,33,-12.173458099365234,45.751808166503906,-24.597240447998047,-108.42483520507812,-6.03452205657959,79.31063842773438,0.2551461683555096
3,34,-12.510404586791992,45.230224609375,-24.310270309448242,-108.50172424316406,-6.115913391113281,79.79754638671875,0.2537596969179735
3,35,-12.430526733398438,43.741241455078125,-24.550830841064453,-109.23226928710938,-6.269627571105957,79.03412628173828,0.2518445685105351
3,36,-12.453773498535156,42.83832550048828,-24.90591812133789,-109.77933502197266,-6.404804229736328,78.31969451904297,0.2510703881301495
3,37,-12.230814933776855,42.41926574707031,-26.069150924682617,-109.16192626953125,-6.266543388366699,78.76002502441406,0.2533519981271529
3,38,-12.323036193847656,42.63124084472656,-25.35733413696289,-109.27406311035156,-6.452849388122559,78.83839416503906,0.25203027512506176
3,39,-12.521161079406738,41.716026306152344,-26.401519775390625,-108.2203369140625,-6.031232833862305,78.08316040039062,0.25348891848905325
3,40,-12.685646057128906,41.39299774169922,-26.17963981628418,-108.42739868164062,-5.931174278259277,77.45205688476562,0.2524530153196146
3,41,-13.02455997467041,42.03495788574219,-26.04395294189453,-108.33038330078125,-6.055243492126465,75.16552734375,0.2531161631541824
3,42,-13.67123031616211,42.470035552978516,-25.103023529052734,-108.78719329833984,-6.22698974609375,62.15673828125,0.2514621961165737
3,43,-13.728426933288574,41.380226135253906,-26.198747634887695,-108.72006225585938,-5.838173866271973,59.49266815185547,0.25234415950155215
3,44,-14.308562278747559,41.38965606689453,-26.064342498779297,-108.57754516601562,-5.869209289550781,60.02597427368164,0.2521269614060952
3,45,-15.670453071594238,43.16425704956055,-27.0850830078125,-107.60519409179688,-5.759716987609863,66.7640609741211,0.2572180186805651
3,46,-18.03362274169922,44.354190826416016,-29.236732482910156,-106.50506591796875,-4.734816551208496,72.42489624023438,0.2635522592467668
3,47,-19.499521255493164,43.504005432128906,-31.240745544433594,-105.2857437133789,-4.409111976623535,67.37612915039062,0.266586096104496
3,48,-18.987268447875977,42.833763122558594,-31.218883514404297,-106.17493438720703,-4.662571907043457,66.8906021118164,0.26554133256033996
3,49,-8.945845603942871,32.84864044189453,-22.169191360473633,-86.65442657470703,-6.259042739868164,48.949462890625,0.23801892827873783
4,0,-14.875876426696777,84.41954040527344,-0.170684814453125,-90.07405090332031,-6.926968574523926,64.15425109863281,0.2546124123575156
4,1,-14.639288902282715,82.24528503417969,1.279388427734375,-91.89054107666016,-7.2509565353393555,65.70057678222656,0.25001815612660916
4,2,-14.206878662109375,78.44371795654297,-0.7227420806884766,-93.23572540283203,-7.267333984375,67.92678833007812,0.24993292314867582
4,3,-14.833292007446289,76.09925079345703,-3.62593936920166,-92.74028015136719,-7.522027015686035,72.86955261230469,0.2530978007325103
4,4,-14.929353713989258,73.22183990478516,-7.689901351928711,-92.25233459472656,-7.3996171951293945,72.50294494628906,0.25758832752132227
4,5,-14.898988723754883,68.25139617919922,-12.661128997802734,-92.44224548339844,-7.313486099243164,74.34313201904297,0.26132807558631005
4,6,-13.634696960449219,64.67449188232422,-21.262971878051758,-92.01936340332031,-6.393902778625488,79.61871337890625,0.2713592230415439
4,7,-13.35427474975586,64.28975677490234,-23.63165283203125,-92.43895721435547,-6.82144832611084,86.18241882324219,0.27451374426733915
4,8,-12.290202140808105,62.74062728881836,-24.805309295654297,-94.15184783935547,-6.854253768920898,85.8387222290039,0.2754403470982354
4,9,-11.206875801086426,62.106143951416016,-24.76995849609375,-95.00338745117188,-6.82172966003418,84.88496398925781,0.275094850899428
4,10,-10.767611503601074,60.57514953613281,-26.884950637817383,-95.88977813720703,-6.693362236022949,84.20663452148438,0.27706011166795824
4,11,-10.652514457702637,59.299278259277344,-28.036161422729492,-96.915283203125,-6.649242401123047,84.1412582397461,0.27787891120265457
4,12,-10.50527572631836,57.850318908691406,-28.752403259277344,-97.53680419921875,-6.512063026428223,83.91487121582031,0.2777571985170976
4,13,-9.780383110046387,56.287960052490234,-28.732913970947266,-97.66565704345703,-6.456504821777344,83.4183120727539,0.2762613516812701
4,14,-9.451038360595703,55.33828353881836,-28.813949584960938,-98.88766479492188,-6.539794921875,82.88121032714844,0.2757077984680443
4,15,-9.63886833190918,54.45743179321289,-28.428958892822266,-99.55012512207031,-6.600197792053223,83.28961181640625,0.2742994134360614
4,16,-9.76881217956543,55.81706619262695,-26.269330978393555,-100.49581146240234,-6.813601493835449,82.24373626708984,0.2722434919050562
4,17,-9.996148109436035,54.51913070678711,-25.762535095214844,-101.88238525390625,-6.898263931274414,81.777099609375,0.26995963018961955
4,18,-10.310840606689453,54.668209075927734,-23.96282958984375,-102.75990295410156,-6.834085464477539,81.26583862304688,0.26678062084899906
4,19,-9.969625473022461,54.278141021728516,-22.300254821777344,-104.38715362548828,-6.861690521240234,80.84275817871094,0.26283635828666496
4,20,-9.748238563537598,52.46253204345703,-22.74488639831543,-104.4102783203125,-6.671663284301758,81.24297332763672,0.2614716085604922
4,21,-9.544794082641602,50.33482360839844,-23.716564178466797,-103.85379791259766,-6.468905448913574,80.29844665527344,0.2608728308408802
4,22,-9.505455017089844,50.93252944946289,-21.684398651123047,-104.10457611083984,-6.499739646911621,80.06359100341797,0.2574771066692904
4,23,-9.80551815032959,49.94660949707031,-21.97955322265625,-104.01588439941406,-6.372653961181641,79.3803939819336,0.25683787832628957
4,24,-10.318470001220703,50.426368713378906,-21.97425651550293,-104.1554946899414,-6.457548141479492,77.92886352539062,0.2574042777953475
4,25,-10.14709758758545,50.035831451416016,-22.538143157958984,-104.45950317382812,-6.421718597412109,78.62610626220703,0.2579638974459753
4,26,-10.474467277526855,49.17070388793945,-22.018173217773438,-105.47785949707031,-6.215663909912109,78.25688171386719,0.25542358172722907
4,27,-11.498956680297852,49.443321228027344,-22.3428955078125,-105.6637191772461,-6.377413749694824,78.19761657714844,0.2564019339218813
4,28,-11.228959083557129,48.84712600708008,-22.21070671081543,-107.02391815185547,-6.089600563049316,78.55825805664062,0.2548085696328345
4,29,-11.4799165725708,48.33131408691406,-23.707860946655273,-107.34463500976562,-6.198908805847168,78.10691833496094,0.25719233993543467
4,30,-11.417023658752441,48.22938537597656,-23.60360336303711,-107.76786041259766,-6.0750932693481445,78.21723937988281,0.256667470305395
4,31,-11.943588256835938,47.39458465576172,-24.04926109313965,-107.59245300292969,-6.144757270812988,78.68181610107422,0.2565596748248291
4,32,-11.929518699645996,46.65226745605469,-23.924362182617188,-108.19094848632812,-6.096323013305664,80.29676818847656,0.25503030030700874
4,33,-12.173458099365234,45.751808166503906,-24.597240447998047,-108.42483520507812,-6.03452205657959,79.31063842773438,0.2551461683555096
4,34,-12.510404586791992,45.230224609375,-24.310270309448242,-108.50172424316406,-6.115913391113281,79.79754638671875,0.2537596969179735
4,35,-12.430526733398438,43.741241455078125,-24.550830841064453,-109.23226928710938,-6.269627571105957,79.03412628173828,0.2518445685105351
4,36,-12.453773498535156,42.83832550048828,-24.90591812133789,-109.77933502197266,-6.404804229736328,78.31969451904297,0.2510703881301495
4,37,-12.230814933776855,42.41926574707031,-26.069150924682617,-109.16192626953125,-6.266543388366699,78.76002502441406,0.2533519981271529
4,38,-12.323036193847656,42.63124084472656,-25.35733413696289,-109.27406311035156,-6.452849388122559,78.83839416503906,0.25203027512506176
4,39,-12.521161079406738,41.716026306152344,-26.401519775390625,-108.2203369140625,-6.031232833862305,78.08316040039062,0.25348891848905325
4,40,-12.685646057128906,41.39299774169922,-26.17963981628418,-108.42739868164062,-5.931174278259277,77.45205688476562,0.2524530153196146
4,41,-13.02455997467041,42.03495788574219,-26.04395294189453,-108.33038330078125,-6.055243492126465,75.16552734375,0.2531161631541824
4,42,-13.67123031616211,42.470035552978516,-25.103023529052734,-108.78719329833984,-6.22698974609375,62.15673828125,0.2514621961165737
4,43,-13.728426933288574,41.380226135253906,-26.198747634887695,-108.72006225585938,-5.838173866271973,59.49266815185547,0.25234415950155215
4,44,-14.308562278747559,41.38965606689453,-26.064342498779297,-108.57754516601562,-5.869209289550781,60.02597427368164,0.2521269614060952
4,45,-15.670453071594238,43.16425704956055,-27.0850830078125,-107.60519409179688,-5.759716987609863,66.7640609741211,0.2572180186805651
4,46,-18.03362274169922,44.354190826416016,-29.236732482910156,-106.50506591796875,-4.734816551208496,72.42489624023438,0.2635522592467668
4,47,-19.499521255493164,43.504005432128906,-31.240745544433594,-105.2857437133789,-4.409111976623535,67.37612915039062,0.266586096104496
4,48,-18.987268447875977,42.833763122558594,-31.218883514404297,-106.17493438720703,-4.662571907043457,66.8906021118164,0.26554133256033996
4,49,-8.945845603942871,32.84864044189453,-22.169191360473633,-86.65442657470703,-6.259042739868164,48.949462890625,0.23801892827873783
5,0,-14.875876426696777,84.41954040527344,-0.170684814453125,-90.07405090332031,-6.926968574523926,64.15425109863281,0.2546124123575156
5,1,-14.639288902282715,82.24528503417969,1.279388427734375,-91.89054107666016,-7.2509565353393555,65.70057678222656,0.25001815612660916
5,2,-14.206878662109375,78.44371795654297,-0.7227420806884766,-93.23572540283203,-7.267333984375,67.92678833007812,0.24993292314867582
5,3,-14.833292007446289,76.09925079345703,-3.62593936920166,-92.74028015136719,-7.522027015686035,72.86955261230469,0.2530978007325103
5,4,-14.929353713989258,73.22183990478516,-7.689901351928711,-92.25233459472656,-7.3996171951293945,72.50294494628906,0.25758832752132227
5,5,-14.898988723754883,68.25139617919922,-12.661128997802734,-92.44224548339844,-7.313486099243164,74.34313201904297,0.26132807558631005
5,6,-13.634696960449219,64.67449188232422,-21.262971878051758,-92.01936340332031,-6.393902778625488,79.61871337890625,0.2713592230415439
5,7,-13.35427474975586,64.28975677490234,-23.63165283203125,-92.43895721435547,-6.82144832611084,86.18241882324219,0.27451374426733915
5,8,-12.290202140808105,62.74062728881836,-24.805309295654297,-94.15184783935547,-6.854253768920898,85.8387222290039,0.2754403470982354
5,9,-11.206875801086426,62.106143951416016,-24.76995849609375,-95.00338745117188,-6.82172966003418,84.88496398925781,0.275094850899428
5,10,-10.767611503601074,60.57514953613281,-26.884950637817383,-95.88977813720703,-6.693362236022949,84.20663452148438,0.27706011166795824
5,11,-10.652514457702637,59.299278259277344,-28.036161422729492,-96.915283203125,-6.649242401123047,84.1412582397461,0.27787891120265457
5,12,-10.50527572631836,57.850318908691406,-28.752403259277344,-97.53680419921875,-6.512063026428223,83.91487121582031,0.2777571985170976
5,13,-9.780383110046387,56.287960052490234,-28.732913970947266,-97.66565704345703,-6.456504821777344,83.4183120727539,0.2762613516812701
5,14,-9.451038360595703,55.33828353881836,-28.813949584960938,-98.88766479492188,-6.539794921875,82.88121032714844,0.2757077984680443
5,15,-9.63886833190918,54.45743179321289,-28.428958892822266,-99.55012512207031,-6.600197792053223,83.28961181640625,0.2742994134360614
5,16,-9.76881217956543,55.81706619262695,-26.269330978393555,-100.49581146240234,-6.813601493835449,82.24373626708984,0.2722434919050562
5,17,-9.996148109436035,54.51913070678711,-25.762535095214844,-101.88238525390625,-6.898263931274414,81.777099609375,0.26995963018961955
5,18,-10.310840606689453,54.668209075927734,-23.96282958984375,-102.75990295410156,-6.834085464477539,81.26583862304688,0.26678062084899906
5,19,-9.969625473022461,54.278141021728516,-22.300254821777344,-104.38715362548828,-6.861690521240234,80.84275817871094,0.26283635828666496
5,20,-9.748238563537598,52.46253204345703,-22.74488639831543,-104.4102783203125,-6.671663284301758,81.24297332763672,0.2614716085604922
5,21,-9.544794082641602,50.33482360839844,-23.716564178466797,-103.85379791259766,-6.468905448913574,80.29844665527344,0.2608728308408802
5,22,-9.505455017089844,50.93252944946289,-21.684398651123047,-104.10457611083984,-6.499739646911621,80.06359100341797,0.2574771066692904
5,23,-9.80551815032959,49.94660949707031,-21.97955322265625,-104.01588439941406,-6.372653961181641,79.3803939819336,0.25683787832628957
5,24,-10.318470001220703,50.426368713378906,-21.97425651550293,-104.1554946899414,-6.457548141479492,77.92886352539062,0.2574042777953475
5,25,-10.14709758758545,50.035831451416016,-22.538143157958984,-104.45950317382812,-6.421718597412109,78.62610626220703,0.2579638974459753
5,26,-10.474467277526855,49.17070388793945,-22.018173217773438,-105.47785949707031,-6.215663909912109,78.25688171386719,0.25542358172722907
5,27,-11.498956680297852,49.443321228027344,-22.3428955078125,-105.6637191772461,-6.377413749694824,78.19761657714844,0.2564019339218813
5,28,-11.228959083557129,48.84712600708008,-22.21070671081543,-107.02391815185547,-6.089600563049316,78.55825805664062,0.2548085696328345
5,29,-11.4799165725708,48.33131408691406,-23.707860946655273,-107.34463500976562,-6.198908805847168,78.10691833496094,0.25719233993543467
5,30,-11.417023658752441,48.22938537597656,-23.60360336303711,-107.76786041259766,-6.0750932693481445,78.21723937988281,0.256667470305395
5,31,-11.943588256835938,47.39458465576172,-24.04926109313965,-107.59245300292969,-6.144757270812988,78.68181610107422,0.2565596748248291
5,32,-11.929518699645996,46.65226745605469,-23.924362182617188,-108.19094848632812,-6.096323013305664,80.29676818847656,0.25503030030700874
5,33,-12.173458099365234,45.751808166503906,-24.597240447998047,-108.42483520507812,-6.03452205657959,79.31063842773438,0.2551461683555096
5,34,-12.510404586791992,45.230224609375,-24.310270309448242,-108.50172424316406,-6.115913391113281,79.79754638671875,0.2537596969179735
5,35,-12.430526733398438,43.741241455078125,-24.550830841064453,-109.23226928710938,-6.269627571105957,79.03412628173828,0.2518445685105351
5,36,-12.453773498535156,42.83832550048828,-24.90591812133789,-109.77933502197266,-6.404804229736328,78.31969451904297,0.2510703881301495
5,37,-12.230814933776855,42.41926574707031,-26.069150924682617,-109.16192626953125,-6.266543388366699,78.76002502441406,0.2533519981271529
5,38,-12.323036193847656,42.63124084472656,-25.35733413696289,-109.27406311035156,-6.452849388122559,78.83839416503906,0.25203027512506176
5,39,-12.521161079406738,41.716026306152344,-26.401519775390625,-108.2203369140625,-6.031232833862305,78.08316040039062,0.25348891848905325
5,40,-12.685646057128906,41.39299774169922,-26.17963981628418,-108.42739868164062,-5.931174278259277,77.45205688476562,0.2524530153196146
5,41,-13.02455997467041,42.03495788574219,-26.04395294189453,-108.33038330078125,-6.055243492126465,75.16552734375,0.2531161631541824
5,42,-13.67123031616211,42.470035552978516,-25.103023529052734,-108.78719329833984,-6.22698974609375,62.15673828125,0.2514621961165737
5,43,-13.728426933288574,41.380226135253906,-26.198747634887695,-108.72006225585938,-5.838173866271973,59.49266815185547,0.25234415950155215
5,44,-14.308562278747559,41.38965606689453,-26.064342498779297,-108.57754516601562,-5.869209289550781,60.02597427368164,0.2521269614060952
5,45,-15.670453071594238,43.16425704956055,-27.0850830078125,-107.60519409179688,-5.759716987609863,66.7640609741211,0.2572180186805651
5,46,-18.03362274169922,44.354190826416016,-29.236732482910156,-106.50506591796875,-4.734816551208496,72.42489624023438,0.2635522592467668
5,47,-19.499521255493164,43.504005432128906,-31.240745544433594,-105.2857437133789,-4.409111976623535,67.37612915039062,0.266586096104496
5,48,-18.987268447875977,42.833763122558594,-31.218883514404297,-106.17493438720703,-4.662571907043457,66.8906021118164,0.26554133256033996
5,49,-8.945845603942871,32.84864044189453,-22.169191360473633,-86.65442657470703,-6.259042739868164,48.949462890625,0.23801892827873783
6,0,-14.875876426696777,84.41954040527344,-0.170684814453125,-90.07405090332031,-6.926968574523926,64.15425109863281,0.2546124123575156
6,1,-14.639288902282715,82.24528503417969,1.279388427734375,-91.89054107666016,-7.2509565353393555,65.70057678222656,0.25001815612660916
6,2,-14.206878662109375,78.44371795654297,-0.7227420806884766,-93.23572540283203,-7.267333984375,67.92678833007812,0.24993292314867582
6,3,-14.833292007446289,76.09925079345703,-3.62593936920166,-92.74028015136719,-7.522027015686035,72.86955261230469,0.2530978007325103
6,4,-14.929353713989258,73.22183990478516,-7.689901351928711,-92.25233459472656,-7.3996171951293945,72.50294494628906,0.25758832752132227
6,5,-14.898988723754883,68.25139617919922,-12.661128997802734,-92.44224548339844,-7.313486099243164,74.34313201904297,0.26132807558631005
6,6,-13.634696960449219,64.67449188232422,-21.262971878051758,-92.01936340332031,-6.393902778625488,79.61871337890625,0.2713592230415439
6,7,-13.35427474975586,64.28975677490234,-23.63165283203125,-92.43895721435547,-6.82144832611084,86.18241882324219,0.27451374426733915
6,8,-12.290202140808105,62.74062728881836,-24.805309295654297,-94.15184783935547,-6.854253768920898,85.8387222290039,0.2754403470982354
6,9,-11.206875801086426,62.106143951416016,-24.76995849609375,-95.00338745117188,-6.82172966003418,84.88496398925781,0.275094850899428
6,10,-10.767611503601074,60.57514953613281,-26.884950637817383,-95.88977813720703,-6.693362236022949,84.20663452148438,0.27706011166795824
6,11,-10.652514457702637,59.299278259277344,-28.036161422729492,-96.915283203125,-6.649242401123047,84.1412582397461,0.27787891120265457
6,12,-10.50527572631836,57.850318908691406,-28.752403259277344,-97.53680419921875,-6.512063026428223,83.91487121582031,0.2777571985170976
6,13,-9.780383110046387,56.287960052490234,-28.732913970947266,-97.66565704345703,-6.456504821777344,83.4183120727539,0.2762613516812701
6,14,-9.451038360595703,55.33828353881836,-28.813949584960938,-98.88766479492188,-6.539794921875,82.88121032714844,0.2757077984680443
6,15,-9.63886833190918,54.45743179321289,-28.428958892822266,-99.55012512207031,-6.600197792053223,83.28961181640625,0.2742994134360614
6,16,-9.76881217956543,55.81706619262695,-26.269330978393555,-100.49581146240234,-6.813601493835449,82.24373626708984,0.2722434919050562
6,17,-9.996148109436035,54.51913070678711,-25.762535095214844,-101.88238525390625,-6.898263931274414,81.777099609375,0.26995963018961955
6,18,-10.310840606689453,54.668209075927734,-23.96282958984375,-102.75990295410156,-6.834085464477539,81.26583862304688,0.26678062084899906
6,19,-9.969625473022461,54.278141021728516,-22.300254821777344,-104.38715362548828,-6.861690521240234,80.84275817871094,0.26283635828666496
6,20,-9.748238563537598,52.46253204345703,-22.74488639831543,-104.4102783203125,-6.671663284301758,81.24297332763672,0.2614716085604922
6,21,-9.544794082641602,50.33482360839844,-23.716564178466797,-103.85379791259766,-6.468905448913574,80.29844665527344,0.2608728308408802
6,22,-9.505455017089844,50.93252944946289,-21.684398651123047,-104.10457611083984,-6.499739646911621,80.06359100341797,0.2574771066692904
6,23,-9.80551815032959,49.94660949707031,-21.97955322265625,-104.01588439941406,-6.372653961181641,79.3803939819336,0.25683787832628957
6,24,-10.318470001220703,50.426368713378906,-21.97425651550293,-104.1554946899414,-6.457548141479492,77.92886352539062,0.2574042777953475
6,25,-10.14709758758545,50.035831451416016,-22.538143157958984,-104.45950317382812,-6.421718597412109,78.62610626220703,0.2579638974459753
6,26,-10.474467277526855,49.17070388793945,-22.018173217773438,-105.47785949707031,-6.215663909912109,78.25688171386719,0.25542358172722907
6,27,-11.498956680297852,49.443321228027344,-22.3428955078125,-105.6637191772461,-6.377413749694824,78.19761657714844,0.2564019339218813
6,28,-11.228959083557129,48.84712600708008,-22.21070671081543,-107.02391815185547,-6.089600563049316,78.55825805664062,0.2548085696328345
6,29,-11.4799165725708,48.33131408691406,-23.707860946655273,-107.34463500976562,-6.198908805847168,78.10691833496094,0.25719233993543467
6,30,-11.417023658752441,48.22938537597656,-23.60360336303711,-107.76786041259766,-6.0750932693481445,78.21723937988281,0.256667470305395
6,31,-11.943588256835938,47.39458465576172,-24.04926109313965,-107.59245300292969,-6.144757270812988,78.68181610107422,0.2565596748248291
6,32,-11.929518699645996,46.65226745605469,-23.924362182617188,-108.19094848632812,-6.096323013305664,80.29676818847656,0.25503030030700874
6,33,-12.173458099365234,45.751808166503906,-24.597240447998047,-108.42483520507812,-6.03452205657959,79.31063842773438,0.2551461683555096
6,34,-12.510404586791992,45.230224609375,-24.310270309448242,-108.50172424316406,-6.115913391113281,79.79754638671875,0.2537596969179735
6,35,-12.430526733398438,43.741241455078125,-24.550830841064453,-109.23226928710938,-6.269627571105957,79.03412628173828,0.2518445685105351
6,36,-12.453773498535156,42.83832550048828,-24.90591812133789,-109.77933502197266,-6.404804229736328,78.31969451904297,0.2510703881301495
6,37,-12.230814933776855,42.41926574707031,-26.069150924682617,-109.16192626953125,-6.266543388366699,78.76002502441406,0.2533519981271529
6,38,-12.323036193847656,42.63124084472656,-25.35733413696289,-109.27406311035156,-6.452849388122559,78.83839416503906,0.25203027512506176
6,39,-12.521161079406738,41.716026306152344,-26.401519775390625,-108.2203369140625,-6.031232833862305,78.08316040039062,0.25348891848905325
6,40,-12.685646057128906,41.39299774169922,-26.17963981628418,-108.42739868164062,-5.931174278259277,77.45205688476562,0.2524530153196146
6,41,-13.02455997467041,42.03495788574219,-26.04395294189453,-108.33038330078125,-6.055243492126465,75.16552734375,0.2531161631541824
6,42,-13.67123031616211,42.470035552978516,-25.103023529052734,-108.78719329833984,-6.22698974609375,62.15673828125,0.2514621961165737
6,43,-13.728426933288574,41.380226135253906,-26.198747634887695,-108.72006225585938,-5.838173866271973,59.49266815185547,0.25234415950155215
6,44,-14.308562278747559,41.38965606689453,-26.064342498779297,-108.57754516601562,-5.869209289550781,60.02597427368164,0.2521269614060952
6,45,-15.670453071594238,43.16425704956055,-27.0850830078125,-107.60519409179688,-5.759716987609863,66.7640609741211,0.2572180186805651
6,46,-18.03362274169922,44.354190826416016,-29.236732482910156,-106.50506591796875,-4.734816551208496,72.42489624023438,0.2635522592467668
6,47,-19.499521255493164,43.504005432128906,-31.240745544433594,-105.2857437133789,-4.409111976623535,67.37612915039062,0.266586096104496
6,48,-18.987268447875977,42.833763122558594,-31.218883514404297,-106.17493438720703,-4.662571907043457,66.8906021118164,0.26554133256033996
6,49,-8.945845603942871,32.84864044189453,-22.169191360473633,-86.65442657470703,-6.259042739868164,48.949462890625,0.23801892827873783
7,0,-14.875876426696777,84.41954040527344,-0.170684814453125,-90.07405090332031,-6.926968574523926,64.15425109863281,0.2546124123575156
7,1,-14.639288902282715,82.24528503417969,1.279388427734375,-91.89054107666016,-7.2509565353393555,65.70057678222656,0.25001815612660916
7,2,-14.206878662109375,78.44371795654297,-0.7227420806884766,-93.23572540283203,-7.267333984375,67.92678833007812,0.24993292314867582
7,3,-14.833292007446289,76.09925079345703,-3.62593936920166,-92.74028015136719,-7.522027015686035,72.86955261230469,0.2530978007325103
7,4,-14.929353713989258,73.22183990478516,-7.689901351928711,-92.25233459472656,-7.3996171951293945,72.50294494628906,0.25758832752132227
7,5,-14.898988723754883,68.25139617919922,-12.661128997802734,-92.44224548339844,-7.313486099243164,74.34313201904297,0.26132807558631005
7,6,-13.634696960449219,64.67449188232422,-21.262971878051758,-92.01936340332031,-6.393902778625488,79.61871337890625,0.2713592230415439
7,7,-13.35427474975586,64.28975677490234,-23.63165283203125,-92.43895721435547,-6.82144832611084,86.18241882324219,0.27451374426733915
7,8,-12.290202140808105,62.74062728881836,-24.805309295654297,-94.15184783935547,-6.854253768920898,85.8387222290039,0.2754403470982354
7,9,-11.206875801086426,62.106143951416016,-24.76995849609375,-95.00338745117188,-6.82172966003418,84.88496398925781,0.275094850899428
7,10,-10.767611503601074,60.57514953613281,-26.884950637817383,-95.88977813720703,-6.693362236022949,84.20663452148438,0.27706011166795824
7,11,-10.652514457702637,59.299278259277344,-28.036161422729492,-96.915283203125,-6.649242401123047,84.1412582397461,0.27787891120265457
7,12,-10.50527572631836,57.850318908691406,-28.752403259277344,-97.53680419921875,-6.512063026428223,83.91487121582031,0.2777571985170976
7,13,-9.780383110046387,56.287960052490234,-28.732913970947266,-97.66565704345703,-6.456504821777344,83.4183120727539,0.2762613516812701
7,14,-9.451038360595703,55.33828353881836,-28.813949584960938,-98.88766479492188,-6.539794921875,82.88121032714844,0.2757077984680443
7,15,-9.63886833190918,54.45743179321289,-28.428958892822266,-99.55012512207031,-6.600197792053223,83.28961181640625,0.2742994134360614
7,16,-9.76881217956543,55.81706619262695,-26.269330978393555,-100.49581146240234,-6.813601493835449,82.24373626708984,0.2722434919050562
7,17,-9.996148109436035,54.51913070678711,-25.762535095214844,-101.88238525390625,-6.898263931274414,81.777099609375,0.26995963018961955
7,18,-10.310840606689453,54.668209075927734,-23.96282958984375,-102.75990295410156,-6.834085464477539,81.26583862304688,0.26678062084899906
7,19,-9.969625473022461,54.278141021728516,-22.300254821777344,-104.38715362548828,-6.861690521240234,80.84275817871094,0.26283635828666496
7,20,-9.748238563537598,52.46253204345703,-22.74488639831543,-104.4102783203125,-6.671663284301758,81.24297332763672,0.2614716085604922
7,21,-9.544794082641602,50.33482360839844,-23.716564178466797,-103.85379791259766,-6.468905448913574,80.29844665527344,0.2608728308408802
7,22,-9.505455017089844,50.93252944946289,-21.684398651123047,-104.10457611083984,-6.499739646911621,80.06359100341797,0.2574771066692904
7,23,-9.80551815032959,49.94660949707031,-21.97955322265625,-104.01588439941406,-6.372653961181641,79.3803939819336,0.25683787832628957
7,24,-10.318470001220703,50.426368713378906,-21.97425651550293,-104.1554946899414,-6.457548141479492,77.92886352539062,0.2574042777953475
7,25,-10.14709758758545,50.035831451416016,-22.538143157958984,-104.45950317382812,-6.421718597412109,78.62610626220703,0.2579638974459753
7,26,-10.474467277526855,49.17070388793945,-22.018173217773438,-105.47785949707031,-6.215663909912109,78.25688171386719,0.25542358172722907
7,27,-11.498956680297852,49.443321228027344,-22.3428955078125,-105.6637191772461,-6.377413749694824,78.19761657714844,0.2564019339218813
7,28,-11.228959083557129,48.84712600708008,-22.21070671081543,-107.02391815185547,-6.089600563049316,78.55825805664062,0.2548085696328345
7,29,-11.4799165725708,48.33131408691406,-23.707860946655273,-107.34463500976562,-6.198908805847168,78.10691833496094,0.25719233993543467
7,30,-11.417023658752441,48.22938537597656,-23.60360336303711,-107.76786041259766,-6.0750932693481445,78.21723937988281,0.256667470305395
7,31,-11.943588256835938,47.39458465576172,-24.04926109313965,-107.59245300292969,-6.144757270812988,78.68181610107422,0.2565596748248291
7,32,-11.929518699645996,46.65226745605469,-23.924362182617188,-108.19094848632812,-6.096323013305664,80.29676818847656,0.25503030030700874
7,33,-12.173458099365234,45.751808166503906,-24.597240447998047,-108.42483520507812,-6.03452205657959,79.31063842773438,0.2551461683555096
7,34,-12.510404586791992,45.230224609375,-24.310270309448242,-108.50172424316406,-6.115913391113281,79.79754638671875,0.2537596969179735
7,35,-12.430526733398438,43.741241455078125,-24.550830841064453,-109.23226928710938,-6.269627571105957,79.03412628173828,0.2518445685105351
7,36,-12.453773498535156,42.83832550048828,-24.90591812133789,-109.77933502197266,-6.404804229736328,78.31969451904297,0.2510703881301495
7,37,-12.230814933776855,42.41926574707031,-26.069150924682617,-109.16192626953125,-6.266543388366699,78.76002502441406,0.2533519981271529
7,38,-12.323036193847656,42.63124084472656,-25.35733413696289,-109.27406311035156,-6.452849388122559,78.83839416503906,0.25203027512506176
7,39,-12.521161079406738,41.716026306152344,-26.401519775390625,-108.2203369140625,-6.031232833862305,78.08316040039062,0.25348891848905325
7,40,-12.685646057128906,41.39299774169922,-26.17963981628418,-108.42739868164062,-5.931174278259277,77.45205688476562,0.2524530153196146
7,41,-13.02455997467041,42.03495788574219,-26.04395294189453,-108.33038330078125,-6.055243492126465,75.16552734375,0.2531161631541824
7,42,-13.67123031616211,42.470035552978516,-25.103023529052734,-108.78719329833984,-6.22698974609375,62.15673828125,0.2514621961165737
7,43,-13.728426933288574,41.380226135253906,-26.198747634887695,-108.72006225585938,-5.838173866271973,59.49266815185547,0.25234415950155215
7,44,-14.308562278747559,41.38965606689453,-26.064342498779297,-108.57754516601562,-5.869209289550781,60.02597427368164,0.2521269614060952
7,45,-15.670453071594238,43.16425704956055,-27.0850830078125,-107.60519409179688,-5.759716987609863,66.7640609741211,0.2572180186805651
7,46,-18.03362274169922,44.354190826416016,-29.236732482910156,-106.50506591796875,-4.734816551208496,72.42489624023438,0.2635522592467668
7,47,-19.499521255493164,43.504005432128906,-31.240745544433594,-105.2857437133789,-4.409111976623535,67.37612915039062,0.266586096104496
7,48,-18.987268447875977,42.833763122558594,-31.218883514404297,-106.17493438720703,-4.662571907043457,66.8906021118164,0.26554133256033996
7,49,-8.945845603942871,32.84864044189453,-22.169191360473633,-86.65442657470703,-6.259042739868164,48.949462890625,0.23801892827873783
8,0,-14.875876426696777,84.41954040527344,-0.170684814453125,-90.07405090332031,-6.926968574523926,64.15425109863281,0.2546124123575156
8,1,-14.639288902282715,82.24528503417969,1.279388427734375,-91.89054107666016,-7.2509565353393555,65.70057678222656,0.25001815612660916
8,2,-14.206878662109375,78.44371795654297,-0.7227420806884766,-93.23572540283203,-7.267333984375,67.92678833007812,0.24993292314867582
8,3,-14.833292007446289,76.09925079345703,-3.62593936920166,-92.74028015136719,-7.522027015686035,72.86955261230469,0.2530978007325103
8,4,-14.929353713989258,73.22183990478516,-7.689901351928711,-92.25233459472656,-7.3996171951293945,72.50294494628906,0.25758832752132227
8,5,-14.898988723754883,68.25139617919922,-12.661128997802734,-92.44224548339844,-7.313486099243164,74.34313201904297,0.26132807558631005
8,6,-13.634696960449219,64.67449188232422,-21.262971878051758,-92.01936340332031,-6.393902778625488,79.61871337890625,0.2713592230415439
8,7,-13.35427474975586,64.28975677490234,-23.63165283203125,-92.43895721435547,-6.82144832611084,86.18241882324219,0.27451374426733915
8,8,-12.290202140808105,62.74062728881836,-24.805309295654297,-94.15184783935547,-6.854253768920898,85.8387222290039,0.2754403470982354
8,9,-11.206875801086426,62.106143951416016,-24.76995849609375,-95.00338745117188,-6.82172966003418,84.88496398925781,0.275094850899428
8,10,-10.767611503601074,60.57514953613281,-26.884950637817383,-95.88977813720703,-6.693362236022949,84.20663452148438,0.27706011166795824
8,11,-10.652514457702637,59.299278259277344,-28.036161422729492,-96.915283203125,-6.649242401123047,84.1412582397461,0.27787891120265457
8,12,-10.50527572631836,57.850318908691406,-28.752403259277344,-97.53680419921875,-6.512063026428223,83.91487121582031,0.2777571985170976
8,13,-9.780383110046387,56.287960052490234,-28.732913970947266,-97.66565704345703,-6.456504821777344,83.4183120727539,0.2762613516812701
8,14,-9.451038360595703,55.33828353881836,-28.813949584960938,-98.88766479492188,-6.539794921875,82.88121032714844,0.2757077984680443
8,15,-9.63886833190918,54.45743179321289,-28.428958892822266,-99.55012512207031,-6.600197792053223,83.28961181640625,0.2742994134360614
8,16,-9.76881217956543,55.81706619262695,-26.269330978393555,-100.49581146240234,-6.813601493835449,82.24373626708984,0.2722434919050562
8,17,-9.996148109436035,54.51913070678711,-25.762535095214844,-101.88238525390625,-6.898263931274414,81.777099609375,0.26995963018961955
8,18,-10.310840606689453,54.668209075927734,-23.96282958984375,-102.75990295410156,-6.834085464477539,81.26583862304688,0.26678062084899906
8,19,-9.969625473022461,54.278141021728516,-22.300254821777344,-104.38715362548828,-6.861690521240234,80.84275817871094,0.26283635828666496
8,20,-9.748238563537598,52.46253204345703,-22.74488639831543,-104.4102783203125,-6.671663284301758,81.24297332763672,0.2614716085604922
8,21,-9.544794082641602,50.33482360839844,-23.716564178466797,-103.85379791259766,-6.468905448913574,80.29844665527344,0.2608728308408802
8,22,-9.505455017089844,50.93252944946289,-21.684398651123047,-104.10457611083984,-6.499739646911621,80.06359100341797,0.2574771066692904
8,23,-9.80551815032959,49.94660949707031,-21.97955322265625,-104.01588439941406,-6.372653961181641,79.3803939819336,0.25683787832628957
8,24,-10.318470001220703,50.426368713378906,-21.97425651550293,-104.1554946899414,-6.457548141479492,77.92886352539062,0.2574042777953475
8,25,-10.14709758758545,50.035831451416016,-22.538143157958984,-104.45950317382812,-6.421718597412109,78.62610626220703,0.2579638974459753
8,26,-10.474467277526855,49.17070388793945,-22.018173217773438,-105.47785949707031,-6.215663909912109,78.25688171386719,0.25542358172722907
8,27,-11.498956680297852,49.443321228027344,-22.3428955078125,-105.6637191772461,-6.377413749694824,78.19761657714844,0.2564019339218813
8,28,-11.228959083557129,48.84712600708008,-22.21070671081543,-107.02391815185547,-6.089600563049316,78.55825805664062,0.2548085696328345
8,29,-11.4799165725708,48.33131408691406,-23.707860946655273,-107.34463500976562,-6.198908805847168,78.10691833496094,0.25719233993543467
8,30,-11.417023658752441,48.22938537597656,-23.60360336303711,-107.76786041259766,-6.0750932693481445,78.21723937988281,0.256667470305395
8,31,-11.943588256835938,47.39458465576172,-24.04926109313965,-107.59245300292969,-6.144757270812988,78.68181610107422,0.2565596748248291
8,32,-11.929518699645996,46.65226745605469,-23.924362182617188,-108.19094848632812,-6.096323013305664,80.29676818847656,0.25503030030700874
8,33,-12.173458099365234,45.751808166503906,-24.597240447998047,-108.42483520507812,-6.03452205657959,79.31063842773438,0.2551461683555096
8,34,-12.510404586791992,45.230224609375,-24.310270309448242,-108.50172424316406,-6.115913391113281,79.79754638671875,0.2537596969179735
8,35,-12.430526733398438,43.741241455078125,-24.550830841064453,-109.23226928710938,-6.269627571105957,79.03412628173828,0.2518445685105351
8,36,-12.453773498535156,42.83832550048828,-24.90591812133789,-109.77933502197266,-6.404804229736328,78.31969451904297,0.2510703881301495
8,37,-12.230814933776855,42.41926574707031,-26.069150924682617,-109.16192626953125,-6.266543388366699,78.76002502441406,0.2533519981271529
8,38,-12.323036193847656,42.63124084472656,-25.35733413696289,-109.27406311035156,-6.452849388122559,78.83839416503906,0.25203027512506176
8,39,-12.521161079406738,41.716026306152344,-26.401519775390625,-108.2203369140625,-6.031232833862305,78.08316040039062,0.25348891848905325
8,40,-12.685646057128906,41.39299774169922,-26.17963981628418,-108.42739868164062,-5.931174278259277,77.45205688476562,0.2524530153196146
8,41,-13.02455997467041,42.03495788574219,-26.04395294189453,-108.33038330078125,-6.055243492126465,75.16552734375,0.2531161631541824
8,42,-13.67123031616211,42.470035552978516,-25.103023529052734,-108.78719329833984,-6.22698974609375,62.15673828125,0.2514621961165737
8,43,-13.728426933288574,41.380226135253906,-26.198747634887695,-108.72006225585938,-5.838173866271973,59.49266815185547,0.25234415950155215
8,44,-14.308562278747559,41.38965606689453,-26.064342498779297,-108.57754516601562,-5.869209289550781,60.02597427368164,0.2521269614060952
8,45,-15.670453071594238,43.16425704956055,-27.0850830078125,-107.60519409179688,-5.759716987609863,66.7640609741211,0.2572180186805651
8,46,-18.03362274169922,44.354190826416016,-29.236732482910156,-106.50506591796875,-4.734816551208496,72.42489624023438,0.2635522592467668
8,47,-19.499521255493164,43.504005432128906,-31.240745544433594,-105.2857437133789,-4.409111976623535,67.37612915039062,0.266586096104496
8,48,-18.987268447875977,42.833763122558594,-31.218883514404297,-106.17493438720703,-4.662571907043457,66.8906021118164,0.26554133256033996
8,49,-8.945845603942871,32.84864044189453,-22.169191360473633,-86.65442657470703,-6.259042739868164,48.949462890625,0.23801892827873783
9,0,-14.875876426696777,84.41954040527344,-0.170684814453125,-90.07405090332031,-6.926968574523926,64.15425109863281,0.2546124123575156
9,1,-14.639288902282715,82.24528503417969,1.279388427734375,-91.89054107666016,-7.2509565353393555,65.70057678222656,0.25001815612660916
9,2,-14.206878662109375,78.44371795654297,-0.7227420806884766,-93.23572540283203,-7.267333984375,67.92678833007812,0.24993292314867582
9,3,-14.833292007446289,76.09925079345703,-3.62593936920166,-92.74028015136719,-7.522027015686035,72.86955261230469,0.2530978007325103
9,4,-14.929353713989258,73.22183990478516,-7.689901351928711,-92.25233459472656,-7.3996171951293945,72.50294494628906,0.25758832752132227
9,5,-14.898988723754883,68.25139617919922,-12.661128997802734,-92.44224548339844,-7.313486099243164,74.34313201904297,0.26132807558631005
9,6,-13.634696960449219,64.67449188232422,-21.262971878051758,-92.01936340332031,-6.393902778625488,79.61871337890625,0.2713592230415439
9,7,-13.35427474975586,64.28975677490234,-23.63165283203125,-92.43895721435547,-6.82144832611084,86.18241882324219,0.27451374426733915
9,8,-12.290202140808105,62.74062728881836,-24.805309295654297,-94.15184783935547,-6.854253768920898,85.8387222290039,0.2754403470982354
9,9,-11.206875801086426,62.106143951416016,-24.76995849609375,-95.00338745117188,-6.82172966003418,84.88496398925781,0.275094850899428
9,10,-10.767611503601074,60.57514953613281,-26.884950637817383,-95.88977813720703,-6.693362236022949,84.20663452148438,0.27706011166795824
9,11,-10.652514457702637,59.299278259277344,-28.036161422729492,-96.915283203125,-6.649242401123047,84.1412582397461,0.27787891120265457
9,12,-10.50527572631836,57.850318908691406,-28.752403259277344,-97.53680419921875,-6.512063026428223,83.91487121582031,0.2777571985170976
9,13,-9.780383110046387,56.287960052490234,-28.732913970947266,-97.66565704345703,-6.456504821777344,83.4183120727539,0.2762613516812701
9,14,-9.451038360595703,55.33828353881836,-28.813949584960938,-98.88766479492188,-6.539794921875,82.88121032714844,0.2757077984680443
9,15,-9.63886833190918,54.45743179321289,-28.428958892822266,-99.55012512207031,-6.600197792053223,83.28961181640625,0.2742994134360614
9,16,-9.76881217956543,55.81706619262695,-26.269330978393555,-100.49581146240234,-6.813601493835449,82.24373626708984,0.2722434919050562
9,17,-9.996148109436035,54.51913070678711,-25.762535095214844,-101.88238525390625,-6.898263931274414,81.777099609375,0.26995963018961955
9,18,-10.310840606689453,54.668209075927734,-23.96282958984375,-102.75990295410156,-6.834085464477539,81.26583862304688,0.26678062084899906
9,19,-9.969625473022461,54.278141021728516,-22.300254821777344,-104.38715362548828,-6.861690521240234,80.84275817871094,0.26283635828666496
9,20,-9.748238563537598,52.46253204345703,-22.74488639831543,-104.4102783203125,-6.671663284301758,81.24297332763672,0.2614716085604922
9,21,-9.544794082641602,50.33482360839844,-23.716564178466797,-103.85379791259766,-6.468905448913574,80.29844665527344,0.2608728308408802
9,22,-9.505455017089844,50.93252944946289,-21.684398651123047,-104.10457611083984,-6.499739646911621,80.06359100341797,0.2574771066692904
9,23,-9.80551815032959,49.94660949707031,-21.97955322265625,-104.01588439941406,-6.372653961181641,79.3803939819336,0.25683787832628957
9,24,-10.318470001220703,50.426368713378906,-21.97425651550293,-104.1554946899414,-6.457548141479492,77.92886352539062,0.2574042777953475
9,25,-10.14709758758545,50.035831451416016,-22.538143157958984,-104.45950317382812,-6.421718597412109,78.62610626220703,0.2579638974459753
9,26,-10.474467277526855,49.17070388793945,-22.018173217773438,-105.47785949707031,-6.215663909912109,78.25688171386719,0.25542358172722907
9,27,-11.498956680297852,49.443321228027344,-22.3428955078125,-105.6637191772461,-6.377413749694824,78.19761657714844,0.2564019339218813
9,28,-11.228959083557129,48.84712600708008,-22.21070671081543,-107.02391815185547,-6.089600563049316,78.55825805664062,0.2548085696328345
9,29,-11.4799165725708,48.33131408691406,-23.707860946655273,-107.34463500976562,-6.198908805847168,78.10691833496094,0.25719233993543467
9,30,-11.417023658752441,48.22938537597656,-23.60360336303711,-107.76786041259766,-6.0750932693481445,78.21723937988281,0.256667470305395
9,31,-11.943588256835938,47.39458465576172,-24.04926109313965,-107.59245300292969,-6.144757270812988,78.68181610107422,0.2565596748248291
9,32,-11.929518699645996,46.65226745605469,-23.924362182617188,-108.19094848632812,-6.096323013305664,80.29676818847656,0.25503030030700874
9,33,-12.173458099365234,45.751808166503906,-24.597240447998047,-108.42483520507812,-6.03452205657959,79.31063842773438,0.2551461683555096
9,34,-12.510404586791992,45.230224609375,-24.310270309448242,-108.50172424316406,-6.115913391113281,79.79754638671875,0.2537596969179735
9,35,-12.430526733398438,43.741241455078125,-24.550830841064453,-109.23226928710938,-6.269627571105957,79.03412628173828,0.2518445685105351
9,36,-12.453773498535156,42.83832550048828,-24.90591812133789,-109.77933502197266,-6.404804229736328,78.31969451904297,0.2510703881301495
9,37,-12.230814933776855,42.41926574707031,-26.069150924682617,-109.16192626953125,-6.266543388366699,78.76002502441406,0.2533519981271529
9,38,-12.323036193847656,42.63124084472656,-25.35733413696289,-109.27406311035156,-6.452849388122559,78.83839416503906,0.25203027512506176
9,39,-12.521161079406738,41.716026306152344,-26.401519775390625,-108.2203369140625,-6.031232833862305,78.08316040039062,0.25348891848905325
9,40,-12.685646057128906,41.39299774169922,-26.17963981628418,-108.42739868164062,-5.931174278259277,77.45205688476562,0.2524530153196146
9,41,-13.02455997467041,42.03495788574219,-26.04395294189453,-108.33038330078125,-6.055243492126465,75.16552734375,0.2531161631541824
9,42,-13.67123031616211,42.470035552978516,-25.103023529052734,-108.78719329833984,-6.22698974609375,62.15673828125,0.2514621961165737
9,43,-13.728426933288574,41.380226135253906,-26.198747634887695,-108.72006225585938,-5.838173866271973,59.49266815185547,0.25234415950155215
9,44,-14.308562278747559,41.38965606689453,-26.064342498779297,-108.57754516601562,-5.869209289550781,60.02597427368164,0.2521269614060952
9,45,-15.670453071594238,43.16425704956055,-27.0850830078125,-107.60519409179688,-5.759716987609863,66.7640609741211,0.2572180186805651
9,46,-18.03362274169922,44.354190826416016,-29.236732482910156,-106.50506591796875,-4.734816551208496,72.42489624023438,0.2635522592467668
9,47,-19.499521255493164,43.504005432128906,-31.240745544433594,-105.2857437133789,-4.409111976623535,67.37612915039062,0.266586096104496
9,48,-18.987268447875977,42.833763122558594,-31.218883514404297,-106.17493438720703,-4.662571907043457,66.8906021118164,0.26554133256033996
9,49,-8.945845603942871,32.84864044189453,-22.169191360473633,-86.65442657470703,-6.259042739868164,48.949462890625,0.23801892827873783
10,0,-14.875876426696777,84.41954040527344,-0.170684814453125,-90.07405090332031,-6.926968574523926,64.15425109863281,0.2546124123575156
10,1,-14.639288902282715,82.24528503417969,1.279388427734375,-91.89054107666016,-7.2509565353393555,65.70057678222656,0.25001815612660916
10,2,-14.206878662109375,78.44371795654297,-0.7227420806884766,-93.23572540283203,-7.267333984375,67.92678833007812,0.24993292314867582
10,3,-14.833292007446289,76.09925079345703,-3.62593936920166,-92.74028015136719,-7.522027015686035,72.86955261230469,0.2530978007325103
10,4,-14.929353713989258,73.22183990478516,-7.689901351928711,-92.25233459472656,-7.3996171951293945,72.50294494628906,0.25758832752132227
10,5,-14.898988723754883,68.25139617919922,-12.661128997802734,-92.44224548339844,-7.313486099243164,74.34313201904297,0.26132807558631005
10,6,-13.634696960449219,64.67449188232422,-21.262971878051758,-92.01936340332031,-6.393902778625488,79.61871337890625,0.2713592230415439
10,7,-13.35427474975586,64.28975677490234,-23.63165283203125,-92.43895721435547,-6.82144832611084,86.18241882324219,0.27451374426733915
10,8,-12.290202140808105,62.74062728881836,-24.805309295654297,-94.15184783935547,-6.854253768920898,85.8387222290039,0.2754403470982354
10,9,-11.206875801086426,62.106143951416016,-24.76995849609375,-95.00338745117188,-6.82172966003418,84.88496398925781,0.275094850899428
10,10,-10.767611503601074,60.57514953613281,-26.884950637817383,-95.88977813720703,-6.693362236022949,84.20663452148438,0.27706011166795824
10,11,-10.652514457702637,59.299278259277344,-28.036161422729492,-96.915283203125,-6.649242401123047,84.1412582397461,0.27787891120265457
10,12,-10.50527572631836,57.850318908691406,-28.752403259277344,-97.53680419921875,-6.512063026428223,83.91487121582031,0.2777571985170976
10,13,-9.780383110046387,56.287960052490234,-28.732913970947266,-97.66565704345703,-6.456504821777344,83.4183120727539,0.2762613516812701
10,14,-9.451038360595703,55.33828353881836,-28.813949584960938,-98.88766479492188,-6.539794921875,82.88121032714844,0.2757077984680443
10,15,-9.63886833190918,54.45743179321289,-28.428958892822266,-99.55012512207031,-6.600197792053223,83.28961181640625,0.2742994134360614
10,16,-9.76881217956543,55.81706619262695,-26.269330978393555,-100.49581146240234,-6.813601493835449,82.24373626708984,0.2722434919050562
10,17,-9.996148109436035,54.51913070678711,-25.762535095214844,-101.88238525390625,-6.898263931274414,81.777099609375,0.26995963018961955
10,18,-10.310840606689453,54.668209075927734,-23.96282958984375,-102.75990295410156,-6.834085464477539,81.26583862304688,0.26678062084899906
10,19,-9.969625473022461,54.278141021728516,-22.300254821777344,-104.38715362548828,-6.861690521240234,80.84275817871094,0.26283635828666496
10,20,-9.748238563537598,52.46253204345703,-22.74488639831543,-104.4102783203125,-6.671663284301758,81.24297332763672,0.2614716085604922
10,21,-9.544794082641602,50.33482360839844,-23.716564178466797,-103.85379791259766,-6.468905448913574,80.29844665527344,0.2608728308408802
10,22,-9.505455017089844,50.93252944946289,-21.684398651123047,-104.10457611083984,-6.499739646911621,80.06359100341797,0.2574771066692904
10,23,-9.80551815032959,49.94660949707031,-21.97955322265625,-104.01588439941406,-6.372653961181641,79.3803939819336,0.25683787832628957
10,24,-10.318470001220703,50.426368713378906,-21.97425651550293,-104.1554946899414,-6.457548141479492,77.92886352539062,0.2574042777953475
10,25,-10.14709758758545,50.035831451416016,-22.538143157958984,-104.45950317382812,-6.421718597412109,78.62610626220703,0.2579638974459753
10,26,-10.474467277526855,49.17070388793945,-22.018173217773438,-105.47785949707031,-6.215663909912109,78.25688171386719,0.25542358172722907
10,27,-11.498956680297852,49.443321228027344,-22.3428955078125,-105.6637191772461,-6.377413749694824,78.19761657714844,0.2564019339218813
10,28,-11.228959083557129,48.84712600708008,-22.21070671081543,-107.02391815185547,-6.089600563049316,78.55825805664062,0.2548085696328345
10,29,-11.4799165725708,48.33131408691406,-23.707860946655273,-107.34463500976562,-6.198908805847168,78.10691833496094,0.25719233993543467
10,30,-11.417023658752441,48.22938537597656,-23.60360336303711,-107.76786041259766,-6.0750932693481445,78.21723937988281,0.256667470305395
10,31,-11.943588256835938,47.39458465576172,-24.04926109313965,-107.59245300292969,-6.144757270812988,78.68181610107422,0.2565596748248291
10,32,-11.929518699645996,46.65226745605469,-23.924362182617188,-108.19094848632812,-6.096323013305664,80.29676818847656,0.25503030030700874
10,33,-12.173458099365234,45.751808166503906,-24.597240447998047,-108.42483520507812,-6.03452205657959,79.31063842773438,0.2551461683555096
10,34,-12.510404586791992,45.230224609375,-24.310270309448242,-108.50172424316406,-6.115913391113281,79.79754638671875,0.2537596969179735
10,35,-12.430526733398438,43.741241455078125,-24.550830841064453,-109.23226928710938,-6.269627571105957,79.03412628173828,0.2518445685105351
10,36,-12.453773498535156,42.83832550048828,-24.90591812133789,-109.77933502197266,-6.404804229736328,78.31969451904297,0.2510703881301495
10,37,-12.230814933776855,42.41926574707031,-26.069150924682617,-109.16192626953125,-6.266543388366699,78.76002502441406,0.2533519981271529
10,38,-12.323036193847656,42.63124084472656,-25.35733413696289,-109.27406311035156,-6.452849388122559,78.83839416503906,0.25203027512506176
10,39,-12.521161079406738,41.716026306152344,-26.401519775390625,-108.2203369140625,-6.031232833862305,78.08316040039062,0.25348891848905325
10,40,-12.685646057128906,41.39299774169922,-26.17963981628418,-108.42739868164062,-5.931174278259277,77.45205688476562,0.2524530153196146
10,41,-13.02455997467041,42.03495788574219,-26.04395294189453,-108.33038330078125,-6.055243492126465,75.16552734375,0.2531161631541824
10,42,-13.67123031616211,42.470035552978516,-25.103023529052734,-108.78719329833984,-6.22698974609375,62.15673828125,0.2514621961165737
10,43,-13.728426933288574,41.380226135253906,-26.198747634887695,-108.72006225585938,-5.838173866271973,59.49266815185547,0.25234415950155215
10,44,-14.308562278747559,41.38965606689453,-26.064342498779297,-108.57754516601562,-5.869209289550781,60.02597427368164,0.2521269614060952
10,45,-15.670453071594238,43.16425704956055,-27.0850830078125,-107.60519409179688,-5.759716987609863,66.7640609741211,0.2572180186805651
10,46,-18.03362274169922,44.354190826416016,-29.236732482910156,-106.50506591796875,-4.734816551208496,72.42489624023438,0.2635522592467668
10,47,-19.499521255493164,43.504005432128906,-31.240745544433594,-105.2857437133789,-4.409111976623535,67.37612915039062,0.266586096104496
10,48,-18.987268447875977,42.833763122558594,-31.218883514404297,-106.17493438720703,-4.662571907043457,66.8906021118164,0.26554133256033996
10,49,-8.945845603942871,32.84864044189453,-22.169191360473633,-86.65442657470703,-6.259042739868164,48.949462890625,0.23801892827873783
11,0,-14.875876426696777,84.41954040527344,-0.170684814453125,-90.07405090332031,-6.926968574523926,64.15425109863281,0.2546124123575156
11,1,-14.639288902282715,82.24528503417969,1.279388427734375,-91.89054107666016,-7.2509565353393555,65.70057678222656,0.25001815612660916
11,2,-14.206878662109375,78.44371795654297,-0.7227420806884766,-93.23572540283203,-7.267333984375,67.92678833007812,0.24993292314867582
11,3,-14.833292007446289,76.09925079345703,-3.62593936920166,-92.74028015136719,-7.522027015686035,72.86955261230469,0.2530978007325103
11,4,-14.929353713989258,73.22183990478516,-7.689901351928711,-92.25233459472656,-7.3996171951293945,72.50294494628906,0.25758832752132227
11,5,-14.898988723754883,68.25139617919922,-12.661128997802734,-92.44224548339844,-7.313486099243164,74.34313201904297,0.26132807558631005
11,6,-13.634696960449219,64.67449188232422,-21.262971878051758,-92.01936340332031,-6.393902778625488,79.61871337890625,0.2713592230415439
11,7,-13.35427474975586,64.28975677490234,-23.63165283203125,-92.43895721435547,-6.82144832611084,86.18241882324219,0.27451374426733915
11,8,-12.290202140808105,62.74062728881836,-24.805309295654297,-94.15184783935547,-6.854253768920898,85.8387222290039,0.2754403470982354
11,9,-11.206875801086426,62.106143951416016,-24.76995849609375,-95.00338745117188,-6.82172966003418,84.88496398925781,0.275094850899428
11,10,-10.767611503601074,60.57514953613281,-26.884950637817383,-95.88977813720703,-6.693362236022949,84.20663452148438,0.27706011166795824
11,11,-10.652514457702637,59.299278259277344,-28.036161422729492,-96.915283203125,-6.649242401123047,84.1412582397461,0.27787891120265457
11,12,-10.50527572631836,57.850318908691406,-28.752403259277344,-97.53680419921875,-6.512063026428223,83.91487121582031,0.2777571985170976
11,13,-9.780383110046387,56.287960052490234,-28.732913970947266,-97.66565704345703,-6.456504821777344,83.4183120727539,0.2762613516812701
11,14,-9.451038360595703,55.33828353881836,-28.813949584960938,-98.88766479492188,-6.539794921875,82.88121032714844,0.2757077984680443
11,15,-9.63886833190918,54.45743179321289,-28.428958892822266,-99.55012512207031,-6.600197792053223,83.28961181640625,0.2742994134360614
11,16,-9.76881217956543,55.81706619262695,-26.269330978393555,-100.49581146240234,-6.813601493835449,82.24373626708984,0.2722434919050562
11,17,-9.996148109436035,54.51913070678711,-25.762535095214844,-101.88238525390625,-6.898263931274414,81.777099609375,0.26995963018961955
11,18,-10.310840606689453,54.668209075927734,-23.96282958984375,-102.75990295410156,-6.834085464477539,81.26583862304688,0.26678062084899906
11,19,-9.969625473022461,54.278141021728516,-22.300254821777344,-104.38715362548828,-6.861690521240234,80.84275817871094,0.26283635828666496
11,20,-9.748238563537598,52.46253204345703,-22.74488639831543,-104.4102783203125,-6.671663284301758,81.24297332763672,0.2614716085604922
11,21,-9.544794082641602,50.33482360839844,-23.716564178466797,-103.85379791259766,-6.468905448913574,80.29844665527344,0.2608728308408802
11,22,-9.505455017089844,50.93252944946289,-21.684398651123047,-104.10457611083984,-6.499739646911621,80.06359100341797,0.2574771066692904
11,23,-9.80551815032959,49.94660949707031,-21.97955322265625,-104.01588439941406,-6.372653961181641,79.3803939819336,0.25683787832628957
11,24,-10.318470001220703,50.426368713378906,-21.97425651550293,-104.1554946899414,-6.457548141479492,77.92886352539062,0.2574042777953475
11,25,-10.14709758758545,50.035831451416016,-22.538143157958984,-104.45950317382812,-6.421718597412109,78.62610626220703,0.2579638974459753
11,26,-10.474467277526855,49.17070388793945,-22.018173217773438,-105.47785949707031,-6.215663909912109,78.25688171386719,0.25542358172722907
11,27,-11.498956680297852,49.443321228027344,-22.3428955078125,-105.6637191772461,-6.377413749694824,78.19761657714844,0.2564019339218813
11,28,-11.228959083557129,48.84712600708008,-22.21070671081543,-107.02391815185547,-6.089600563049316,78.55825805664062,0.2548085696328345
11,29,-11.4799165725708,48.33131408691406,-23.707860946655273,-107.34463500976562,-6.198908805847168,78.10691833496094,0.25719233993543467
11,30,-11.417023658752441,48.22938537597656,-23.60360336303711,-107.76786041259766,-6.0750932693481445,78.21723937988281,0.256667470305395
11,31,-11.943588256835938,47.39458465576172,-24.04926109313965,-107.59245300292969,-6.144757270812988,78.68181610107422,0.2565596748248291
11,32,-11.929518699645996,46.65226745605469,-23.924362182617188,-108.19094848632812,-6.096323013305664,80.29676818847656,0.25503030030700874
11,33,-12.173458099365234,45.751808166503906,-24.597240447998047,-108.42483520507812,-6.03452205657959,79.31063842773438,0.2551461683555096
11,34,-12.510404586791992,45.230224609375,-24.310270309448242,-108.50172424316406,-6.115913391113281,79.79754638671875,0.2537596969179735
11,35,-12.430526733398438,43.741241455078125,-24.550830841064453,-109.23226928710938,-6.269627571105957,79.03412628173828,0.2518445685105351
11,36,-12.453773498535156,42.83832550048828,-24.90591812133789,-109.77933502197266,-6.404804229736328,78.31969451904297,0.2510703881301495
11,37,-12.230814933776855,42.41926574707031,-26.069150924682617,-109.16192626953125,-6.266543388366699,78.76002502441406,0.2533519981271529
11,38,-12.323036193847656,42.63124084472656,-25.35733413696289,-109.27406311035156,-6.452849388122559,78.83839416503906,0.25203027512506176
11,39,-12.521161079406738,41.716026306152344,-26.401519775390625,-108.2203369140625,-6.031232833862305,78.08316040039062,0.25348891848905325
11,40,-12.685646057128906,41.39299774169922,-26.17963981628418,-108.42739868164062,-5.931174278259277,77.45205688476562,0.2524530153196146
11,41,-13.02455997467041,42.03495788574219,-26.04395294189453,-108.33038330078125,-6.055243492126465,75.16552734375,0.2531161631541824
11,42,-13.67123031616211,42.470035552978516,-25.103023529052734,-108.78719329833984,-6.22698974609375,62.15673828125,0.2514621961165737
11,43,-13.728426933288574,41.380226135253906,-26.198747634887695,-108.72006225585938,-5.838173866271973,59.49266815185547,0.25234415950155215
11,44,-14.308562278747559,41.38965606689453,-26.064342498779297,-108.57754516601562,-5.869209289550781,60.02597427368164,0.2521269614060952
11,45,-15.670453071594238,43.16425704956055,-27.0850830078125,-107.60519409179688,-5.759716987609863,66.7640609741211,0.2572180186805651
11,46,-18.03362274169922,44.354190826416016,-29.236732482910156,-106.50506591796875,-4.734816551208496,72.42489624023438,0.2635522592467668
11,47,-19.499521255493164,43.504005432128906,-31.240745544433594,-105.2857437133789,-4.409111976623535,67.37612915039062,0.266586096104496
11,48,-18.987268447875977,42.833763122558594,-31.218883514404297,-106.17493438720703,-4.662571907043457,66.8906021118164,0.26554133256033996
11,49,-8.945845603942871,32.84864044189453,-22.169191360473633,-86.65442657470703,-6.259042739868164,48.949462890625,0.23801892827873783
12,0,-14.875876426696777,84.41954040527344,-0.170684814453125,-90.07405090332031,-6.926968574523926,64.15425109863281,0.2546124123575156
12,1,-14.639288902282715,82.24528503417969,1.279388427734375,-91.89054107666016,-7.2509565353393555,65.70057678222656,0.25001815612660916
12,2,-14.206878662109375,78.44371795654297,-0.7227420806884766,-93.23572540283203,-7.267333984375,67.92678833007812,0.24993292314867582
12,3,-14.833292007446289,76.09925079345703,-3.62593936920166,-92.74028015136719,-7.522027015686035,72.86955261230469,0.2530978007325103
12,4,-14.929353713989258,73.22183990478516,-7.689901351928711,-92.25233459472656,-7.3996171951293945,72.50294494628906,0.25758832752132227
12,5,-14.898988723754883,68.25139617919922,-12.661128997802734,-92.44224548339844,-7.313486099243164,74.34313201904297,0.26132807558631005
12,6,-13.634696960449219,64.67449188232422,-21.262971878051758,-92.01936340332031,-6.393902778625488,79.61871337890625,0.2713592230415439
12,7,-13.35427474975586,64.28975677490234,-23.63165283203125,-92.43895721435547,-6.82144832611084,86.18241882324219,0.27451374426733915
12,8,-12.290202140808105,62.74062728881836,-24.805309295654297,-94.15184783935547,-6.854253768920898,85.8387222290039,0.2754403470982354
12,9,-11.206875801086426,62.106143951416016,-24.76995849609375,-95.00338745117188,-6.82172966003418,84.88496398925781,0.275094850899428
12,10,-10.767611503601074,60.57514953613281,-26.884950637817383,-95.88977813720703,-6.693362236022949,84.20663452148438,0.27706011166795824
12,11,-10.652514457702637,59.299278259277344,-28.036161422729492,-96.915283203125,-6.649242401123047,84.1412582397461,0.27787891120265457
12,12,-10.50527572631836,57.850318908691406,-28.752403259277344,-97.53680419921875,-6.512063026428223,83.91487121582031,0.2777571985170976
12,13,-9.780383110046387,56.287960052490234,-28.732913970947266,-97.66565704345703,-6.456504821777344,83.4183120727539,0.2762613516812701
12,14,-9.451038360595703,55.33828353881836,-28.813949584960938,-98.88766479492188,-6.539794921875,82.88121032714844,0.2757077984680443
12,15,-9.63886833190918,54.45743179321289,-28.428958892822266,-99.55012512207031,-6.600197792053223,83.28961181640625,0.2742994134360614
12,16,-9.76881217956543,55.81706619262695,-26.269330978393555,-100.49581146240234,-6.813601493835449,82.24373626708984,0.2722434919050562
12,17,-9.996148109436035,54.51913070678711,-25.762535095214844,-101.88238525390625,-6.898263931274414,81.777099609375,0.26995963018961955
12,18,-10.310840606689453,54.668209075927734,-23.96282958984375,-102.75990295410156,-6.834085464477539,81.26583862304688,0.26678062084899906
12,19,-9.969625473022461,54.278141021728516,-22.300254821777344,-104.38715362548828,-6.861690521240234,80.84275817871094,0.26283635828666496
12,20,-9.748238563537598,52.46253204345703,-22.74488639831543,-104.4102783203125,-6.671663284301758,81.24297332763672,0.2614716085604922
12,21,-9.544794082641602,50.33482360839844,-23.716564178466797,-103.85379791259766,-6.468905448913574,80.29844665527344,0.2608728308408802
12,22,-9.505455017089844,50.93252944946289,-21.684398651123047,-104.10457611083984,-6.499739646911621,80.06359100341797,0.2574771066692904
12,23,-9.80551815032959,49.94660949707031,-21.97955322265625,-104.01588439941406,-6.372653961181641,79.3803939819336,0.25683787832628957
12,24,-10.318470001220703,50.426368713378906,-21.97425651550293,-104.1554946899414,-6.457548141479492,77.92886352539062,0.2574042777953475
12,25,-10.14709758758545,50.035831451416016,-22.538143157958984,-104.45950317382812,-6.421718597412109,78.62610626220703,0.2579638974459753
12,26,-10.474467277526855,49.17070388793945,-22.018173217773438,-105.47785949707031,-6.215663909912109,78.25688171386719,0.25542358172722907
12,27,-11.498956680297852,49.443321228027344,-22.3428955078125,-105.6637191772461,-6.377413749694824,78.19761657714844,0.2564019339218813
12,28,-11.228959083557129,48.84712600708008,-22.21070671081543,-107.02391815185547,-6.089600563049316,78.55825805664062,0.2548085696328345
12,29,-11.4799165725708,48.33131408691406,-23.707860946655273,-107.34463500976562,-6.198908805847168,78.10691833496094,0.25719233993543467
12,30,-11.417023658752441,48.22938537597656,-23.60360336303711,-107.76786041259766,-6.0750932693481445,78.21723937988281,0.256667470305395
12,31,-11.943588256835938,47.39458465576172,-24.04926109313965,-107.59245300292969,-6.144757270812988,78.68181610107422,0.2565596748248291
12,32,-11.929518699645996,46.65226745605469,-23.924362182617188,-108.19094848632812,-6.096323013305664,80.29676818847656,0.25503030030700874
12,33,-12.173458099365234,45.751808166503906,-24.597240447998047,-108.42483520507812,-6.03452205657959,79.31063842773438,0.2551461683555096
12,34,-12.510404586791992,45.230224609375,-24.310270309448242,-108.50172424316406,-6.115913391113281,79.79754638671875,0.2537596969179735
12,35,-12.430526733398438,43.741241455078125,-24.550830841064453,-109.23226928710938,-6.269627571105957,79.03412628173828,0.2518445685105351
12,36,-12.453773498535156,42.83832550048828,-24.90591812133789,-109.77933502197266,-6.404804229736328,78.31969451904297,0.2510703881301495
12,37,-12.230814933776855,42.41926574707031,-26.069150924682617,-109.16192626953125,-6.266543388366699,78.76002502441406,0.2533519981271529
12,38,-12.323036193847656,42.63124084472656,-25.35733413696289,-109.27406311035156,-6.452849388122559,78.83839416503906,0.25203027512506176
12,39,-12.521161079406738,41.716026306152344,-26.401519775390625,-108.2203369140625,-6.031232833862305,78.08316040039062,0.25348891848905325
12,40,-12.685646057128906,41.39299774169922,-26.17963981628418,-108.42739868164062,-5.931174278259277,77.45205688476562,0.2524530153196146
12,41,-13.02455997467041,42.03495788574219,-26.04395294189453,-108.33038330078125,-6.055243492126465,75.16552734375,0.2531161631541824
12,42,-13.67123031616211,42.470035552978516,-25.103023529052734,-108.78719329833984,-6.22698974609375,62.15673828125,0.2514621961165737
12,43,-13.728426933288574,41.380226135253906,-26.198747634887695,-108.72006225585938,-5.838173866271973,59.49266815185547,0.25234415950155215
12,44,-14.308562278747559,41.38965606689453,-26.064342498779297,-108.57754516601562,-5.869209289550781,60.02597427368164,0.2521269614060952
12,45,-15.670453071594238,43.16425704956055,-27.0850830078125,-107.60519409179688,-5.759716987609863,66.7640609741211,0.2572180186805651
12,46,-18.03362274169922,44.354190826416016,-29.236732482910156,-106.50506591796875,-4.734816551208496,72.42489624023438,0.2635522592467668
12,47,-19.499521255493164,43.504005432128906,-31.240745544433594,-105.2857437133789,-4.409111976623535,67.37612915039062,0.266586096104496
12,48,-18.987268447875977,42.833763122558594,-31.218883514404297,-106.17493438720703,-4.662571907043457,66.8906021118164,0.26554133256033996
12,49,-8.945845603942871,32.84864044189453,-22.169191360473633,-86.65442657470703,-6.259042739868164,48.949462890625,0.23801892827873783
13,0,-14.875876426696777,84.41954040527344,-0.170684814453125,-90.07405090332031,-6.926968574523926,64.15425109863281,0.2546124123575156
13,1,-14.639288902282715,82.24528503417969,1.279388427734375,-91.89054107666016,-7.2509565353393555,65.70057678222656,0.25001815612660916
13,2,-14.206878662109375,78.44371795654297,-0.7227420806884766,-93.23572540283203,-7.267333984375,67.92678833007812,0.24993292314867582
13,3,-14.833292007446289,76.09925079345703,-3.62593936920166,-92.74028015136719,-7.522027015686035,72.86955261230469,0.2530978007325103
13,4,-14.929353713989258,73.22183990478516,-7.689901351928711,-92.25233459472656,-7.3996171951293945,72.50294494628906,0.25758832752132227
13,5,-14.898988723754883,68.25139617919922,-12.661128997802734,-92.44224548339844,-7.313486099243164,74.34313201904297,0.26132807558631005
13,6,-13.634696960449219,64.67449188232422,-21.262971878051758,-92.01936340332031,-6.393902778625488,79.61871337890625,0.2713592230415439
13,7,-13.35427474975586,64.28975677490234,-23.63165283203125,-92.43895721435547,-6.82144832611084,86.18241882324219,0.27451374426733915
13,8,-12.290202140808105,62.74062728881836,-24.805309295654297,-94.15184783935547,-6.854253768920898,85.8387222290039,0.2754403470982354
13,9,-11.206875801086426,62.106143951416016,-24.76995849609375,-95.00338745117188,-6.82172966003418,84.88496398925781,0.275094850899428
13,10,-10.767611503601074,60.57514953613281,-26.884950637817383,-95.88977813720703,-6.693362236022949,84.20663452148438,0.27706011166795824
13,11,-10.652514457702637,59.299278259277344,-28.036161422729492,-96.915283203125,-6.649242401123047,84.1412582397461,0.27787891120265457
13,12,-10.50527572631836,57.850318908691406,-28.752403259277344,-97.53680419921875,-6.512063026428223,83.91487121582031,0.2777571985170976
13,13,-9.780383110046387,56.287960052490234,-28.732913970947266,-97.66565704345703,-6.456504821777344,83.4183120727539,0.2762613516812701
13,14,-9.451038360595703,55.33828353881836,-28.813949584960938,-98.88766479492188,-6.539794921875,82.88121032714844,0.2757077984680443
13,15,-9.63886833190918,54.45743179321289,-28.428958892822266,-99.55012512207031,-6.600197792053223,83.28961181640625,0.2742994134360614
13,16,-9.76881217956543,55.81706619262695,-26.269330978393555,-100.49581146240234,-6.813601493835449,82.24373626708984,0.2722434919050562
13,17,-9.996148109436035,54.51913070678711,-25.762535095214844,-101.88238525390625,-6.898263931274414,81.777099609375,0.26995963018961955
13,18,-10.310840606689453,54.668209075927734,-23.96282958984375,-102.75990295410156,-6.834085464477539,81.26583862304688,0.26678062084899906
13,19,-9.969625473022461,54.278141021728516,-22.300254821777344,-104.38715362548828,-6.861690521240234,80.84275817871094,0.26283635828666496
13,20,-9.748238563537598,52.46253204345703,-22.74488639831543,-104.4102783203125,-6.671663284301758,81.24297332763672,0.2614716085604922
13,21,-9.544794082641602,50.33482360839844,-23.716564178466797,-103.85379791259766,-6.468905448913574,80.29844665527344,0.2608728308408802
13,22,-9.505455017089844,50.93252944946289,-21.684398651123047,-104.10457611083984,-6.499739646911621,80.06359100341797,0.2574771066692904
13,23,-9.80551815032959,49.94660949707031,-21.97955322265625,-104.01588439941406,-6.372653961181641,79.3803939819336,0.25683787832628957
13,24,-10.318470001220703,50.426368713378906,-21.97425651550293,-104.1554946899414,-6.457548141479492,77.92886352539062,0.2574042777953475
13,25,-10.14709758758545,50.035831451416016,-22.538143157958984,-104.45950317382812,-6.421718597412109,78.62610626220703,0.2579638974459753
13,26,-10.474467277526855,49.17070388793945,-22.018173217773438,-105.47785949707031,-6.215663909912109,78.25688171386719,0.25542358172722907
13,27,-11.498956680297852,49.443321228027344,-22.3428955078125,-105.6637191772461,-6.377413749694824,78.19761657714844,0.2564019339218813
13,28,-11.228959083557129,48.84712600708008,-22.21070671081543,-107.02391815185547,-6.089600563049316,78.55825805664062,0.2548085696328345
13,29,-11.4799165725708,48.33131408691406,-23.707860946655273,-107.34463500976562,-6.198908805847168,78.10691833496094,0.25719233993543467
13,30,-11.417023658752441,48.22938537597656,-23.60360336303711,-107.76786041259766,-6.0750932693481445,78.21723937988281,0.256667470305395
13,31,-11.943588256835938,47.39458465576172,-24.04926109313965,-107.59245300292969,-6.144757270812988,78.68181610107422,0.2565596748248291
13,32,-11.929518699645996,46.65226745605469,-23.924362182617188,-108.19094848632812,-6.096323013305664,80.29676818847656,0.25503030030700874
13,33,-12.173458099365234,45.751808166503906,-24.597240447998047,-108.42483520507812,-6.03452205657959,79.31063842773438,0.2551461683555096
13,34,-12.510404586791992,45.230224609375,-24.310270309448242,-108.50172424316406,-6.115913391113281,79.79754638671875,0.2537596969179735
13,35,-12.430526733398438,43.741241455078125,-24.550830841064453,-109.23226928710938,-6.269627571105957,79.03412628173828,0.2518445685105351
13,36,-12.453773498535156,42.83832550048828,-24.90591812133789,-109.77933502197266,-6.404804229736328,78.31969451904297,0.2510703881301495
13,37,-12.230814933776855,42.41926574707031,-26.069150924682617,-109.16192626953125,-6.266543388366699,78.76002502441406,0.2533519981271529
13,38,-12.323036193847656,42.63124084472656,-25.35733413696289,-109.27406311035156,-6.452849388122559,78.83839416503906,0.25203027512506176
13,39,-12.521161079406738,41.716026306152344,-26.401519775390625,-108.2203369140625,-6.031232833862305,78.08316040039062,0.25348891848905325
13,40,-12.685646057128906,41.39299774169922,-26.17963981628418,-108.42739868164062,-5.931174278259277,77.45205688476562,0.2524530153196146
13,41,-13.02455997467041,42.03495788574219,-26.04395294189453,-108.33038330078125,-6.055243492126465,75.16552734375,0.2531161631541824
13,42,-13.67123031616211,42.470035552978516,-25.103023529052734,-108.78719329833984,-6.22698974609375,62.15673828125,0.2514621961165737
13,43,-13.728426933288574,41.380226135253906,-26.198747634887695,-108.72006225585938,-5.838173866271973,59.49266815185547,0.25234415950155215
13,44,-14.308562278747559,41.38965606689453,-26.064342498779297,-108.57754516601562,-5.869209289550781,60.02597427368164,0.2521269614060952
13,45,-15.670453071594238,43.16425704956055,-27.0850830078125,-107.60519409179688,-5.759716987609863,66.7640609741211,0.2572180186805651
13,46,-18.03362274169922,44.354190826416016,-29.236732482910156,-106.50506591796875,-4.734816551208496,72.42489624023438,0.2635522592467668
13,47,-19.499521255493164,43.504005432128906,-31.240745544433594,-105.2857437133789,-4.409111976623535,67.37612915039062,0.266586096104496
13,48,-18.987268447875977,42.833763122558594,-31.218883514404297,-106.17493438720703,-4.662571907043457,66.8906021118164,0.26554133256033996
13,49,-8.945845603942871,32.84864044189453,-22.169191360473633,-86.65442657470703,-6.259042739868164,48.949462890625,0.23801892827873783
14,0,-14.875876426696777,84.41954040527344,-0.170684814453125,-90.07405090332031,-6.926968574523926,64.15425109863281,0.2546124123575156
14,1,-14.639288902282715,82.24528503417969,1.279388427734375,-91.89054107666016,-7.2509565353393555,65.70057678222656,0.25001815612660916
14,2,-14.206878662109375,78.44371795654297,-0.7227420806884766,-93.23572540283203,-7.267333984375,67.92678833007812,0.24993292314867582
14,3,-14.833292007446289,76.09925079345703,-3.62593936920166,-92.74028015136719,-7.522027015686035,72.86955261230469,0.2530978007325103
14,4,-14.929353713989258,73.22183990478516,-7.689901351928711,-92.25233459472656,-7.3996171951293945,72.50294494628906,0.25758832752132227
14,5,-14.898988723754883,68.25139617919922,-12.661128997802734,-92.44224548339844,-7.313486099243164,74.34313201904297,0.26132807558631005
14,6,-13.634696960449219,64.67449188232422,-21.262971878051758,-92.01936340332031,-6.393902778625488,79.61871337890625,0.2713592230415439
14,7,-13.35427474975586,64.28975677490234,-23.63165283203125,-92.43895721435547,-6.82144832611084,86.18241882324219,0.27451374426733915
14,8,-12.290202140808105,62.74062728881836,-24.805309295654297,-94.15184783935547,-6.854253768920898,85.8387222290039,0.2754403470982354
14,9,-11.206875801086426,62.106143951416016,-24.76995849609375,-95.00338745117188,-6.82172966003418,84.88496398925781,0.275094850899428
14,10,-10.767611503601074,60.57514953613281,-26.884950637817383,-95.88977813720703,-6.693362236022949,84.20663452148438,0.27706011166795824
14,11,-10.652514457702637,59.299278259277344,-28.036161422729492,-96.915283203125,-6.649242401123047,84.1412582397461,0.27787891120265457
14,12,-10.50527572631836,57.850318908691406,-28.752403259277344,-97.53680419921875,-6.512063026428223,83.91487121582031,0.2777571985170976
14,13,-9.780383110046387,56.287960052490234,-28.732913970947266,-97.66565704345703,-6.456504821777344,83.4183120727539,0.2762613516812701
14,14,-9.451038360595703,55.33828353881836,-28.813949584960938,-98.88766479492188,-6.539794921875,82.88121032714844,0.2757077984680443
14,15,-9.63886833190918,54.45743179321289,-28.428958892822266,-99.55012512207031,-6.600197792053223,83.28961181640625,0.2742994134360614
14,16,-9.76881217956543,55.81706619262695,-26.269330978393555,-100.49581146240234,-6.813601493835449,82.24373626708984,0.2722434919050562
14,17,-9.996148109436035,54.51913070678711,-25.762535095214844,-101.88238525390625,-6.898263931274414,81.777099609375,0.26995963018961955
14,18,-10.310840606689453,54.668209075927734,-23.96282958984375,-102.75990295410156,-6.834085464477539,81.26583862304688,0.26678062084899906
14,19,-9.969625473022461,54.278141021728516,-22.300254821777344,-104.38715362548828,-6.861690521240234,80.84275817871094,0.26283635828666496
14,20,-9.748238563537598,52.46253204345703,-22.74488639831543,-104.4102783203125,-6.671663284301758,81.24297332763672,0.2614716085604922
14,21,-9.544794082641602,50.33482360839844,-23.716564178466797,-103.85379791259766,-6.468905448913574,80.29844665527344,0.2608728308408802
14,22,-9.505455017089844,50.93252944946289,-21.684398651123047,-104.10457611083984,-6.499739646911621,80.06359100341797,0.2574771066692904
14,23,-9.80551815032959,49.94660949707031,-21.97955322265625,-104.01588439941406,-6.372653961181641,79.3803939819336,0.25683787832628957
14,24,-10.318470001220703,50.426368713378906,-21.97425651550293,-104.1554946899414,-6.457548141479492,77.92886352539062,0.2574042777953475
14,25,-10.14709758758545,50.035831451416016,-22.538143157958984,-104.45950317382812,-6.421718597412109,78.62610626220703,0.2579638974459753
14,26,-10.474467277526855,49.17070388793945,-22.018173217773438,-105.47785949707031,-6.215663909912109,78.25688171386719,0.25542358172722907
14,27,-11.498956680297852,49.443321228027344,-22.3428955078125,-105.6637191772461,-6.377413749694824,78.19761657714844,0.2564019339218813
14,28,-11.228959083557129,48.84712600708008,-22.21070671081543,-107.02391815185547,-6.089600563049316,78.55825805664062,0.2548085696328345
14,29,-11.4799165725708,48.33131408691406,-23.707860946655273,-107.34463500976562,-6.198908805847168,78.10691833496094,0.25719233993543467
14,30,-11.417023658752441,48.22938537597656,-23.60360336303711,-107.76786041259766,-6.0750932693481445,78.21723937988281,0.256667470305395
14,31,-11.943588256835938,47.39458465576172,-24.04926109313965,-107.59245300292969,-6.144757270812988,78.68181610107422,0.2565596748248291
14,32,-11.929518699645996,46.65226745605469,-23.924362182617188,-108.19094848632812,-6.096323013305664,80.29676818847656,0.25503030030700874
14,33,-12.173458099365234,45.751808166503906,-24.597240447998047,-108.42483520507812,-6.03452205657959,79.31063842773438,0.2551461683555096
14,34,-12.510404586791992,45.230224609375,-24.310270309448242,-108.50172424316406,-6.115913391113281,79.79754638671875,0.2537596969179735
14,35,-12.430526733398438,43.741241455078125,-24.550830841064453,-109.23226928710938,-6.269627571105957,79.03412628173828,0.2518445685105351
14,36,-12.453773498535156,42.83832550048828,-24.90591812133789,-109.77933502197266,-6.404804229736328,78.31969451904297,0.2510703881301495
14,37,-12.230814933776855,42.41926574707031,-26.069150924682617,-109.16192626953125,-6.266543388366699,78.76002502441406,0.2533519981271529
14,38,-12.323036193847656,42.63124084472656,-25.35733413696289,-109.27406311035156,-6.452849388122559,78.83839416503906,0.25203027512506176
14,39,-12.521161079406738,41.716026306152344,-26.401519775390625,-108.2203369140625,-6.031232833862305,78.08316040039062,0.25348891848905325
14,40,-12.685646057128906,41.39299774169922,-26.17963981628418,-108.42739868164062,-5.931174278259277,77.45205688476562,0.2524530153196146
14,41,-13.02455997467041,42.03495788574219,-26.04395294189453,-108.33038330078125,-6.055243492126465,75.16552734375,0.2531161631541824
14,42,-13.67123031616211,42.470035552978516,-25.103023529052734,-108.78719329833984,-6.22698974609375,62.15673828125,0.2514621961165737
14,43,-13.728426933288574,41.380226135253906,-26.198747634887695,-108.72006225585938,-5.838173866271973,59.49266815185547,0.25234415950155215
14,44,-14.308562278747559,41.38965606689453,-26.064342498779297,-108.57754516601562,-5.869209289550781,60.02597427368164,0.2521269614060952
14,45,-15.670453071594238,43.16425704956055,-27.0850830078125,-107.60519409179688,-5.759716987609863,66.7640609741211,0.2572180186805651
14,46,-18.03362274169922,44.354190826416016,-29.236732482910156,-106.50506591796875,-4.734816551208496,72.42489624023438,0.2635522592467668
14,47,-19.499521255493164,43.504005432128906,-31.240745544433594,-105.2857437133789,-4.409111976623535,67.37612915039062,0.266586096104496
14,48,-18.987268447875977,42.833763122558594,-31.218883514404297,-106.17493438720703,-4.662571907043457,66.8906021118164,0.26554133256033996
14,49,-8.945845603942871,32.84864044189453,-22.169191360473633,-86.65442657470703,-6.259042739868164,48.949462890625,0.23801892827873783
15,0,-14.875876426696777,84.41954040527344,-0.170684814453125,-90.07405090332031,-6.926968574523926,64.15425109863281,0.2546124123575156
15,1,-14.639288902282715,82.24528503417969,1.279388427734375,-91.89054107666016,-7.2509565353393555,65.70057678222656,0.25001815612660916
15,2,-14.206878662109375,78.44371795654297,-0.7227420806884766,-93.23572540283203,-7.267333984375,67.92678833007812,0.24993292314867582
15,3,-14.833292007446289,76.09925079345703,-3.62593936920166,-92.74028015136719,-7.522027015686035,72.86955261230469,0.2530978007325103
15,4,-14.929353713989258,73.22183990478516,-7.689901351928711,-92.25233459472656,-7.3996171951293945,72.50294494628906,0.25758832752132227
15,5,-14.898988723754883,68.25139617919922,-12.661128997802734,-92.44224548339844,-7.313486099243164,74.34313201904297,0.26132807558631005
15,6,-13.634696960449219,64.67449188232422,-21.262971878051758,-92.01936340332031,-6.393902778625488,79.61871337890625,0.2713592230415439
15,7,-13.35427474975586,64.28975677490234,-23.63165283203125,-92.43895721435547,-6.82144832611084,86.18241882324219,0.27451374426733915
15,8,-12.290202140808105,62.74062728881836,-24.805309295654297,-94.15184783935547,-6.854253768920898,85.8387222290039,0.2754403470982354
15,9,-11.206875801086426,62.106143951416016,-24.76995849609375,-95.00338745117188,-6.82172966003418,84.88496398925781,0.275094850899428
15,10,-10.767611503601074,60.57514953613281,-26.884950637817383,-95.88977813720703,-6.693362236022949,84.20663452148438,0.27706011166795824
15,11,-10.652514457702637,59.299278259277344,-28.036161422729492,-96.915283203125,-6.649242401123047,84.1412582397461,0.27787891120265457
15,12,-10.50527572631836,57.850318908691406,-28.752403259277344,-97.53680419921875,-6.512063026428223,83.91487121582031,0.2777571985170976
15,13,-9.780383110046387,56.287960052490234,-28.732913970947266,-97.66565704345703,-6.456504821777344,83.4183120727539,0.2762613516812701
15,14,-9.451038360595703,55.33828353881836,-28.813949584960938,-98.88766479492188,-6.539794921875,82.88121032714844,0.2757077984680443
15,15,-9.63886833190918,54.45743179321289,-28.428958892822266,-99.55012512207031,-6.600197792053223,83.28961181640625,0.2742994134360614
15,16,-9.76881217956543,55.81706619262695,-26.269330978393555,-100.49581146240234,-6.813601493835449,82.24373626708984,0.2722434919050562
15,17,-9.996148109436035,54.51913070678711,-25.762535095214844,-101.88238525390625,-6.898263931274414,81.777099609375,0.26995963018961955
15,18,-10.310840606689453,54.668209075927734,-23.96282958984375,-102.75990295410156,-6.834085464477539,81.26583862304688,0.26678062084899906
15,19,-9.969625473022461,54.278141021728516,-22.300254821777344,-104.38715362548828,-6.861690521240234,80.84275817871094,0.26283635828666496
15,20,-9.748238563537598,52.46253204345703,-22.74488639831543,-104.4102783203125,-6.671663284301758,81.24297332763672,0.2614716085604922
15,21,-9.544794082641602,50.33482360839844,-23.716564178466797,-103.85379791259766,-6.468905448913574,80.29844665527344,0.2608728308408802
15,22,-9.505455017089844,50.93252944946289,-21.684398651123047,-104.10457611083984,-6.499739646911621,80.06359100341797,0.2574771066692904
15,23,-9.80551815032959,49.94660949707031,-21.97955322265625,-104.01588439941406,-6.372653961181641,79.3803939819336,0.25683787832628957
15,24,-10.318470001220703,50.426368713378906,-21.97425651550293,-104.1554946899414,-6.457548141479492,77.92886352539062,0.2574042777953475
15,25,-10.14709758758545,50.035831451416016,-22.538143157958984,-104.45950317382812,-6.421718597412109,78.62610626220703,0.2579638974459753
15,26,-10.474467277526855,49.17070388793945,-22.018173217773438,-105.47785949707031,-6.215663909912109,78.25688171386719,0.25542358172722907
15,27,-11.498956680297852,49.443321228027344,-22.3428955078125,-105.6637191772461,-6.377413749694824,78.19761657714844,0.2564019339218813
15,28,-11.228959083557129,48.84712600708008,-22.21070671081543,-107.02391815185547,-6.089600563049316,78.55825805664062,0.2548085696328345
15,29,-11.4799165725708,48.33131408691406,-23.707860946655273,-107.34463500976562,-6.198908805847168,78.10691833496094,0.25719233993543467
15,30,-11.417023658752441,48.22938537597656,-23.60360336303711,-107.76786041259766,-6.0750932693481445,78.21723937988281,0.256667470305395
15,31,-11.943588256835938,47.39458465576172,-24.04926109313965,-107.59245300292969,-6.144757270812988,78.68181610107422,0.2565596748248291
15,32,-11.929518699645996,46.65226745605469,-23.924362182617188,-108.19094848632812,-6.096323013305664,80.29676818847656,0.25503030030700874
15,33,-12.173458099365234,45.751808166503906,-24.597240447998047,-108.42483520507812,-6.03452205657959,79.31063842773438,0.2551461683555096
15,34,-12.510404586791992,45.230224609375,-24.310270309448242,-108.50172424316406,-6.115913391113281,79.79754638671875,0.2537596969179735
15,35,-12.430526733398438,43.741241455078125,-24.550830841064453,-109.23226928710938,-6.269627571105957,79.03412628173828,0.2518445685105351
15,36,-12.453773498535156,42.83832550048828,-24.90591812133789,-109.77933502197266,-6.404804229736328,78.31969451904297,0.2510703881301495
15,37,-12.230814933776855,42.41926574707031,-26.069150924682617,-109.16192626953125,-6.266543388366699,78.76002502441406,0.2533519981271529
15,38,-12.323036193847656,42.63124084472656,-25.35733413696289,-109.27406311035156,-6.452849388122559,78.83839416503906,0.25203027512506176
15,39,-12.521161079406738,41.716026306152344,-26.401519775390625,-108.2203369140625,-6.031232833862305,78.08316040039062,0.25348891848905325
15,40,-12.685646057128906,41.39299774169922,-26.17963981628418,-108.42739868164062,-5.931174278259277,77.45205688476562,0.2524530153196146
15,41,-13.02455997467041,42.03495788574219,-26.04395294189453,-108.33038330078125,-6.055243492126465,75.16552734375,0.2531161631541824
15,42,-13.67123031616211,42.470035552978516,-25.103023529052734,-108.78719329833984,-6.22698974609375,62.15673828125,0.2514621961165737
15,43,-13.728426933288574,41.380226135253906,-26.198747634887695,-108.72006225585938,-5.838173866271973,59.49266815185547,0.25234415950155215
15,44,-14.308562278747559,41.38965606689453,-26.064342498779297,-108.57754516601562,-5.869209289550781,60.02597427368164,0.2521269614060952
15,45,-15.670453071594238,43.16425704956055,-27.0850830078125,-107.60519409179688,-5.759716987609863,66.7640609741211,0.2572180186805651
15,46,-18.03362274169922,44.354190826416016,-29.236732482910156,-106.50506591796875,-4.734816551208496,72.42489624023438,0.2635522592467668
15,47,-19.499521255493164,43.504005432128906,-31.240745544433594,-105.2857437133789,-4.409111976623535,67.37612915039062,0.266586096104496
15,48,-18.987268447875977,42.833763122558594,-31.218883514404297,-106.17493438720703,-4.662571907043457,66.8906021118164,0.26554133256033996
15,49,-8.945845603942871,32.84864044189453,-22.169191360473633,-86.65442657470703,-6.259042739868164,48.949462890625,0.23801892827873783
16,0,-14.875876426696777,84.41954040527344,-0.170684814453125,-90.07405090332031,-6.926968574523926,64.15425109863281,0.2546124123575156
16,1,-14.639288902282715,82.24528503417969,1.279388427734375,-91.89054107666016,-7.2509565353393555,65.70057678222656,0.25001815612660916
16,2,-14.206878662109375,78.44371795654297,-0.7227420806884766,-93.23572540283203,-7.267333984375,67.92678833007812,0.24993292314867582
16,3,-14.833292007446289,76.09925079345703,-3.62593936920166,-92.74028015136719,-7.522027015686035,72.86955261230469,0.2530978007325103
16,4,-14.929353713989258,73.22183990478516,-7.689901351928711,-92.25233459472656,-7.3996171951293945,72.50294494628906,0.25758832752132227
16,5,-14.898988723754883,68.25139617919922,-12.661128997802734,-92.44224548339844,-7.313486099243164,74.34313201904297,0.26132807558631005
16,6,-13.634696960449219,64.67449188232422,-21.262971878051758,-92.01936340332031,-6.393902778625488,79.61871337890625,0.2713592230415439
16,7,-13.35427474975586,64.28975677490234,-23.63165283203125,-92.43895721435547,-6.82144832611084,86.18241882324219,0.27451374426733915
16,8,-12.290202140808105,62.74062728881836,-24.805309295654297,-94.15184783935547,-6.854253768920898,85.8387222290039,0.2754403470982354
16,9,-11.206875801086426,62.106143951416016,-24.76995849609375,-95.00338745117188,-6.82172966003418,84.88496398925781,0.275094850899428
16,10,-10.767611503601074,60.57514953613281,-26.884950637817383,-95.88977813720703,-6.693362236022949,84.20663452148438,0.27706011166795824
16,11,-10.652514457702637,59.299278259277344,-28.036161422729492,-96.915283203125,-6.649242401123047,84.1412582397461,0.27787891120265457
16,12,-10.50527572631836,57.850318908691406,-28.752403259277344,-97.53680419921875,-6.512063026428223,83.91487121582031,0.2777571985170976
16,13,-9.780383110046387,56.287960052490234,-28.732913970947266,-97.66565704345703,-6.456504821777344,83.4183120727539,0.2762613516812701
16,14,-9.451038360595703,55.33828353881836,-28.813949584960938,-98.88766479492188,-6.539794921875,82.88121032714844,0.2757077984680443
16,15,-9.63886833190918,54.45743179321289,-28.428958892822266,-99.55012512207031,-6.600197792053223,83.28961181640625,0.2742994134360614
16,16,-9.76881217956543,55.81706619262695,-26.269330978393555,-100.49581146240234,-6.813601493835449,82.24373626708984,0.2722434919050562
16,17,-9.996148109436035,54.51913070678711,-25.762535095214844,-101.88238525390625,-6.898263931274414,81.777099609375,0.26995963018961955
16,18,-10.310840606689453,54.668209075927734,-23.96282958984375,-102.75990295410156,-6.834085464477539,81.26583862304688,0.26678062084899906
16,19,-9.969625473022461,54.278141021728516,-22.300254821777344,-104.38715362548828,-6.861690521240234,80.84275817871094,0.26283635828666496
16,20,-9.748238563537598,52.46253204345703,-22.74488639831543,-104.4102783203125,-6.671663284301758,81.24297332763672,0.2614716085604922
16,21,-9.544794082641602,50.33482360839844,-23.716564178466797,-103.85379791259766,-6.468905448913574,80.29844665527344,0.2608728308408802
16,22,-9.505455017089844,50.93252944946289,-21.684398651123047,-104.10457611083984,-6.499739646911621,80.06359100341797,0.2574771066692904
16,23,-9.80551815032959,49.94660949707031,-21.97955322265625,-104.01588439941406,-6.372653961181641,79.3803939819336,0.25683787832628957
16,24,-10.318470001220703,50.426368713378906,-21.97425651550293,-104.1554946899414,-6.457548141479492,77.92886352539062,0.2574042777953475
16,25,-10.14709758758545,50.035831451416016,-22.538143157958984,-104.45950317382812,-6.421718597412109,78.62610626220703,0.2579638974459753
16,26,-10.474467277526855,49.17070388793945,-22.018173217773438,-105.47785949707031,-6.215663909912109,78.25688171386719,0.25542358172722907
16,27,-11.498956680297852,49.443321228027344,-22.3428955078125,-105.6637191772461,-6.377413749694824,78.19761657714844,0.2564019339218813
16,28,-11.228959083557129,48.84712600708008,-22.21070671081543,-107.02391815185547,-6.089600563049316,78.55825805664062,0.2548085696328345
16,29,-11.4799165725708,48.33131408691406,-23.707860946655273,-107.34463500976562,-6.198908805847168,78.10691833496094,0.25719233993543467
16,30,-11.417023658752441,48.22938537597656,-23.60360336303711,-107.76786041259766,-6.0750932693481445,78.21723937988281,0.256667470305395
16,31,-11.943588256835938,47.39458465576172,-24.04926109313965,-107.59245300292969,-6.144757270812988,78.68181610107422,0.2565596748248291
16,32,-11.929518699645996,46.65226745605469,-23.924362182617188,-108.19094848632812,-6.096323013305664,80.29676818847656,0.25503030030700874
16,33,-12.173458099365234,45.751808166503906,-24.597240447998047,-108.42483520507812,-6.03452205657959,79.31063842773438,0.2551461683555096
16,34,-12.510404586791992,45.230224609375,-24.310270309448242,-108.50172424316406,-6.115913391113281,79.79754638671875,0.2537596969179735
16,35,-12.430526733398438,43.741241455078125,-24.550830841064453,-109.23226928710938,-6.269627571105957,79.03412628173828,0.2518445685105351
16,36,-12.453773498535156,42.83832550048828,-24.90591812133789,-109.77933502197266,-6.404804229736328,78.31969451904297,0.2510703881301495
16,37,-12.230814933776855,42.41926574707031,-26.069150924682617,-109.16192626953125,-6.266543388366699,78.76002502441406,0.2533519981271529
16,38,-12.323036193847656,42.63124084472656,-25.35733413696289,-109.27406311035156,-6.452849388122559,78.83839416503906,0.25203027512506176
16,39,-12.521161079406738,41.716026306152344,-26.401519775390625,-108.2203369140625,-6.031232833862305,78.08316040039062,0.25348891848905325
16,40,-12.685646057128906,41.39299774169922,-26.17963981628418,-108.42739868164062,-5.931174278259277,77.45205688476562,0.2524530153196146
16,41,-13.02455997467041,42.03495788574219,-26.04395294189453,-108.33038330078125,-6.055243492126465,75.16552734375,0.2531161631541824
16,42,-13.67123031616211,42.470035552978516,-25.103023529052734,-108.78719329833984,-6.22698974609375,62.15673828125,0.2514621961165737
16,43,-13.728426933288574,41.380226135253906,-26.198747634887695,-108.72006225585938,-5.838173866271973,59.49266815185547,0.25234415950155215
16,44,-14.308562278747559,41.38965606689453,-26.064342498779297,-108.57754516601562,-5.869209289550781,60.02597427368164,0.2521269614060952
16,45,-15.670453071594238,43.16425704956055,-27.0850830078125,-107.60519409179688,-5.759716987609863,66.7640609741211,0.2572180186805651
16,46,-18.03362274169922,44.354190826416016,-29.236732482910156,-106.50506591796875,-4.734816551208496,72.42489624023438,0.2635522592467668
16,47,-19.499521255493164,43.504005432128906,-31.240745544433594,-105.2857437133789,-4.409111976623535,67.37612915039062,0.266586096104496
16,48,-18.987268447875977,42.833763122558594,-31.218883514404297,-106.17493438720703,-4.662571907043457,66.8906021118164,0.26554133256033996
16,49,-8.945845603942871,32.84864044189453,-22.169191360473633,-86.65442657470703,-6.259042739868164,48.949462890625,0.23801892827873783
17,0,-14.875876426696777,84.41954040527344,-0.170684814453125,-90.07405090332031,-6.926968574523926,64.15425109863281,0.2546124123575156
17,1,-14.639288902282715,82.24528503417969,1.279388427734375,-91.89054107666016,-7.2509565353393555,65.70057678222656,0.25001815612660916
17,2,-14.206878662109375,78.44371795654297,-0.7227420806884766,-93.23572540283203,-7.267333984375,67.92678833007812,0.24993292314867582
17,3,-14.833292007446289,76.09925079345703,-3.62593936920166,-92.74028015136719,-7.522027015686035,72.86955261230469,0.2530978007325103
17,4,-14.929353713989258,73.22183990478516,-7.689901351928711,-92.25233459472656,-7.3996171951293945,72.50294494628906,0.25758832752132227
17,5,-14.898988723754883,68.25139617919922,-12.661128997802734,-92.44224548339844,-7.313486099243164,74.34313201904297,0.26132807558631005
17,6,-13.634696960449219,64.67449188232422,-21.262971878051758,-92.01936340332031,-6.393902778625488,79.61871337890625,0.2713592230415439
17,7,-13.35427474975586,64.28975677490234,-23.63165283203125,-92.43895721435547,-6.82144832611084,86.18241882324219,0.27451374426733915
17,8,-12.290202140808105,62.74062728881836,-24.805309295654297,-94.15184783935547,-6.854253768920898,85.8387222290039,0.2754403470982354
17,9,-11.206875801086426,62.106143951416016,-24.76995849609375,-95.00338745117188,-6.82172966003418,84.88496398925781,0.275094850899428
17,10,-10.767611503601074,60.57514953613281,-26.884950637817383,-95.88977813720703,-6.693362236022949,84.20663452148438,0.27706011166795824
17,11,-10.652514457702637,59.299278259277344,-28.036161422729492,-96.915283203125,-6.649242401123047,84.1412582397461,0.27787891120265457
17,12,-10.50527572631836,57.850318908691406,-28.752403259277344,-97.53680419921875,-6.512063026428223,83.91487121582031,0.2777571985170976
17,13,-9.780383110046387,56.287960052490234,-28.732913970947266,-97.66565704345703,-6.456504821777344,83.4183120727539,0.2762613516812701
17,14,-9.451038360595703,55.33828353881836,-28.813949584960938,-98.88766479492188,-6.539794921875,82.88121032714844,0.2757077984680443
17,15,-9.63886833190918,54.45743179321289,-28.428958892822266,-99.55012512207031,-6.600197792053223,83.28961181640625,0.2742994134360614
17,16,-9.76881217956543,55.81706619262695,-26.269330978393555,-100.49581146240234,-6.813601493835449,82.24373626708984,0.2722434919050562
17,17,-9.996148109436035,54.51913070678711,-25.762535095214844,-101.88238525390625,-6.898263931274414,81.777099609375,0.26995963018961955
17,18,-10.310840606689453,54.668209075927734,-23.96282958984375,-102.75990295410156,-6.834085464477539,81.26583862304688,0.26678062084899906
17,19,-9.969625473022461,54.278141021728516,-22.300254821777344,-104.38715362548828,-6.861690521240234,80.84275817871094,0.26283635828666496
17,20,-9.748238563537598,52.46253204345703,-22.74488639831543,-104.4102783203125,-6.671663284301758,81.24297332763672,0.2614716085604922
17,21,-9.544794082641602,50.33482360839844,-23.716564178466797,-103.85379791259766,-6.468905448913574,80.29844665527344,0.2608728308408802
17,22,-9.505455017089844,50.93252944946289,-21.684398651123047,-104.10457611083984,-6.499739646911621,80.06359100341797,0.2574771066692904
17,23,-9.80551815032959,49.94660949707031,-21.97955322265625,-104.01588439941406,-6.372653961181641,79.3803939819336,0.25683787832628957
17,24,-10.318470001220703,50.426368713378906,-21.97425651550293,-104.1554946899414,-6.457548141479492,77.92886352539062,0.2574042777953475
17,25,-10.14709758758545,50.035831451416016,-22.538143157958984,-104.45950317382812,-6.421718597412109,78.62610626220703,0.2579638974459753
17,26,-10.474467277526855,49.17070388793945,-22.018173217773438,-105.47785949707031,-6.215663909912109,78.25688171386719,0.25542358172722907
17,27,-11.498956680297852,49.443321228027344,-22.3428955078125,-105.6637191772461,-6.377413749694824,78.19761657714844,0.2564019339218813
17,28,-11.228959083557129,48.84712600708008,-22.21070671081543,-107.02391815185547,-6.089600563049316,78.55825805664062,0.2548085696328345
17,29,-11.4799165725708,48.33131408691406,-23.707860946655273,-107.34463500976562,-6.198908805847168,78.10691833496094,0.25719233993543467
17,30,-11.417023658752441,48.22938537597656,-23.60360336303711,-107.76786041259766,-6.0750932693481445,78.21723937988281,0.256667470305395
17,31,-11.943588256835938,47.39458465576172,-24.04926109313965,-107.59245300292969,-6.144757270812988,78.68181610107422,0.2565596748248291
17,32,-11.929518699645996,46.65226745605469,-23.924362182617188,-108.19094848632812,-6.096323013305664,80.29676818847656,0.25503030030700874
17,33,-12.173458099365234,45.751808166503906,-24.597240447998047,-108.42483520507812,-6.03452205657959,79.31063842773438,0.2551461683555096
17,34,-12.510404586791992,45.230224609375,-24.310270309448242,-108.50172424316406,-6.115913391113281,79.79754638671875,0.2537596969179735
17,35,-12.430526733398438,43.741241455078125,-24.550830841064453,-109.23226928710938,-6.269627571105957,79.03412628173828,0.2518445685105351
17,36,-12.453773498535156,42.83832550048828,-24.90591812133789,-109.77933502197266,-6.404804229736328,78.31969451904297,0.2510703881301495
17,37,-12.230814933776855,42.41926574707031,-26.069150924682617,-109.16192626953125,-6.266543388366699,78.76002502441406,0.2533519981271529
17,38,-12.323036193847656,42.63124084472656,-25.35733413696289,-109.27406311035156,-6.452849388122559,78.83839416503906,0.25203027512506176
17,39,-12.521161079406738,41.716026306152344,-26.401519775390625,-108.2203369140625,-6.031232833862305,78.08316040039062,0.25348891848905325
17,40,-12.685646057128906,41.39299774169922,-26.17963981628418,-108.42739868164062,-5.931174278259277,77.45205688476562,0.2524530153196146
17,41,-13.02455997467041,42.03495788574219,-26.04395294189453,-108.33038330078125,-6.055243492126465,75.16552734375,0.2531161631541824
17,42,-13.67123031616211,42.470035552978516,-25.103023529052734,-108.78719329833984,-6.22698974609375,62.15673828125,0.2514621961165737
17,43,-13.728426933288574,41.380226135253906,-26.198747634887695,-108.72006225585938,-5.838173866271973,59.49266815185547,0.25234415950155215
17,44,-14.308562278747559,41.38965606689453,-26.064342498779297,-108.57754516601562,-5.869209289550781,60.02597427368164,0.2521269614060952
17,45,-15.670453071594238,43.16425704956055,-27.0850830078125,-107.60519409179688,-5.759716987609863,66.7640609741211,0.2572180186805651
17,46,-18.03362274169922,44.354190826416016,-29.236732482910156,-106.50506591796875,-4.734816551208496,72.42489624023438,0.2635522592467668
17,47,-19.499521255493164,43.504005432128906,-31.240745544433594,-105.2857437133789,-4.409111976623535,67.37612915039062,0.266586096104496
17,48,-18.987268447875977,42.833763122558594,-31.218883514404297,-106.17493438720703,-4.662571907043457,66.8906021118164,0.26554133256033996
17,49,-8.945845603942871,32.84864044189453,-22.169191360473633,-86.65442657470703,-6.259042739868164,48.949462890625,0.23801892827873783
18,0,-14.875876426696777,84.41954040527344,-0.170684814453125,-90.07405090332031,-6.926968574523926,64.15425109863281,0.2546124123575156
18,1,-14.639288902282715,82.24528503417969,1.279388427734375,-91.89054107666016,-7.2509565353393555,65.70057678222656,0.25001815612660916
18,2,-14.206878662109375,78.44371795654297,-0.7227420806884766,-93.23572540283203,-7.267333984375,67.92678833007812,0.24993292314867582
18,3,-14.833292007446289,76.09925079345703,-3.62593936920166,-92.74028015136719,-7.522027015686035,72.86955261230469,0.2530978007325103
18,4,-14.929353713989258,73.22183990478516,-7.689901351928711,-92.25233459472656,-7.3996171951293945,72.50294494628906,0.25758832752132227
18,5,-14.898988723754883,68.25139617919922,-12.661128997802734,-92.44224548339844,-7.313486099243164,74.34313201904297,0.26132807558631005
18,6,-13.634696960449219,64.67449188232422,-21.262971878051758,-92.01936340332031,-6.393902778625488,79.61871337890625,0.2713592230415439
18,7,-13.35427474975586,64.28975677490234,-23.63165283203125,-92.43895721435547,-6.82144832611084,86.18241882324219,0.27451374426733915
18,8,-12.290202140808105,62.74062728881836,-24.805309295654297,-94.15184783935547,-6.854253768920898,85.8387222290039,0.2754403470982354
18,9,-11.206875801086426,62.106143951416016,-24.76995849609375,-95.00338745117188,-6.82172966003418,84.88496398925781,0.275094850899428
18,10,-10.767611503601074,60.57514953613281,-26.884950637817383,-95.88977813720703,-6.693362236022949,84.20663452148438,0.27706011166795824
18,11,-10.652514457702637,59.299278259277344,-28.036161422729492,-96.915283203125,-6.649242401123047,84.1412582397461,0.27787891120265457
18,12,-10.50527572631836,57.850318908691406,-28.752403259277344,-97.53680419921875,-6.512063026428223,83.91487121582031,0.2777571985170976
18,13,-9.780383110046387,56.287960052490234,-28.732913970947266,-97.66565704345703,-6.456504821777344,83.4183120727539,0.2762613516812701
18,14,-9.451038360595703,55.33828353881836,-28.813949584960938,-98.88766479492188,-6.539794921875,82.88121032714844,0.2757077984680443
18,15,-9.63886833190918,54.45743179321289,-28.428958892822266,-99.55012512207031,-6.600197792053223,83.28961181640625,0.2742994134360614
18,16,-9.76881217956543,55.81706619262695,-26.269330978393555,-100.49581146240234,-6.813601493835449,82.24373626708984,0.2722434919050562
18,17,-9.996148109436035,54.51913070678711,-25.762535095214844,-101.88238525390625,-6.898263931274414,81.777099609375,0.26995963018961955
18,18,-10.310840606689453,54.668209075927734,-23.96282958984375,-102.75990295410156,-6.834085464477539,81.26583862304688,0.26678062084899906
18,19,-9.969625473022461,54.278141021728516,-22.300254821777344,-104.38715362548828,-6.861690521240234,80.84275817871094,0.26283635828666496
18,20,-9.748238563537598,52.46253204345703,-22.74488639831543,-104.4102783203125,-6.671663284301758,81.24297332763672,0.2614716085604922
18,21,-9.544794082641602,50.33482360839844,-23.716564178466797,-103.85379791259766,-6.468905448913574,80.29844665527344,0.2608728308408802
18,22,-9.505455017089844,50.93252944946289,-21.684398651123047,-104.10457611083984,-6.499739646911621,80.06359100341797,0.2574771066692904
18,23,-9.80551815032959,49.94660949707031,-21.97955322265625,-104.01588439941406,-6.372653961181641,79.3803939819336,0.25683787832628957
18,24,-10.318470001220703,50.426368713378906,-21.97425651550293,-104.1554946899414,-6.457548141479492,77.92886352539062,0.2574042777953475
18,25,-10.14709758758545,50.035831451416016,-22.538143157958984,-104.45950317382812,-6.421718597412109,78.62610626220703,0.2579638974459753
18,26,-10.474467277526855,49.17070388793945,-22.018173217773438,-105.47785949707031,-6.215663909912109,78.25688171386719,0.25542358172722907
18,27,-11.498956680297852,49.443321228027344,-22.3428955078125,-105.6637191772461,-6.377413749694824,78.19761657714844,0.2564019339218813
18,28,-11.228959083557129,48.84712600708008,-22.21070671081543,-107.02391815185547,-6.089600563049316,78.55825805664062,0.2548085696328345
18,29,-11.4799165725708,48.33131408691406,-23.707860946655273,-107.34463500976562,-6.198908805847168,78.10691833496094,0.25719233993543467
18,30,-11.417023658752441,48.22938537597656,-23.60360336303711,-107.76786041259766,-6.0750932693481445,78.21723937988281,0.256667470305395
18,31,-11.943588256835938,47.39458465576172,-24.04926109313965,-107.59245300292969,-6.144757270812988,78.68181610107422,0.2565596748248291
18,32,-11.929518699645996,46.65226745605469,-23.924362182617188,-108.19094848632812,-6.096323013305664,80.29676818847656,0.25503030030700874
18,33,-12.173458099365234,45.751808166503906,-24.597240447998047,-108.42483520507812,-6.03452205657959,79.31063842773438,0.2551461683555096
18,34,-12.510404586791992,45.230224609375,-24.310270309448242,-108.50172424316406,-6.115913391113281,79.79754638671875,0.2537596969179735
18,35,-12.430526733398438,43.741241455078125,-24.550830841064453,-109.23226928710938,-6.269627571105957,79.03412628173828,0.2518445685105351
18,36,-12.453773498535156,42.83832550048828,-24.90591812133789,-109.77933502197266,-6.404804229736328,78.31969451904297,0.2510703881301495
18,37,-12.230814933776855,42.41926574707031,-26.069150924682617,-109.16192626953125,-6.266543388366699,78.76002502441406,0.2533519981271529
18,38,-12.323036193847656,42.63124084472656,-25.35733413696289,-109.27406311035156,-6.452849388122559,78.83839416503906,0.25203027512506176
18,39,-12.521161079406738,41.716026306152344,-26.401519775390625,-108.2203369140625,-6.031232833862305,78.08316040039062,0.25348891848905325
18,40,-12.685646057128906,41.39299774169922,-26.17963981628418,-108.42739868164062,-5.931174278259277,77.45205688476562,0.2524530153196146
18,41,-13.02455997467041,42.03495788574219,-26.04395294189453,-108.33038330078125,-6.055243492126465,75.16552734375,0.2531161631541824
18,42,-13.67123031616211,42.470035552978516,-25.103023529052734,-108.78719329833984,-6.22698974609375,62.15673828125,0.2514621961165737
18,43,-13.728426933288574,41.380226135253906,-26.198747634887695,-108.72006225585938,-5.838173866271973,59.49266815185547,0.25234415950155215
18,44,-14.308562278747559,41.38965606689453,-26.064342498779297,-108.57754516601562,-5.869209289550781,60.02597427368164,0.2521269614060952
18,45,-15.670453071594238,43.16425704956055,-27.0850830078125,-107.60519409179688,-5.759716987609863,66.7640609741211,0.2572180186805651
18,46,-18.03362274169922,44.354190826416016,-29.236732482910156,-106.50506591796875,-4.734816551208496,72.42489624023438,0.2635522592467668
18,47,-19.499521255493164,43.504005432128906,-31.240745544433594,-105.2857437133789,-4.409111976623535,67.37612915039062,0.266586096104496
18,48,-18.987268447875977,42.833763122558594,-31.218883514404297,-106.17493438720703,-4.662571907043457,66.8906021118164,0.26554133256033996
18,49,-8.945845603942871,32.84864044189453,-22.169191360473633,-86.65442657470703,-6.259042739868164,48.949462890625,0.23801892827873783
19,0,-14.875876426696777,84.41954040527344,-0.170684814453125,-90.07405090332031,-6.926968574523926,64.15425109863281,0.2546124123575156
19,1,-14.639288902282715,82.24528503417969,1.279388427734375,-91.89054107666016,-7.2509565353393555,65.70057678222656,0.25001815612660916
19,2,-14.206878662109375,78.44371795654297,-0.7227420806884766,-93.23572540283203,-7.267333984375,67.92678833007812,0.24993292314867582
19,3,-14.833292007446289,76.09925079345703,-3.62593936920166,-92.74028015136719,-7.522027015686035,72.86955261230469,0.2530978007325103
19,4,-14.929353713989258,73.22183990478516,-7.689901351928711,-92.25233459472656,-7.3996171951293945,72.50294494628906,0.25758832752132227
19,5,-14.898988723754883,68.25139617919922,-12.661128997802734,-92.44224548339844,-7.313486099243164,74.34313201904297,0.26132807558631005
19,6,-13.634696960449219,64.67449188232422,-21.262971878051758,-92.01936340332031,-6.393902778625488,79.61871337890625,0.2713592230415439
19,7,-13.35427474975586,64.28975677490234,-23.63165283203125,-92.43895721435547,-6.82144832611084,86.18241882324219,0.27451374426733915
19,8,-12.290202140808105,62.74062728881836,-24.805309295654297,-94.15184783935547,-6.854253768920898,85.8387222290039,0.2754403470982354
19,9,-11.206875801086426,62.106143951416016,-24.76995849609375,-95.00338745117188,-6.82172966003418,84.88496398925781,0.275094850899428
19,10,-10.767611503601074,60.57514953613281,-26.884950637817383,-95.88977813720703,-6.693362236022949,84.20663452148438,0.27706011166795824
19,11,-10.652514457702637,59.299278259277344,-28.036161422729492,-96.915283203125,-6.649242401123047,84.1412582397461,0.27787891120265457
19,12,-10.50527572631836,57.850318908691406,-28.752403259277344,-97.53680419921875,-6.512063026428223,83.91487121582031,0.2777571985170976
19,13,-9.780383110046387,56.287960052490234,-28.732913970947266,-97.66565704345703,-6.456504821777344,83.4183120727539,0.2762613516812701
19,14,-9.451038360595703,55.33828353881836,-28.813949584960938,-98.88766479492188,-6.539794921875,82.88121032714844,0.2757077984680443
19,15,-9.63886833190918,54.45743179321289,-28.428958892822266,-99.55012512207031,-6.600197792053223,83.28961181640625,0.2742994134360614
19,16,-9.76881217956543,55.81706619262695,-26.269330978393555,-100.49581146240234,-6.813601493835449,82.24373626708984,0.2722434919050562
19,17,-9.996148109436035,54.51913070678711,-25.762535095214844,-101.88238525390625,-6.898263931274414,81.777099609375,0.26995963018961955
19,18,-10.310840606689453,54.668209075927734,-23.96282958984375,-102.75990295410156,-6.834085464477539,81.26583862304688,0.26678062084899906
19,19,-9.969625473022461,54.278141021728516,-22.300254821777344,-104.38715362548828,-6.861690521240234,80.84275817871094,0.26283635828666496
19,20,-9.748238563537598,52.46253204345703,-22.74488639831543,-104.4102783203125,-6.671663284301758,81.24297332763672,0.2614716085604922
19,21,-9.544794082641602,50.33482360839844,-23.716564178466797,-103.85379791259766,-6.468905448913574,80.29844665527344,0.2608728308408802
19,22,-9.505455017089844,50.93252944946289,-21.684398651123047,-104.10457611083984,-6.499739646911621,80.06359100341797,0.2574771066692904
19,23,-9.80551815032959,49.94660949707031,-21.97955322265625,-104.01588439941406,-6.372653961181641,79.3803939819336,0.25683787832628957
19,24,-10.318470001220703,50.426368713378906,-21.97425651550293,-104.1554946899414,-6.457548141479492,77.92886352539062,0.2574042777953475
19,25,-10.14709758758545,50.035831451416016,-22.538143157958984,-104.45950317382812,-6.421718597412109,78.62610626220703,0.2579638974459753
19,26,-10.474467277526855,49.17070388793945,-22.018173217773438,-105.47785949707031,-6.215663909912109,78.25688171386719,0.25542358172722907
19,27,-11.498956680297852,49.443321228027344,-22.3428955078125,-105.6637191772461,-6.377413749694824,78.19761657714844,0.2564019339218813
19,28,-11.228959083557129,48.84712600708008,-22.21070671081543,-107.02391815185547,-6.089600563049316,78.55825805664062,0.2548085696328345
19,29,-11.4799165725708,48.33131408691406,-23.707860946655273,-107.34463500976562,-6.198908805847168,78.10691833496094,0.25719233993543467
19,30,-11.417023658752441,48.22938537597656,-23.60360336303711,-107.76786041259766,-6.0750932693481445,78.21723937988281,0.256667470305395
19,31,-11.943588256835938,47.39458465576172,-24.04926109313965,-107.59245300292969,-6.144757270812988,78.68181610107422,0.2565596748248291
19,32,-11.929518699645996,46.65226745605469,-23.924362182617188,-108.19094848632812,-6.096323013305664,80.29676818847656,0.25503030030700874
19,33,-12.173458099365234,45.751808166503906,-24.597240447998047,-108.42483520507812,-6.03452205657959,79.31063842773438,0.2551461683555096
19,34,-12.510404586791992,45.230224609375,-24.310270309448242,-108.50172424316406,-6.115913391113281,79.79754638671875,0.2537596969179735
19,35,-12.430526733398438,43.741241455078125,-24.550830841064453,-109.23226928710938,-6.269627571105957,79.03412628173828,0.2518445685105351
19,36,-12.453773498535156,42.83832550048828,-24.90591812133789,-109.77933502197266,-6.404804229736328,78.31969451904297,0.2510703881301495
19,37,-12.230814933776855,42.41926574707031,-26.069150924682617,-109.16192626953125,-6.266543388366699,78.76002502441406,0.2533519981271529
19,38,-12.323036193847656,42.63124084472656,-25.35733413696289,-109.27406311035156,-6.452849388122559,78.83839416503906,0.25203027512506176
19,39,-12.521161079406738,41.716026306152344,-26.401519775390625,-108.2203369140625,-6.031232833862305,78.08316040039062,0.25348891848905325
19,40,-12.685646057128906,41.39299774169922,-26.17963981628418,-108.42739868164062,-5.931174278259277,77.45205688476562,0.2524530153196146
19,41,-13.02455997467041,42.03495788574219,-26.04395294189453,-108.33038330078125,-6.055243492126465,75.16552734375,0.2531161631541824
19,42,-13.67123031616211,42.470035552978516,-25.103023529052734,-108.78719329833984,-6.22698974609375,62.15673828125,0.2514621961165737
19,43,-13.728426933288574,41.380226135253906,-26.198747634887695,-108.72006225585938,-5.838173866271973,59.49266815185547,0.25234415950155215
19,44,-14.308562278747559,41.38965606689453,-26.064342498779297,-108.57754516601562,-5.869209289550781,60.02597427368164,0.2521269614060952
19,45,-15.670453071594238,43.16425704956055,-27.0850830078125,-107.60519409179688,-5.759716987609863,66.7640609741211,0.2572180186805651
19,46,-18.03362274169922,44.354190826416016,-29.236732482910156,-106.50506591796875,-4.734816551208496,72.42489624023438,0.2635522592467668
19,47,-19.499521255493164,43.504005432128906,-31.240745544433594,-105.2857437133789,-4.409111976623535,67.37612915039062,0.266586096104496
19,48,-18.987268447875977,42.833763122558594,-31.218883514404297,-106.17493438720703,-4.662571907043457,66.8906021118164,0.26554133256033996
19,49,-8.945845603942871,32.84864044189453,-22.169191360473633,-86.65442657470703,-6.259042739868164,48.949462890625,0.23801892827873783
20,0,-14.875876426696777,84.41954040527344,-0.170684814453125,-90.07405090332031,-6.926968574523926,64.15425109863281,0.2546124123575156
20,1,-14.639288902282715,82.24528503417969,1.279388427734375,-91.89054107666016,-7.2509565353393555,65.70057678222656,0.25001815612660916
20,2,-14.206878662109375,78.44371795654297,-0.7227420806884766,-93.23572540283203,-7.267333984375,67.92678833007812,0.24993292314867582
20,3,-14.833292007446289,76.09925079345703,-3.62593936920166,-92.74028015136719,-7.522027015686035,72.86955261230469,0.2530978007325103
20,4,-14.929353713989258,73.22183990478516,-7.689901351928711,-92.25233459472656,-7.3996171951293945,72.50294494628906,0.25758832752132227
20,5,-14.898988723754883,68.25139617919922,-12.661128997802734,-92.44224548339844,-7.313486099243164,74.34313201904297,0.26132807558631005
20,6,-13.634696960449219,64.67449188232422,-21.262971878051758,-92.01936340332031,-6.393902778625488,79.61871337890625,0.2713592230415439
20,7,-13.35427474975586,64.28975677490234,-23.63165283203125,-92.43895721435547,-6.82144832611084,86.18241882324219,0.27451374426733915
20,8,-12.290202140808105,62.74062728881836,-24.805309295654297,-94.15184783935547,-6.854253768920898,85.8387222290039,0.2754403470982354
20,9,-11.206875801086426,62.106143951416016,-24.76995849609375,-95.00338745117188,-6.82172966003418,84.88496398925781,0.275094850899428
20,10,-10.767611503601074,60.57514953613281,-26.884950637817383,-95.88977813720703,-6.693362236022949,84.20663452148438,0.27706011166795824
20,11,-10.652514457702637,59.299278259277344,-28.036161422729492,-96.915283203125,-6.649242401123047,84.1412582397461,0.27787891120265457
20,12,-10.50527572631836,57.850318908691406,-28.752403259277344,-97.53680419921875,-6.512063026428223,83.91487121582031,0.2777571985170976
20,13,-9.780383110046387,56.287960052490234,-28.732913970947266,-97.66565704345703,-6.456504821777344,83.4183120727539,0.2762613516812701
20,14,-9.451038360595703,55.33828353881836,-28.813949584960938,-98.88766479492188,-6.539794921875,82.88121032714844,0.2757077984680443
20,15,-9.63886833190918,54.45743179321289,-28.428958892822266,-99.55012512207031,-6.600197792053223,83.28961181640625,0.2742994134360614
20,16,-9.76881217956543,55.81706619262695,-26.269330978393555,-100.49581146240234,-6.813601493835449,82.24373626708984,0.2722434919050562
20,17,-9.996148109436035,54.51913070678711,-25.762535095214844,-101.88238525390625,-6.898263931274414,81.777099609375,0.26995963018961955
20,18,-10.310840606689453,54.668209075927734,-23.96282958984375,-102.75990295410156,-6.834085464477539,81.26583862304688,0.26678062084899906
20,19,-9.969625473022461,54.278141021728516,-22.300254821777344,-104.38715362548828,-6.861690521240234,80.84275817871094,0.26283635828666496
20,20,-9.748238563537598,52.46253204345703,-22.74488639831543,-104.4102783203125,-6.671663284301758,81.24297332763672,0.2614716085604922
20,21,-9.544794082641602,50.33482360839844,-23.716564178466797,-103.85379791259766,-6.468905448913574,80.29844665527344,0.2608728308408802
20,22,-9.505455017089844,50.93252944946289,-21.684398651123047,-104.10457611083984,-6.499739646911621,80.06359100341797,0.2574771066692904
20,23,-9.80551815032959,49.94660949707031,-21.97955322265625,-104.01588439941406,-6.372653961181641,79.3803939819336,0.25683787832628957
20,24,-10.318470001220703,50.426368713378906,-21.97425651550293,-104.1554946899414,-6.457548141479492,77.92886352539062,0.2574042777953475
20,25,-10.14709758758545,50.035831451416016,-22.538143157958984,-104.45950317382812,-6.421718597412109,78.62610626220703,0.2579638974459753
20,26,-10.474467277526855,49.17070388793945,-22.018173217773438,-105.47785949707031,-6.215663909912109,78.25688171386719,0.25542358172722907
20,27,-11.498956680297852,49.443321228027344,-22.3428955078125,-105.6637191772461,-6.377413749694824,78.19761657714844,0.2564019339218813
20,28,-11.228959083557129,48.84712600708008,-22.21070671081543,-107.02391815185547,-6.089600563049316,78.55825805664062,0.2548085696328345
20,29,-11.4799165725708,48.33131408691406,-23.707860946655273,-107.34463500976562,-6.198908805847168,78.10691833496094,0.25719233993543467
20,30,-11.417023658752441,48.22938537597656,-23.60360336303711,-107.76786041259766,-6.0750932693481445,78.21723937988281,0.256667470305395
20,31,-11.943588256835938,47.39458465576172,-24.04926109313965,-107.59245300292969,-6.144757270812988,78.68181610107422,0.2565596748248291
20,32,-11.929518699645996,46.65226745605469,-23.924362182617188,-108.19094848632812,-6.096323013305664,80.29676818847656,0.25503030030700874
20,33,-12.173458099365234,45.751808166503906,-24.597240447998047,-108.42483520507812,-6.03452205657959,79.31063842773438,0.2551461683555096
20,34,-12.510404586791992,45.230224609375,-24.310270309448242,-108.50172424316406,-6.115913391113281,79.79754638671875,0.2537596969179735
20,35,-12.430526733398438,43.741241455078125,-24.550830841064453,-109.23226928710938,-6.269627571105957,79.03412628173828,0.2518445685105351
20,36,-12.453773498535156,42.83832550048828,-24.90591812133789,-109.77933502197266,-6.404804229736328,78.31969451904297,0.2510703881301495
20,37,-12.230814933776855,42.41926574707031,-26.069150924682617,-109.16192626953125,-6.266543388366699,78.76002502441406,0.2533519981271529
20,38,-12.323036193847656,42.63124084472656,-25.35733413696289,-109.27406311035156,-6.452849388122559,78.83839416503906,0.25203027512506176
20,39,-12.521161079406738,41.716026306152344,-26.401519775390625,-108.2203369140625,-6.031232833862305,78.08316040039062,0.25348891848905325
20,40,-12.685646057128906,41.39299774169922,-26.17963981628418,-108.42739868164062,-5.931174278259277,77.45205688476562,0.2524530153196146
20,41,-13.02455997467041,42.03495788574219,-26.04395294189453,-108.33038330078125,-6.055243492126465,75.16552734375,0.2531161631541824
20,42,-13.67123031616211,42.470035552978516,-25.103023529052734,-108.78719329833984,-6.22698974609375,62.15673828125,0.2514621961165737
20,43,-13.728426933288574,41.380226135253906,-26.198747634887695,-108.72006225585938,-5.838173866271973,59.49266815185547,0.25234415950155215
20,44,-14.308562278747559,41.38965606689453,-26.064342498779297,-108.57754516601562,-5.869209289550781,60.02597427368164,0.2521269614060952
20,45,-15.670453071594238,43.16425704956055,-27.0850830078125,-107.60519409179688,-5.759716987609863,66.7640609741211,0.2572180186805651
20,46,-18.03362274169922,44.354190826416016,-29.236732482910156,-106.50506591796875,-4.734816551208496,72.42489624023438,0.2635522592467668
20,47,-19.499521255493164,43.504005432128906,-31.240745544433594,-105.2857437133789,-4.409111976623535,67.37612915039062,0.266586096104496
20,48,-18.987268447875977,42.833763122558594,-31.218883514404297,-106.17493438720703,-4.662571907043457,66.8906021118164,0.26554133256033996
20,49,-8.945845603942871,32.84864044189453,-22.169191360473633,-86.65442657470703,-6.259042739868164,48.949462890625,0.23801892827873783
21,0,-14.875876426696777,84.41954040527344,-0.170684814453125,-90.07405090332031,-6.926968574523926,64.15425109863281,0.2546124123575156
21,1,-14.639288902282715,82.24528503417969,1.279388427734375,-91.89054107666016,-7.2509565353393555,65.70057678222656,0.25001815612660916
21,2,-14.206878662109375,78.44371795654297,-0.7227420806884766,-93.23572540283203,-7.267333984375,67.92678833007812,0.24993292314867582
21,3,-14.833292007446289,76.09925079345703,-3.62593936920166,-92.74028015136719,-7.522027015686035,72.86955261230469,0.2530978007325103
21,4,-14.929353713989258,73.22183990478516,-7.689901351928711,-92.25233459472656,-7.3996171951293945,72.50294494628906,0.25758832752132227
21,5,-14.898988723754883,68.25139617919922,-12.661128997802734,-92.44224548339844,-7.313486099243164,74.34313201904297,0.26132807558631005
21,6,-13.634696960449219,64.67449188232422,-21.262971878051758,-92.01936340332031,-6.393902778625488,79.61871337890625,0.2713592230415439
21,7,-13.35427474975586,64.28975677490234,-23.63165283203125,-92.43895721435547,-6.82144832611084,86.18241882324219,0.27451374426733915
21,8,-12.290202140808105,62.74062728881836,-24.805309295654297,-94.15184783935547,-6.854253768920898,85.8387222290039,0.2754403470982354
21,9,-11.206875801086426,62.106143951416016,-24.76995849609375,-95.00338745117188,-6.82172966003418,84.88496398925781,0.275094850899428
21,10,-10.767611503601074,60.57514953613281,-26.884950637817383,-95.88977813720703,-6.693362236022949,84.20663452148438,0.27706011166795824
21,11,-10.652514457702637,59.299278259277344,-28.036161422729492,-96.915283203125,-6.649242401123047,84.1412582397461,0.27787891120265457
21,12,-10.50527572631836,57.850318908691406,-28.752403259277344,-97.53680419921875,-6.512063026428223,83.91487121582031,0.2777571985170976
21,13,-9.780383110046387,56.287960052490234,-28.732913970947266,-97.66565704345703,-6.456504821777344,83.4183120727539,0.2762613516812701
21,14,-9.451038360595703,55.33828353881836,-28.813949584960938,-98.88766479492188,-6.539794921875,82.88121032714844,0.2757077984680443
21,15,-9.63886833190918,54.45743179321289,-28.428958892822266,-99.55012512207031,-6.600197792053223,83.28961181640625,0.2742994134360614
21,16,-9.76881217956543,55.81706619262695,-26.269330978393555,-100.49581146240234,-6.813601493835449,82.24373626708984,0.2722434919050562
21,17,-9.996148109436035,54.51913070678711,-25.762535095214844,-101.88238525390625,-6.898263931274414,81.777099609375,0.26995963018961955
21,18,-10.310840606689453,54.668209075927734,-23.96282958984375,-102.75990295410156,-6.834085464477539,81.26583862304688,0.26678062084899906
21,19,-9.969625473022461,54.278141021728516,-22.300254821777344,-104.38715362548828,-6.861690521240234,80.84275817871094,0.26283635828666496
21,20,-9.748238563537598,52.46253204345703,-22.74488639831543,-104.4102783203125,-6.671663284301758,81.24297332763672,0.2614716085604922
21,21,-9.544794082641602,50.33482360839844,-23.716564178466797,-103.85379791259766,-6.468905448913574,80.29844665527344,0.2608728308408802
21,22,-9.505455017089844,50.93252944946289,-21.684398651123047,-104.10457611083984,-6.499739646911621,80.06359100341797,0.2574771066692904
21,23,-9.80551815032959,49.94660949707031,-21.97955322265625,-104.01588439941406,-6.372653961181641,79.3803939819336,0.25683787832628957
21,24,-10.318470001220703,50.426368713378906,-21.97425651550293,-104.1554946899414,-6.457548141479492,77.92886352539062,0.2574042777953475
21,25,-10.14709758758545,50.035831451416016,-22.538143157958984,-104.45950317382812,-6.421718597412109,78.62610626220703,0.2579638974459753
21,26,-10.474467277526855,49.17070388793945,-22.018173217773438,-105.47785949707031,-6.215663909912109,78.25688171386719,0.25542358172722907
21,27,-11.498956680297852,49.443321228027344,-22.3428955078125,-105.6637191772461,-6.377413749694824,78.19761657714844,0.2564019339218813
21,28,-11.228959083557129,48.84712600708008,-22.21070671081543,-107.02391815185547,-6.089600563049316,78.55825805664062,0.2548085696328345
21,29,-11.4799165725708,48.33131408691406,-23.707860946655273,-107.34463500976562,-6.198908805847168,78.10691833496094,0.25719233993543467
21,30,-11.417023658752441,48.22938537597656,-23.60360336303711,-107.76786041259766,-6.0750932693481445,78.21723937988281,0.256667470305395
21,31,-11.943588256835938,47.39458465576172,-24.04926109313965,-107.59245300292969,-6.144757270812988,78.68181610107422,0.2565596748248291
21,32,-11.929518699645996,46.65226745605469,-23.924362182617188,-108.19094848632812,-6.096323013305664,80.29676818847656,0.25503030030700874
21,33,-12.173458099365234,45.751808166503906,-24.597240447998047,-108.42483520507812,-6.03452205657959,79.31063842773438,0.2551461683555096
21,34,-12.510404586791992,45.230224609375,-24.310270309448242,-108.50172424316406,-6.115913391113281,79.79754638671875,0.2537596969179735
21,35,-12.430526733398438,43.741241455078125,-24.550830841064453,-109.23226928710938,-6.269627571105957,79.03412628173828,0.2518445685105351
21,36,-12.453773498535156,42.83832550048828,-24.90591812133789,-109.77933502197266,-6.404804229736328,78.31969451904297,0.2510703881301495
21,37,-12.230814933776855,42.41926574707031,-26.069150924682617,-109.16192626953125,-6.266543388366699,78.76002502441406,0.2533519981271529
21,38,-12.323036193847656,42.63124084472656,-25.35733413696289,-109.27406311035156,-6.452849388122559,78.83839416503906,0.25203027512506176
21,39,-12.521161079406738,41.716026306152344,-26.401519775390625,-108.2203369140625,-6.031232833862305,78.08316040039062,0.25348891848905325
21,40,-12.685646057128906,41.39299774169922,-26.17963981628418,-108.42739868164062,-5.931174278259277,77.45205688476562,0.2524530153196146
21,41,-13.02455997467041,42.03495788574219,-26.04395294189453,-108.33038330078125,-6.055243492126465,75.16552734375,0.2531161631541824
21,42,-13.67123031616211,42.470035552978516,-25.103023529052734,-108.78719329833984,-6.22698974609375,62.15673828125,0.2514621961165737
21,43,-13.728426933288574,41.380226135253906,-26.198747634887695,-108.72006225585938,-5.838173866271973,59.49266815185547,0.25234415950155215
21,44,-14.308562278747559,41.38965606689453,-26.064342498779297,-108.57754516601562,-5.869209289550781,60.02597427368164,0.2521269614060952
21,45,-15.670453071594238,43.16425704956055,-27.0850830078125,-107.60519409179688,-5.759716987609863,66.7640609741211,0.2572180186805651
21,46,-18.03362274169922,44.354190826416016,-29.236732482910156,-106.50506591796875,-4.734816551208496,72.42489624023438,0.2635522592467668
21,47,-19.499521255493164,43.504005432128906,-31.240745544433594,-105.2857437133789,-4.409111976623535,67.37612915039062,0.266586096104496
21,48,-18.987268447875977,42.833763122558594,-31.218883514404297,-106.17493438720703,-4.662571907043457,66.8906021118164,0.26554133256033996
21,49,-8.945845603942871,32.84864044189453,-22.169191360473633,-86.65442657470703,-6.259042739868164,48.949462890625,0.23801892827873783
22,0,-14.875876426696777,84.41954040527344,-0.170684814453125,-90.07405090332031,-6.926968574523926,64.15425109863281,0.2546124123575156
22,1,-14.639288902282715,82.24528503417969,1.279388427734375,-91.89054107666016,-7.2509565353393555,65.70057678222656,0.25001815612660916
22,2,-14.206878662109375,78.44371795654297,-0.7227420806884766,-93.23572540283203,-7.267333984375,67.92678833007812,0.24993292314867582
22,3,-14.833292007446289,76.09925079345703,-3.62593936920166,-92.74028015136719,-7.522027015686035,72.86955261230469,0.2530978007325103
22,4,-14.929353713989258,73.22183990478516,-7.689901351928711,-92.25233459472656,-7.3996171951293945,72.50294494628906,0.25758832752132227
22,5,-14.898988723754883,68.25139617919922,-12.661128997802734,-92.44224548339844,-7.313486099243164,74.34313201904297,0.26132807558631005
22,6,-13.634696960449219,64.67449188232422,-21.262971878051758,-92.01936340332031,-6.393902778625488,79.61871337890625,0.2713592230415439
22,7,-13.35427474975586,64.28975677490234,-23.63165283203125,-92.43895721435547,-6.82144832611084,86.18241882324219,0.27451374426733915
22,8,-12.290202140808105,62.74062728881836,-24.805309295654297,-94.15184783935547,-6.854253768920898,85.8387222290039,0.2754403470982354
22,9,-11.206875801086426,62.106143951416016,-24.76995849609375,-95.00338745117188,-6.82172966003418,84.88496398925781,0.275094850899428
22,10,-10.767611503601074,60.57514953613281,-26.884950637817383,-95.88977813720703,-6.693362236022949,84.20663452148438,0.27706011166795824
22,11,-10.652514457702637,59.299278259277344,-28.036161422729492,-96.915283203125,-6.649242401123047,84.1412582397461,0.27787891120265457
22,12,-10.50527572631836,57.850318908691406,-28.752403259277344,-97.53680419921875,-6.512063026428223,83.91487121582031,0.2777571985170976
22,13,-9.780383110046387,56.287960052490234,-28.732913970947266,-97.66565704345703,-6.456504821777344,83.4183120727539,0.2762613516812701
22,14,-9.451038360595703,55.33828353881836,-28.813949584960938,-98.88766479492188,-6.539794921875,82.88121032714844,0.2757077984680443
22,15,-9.63886833190918,54.45743179321289,-28.428958892822266,-99.55012512207031,-6.600197792053223,83.28961181640625,0.2742994134360614
22,16,-9.76881217956543,55.81706619262695,-26.269330978393555,-100.49581146240234,-6.813601493835449,82.24373626708984,0.2722434919050562
22,17,-9.996148109436035,54.51913070678711,-25.762535095214844,-101.88238525390625,-6.898263931274414,81.777099609375,0.26995963018961955
22,18,-10.310840606689453,54.668209075927734,-23.96282958984375,-102.75990295410156,-6.834085464477539,81.26583862304688,0.26678062084899906
22,19,-9.969625473022461,54.278141021728516,-22.300254821777344,-104.38715362548828,-6.861690521240234,80.84275817871094,0.26283635828666496
22,20,-9.748238563537598,52.46253204345703,-22.74488639831543,-104.4102783203125,-6.671663284301758,81.24297332763672,0.2614716085604922
22,21,-9.544794082641602,50.33482360839844,-23.716564178466797,-103.85379791259766,-6.468905448913574,80.29844665527344,0.2608728308408802
22,22,-9.505455017089844,50.93252944946289,-21.684398651123047,-104.10457611083984,-6.499739646911621,80.06359100341797,0.2574771066692904
22,23,-9.80551815032959,49.94660949707031,-21.97955322265625,-104.01588439941406,-6.372653961181641,79.3803939819336,0.25683787832628957
22,24,-10.318470001220703,50.426368713378906,-21.97425651550293,-104.1554946899414,-6.457548141479492,77.92886352539062,0.2574042777953475
22,25,-10.14709758758545,50.035831451416016,-22.538143157958984,-104.45950317382812,-6.421718597412109,78.62610626220703,0.2579638974459753
22,26,-10.474467277526855,49.17070388793945,-22.018173217773438,-105.47785949707031,-6.215663909912109,78.25688171386719,0.25542358172722907
22,27,-11.498956680297852,49.443321228027344,-22.3428955078125,-105.6637191772461,-6.377413749694824,78.19761657714844,0.2564019339218813
22,28,-11.228959083557129,48.84712600708008,-22.21070671081543,-107.02391815185547,-6.089600563049316,78.55825805664062,0.2548085696328345
22,29,-11.4799165725708,48.33131408691406,-23.707860946655273,-107.34463500976562,-6.198908805847168,78.10691833496094,0.25719233993543467
22,30,-11.417023658752441,48.22938537597656,-23.60360336303711,-107.76786041259766,-6.0750932693481445,78.21723937988281,0.256667470305395
22,31,-11.943588256835938,47.39458465576172,-24.04926109313965,-107.59245300292969,-6.144757270812988,78.68181610107422,0.2565596748248291
22,32,-11.929518699645996,46.65226745605469,-23.924362182617188,-108.19094848632812,-6.096323013305664,80.29676818847656,0.25503030030700874
22,33,-12.173458099365234,45.751808166503906,-24.597240447998047,-108.42483520507812,-6.03452205657959,79.31063842773438,0.2551461683555096
22,34,-12.510404586791992,45.230224609375,-24.310270309448242,-108.50172424316406,-6.115913391113281,79.79754638671875,0.2537596969179735
22,35,-12.430526733398438,43.741241455078125,-24.550830841064453,-109.23226928710938,-6.269627571105957,79.03412628173828,0.2518445685105351
22,36,-12.453773498535156,42.83832550048828,-24.90591812133789,-109.77933502197266,-6.404804229736328,78.31969451904297,0.2510703881301495
22,37,-12.230814933776855,42.41926574707031,-26.069150924682617,-109.16192626953125,-6.266543388366699,78.76002502441406,0.2533519981271529
22,38,-12.323036193847656,42.63124084472656,-25.35733413696289,-109.27406311035156,-6.452849388122559,78.83839416503906,0.25203027512506176
22,39,-12.521161079406738,41.716026306152344,-26.401519775390625,-108.2203369140625,-6.031232833862305,78.08316040039062,0.25348891848905325
22,40,-12.685646057128906,41.39299774169922,-26.17963981628418,-108.42739868164062,-5.931174278259277,77.45205688476562,0.2524530153196146
22,41,-13.02455997467041,42.03495788574219,-26.04395294189453,-108.33038330078125,-6.055243492126465,75.16552734375,0.2531161631541824
22,42,-13.67123031616211,42.470035552978516,-25.103023529052734,-108.78719329833984,-6.22698974609375,62.15673828125,0.2514621961165737
22,43,-13.728426933288574,41.380226135253906,-26.198747634887695,-108.72006225585938,-5.838173866271973,59.49266815185547,0.25234415950155215
22,44,-14.308562278747559,41.38965606689453,-26.064342498779297,-108.57754516601562,-5.869209289550781,60.02597427368164,0.2521269614060952
22,45,-15.670453071594238,43.16425704956055,-27.0850830078125,-107.60519409179688,-5.759716987609863,66.7640609741211,0.2572180186805651
22,46,-18.03362274169922,44.354190826416016,-29.236732482910156,-106.50506591796875,-4.734816551208496,72.42489624023438,0.2635522592467668
22,47,-19.499521255493164,43.504005432128906,-31.240745544433594,-105.2857437133789,-4.409111976623535,67.37612915039062,0.266586096104496
22,48,-18.987268447875977,42.833763122558594,-31.218883514404297,-106.17493438720703,-4.662571907043457,66.8906021118164,0.26554133256033996
22,49,-8.945845603942871,32.84864044189453,-22.169191360473633,-86.65442657470703,-6.259042739868164,48.949462890625,0.23801892827873783
23,0,-14.875876426696777,84.41954040527344,-0.170684814453125,-90.07405090332031,-6.926968574523926,64.15425109863281,0.2546124123575156
23,1,-14.639288902282715,82.24528503417969,1.279388427734375,-91.89054107666016,-7.2509565353393555,65.70057678222656,0.25001815612660916
23,2,-14.206878662109375,78.44371795654297,-0.7227420806884766,-93.23572540283203,-7.267333984375,67.92678833007812,0.24993292314867582
23,3,-14.833292007446289,76.09925079345703,-3.62593936920166,-92.74028015136719,-7.522027015686035,72.86955261230469,0.2530978007325103
23,4,-14.929353713989258,73.22183990478516,-7.689901351928711,-92.25233459472656,-7.3996171951293945,72.50294494628906,0.25758832752132227
23,5,-14.898988723754883,68.25139617919922,-12.661128997802734,-92.44224548339844,-7.313486099243164,74.34313201904297,0.26132807558631005
23,6,-13.634696960449219,64.67449188232422,-21.262971878051758,-92.01936340332031,-6.393902778625488,79.61871337890625,0.2713592230415439
23,7,-13.35427474975586,64.28975677490234,-23.63165283203125,-92.43895721435547,-6.82144832611084,86.18241882324219,0.27451374426733915
23,8,-12.290202140808105,62.74062728881836,-24.805309295654297,-94.15184783935547,-6.854253768920898,85.8387222290039,0.2754403470982354
23,9,-11.206875801086426,62.106143951416016,-24.76995849609375,-95.00338745117188,-6.82172966003418,84.88496398925781,0.275094850899428
23,10,-10.767611503601074,60.57514953613281,-26.884950637817383,-95.88977813720703,-6.693362236022949,84.20663452148438,0.27706011166795824
23,11,-10.652514457702637,59.299278259277344,-28.036161422729492,-96.915283203125,-6.649242401123047,84.1412582397461,0.27787891120265457
23,12,-10.50527572631836,57.850318908691406,-28.752403259277344,-97.53680419921875,-6.512063026428223,83.91487121582031,0.2777571985170976
23,13,-9.780383110046387,56.287960052490234,-28.732913970947266,-97.66565704345703,-6.456504821777344,83.4183120727539,0.2762613516812701
23,14,-9.451038360595703,55.33828353881836,-28.813949584960938,-98.88766479492188,-6.539794921875,82.88121032714844,0.2757077984680443
23,15,-9.63886833190918,54.45743179321289,-28.428958892822266,-99.55012512207031,-6.600197792053223,83.28961181640625,0.2742994134360614
23,16,-9.76881217956543,55.81706619262695,-26.269330978393555,-100.49581146240234,-6.813601493835449,82.24373626708984,0.2722434919050562
23,17,-9.996148109436035,54.51913070678711,-25.762535095214844,-101.88238525390625,-6.898263931274414,81.777099609375,0.26995963018961955
23,18,-10.310840606689453,54.668209075927734,-23.96282958984375,-102.75990295410156,-6.834085464477539,81.26583862304688,0.26678062084899906
23,19,-9.969625473022461,54.278141021728516,-22.300254821777344,-104.38715362548828,-6.861690521240234,80.84275817871094,0.26283635828666496
23,20,-9.748238563537598,52.46253204345703,-22.74488639831543,-104.4102783203125,-6.671663284301758,81.24297332763672,0.2614716085604922
23,21,-9.544794082641602,50.33482360839844,-23.716564178466797,-103.85379791259766,-6.468905448913574,80.29844665527344,0.2608728308408802
23,22,-9.505455017089844,50.93252944946289,-21.684398651123047,-104.10457611083984,-6.499739646911621,80.06359100341797,0.2574771066692904
23,23,-9.80551815032959,49.94660949707031,-21.97955322265625,-104.01588439941406,-6.372653961181641,79.3803939819336,0.25683787832628957
23,24,-10.318470001220703,50.426368713378906,-21.97425651550293,-104.1554946899414,-6.457548141479492,77.92886352539062,0.2574042777953475
23,25,-10.14709758758545,50.035831451416016,-22.538143157958984,-104.45950317382812,-6.421718597412109,78.62610626220703,0.2579638974459753
23,26,-10.474467277526855,49.17070388793945,-22.018173217773438,-105.47785949707031,-6.215663909912109,78.25688171386719,0.25542358172722907
23,27,-11.498956680297852,49.443321228027344,-22.3428955078125,-105.6637191772461,-6.377413749694824,78.19761657714844,0.2564019339218813
23,28,-11.228959083557129,48.84712600708008,-22.21070671081543,-107.02391815185547,-6.089600563049316,78.55825805664062,0.2548085696328345
23,29,-11.4799165725708,48.33131408691406,-23.707860946655273,-107.34463500976562,-6.198908805847168,78.10691833496094,0.25719233993543467
23,30,-11.417023658752441,48.22938537597656,-23.60360336303711,-107.76786041259766,-6.0750932693481445,78.21723937988281,0.256667470305395
23,31,-11.943588256835938,47.39458465576172,-24.04926109313965,-107.59245300292969,-6.144757270812988,78.68181610107422,0.2565596748248291
23,32,-11.929518699645996,46.65226745605469,-23.924362182617188,-108.19094848632812,-6.096323013305664,80.29676818847656,0.25503030030700874
23,33,-12.173458099365234,45.751808166503906,-24.597240447998047,-108.42483520507812,-6.03452205657959,79.31063842773438,0.2551461683555096
23,34,-12.510404586791992,45.230224609375,-24.310270309448242,-108.50172424316406,-6.115913391113281,79.79754638671875,0.2537596969179735
23,35,-12.430526733398438,43.741241455078125,-24.550830841064453,-109.23226928710938,-6.269627571105957,79.03412628173828,0.2518445685105351
23,36,-12.453773498535156,42.83832550048828,-24.90591812133789,-109.77933502197266,-6.404804229736328,78.31969451904297,0.2510703881301495
23,37,-12.230814933776855,42.41926574707031,-26.069150924682617,-109.16192626953125,-6.266543388366699,78.76002502441406,0.2533519981271529
23,38,-12.323036193847656,42.63124084472656,-25.35733413696289,-109.27406311035156,-6.452849388122559,78.83839416503906,0.25203027512506176
23,39,-12.521161079406738,41.716026306152344,-26.401519775390625,-108.2203369140625,-6.031232833862305,78.08316040039062,0.25348891848905325
23,40,-12.685646057128906,41.39299774169922,-26.17963981628418,-108.42739868164062,-5.931174278259277,77.45205688476562,0.2524530153196146
23,41,-13.02455997467041,42.03495788574219,-26.04395294189453,-108.33038330078125,-6.055243492126465,75.16552734375,0.2531161631541824
23,42,-13.67123031616211,42.470035552978516,-25.103023529052734,-108.78719329833984,-6.22698974609375,62.15673828125,0.2514621961165737
23,43,-13.728426933288574,41.380226135253906,-26.198747634887695,-108.72006225585938,-5.838173866271973,59.49266815185547,0.25234415950155215
23,44,-14.308562278747559,41.38965606689453,-26.064342498779297,-108.57754516601562,-5.869209289550781,60.02597427368164,0.2521269614060952
23,45,-15.670453071594238,43.16425704956055,-27.0850830078125,-107.60519409179688,-5.759716987609863,66.7640609741211,0.2572180186805651
23,46,-18.03362274169922,44.354190826416016,-29.236732482910156,-106.50506591796875,-4.734816551208496,72.42489624023438,0.2635522592467668
23,47,-19.499521255493164,43.504005432128906,-31.240745544433594,-105.2857437133789,-4.409111976623535,67.37612915039062,0.266586096104496
23,48,-18.987268447875977,42.833763122558594,-31.218883514404297,-106.17493438720703,-4.662571907043457,66.8906021118164,0.26554133256033996
23,49,-8.945845603942871,32.84864044189453,-22.169191360473633,-86.65442657470703,-6.259042739868164,48.949462890625,0.23801892827873783
24,0,-14.875876426696777,84.41954040527344,-0.170684814453125,-90.07405090332031,-6.926968574523926,64.15425109863281,0.2546124123575156
24,1,-14.639288902282715,82.24528503417969,1.279388427734375,-91.89054107666016,-7.2509565353393555,65.70057678222656,0.25001815612660916
24,2,-14.206878662109375,78.44371795654297,-0.7227420806884766,-93.23572540283203,-7.267333984375,67.92678833007812,0.24993292314867582
24,3,-14.833292007446289,76.09925079345703,-3.62593936920166,-92.74028015136719,-7.522027015686035,72.86955261230469,0.2530978007325103
24,4,-14.929353713989258,73.22183990478516,-7.689901351928711,-92.25233459472656,-7.3996171951293945,72.50294494628906,0.25758832752132227
24,5,-14.898988723754883,68.25139617919922,-12.661128997802734,-92.44224548339844,-7.313486099243164,74.34313201904297,0.26132807558631005
24,6,-13.634696960449219,64.67449188232422,-21.262971878051758,-92.01936340332031,-6.393902778625488,79.61871337890625,0.2713592230415439
24,7,-13.35427474975586,64.28975677490234,-23.63165283203125,-92.43895721435547,-6.82144832611084,86.18241882324219,0.27451374426733915
24,8,-12.290202140808105,62.74062728881836,-24.805309295654297,-94.15184783935547,-6.854253768920898,85.8387222290039,0.2754403470982354
24,9,-11.206875801086426,62.106143951416016,-24.76995849609375,-95.00338745117188,-6.82172966003418,84.88496398925781,0.275094850899428
24,10,-10.767611503601074,60.57514953613281,-26.884950637817383,-95.88977813720703,-6.693362236022949,84.20663452148438,0.27706011166795824
24,11,-10.652514457702637,59.299278259277344,-28.036161422729492,-96.915283203125,-6.649242401123047,84.1412582397461,0.27787891120265457
24,12,-10.50527572631836,57.850318908691406,-28.752403259277344,-97.53680419921875,-6.512063026428223,83.91487121582031,0.2777571985170976
24,13,-9.780383110046387,56.287960052490234,-28.732913970947266,-97.66565704345703,-6.456504821777344,83.4183120727539,0.2762613516812701
24,14,-9.451038360595703,55.33828353881836,-28.813949584960938,-98.88766479492188,-6.539794921875,82.88121032714844,0.2757077984680443
24,15,-9.63886833190918,54.45743179321289,-28.428958892822266,-99.55012512207031,-6.600197792053223,83.28961181640625,0.2742994134360614
24,16,-9.76881217956543,55.81706619262695,-26.269330978393555,-100.49581146240234,-6.813601493835449,82.24373626708984,0.2722434919050562
24,17,-9.996148109436035,54.51913070678711,-25.762535095214844,-101.88238525390625,-6.898263931274414,81.777099609375,0.26995963018961955
24,18,-10.310840606689453,54.668209075927734,-23.96282958984375,-102.75990295410156,-6.834085464477539,81.26583862304688,0.26678062084899906
24,19,-9.969625473022461,54.278141021728516,-22.300254821777344,-104.38715362548828,-6.861690521240234,80.84275817871094,0.26283635828666496
24,20,-9.748238563537598,52.46253204345703,-22.74488639831543,-104.4102783203125,-6.671663284301758,81.24297332763672,0.2614716085604922
24,21,-9.544794082641602,50.33482360839844,-23.716564178466797,-103.85379791259766,-6.468905448913574,80.29844665527344,0.2608728308408802
24,22,-9.505455017089844,50.93252944946289,-21.684398651123047,-104.10457611083984,-6.499739646911621,80.06359100341797,0.2574771066692904
24,23,-9.80551815032959,49.94660949707031,-21.97955322265625,-104.01588439941406,-6.372653961181641,79.3803939819336,0.25683787832628957
24,24,-10.318470001220703,50.426368713378906,-21.97425651550293,-104.1554946899414,-6.457548141479492,77.92886352539062,0.2574042777953475
24,25,-10.14709758758545,50.035831451416016,-22.538143157958984,-104.45950317382812,-6.421718597412109,78.62610626220703,0.2579638974459753
24,26,-10.474467277526855,49.17070388793945,-22.018173217773438,-105.47785949707031,-6.215663909912109,78.25688171386719,0.25542358172722907
24,27,-11.498956680297852,49.443321228027344,-22.3428955078125,-105.6637191772461,-6.377413749694824,78.19761657714844,0.2564019339218813
24,28,-11.228959083557129,48.84712600708008,-22.21070671081543,-107.02391815185547,-6.089600563049316,78.55825805664062,0.2548085696328345
24,29,-11.4799165725708,48.33131408691406,-23.707860946655273,-107.34463500976562,-6.198908805847168,78.10691833496094,0.25719233993543467
24,30,-11.417023658752441,48.22938537597656,-23.60360336303711,-107.76786041259766,-6.0750932693481445,78.21723937988281,0.256667470305395
24,31,-11.943588256835938,47.39458465576172,-24.04926109313965,-107.59245300292969,-6.144757270812988,78.68181610107422,0.2565596748248291
24,32,-11.929518699645996,46.65226745605469,-23.924362182617188,-108.19094848632812,-6.096323013305664,80.29676818847656,0.25503030030700874
24,33,-12.173458099365234,45.751808166503906,-24.597240447998047,-108.42483520507812,-6.03452205657959,79.31063842773438,0.2551461683555096
24,34,-12.510404586791992,45.230224609375,-24.310270309448242,-108.50172424316406,-6.115913391113281,79.79754638671875,0.2537596969179735
24,35,-12.430526733398438,43.741241455078125,-24.550830841064453,-109.23226928710938,-6.269627571105957,79.03412628173828,0.2518445685105351
24,36,-12.453773498535156,42.83832550048828,-24.90591812133789,-109.77933502197266,-6.404804229736328,78.31969451904297,0.2510703881301495
24,37,-12.230814933776855,42.41926574707031,-26.069150924682617,-109.16192626953125,-6.266543388366699,78.76002502441406,0.2533519981271529
24,38,-12.323036193847656,42.63124084472656,-25.35733413696289,-109.27406311035156,-6.452849388122559,78.83839416503906,0.25203027512506176
24,39,-12.521161079406738,41.716026306152344,-26.401519775390625,-108.2203369140625,-6.031232833862305,78.08316040039062,0.25348891848905325
24,40,-12.685646057128906,41.39299774169922,-26.17963981628418,-108.42739868164062,-5.931174278259277,77.45205688476562,0.2524530153196146
24,41,-13.02455997467041,42.03495788574219,-26.04395294189453,-108.33038330078125,-6.055243492126465,75.16552734375,0.2531161631541824
24,42,-13.67123031616211,42.470035552978516,-25.103023529052734,-108.78719329833984,-6.22698974609375,62.15673828125,0.2514621961165737
24,43,-13.728426933288574,41.380226135253906,-26.198747634887695,-108.72006225585938,-5.838173866271973,59.49266815185547,0.25234415950155215
24,44,-14.308562278747559,41.38965606689453,-26.064342498779297,-108.57754516601562,-5.869209289550781,60.02597427368164,0.2521269614060952
24,45,-15.670453071594238,43.16425704956055,-27.0850830078125,-107.60519409179688,-5.759716987609863,66.7640609741211,0.2572180186805651
24,46,-18.03362274169922,44.354190826416016,-29.236732482910156,-106.50506591796875,-4.734816551208496,72.42489624023438,0.2635522592467668
24,47,-19.499521255493164,43.504005432128906,-31.240745544433594,-105.2857437133789,-4.409111976623535,67.37612915039062,0.266586096104496
24,48,-18.987268447875977,42.833763122558594,-31.218883514404297,-106.17493438720703,-4.662571907043457,66.8906021118164,0.26554133256033996
24,49,-8.945845603942871,32.84864044189453,-22.169191360473633,-86.65442657470703,-6.259042739868164,48.949462890625,0.23801892827873783
25,0,-14.875876426696777,84.41954040527344,-0.170684814453125,-90.07405090332031,-6.926968574523926,64.15425109863281,0.2546124123575156
25,1,-14.639288902282715,82.24528503417969,1.279388427734375,-91.89054107666016,-7.2509565353393555,65.70057678222656,0.25001815612660916
25,2,-14.206878662109375,78.44371795654297,-0.7227420806884766,-93.23572540283203,-7.267333984375,67.92678833007812,0.24993292314867582
25,3,-14.833292007446289,76.09925079345703,-3.62593936920166,-92.74028015136719,-7.522027015686035,72.86955261230469,0.2530978007325103
25,4,-14.929353713989258,73.22183990478516,-7.689901351928711,-92.25233459472656,-7.3996171951293945,72.50294494628906,0.25758832752132227
25,5,-14.898988723754883,68.25139617919922,-12.661128997802734,-92.44224548339844,-7.313486099243164,74.34313201904297,0.26132807558631005
25,6,-13.634696960449219,64.67449188232422,-21.262971878051758,-92.01936340332031,-6.393902778625488,79.61871337890625,0.2713592230415439
25,7,-13.35427474975586,64.28975677490234,-23.63165283203125,-92.43895721435547,-6.82144832611084,86.18241882324219,0.27451374426733915
25,8,-12.290202140808105,62.74062728881836,-24.805309295654297,-94.15184783935547,-6.854253768920898,85.8387222290039,0.2754403470982354
25,9,-11.206875801086426,62.106143951416016,-24.76995849609375,-95.00338745117188,-6.82172966003418,84.88496398925781,0.275094850899428
25,10,-10.767611503601074,60.57514953613281,-26.884950637817383,-95.88977813720703,-6.693362236022949,84.20663452148438,0.27706011166795824
25,11,-10.652514457702637,59.299278259277344,-28.036161422729492,-96.915283203125,-6.649242401123047,84.1412582397461,0.27787891120265457
25,12,-10.50527572631836,57.850318908691406,-28.752403259277344,-97.53680419921875,-6.512063026428223,83.91487121582031,0.2777571985170976
25,13,-9.780383110046387,56.287960052490234,-28.732913970947266,-97.66565704345703,-6.456504821777344,83.4183120727539,0.2762613516812701
25,14,-9.451038360595703,55.33828353881836,-28.813949584960938,-98.88766479492188,-6.539794921875,82.88121032714844,0.2757077984680443
25,15,-9.63886833190918,54.45743179321289,-28.428958892822266,-99.55012512207031,-6.600197792053223,83.28961181640625,0.2742994134360614
25,16,-9.76881217956543,55.81706619262695,-26.269330978393555,-100.49581146240234,-6.813601493835449,82.24373626708984,0.2722434919050562
25,17,-9.996148109436035,54.51913070678711,-25.762535095214844,-101.88238525390625,-6.898263931274414,81.777099609375,0.26995963018961955
25,18,-10.310840606689453,54.668209075927734,-23.96282958984375,-102.75990295410156,-6.834085464477539,81.26583862304688,0.26678062084899906
25,19,-9.969625473022461,54.278141021728516,-22.300254821777344,-104.38715362548828,-6.861690521240234,80.84275817871094,0.26283635828666496
25,20,-9.748238563537598,52.46253204345703,-22.74488639831543,-104.4102783203125,-6.671663284301758,81.24297332763672,0.2614716085604922
25,21,-9.544794082641602,50.33482360839844,-23.716564178466797,-103.85379791259766,-6.468905448913574,80.29844665527344,0.2608728308408802
25,22,-9.505455017089844,50.93252944946289,-21.684398651123047,-104.10457611083984,-6.499739646911621,80.06359100341797,0.2574771066692904
25,23,-9.80551815032959,49.94660949707031,-21.97955322265625,-104.01588439941406,-6.372653961181641,79.3803939819336,0.25683787832628957
25,24,-10.318470001220703,50.426368713378906,-21.97425651550293,-104.1554946899414,-6.457548141479492,77.92886352539062,0.2574042777953475
25,25,-10.14709758758545,50.035831451416016,-22.538143157958984,-104.45950317382812,-6.421718597412109,78.62610626220703,0.2579638974459753
25,26,-10.474467277526855,49.17070388793945,-22.018173217773438,-105.47785949707031,-6.215663909912109,78.25688171386719,0.25542358172722907
25,27,-11.498956680297852,49.443321228027344,-22.3428955078125,-105.6637191772461,-6.377413749694824,78.19761657714844,0.2564019339218813
25,28,-11.228959083557129,48.84712600708008,-22.21070671081543,-107.02391815185547,-6.089600563049316,78.55825805664062,0.2548085696328345
25,29,-11.4799165725708,48.33131408691406,-23.707860946655273,-107.34463500976562,-6.198908805847168,78.10691833496094,0.25719233993543467
25,30,-11.417023658752441,48.22938537597656,-23.60360336303711,-107.76786041259766,-6.0750932693481445,78.21723937988281,0.256667470305395
25,31,-11.943588256835938,47.39458465576172,-24.04926109313965,-107.59245300292969,-6.144757270812988,78.68181610107422,0.2565596748248291
25,32,-11.929518699645996,46.65226745605469,-23.924362182617188,-108.19094848632812,-6.096323013305664,80.29676818847656,0.25503030030700874
25,33,-12.173458099365234,45.751808166503906,-24.597240447998047,-108.42483520507812,-6.03452205657959,79.31063842773438,0.2551461683555096
25,34,-12.510404586791992,45.230224609375,-24.310270309448242,-108.50172424316406,-6.115913391113281,79.79754638671875,0.2537596969179735
25,35,-12.430526733398438,43.741241455078125,-24.550830841064453,-109.23226928710938,-6.269627571105957,79.03412628173828,0.2518445685105351
25,36,-12.453773498535156,42.83832550048828,-24.90591812133789,-109.77933502197266,-6.404804229736328,78.31969451904297,0.2510703881301495
25,37,-12.230814933776855,42.41926574707031,-26.069150924682617,-109.16192626953125,-6.266543388366699,78.76002502441406,0.2533519981271529
25,38,-12.323036193847656,42.63124084472656,-25.35733413696289,-109.27406311035156,-6.452849388122559,78.83839416503906,0.25203027512506176
25,39,-12.521161079406738,41.716026306152344,-26.401519775390625,-108.2203369140625,-6.031232833862305,78.08316040039062,0.25348891848905325
25,40,-12.685646057128906,41.39299774169922,-26.17963981628418,-108.42739868164062,-5.931174278259277,77.45205688476562,0.2524530153196146
25,41,-13.02455997467041,42.03495788574219,-26.04395294189453,-108.33038330078125,-6.055243492126465,75.16552734375,0.2531161631541824
25,42,-13.67123031616211,42.470035552978516,-25.103023529052734,-108.78719329833984,-6.22698974609375,62.15673828125,0.2514621961165737
25,43,-13.728426933288574,41.380226135253906,-26.198747634887695,-108.72006225585938,-5.838173866271973,59.49266815185547,0.25234415950155215
25,44,-14.308562278747559,41.38965606689453,-26.064342498779297,-108.57754516601562,-5.869209289550781,60.02597427368164,0.2521269614060952
25,45,-15.670453071594238,43.16425704956055,-27.0850830078125,-107.60519409179688,-5.759716987609863,66.7640609741211,0.2572180186805651
25,46,-18.03362274169922,44.354190826416016,-29.236732482910156,-106.50506591796875,-4.734816551208496,72.42489624023438,0.2635522592467668
25,47,-19.499521255493164,43.504005432128906,-31.240745544433594,-105.2857437133789,-4.409111976623535,67.37612915039062,0.266586096104496
25,48,-18.987268447875977,42.833763122558594,-31.218883514404297,-106.17493438720703,-4.662571907043457,66.8906021118164,0.26554133256033996
25,49,-8.945845603942871,32.84864044189453,-22.169191360473633,-86.65442657470703,-6.259042739868164,48.949462890625,0.23801892827873783
26,0,-14.875876426696777,84.41954040527344,-0.170684814453125,-90.07405090332031,-6.926968574523926,64.15425109863281,0.2546124123575156
26,1,-14.639288902282715,82.24528503417969,1.279388427734375,-91.89054107666016,-7.2509565353393555,65.70057678222656,0.25001815612660916
26,2,-14.206878662109375,78.44371795654297,-0.7227420806884766,-93.23572540283203,-7.267333984375,67.92678833007812,0.24993292314867582
26,3,-14.833292007446289,76.09925079345703,-3.62593936920166,-92.74028015136719,-7.522027015686035,72.86955261230469,0.2530978007325103
26,4,-14.929353713989258,73.22183990478516,-7.689901351928711,-92.25233459472656,-7.3996171951293945,72.50294494628906,0.25758832752132227
26,5,-14.898988723754883,68.25139617919922,-12.661128997802734,-92.44224548339844,-7.313486099243164,74.34313201904297,0.26132807558631005
26,6,-13.634696960449219,64.67449188232422,-21.262971878051758,-92.01936340332031,-6.393902778625488,79.61871337890625,0.2713592230415439
26,7,-13.35427474975586,64.28975677490234,-23.63165283203125,-92.43895721435547,-6.82144832611084,86.18241882324219,0.27451374426733915
26,8,-12.290202140808105,62.74062728881836,-24.805309295654297,-94.15184783935547,-6.854253768920898,85.8387222290039,0.2754403470982354
26,9,-11.206875801086426,62.106143951416016,-24.76995849609375,-95.00338745117188,-6.82172966003418,84.88496398925781,0.275094850899428
26,10,-10.767611503601074,60.57514953613281,-26.884950637817383,-95.88977813720703,-6.693362236022949,84.20663452148438,0.27706011166795824
26,11,-10.652514457702637,59.299278259277344,-28.036161422729492,-96.915283203125,-6.649242401123047,84.1412582397461,0.27787891120265457
26,12,-10.50527572631836,57.850318908691406,-28.752403259277344,-97.53680419921875,-6.512063026428223,83.91487121582031,0.2777571985170976
26,13,-9.780383110046387,56.287960052490234,-28.732913970947266,-97.66565704345703,-6.456504821777344,83.4183120727539,0.2762613516812701
26,14,-9.451038360595703,55.33828353881836,-28.813949584960938,-98.88766479492188,-6.539794921875,82.88121032714844,0.2757077984680443
26,15,-9.63886833190918,54.45743179321289,-28.428958892822266,-99.55012512207031,-6.600197792053223,83.28961181640625,0.2742994134360614
26,16,-9.76881217956543,55.81706619262695,-26.269330978393555,-100.49581146240234,-6.813601493835449,82.24373626708984,0.2722434919050562
26,17,-9.996148109436035,54.51913070678711,-25.762535095214844,-101.88238525390625,-6.898263931274414,81.777099609375,0.26995963018961955
26,18,-10.310840606689453,54.668209075927734,-23.96282958984375,-102.75990295410156,-6.834085464477539,81.26583862304688,0.26678062084899906
26,19,-9.969625473022461,54.278141021728516,-22.300254821777344,-104.38715362548828,-6.861690521240234,80.84275817871094,0.26283635828666496
26,20,-9.748238563537598,52.46253204345703,-22.74488639831543,-104.4102783203125,-6.671663284301758,81.24297332763672,0.2614716085604922
26,21,-9.544794082641602,50.33482360839844,-23.716564178466797,-103.85379791259766,-6.468905448913574,80.29844665527344,0.2608728308408802
26,22,-9.505455017089844,50.93252944946289,-21.684398651123047,-104.10457611083984,-6.499739646911621,80.06359100341797,0.2574771066692904
26,23,-9.80551815032959,49.94660949707031,-21.97955322265625,-104.01588439941406,-6.372653961181641,79.3803939819336,0.25683787832628957
26,24,-10.318470001220703,50.426368713378906,-21.97425651550293,-104.1554946899414,-6.457548141479492,77.92886352539062,0.2574042777953475
26,25,-10.14709758758545,50.035831451416016,-22.538143157958984,-104.45950317382812,-6.421718597412109,78.62610626220703,0.2579638974459753
26,26,-10.474467277526855,49.17070388793945,-22.018173217773438,-105.47785949707031,-6.215663909912109,78.25688171386719,0.25542358172722907
26,27,-11.498956680297852,49.443321228027344,-22.3428955078125,-105.6637191772461,-6.377413749694824,78.19761657714844,0.2564019339218813
26,28,-11.228959083557129,48.84712600708008,-22.21070671081543,-107.02391815185547,-6.089600563049316,78.55825805664062,0.2548085696328345
26,29,-11.4799165725708,48.33131408691406,-23.707860946655273,-107.34463500976562,-6.198908805847168,78.10691833496094,0.25719233993543467
26,30,-11.417023658752441,48.22938537597656,-23.60360336303711,-107.76786041259766,-6.0750932693481445,78.21723937988281,0.256667470305395
26,31,-11.943588256835938,47.39458465576172,-24.04926109313965,-107.59245300292969,-6.144757270812988,78.68181610107422,0.2565596748248291
26,32,-11.929518699645996,46.65226745605469,-23.924362182617188,-108.19094848632812,-6.096323013305664,80.29676818847656,0.25503030030700874
26,33,-12.173458099365234,45.751808166503906,-24.597240447998047,-108.42483520507812,-6.03452205657959,79.31063842773438,0.2551461683555096
26,34,-12.510404586791992,45.230224609375,-24.310270309448242,-108.50172424316406,-6.115913391113281,79.79754638671875,0.2537596969179735
26,35,-12.430526733398438,43.741241455078125,-24.550830841064453,-109.23226928710938,-6.269627571105957,79.03412628173828,0.2518445685105351
26,36,-12.453773498535156,42.83832550048828,-24.90591812133789,-109.77933502197266,-6.404804229736328,78.31969451904297,0.2510703881301495
26,37,-12.230814933776855,42.41926574707031,-26.069150924682617,-109.16192626953125,-6.266543388366699,78.76002502441406,0.2533519981271529
26,38,-12.323036193847656,42.63124084472656,-25.35733413696289,-109.27406311035156,-6.452849388122559,78.83839416503906,0.25203027512506176
26,39,-12.521161079406738,41.716026306152344,-26.401519775390625,-108.2203369140625,-6.031232833862305,78.08316040039062,0.25348891848905325
26,40,-12.685646057128906,41.39299774169922,-26.17963981628418,-108.42739868164062,-5.931174278259277,77.45205688476562,0.2524530153196146
26,41,-13.02455997467041,42.03495788574219,-26.04395294189453,-108.33038330078125,-6.055243492126465,75.16552734375,0.2531161631541824
26,42,-13.67123031616211,42.470035552978516,-25.103023529052734,-108.78719329833984,-6.22698974609375,62.15673828125,0.2514621961165737
26,43,-13.728426933288574,41.380226135253906,-26.198747634887695,-108.72006225585938,-5.838173866271973,59.49266815185547,0.25234415950155215
26,44,-14.308562278747559,41.38965606689453,-26.064342498779297,-108.57754516601562,-5.869209289550781,60.02597427368164,0.2521269614060952
26,45,-15.670453071594238,43.16425704956055,-27.0850830078125,-107.60519409179688,-5.759716987609863,66.7640609741211,0.2572180186805651
26,46,-18.03362274169922,44.354190826416016,-29.236732482910156,-106.50506591796875,-4.734816551208496,72.42489624023438,0.2635522592467668
26,47,-19.499521255493164,43.504005432128906,-31.240745544433594,-105.2857437133789,-4.409111976623535,67.37612915039062,0.266586096104496
26,48,-18.987268447875977,42.833763122558594,-31.218883514404297,-106.17493438720703,-4.662571907043457,66.8906021118164,0.26554133256033996
26,49,-8.945845603942871,32.84864044189453,-22.169191360473633,-86.65442657470703,-6.259042739868164,48.949462890625,0.23801892827873783
27,0,-14.875876426696777,84.41954040527344,-0.170684814453125,-90.07405090332031,-6.926968574523926,64.15425109863281,0.2546124123575156
27,1,-14.639288902282715,82.24528503417969,1.279388427734375,-91.89054107666016,-7.2509565353393555,65.70057678222656,0.25001815612660916
27,2,-14.206878662109375,78.44371795654297,-0.7227420806884766,-93.23572540283203,-7.267333984375,67.92678833007812,0.24993292314867582
27,3,-14.833292007446289,76.09925079345703,-3.62593936920166,-92.74028015136719,-7.522027015686035,72.86955261230469,0.2530978007325103
27,4,-14.929353713989258,73.22183990478516,-7.689901351928711,-92.25233459472656,-7.3996171951293945,72.50294494628906,0.25758832752132227
27,5,-14.898988723754883,68.25139617919922,-12.661128997802734,-92.44224548339844,-7.313486099243164,74.34313201904297,0.26132807558631005
27,6,-13.634696960449219,64.67449188232422,-21.262971878051758,-92.01936340332031,-6.393902778625488,79.61871337890625,0.2713592230415439
27,7,-13.35427474975586,64.28975677490234,-23.63165283203125,-92.43895721435547,-6.82144832611084,86.18241882324219,0.27451374426733915
27,8,-12.290202140808105,62.74062728881836,-24.805309295654297,-94.15184783935547,-6.854253768920898,85.8387222290039,0.2754403470982354
27,9,-11.206875801086426,62.106143951416016,-24.76995849609375,-95.00338745117188,-6.82172966003418,84.88496398925781,0.275094850899428
27,10,-10.767611503601074,60.57514953613281,-26.884950637817383,-95.88977813720703,-6.693362236022949,84.20663452148438,0.27706011166795824
27,11,-10.652514457702637,59.299278259277344,-28.036161422729492,-96.915283203125,-6.649242401123047,84.1412582397461,0.27787891120265457
27,12,-10.50527572631836,57.850318908691406,-28.752403259277344,-97.53680419921875,-6.512063026428223,83.91487121582031,0.2777571985170976
27,13,-9.780383110046387,56.287960052490234,-28.732913970947266,-97.66565704345703,-6.456504821777344,83.4183120727539,0.2762613516812701
27,14,-9.451038360595703,55.33828353881836,-28.813949584960938,-98.88766479492188,-6.539794921875,82.88121032714844,0.2757077984680443
27,15,-9.63886833190918,54.45743179321289,-28.428958892822266,-99.55012512207031,-6.600197792053223,83.28961181640625,0.2742994134360614
27,16,-9.76881217956543,55.81706619262695,-26.269330978393555,-100.49581146240234,-6.813601493835449,82.24373626708984,0.2722434919050562
27,17,-9.996148109436035,54.51913070678711,-25.762535095214844,-101.88238525390625,-6.898263931274414,81.777099609375,0.26995963018961955
27,18,-10.310840606689453,54.668209075927734,-23.96282958984375,-102.75990295410156,-6.834085464477539,81.26583862304688,0.26678062084899906
27,19,-9.969625473022461,54.278141021728516,-22.300254821777344,-104.38715362548828,-6.861690521240234,80.84275817871094,0.26283635828666496
27,20,-9.748238563537598,52.46253204345703,-22.74488639831543,-104.4102783203125,-6.671663284301758,81.24297332763672,0.2614716085604922
27,21,-9.544794082641602,50.33482360839844,-23.716564178466797,-103.85379791259766,-6.468905448913574,80.29844665527344,0.2608728308408802
27,22,-9.505455017089844,50.93252944946289,-21.684398651123047,-104.10457611083984,-6.499739646911621,80.06359100341797,0.2574771066692904
27,23,-9.80551815032959,49.94660949707031,-21.97955322265625,-104.01588439941406,-6.372653961181641,79.3803939819336,0.25683787832628957
27,24,-10.318470001220703,50.426368713378906,-21.97425651550293,-104.1554946899414,-6.457548141479492,77.92886352539062,0.2574042777953475
27,25,-10.14709758758545,50.035831451416016,-22.538143157958984,-104.45950317382812,-6.421718597412109,78.62610626220703,0.2579638974459753
27,26,-10.474467277526855,49.17070388793945,-22.018173217773438,-105.47785949707031,-6.215663909912109,78.25688171386719,0.25542358172722907
27,27,-11.498956680297852,49.443321228027344,-22.3428955078125,-105.6637191772461,-6.377413749694824,78.19761657714844,0.2564019339218813
27,28,-11.228959083557129,48.84712600708008,-22.21070671081543,-107.02391815185547,-6.089600563049316,78.55825805664062,0.2548085696328345
27,29,-11.4799165725708,48.33131408691406,-23.707860946655273,-107.34463500976562,-6.198908805847168,78.10691833496094,0.25719233993543467
27,30,-11.417023658752441,48.22938537597656,-23.60360336303711,-107.76786041259766,-6.0750932693481445,78.21723937988281,0.256667470305395
27,31,-11.943588256835938,47.39458465576172,-24.04926109313965,-107.59245300292969,-6.144757270812988,78.68181610107422,0.2565596748248291
27,32,-11.929518699645996,46.65226745605469,-23.924362182617188,-108.19094848632812,-6.096323013305664,80.29676818847656,0.25503030030700874
27,33,-12.173458099365234,45.751808166503906,-24.597240447998047,-108.42483520507812,-6.03452205657959,79.31063842773438,0.2551461683555096
27,34,-12.510404586791992,45.230224609375,-24.310270309448242,-108.50172424316406,-6.115913391113281,79.79754638671875,0.2537596969179735
27,35,-12.430526733398438,43.741241455078125,-24.550830841064453,-109.23226928710938,-6.269627571105957,79.03412628173828,0.2518445685105351
27,36,-12.453773498535156,42.83832550048828,-24.90591812133789,-109.77933502197266,-6.404804229736328,78.31969451904297,0.2510703881301495
27,37,-12.230814933776855,42.41926574707031,-26.069150924682617,-109.16192626953125,-6.266543388366699,78.76002502441406,0.2533519981271529
27,38,-12.323036193847656,42.63124084472656,-25.35733413696289,-109.27406311035156,-6.452849388122559,78.83839416503906,0.25203027512506176
27,39,-12.521161079406738,41.716026306152344,-26.401519775390625,-108.2203369140625,-6.031232833862305,78.08316040039062,0.25348891848905325
27,40,-12.685646057128906,41.39299774169922,-26.17963981628418,-108.42739868164062,-5.931174278259277,77.45205688476562,0.2524530153196146
27,41,-13.02455997467041,42.03495788574219,-26.04395294189453,-108.33038330078125,-6.055243492126465,75.16552734375,0.2531161631541824
27,42,-13.67123031616211,42.470035552978516,-25.103023529052734,-108.78719329833984,-6.22698974609375,62.15673828125,0.2514621961165737
27,43,-13.728426933288574,41.380226135253906,-26.198747634887695,-108.72006225585938,-5.838173866271973,59.49266815185547,0.25234415950155215
27,44,-14.308562278747559,41.38965606689453,-26.064342498779297,-108.57754516601562,-5.869209289550781,60.02597427368164,0.2521269614060952
27,45,-15.670453071594238,43.16425704956055,-27.0850830078125,-107.60519409179688,-5.759716987609863,66.7640609741211,0.2572180186805651
27,46,-18.03362274169922,44.354190826416016,-29.236732482910156,-106.50506591796875,-4.734816551208496,72.42489624023438,0.2635522592467668
27,47,-19.499521255493164,43.504005432128906,-31.240745544433594,-105.2857437133789,-4.409111976623535,67.37612915039062,0.266586096104496
27,48,-18.987268447875977,42.833763122558594,-31.218883514404297,-106.17493438720703,-4.662571907043457,66.8906021118164,0.26554133256033996
27,49,-8.945845603942871,32.84864044189453,-22.169191360473633,-86.65442657470703,-6.259042739868164,48.949462890625,0.23801892827873783
28,0,-14.875876426696777,84.41954040527344,-0.170684814453125,-90.07405090332031,-6.926968574523926,64.15425109863281,0.2546124123575156
28,1,-14.639288902282715,82.24528503417969,1.279388427734375,-91.89054107666016,-7.2509565353393555,65.70057678222656,0.25001815612660916
28,2,-14.206878662109375,78.44371795654297,-0.7227420806884766,-93.23572540283203,-7.267333984375,67.92678833007812,0.24993292314867582
28,3,-14.833292007446289,76.09925079345703,-3.62593936920166,-92.74028015136719,-7.522027015686035,72.86955261230469,0.2530978007325103
28,4,-14.929353713989258,73.22183990478516,-7.689901351928711,-92.25233459472656,-7.3996171951293945,72.50294494628906,0.25758832752132227
28,5,-14.898988723754883,68.25139617919922,-12.661128997802734,-92.44224548339844,-7.313486099243164,74.34313201904297,0.26132807558631005
28,6,-13.634696960449219,64.67449188232422,-21.262971878051758,-92.01936340332031,-6.393902778625488,79.61871337890625,0.2713592230415439
28,7,-13.35427474975586,64.28975677490234,-23.63165283203125,-92.43895721435547,-6.82144832611084,86.18241882324219,0.27451374426733915
28,8,-12.290202140808105,62.74062728881836,-24.805309295654297,-94.15184783935547,-6.854253768920898,85.8387222290039,0.2754403470982354
28,9,-11.206875801086426,62.106143951416016,-24.76995849609375,-95.00338745117188,-6.82172966003418,84.88496398925781,0.275094850899428
28,10,-10.767611503601074,60.57514953613281,-26.884950637817383,-95.88977813720703,-6.693362236022949,84.20663452148438,0.27706011166795824
28,11,-10.652514457702637,59.299278259277344,-28.036161422729492,-96.915283203125,-6.649242401123047,84.1412582397461,0.27787891120265457
28,12,-10.50527572631836,57.850318908691406,-28.752403259277344,-97.53680419921875,-6.512063026428223,83.91487121582031,0.2777571985170976
28,13,-9.780383110046387,56.287960052490234,-28.732913970947266,-97.66565704345703,-6.456504821777344,83.4183120727539,0.2762613516812701
28,14,-9.451038360595703,55.33828353881836,-28.813949584960938,-98.88766479492188,-6.539794921875,82.88121032714844,0.2757077984680443
28,15,-9.63886833190918,54.45743179321289,-28.428958892822266,-99.55012512207031,-6.600197792053223,83.28961181640625,0.2742994134360614
28,16,-9.76881217956543,55.81706619262695,-26.269330978393555,-100.49581146240234,-6.813601493835449,82.24373626708984,0.2722434919050562
28,17,-9.996148109436035,54.51913070678711,-25.762535095214844,-101.88238525390625,-6.898263931274414,81.777099609375,0.26995963018961955
28,18,-10.310840606689453,54.668209075927734,-23.96282958984375,-102.75990295410156,-6.834085464477539,81.26583862304688,0.26678062084899906
28,19,-9.969625473022461,54.278141021728516,-22.300254821777344,-104.38715362548828,-6.861690521240234,80.84275817871094,0.26283635828666496
28,20,-9.748238563537598,52.46253204345703,-22.74488639831543,-104.4102783203125,-6.671663284301758,81.24297332763672,0.2614716085604922
28,21,-9.544794082641602,50.33482360839844,-23.716564178466797,-103.85379791259766,-6.468905448913574,80.29844665527344,0.2608728308408802
28,22,-9.505455017089844,50.93252944946289,-21.684398651123047,-104.10457611083984,-6.499739646911621,80.06359100341797,0.2574771066692904
28,23,-9.80551815032959,49.94660949707031,-21.97955322265625,-104.01588439941406,-6.372653961181641,79.3803939819336,0.25683787832628957
28,24,-10.318470001220703,50.426368713378906,-21.97425651550293,-104.1554946899414,-6.457548141479492,77.92886352539062,0.2574042777953475
28,25,-10.14709758758545,50.035831451416016,-22.538143157958984,-104.45950317382812,-6.421718597412109,78.62610626220703,0.2579638974459753
28,26,-10.474467277526855,49.17070388793945,-22.018173217773438,-105.47785949707031,-6.215663909912109,78.25688171386719,0.25542358172722907
28,27,-11.498956680297852,49.443321228027344,-22.3428955078125,-105.6637191772461,-6.377413749694824,78.19761657714844,0.2564019339218813
28,28,-11.228959083557129,48.84712600708008,-22.21070671081543,-107.02391815185547,-6.089600563049316,78.55825805664062,0.2548085696328345
28,29,-11.4799165725708,48.33131408691406,-23.707860946655273,-107.34463500976562,-6.198908805847168,78.10691833496094,0.25719233993543467
28,30,-11.417023658752441,48.22938537597656,-23.60360336303711,-107.76786041259766,-6.0750932693481445,78.21723937988281,0.256667470305395
28,31,-11.943588256835938,47.39458465576172,-24.04926109313965,-107.59245300292969,-6.144757270812988,78.68181610107422,0.2565596748248291
28,32,-11.929518699645996,46.65226745605469,-23.924362182617188,-108.19094848632812,-6.096323013305664,80.29676818847656,0.25503030030700874
28,33,-12.173458099365234,45.751808166503906,-24.597240447998047,-108.42483520507812,-6.03452205657959,79.31063842773438,0.2551461683555096
28,34,-12.510404586791992,45.230224609375,-24.310270309448242,-108.50172424316406,-6.115913391113281,79.79754638671875,0.2537596969179735
28,35,-12.430526733398438,43.741241455078125,-24.550830841064453,-109.23226928710938,-6.269627571105957,79.03412628173828,0.2518445685105351
28,36,-12.453773498535156,42.83832550048828,-24.90591812133789,-109.77933502197266,-6.404804229736328,78.31969451904297,0.2510703881301495
28,37,-12.230814933776855,42.41926574707031,-26.069150924682617,-109.16192626953125,-6.266543388366699,78.76002502441406,0.2533519981271529
28,38,-12.323036193847656,42.63124084472656,-25.35733413696289,-109.27406311035156,-6.452849388122559,78.83839416503906,0.25203027512506176
28,39,-12.521161079406738,41.716026306152344,-26.401519775390625,-108.2203369140625,-6.031232833862305,78.08316040039062,0.25348891848905325
28,40,-12.685646057128906,41.39299774169922,-26.17963981628418,-108.42739868164062,-5.931174278259277,77.45205688476562,0.2524530153196146
28,41,-13.02455997467041,42.03495788574219,-26.04395294189453,-108.33038330078125,-6.055243492126465,75.16552734375,0.2531161631541824
28,42,-13.67123031616211,42.470035552978516,-25.103023529052734,-108.78719329833984,-6.22698974609375,62.15673828125,0.2514621961165737
28,43,-13.728426933288574,41.380226135253906,-26.198747634887695,-108.72006225585938,-5.838173866271973,59.49266815185547,0.25234415950155215
28,44,-14.308562278747559,41.38965606689453,-26.064342498779297,-108.57754516601562,-5.869209289550781,60.02597427368164,0.2521269614060952
28,45,-15.670453071594238,43.16425704956055,-27.0850830078125,-107.60519409179688,-5.759716987609863,66.7640609741211,0.2572180186805651
28,46,-18.03362274169922,44.354190826416016,-29.236732482910156,-106.50506591796875,-4.734816551208496,72.42489624023438,0.2635522592467668
28,47,-19.499521255493164,43.504005432128906,-31.240745544433594,-105.2857437133789,-4.409111976623535,67.37612915039062,0.266586096104496
28,48,-18.987268447875977,42.833763122558594,-31.218883514404297,-106.17493438720703,-4.662571907043457,66.8906021118164,0.26554133256033996
28,49,-8.945845603942871,32.84864044189453,-22.169191360473633,-86.65442657470703,-6.259042739868164,48.949462890625,0.23801892827873783
29,0,-14.875876426696777,84.41954040527344,-0.170684814453125,-90.07405090332031,-6.926968574523926,64.15425109863281,0.2546124123575156
29,1,-14.639288902282715,82.24528503417969,1.279388427734375,-91.89054107666016,-7.2509565353393555,65.70057678222656,0.25001815612660916
29,2,-14.206878662109375,78.44371795654297,-0.7227420806884766,-93.23572540283203,-7.267333984375,67.92678833007812,0.24993292314867582
29,3,-14.833292007446289,76.09925079345703,-3.62593936920166,-92.74028015136719,-7.522027015686035,72.86955261230469,0.2530978007325103
29,4,-14.929353713989258,73.22183990478516,-7.689901351928711,-92.25233459472656,-7.3996171951293945,72.50294494628906,0.25758832752132227
29,5,-14.898988723754883,68.25139617919922,-12.661128997802734,-92.44224548339844,-7.313486099243164,74.34313201904297,0.26132807558631005
29,6,-13.634696960449219,64.67449188232422,-21.262971878051758,-92.01936340332031,-6.393902778625488,79.61871337890625,0.2713592230415439
29,7,-13.35427474975586,64.28975677490234,-23.63165283203125,-92.43895721435547,-6.82144832611084,86.18241882324219,0.27451374426733915
29,8,-12.290202140808105,62.74062728881836,-24.805309295654297,-94.15184783935547,-6.854253768920898,85.8387222290039,0.2754403470982354
29,9,-11.206875801086426,62.106143951416016,-24.76995849609375,-95.00338745117188,-6.82172966003418,84.88496398925781,0.275094850899428
29,10,-10.767611503601074,60.57514953613281,-26.884950637817383,-95.88977813720703,-6.693362236022949,84.20663452148438,0.27706011166795824
29,11,-10.652514457702637,59.299278259277344,-28.036161422729492,-96.915283203125,-6.649242401123047,84.1412582397461,0.27787891120265457
29,12,-10.50527572631836,57.850318908691406,-28.752403259277344,-97.53680419921875,-6.512063026428223,83.91487121582031,0.2777571985170976
29,13,-9.780383110046387,56.287960052490234,-28.732913970947266,-97.66565704345703,-6.456504821777344,83.4183120727539,0.2762613516812701
29,14,-9.451038360595703,55.33828353881836,-28.813949584960938,-98.88766479492188,-6.539794921875,82.88121032714844,0.2757077984680443
29,15,-9.63886833190918,54.45743179321289,-28.428958892822266,-99.55012512207031,-6.600197792053223,83.28961181640625,0.2742994134360614
29,16,-9.76881217956543,55.81706619262695,-26.269330978393555,-100.49581146240234,-6.813601493835449,82.24373626708984,0.2722434919050562
29,17,-9.996148109436035,54.51913070678711,-25.762535095214844,-101.88238525390625,-6.898263931274414,81.777099609375,0.26995963018961955
29,18,-10.310840606689453,54.668209075927734,-23.96282958984375,-102.75990295410156,-6.834085464477539,81.26583862304688,0.26678062084899906
29,19,-9.969625473022461,54.278141021728516,-22.300254821777344,-104.38715362548828,-6.861690521240234,80.84275817871094,0.26283635828666496
29,20,-9.748238563537598,52.46253204345703,-22.74488639831543,-104.4102783203125,-6.671663284301758,81.24297332763672,0.2614716085604922
29,21,-9.544794082641602,50.33482360839844,-23.716564178466797,-103.85379791259766,-6.468905448913574,80.29844665527344,0.2608728308408802
29,22,-9.505455017089844,50.93252944946289,-21.684398651123047,-104.10457611083984,-6.499739646911621,80.06359100341797,0.2574771066692904
29,23,-9.80551815032959,49.94660949707031,-21.97955322265625,-104.01588439941406,-6.372653961181641,79.3803939819336,0.25683787832628957
29,24,-10.318470001220703,50.426368713378906,-21.97425651550293,-104.1554946899414,-6.457548141479492,77.92886352539062,0.2574042777953475
29,25,-10.14709758758545,50.035831451416016,-22.538143157958984,-104.45950317382812,-6.421718597412109,78.62610626220703,0.2579638974459753
29,26,-10.474467277526855,49.17070388793945,-22.018173217773438,-105.47785949707031,-6.215663909912109,78.25688171386719,0.25542358172722907
29,27,-11.498956680297852,49.443321228027344,-22.3428955078125,-105.6637191772461,-6.377413749694824,78.19761657714844,0.2564019339218813
29,28,-11.228959083557129,48.84712600708008,-22.21070671081543,-107.02391815185547,-6.089600563049316,78.55825805664062,0.2548085696328345
29,29,-11.4799165725708,48.33131408691406,-23.707860946655273,-107.34463500976562,-6.198908805847168,78.10691833496094,0.25719233993543467
29,30,-11.417023658752441,48.22938537597656,-23.60360336303711,-107.76786041259766,-6.0750932693481445,78.21723937988281,0.256667470305395
29,31,-11.943588256835938,47.39458465576172,-24.04926109313965,-107.59245300292969,-6.144757270812988,78.68181610107422,0.2565596748248291
29,32,-11.929518699645996,46.65226745605469,-23.924362182617188,-108.19094848632812,-6.096323013305664,80.29676818847656,0.25503030030700874
29,33,-12.173458099365234,45.751808166503906,-24.597240447998047,-108.42483520507812,-6.03452205657959,79.31063842773438,0.2551461683555096
29,34,-12.510404586791992,45.230224609375,-24.310270309448242,-108.50172424316406,-6.115913391113281,79.79754638671875,0.2537596969179735
29,35,-12.430526733398438,43.741241455078125,-24.550830841064453,-109.23226928710938,-6.269627571105957,79.03412628173828,0.2518445685105351
29,36,-12.453773498535156,42.83832550048828,-24.90591812133789,-109.77933502197266,-6.404804229736328,78.31969451904297,0.2510703881301495
29,37,-12.230814933776855,42.41926574707031,-26.069150924682617,-109.16192626953125,-6.266543388366699,78.76002502441406,0.2533519981271529
29,38,-12.323036193847656,42.63124084472656,-25.35733413696289,-109.27406311035156,-6.452849388122559,78.83839416503906,0.25203027512506176
29,39,-12.521161079406738,41.716026306152344,-26.401519775390625,-108.2203369140625,-6.031232833862305,78.08316040039062,0.25348891848905325
29,40,-12.685646057128906,41.39299774169922,-26.17963981628418,-108.42739868164062,-5.931174278259277,77.45205688476562,0.2524530153196146
29,41,-13.02455997467041,42.03495788574219,-26.04395294189453,-108.33038330078125,-6.055243492126465,75.16552734375,0.2531161631541824
29,42,-13.67123031616211,42.470035552978516,-25.103023529052734,-108.78719329833984,-6.22698974609375,62.15673828125,0.2514621961165737
29,43,-13.728426933288574,41.380226135253906,-26.198747634887695,-108.72006225585938,-5.838173866271973,59.49266815185547,0.25234415950155215
29,44,-14.308562278747559,41.38965606689453,-26.064342498779297,-108.57754516601562,-5.869209289550781,60.02597427368164,0.2521269614060952
29,45,-15.670453071594238,43.16425704956055,-27.0850830078125,-107.60519409179688,-5.759716987609863,66.7640609741211,0.2572180186805651
29,46,-18.03362274169922,44.354190826416016,-29.236732482910156,-106.50506591796875,-4.734816551208496,72.42489624023438,0.2635522592467668
29,47,-19.499521255493164,43.504005432128906,-31.240745544433594,-105.2857437133789,-4.409111976623535,67.37612915039062,0.266586096104496
29,48,-18.987268447875977,42.833763122558594,-31.218883514404297,-106.17493438720703,-4.662571907043457,66.8906021118164,0.26554133256033996
29,49,-8.945845603942871,32.84864044189453,-22.169191360473633,-86.65442657470703,-6.259042739868164,48.949462890625,0.23801892827873783
30,0,-14.875876426696777,84.41954040527344,-0.170684814453125,-90.07405090332031,-6.926968574523926,64.15425109863281,0.2546124123575156
30,1,-14.639288902282715,82.24528503417969,1.279388427734375,-91.89054107666016,-7.2509565353393555,65.70057678222656,0.25001815612660916
30,2,-14.206878662109375,78.44371795654297,-0.7227420806884766,-93.23572540283203,-7.267333984375,67.92678833007812,0.24993292314867582
30,3,-14.833292007446289,76.09925079345703,-3.62593936920166,-92.74028015136719,-7.522027015686035,72.86955261230469,0.2530978007325103
30,4,-14.929353713989258,73.22183990478516,-7.689901351928711,-92.25233459472656,-7.3996171951293945,72.50294494628906,0.25758832752132227
30,5,-14.898988723754883,68.25139617919922,-12.661128997802734,-92.44224548339844,-7.313486099243164,74.34313201904297,0.26132807558631005
30,6,-13.634696960449219,64.67449188232422,-21.262971878051758,-92.01936340332031,-6.393902778625488,79.61871337890625,0.2713592230415439
30,7,-13.35427474975586,64.28975677490234,-23.63165283203125,-92.43895721435547,-6.82144832611084,86.18241882324219,0.27451374426733915
30,8,-12.290202140808105,62.74062728881836,-24.805309295654297,-94.15184783935547,-6.854253768920898,85.8387222290039,0.2754403470982354
30,9,-11.206875801086426,62.106143951416016,-24.76995849609375,-95.00338745117188,-6.82172966003418,84.88496398925781,0.275094850899428
30,10,-10.767611503601074,60.57514953613281,-26.884950637817383,-95.88977813720703,-6.693362236022949,84.20663452148438,0.27706011166795824
30,11,-10.652514457702637,59.299278259277344,-28.036161422729492,-96.915283203125,-6.649242401123047,84.1412582397461,0.27787891120265457
30,12,-10.50527572631836,57.850318908691406,-28.752403259277344,-97.53680419921875,-6.512063026428223,83.91487121582031,0.2777571985170976
30,13,-9.780383110046387,56.287960052490234,-28.732913970947266,-97.66565704345703,-6.456504821777344,83.4183120727539,0.2762613516812701
30,14,-9.451038360595703,55.33828353881836,-28.813949584960938,-98.88766479492188,-6.539794921875,82.88121032714844,0.2757077984680443
30,15,-9.63886833190918,54.45743179321289,-28.428958892822266,-99.55012512207031,-6.600197792053223,83.28961181640625,0.2742994134360614
30,16,-9.76881217956543,55.81706619262695,-26.269330978393555,-100.49581146240234,-6.813601493835449,82.24373626708984,0.2722434919050562
30,17,-9.996148109436035,54.51913070678711,-25.762535095214844,-101.88238525390625,-6.898263931274414,81.777099609375,0.26995963018961955
30,18,-10.310840606689453,54.668209075927734,-23.96282958984375,-102.75990295410156,-6.834085464477539,81.26583862304688,0.26678062084899906
30,19,-9.969625473022461,54.278141021728516,-22.300254821777344,-104.38715362548828,-6.861690521240234,80.84275817871094,0.26283635828666496
30,20,-9.748238563537598,52.46253204345703,-22.74488639831543,-104.4102783203125,-6.671663284301758,81.24297332763672,0.2614716085604922
30,21,-9.544794082641602,50.33482360839844,-23.716564178466797,-103.85379791259766,-6.468905448913574,80.29844665527344,0.2608728308408802
30,22,-9.505455017089844,50.93252944946289,-21.684398651123047,-104.10457611083984,-6.499739646911621,80.06359100341797,0.2574771066692904
30,23,-9.80551815032959,49.94660949707031,-21.97955322265625,-104.01588439941406,-6.372653961181641,79.3803939819336,0.25683787832628957
30,24,-10.318470001220703,50.426368713378906,-21.97425651550293,-104.1554946899414,-6.457548141479492,77.92886352539062,0.2574042777953475
30,25,-10.14709758758545,50.035831451416016,-22.538143157958984,-104.45950317382812,-6.421718597412109,78.62610626220703,0.2579638974459753
30,26,-10.474467277526855,49.17070388793945,-22.018173217773438,-105.47785949707031,-6.215663909912109,78.25688171386719,0.25542358172722907
30,27,-11.498956680297852,49.443321228027344,-22.3428955078125,-105.6637191772461,-6.377413749694824,78.19761657714844,0.2564019339218813
30,28,-11.228959083557129,48.84712600708008,-22.21070671081543,-107.02391815185547,-6.089600563049316,78.55825805664062,0.2548085696328345
30,29,-11.4799165725708,48.33131408691406,-23.707860946655273,-107.34463500976562,-6.198908805847168,78.10691833496094,0.25719233993543467
30,30,-11.417023658752441,48.22938537597656,-23.60360336303711,-107.76786041259766,-6.0750932693481445,78.21723937988281,0.256667470305395
30,31,-11.943588256835938,47.39458465576172,-24.04926109313965,-107.59245300292969,-6.144757270812988,78.68181610107422,0.2565596748248291
30,32,-11.929518699645996,46.65226745605469,-23.924362182617188,-108.19094848632812,-6.096323013305664,80.29676818847656,0.25503030030700874
30,33,-12.173458099365234,45.751808166503906,-24.597240447998047,-108.42483520507812,-6.03452205657959,79.31063842773438,0.2551461683555096
30,34,-12.510404586791992,45.230224609375,-24.310270309448242,-108.50172424316406,-6.115913391113281,79.79754638671875,0.2537596969179735
30,35,-12.430526733398438,43.741241455078125,-24.550830841064453,-109.23226928710938,-6.269627571105957,79.03412628173828,0.2518445685105351
30,36,-12.453773498535156,42.83832550048828,-24.90591812133789,-109.77933502197266,-6.404804229736328,78.31969451904297,0.2510703881301495
30,37,-12.230814933776855,42.41926574707031,-26.069150924682617,-109.16192626953125,-6.266543388366699,78.76002502441406,0.2533519981271529
30,38,-12.323036193847656,42.63124084472656,-25.35733413696289,-109.27406311035156,-6.452849388122559,78.83839416503906,0.25203027512506176
30,39,-12.521161079406738,41.716026306152344,-26.401519775390625,-108.2203369140625,-6.031232833862305,78.08316040039062,0.25348891848905325
30,40,-12.685646057128906,41.39299774169922,-26.17963981628418,-108.42739868164062,-5.931174278259277,77.45205688476562,0.2524530153196146
30,41,-13.02455997467041,42.03495788574219,-26.04395294189453,-108.33038330078125,-6.055243492126465,75.16552734375,0.2531161631541824
30,42,-13.67123031616211,42.470035552978516,-25.103023529052734,-108.78719329833984,-6.22698974609375,62.15673828125,0.2514621961165737
30,43,-13.728426933288574,41.380226135253906,-26.198747634887695,-108.72006225585938,-5.838173866271973,59.49266815185547,0.25234415950155215
30,44,-14.308562278747559,41.38965606689453,-26.064342498779297,-108.57754516601562,-5.869209289550781,60.02597427368164,0.2521269614060952
30,45,-15.670453071594238,43.16425704956055,-27.0850830078125,-107.60519409179688,-5.759716987609863,66.7640609741211,0.2572180186805651
30,46,-18.03362274169922,44.354190826416016,-29.236732482910156,-106.50506591796875,-4.734816551208496,72.42489624023438,0.2635522592467668
30,47,-19.499521255493164,43.504005432128906,-31.240745544433594,-105.2857437133789,-4.409111976623535,67.37612915039062,0.266586096104496
30,48,-18.987268447875977,42.833763122558594,-31.218883514404297,-106.17493438720703,-4.662571907043457,66.8906021118164,0.26554133256033996
30,49,-8.945845603942871,32.84864044189453,-22.169191360473633,-86.65442657470703,-6.259042739868164,48.949462890625,0.23801892827873783
31,0,-14.875876426696777,84.41954040527344,-0.170684814453125,-90.07405090332031,-6.926968574523926,64.15425109863281,0.2546124123575156
31,1,-14.639288902282715,82.24528503417969,1.279388427734375,-91.89054107666016,-7.2509565353393555,65.70057678222656,0.25001815612660916
31,2,-14.206878662109375,78.44371795654297,-0.7227420806884766,-93.23572540283203,-7.267333984375,67.92678833007812,0.24993292314867582
31,3,-14.833292007446289,76.09925079345703,-3.62593936920166,-92.74028015136719,-7.522027015686035,72.86955261230469,0.2530978007325103
31,4,-14.929353713989258,73.22183990478516,-7.689901351928711,-92.25233459472656,-7.3996171951293945,72.50294494628906,0.25758832752132227
31,5,-14.898988723754883,68.25139617919922,-12.661128997802734,-92.44224548339844,-7.313486099243164,74.34313201904297,0.26132807558631005
31,6,-13.634696960449219,64.67449188232422,-21.262971878051758,-92.01936340332031,-6.393902778625488,79.61871337890625,0.2713592230415439
31,7,-13.35427474975586,64.28975677490234,-23.63165283203125,-92.43895721435547,-6.82144832611084,86.18241882324219,0.27451374426733915
31,8,-12.290202140808105,62.74062728881836,-24.805309295654297,-94.15184783935547,-6.854253768920898,85.8387222290039,0.2754403470982354
31,9,-11.206875801086426,62.106143951416016,-24.76995849609375,-95.00338745117188,-6.82172966003418,84.88496398925781,0.275094850899428
31,10,-10.767611503601074,60.57514953613281,-26.884950637817383,-95.88977813720703,-6.693362236022949,84.20663452148438,0.27706011166795824
31,11,-10.652514457702637,59.299278259277344,-28.036161422729492,-96.915283203125,-6.649242401123047,84.1412582397461,0.27787891120265457
31,12,-10.50527572631836,57.850318908691406,-28.752403259277344,-97.53680419921875,-6.512063026428223,83.91487121582031,0.2777571985170976
31,13,-9.780383110046387,56.287960052490234,-28.732913970947266,-97.66565704345703,-6.456504821777344,83.4183120727539,0.2762613516812701
31,14,-9.451038360595703,55.33828353881836,-28.813949584960938,-98.88766479492188,-6.539794921875,82.88121032714844,0.2757077984680443
31,15,-9.63886833190918,54.45743179321289,-28.428958892822266,-99.55012512207031,-6.600197792053223,83.28961181640625,0.2742994134360614
31,16,-9.76881217956543,55.81706619262695,-26.269330978393555,-100.49581146240234,-6.813601493835449,82.24373626708984,0.2722434919050562
31,17,-9.996148109436035,54.51913070678711,-25.762535095214844,-101.88238525390625,-6.898263931274414,81.777099609375,0.26995963018961955
31,18,-10.310840606689453,54.668209075927734,-23.96282958984375,-102.75990295410156,-6.834085464477539,81.26583862304688,0.26678062084899906
31,19,-9.969625473022461,54.278141021728516,-22.300254821777344,-104.38715362548828,-6.861690521240234,80.84275817871094,0.26283635828666496
31,20,-9.748238563537598,52.46253204345703,-22.74488639831543,-104.4102783203125,-6.671663284301758,81.24297332763672,0.2614716085604922
31,21,-9.544794082641602,50.33482360839844,-23.716564178466797,-103.85379791259766,-6.468905448913574,80.29844665527344,0.2608728308408802
31,22,-9.505455017089844,50.93252944946289,-21.684398651123047,-104.10457611083984,-6.499739646911621,80.06359100341797,0.2574771066692904
31,23,-9.80551815032959,49.94660949707031,-21.97955322265625,-104.01588439941406,-6.372653961181641,79.3803939819336,0.25683787832628957
31,24,-10.318470001220703,50.426368713378906,-21.97425651550293,-104.1554946899414,-6.457548141479492,77.92886352539062,0.2574042777953475
31,25,-10.14709758758545,50.035831451416016,-22.538143157958984,-104.45950317382812,-6.421718597412109,78.62610626220703,0.2579638974459753
31,26,-10.474467277526855,49.17070388793945,-22.018173217773438,-105.47785949707031,-6.215663909912109,78.25688171386719,0.25542358172722907
31,27,-11.498956680297852,49.443321228027344,-22.3428955078125,-105.6637191772461,-6.377413749694824,78.19761657714844,0.2564019339218813
31,28,-11.228959083557129,48.84712600708008,-22.21070671081543,-107.02391815185547,-6.089600563049316,78.55825805664062,0.2548085696328345
31,29,-11.4799165725708,48.33131408691406,-23.707860946655273,-107.34463500976562,-6.198908805847168,78.10691833496094,0.25719233993543467
31,30,-11.417023658752441,48.22938537597656,-23.60360336303711,-107.76786041259766,-6.0750932693481445,78.21723937988281,0.256667470305395
31,31,-11.943588256835938,47.39458465576172,-24.04926109313965,-107.59245300292969,-6.144757270812988,78.68181610107422,0.2565596748248291
31,32,-11.929518699645996,46.65226745605469,-23.924362182617188,-108.19094848632812,-6.096323013305664,80.29676818847656,0.25503030030700874
31,33,-12.173458099365234,45.751808166503906,-24.597240447998047,-108.42483520507812,-6.03452205657959,79.31063842773438,0.2551461683555096
31,34,-12.510404586791992,45.230224609375,-24.310270309448242,-108.50172424316406,-6.115913391113281,79.79754638671875,0.2537596969179735
31,35,-12.430526733398438,43.741241455078125,-24.550830841064453,-109.23226928710938,-6.269627571105957,79.03412628173828,0.2518445685105351
31,36,-12.453773498535156,42.83832550048828,-24.90591812133789,-109.77933502197266,-6.404804229736328,78.31969451904297,0.2510703881301495
31,37,-12.230814933776855,42.41926574707031,-26.069150924682617,-109.16192626953125,-6.266543388366699,78.76002502441406,0.2533519981271529
31,38,-12.323036193847656,42.63124084472656,-25.35733413696289,-109.27406311035156,-6.452849388122559,78.83839416503906,0.25203027512506176
31,39,-12.521161079406738,41.716026306152344,-26.401519775390625,-108.2203369140625,-6.031232833862305,78.08316040039062,0.25348891848905325
31,40,-12.685646057128906,41.39299774169922,-26.17963981628418,-108.42739868164062,-5.931174278259277,77.45205688476562,0.2524530153196146
31,41,-13.02455997467041,42.03495788574219,-26.04395294189453,-108.33038330078125,-6.055243492126465,75.16552734375,0.2531161631541824
31,42,-13.67123031616211,42.470035552978516,-25.103023529052734,-108.78719329833984,-6.22698974609375,62.15673828125,0.2514621961165737
31,43,-13.728426933288574,41.380226135253906,-26.198747634887695,-108.72006225585938,-5.838173866271973,59.49266815185547,0.25234415950155215
31,44,-14.308562278747559,41.38965606689453,-26.064342498779297,-108.57754516601562,-5.869209289550781,60.02597427368164,0.2521269614060952
31,45,-15.670453071594238,43.16425704956055,-27.0850830078125,-107.60519409179688,-5.759716987609863,66.7640609741211,0.2572180186805651
31,46,-18.03362274169922,44.354190826416016,-29.236732482910156,-106.50506591796875,-4.734816551208496,72.42489624023438,0.2635522592467668
31,47,-19.499521255493164,43.504005432128906,-31.240745544433594,-105.2857437133789,-4.409111976623535,67.37612915039062,0.266586096104496
31,48,-18.987268447875977,42.833763122558594,-31.218883514404297,-106.17493438720703,-4.662571907043457,66.8906021118164,0.26554133256033996
31,49,-8.945845603942871,32.84864044189453,-22.169191360473633,-86.65442657470703,-6.259042739868164,48.949462890625,0.23801892827873783
32,0,-14.875876426696777,84.41954040527344,-0.170684814453125,-90.07405090332031,-6.926968574523926,64.15425109863281,0.2546124123575156
32,1,-14.639288902282715,82.24528503417969,1.279388427734375,-91.89054107666016,-7.2509565353393555,65.70057678222656,0.25001815612660916
32,2,-14.206878662109375,78.44371795654297,-0.7227420806884766,-93.23572540283203,-7.267333984375,67.92678833007812,0.24993292314867582
32,3,-14.833292007446289,76.09925079345703,-3.62593936920166,-92.74028015136719,-7.522027015686035,72.86955261230469,0.2530978007325103
32,4,-14.929353713989258,73.22183990478516,-7.689901351928711,-92.25233459472656,-7.3996171951293945,72.50294494628906,0.25758832752132227
32,5,-14.898988723754883,68.25139617919922,-12.661128997802734,-92.44224548339844,-7.313486099243164,74.34313201904297,0.26132807558631005
32,6,-13.634696960449219,64.67449188232422,-21.262971878051758,-92.01936340332031,-6.393902778625488,79.61871337890625,0.2713592230415439
32,7,-13.35427474975586,64.28975677490234,-23.63165283203125,-92.43895721435547,-6.82144832611084,86.18241882324219,0.27451374426733915
32,8,-12.290202140808105,62.74062728881836,-24.805309295654297,-94.15184783935547,-6.854253768920898,85.8387222290039,0.2754403470982354
32,9,-11.206875801086426,62.106143951416016,-24.76995849609375,-95.00338745117188,-6.82172966003418,84.88496398925781,0.275094850899428
32,10,-10.767611503601074,60.57514953613281,-26.884950637817383,-95.88977813720703,-6.693362236022949,84.20663452148438,0.27706011166795824
32,11,-10.652514457702637,59.299278259277344,-28.036161422729492,-96.915283203125,-6.649242401123047,84.1412582397461,0.27787891120265457
32,12,-10.50527572631836,57.850318908691406,-28.752403259277344,-97.53680419921875,-6.512063026428223,83.91487121582031,0.2777571985170976
32,13,-9.780383110046387,56.287960052490234,-28.732913970947266,-97.66565704345703,-6.456504821777344,83.4183120727539,0.2762613516812701
32,14,-9.451038360595703,55.33828353881836,-28.813949584960938,-98.88766479492188,-6.539794921875,82.88121032714844,0.2757077984680443
32,15,-9.63886833190918,54.45743179321289,-28.428958892822266,-99.55012512207031,-6.600197792053223,83.28961181640625,0.2742994134360614
32,16,-9.76881217956543,55.81706619262695,-26.269330978393555,-100.49581146240234,-6.813601493835449,82.24373626708984,0.2722434919050562
32,17,-9.996148109436035,54.51913070678711,-25.762535095214844,-101.88238525390625,-6.898263931274414,81.777099609375,0.26995963018961955
32,18,-10.310840606689453,54.668209075927734,-23.96282958984375,-102.75990295410156,-6.834085464477539,81.26583862304688,0.26678062084899906
32,19,-9.969625473022461,54.278141021728516,-22.300254821777344,-104.38715362548828,-6.861690521240234,80.84275817871094,0.26283635828666496
32,20,-9.748238563537598,52.46253204345703,-22.74488639831543,-104.4102783203125,-6.671663284301758,81.24297332763672,0.2614716085604922
32,21,-9.544794082641602,50.33482360839844,-23.716564178466797,-103.85379791259766,-6.468905448913574,80.29844665527344,0.2608728308408802
32,22,-9.505455017089844,50.93252944946289,-21.684398651123047,-104.10457611083984,-6.499739646911621,80.06359100341797,0.2574771066692904
32,23,-9.80551815032959,49.94660949707031,-21.97955322265625,-104.01588439941406,-6.372653961181641,79.3803939819336,0.25683787832628957
32,24,-10.318470001220703,50.426368713378906,-21.97425651550293,-104.1554946899414,-6.457548141479492,77.92886352539062,0.2574042777953475
32,25,-10.14709758758545,50.035831451416016,-22.538143157958984,-104.45950317382812,-6.421718597412109,78.62610626220703,0.2579638974459753
32,26,-10.474467277526855,49.17070388793945,-22.018173217773438,-105.47785949707031,-6.215663909912109,78.25688171386719,0.25542358172722907
32,27,-11.498956680297852,49.443321228027344,-22.3428955078125,-105.6637191772461,-6.377413749694824,78.19761657714844,0.2564019339218813
32,28,-11.228959083557129,48.84712600708008,-22.21070671081543,-107.02391815185547,-6.089600563049316,78.55825805664062,0.2548085696328345
32,29,-11.4799165725708,48.33131408691406,-23.707860946655273,-107.34463500976562,-6.198908805847168,78.10691833496094,0.25719233993543467
32,30,-11.417023658752441,48.22938537597656,-23.60360336303711,-107.76786041259766,-6.0750932693481445,78.21723937988281,0.256667470305395
32,31,-11.943588256835938,47.39458465576172,-24.04926109313965,-107.59245300292969,-6.144757270812988,78.68181610107422,0.2565596748248291
32,32,-11.929518699645996,46.65226745605469,-23.924362182617188,-108.19094848632812,-6.096323013305664,80.29676818847656,0.25503030030700874
32,33,-12.173458099365234,45.751808166503906,-24.597240447998047,-108.42483520507812,-6.03452205657959,79.31063842773438,0.2551461683555096
32,34,-12.510404586791992,45.230224609375,-24.310270309448242,-108.50172424316406,-6.115913391113281,79.79754638671875,0.2537596969179735
32,35,-12.430526733398438,43.741241455078125,-24.550830841064453,-109.23226928710938,-6.269627571105957,79.03412628173828,0.2518445685105351
32,36,-12.453773498535156,42.83832550048828,-24.90591812133789,-109.77933502197266,-6.404804229736328,78.31969451904297,0.2510703881301495
32,37,-12.230814933776855,42.41926574707031,-26.069150924682617,-109.16192626953125,-6.266543388366699,78.76002502441406,0.2533519981271529
32,38,-12.323036193847656,42.63124084472656,-25.35733413696289,-109.27406311035156,-6.452849388122559,78.83839416503906,0.25203027512506176
32,39,-12.521161079406738,41.716026306152344,-26.401519775390625,-108.2203369140625,-6.031232833862305,78.08316040039062,0.25348891848905325
32,40,-12.685646057128906,41.39299774169922,-26.17963981628418,-108.42739868164062,-5.931174278259277,77.45205688476562,0.2524530153196146
32,41,-13.02455997467041,42.03495788574219,-26.04395294189453,-108.33038330078125,-6.055243492126465,75.16552734375,0.2531161631541824
32,42,-13.67123031616211,42.470035552978516,-25.103023529052734,-108.78719329833984,-6.22698974609375,62.15673828125,0.2514621961165737
32,43,-13.728426933288574,41.380226135253906,-26.198747634887695,-108.72006225585938,-5.838173866271973,59.49266815185547,0.25234415950155215
32,44,-14.308562278747559,41.38965606689453,-26.064342498779297,-108.57754516601562,-5.869209289550781,60.02597427368164,0.2521269614060952
32,45,-15.670453071594238,43.16425704956055,-27.0850830078125,-107.60519409179688,-5.759716987609863,66.7640609741211,0.2572180186805651
32,46,-18.03362274169922,44.354190826416016,-29.236732482910156,-106.50506591796875,-4.734816551208496,72.42489624023438,0.2635522592467668
32,47,-19.499521255493164,43.504005432128906,-31.240745544433594,-105.2857437133789,-4.409111976623535,67.37612915039062,0.266586096104496
32,48,-18.987268447875977,42.833763122558594,-31.218883514404297,-106.17493438720703,-4.662571907043457,66.8906021118164,0.26554133256033996
32,49,-8.945845603942871,32.84864044189453,-22.169191360473633,-86.65442657470703,-6.259042739868164,48.949462890625,0.23801892827873783
33,0,-14.875876426696777,84.41954040527344,-0.170684814453125,-90.07405090332031,-6.926968574523926,64.15425109863281,0.2546124123575156
33,1,-14.639288902282715,82.24528503417969,1.279388427734375,-91.89054107666016,-7.2509565353393555,65.70057678222656,0.25001815612660916
33,2,-14.206878662109375,78.44371795654297,-0.7227420806884766,-93.23572540283203,-7.267333984375,67.92678833007812,0.24993292314867582
33,3,-14.833292007446289,76.09925079345703,-3.62593936920166,-92.74028015136719,-7.522027015686035,72.86955261230469,0.2530978007325103
33,4,-14.929353713989258,73.22183990478516,-7.689901351928711,-92.25233459472656,-7.3996171951293945,72.50294494628906,0.25758832752132227
33,5,-14.898988723754883,68.25139617919922,-12.661128997802734,-92.44224548339844,-7.313486099243164,74.34313201904297,0.26132807558631005
33,6,-13.634696960449219,64.67449188232422,-21.262971878051758,-92.01936340332031,-6.393902778625488,79.61871337890625,0.2713592230415439
33,7,-13.35427474975586,64.28975677490234,-23.63165283203125,-92.43895721435547,-6.82144832611084,86.18241882324219,0.27451374426733915
33,8,-12.290202140808105,62.74062728881836,-24.805309295654297,-94.15184783935547,-6.854253768920898,85.8387222290039,0.2754403470982354
33,9,-11.206875801086426,62.106143951416016,-24.76995849609375,-95.00338745117188,-6.82172966003418,84.88496398925781,0.275094850899428
33,10,-10.767611503601074,60.57514953613281,-26.884950637817383,-95.88977813720703,-6.693362236022949,84.20663452148438,0.27706011166795824
33,11,-10.652514457702637,59.299278259277344,-28.036161422729492,-96.915283203125,-6.649242401123047,84.1412582397461,0.27787891120265457
33,12,-10.50527572631836,57.850318908691406,-28.752403259277344,-97.53680419921875,-6.512063026428223,83.91487121582031,0.2777571985170976
33,13,-9.780383110046387,56.287960052490234,-28.732913970947266,-97.66565704345703,-6.456504821777344,83.4183120727539,0.2762613516812701
33,14,-9.451038360595703,55.33828353881836,-28.813949584960938,-98.88766479492188,-6.539794921875,82.88121032714844,0.2757077984680443
33,15,-9.63886833190918,54.45743179321289,-28.428958892822266,-99.55012512207031,-6.600197792053223,83.28961181640625,0.2742994134360614
33,16,-9.76881217956543,55.81706619262695,-26.269330978393555,-100.49581146240234,-6.813601493835449,82.24373626708984,0.2722434919050562
33,17,-9.996148109436035,54.51913070678711,-25.762535095214844,-101.88238525390625,-6.898263931274414,81.777099609375,0.26995963018961955
33,18,-10.310840606689453,54.668209075927734,-23.96282958984375,-102.75990295410156,-6.834085464477539,81.26583862304688,0.26678062084899906
33,19,-9.969625473022461,54.278141021728516,-22.300254821777344,-104.38715362548828,-6.861690521240234,80.84275817871094,0.26283635828666496
33,20,-9.748238563537598,52.46253204345703,-22.74488639831543,-104.4102783203125,-6.671663284301758,81.24297332763672,0.2614716085604922
33,21,-9.544794082641602,50.33482360839844,-23.716564178466797,-103.85379791259766,-6.468905448913574,80.29844665527344,0.2608728308408802
33,22,-9.505455017089844,50.93252944946289,-21.684398651123047,-104.10457611083984,-6.499739646911621,80.06359100341797,0.2574771066692904
33,23,-9.80551815032959,49.94660949707031,-21.97955322265625,-104.01588439941406,-6.372653961181641,79.3803939819336,0.25683787832628957
33,24,-10.318470001220703,50.426368713378906,-21.97425651550293,-104.1554946899414,-6.457548141479492,77.92886352539062,0.2574042777953475
33,25,-10.14709758758545,50.035831451416016,-22.538143157958984,-104.45950317382812,-6.421718597412109,78.62610626220703,0.2579638974459753
33,26,-10.474467277526855,49.17070388793945,-22.018173217773438,-105.47785949707031,-6.215663909912109,78.25688171386719,0.25542358172722907
33,27,-11.498956680297852,49.443321228027344,-22.3428955078125,-105.6637191772461,-6.377413749694824,78.19761657714844,0.2564019339218813
33,28,-11.228959083557129,48.84712600708008,-22.21070671081543,-107.02391815185547,-6.089600563049316,78.55825805664062,0.2548085696328345
33,29,-11.4799165725708,48.33131408691406,-23.707860946655273,-107.34463500976562,-6.198908805847168,78.10691833496094,0.25719233993543467
33,30,-11.417023658752441,48.22938537597656,-23.60360336303711,-107.76786041259766,-6.0750932693481445,78.21723937988281,0.256667470305395
33,31,-11.943588256835938,47.39458465576172,-24.04926109313965,-107.59245300292969,-6.144757270812988,78.68181610107422,0.2565596748248291
33,32,-11.929518699645996,46.65226745605469,-23.924362182617188,-108.19094848632812,-6.096323013305664,80.29676818847656,0.25503030030700874
33,33,-12.173458099365234,45.751808166503906,-24.597240447998047,-108.42483520507812,-6.03452205657959,79.31063842773438,0.2551461683555096
33,34,-12.510404586791992,45.230224609375,-24.310270309448242,-108.50172424316406,-6.115913391113281,79.79754638671875,0.2537596969179735
33,35,-12.430526733398438,43.741241455078125,-24.550830841064453,-109.23226928710938,-6.269627571105957,79.03412628173828,0.2518445685105351
33,36,-12.453773498535156,42.83832550048828,-24.90591812133789,-109.77933502197266,-6.404804229736328,78.31969451904297,0.2510703881301495
33,37,-12.230814933776855,42.41926574707031,-26.069150924682617,-109.16192626953125,-6.266543388366699,78.76002502441406,0.2533519981271529
33,38,-12.323036193847656,42.63124084472656,-25.35733413696289,-109.27406311035156,-6.452849388122559,78.83839416503906,0.25203027512506176
33,39,-12.521161079406738,41.716026306152344,-26.401519775390625,-108.2203369140625,-6.031232833862305,78.08316040039062,0.25348891848905325
33,40,-12.685646057128906,41.39299774169922,-26.17963981628418,-108.42739868164062,-5.931174278259277,77.45205688476562,0.2524530153196146
33,41,-13.02455997467041,42.03495788574219,-26.04395294189453,-108.33038330078125,-6.055243492126465,75.16552734375,0.2531161631541824
33,42,-13.67123031616211,42.470035552978516,-25.103023529052734,-108.78719329833984,-6.22698974609375,62.15673828125,0.2514621961165737
33,43,-13.728426933288574,41.380226135253906,-26.198747634887695,-108.72006225585938,-5.838173866271973,59.49266815185547,0.25234415950155215
33,44,-14.308562278747559,41.38965606689453,-26.064342498779297,-108.57754516601562,-5.869209289550781,60.02597427368164,0.2521269614060952
33,45,-15.670453071594238,43.16425704956055,-27.0850830078125,-107.60519409179688,-5.759716987609863,66.7640609741211,0.2572180186805651
33,46,-18.03362274169922,44.354190826416016,-29.236732482910156,-106.50506591796875,-4.734816551208496,72.42489624023438,0.2635522592467668
33,47,-19.499521255493164,43.504005432128906,-31.240745544433594,-105.2857437133789,-4.409111976623535,67.37612915039062,0.266586096104496
33,48,-18.987268447875977,42.833763122558594,-31.218883514404297,-106.17493438720703,-4.662571907043457,66.8906021118164,0.26554133256033996
33,49,-8.945845603942871,32.84864044189453,-22.169191360473633,-86.65442657470703,-6.259042739868164,48.949462890625,0.23801892827873783
34,0,-14.875876426696777,84.41954040527344,-0.170684814453125,-90.07405090332031,-6.926968574523926,64.15425109863281,0.2546124123575156
34,1,-14.639288902282715,82.24528503417969,1.279388427734375,-91.89054107666016,-7.2509565353393555,65.70057678222656,0.25001815612660916
34,2,-14.206878662109375,78.44371795654297,-0.7227420806884766,-93.23572540283203,-7.267333984375,67.92678833007812,0.24993292314867582
34,3,-14.833292007446289,76.09925079345703,-3.62593936920166,-92.74028015136719,-7.522027015686035,72.86955261230469,0.2530978007325103
34,4,-14.929353713989258,73.22183990478516,-7.689901351928711,-92.25233459472656,-7.3996171951293945,72.50294494628906,0.25758832752132227
34,5,-14.898988723754883,68.25139617919922,-12.661128997802734,-92.44224548339844,-7.313486099243164,74.34313201904297,0.26132807558631005
34,6,-13.634696960449219,64.67449188232422,-21.262971878051758,-92.01936340332031,-6.393902778625488,79.61871337890625,0.2713592230415439
34,7,-13.35427474975586,64.28975677490234,-23.63165283203125,-92.43895721435547,-6.82144832611084,86.18241882324219,0.27451374426733915
34,8,-12.290202140808105,62.74062728881836,-24.805309295654297,-94.15184783935547,-6.854253768920898,85.8387222290039,0.2754403470982354
34,9,-11.206875801086426,62.106143951416016,-24.76995849609375,-95.00338745117188,-6.82172966003418,84.88496398925781,0.275094850899428
34,10,-10.767611503601074,60.57514953613281,-26.884950637817383,-95.88977813720703,-6.693362236022949,84.20663452148438,0.27706011166795824
34,11,-10.652514457702637,59.299278259277344,-28.036161422729492,-96.915283203125,-6.649242401123047,84.1412582397461,0.27787891120265457
34,12,-10.50527572631836,57.850318908691406,-28.752403259277344,-97.53680419921875,-6.512063026428223,83.91487121582031,0.2777571985170976
34,13,-9.780383110046387,56.287960052490234,-28.732913970947266,-97.66565704345703,-6.456504821777344,83.4183120727539,0.2762613516812701
34,14,-9.451038360595703,55.33828353881836,-28.813949584960938,-98.88766479492188,-6.539794921875,82.88121032714844,0.2757077984680443
34,15,-9.63886833190918,54.45743179321289,-28.428958892822266,-99.55012512207031,-6.600197792053223,83.28961181640625,0.2742994134360614
34,16,-9.76881217956543,55.81706619262695,-26.269330978393555,-100.49581146240234,-6.813601493835449,82.24373626708984,0.2722434919050562
34,17,-9.996148109436035,54.51913070678711,-25.762535095214844,-101.88238525390625,-6.898263931274414,81.777099609375,0.26995963018961955
34,18,-10.310840606689453,54.668209075927734,-23.96282958984375,-102.75990295410156,-6.834085464477539,81.26583862304688,0.26678062084899906
34,19,-9.969625473022461,54.278141021728516,-22.300254821777344,-104.38715362548828,-6.861690521240234,80.84275817871094,0.26283635828666496
34,20,-9.748238563537598,52.46253204345703,-22.74488639831543,-104.4102783203125,-6.671663284301758,81.24297332763672,0.2614716085604922
34,21,-9.544794082641602,50.33482360839844,-23.716564178466797,-103.85379791259766,-6.468905448913574,80.29844665527344,0.2608728308408802
34,22,-9.505455017089844,50.93252944946289,-21.684398651123047,-104.10457611083984,-6.499739646911621,80.06359100341797,0.2574771066692904
34,23,-9.80551815032959,49.94660949707031,-21.97955322265625,-104.01588439941406,-6.372653961181641,79.3803939819336,0.25683787832628957
34,24,-10.318470001220703,50.426368713378906,-21.97425651550293,-104.1554946899414,-6.457548141479492,77.92886352539062,0.2574042777953475
34,25,-10.14709758758545,50.035831451416016,-22.538143157958984,-104.45950317382812,-6.421718597412109,78.62610626220703,0.2579638974459753
34,26,-10.474467277526855,49.17070388793945,-22.018173217773438,-105.47785949707031,-6.215663909912109,78.25688171386719,0.25542358172722907
34,27,-11.498956680297852,49.443321228027344,-22.3428955078125,-105.6637191772461,-6.377413749694824,78.19761657714844,0.2564019339218813
34,28,-11.228959083557129,48.84712600708008,-22.21070671081543,-107.02391815185547,-6.089600563049316,78.55825805664062,0.2548085696328345
34,29,-11.4799165725708,48.33131408691406,-23.707860946655273,-107.34463500976562,-6.198908805847168,78.10691833496094,0.25719233993543467
34,30,-11.417023658752441,48.22938537597656,-23.60360336303711,-107.76786041259766,-6.0750932693481445,78.21723937988281,0.256667470305395
34,31,-11.943588256835938,47.39458465576172,-24.04926109313965,-107.59245300292969,-6.144757270812988,78.68181610107422,0.2565596748248291
34,32,-11.929518699645996,46.65226745605469,-23.924362182617188,-108.19094848632812,-6.096323013305664,80.29676818847656,0.25503030030700874
34,33,-12.173458099365234,45.751808166503906,-24.597240447998047,-108.42483520507812,-6.03452205657959,79.31063842773438,0.2551461683555096
34,34,-12.510404586791992,45.230224609375,-24.310270309448242,-108.50172424316406,-6.115913391113281,79.79754638671875,0.2537596969179735
34,35,-12.430526733398438,43.741241455078125,-24.550830841064453,-109.23226928710938,-6.269627571105957,79.03412628173828,0.2518445685105351
34,36,-12.453773498535156,42.83832550048828,-24.90591812133789,-109.77933502197266,-6.404804229736328,78.31969451904297,0.2510703881301495
34,37,-12.230814933776855,42.41926574707031,-26.069150924682617,-109.16192626953125,-6.266543388366699,78.76002502441406,0.2533519981271529
34,38,-12.323036193847656,42.63124084472656,-25.35733413696289,-109.27406311035156,-6.452849388122559,78.83839416503906,0.25203027512506176
34,39,-12.521161079406738,41.716026306152344,-26.401519775390625,-108.2203369140625,-6.031232833862305,78.08316040039062,0.25348891848905325
34,40,-12.685646057128906,41.39299774169922,-26.17963981628418,-108.42739868164062,-5.931174278259277,77.45205688476562,0.2524530153196146
34,41,-13.02455997467041,42.03495788574219,-26.04395294189453,-108.33038330078125,-6.055243492126465,75.16552734375,0.2531161631541824
34,42,-13.67123031616211,42.470035552978516,-25.103023529052734,-108.78719329833984,-6.22698974609375,62.15673828125,0.2514621961165737
34,43,-13.728426933288574,41.380226135253906,-26.198747634887695,-108.72006225585938,-5.838173866271973,59.49266815185547,0.25234415950155215
34,44,-14.308562278747559,41.38965606689453,-26.064342498779297,-108.57754516601562,-5.869209289550781,60.02597427368164,0.2521269614060952
34,45,-15.670453071594238,43.16425704956055,-27.0850830078125,-107.60519409179688,-5.759716987609863,66.7640609741211,0.2572180186805651
34,46,-18.03362274169922,44.354190826416016,-29.236732482910156,-106.50506591796875,-4.734816551208496,72.42489624023438,0.2635522592467668
34,47,-19.499521255493164,43.504005432128906,-31.240745544433594,-105.2857437133789,-4.409111976623535,67.37612915039062,0.266586096104496
34,48,-18.987268447875977,42.833763122558594,-31.218883514404297,-106.17493438720703,-4.662571907043457,66.8906021118164,0.26554133256033996
34,49,-8.945845603942871,32.84864044189453,-22.169191360473633,-86.65442657470703,-6.259042739868164,48.949462890625,0.23801892827873783
35,0,-14.875876426696777,84.41954040527344,-0.170684814453125,-90.07405090332031,-6.926968574523926,64.15425109863281,0.2546124123575156
35,1,-14.639288902282715,82.24528503417969,1.279388427734375,-91.89054107666016,-7.2509565353393555,65.70057678222656,0.25001815612660916
35,2,-14.206878662109375,78.44371795654297,-0.7227420806884766,-93.23572540283203,-7.267333984375,67.92678833007812,0.24993292314867582
35,3,-14.833292007446289,76.09925079345703,-3.62593936920166,-92.74028015136719,-7.522027015686035,72.86955261230469,0.2530978007325103
35,4,-14.929353713989258,73.22183990478516,-7.689901351928711,-92.25233459472656,-7.3996171951293945,72.50294494628906,0.25758832752132227
35,5,-14.898988723754883,68.25139617919922,-12.661128997802734,-92.44224548339844,-7.313486099243164,74.34313201904297,0.26132807558631005
35,6,-13.634696960449219,64.67449188232422,-21.262971878051758,-92.01936340332031,-6.393902778625488,79.61871337890625,0.2713592230415439
35,7,-13.35427474975586,64.28975677490234,-23.63165283203125,-92.43895721435547,-6.82144832611084,86.18241882324219,0.27451374426733915
35,8,-12.290202140808105,62.74062728881836,-24.805309295654297,-94.15184783935547,-6.854253768920898,85.8387222290039,0.2754403470982354
35,9,-11.206875801086426,62.106143951416016,-24.76995849609375,-95.00338745117188,-6.82172966003418,84.88496398925781,0.275094850899428
35,10,-10.767611503601074,60.57514953613281,-26.884950637817383,-95.88977813720703,-6.693362236022949,84.20663452148438,0.27706011166795824
35,11,-10.652514457702637,59.299278259277344,-28.036161422729492,-96.915283203125,-6.649242401123047,84.1412582397461,0.27787891120265457
35,12,-10.50527572631836,57.850318908691406,-28.752403259277344,-97.53680419921875,-6.512063026428223,83.91487121582031,0.2777571985170976
35,13,-9.780383110046387,56.287960052490234,-28.732913970947266,-97.66565704345703,-6.456504821777344,83.4183120727539,0.2762613516812701
35,14,-9.451038360595703,55.33828353881836,-28.813949584960938,-98.88766479492188,-6.539794921875,82.88121032714844,0.2757077984680443
35,15,-9.63886833190918,54.45743179321289,-28.428958892822266,-99.55012512207031,-6.600197792053223,83.28961181640625,0.2742994134360614
35,16,-9.76881217956543,55.81706619262695,-26.269330978393555,-100.49581146240234,-6.813601493835449,82.24373626708984,0.2722434919050562
35,17,-9.996148109436035,54.51913070678711,-25.762535095214844,-101.88238525390625,-6.898263931274414,81.777099609375,0.26995963018961955
35,18,-10.310840606689453,54.668209075927734,-23.96282958984375,-102.75990295410156,-6.834085464477539,81.26583862304688,0.26678062084899906
35,19,-9.969625473022461,54.278141021728516,-22.300254821777344,-104.38715362548828,-6.861690521240234,80.84275817871094,0.26283635828666496
35,20,-9.748238563537598,52.46253204345703,-22.74488639831543,-104.4102783203125,-6.671663284301758,81.24297332763672,0.2614716085604922
35,21,-9.544794082641602,50.33482360839844,-23.716564178466797,-103.85379791259766,-6.468905448913574,80.29844665527344,0.2608728308408802
35,22,-9.505455017089844,50.93252944946289,-21.684398651123047,-104.10457611083984,-6.499739646911621,80.06359100341797,0.2574771066692904
35,23,-9.80551815032959,49.94660949707031,-21.97955322265625,-104.01588439941406,-6.372653961181641,79.3803939819336,0.25683787832628957
35,24,-10.318470001220703,50.426368713378906,-21.97425651550293,-104.1554946899414,-6.457548141479492,77.92886352539062,0.2574042777953475
35,25,-10.14709758758545,50.035831451416016,-22.538143157958984,-104.45950317382812,-6.421718597412109,78.62610626220703,0.2579638974459753
35,26,-10.474467277526855,49.17070388793945,-22.018173217773438,-105.47785949707031,-6.215663909912109,78.25688171386719,0.25542358172722907
35,27,-11.498956680297852,49.443321228027344,-22.3428955078125,-105.6637191772461,-6.377413749694824,78.19761657714844,0.2564019339218813
35,28,-11.228959083557129,48.84712600708008,-22.21070671081543,-107.02391815185547,-6.089600563049316,78.55825805664062,0.2548085696328345
35,29,-11.4799165725708,48.33131408691406,-23.707860946655273,-107.34463500976562,-6.198908805847168,78.10691833496094,0.25719233993543467
35,30,-11.417023658752441,48.22938537597656,-23.60360336303711,-107.76786041259766,-6.0750932693481445,78.21723937988281,0.256667470305395
35,31,-11.943588256835938,47.39458465576172,-24.04926109313965,-107.59245300292969,-6.144757270812988,78.68181610107422,0.2565596748248291
35,32,-11.929518699645996,46.65226745605469,-23.924362182617188,-108.19094848632812,-6.096323013305664,80.29676818847656,0.25503030030700874
35,33,-12.173458099365234,45.751808166503906,-24.597240447998047,-108.42483520507812,-6.03452205657959,79.31063842773438,0.2551461683555096
35,34,-12.510404586791992,45.230224609375,-24.310270309448242,-108.50172424316406,-6.115913391113281,79.79754638671875,0.2537596969179735
35,35,-12.430526733398438,43.741241455078125,-24.550830841064453,-109.23226928710938,-6.269627571105957,79.03412628173828,0.2518445685105351
35,36,-12.453773498535156,42.83832550048828,-24.90591812133789,-109.77933502197266,-6.404804229736328,78.31969451904297,0.2510703881301495
35,37,-12.230814933776855,42.41926574707031,-26.069150924682617,-109.16192626953125,-6.266543388366699,78.76002502441406,0.2533519981271529
35,38,-12.323036193847656,42.63124084472656,-25.35733413696289,-109.27406311035156,-6.452849388122559,78.83839416503906,0.25203027512506176
35,39,-12.521161079406738,41.716026306152344,-26.401519775390625,-108.2203369140625,-6.031232833862305,78.08316040039062,0.25348891848905325
35,40,-12.685646057128906,41.39299774169922,-26.17963981628418,-108.42739868164062,-5.931174278259277,77.45205688476562,0.2524530153196146
35,41,-13.02455997467041,42.03495788574219,-26.04395294189453,-108.33038330078125,-6.055243492126465,75.16552734375,0.2531161631541824
35,42,-13.67123031616211,42.470035552978516,-25.103023529052734,-108.78719329833984,-6.22698974609375,62.15673828125,0.2514621961165737
35,43,-13.728426933288574,41.380226135253906,-26.198747634887695,-108.72006225585938,-5.838173866271973,59.49266815185547,0.25234415950155215
35,44,-14.308562278747559,41.38965606689453,-26.064342498779297,-108.57754516601562,-5.869209289550781,60.02597427368164,0.2521269614060952
35,45,-15.670453071594238,43.16425704956055,-27.0850830078125,-107.60519409179688,-5.759716987609863,66.7640609741211,0.2572180186805651
35,46,-18.03362274169922,44.354190826416016,-29.236732482910156,-106.50506591796875,-4.734816551208496,72.42489624023438,0.2635522592467668
35,47,-19.499521255493164,43.504005432128906,-31.240745544433594,-105.2857437133789,-4.409111976623535,67.37612915039062,0.266586096104496
35,48,-18.987268447875977,42.833763122558594,-31.218883514404297,-106.17493438720703,-4.662571907043457,66.8906021118164,0.26554133256033996
35,49,-8.945845603942871,32.84864044189453,-22.169191360473633,-86.65442657470703,-6.259042739868164,48.949462890625,0.23801892827873783
36,0,-14.875876426696777,84.41954040527344,-0.170684814453125,-90.07405090332031,-6.926968574523926,64.15425109863281,0.2546124123575156
36,1,-14.639288902282715,82.24528503417969,1.279388427734375,-91.89054107666016,-7.2509565353393555,65.70057678222656,0.25001815612660916
36,2,-14.206878662109375,78.44371795654297,-0.7227420806884766,-93.23572540283203,-7.267333984375,67.92678833007812,0.24993292314867582
36,3,-14.833292007446289,76.09925079345703,-3.62593936920166,-92.74028015136719,-7.522027015686035,72.86955261230469,0.2530978007325103
36,4,-14.929353713989258,73.22183990478516,-7.689901351928711,-92.25233459472656,-7.3996171951293945,72.50294494628906,0.25758832752132227
36,5,-14.898988723754883,68.25139617919922,-12.661128997802734,-92.44224548339844,-7.313486099243164,74.34313201904297,0.26132807558631005
36,6,-13.634696960449219,64.67449188232422,-21.262971878051758,-92.01936340332031,-6.393902778625488,79.61871337890625,0.2713592230415439
36,7,-13.35427474975586,64.28975677490234,-23.63165283203125,-92.43895721435547,-6.82144832611084,86.18241882324219,0.27451374426733915
36,8,-12.290202140808105,62.74062728881836,-24.805309295654297,-94.15184783935547,-6.854253768920898,85.8387222290039,0.2754403470982354
36,9,-11.206875801086426,62.106143951416016,-24.76995849609375,-95.00338745117188,-6.82172966003418,84.88496398925781,0.275094850899428
36,10,-10.767611503601074,60.57514953613281,-26.884950637817383,-95.88977813720703,-6.693362236022949,84.20663452148438,0.27706011166795824
36,11,-10.652514457702637,59.299278259277344,-28.036161422729492,-96.915283203125,-6.649242401123047,84.1412582397461,0.27787891120265457
36,12,-10.50527572631836,57.850318908691406,-28.752403259277344,-97.53680419921875,-6.512063026428223,83.91487121582031,0.2777571985170976
36,13,-9.780383110046387,56.287960052490234,-28.732913970947266,-97.66565704345703,-6.456504821777344,83.4183120727539,0.2762613516812701
36,14,-9.451038360595703,55.33828353881836,-28.813949584960938,-98.88766479492188,-6.539794921875,82.88121032714844,0.2757077984680443
36,15,-9.63886833190918,54.45743179321289,-28.428958892822266,-99.55012512207031,-6.600197792053223,83.28961181640625,0.2742994134360614
36,16,-9.76881217956543,55.81706619262695,-26.269330978393555,-100.49581146240234,-6.813601493835449,82.24373626708984,0.2722434919050562
36,17,-9.996148109436035,54.51913070678711,-25.762535095214844,-101.88238525390625,-6.898263931274414,81.777099609375,0.26995963018961955
36,18,-10.310840606689453,54.668209075927734,-23.96282958984375,-102.75990295410156,-6.834085464477539,81.26583862304688,0.26678062084899906
36,19,-9.969625473022461,54.278141021728516,-22.300254821777344,-104.38715362548828,-6.861690521240234,80.84275817871094,0.26283635828666496
36,20,-9.748238563537598,52.46253204345703,-22.74488639831543,-104.4102783203125,-6.671663284301758,81.24297332763672,0.2614716085604922
36,21,-9.544794082641602,50.33482360839844,-23.716564178466797,-103.85379791259766,-6.468905448913574,80.29844665527344,0.2608728308408802
36,22,-9.505455017089844,50.93252944946289,-21.684398651123047,-104.10457611083984,-6.499739646911621,80.06359100341797,0.2574771066692904
36,23,-9.80551815032959,49.94660949707031,-21.97955322265625,-104.01588439941406,-6.372653961181641,79.3803939819336,0.25683787832628957
36,24,-10.318470001220703,50.426368713378906,-21.97425651550293,-104.1554946899414,-6.457548141479492,77.92886352539062,0.2574042777953475
36,25,-10.14709758758545,50.035831451416016,-22.538143157958984,-104.45950317382812,-6.421718597412109,78.62610626220703,0.2579638974459753
36,26,-10.474467277526855,49.17070388793945,-22.018173217773438,-105.47785949707031,-6.215663909912109,78.25688171386719,0.25542358172722907
36,27,-11.498956680297852,49.443321228027344,-22.3428955078125,-105.6637191772461,-6.377413749694824,78.19761657714844,0.2564019339218813
36,28,-11.228959083557129,48.84712600708008,-22.21070671081543,-107.02391815185547,-6.089600563049316,78.55825805664062,0.2548085696328345
36,29,-11.4799165725708,48.33131408691406,-23.707860946655273,-107.34463500976562,-6.198908805847168,78.10691833496094,0.25719233993543467
36,30,-11.417023658752441,48.22938537597656,-23.60360336303711,-107.76786041259766,-6.0750932693481445,78.21723937988281,0.256667470305395
36,31,-11.943588256835938,47.39458465576172,-24.04926109313965,-107.59245300292969,-6.144757270812988,78.68181610107422,0.2565596748248291
36,32,-11.929518699645996,46.65226745605469,-23.924362182617188,-108.19094848632812,-6.096323013305664,80.29676818847656,0.25503030030700874
36,33,-12.173458099365234,45.751808166503906,-24.597240447998047,-108.42483520507812,-6.03452205657959,79.31063842773438,0.2551461683555096
36,34,-12.510404586791992,45.230224609375,-24.310270309448242,-108.50172424316406,-6.115913391113281,79.79754638671875,0.2537596969179735
36,35,-12.430526733398438,43.741241455078125,-24.550830841064453,-109.23226928710938,-6.269627571105957,79.03412628173828,0.2518445685105351
36,36,-12.453773498535156,42.83832550048828,-24.90591812133789,-109.77933502197266,-6.404804229736328,78.31969451904297,0.2510703881301495
36,37,-12.230814933776855,42.41926574707031,-26.069150924682617,-109.16192626953125,-6.266543388366699,78.76002502441406,0.2533519981271529
36,38,-12.323036193847656,42.63124084472656,-25.35733413696289,-109.27406311035156,-6.452849388122559,78.83839416503906,0.25203027512506176
36,39,-12.521161079406738,41.716026306152344,-26.401519775390625,-108.2203369140625,-6.031232833862305,78.08316040039062,0.25348891848905325
36,40,-12.685646057128906,41.39299774169922,-26.17963981628418,-108.42739868164062,-5.931174278259277,77.45205688476562,0.2524530153196146
36,41,-13.02455997467041,42.03495788574219,-26.04395294189453,-108.33038330078125,-6.055243492126465,75.16552734375,0.2531161631541824
36,42,-13.67123031616211,42.470035552978516,-25.103023529052734,-108.78719329833984,-6.22698974609375,62.15673828125,0.2514621961165737
36,43,-13.728426933288574,41.380226135253906,-26.198747634887695,-108.72006225585938,-5.838173866271973,59.49266815185547,0.25234415950155215
36,44,-14.308562278747559,41.38965606689453,-26.064342498779297,-108.57754516601562,-5.869209289550781,60.02597427368164,0.2521269614060952
36,45,-15.670453071594238,43.16425704956055,-27.0850830078125,-107.60519409179688,-5.759716987609863,66.7640609741211,0.2572180186805651
36,46,-18.03362274169922,44.354190826416016,-29.236732482910156,-106.50506591796875,-4.734816551208496,72.42489624023438,0.2635522592467668
36,47,-19.499521255493164,43.504005432128906,-31.240745544433594,-105.2857437133789,-4.409111976623535,67.37612915039062,0.266586096104496
36,48,-18.987268447875977,42.833763122558594,-31.218883514404297,-106.17493438720703,-4.662571907043457,66.8906021118164,0.26554133256033996
36,49,-8.945845603942871,32.84864044189453,-22.169191360473633,-86.65442657470703,-6.259042739868164,48.949462890625,0.23801892827873783
37,0,-14.875876426696777,84.41954040527344,-0.170684814453125,-90.07405090332031,-6.926968574523926,64.15425109863281,0.2546124123575156
37,1,-14.639288902282715,82.24528503417969,1.279388427734375,-91.89054107666016,-7.2509565353393555,65.70057678222656,0.25001815612660916
37,2,-14.206878662109375,78.44371795654297,-0.7227420806884766,-93.23572540283203,-7.267333984375,67.92678833007812,0.24993292314867582
37,3,-14.833292007446289,76.09925079345703,-3.62593936920166,-92.74028015136719,-7.522027015686035,72.86955261230469,0.2530978007325103
37,4,-14.929353713989258,73.22183990478516,-7.689901351928711,-92.25233459472656,-7.3996171951293945,72.50294494628906,0.25758832752132227
37,5,-14.898988723754883,68.25139617919922,-12.661128997802734,-92.44224548339844,-7.313486099243164,74.34313201904297,0.26132807558631005
37,6,-13.634696960449219,64.67449188232422,-21.262971878051758,-92.01936340332031,-6.393902778625488,79.61871337890625,0.2713592230415439
37,7,-13.35427474975586,64.28975677490234,-23.63165283203125,-92.43895721435547,-6.82144832611084,86.18241882324219,0.27451374426733915
37,8,-12.290202140808105,62.74062728881836,-24.805309295654297,-94.15184783935547,-6.854253768920898,85.8387222290039,0.2754403470982354
37,9,-11.206875801086426,62.106143951416016,-24.76995849609375,-95.00338745117188,-6.82172966003418,84.88496398925781,0.275094850899428
37,10,-10.767611503601074,60.57514953613281,-26.884950637817383,-95.88977813720703,-6.693362236022949,84.20663452148438,0.27706011166795824
37,11,-10.652514457702637,59.299278259277344,-28.036161422729492,-96.915283203125,-6.649242401123047,84.1412582397461,0.27787891120265457
37,12,-10.50527572631836,57.850318908691406,-28.752403259277344,-97.53680419921875,-6.512063026428223,83.91487121582031,0.2777571985170976
37,13,-9.780383110046387,56.287960052490234,-28.732913970947266,-97.66565704345703,-6.456504821777344,83.4183120727539,0.2762613516812701
37,14,-9.451038360595703,55.33828353881836,-28.813949584960938,-98.88766479492188,-6.539794921875,82.88121032714844,0.2757077984680443
37,15,-9.63886833190918,54.45743179321289,-28.428958892822266,-99.55012512207031,-6.600197792053223,83.28961181640625,0.2742994134360614
37,16,-9.76881217956543,55.81706619262695,-26.269330978393555,-100.49581146240234,-6.813601493835449,82.24373626708984,0.2722434919050562
37,17,-9.996148109436035,54.51913070678711,-25.762535095214844,-101.88238525390625,-6.898263931274414,81.777099609375,0.26995963018961955
37,18,-10.310840606689453,54.668209075927734,-23.96282958984375,-102.75990295410156,-6.834085464477539,81.26583862304688,0.26678062084899906
37,19,-9.969625473022461,54.278141021728516,-22.300254821777344,-104.38715362548828,-6.861690521240234,80.84275817871094,0.26283635828666496
37,20,-9.748238563537598,52.46253204345703,-22.74488639831543,-104.4102783203125,-6.671663284301758,81.24297332763672,0.2614716085604922
37,21,-9.544794082641602,50.33482360839844,-23.716564178466797,-103.85379791259766,-6.468905448913574,80.29844665527344,0.2608728308408802
37,22,-9.505455017089844,50.93252944946289,-21.684398651123047,-104.10457611083984,-6.499739646911621,80.06359100341797,0.2574771066692904
37,23,-9.80551815032959,49.94660949707031,-21.97955322265625,-104.01588439941406,-6.372653961181641,79.3803939819336,0.25683787832628957
37,24,-10.318470001220703,50.426368713378906,-21.97425651550293,-104.1554946899414,-6.457548141479492,77.92886352539062,0.2574042777953475
37,25,-10.14709758758545,50.035831451416016,-22.538143157958984,-104.45950317382812,-6.421718597412109,78.62610626220703,0.2579638974459753
37,26,-10.474467277526855,49.17070388793945,-22.018173217773438,-105.47785949707031,-6.215663909912109,78.25688171386719,0.25542358172722907
37,27,-11.498956680297852,49.443321228027344,-22.3428955078125,-105.6637191772461,-6.377413749694824,78.19761657714844,0.2564019339218813
37,28,-11.228959083557129,48.84712600708008,-22.21070671081543,-107.02391815185547,-6.089600563049316,78.55825805664062,0.2548085696328345
37,29,-11.4799165725708,48.33131408691406,-23.707860946655273,-107.34463500976562,-6.198908805847168,78.10691833496094,0.25719233993543467
37,30,-11.417023658752441,48.22938537597656,-23.60360336303711,-107.76786041259766,-6.0750932693481445,78.21723937988281,0.256667470305395
37,31,-11.943588256835938,47.39458465576172,-24.04926109313965,-107.59245300292969,-6.144757270812988,78.68181610107422,0.2565596748248291
37,32,-11.929518699645996,46.65226745605469,-23.924362182617188,-108.19094848632812,-6.096323013305664,80.29676818847656,0.25503030030700874
37,33,-12.173458099365234,45.751808166503906,-24.597240447998047,-108.42483520507812,-6.03452205657959,79.31063842773438,0.2551461683555096
37,34,-12.510404586791992,45.230224609375,-24.310270309448242,-108.50172424316406,-6.115913391113281,79.79754638671875,0.2537596969179735
37,35,-12.430526733398438,43.741241455078125,-24.550830841064453,-109.23226928710938,-6.269627571105957,79.03412628173828,0.2518445685105351
37,36,-12.453773498535156,42.83832550048828,-24.90591812133789,-109.77933502197266,-6.404804229736328,78.31969451904297,0.2510703881301495
37,37,-12.230814933776855,42.41926574707031,-26.069150924682617,-109.16192626953125,-6.266543388366699,78.76002502441406,0.2533519981271529
37,38,-12.323036193847656,42.63124084472656,-25.35733413696289,-109.27406311035156,-6.452849388122559,78.83839416503906,0.25203027512506176
37,39,-12.521161079406738,41.716026306152344,-26.401519775390625,-108.2203369140625,-6.031232833862305,78.08316040039062,0.25348891848905325
37,40,-12.685646057128906,41.39299774169922,-26.17963981628418,-108.42739868164062,-5.931174278259277,77.45205688476562,0.2524530153196146
37,41,-13.02455997467041,42.03495788574219,-26.04395294189453,-108.33038330078125,-6.055243492126465,75.16552734375,0.2531161631541824
37,42,-13.67123031616211,42.470035552978516,-25.103023529052734,-108.78719329833984,-6.22698974609375,62.15673828125,0.2514621961165737
37,43,-13.728426933288574,41.380226135253906,-26.198747634887695,-108.72006225585938,-5.838173866271973,59.49266815185547,0.25234415950155215
37,44,-14.308562278747559,41.38965606689453,-26.064342498779297,-108.57754516601562,-5.869209289550781,60.02597427368164,0.2521269614060952
37,45,-15.670453071594238,43.16425704956055,-27.0850830078125,-107.60519409179688,-5.759716987609863,66.7640609741211,0.2572180186805651
37,46,-18.03362274169922,44.354190826416016,-29.236732482910156,-106.50506591796875,-4.734816551208496,72.42489624023438,0.2635522592467668
37,47,-19.499521255493164,43.504005432128906,-31.240745544433594,-105.2857437133789,-4.409111976623535,67.37612915039062,0.266586096104496
37,48,-18.987268447875977,42.833763122558594,-31.218883514404297,-106.17493438720703,-4.662571907043457,66.8906021118164,0.26554133256033996
37,49,-8.945845603942871,32.84864044189453,-22.169191360473633,-86.65442657470703,-6.259042739868164,48.949462890625,0.23801892827873783
38,0,-14.875876426696777,84.41954040527344,-0.170684814453125,-90.07405090332031,-6.926968574523926,64.15425109863281,0.2546124123575156
38,1,-14.639288902282715,82.24528503417969,1.279388427734375,-91.89054107666016,-7.2509565353393555,65.70057678222656,0.25001815612660916
38,2,-14.206878662109375,78.44371795654297,-0.7227420806884766,-93.23572540283203,-7.267333984375,67.92678833007812,0.24993292314867582
38,3,-14.833292007446289,76.09925079345703,-3.62593936920166,-92.74028015136719,-7.522027015686035,72.86955261230469,0.2530978007325103
38,4,-14.929353713989258,73.22183990478516,-7.689901351928711,-92.25233459472656,-7.3996171951293945,72.50294494628906,0.25758832752132227
38,5,-14.898988723754883,68.25139617919922,-12.661128997802734,-92.44224548339844,-7.313486099243164,74.34313201904297,0.26132807558631005
38,6,-13.634696960449219,64.67449188232422,-21.262971878051758,-92.01936340332031,-6.393902778625488,79.61871337890625,0.2713592230415439
38,7,-13.35427474975586,64.28975677490234,-23.63165283203125,-92.43895721435547,-6.82144832611084,86.18241882324219,0.27451374426733915
38,8,-12.290202140808105,62.74062728881836,-24.805309295654297,-94.15184783935547,-6.854253768920898,85.8387222290039,0.2754403470982354
38,9,-11.206875801086426,62.106143951416016,-24.76995849609375,-95.00338745117188,-6.82172966003418,84.88496398925781,0.275094850899428
38,10,-10.767611503601074,60.57514953613281,-26.884950637817383,-95.88977813720703,-6.693362236022949,84.20663452148438,0.27706011166795824
38,11,-10.652514457702637,59.299278259277344,-28.036161422729492,-96.915283203125,-6.649242401123047,84.1412582397461,0.27787891120265457
38,12,-10.50527572631836,57.850318908691406,-28.752403259277344,-97.53680419921875,-6.512063026428223,83.91487121582031,0.2777571985170976
38,13,-9.780383110046387,56.287960052490234,-28.732913970947266,-97.66565704345703,-6.456504821777344,83.4183120727539,0.2762613516812701
38,14,-9.451038360595703,55.33828353881836,-28.813949584960938,-98.88766479492188,-6.539794921875,82.88121032714844,0.2757077984680443
38,15,-9.63886833190918,54.45743179321289,-28.428958892822266,-99.55012512207031,-6.600197792053223,83.28961181640625,0.2742994134360614
38,16,-9.76881217956543,55.81706619262695,-26.269330978393555,-100.49581146240234,-6.813601493835449,82.24373626708984,0.2722434919050562
38,17,-9.996148109436035,54.51913070678711,-25.762535095214844,-101.88238525390625,-6.898263931274414,81.777099609375,0.26995963018961955
38,18,-10.310840606689453,54.668209075927734,-23.96282958984375,-102.75990295410156,-6.834085464477539,81.26583862304688,0.26678062084899906
38,19,-9.969625473022461,54.278141021728516,-22.300254821777344,-104.38715362548828,-6.861690521240234,80.84275817871094,0.26283635828666496
38,20,-9.748238563537598,52.46253204345703,-22.74488639831543,-104.4102783203125,-6.671663284301758,81.24297332763672,0.2614716085604922
38,21,-9.544794082641602,50.33482360839844,-23.716564178466797,-103.85379791259766,-6.468905448913574,80.29844665527344,0.2608728308408802
38,22,-9.505455017089844,50.93252944946289,-21.684398651123047,-104.10457611083984,-6.499739646911621,80.06359100341797,0.2574771066692904
38,23,-9.80551815032959,49.94660949707031,-21.97955322265625,-104.01588439941406,-6.372653961181641,79.3803939819336,0.25683787832628957
38,24,-10.318470001220703,50.426368713378906,-21.97425651550293,-104.1554946899414,-6.457548141479492,77.92886352539062,0.2574042777953475
38,25,-10.14709758758545,50.035831451416016,-22.538143157958984,-104.45950317382812,-6.421718597412109,78.62610626220703,0.2579638974459753
38,26,-10.474467277526855,49.17070388793945,-22.018173217773438,-105.47785949707031,-6.215663909912109,78.25688171386719,0.25542358172722907
38,27,-11.498956680297852,49.443321228027344,-22.3428955078125,-105.6637191772461,-6.377413749694824,78.19761657714844,0.2564019339218813
38,28,-11.228959083557129,48.84712600708008,-22.21070671081543,-107.02391815185547,-6.089600563049316,78.55825805664062,0.2548085696328345
38,29,-11.4799165725708,48.33131408691406,-23.707860946655273,-107.34463500976562,-6.198908805847168,78.10691833496094,0.25719233993543467
38,30,-11.417023658752441,48.22938537597656,-23.60360336303711,-107.76786041259766,-6.0750932693481445,78.21723937988281,0.256667470305395
38,31,-11.943588256835938,47.39458465576172,-24.04926109313965,-107.59245300292969,-6.144757270812988,78.68181610107422,0.2565596748248291
38,32,-11.929518699645996,46.65226745605469,-23.924362182617188,-108.19094848632812,-6.096323013305664,80.29676818847656,0.25503030030700874
38,33,-12.173458099365234,45.751808166503906,-24.597240447998047,-108.42483520507812,-6.03452205657959,79.31063842773438,0.2551461683555096
38,34,-12.510404586791992,45.230224609375,-24.310270309448242,-108.50172424316406,-6.115913391113281,79.79754638671875,0.2537596969179735
38,35,-12.430526733398438,43.741241455078125,-24.550830841064453,-109.23226928710938,-6.269627571105957,79.03412628173828,0.2518445685105351
38,36,-12.453773498535156,42.83832550048828,-24.90591812133789,-109.77933502197266,-6.404804229736328,78.31969451904297,0.2510703881301495
38,37,-12.230814933776855,42.41926574707031,-26.069150924682617,-109.16192626953125,-6.266543388366699,78.76002502441406,0.2533519981271529
38,38,-12.323036193847656,42.63124084472656,-25.35733413696289,-109.27406311035156,-6.452849388122559,78.83839416503906,0.25203027512506176
38,39,-12.521161079406738,41.716026306152344,-26.401519775390625,-108.2203369140625,-6.031232833862305,78.08316040039062,0.25348891848905325
38,40,-12.685646057128906,41.39299774169922,-26.17963981628418,-108.42739868164062,-5.931174278259277,77.45205688476562,0.2524530153196146
38,41,-13.02455997467041,42.03495788574219,-26.04395294189453,-108.33038330078125,-6.055243492126465,75.16552734375,0.2531161631541824
38,42,-13.67123031616211,42.470035552978516,-25.103023529052734,-108.78719329833984,-6.22698974609375,62.15673828125,0.2514621961165737
38,43,-13.728426933288574,41.380226135253906,-26.198747634887695,-108.72006225585938,-5.838173866271973,59.49266815185547,0.25234415950155215
38,44,-14.308562278747559,41.38965606689453,-26.064342498779297,-108.57754516601562,-5.869209289550781,60.02597427368164,0.2521269614060952
38,45,-15.670453071594238,43.16425704956055,-27.0850830078125,-107.60519409179688,-5.759716987609863,66.7640609741211,0.2572180186805651
38,46,-18.03362274169922,44.354190826416016,-29.236732482910156,-106.50506591796875,-4.734816551208496,72.42489624023438,0.2635522592467668
38,47,-19.499521255493164,43.504005432128906,-31.240745544433594,-105.2857437133789,-4.409111976623535,67.37612915039062,0.266586096104496
38,48,-18.987268447875977,42.833763122558594,-31.218883514404297,-106.17493438720703,-4.662571907043457,66.8906021118164,0.26554133256033996
38,49,-8.945845603942871,32.84864044189453,-22.169191360473633,-86.65442657470703,-6.259042739868164,48.949462890625,0.23801892827873783
39,0,-14.875876426696777,84.41954040527344,-0.170684814453125,-90.07405090332031,-6.926968574523926,64.15425109863281,0.2546124123575156
39,1,-14.639288902282715,82.24528503417969,1.279388427734375,-91.89054107666016,-7.2509565353393555,65.70057678222656,0.25001815612660916
39,2,-14.206878662109375,78.44371795654297,-0.7227420806884766,-93.23572540283203,-7.267333984375,67.92678833007812,0.24993292314867582
39,3,-14.833292007446289,76.09925079345703,-3.62593936920166,-92.74028015136719,-7.522027015686035,72.86955261230469,0.2530978007325103
39,4,-14.929353713989258,73.22183990478516,-7.689901351928711,-92.25233459472656,-7.3996171951293945,72.50294494628906,0.25758832752132227
39,5,-14.898988723754883,68.25139617919922,-12.661128997802734,-92.44224548339844,-7.313486099243164,74.34313201904297,0.26132807558631005
39,6,-13.634696960449219,64.67449188232422,-21.262971878051758,-92.01936340332031,-6.393902778625488,79.61871337890625,0.2713592230415439
39,7,-13.35427474975586,64.28975677490234,-23.63165283203125,-92.43895721435547,-6.82144832611084,86.18241882324219,0.27451374426733915
39,8,-12.290202140808105,62.74062728881836,-24.805309295654297,-94.15184783935547,-6.854253768920898,85.8387222290039,0.2754403470982354
39,9,-11.206875801086426,62.106143951416016,-24.76995849609375,-95.00338745117188,-6.82172966003418,84.88496398925781,0.275094850899428
39,10,-10.767611503601074,60.57514953613281,-26.884950637817383,-95.88977813720703,-6.693362236022949,84.20663452148438,0.27706011166795824
39,11,-10.652514457702637,59.299278259277344,-28.036161422729492,-96.915283203125,-6.649242401123047,84.1412582397461,0.27787891120265457
39,12,-10.50527572631836,57.850318908691406,-28.752403259277344,-97.53680419921875,-6.512063026428223,83.91487121582031,0.2777571985170976
39,13,-9.780383110046387,56.287960052490234,-28.732913970947266,-97.66565704345703,-6.456504821777344,83.4183120727539,0.2762613516812701
39,14,-9.451038360595703,55.33828353881836,-28.813949584960938,-98.88766479492188,-6.539794921875,82.88121032714844,0.2757077984680443
39,15,-9.63886833190918,54.45743179321289,-28.428958892822266,-99.55012512207031,-6.600197792053223,83.28961181640625,0.2742994134360614
39,16,-9.76881217956543,55.81706619262695,-26.269330978393555,-100.49581146240234,-6.813601493835449,82.24373626708984,0.2722434919050562
39,17,-9.996148109436035,54.51913070678711,-25.762535095214844,-101.88238525390625,-6.898263931274414,81.777099609375,0.26995963018961955
39,18,-10.310840606689453,54.668209075927734,-23.96282958984375,-102.75990295410156,-6.834085464477539,81.26583862304688,0.26678062084899906
39,19,-9.969625473022461,54.278141021728516,-22.300254821777344,-104.38715362548828,-6.861690521240234,80.84275817871094,0.26283635828666496
39,20,-9.748238563537598,52.46253204345703,-22.74488639831543,-104.4102783203125,-6.671663284301758,81.24297332763672,0.2614716085604922
39,21,-9.544794082641602,50.33482360839844,-23.716564178466797,-103.85379791259766,-6.468905448913574,80.29844665527344,0.2608728308408802
39,22,-9.505455017089844,50.93252944946289,-21.684398651123047,-104.10457611083984,-6.499739646911621,80.06359100341797,0.2574771066692904
39,23,-9.80551815032959,49.94660949707031,-21.97955322265625,-104.01588439941406,-6.372653961181641,79.3803939819336,0.25683787832628957
39,24,-10.318470001220703,50.426368713378906,-21.97425651550293,-104.1554946899414,-6.457548141479492,77.92886352539062,0.2574042777953475
39,25,-10.14709758758545,50.035831451416016,-22.538143157958984,-104.45950317382812,-6.421718597412109,78.62610626220703,0.2579638974459753
39,26,-10.474467277526855,49.17070388793945,-22.018173217773438,-105.47785949707031,-6.215663909912109,78.25688171386719,0.25542358172722907
39,27,-11.498956680297852,49.443321228027344,-22.3428955078125,-105.6637191772461,-6.377413749694824,78.19761657714844,0.2564019339218813
39,28,-11.228959083557129,48.84712600708008,-22.21070671081543,-107.02391815185547,-6.089600563049316,78.55825805664062,0.2548085696328345
39,29,-11.4799165725708,48.33131408691406,-23.707860946655273,-107.34463500976562,-6.198908805847168,78.10691833496094,0.25719233993543467
39,30,-11.417023658752441,48.22938537597656,-23.60360336303711,-107.76786041259766,-6.0750932693481445,78.21723937988281,0.256667470305395
39,31,-11.943588256835938,47.39458465576172,-24.04926109313965,-107.59245300292969,-6.144757270812988,78.68181610107422,0.2565596748248291
39,32,-11.929518699645996,46.65226745605469,-23.924362182617188,-108.19094848632812,-6.096323013305664,80.29676818847656,0.25503030030700874
39,33,-12.173458099365234,45.751808166503906,-24.597240447998047,-108.42483520507812,-6.03452205657959,79.31063842773438,0.2551461683555096
39,34,-12.510404586791992,45.230224609375,-24.310270309448242,-108.50172424316406,-6.115913391113281,79.79754638671875,0.2537596969179735
39,35,-12.430526733398438,43.741241455078125,-24.550830841064453,-109.23226928710938,-6.269627571105957,79.03412628173828,0.2518445685105351
39,36,-12.453773498535156,42.83832550048828,-24.90591812133789,-109.77933502197266,-6.404804229736328,78.31969451904297,0.2510703881301495
39,37,-12.230814933776855,42.41926574707031,-26.069150924682617,-109.16192626953125,-6.266543388366699,78.76002502441406,0.2533519981271529
39,38,-12.323036193847656,42.63124084472656,-25.35733413696289,-109.27406311035156,-6.452849388122559,78.83839416503906,0.25203027512506176
39,39,-12.521161079406738,41.716026306152344,-26.401519775390625,-108.2203369140625,-6.031232833862305,78.08316040039062,0.25348891848905325
39,40,-12.685646057128906,41.39299774169922,-26.17963981628418,-108.42739868164062,-5.931174278259277,77.45205688476562,0.2524530153196146
39,41,-13.02455997467041,42.03495788574219,-26.04395294189453,-108.33038330078125,-6.055243492126465,75.16552734375,0.2531161631541824
39,42,-13.67123031616211,42.470035552978516,-25.103023529052734,-108.78719329833984,-6.22698974609375,62.15673828125,0.2514621961165737
39,43,-13.728426933288574,41.380226135253906,-26.198747634887695,-108.72006225585938,-5.838173866271973,59.49266815185547,0.25234415950155215
39,44,-14.308562278747559,41.38965606689453,-26.064342498779297,-108.57754516601562,-5.869209289550781,60.02597427368164,0.2521269614060952
39,45,-15.670453071594238,43.16425704956055,-27.0850830078125,-107.60519409179688,-5.759716987609863,66.7640609741211,0.2572180186805651
39,46,-18.03362274169922,44.354190826416016,-29.236732482910156,-106.50506591796875,-4.734816551208496,72.42489624023438,0.2635522592467668
39,47,-19.499521255493164,43.504005432128906,-31.240745544433594,-105.2857437133789,-4.409111976623535,67.37612915039062,0.266586096104496
39,48,-18.987268447875977,42.833763122558594,-31.218883514404297,-106.17493438720703,-4.662571907043457,66.8906021118164,0.26554133256033996
39,49,-8.945845603942871,32.84864044189453,-22.169191360473633,-86.65442657470703,-6.259042739868164,48.949462890625,0.23801892827873783
40,0,-14.875876426696777,84.41954040527344,-0.170684814453125,-90.07405090332031,-6.926968574523926,64.15425109863281,0.2546124123575156
40,1,-14.639288902282715,82.24528503417969,1.279388427734375,-91.89054107666016,-7.2509565353393555,65.70057678222656,0.25001815612660916
40,2,-14.206878662109375,78.44371795654297,-0.7227420806884766,-93.23572540283203,-7.267333984375,67.92678833007812,0.24993292314867582
40,3,-14.833292007446289,76.09925079345703,-3.62593936920166,-92.74028015136719,-7.522027015686035,72.86955261230469,0.2530978007325103
40,4,-14.929353713989258,73.22183990478516,-7.689901351928711,-92.25233459472656,-7.3996171951293945,72.50294494628906,0.25758832752132227
40,5,-14.898988723754883,68.25139617919922,-12.661128997802734,-92.44224548339844,-7.313486099243164,74.34313201904297,0.26132807558631005
40,6,-13.634696960449219,64.67449188232422,-21.262971878051758,-92.01936340332031,-6.393902778625488,79.61871337890625,0.2713592230415439
40,7,-13.35427474975586,64.28975677490234,-23.63165283203125,-92.43895721435547,-6.82144832611084,86.18241882324219,0.27451374426733915
40,8,-12.290202140808105,62.74062728881836,-24.805309295654297,-94.15184783935547,-6.854253768920898,85.8387222290039,0.2754403470982354
40,9,-11.206875801086426,62.106143951416016,-24.76995849609375,-95.00338745117188,-6.82172966003418,84.88496398925781,0.275094850899428
40,10,-10.767611503601074,60.57514953613281,-26.884950637817383,-95.88977813720703,-6.693362236022949,84.20663452148438,0.27706011166795824
40,11,-10.652514457702637,59.299278259277344,-28.036161422729492,-96.915283203125,-6.649242401123047,84.1412582397461,0.27787891120265457
40,12,-10.50527572631836,57.850318908691406,-28.752403259277344,-97.53680419921875,-6.512063026428223,83.91487121582031,0.2777571985170976
40,13,-9.780383110046387,56.287960052490234,-28.732913970947266,-97.66565704345703,-6.456504821777344,83.4183120727539,0.2762613516812701
40,14,-9.451038360595703,55.33828353881836,-28.813949584960938,-98.88766479492188,-6.539794921875,82.88121032714844,0.2757077984680443
40,15,-9.63886833190918,54.45743179321289,-28.428958892822266,-99.55012512207031,-6.600197792053223,83.28961181640625,0.2742994134360614
40,16,-9.76881217956543,55.81706619262695,-26.269330978393555,-100.49581146240234,-6.813601493835449,82.24373626708984,0.2722434919050562
40,17,-9.996148109436035,54.51913070678711,-25.762535095214844,-101.88238525390625,-6.898263931274414,81.777099609375,0.26995963018961955
40,18,-10.310840606689453,54.668209075927734,-23.96282958984375,-102.75990295410156,-6.834085464477539,81.26583862304688,0.26678062084899906
40,19,-9.969625473022461,54.278141021728516,-22.300254821777344,-104.38715362548828,-6.861690521240234,80.84275817871094,0.26283635828666496
40,20,-9.748238563537598,52.46253204345703,-22.74488639831543,-104.4102783203125,-6.671663284301758,81.24297332763672,0.2614716085604922
40,21,-9.544794082641602,50.33482360839844,-23.716564178466797,-103.85379791259766,-6.468905448913574,80.29844665527344,0.2608728308408802
40,22,-9.505455017089844,50.93252944946289,-21.684398651123047,-104.10457611083984,-6.499739646911621,80.06359100341797,0.2574771066692904
40,23,-9.80551815032959,49.94660949707031,-21.97955322265625,-104.01588439941406,-6.372653961181641,79.3803939819336,0.25683787832628957
40,24,-10.318470001220703,50.426368713378906,-21.97425651550293,-104.1554946899414,-6.457548141479492,77.92886352539062,0.2574042777953475
40,25,-10.14709758758545,50.035831451416016,-22.538143157958984,-104.45950317382812,-6.421718597412109,78.62610626220703,0.2579638974459753
40,26,-10.474467277526855,49.17070388793945,-22.018173217773438,-105.47785949707031,-6.215663909912109,78.25688171386719,0.25542358172722907
40,27,-11.498956680297852,49.443321228027344,-22.3428955078125,-105.6637191772461,-6.377413749694824,78.19761657714844,0.2564019339218813
40,28,-11.228959083557129,48.84712600708008,-22.21070671081543,-107.02391815185547,-6.089600563049316,78.55825805664062,0.2548085696328345
40,29,-11.4799165725708,48.33131408691406,-23.707860946655273,-107.34463500976562,-6.198908805847168,78.10691833496094,0.25719233993543467
40,30,-11.417023658752441,48.22938537597656,-23.60360336303711,-107.76786041259766,-6.0750932693481445,78.21723937988281,0.256667470305395
40,31,-11.943588256835938,47.39458465576172,-24.04926109313965,-107.59245300292969,-6.144757270812988,78.68181610107422,0.2565596748248291
40,32,-11.929518699645996,46.65226745605469,-23.924362182617188,-108.19094848632812,-6.096323013305664,80.29676818847656,0.25503030030700874
40,33,-12.173458099365234,45.751808166503906,-24.597240447998047,-108.42483520507812,-6.03452205657959,79.31063842773438,0.2551461683555096
40,34,-12.510404586791992,45.230224609375,-24.310270309448242,-108.50172424316406,-6.115913391113281,79.79754638671875,0.2537596969179735
40,35,-12.430526733398438,43.741241455078125,-24.550830841064453,-109.23226928710938,-6.269627571105957,79.03412628173828,0.2518445685105351
40,36,-12.453773498535156,42.83832550048828,-24.90591812133789,-109.77933502197266,-6.404804229736328,78.31969451904297,0.2510703881301495
40,37,-12.230814933776855,42.41926574707031,-26.069150924682617,-109.16192626953125,-6.266543388366699,78.76002502441406,0.2533519981271529
40,38,-12.323036193847656,42.63124084472656,-25.35733413696289,-109.27406311035156,-6.452849388122559,78.83839416503906,0.25203027512506176
40,39,-12.521161079406738,41.716026306152344,-26.401519775390625,-108.2203369140625,-6.031232833862305,78.08316040039062,0.25348891848905325
40,40,-12.685646057128906,41.39299774169922,-26.17963981628418,-108.42739868164062,-5.931174278259277,77.45205688476562,0.2524530153196146
40,41,-13.02455997467041,42.03495788574219,-26.04395294189453,-108.33038330078125,-6.055243492126465,75.16552734375,0.2531161631541824
40,42,-13.67123031616211,42.470035552978516,-25.103023529052734,-108.78719329833984,-6.22698974609375,62.15673828125,0.2514621961165737
40,43,-13.728426933288574,41.380226135253906,-26.198747634887695,-108.72006225585938,-5.838173866271973,59.49266815185547,0.25234415950155215
40,44,-14.308562278747559,41.38965606689453,-26.064342498779297,-108.57754516601562,-5.869209289550781,60.02597427368164,0.2521269614060952
40,45,-15.670453071594238,43.16425704956055,-27.0850830078125,-107.60519409179688,-5.759716987609863,66.7640609741211,0.2572180186805651
40,46,-18.03362274169922,44.354190826416016,-29.236732482910156,-106.50506591796875,-4.734816551208496,72.42489624023438,0.2635522592467668
40,47,-19.499521255493164,43.504005432128906,-31.240745544433594,-105.2857437133789,-4.409111976623535,67.37612915039062,0.266586096104496
40,48,-18.987268447875977,42.833763122558594,-31.218883514404297,-106.17493438720703,-4.662571907043457,66.8906021118164,0.26554133256033996
40,49,-8.945845603942871,32.84864044189453,-22.169191360473633,-86.65442657470703,-6.259042739868164,48.949462890625,0.23801892827873783
41,0,-14.875876426696777,84.41954040527344,-0.170684814453125,-90.07405090332031,-6.926968574523926,64.15425109863281,0.2546124123575156
41,1,-14.639288902282715,82.24528503417969,1.279388427734375,-91.89054107666016,-7.2509565353393555,65.70057678222656,0.25001815612660916
41,2,-14.206878662109375,78.44371795654297,-0.7227420806884766,-93.23572540283203,-7.267333984375,67.92678833007812,0.24993292314867582
41,3,-14.833292007446289,76.09925079345703,-3.62593936920166,-92.74028015136719,-7.522027015686035,72.86955261230469,0.2530978007325103
41,4,-14.929353713989258,73.22183990478516,-7.689901351928711,-92.25233459472656,-7.3996171951293945,72.50294494628906,0.25758832752132227
41,5,-14.898988723754883,68.25139617919922,-12.661128997802734,-92.44224548339844,-7.313486099243164,74.34313201904297,0.26132807558631005
41,6,-13.634696960449219,64.67449188232422,-21.262971878051758,-92.01936340332031,-6.393902778625488,79.61871337890625,0.2713592230415439
41,7,-13.35427474975586,64.28975677490234,-23.63165283203125,-92.43895721435547,-6.82144832611084,86.18241882324219,0.27451374426733915
41,8,-12.290202140808105,62.74062728881836,-24.805309295654297,-94.15184783935547,-6.854253768920898,85.8387222290039,0.2754403470982354
41,9,-11.206875801086426,62.106143951416016,-24.76995849609375,-95.00338745117188,-6.82172966003418,84.88496398925781,0.275094850899428
41,10,-10.767611503601074,60.57514953613281,-26.884950637817383,-95.88977813720703,-6.693362236022949,84.20663452148438,0.27706011166795824
41,11,-10.652514457702637,59.299278259277344,-28.036161422729492,-96.915283203125,-6.649242401123047,84.1412582397461,0.27787891120265457
41,12,-10.50527572631836,57.850318908691406,-28.752403259277344,-97.53680419921875,-6.512063026428223,83.91487121582031,0.2777571985170976
41,13,-9.780383110046387,56.287960052490234,-28.732913970947266,-97.66565704345703,-6.456504821777344,83.4183120727539,0.2762613516812701
41,14,-9.451038360595703,55.33828353881836,-28.813949584960938,-98.88766479492188,-6.539794921875,82.88121032714844,0.2757077984680443
41,15,-9.63886833190918,54.45743179321289,-28.428958892822266,-99.55012512207031,-6.600197792053223,83.28961181640625,0.2742994134360614
41,16,-9.76881217956543,55.81706619262695,-26.269330978393555,-100.49581146240234,-6.813601493835449,82.24373626708984,0.2722434919050562
41,17,-9.996148109436035,54.51913070678711,-25.762535095214844,-101.88238525390625,-6.898263931274414,81.777099609375,0.26995963018961955
41,18,-10.310840606689453,54.668209075927734,-23.96282958984375,-102.75990295410156,-6.834085464477539,81.26583862304688,0.26678062084899906
41,19,-9.969625473022461,54.278141021728516,-22.300254821777344,-104.38715362548828,-6.861690521240234,80.84275817871094,0.26283635828666496
41,20,-9.748238563537598,52.46253204345703,-22.74488639831543,-104.4102783203125,-6.671663284301758,81.24297332763672,0.2614716085604922
41,21,-9.544794082641602,50.33482360839844,-23.716564178466797,-103.85379791259766,-6.468905448913574,80.29844665527344,0.2608728308408802
41,22,-9.505455017089844,50.93252944946289,-21.684398651123047,-104.10457611083984,-6.499739646911621,80.06359100341797,0.2574771066692904
41,23,-9.80551815032959,49.94660949707031,-21.97955322265625,-104.01588439941406,-6.372653961181641,79.3803939819336,0.25683787832628957
41,24,-10.318470001220703,50.426368713378906,-21.97425651550293,-104.1554946899414,-6.457548141479492,77.92886352539062,0.2574042777953475
41,25,-10.14709758758545,50.035831451416016,-22.538143157958984,-104.45950317382812,-6.421718597412109,78.62610626220703,0.2579638974459753
41,26,-10.474467277526855,49.17070388793945,-22.018173217773438,-105.47785949707031,-6.215663909912109,78.25688171386719,0.25542358172722907
41,27,-11.498956680297852,49.443321228027344,-22.3428955078125,-105.6637191772461,-6.377413749694824,78.19761657714844,0.2564019339218813
41,28,-11.228959083557129,48.84712600708008,-22.21070671081543,-107.02391815185547,-6.089600563049316,78.55825805664062,0.2548085696328345
41,29,-11.4799165725708,48.33131408691406,-23.707860946655273,-107.34463500976562,-6.198908805847168,78.10691833496094,0.25719233993543467
41,30,-11.417023658752441,48.22938537597656,-23.60360336303711,-107.76786041259766,-6.0750932693481445,78.21723937988281,0.256667470305395
41,31,-11.943588256835938,47.39458465576172,-24.04926109313965,-107.59245300292969,-6.144757270812988,78.68181610107422,0.2565596748248291
41,32,-11.929518699645996,46.65226745605469,-23.924362182617188,-108.19094848632812,-6.096323013305664,80.29676818847656,0.25503030030700874
41,33,-12.173458099365234,45.751808166503906,-24.597240447998047,-108.42483520507812,-6.03452205657959,79.31063842773438,0.2551461683555096
41,34,-12.510404586791992,45.230224609375,-24.310270309448242,-108.50172424316406,-6.115913391113281,79.79754638671875,0.2537596969179735
41,35,-12.430526733398438,43.741241455078125,-24.550830841064453,-109.23226928710938,-6.269627571105957,79.03412628173828,0.2518445685105351
41,36,-12.453773498535156,42.83832550048828,-24.90591812133789,-109.77933502197266,-6.404804229736328,78.31969451904297,0.2510703881301495
41,37,-12.230814933776855,42.41926574707031,-26.069150924682617,-109.16192626953125,-6.266543388366699,78.76002502441406,0.2533519981271529
41,38,-12.323036193847656,42.63124084472656,-25.35733413696289,-109.27406311035156,-6.452849388122559,78.83839416503906,0.25203027512506176
41,39,-12.521161079406738,41.716026306152344,-26.401519775390625,-108.2203369140625,-6.031232833862305,78.08316040039062,0.25348891848905325
41,40,-12.685646057128906,41.39299774169922,-26.17963981628418,-108.42739868164062,-5.931174278259277,77.45205688476562,0.2524530153196146
41,41,-13.02455997467041,42.03495788574219,-26.04395294189453,-108.33038330078125,-6.055243492126465,75.16552734375,0.2531161631541824
41,42,-13.67123031616211,42.470035552978516,-25.103023529052734,-108.78719329833984,-6.22698974609375,62.15673828125,0.2514621961165737
41,43,-13.728426933288574,41.380226135253906,-26.198747634887695,-108.72006225585938,-5.838173866271973,59.49266815185547,0.25234415950155215
41,44,-14.308562278747559,41.38965606689453,-26.064342498779297,-108.57754516601562,-5.869209289550781,60.02597427368164,0.2521269614060952
41,45,-15.670453071594238,43.16425704956055,-27.0850830078125,-107.60519409179688,-5.759716987609863,66.7640609741211,0.2572180186805651
41,46,-18.03362274169922,44.354190826416016,-29.236732482910156,-106.50506591796875,-4.734816551208496,72.42489624023438,0.2635522592467668
41,47,-19.499521255493164,43.504005432128906,-31.240745544433594,-105.2857437133789,-4.409111976623535,67.37612915039062,0.266586096104496
41,48,-18.987268447875977,42.833763122558594,-31.218883514404297,-106.17493438720703,-4.662571907043457,66.8906021118164,0.26554133256033996
41,49,-8.945845603942871,32.84864044189453,-22.169191360473633,-86.65442657470703,-6.259042739868164,48.949462890625,0.23801892827873783
42,0,-14.875876426696777,84.41954040527344,-0.170684814453125,-90.07405090332031,-6.926968574523926,64.15425109863281,0.2546124123575156
42,1,-14.639288902282715,82.24528503417969,1.279388427734375,-91.89054107666016,-7.2509565353393555,65.70057678222656,0.25001815612660916
42,2,-14.206878662109375,78.44371795654297,-0.7227420806884766,-93.23572540283203,-7.267333984375,67.92678833007812,0.24993292314867582
42,3,-14.833292007446289,76.09925079345703,-3.62593936920166,-92.74028015136719,-7.522027015686035,72.86955261230469,0.2530978007325103
42,4,-14.929353713989258,73.22183990478516,-7.689901351928711,-92.25233459472656,-7.3996171951293945,72.50294494628906,0.25758832752132227
42,5,-14.898988723754883,68.25139617919922,-12.661128997802734,-92.44224548339844,-7.313486099243164,74.34313201904297,0.26132807558631005
42,6,-13.634696960449219,64.67449188232422,-21.262971878051758,-92.01936340332031,-6.393902778625488,79.61871337890625,0.2713592230415439
42,7,-13.35427474975586,64.28975677490234,-23.63165283203125,-92.43895721435547,-6.82144832611084,86.18241882324219,0.27451374426733915
42,8,-12.290202140808105,62.74062728881836,-24.805309295654297,-94.15184783935547,-6.854253768920898,85.8387222290039,0.2754403470982354
42,9,-11.206875801086426,62.106143951416016,-24.76995849609375,-95.00338745117188,-6.82172966003418,84.88496398925781,0.275094850899428
42,10,-10.767611503601074,60.57514953613281,-26.884950637817383,-95.88977813720703,-6.693362236022949,84.20663452148438,0.27706011166795824
42,11,-10.652514457702637,59.299278259277344,-28.036161422729492,-96.915283203125,-6.649242401123047,84.1412582397461,0.27787891120265457
42,12,-10.50527572631836,57.850318908691406,-28.752403259277344,-97.53680419921875,-6.512063026428223,83.91487121582031,0.2777571985170976
42,13,-9.780383110046387,56.287960052490234,-28.732913970947266,-97.66565704345703,-6.456504821777344,83.4183120727539,0.2762613516812701
42,14,-9.451038360595703,55.33828353881836,-28.813949584960938,-98.88766479492188,-6.539794921875,82.88121032714844,0.2757077984680443
42,15,-9.63886833190918,54.45743179321289,-28.428958892822266,-99.55012512207031,-6.600197792053223,83.28961181640625,0.2742994134360614
42,16,-9.76881217956543,55.81706619262695,-26.269330978393555,-100.49581146240234,-6.813601493835449,82.24373626708984,0.2722434919050562
42,17,-9.996148109436035,54.51913070678711,-25.762535095214844,-101.88238525390625,-6.898263931274414,81.777099609375,0.26995963018961955
42,18,-10.310840606689453,54.668209075927734,-23.96282958984375,-102.75990295410156,-6.834085464477539,81.26583862304688,0.26678062084899906
42,19,-9.969625473022461,54.278141021728516,-22.300254821777344,-104.38715362548828,-6.861690521240234,80.84275817871094,0.26283635828666496
42,20,-9.748238563537598,52.46253204345703,-22.74488639831543,-104.4102783203125,-6.671663284301758,81.24297332763672,0.2614716085604922
42,21,-9.544794082641602,50.33482360839844,-23.716564178466797,-103.85379791259766,-6.468905448913574,80.29844665527344,0.2608728308408802
42,22,-9.505455017089844,50.93252944946289,-21.684398651123047,-104.10457611083984,-6.499739646911621,80.06359100341797,0.2574771066692904
42,23,-9.80551815032959,49.94660949707031,-21.97955322265625,-104.01588439941406,-6.372653961181641,79.3803939819336,0.25683787832628957
42,24,-10.318470001220703,50.426368713378906,-21.97425651550293,-104.1554946899414,-6.457548141479492,77.92886352539062,0.2574042777953475
42,25,-10.14709758758545,50.035831451416016,-22.538143157958984,-104.45950317382812,-6.421718597412109,78.62610626220703,0.2579638974459753
42,26,-10.474467277526855,49.17070388793945,-22.018173217773438,-105.47785949707031,-6.215663909912109,78.25688171386719,0.25542358172722907
42,27,-11.498956680297852,49.443321228027344,-22.3428955078125,-105.6637191772461,-6.377413749694824,78.19761657714844,0.2564019339218813
42,28,-11.228959083557129,48.84712600708008,-22.21070671081543,-107.02391815185547,-6.089600563049316,78.55825805664062,0.2548085696328345
42,29,-11.4799165725708,48.33131408691406,-23.707860946655273,-107.34463500976562,-6.198908805847168,78.10691833496094,0.25719233993543467
42,30,-11.417023658752441,48.22938537597656,-23.60360336303711,-107.76786041259766,-6.0750932693481445,78.21723937988281,0.256667470305395
42,31,-11.943588256835938,47.39458465576172,-24.04926109313965,-107.59245300292969,-6.144757270812988,78.68181610107422,0.2565596748248291
42,32,-11.929518699645996,46.65226745605469,-23.924362182617188,-108.19094848632812,-6.096323013305664,80.29676818847656,0.25503030030700874
42,33,-12.173458099365234,45.751808166503906,-24.597240447998047,-108.42483520507812,-6.03452205657959,79.31063842773438,0.2551461683555096
42,34,-12.510404586791992,45.230224609375,-24.310270309448242,-108.50172424316406,-6.115913391113281,79.79754638671875,0.2537596969179735
42,35,-12.430526733398438,43.741241455078125,-24.550830841064453,-109.23226928710938,-6.269627571105957,79.03412628173828,0.2518445685105351
42,36,-12.453773498535156,42.83832550048828,-24.90591812133789,-109.77933502197266,-6.404804229736328,78.31969451904297,0.2510703881301495
42,37,-12.230814933776855,42.41926574707031,-26.069150924682617,-109.16192626953125,-6.266543388366699,78.76002502441406,0.2533519981271529
42,38,-12.323036193847656,42.63124084472656,-25.35733413696289,-109.27406311035156,-6.452849388122559,78.83839416503906,0.25203027512506176
42,39,-12.521161079406738,41.716026306152344,-26.401519775390625,-108.2203369140625,-6.031232833862305,78.08316040039062,0.25348891848905325
42,40,-12.685646057128906,41.39299774169922,-26.17963981628418,-108.42739868164062,-5.931174278259277,77.45205688476562,0.2524530153196146
42,41,-13.02455997467041,42.03495788574219,-26.04395294189453,-108.33038330078125,-6.055243492126465,75.16552734375,0.2531161631541824
42,42,-13.67123031616211,42.470035552978516,-25.103023529052734,-108.78719329833984,-6.22698974609375,62.15673828125,0.2514621961165737
42,43,-13.728426933288574,41.380226135253906,-26.198747634887695,-108.72006225585938,-5.838173866271973,59.49266815185547,0.25234415950155215
42,44,-14.308562278747559,41.38965606689453,-26.064342498779297,-108.57754516601562,-5.869209289550781,60.02597427368164,0.2521269614060952
42,45,-15.670453071594238,43.16425704956055,-27.0850830078125,-107.60519409179688,-5.759716987609863,66.7640609741211,0.2572180186805651
42,46,-18.03362274169922,44.354190826416016,-29.236732482910156,-106.50506591796875,-4.734816551208496,72.42489624023438,0.2635522592467668
42,47,-19.499521255493164,43.504005432128906,-31.240745544433594,-105.2857437133789,-4.409111976623535,67.37612915039062,0.266586096104496
42,48,-18.987268447875977,42.833763122558594,-31.218883514404297,-106.17493438720703,-4.662571907043457,66.8906021118164,0.26554133256033996
42,49,-8.945845603942871,32.84864044189453,-22.169191360473633,-86.65442657470703,-6.259042739868164,48.949462890625,0.23801892827873783
43,0,-14.875876426696777,84.41954040527344,-0.170684814453125,-90.07405090332031,-6.926968574523926,64.15425109863281,0.2546124123575156
43,1,-14.639288902282715,82.24528503417969,1.279388427734375,-91.89054107666016,-7.2509565353393555,65.70057678222656,0.25001815612660916
43,2,-14.206878662109375,78.44371795654297,-0.7227420806884766,-93.23572540283203,-7.267333984375,67.92678833007812,0.24993292314867582
43,3,-14.833292007446289,76.09925079345703,-3.62593936920166,-92.74028015136719,-7.522027015686035,72.86955261230469,0.2530978007325103
43,4,-14.929353713989258,73.22183990478516,-7.689901351928711,-92.25233459472656,-7.3996171951293945,72.50294494628906,0.25758832752132227
43,5,-14.898988723754883,68.25139617919922,-12.661128997802734,-92.44224548339844,-7.313486099243164,74.34313201904297,0.26132807558631005
43,6,-13.634696960449219,64.67449188232422,-21.262971878051758,-92.01936340332031,-6.393902778625488,79.61871337890625,0.2713592230415439
43,7,-13.35427474975586,64.28975677490234,-23.63165283203125,-92.43895721435547,-6.82144832611084,86.18241882324219,0.27451374426733915
43,8,-12.290202140808105,62.74062728881836,-24.805309295654297,-94.15184783935547,-6.854253768920898,85.8387222290039,0.2754403470982354
43,9,-11.206875801086426,62.106143951416016,-24.76995849609375,-95.00338745117188,-6.82172966003418,84.88496398925781,0.275094850899428
43,10,-10.767611503601074,60.57514953613281,-26.884950637817383,-95.88977813720703,-6.693362236022949,84.20663452148438,0.27706011166795824
43,11,-10.652514457702637,59.299278259277344,-28.036161422729492,-96.915283203125,-6.649242401123047,84.1412582397461,0.27787891120265457
43,12,-10.50527572631836,57.850318908691406,-28.752403259277344,-97.53680419921875,-6.512063026428223,83.91487121582031,0.2777571985170976
43,13,-9.780383110046387,56.287960052490234,-28.732913970947266,-97.66565704345703,-6.456504821777344,83.4183120727539,0.2762613516812701
43,14,-9.451038360595703,55.33828353881836,-28.813949584960938,-98.88766479492188,-6.539794921875,82.88121032714844,0.2757077984680443
43,15,-9.63886833190918,54.45743179321289,-28.428958892822266,-99.55012512207031,-6.600197792053223,83.28961181640625,0.2742994134360614
43,16,-9.76881217956543,55.81706619262695,-26.269330978393555,-100.49581146240234,-6.813601493835449,82.24373626708984,0.2722434919050562
43,17,-9.996148109436035,54.51913070678711,-25.762535095214844,-101.88238525390625,-6.898263931274414,81.777099609375,0.26995963018961955
43,18,-10.310840606689453,54.668209075927734,-23.96282958984375,-102.75990295410156,-6.834085464477539,81.26583862304688,0.26678062084899906
43,19,-9.969625473022461,54.278141021728516,-22.300254821777344,-104.38715362548828,-6.861690521240234,80.84275817871094,0.26283635828666496
43,20,-9.748238563537598,52.46253204345703,-22.74488639831543,-104.4102783203125,-6.671663284301758,81.24297332763672,0.2614716085604922
43,21,-9.544794082641602,50.33482360839844,-23.716564178466797,-103.85379791259766,-6.468905448913574,80.29844665527344,0.2608728308408802
43,22,-9.505455017089844,50.93252944946289,-21.684398651123047,-104.10457611083984,-6.499739646911621,80.06359100341797,0.2574771066692904
43,23,-9.80551815032959,49.94660949707031,-21.97955322265625,-104.01588439941406,-6.372653961181641,79.3803939819336,0.25683787832628957
43,24,-10.318470001220703,50.426368713378906,-21.97425651550293,-104.1554946899414,-6.457548141479492,77.92886352539062,0.2574042777953475
43,25,-10.14709758758545,50.035831451416016,-22.538143157958984,-104.45950317382812,-6.421718597412109,78.62610626220703,0.2579638974459753
43,26,-10.474467277526855,49.17070388793945,-22.018173217773438,-105.47785949707031,-6.215663909912109,78.25688171386719,0.25542358172722907
43,27,-11.498956680297852,49.443321228027344,-22.3428955078125,-105.6637191772461,-6.377413749694824,78.19761657714844,0.2564019339218813
43,28,-11.228959083557129,48.84712600708008,-22.21070671081543,-107.02391815185547,-6.089600563049316,78.55825805664062,0.2548085696328345
43,29,-11.4799165725708,48.33131408691406,-23.707860946655273,-107.34463500976562,-6.198908805847168,78.10691833496094,0.25719233993543467
43,30,-11.417023658752441,48.22938537597656,-23.60360336303711,-107.76786041259766,-6.0750932693481445,78.21723937988281,0.256667470305395
43,31,-11.943588256835938,47.39458465576172,-24.04926109313965,-107.59245300292969,-6.144757270812988,78.68181610107422,0.2565596748248291
43,32,-11.929518699645996,46.65226745605469,-23.924362182617188,-108.19094848632812,-6.096323013305664,80.29676818847656,0.25503030030700874
43,33,-12.173458099365234,45.751808166503906,-24.597240447998047,-108.42483520507812,-6.03452205657959,79.31063842773438,0.2551461683555096
43,34,-12.510404586791992,45.230224609375,-24.310270309448242,-108.50172424316406,-6.115913391113281,79.79754638671875,0.2537596969179735
43,35,-12.430526733398438,43.741241455078125,-24.550830841064453,-109.23226928710938,-6.269627571105957,79.03412628173828,0.2518445685105351
43,36,-12.453773498535156,42.83832550048828,-24.90591812133789,-109.77933502197266,-6.404804229736328,78.31969451904297,0.2510703881301495
43,37,-12.230814933776855,42.41926574707031,-26.069150924682617,-109.16192626953125,-6.266543388366699,78.76002502441406,0.2533519981271529
43,38,-12.323036193847656,42.63124084472656,-25.35733413696289,-109.27406311035156,-6.452849388122559,78.83839416503906,0.25203027512506176
43,39,-12.521161079406738,41.716026306152344,-26.401519775390625,-108.2203369140625,-6.031232833862305,78.08316040039062,0.25348891848905325
43,40,-12.685646057128906,41.39299774169922,-26.17963981628418,-108.42739868164062,-5.931174278259277,77.45205688476562,0.2524530153196146
43,41,-13.02455997467041,42.03495788574219,-26.04395294189453,-108.33038330078125,-6.055243492126465,75.16552734375,0.2531161631541824
43,42,-13.67123031616211,42.470035552978516,-25.103023529052734,-108.78719329833984,-6.22698974609375,62.15673828125,0.2514621961165737
43,43,-13.728426933288574,41.380226135253906,-26.198747634887695,-108.72006225585938,-5.838173866271973,59.49266815185547,0.25234415950155215
43,44,-14.308562278747559,41.38965606689453,-26.064342498779297,-108.57754516601562,-5.869209289550781,60.02597427368164,0.2521269614060952
43,45,-15.670453071594238,43.16425704956055,-27.0850830078125,-107.60519409179688,-5.759716987609863,66.7640609741211,0.2572180186805651
43,46,-18.03362274169922,44.354190826416016,-29.236732482910156,-106.50506591796875,-4.734816551208496,72.42489624023438,0.2635522592467668
43,47,-19.499521255493164,43.504005432128906,-31.240745544433594,-105.2857437133789,-4.409111976623535,67.37612915039062,0.266586096104496
43,48,-18.987268447875977,42.833763122558594,-31.218883514404297,-106.17493438720703,-4.662571907043457,66.8906021118164,0.26554133256033996
43,49,-8.945845603942871,32.84864044189453,-22.169191360473633,-86.65442657470703,-6.259042739868164,48.949462890625,0.23801892827873783
44,0,-14.875876426696777,84.41954040527344,-0.170684814453125,-90.07405090332031,-6.926968574523926,64.15425109863281,0.2546124123575156
44,1,-14.639288902282715,82.24528503417969,1.279388427734375,-91.89054107666016,-7.2509565353393555,65.70057678222656,0.25001815612660916
44,2,-14.206878662109375,78.44371795654297,-0.7227420806884766,-93.23572540283203,-7.267333984375,67.92678833007812,0.24993292314867582
44,3,-14.833292007446289,76.09925079345703,-3.62593936920166,-92.74028015136719,-7.522027015686035,72.86955261230469,0.2530978007325103
44,4,-14.929353713989258,73.22183990478516,-7.689901351928711,-92.25233459472656,-7.3996171951293945,72.50294494628906,0.25758832752132227
44,5,-14.898988723754883,68.25139617919922,-12.661128997802734,-92.44224548339844,-7.313486099243164,74.34313201904297,0.26132807558631005
44,6,-13.634696960449219,64.67449188232422,-21.262971878051758,-92.01936340332031,-6.393902778625488,79.61871337890625,0.2713592230415439
44,7,-13.35427474975586,64.28975677490234,-23.63165283203125,-92.43895721435547,-6.82144832611084,86.18241882324219,0.27451374426733915
44,8,-12.290202140808105,62.74062728881836,-24.805309295654297,-94.15184783935547,-6.854253768920898,85.8387222290039,0.2754403470982354
44,9,-11.206875801086426,62.106143951416016,-24.76995849609375,-95.00338745117188,-6.82172966003418,84.88496398925781,0.275094850899428
44,10,-10.767611503601074,60.57514953613281,-26.884950637817383,-95.88977813720703,-6.693362236022949,84.20663452148438,0.27706011166795824
44,11,-10.652514457702637,59.299278259277344,-28.036161422729492,-96.915283203125,-6.649242401123047,84.1412582397461,0.27787891120265457
44,12,-10.50527572631836,57.850318908691406,-28.752403259277344,-97.53680419921875,-6.512063026428223,83.91487121582031,0.2777571985170976
44,13,-9.780383110046387,56.287960052490234,-28.732913970947266,-97.66565704345703,-6.456504821777344,83.4183120727539,0.2762613516812701
44,14,-9.451038360595703,55.33828353881836,-28.813949584960938,-98.88766479492188,-6.539794921875,82.88121032714844,0.2757077984680443
44,15,-9.63886833190918,54.45743179321289,-28.428958892822266,-99.55012512207031,-6.600197792053223,83.28961181640625,0.2742994134360614
44,16,-9.76881217956543,55.81706619262695,-26.269330978393555,-100.49581146240234,-6.813601493835449,82.24373626708984,0.2722434919050562
44,17,-9.996148109436035,54.51913070678711,-25.762535095214844,-101.88238525390625,-6.898263931274414,81.777099609375,0.26995963018961955
44,18,-10.310840606689453,54.668209075927734,-23.96282958984375,-102.75990295410156,-6.834085464477539,81.26583862304688,0.26678062084899906
44,19,-9.969625473022461,54.278141021728516,-22.300254821777344,-104.38715362548828,-6.861690521240234,80.84275817871094,0.26283635828666496
44,20,-9.748238563537598,52.46253204345703,-22.74488639831543,-104.4102783203125,-6.671663284301758,81.24297332763672,0.2614716085604922
44,21,-9.544794082641602,50.33482360839844,-23.716564178466797,-103.85379791259766,-6.468905448913574,80.29844665527344,0.2608728308408802
44,22,-9.505455017089844,50.93252944946289,-21.684398651123047,-104.10457611083984,-6.499739646911621,80.06359100341797,0.2574771066692904
44,23,-9.80551815032959,49.94660949707031,-21.97955322265625,-104.01588439941406,-6.372653961181641,79.3803939819336,0.25683787832628957
44,24,-10.318470001220703,50.426368713378906,-21.97425651550293,-104.1554946899414,-6.457548141479492,77.92886352539062,0.2574042777953475
44,25,-10.14709758758545,50.035831451416016,-22.538143157958984,-104.45950317382812,-6.421718597412109,78.62610626220703,0.2579638974459753
44,26,-10.474467277526855,49.17070388793945,-22.018173217773438,-105.47785949707031,-6.215663909912109,78.25688171386719,0.25542358172722907
44,27,-11.498956680297852,49.443321228027344,-22.3428955078125,-105.6637191772461,-6.377413749694824,78.19761657714844,0.2564019339218813
44,28,-11.228959083557129,48.84712600708008,-22.21070671081543,-107.02391815185547,-6.089600563049316,78.55825805664062,0.2548085696328345
44,29,-11.4799165725708,48.33131408691406,-23.707860946655273,-107.34463500976562,-6.198908805847168,78.10691833496094,0.25719233993543467
44,30,-11.417023658752441,48.22938537597656,-23.60360336303711,-107.76786041259766,-6.0750932693481445,78.21723937988281,0.256667470305395
44,31,-11.943588256835938,47.39458465576172,-24.04926109313965,-107.59245300292969,-6.144757270812988,78.68181610107422,0.2565596748248291
44,32,-11.929518699645996,46.65226745605469,-23.924362182617188,-108.19094848632812,-6.096323013305664,80.29676818847656,0.25503030030700874
44,33,-12.173458099365234,45.751808166503906,-24.597240447998047,-108.42483520507812,-6.03452205657959,79.31063842773438,0.2551461683555096
44,34,-12.510404586791992,45.230224609375,-24.310270309448242,-108.50172424316406,-6.115913391113281,79.79754638671875,0.2537596969179735
44,35,-12.430526733398438,43.741241455078125,-24.550830841064453,-109.23226928710938,-6.269627571105957,79.03412628173828,0.2518445685105351
44,36,-12.453773498535156,42.83832550048828,-24.90591812133789,-109.77933502197266,-6.404804229736328,78.31969451904297,0.2510703881301495
44,37,-12.230814933776855,42.41926574707031,-26.069150924682617,-109.16192626953125,-6.266543388366699,78.76002502441406,0.2533519981271529
44,38,-12.323036193847656,42.63124084472656,-25.35733413696289,-109.27406311035156,-6.452849388122559,78.83839416503906,0.25203027512506176
44,39,-12.521161079406738,41.716026306152344,-26.401519775390625,-108.2203369140625,-6.031232833862305,78.08316040039062,0.25348891848905325
44,40,-12.685646057128906,41.39299774169922,-26.17963981628418,-108.42739868164062,-5.931174278259277,77.45205688476562,0.2524530153196146
44,41,-13.02455997467041,42.03495788574219,-26.04395294189453,-108.33038330078125,-6.055243492126465,75.16552734375,0.2531161631541824
44,42,-13.67123031616211,42.470035552978516,-25.103023529052734,-108.78719329833984,-6.22698974609375,62.15673828125,0.2514621961165737
44,43,-13.728426933288574,41.380226135253906,-26.198747634887695,-108.72006225585938,-5.838173866271973,59.49266815185547,0.25234415950155215
44,44,-14.308562278747559,41.38965606689453,-26.064342498779297,-108.57754516601562,-5.869209289550781,60.02597427368164,0.2521269614060952
44,45,-15.670453071594238,43.16425704956055,-27.0850830078125,-107.60519409179688,-5.759716987609863,66.7640609741211,0.2572180186805651
44,46,-18.03362274169922,44.354190826416016,-29.236732482910156,-106.50506591796875,-4.734816551208496,72.42489624023438,0.2635522592467668
44,47,-19.499521255493164,43.504005432128906,-31.240745544433594,-105.2857437133789,-4.409111976623535,67.37612915039062,0.266586096104496
44,48,-18.987268447875977,42.833763122558594,-31.218883514404297,-106.17493438720703,-4.662571907043457,66.8906021118164,0.26554133256033996
44,49,-8.945845603942871,32.84864044189453,-22.169191360473633,-86.65442657470703,-6.259042739868164,48.949462890625,0.23801892827873783
45,0,-14.875876426696777,84.41954040527344,-0.170684814453125,-90.07405090332031,-6.926968574523926,64.15425109863281,0.2546124123575156
45,1,-14.639288902282715,82.24528503417969,1.279388427734375,-91.89054107666016,-7.2509565353393555,65.70057678222656,0.25001815612660916
45,2,-14.206878662109375,78.44371795654297,-0.7227420806884766,-93.23572540283203,-7.267333984375,67.92678833007812,0.24993292314867582
45,3,-14.833292007446289,76.09925079345703,-3.62593936920166,-92.74028015136719,-7.522027015686035,72.86955261230469,0.2530978007325103
45,4,-14.929353713989258,73.22183990478516,-7.689901351928711,-92.25233459472656,-7.3996171951293945,72.50294494628906,0.25758832752132227
45,5,-14.898988723754883,68.25139617919922,-12.661128997802734,-92.44224548339844,-7.313486099243164,74.34313201904297,0.26132807558631005
45,6,-13.634696960449219,64.67449188232422,-21.262971878051758,-92.01936340332031,-6.393902778625488,79.61871337890625,0.2713592230415439
45,7,-13.35427474975586,64.28975677490234,-23.63165283203125,-92.43895721435547,-6.82144832611084,86.18241882324219,0.27451374426733915
45,8,-12.290202140808105,62.74062728881836,-24.805309295654297,-94.15184783935547,-6.854253768920898,85.8387222290039,0.2754403470982354
45,9,-11.206875801086426,62.106143951416016,-24.76995849609375,-95.00338745117188,-6.82172966003418,84.88496398925781,0.275094850899428
45,10,-10.767611503601074,60.57514953613281,-26.884950637817383,-95.88977813720703,-6.693362236022949,84.20663452148438,0.27706011166795824
45,11,-10.652514457702637,59.299278259277344,-28.036161422729492,-96.915283203125,-6.649242401123047,84.1412582397461,0.27787891120265457
45,12,-10.50527572631836,57.850318908691406,-28.752403259277344,-97.53680419921875,-6.512063026428223,83.91487121582031,0.2777571985170976
45,13,-9.780383110046387,56.287960052490234,-28.732913970947266,-97.66565704345703,-6.456504821777344,83.4183120727539,0.2762613516812701
45,14,-9.451038360595703,55.33828353881836,-28.813949584960938,-98.88766479492188,-6.539794921875,82.88121032714844,0.2757077984680443
45,15,-9.63886833190918,54.45743179321289,-28.428958892822266,-99.55012512207031,-6.600197792053223,83.28961181640625,0.2742994134360614
45,16,-9.76881217956543,55.81706619262695,-26.269330978393555,-100.49581146240234,-6.813601493835449,82.24373626708984,0.2722434919050562
45,17,-9.996148109436035,54.51913070678711,-25.762535095214844,-101.88238525390625,-6.898263931274414,81.777099609375,0.26995963018961955
45,18,-10.310840606689453,54.668209075927734,-23.96282958984375,-102.75990295410156,-6.834085464477539,81.26583862304688,0.26678062084899906
45,19,-9.969625473022461,54.278141021728516,-22.300254821777344,-104.38715362548828,-6.861690521240234,80.84275817871094,0.26283635828666496
45,20,-9.748238563537598,52.46253204345703,-22.74488639831543,-104.4102783203125,-6.671663284301758,81.24297332763672,0.2614716085604922
45,21,-9.544794082641602,50.33482360839844,-23.716564178466797,-103.85379791259766,-6.468905448913574,80.29844665527344,0.2608728308408802
45,22,-9.505455017089844,50.93252944946289,-21.684398651123047,-104.10457611083984,-6.499739646911621,80.06359100341797,0.2574771066692904
45,23,-9.80551815032959,49.94660949707031,-21.97955322265625,-104.01588439941406,-6.372653961181641,79.3803939819336,0.25683787832628957
45,24,-10.318470001220703,50.426368713378906,-21.97425651550293,-104.1554946899414,-6.457548141479492,77.92886352539062,0.2574042777953475
45,25,-10.14709758758545,50.035831451416016,-22.538143157958984,-104.45950317382812,-6.421718597412109,78.62610626220703,0.2579638974459753
45,26,-10.474467277526855,49.17070388793945,-22.018173217773438,-105.47785949707031,-6.215663909912109,78.25688171386719,0.25542358172722907
45,27,-11.498956680297852,49.443321228027344,-22.3428955078125,-105.6637191772461,-6.377413749694824,78.19761657714844,0.2564019339218813
45,28,-11.228959083557129,48.84712600708008,-22.21070671081543,-107.02391815185547,-6.089600563049316,78.55825805664062,0.2548085696328345
45,29,-11.4799165725708,48.33131408691406,-23.707860946655273,-107.34463500976562,-6.198908805847168,78.10691833496094,0.25719233993543467
45,30,-11.417023658752441,48.22938537597656,-23.60360336303711,-107.76786041259766,-6.0750932693481445,78.21723937988281,0.256667470305395
45,31,-11.943588256835938,47.39458465576172,-24.04926109313965,-107.59245300292969,-6.144757270812988,78.68181610107422,0.2565596748248291
45,32,-11.929518699645996,46.65226745605469,-23.924362182617188,-108.19094848632812,-6.096323013305664,80.29676818847656,0.25503030030700874
45,33,-12.173458099365234,45.751808166503906,-24.597240447998047,-108.42483520507812,-6.03452205657959,79.31063842773438,0.2551461683555096
45,34,-12.510404586791992,45.230224609375,-24.310270309448242,-108.50172424316406,-6.115913391113281,79.79754638671875,0.2537596969179735
45,35,-12.430526733398438,43.741241455078125,-24.550830841064453,-109.23226928710938,-6.269627571105957,79.03412628173828,0.2518445685105351
45,36,-12.453773498535156,42.83832550048828,-24.90591812133789,-109.77933502197266,-6.404804229736328,78.31969451904297,0.2510703881301495
45,37,-12.230814933776855,42.41926574707031,-26.069150924682617,-109.16192626953125,-6.266543388366699,78.76002502441406,0.2533519981271529
45,38,-12.323036193847656,42.63124084472656,-25.35733413696289,-109.27406311035156,-6.452849388122559,78.83839416503906,0.25203027512506176
45,39,-12.521161079406738,41.716026306152344,-26.401519775390625,-108.2203369140625,-6.031232833862305,78.08316040039062,0.25348891848905325
45,40,-12.685646057128906,41.39299774169922,-26.17963981628418,-108.42739868164062,-5.931174278259277,77.45205688476562,0.2524530153196146
45,41,-13.02455997467041,42.03495788574219,-26.04395294189453,-108.33038330078125,-6.055243492126465,75.16552734375,0.2531161631541824
45,42,-13.67123031616211,42.470035552978516,-25.103023529052734,-108.78719329833984,-6.22698974609375,62.15673828125,0.2514621961165737
45,43,-13.728426933288574,41.380226135253906,-26.198747634887695,-108.72006225585938,-5.838173866271973,59.49266815185547,0.25234415950155215
45,44,-14.308562278747559,41.38965606689453,-26.064342498779297,-108.57754516601562,-5.869209289550781,60.02597427368164,0.2521269614060952
45,45,-15.670453071594238,43.16425704956055,-27.0850830078125,-107.60519409179688,-5.759716987609863,66.7640609741211,0.2572180186805651
45,46,-18.03362274169922,44.354190826416016,-29.236732482910156,-106.50506591796875,-4.734816551208496,72.42489624023438,0.2635522592467668
45,47,-19.499521255493164,43.504005432128906,-31.240745544433594,-105.2857437133789,-4.409111976623535,67.37612915039062,0.266586096104496
45,48,-18.987268447875977,42.833763122558594,-31.218883514404297,-106.17493438720703,-4.662571907043457,66.8906021118164,0.26554133256033996
45,49,-8.945845603942871,32.84864044189453,-22.169191360473633,-86.65442657470703,-6.259042739868164,48.949462890625,0.23801892827873783
46,0,-14.875876426696777,84.41954040527344,-0.170684814453125,-90.07405090332031,-6.926968574523926,64.15425109863281,0.2546124123575156
46,1,-14.639288902282715,82.24528503417969,1.279388427734375,-91.89054107666016,-7.2509565353393555,65.70057678222656,0.25001815612660916
46,2,-14.206878662109375,78.44371795654297,-0.7227420806884766,-93.23572540283203,-7.267333984375,67.92678833007812,0.24993292314867582
46,3,-14.833292007446289,76.09925079345703,-3.62593936920166,-92.74028015136719,-7.522027015686035,72.86955261230469,0.2530978007325103
46,4,-14.929353713989258,73.22183990478516,-7.689901351928711,-92.25233459472656,-7.3996171951293945,72.50294494628906,0.25758832752132227
46,5,-14.898988723754883,68.25139617919922,-12.661128997802734,-92.44224548339844,-7.313486099243164,74.34313201904297,0.26132807558631005
46,6,-13.634696960449219,64.67449188232422,-21.262971878051758,-92.01936340332031,-6.393902778625488,79.61871337890625,0.2713592230415439
46,7,-13.35427474975586,64.28975677490234,-23.63165283203125,-92.43895721435547,-6.82144832611084,86.18241882324219,0.27451374426733915
46,8,-12.290202140808105,62.74062728881836,-24.805309295654297,-94.15184783935547,-6.854253768920898,85.8387222290039,0.2754403470982354
46,9,-11.206875801086426,62.106143951416016,-24.76995849609375,-95.00338745117188,-6.82172966003418,84.88496398925781,0.275094850899428
46,10,-10.767611503601074,60.57514953613281,-26.884950637817383,-95.88977813720703,-6.693362236022949,84.20663452148438,0.27706011166795824
46,11,-10.652514457702637,59.299278259277344,-28.036161422729492,-96.915283203125,-6.649242401123047,84.1412582397461,0.27787891120265457
46,12,-10.50527572631836,57.850318908691406,-28.752403259277344,-97.53680419921875,-6.512063026428223,83.91487121582031,0.2777571985170976
46,13,-9.780383110046387,56.287960052490234,-28.732913970947266,-97.66565704345703,-6.456504821777344,83.4183120727539,0.2762613516812701
46,14,-9.451038360595703,55.33828353881836,-28.813949584960938,-98.88766479492188,-6.539794921875,82.88121032714844,0.2757077984680443
46,15,-9.63886833190918,54.45743179321289,-28.428958892822266,-99.55012512207031,-6.600197792053223,83.28961181640625,0.2742994134360614
46,16,-9.76881217956543,55.81706619262695,-26.269330978393555,-100.49581146240234,-6.813601493835449,82.24373626708984,0.2722434919050562
46,17,-9.996148109436035,54.51913070678711,-25.762535095214844,-101.88238525390625,-6.898263931274414,81.777099609375,0.26995963018961955
46,18,-10.310840606689453,54.668209075927734,-23.96282958984375,-102.75990295410156,-6.834085464477539,81.26583862304688,0.26678062084899906
46,19,-9.969625473022461,54.278141021728516,-22.300254821777344,-104.38715362548828,-6.861690521240234,80.84275817871094,0.26283635828666496
46,20,-9.748238563537598,52.46253204345703,-22.74488639831543,-104.4102783203125,-6.671663284301758,81.24297332763672,0.2614716085604922
46,21,-9.544794082641602,50.33482360839844,-23.716564178466797,-103.85379791259766,-6.468905448913574,80.29844665527344,0.2608728308408802
46,22,-9.505455017089844,50.93252944946289,-21.684398651123047,-104.10457611083984,-6.499739646911621,80.06359100341797,0.2574771066692904
46,23,-9.80551815032959,49.94660949707031,-21.97955322265625,-104.01588439941406,-6.372653961181641,79.3803939819336,0.25683787832628957
46,24,-10.318470001220703,50.426368713378906,-21.97425651550293,-104.1554946899414,-6.457548141479492,77.92886352539062,0.2574042777953475
46,25,-10.14709758758545,50.035831451416016,-22.538143157958984,-104.45950317382812,-6.421718597412109,78.62610626220703,0.2579638974459753
46,26,-10.474467277526855,49.17070388793945,-22.018173217773438,-105.47785949707031,-6.215663909912109,78.25688171386719,0.25542358172722907
46,27,-11.498956680297852,49.443321228027344,-22.3428955078125,-105.6637191772461,-6.377413749694824,78.19761657714844,0.2564019339218813
46,28,-11.228959083557129,48.84712600708008,-22.21070671081543,-107.02391815185547,-6.089600563049316,78.55825805664062,0.2548085696328345
46,29,-11.4799165725708,48.33131408691406,-23.707860946655273,-107.34463500976562,-6.198908805847168,78.10691833496094,0.25719233993543467
46,30,-11.417023658752441,48.22938537597656,-23.60360336303711,-107.76786041259766,-6.0750932693481445,78.21723937988281,0.256667470305395
46,31,-11.943588256835938,47.39458465576172,-24.04926109313965,-107.59245300292969,-6.144757270812988,78.68181610107422,0.2565596748248291
46,32,-11.929518699645996,46.65226745605469,-23.924362182617188,-108.19094848632812,-6.096323013305664,80.29676818847656,0.25503030030700874
46,33,-12.173458099365234,45.751808166503906,-24.597240447998047,-108.42483520507812,-6.03452205657959,79.31063842773438,0.2551461683555096
46,34,-12.510404586791992,45.230224609375,-24.310270309448242,-108.50172424316406,-6.115913391113281,79.79754638671875,0.2537596969179735
46,35,-12.430526733398438,43.741241455078125,-24.550830841064453,-109.23226928710938,-6.269627571105957,79.03412628173828,0.2518445685105351
46,36,-12.453773498535156,42.83832550048828,-24.90591812133789,-109.77933502197266,-6.404804229736328,78.31969451904297,0.2510703881301495
46,37,-12.230814933776855,42.41926574707031,-26.069150924682617,-109.16192626953125,-6.266543388366699,78.76002502441406,0.2533519981271529
46,38,-12.323036193847656,42.63124084472656,-25.35733413696289,-109.27406311035156,-6.452849388122559,78.83839416503906,0.25203027512506176
46,39,-12.521161079406738,41.716026306152344,-26.401519775390625,-108.2203369140625,-6.031232833862305,78.08316040039062,0.25348891848905325
46,40,-12.685646057128906,41.39299774169922,-26.17963981628418,-108.42739868164062,-5.931174278259277,77.45205688476562,0.2524530153196146
46,41,-13.02455997467041,42.03495788574219,-26.04395294189453,-108.33038330078125,-6.055243492126465,75.16552734375,0.2531161631541824
46,42,-13.67123031616211,42.470035552978516,-25.103023529052734,-108.78719329833984,-6.22698974609375,62.15673828125,0.2514621961165737
46,43,-13.728426933288574,41.380226135253906,-26.198747634887695,-108.72006225585938,-5.838173866271973,59.49266815185547,0.25234415950155215
46,44,-14.308562278747559,41.38965606689453,-26.064342498779297,-108.57754516601562,-5.869209289550781,60.02597427368164,0.2521269614060952
46,45,-15.670453071594238,43.16425704956055,-27.0850830078125,-107.60519409179688,-5.759716987609863,66.7640609741211,0.2572180186805651
46,46,-18.03362274169922,44.354190826416016,-29.236732482910156,-106.50506591796875,-4.734816551208496,72.42489624023438,0.2635522592467668
46,47,-19.499521255493164,43.504005432128906,-31.240745544433594,-105.2857437133789,-4.409111976623535,67.37612915039062,0.266586096104496
46,48,-18.987268447875977,42.833763122558594,-31.218883514404297,-106.17493438720703,-4.662571907043457,66.8906021118164,0.26554133256033996
46,49,-8.945845603942871,32.84864044189453,-22.169191360473633,-86.65442657470703,-6.259042739868164,48.949462890625,0.23801892827873783
47,0,-14.875876426696777,84.41954040527344,-0.170684814453125,-90.07405090332031,-6.926968574523926,64.15425109863281,0.2546124123575156
47,1,-14.639288902282715,82.24528503417969,1.279388427734375,-91.89054107666016,-7.2509565353393555,65.70057678222656,0.25001815612660916
47,2,-14.206878662109375,78.44371795654297,-0.7227420806884766,-93.23572540283203,-7.267333984375,67.92678833007812,0.24993292314867582
47,3,-14.833292007446289,76.09925079345703,-3.62593936920166,-92.74028015136719,-7.522027015686035,72.86955261230469,0.2530978007325103
47,4,-14.929353713989258,73.22183990478516,-7.689901351928711,-92.25233459472656,-7.3996171951293945,72.50294494628906,0.25758832752132227
47,5,-14.898988723754883,68.25139617919922,-12.661128997802734,-92.44224548339844,-7.313486099243164,74.34313201904297,0.26132807558631005
47,6,-13.634696960449219,64.67449188232422,-21.262971878051758,-92.01936340332031,-6.393902778625488,79.61871337890625,0.2713592230415439
47,7,-13.35427474975586,64.28975677490234,-23.63165283203125,-92.43895721435547,-6.82144832611084,86.18241882324219,0.27451374426733915
47,8,-12.290202140808105,62.74062728881836,-24.805309295654297,-94.15184783935547,-6.854253768920898,85.8387222290039,0.2754403470982354
47,9,-11.206875801086426,62.106143951416016,-24.76995849609375,-95.00338745117188,-6.82172966003418,84.88496398925781,0.275094850899428
47,10,-10.767611503601074,60.57514953613281,-26.884950637817383,-95.88977813720703,-6.693362236022949,84.20663452148438,0.27706011166795824
47,11,-10.652514457702637,59.299278259277344,-28.036161422729492,-96.915283203125,-6.649242401123047,84.1412582397461,0.27787891120265457
47,12,-10.50527572631836,57.850318908691406,-28.752403259277344,-97.53680419921875,-6.512063026428223,83.91487121582031,0.2777571985170976
47,13,-9.780383110046387,56.287960052490234,-28.732913970947266,-97.66565704345703,-6.456504821777344,83.4183120727539,0.2762613516812701
47,14,-9.451038360595703,55.33828353881836,-28.813949584960938,-98.88766479492188,-6.539794921875,82.88121032714844,0.2757077984680443
47,15,-9.63886833190918,54.45743179321289,-28.428958892822266,-99.55012512207031,-6.600197792053223,83.28961181640625,0.2742994134360614
47,16,-9.76881217956543,55.81706619262695,-26.269330978393555,-100.49581146240234,-6.813601493835449,82.24373626708984,0.2722434919050562
47,17,-9.996148109436035,54.51913070678711,-25.762535095214844,-101.88238525390625,-6.898263931274414,81.777099609375,0.26995963018961955
47,18,-10.310840606689453,54.668209075927734,-23.96282958984375,-102.75990295410156,-6.834085464477539,81.26583862304688,0.26678062084899906
47,19,-9.969625473022461,54.278141021728516,-22.300254821777344,-104.38715362548828,-6.861690521240234,80.84275817871094,0.26283635828666496
47,20,-9.748238563537598,52.46253204345703,-22.74488639831543,-104.4102783203125,-6.671663284301758,81.24297332763672,0.2614716085604922
47,21,-9.544794082641602,50.33482360839844,-23.716564178466797,-103.85379791259766,-6.468905448913574,80.29844665527344,0.2608728308408802
47,22,-9.505455017089844,50.93252944946289,-21.684398651123047,-104.10457611083984,-6.499739646911621,80.06359100341797,0.2574771066692904
47,23,-9.80551815032959,49.94660949707031,-21.97955322265625,-104.01588439941406,-6.372653961181641,79.3803939819336,0.25683787832628957
47,24,-10.318470001220703,50.426368713378906,-21.97425651550293,-104.1554946899414,-6.457548141479492,77.92886352539062,0.2574042777953475
47,25,-10.14709758758545,50.035831451416016,-22.538143157958984,-104.45950317382812,-6.421718597412109,78.62610626220703,0.2579638974459753
47,26,-10.474467277526855,49.17070388793945,-22.018173217773438,-105.47785949707031,-6.215663909912109,78.25688171386719,0.25542358172722907
47,27,-11.498956680297852,49.443321228027344,-22.3428955078125,-105.6637191772461,-6.377413749694824,78.19761657714844,0.2564019339218813
47,28,-11.228959083557129,48.84712600708008,-22.21070671081543,-107.02391815185547,-6.089600563049316,78.55825805664062,0.2548085696328345
47,29,-11.4799165725708,48.33131408691406,-23.707860946655273,-107.34463500976562,-6.198908805847168,78.10691833496094,0.25719233993543467
47,30,-11.417023658752441,48.22938537597656,-23.60360336303711,-107.76786041259766,-6.0750932693481445,78.21723937988281,0.256667470305395
47,31,-11.943588256835938,47.39458465576172,-24.04926109313965,-107.59245300292969,-6.144757270812988,78.68181610107422,0.2565596748248291
47,32,-11.929518699645996,46.65226745605469,-23.924362182617188,-108.19094848632812,-6.096323013305664,80.29676818847656,0.25503030030700874
47,33,-12.173458099365234,45.751808166503906,-24.597240447998047,-108.42483520507812,-6.03452205657959,79.31063842773438,0.2551461683555096
47,34,-12.510404586791992,45.230224609375,-24.310270309448242,-108.50172424316406,-6.115913391113281,79.79754638671875,0.2537596969179735
47,35,-12.430526733398438,43.741241455078125,-24.550830841064453,-109.23226928710938,-6.269627571105957,79.03412628173828,0.2518445685105351
47,36,-12.453773498535156,42.83832550048828,-24.90591812133789,-109.77933502197266,-6.404804229736328,78.31969451904297,0.2510703881301495
47,37,-12.230814933776855,42.41926574707031,-26.069150924682617,-109.16192626953125,-6.266543388366699,78.76002502441406,0.2533519981271529
47,38,-12.323036193847656,42.63124084472656,-25.35733413696289,-109.27406311035156,-6.452849388122559,78.83839416503906,0.25203027512506176
47,39,-12.521161079406738,41.716026306152344,-26.401519775390625,-108.2203369140625,-6.031232833862305,78.08316040039062,0.25348891848905325
47,40,-12.685646057128906,41.39299774169922,-26.17963981628418,-108.42739868164062,-5.931174278259277,77.45205688476562,0.2524530153196146
47,41,-13.02455997467041,42.03495788574219,-26.04395294189453,-108.33038330078125,-6.055243492126465,75.16552734375,0.2531161631541824
47,42,-13.67123031616211,42.470035552978516,-25.103023529052734,-108.78719329833984,-6.22698974609375,62.15673828125,0.2514621961165737
47,43,-13.728426933288574,41.380226135253906,-26.198747634887695,-108.72006225585938,-5.838173866271973,59.49266815185547,0.25234415950155215
47,44,-14.308562278747559,41.38965606689453,-26.064342498779297,-108.57754516601562,-5.869209289550781,60.02597427368164,0.2521269614060952
47,45,-15.670453071594238,43.16425704956055,-27.0850830078125,-107.60519409179688,-5.759716987609863,66.7640609741211,0.2572180186805651
47,46,-18.03362274169922,44.354190826416016,-29.236732482910156,-106.50506591796875,-4.734816551208496,72.42489624023438,0.2635522592467668
47,47,-19.499521255493164,43.504005432128906,-31.240745544433594,-105.2857437133789,-4.409111976623535,67.37612915039062,0.266586096104496
47,48,-18.987268447875977,42.833763122558594,-31.218883514404297,-106.17493438720703,-4.662571907043457,66.8906021118164,0.26554133256033996
47,49,-8.945845603942871,32.84864044189453,-22.169191360473633,-86.65442657470703,-6.259042739868164,48.949462890625,0.23801892827873783
48,0,-14.875876426696777,84.41954040527344,-0.170684814453125,-90.07405090332031,-6.926968574523926,64.15425109863281,0.2546124123575156
48,1,-14.639288902282715,82.24528503417969,1.279388427734375,-91.89054107666016,-7.2509565353393555,65.70057678222656,0.25001815612660916
48,2,-14.206878662109375,78.44371795654297,-0.7227420806884766,-93.23572540283203,-7.267333984375,67.92678833007812,0.24993292314867582
48,3,-14.833292007446289,76.09925079345703,-3.62593936920166,-92.74028015136719,-7.522027015686035,72.86955261230469,0.2530978007325103
48,4,-14.929353713989258,73.22183990478516,-7.689901351928711,-92.25233459472656,-7.3996171951293945,72.50294494628906,0.25758832752132227
48,5,-14.898988723754883,68.25139617919922,-12.661128997802734,-92.44224548339844,-7.313486099243164,74.34313201904297,0.26132807558631005
48,6,-13.634696960449219,64.67449188232422,-21.262971878051758,-92.01936340332031,-6.393902778625488,79.61871337890625,0.2713592230415439
48,7,-13.35427474975586,64.28975677490234,-23.63165283203125,-92.43895721435547,-6.82144832611084,86.18241882324219,0.27451374426733915
48,8,-12.290202140808105,62.74062728881836,-24.805309295654297,-94.15184783935547,-6.854253768920898,85.8387222290039,0.2754403470982354
48,9,-11.206875801086426,62.106143951416016,-24.76995849609375,-95.00338745117188,-6.82172966003418,84.88496398925781,0.275094850899428
48,10,-10.767611503601074,60.57514953613281,-26.884950637817383,-95.88977813720703,-6.693362236022949,84.20663452148438,0.27706011166795824
48,11,-10.652514457702637,59.299278259277344,-28.036161422729492,-96.915283203125,-6.649242401123047,84.1412582397461,0.27787891120265457
48,12,-10.50527572631836,57.850318908691406,-28.752403259277344,-97.53680419921875,-6.512063026428223,83.91487121582031,0.2777571985170976
48,13,-9.780383110046387,56.287960052490234,-28.732913970947266,-97.66565704345703,-6.456504821777344,83.4183120727539,0.2762613516812701
48,14,-9.451038360595703,55.33828353881836,-28.813949584960938,-98.88766479492188,-6.539794921875,82.88121032714844,0.2757077984680443
48,15,-9.63886833190918,54.45743179321289,-28.428958892822266,-99.55012512207031,-6.600197792053223,83.28961181640625,0.2742994134360614
48,16,-9.76881217956543,55.81706619262695,-26.269330978393555,-100.49581146240234,-6.813601493835449,82.24373626708984,0.2722434919050562
48,17,-9.996148109436035,54.51913070678711,-25.762535095214844,-101.88238525390625,-6.898263931274414,81.777099609375,0.26995963018961955
48,18,-10.310840606689453,54.668209075927734,-23.96282958984375,-102.75990295410156,-6.834085464477539,81.26583862304688,0.26678062084899906
48,19,-9.969625473022461,54.278141021728516,-22.300254821777344,-104.38715362548828,-6.861690521240234,80.84275817871094,0.26283635828666496
48,20,-9.748238563537598,52.46253204345703,-22.74488639831543,-104.4102783203125,-6.671663284301758,81.24297332763672,0.2614716085604922
48,21,-9.544794082641602,50.33482360839844,-23.716564178466797,-103.85379791259766,-6.468905448913574,80.29844665527344,0.2608728308408802
48,22,-9.505455017089844,50.93252944946289,-21.684398651123047,-104.10457611083984,-6.499739646911621,80.06359100341797,0.2574771066692904
48,23,-9.80551815032959,49.94660949707031,-21.97955322265625,-104.01588439941406,-6.372653961181641,79.3803939819336,0.25683787832628957
48,24,-10.318470001220703,50.426368713378906,-21.97425651550293,-104.1554946899414,-6.457548141479492,77.92886352539062,0.2574042777953475
48,25,-10.14709758758545,50.035831451416016,-22.538143157958984,-104.45950317382812,-6.421718597412109,78.62610626220703,0.2579638974459753
48,26,-10.474467277526855,49.17070388793945,-22.018173217773438,-105.47785949707031,-6.215663909912109,78.25688171386719,0.25542358172722907
48,27,-11.498956680297852,49.443321228027344,-22.3428955078125,-105.6637191772461,-6.377413749694824,78.19761657714844,0.2564019339218813
48,28,-11.228959083557129,48.84712600708008,-22.21070671081543,-107.02391815185547,-6.089600563049316,78.55825805664062,0.2548085696328345
48,29,-11.4799165725708,48.33131408691406,-23.707860946655273,-107.34463500976562,-6.198908805847168,78.10691833496094,0.25719233993543467
48,30,-11.417023658752441,48.22938537597656,-23.60360336303711,-107.76786041259766,-6.0750932693481445,78.21723937988281,0.256667470305395
48,31,-11.943588256835938,47.39458465576172,-24.04926109313965,-107.59245300292969,-6.144757270812988,78.68181610107422,0.2565596748248291
48,32,-11.929518699645996,46.65226745605469,-23.924362182617188,-108.19094848632812,-6.096323013305664,80.29676818847656,0.25503030030700874
48,33,-12.173458099365234,45.751808166503906,-24.597240447998047,-108.42483520507812,-6.03452205657959,79.31063842773438,0.2551461683555096
48,34,-12.510404586791992,45.230224609375,-24.310270309448242,-108.50172424316406,-6.115913391113281,79.79754638671875,0.2537596969179735
48,35,-12.430526733398438,43.741241455078125,-24.550830841064453,-109.23226928710938,-6.269627571105957,79.03412628173828,0.2518445685105351
48,36,-12.453773498535156,42.83832550048828,-24.90591812133789,-109.77933502197266,-6.404804229736328,78.31969451904297,0.2510703881301495
48,37,-12.230814933776855,42.41926574707031,-26.069150924682617,-109.16192626953125,-6.266543388366699,78.76002502441406,0.2533519981271529
48,38,-12.323036193847656,42.63124084472656,-25.35733413696289,-109.27406311035156,-6.452849388122559,78.83839416503906,0.25203027512506176
48,39,-12.521161079406738,41.716026306152344,-26.401519775390625,-108.2203369140625,-6.031232833862305,78.08316040039062,0.25348891848905325
48,40,-12.685646057128906,41.39299774169922,-26.17963981628418,-108.42739868164062,-5.931174278259277,77.45205688476562,0.2524530153196146
48,41,-13.02455997467041,42.03495788574219,-26.04395294189453,-108.33038330078125,-6.055243492126465,75.16552734375,0.2531161631541824
48,42,-13.67123031616211,42.470035552978516,-25.103023529052734,-108.78719329833984,-6.22698974609375,62.15673828125,0.2514621961165737
48,43,-13.728426933288574,41.380226135253906,-26.198747634887695,-108.72006225585938,-5.838173866271973,59.49266815185547,0.25234415950155215
48,44,-14.308562278747559,41.38965606689453,-26.064342498779297,-108.57754516601562,-5.869209289550781,60.02597427368164,0.2521269614060952
48,45,-15.670453071594238,43.16425704956055,-27.0850830078125,-107.60519409179688,-5.759716987609863,66.7640609741211,0.2572180186805651
48,46,-18.03362274169922,44.354190826416016,-29.236732482910156,-106.50506591796875,-4.734816551208496,72.42489624023438,0.2635522592467668
48,47,-19.499521255493164,43.504005432128906,-31.240745544433594,-105.2857437133789,-4.409111976623535,67.37612915039062,0.266586096104496
48,48,-18.987268447875977,42.833763122558594,-31.218883514404297,-106.17493438720703,-4.662571907043457,66.8906021118164,0.26554133256033996
48,49,-8.945845603942871,32.84864044189453,-22.169191360473633,-86.65442657470703,-6.259042739868164,48.949462890625,0.23801892827873783
49,0,-14.875876426696777,84.41954040527344,-0.170684814453125,-90.07405090332031,-6.926968574523926,64.15425109863281,0.2546124123575156
49,1,-14.639288902282715,82.24528503417969,1.279388427734375,-91.89054107666016,-7.2509565353393555,65.70057678222656,0.25001815612660916
49,2,-14.206878662109375,78.44371795654297,-0.7227420806884766,-93.23572540283203,-7.267333984375,67.92678833007812,0.24993292314867582
49,3,-14.833292007446289,76.09925079345703,-3.62593936920166,-92.74028015136719,-7.522027015686035,72.86955261230469,0.2530978007325103
49,4,-14.929353713989258,73.22183990478516,-7.689901351928711,-92.25233459472656,-7.3996171951293945,72.50294494628906,0.25758832752132227
49,5,-14.898988723754883,68.25139617919922,-12.661128997802734,-92.44224548339844,-7.313486099243164,74.34313201904297,0.26132807558631005
49,6,-13.634696960449219,64.67449188232422,-21.262971878051758,-92.01936340332031,-6.393902778625488,79.61871337890625,0.2713592230415439
49,7,-13.35427474975586,64.28975677490234,-23.63165283203125,-92.43895721435547,-6.82144832611084,86.18241882324219,0.27451374426733915
49,8,-12.290202140808105,62.74062728881836,-24.805309295654297,-94.15184783935547,-6.854253768920898,85.8387222290039,0.2754403470982354
49,9,-11.206875801086426,62.106143951416016,-24.76995849609375,-95.00338745117188,-6.82172966003418,84.88496398925781,0.275094850899428
49,10,-10.767611503601074,60.57514953613281,-26.884950637817383,-95.88977813720703,-6.693362236022949,84.20663452148438,0.27706011166795824
49,11,-10.652514457702637,59.299278259277344,-28.036161422729492,-96.915283203125,-6.649242401123047,84.1412582397461,0.27787891120265457
49,12,-10.50527572631836,57.850318908691406,-28.752403259277344,-97.53680419921875,-6.512063026428223,83.91487121582031,0.2777571985170976
49,13,-9.780383110046387,56.287960052490234,-28.732913970947266,-97.66565704345703,-6.456504821777344,83.4183120727539,0.2762613516812701
49,14,-9.451038360595703,55.33828353881836,-28.813949584960938,-98.88766479492188,-6.539794921875,82.88121032714844,0.2757077984680443
49,15,-9.63886833190918,54.45743179321289,-28.428958892822266,-99.55012512207031,-6.600197792053223,83.28961181640625,0.2742994134360614
49,16,-9.76881217956543,55.81706619262695,-26.269330978393555,-100.49581146240234,-6.813601493835449,82.24373626708984,0.2722434919050562
49,17,-9.996148109436035,54.51913070678711,-25.762535095214844,-101.88238525390625,-6.898263931274414,81.777099609375,0.26995963018961955
49,18,-10.310840606689453,54.668209075927734,-23.96282958984375,-102.75990295410156,-6.834085464477539,81.26583862304688,0.26678062084899906
49,19,-9.969625473022461,54.278141021728516,-22.300254821777344,-104.38715362548828,-6.861690521240234,80.84275817871094,0.26283635828666496
49,20,-9.748238563537598,52.46253204345703,-22.74488639831543,-104.4102783203125,-6.671663284301758,81.24297332763672,0.2614716085604922
49,21,-9.544794082641602,50.33482360839844,-23.716564178466797,-103.85379791259766,-6.468905448913574,80.29844665527344,0.2608728308408802
49,22,-9.505455017089844,50.93252944946289,-21.684398651123047,-104.10457611083984,-6.499739646911621,80.06359100341797,0.2574771066692904
49,23,-9.80551815032959,49.94660949707031,-21.97955322265625,-104.01588439941406,-6.372653961181641,79.3803939819336,0.25683787832628957
49,24,-10.318470001220703,50.426368713378906,-21.97425651550293,-104.1554946899414,-6.457548141479492,77.92886352539062,0.2574042777953475
49,25,-10.14709758758545,50.035831451416016,-22.538143157958984,-104.45950317382812,-6.421718597412109,78.62610626220703,0.2579638974459753
49,26,-10.474467277526855,49.17070388793945,-22.018173217773438,-105.47785949707031,-6.215663909912109,78.25688171386719,0.25542358172722907
49,27,-11.498956680297852,49.443321228027344,-22.3428955078125,-105.6637191772461,-6.377413749694824,78.19761657714844,0.2564019339218813
49,28,-11.228959083557129,48.84712600708008,-22.21070671081543,-107.02391815185547,-6.089600563049316,78.55825805664062,0.2548085696328345
49,29,-11.4799165725708,48.33131408691406,-23.707860946655273,-107.34463500976562,-6.198908805847168,78.10691833496094,0.25719233993543467
49,30,-11.417023658752441,48.22938537597656,-23.60360336303711,-107.76786041259766,-6.0750932693481445,78.21723937988281,0.256667470305395
49,31,-11.943588256835938,47.39458465576172,-24.04926109313965,-107.59245300292969,-6.144757270812988,78.68181610107422,0.2565596748248291
49,32,-11.929518699645996,46.65226745605469,-23.924362182617188,-108.19094848632812,-6.096323013305664,80.29676818847656,0.25503030030700874
49,33,-12.173458099365234,45.751808166503906,-24.597240447998047,-108.42483520507812,-6.03452205657959,79.31063842773438,0.2551461683555096
49,34,-12.510404586791992,45.230224609375,-24.310270309448242,-108.50172424316406,-6.115913391113281,79.79754638671875,0.2537596969179735
49,35,-12.430526733398438,43.741241455078125,-24.550830841064453,-109.23226928710938,-6.269627571105957,79.03412628173828,0.2518445685105351
49,36,-12.453773498535156,42.83832550048828,-24.90591812133789,-109.77933502197266,-6.404804229736328,78.31969451904297,0.2510703881301495
49,37,-12.230814933776855,42.41926574707031,-26.069150924682617,-109.16192626953125,-6.266543388366699,78.76002502441406,0.2533519981271529
49,38,-12.323036193847656,42.63124084472656,-25.35733413696289,-109.27406311035156,-6.452849388122559,78.83839416503906,0.25203027512506176
49,39,-12.521161079406738,41.716026306152344,-26.401519775390625,-108.2203369140625,-6.031232833862305,78.08316040039062,0.25348891848905325
49,40,-12.685646057128906,41.39299774169922,-26.17963981628418,-108.42739868164062,-5.931174278259277,77.45205688476562,0.2524530153196146
49,41,-13.02455997467041,42.03495788574219,-26.04395294189453,-108.33038330078125,-6.055243492126465,75.16552734375,0.2531161631541824
49,42,-13.67123031616211,42.470035552978516,-25.103023529052734,-108.78719329833984,-6.22698974609375,62.15673828125,0.2514621961165737
49,43,-13.728426933288574,41.380226135253906,-26.198747634887695,-108.72006225585938,-5.838173866271973,59.49266815185547,0.25234415950155215
49,44,-14.308562278747559,41.38965606689453,-26.064342498779297,-108.57754516601562,-5.869209289550781,60.02597427368164,0.2521269614060952
49,45,-15.670453071594238,43.16425704956055,-27.0850830078125,-107.60519409179688,-5.759716987609863,66.7640609741211,0.2572180186805651
49,46,-18.03362274169922,44.354190826416016,-29.236732482910156,-106.50506591796875,-4.734816551208496,72.42489624023438,0.2635522592467668
49,47,-19.499521255493164,43.504005432128906,-31.240745544433594,-105.2857437133789,-4.409111976623535,67.37612915039062,0.266586096104496
49,48,-18.987268447875977,42.833763122558594,-31.218883514404297,-106.17493438720703,-4.662571907043457,66.8906021118164,0.26554133256033996
49,49,-8.945845603942871,32.84864044189453,-22.169191360473633,-86.65442657470703,-6.259042739868164,48.949462890625,0.23801892827873783
50,0,-14.875876426696777,84.41954040527344,-0.170684814453125,-90.07405090332031,-6.926968574523926,64.15425109863281,0.2546124123575156
50,1,-14.639288902282715,82.24528503417969,1.279388427734375,-91.89054107666016,-7.2509565353393555,65.70057678222656,0.25001815612660916
50,2,-14.206878662109375,78.44371795654297,-0.7227420806884766,-93.23572540283203,-7.267333984375,67.92678833007812,0.24993292314867582
50,3,-14.833292007446289,76.09925079345703,-3.62593936920166,-92.74028015136719,-7.522027015686035,72.86955261230469,0.2530978007325103
50,4,-14.929353713989258,73.22183990478516,-7.689901351928711,-92.25233459472656,-7.3996171951293945,72.50294494628906,0.25758832752132227
50,5,-14.898988723754883,68.25139617919922,-12.661128997802734,-92.44224548339844,-7.313486099243164,74.34313201904297,0.26132807558631005
50,6,-13.634696960449219,64.67449188232422,-21.262971878051758,-92.01936340332031,-6.393902778625488,79.61871337890625,0.2713592230415439
50,7,-13.35427474975586,64.28975677490234,-23.63165283203125,-92.43895721435547,-6.82144832611084,86.18241882324219,0.27451374426733915
50,8,-12.290202140808105,62.74062728881836,-24.805309295654297,-94.15184783935547,-6.854253768920898,85.8387222290039,0.2754403470982354
50,9,-11.206875801086426,62.106143951416016,-24.76995849609375,-95.00338745117188,-6.82172966003418,84.88496398925781,0.275094850899428
50,10,-10.767611503601074,60.57514953613281,-26.884950637817383,-95.88977813720703,-6.693362236022949,84.20663452148438,0.27706011166795824
50,11,-10.652514457702637,59.299278259277344,-28.036161422729492,-96.915283203125,-6.649242401123047,84.1412582397461,0.27787891120265457
50,12,-10.50527572631836,57.850318908691406,-28.752403259277344,-97.53680419921875,-6.512063026428223,83.91487121582031,0.2777571985170976
50,13,-9.780383110046387,56.287960052490234,-28.732913970947266,-97.66565704345703,-6.456504821777344,83.4183120727539,0.2762613516812701
50,14,-9.451038360595703,55.33828353881836,-28.813949584960938,-98.88766479492188,-6.539794921875,82.88121032714844,0.2757077984680443
50,15,-9.63886833190918,54.45743179321289,-28.428958892822266,-99.55012512207031,-6.600197792053223,83.28961181640625,0.2742994134360614
50,16,-9.76881217956543,55.81706619262695,-26.269330978393555,-100.49581146240234,-6.813601493835449,82.24373626708984,0.2722434919050562
50,17,-9.996148109436035,54.51913070678711,-25.762535095214844,-101.88238525390625,-6.898263931274414,81.777099609375,0.26995963018961955
50,18,-10.310840606689453,54.668209075927734,-23.96282958984375,-102.75990295410156,-6.834085464477539,81.26583862304688,0.26678062084899906
50,19,-9.969625473022461,54.278141021728516,-22.300254821777344,-104.38715362548828,-6.861690521240234,80.84275817871094,0.26283635828666496
50,20,-9.748238563537598,52.46253204345703,-22.74488639831543,-104.4102783203125,-6.671663284301758,81.24297332763672,0.2614716085604922
50,21,-9.544794082641602,50.33482360839844,-23.716564178466797,-103.85379791259766,-6.468905448913574,80.29844665527344,0.2608728308408802
50,22,-9.505455017089844,50.93252944946289,-21.684398651123047,-104.10457611083984,-6.499739646911621,80.06359100341797,0.2574771066692904
50,23,-9.80551815032959,49.94660949707031,-21.97955322265625,-104.01588439941406,-6.372653961181641,79.3803939819336,0.25683787832628957
50,24,-10.318470001220703,50.426368713378906,-21.97425651550293,-104.1554946899414,-6.457548141479492,77.92886352539062,0.2574042777953475
50,25,-10.14709758758545,50.035831451416016,-22.538143157958984,-104.45950317382812,-6.421718597412109,78.62610626220703,0.2579638974459753
50,26,-10.474467277526855,49.17070388793945,-22.018173217773438,-105.47785949707031,-6.215663909912109,78.25688171386719,0.25542358172722907
50,27,-11.498956680297852,49.443321228027344,-22.3428955078125,-105.6637191772461,-6.377413749694824,78.19761657714844,0.2564019339218813
50,28,-11.228959083557129,48.84712600708008,-22.21070671081543,-107.02391815185547,-6.089600563049316,78.55825805664062,0.2548085696328345
50,29,-11.4799165725708,48.33131408691406,-23.707860946655273,-107.34463500976562,-6.198908805847168,78.10691833496094,0.25719233993543467
50,30,-11.417023658752441,48.22938537597656,-23.60360336303711,-107.76786041259766,-6.0750932693481445,78.21723937988281,0.256667470305395
50,31,-11.943588256835938,47.39458465576172,-24.04926109313965,-107.59245300292969,-6.144757270812988,78.68181610107422,0.2565596748248291
50,32,-11.929518699645996,46.65226745605469,-23.924362182617188,-108.19094848632812,-6.096323013305664,80.29676818847656,0.25503030030700874
50,33,-12.173458099365234,45.751808166503906,-24.597240447998047,-108.42483520507812,-6.03452205657959,79.31063842773438,0.2551461683555096
50,34,-12.510404586791992,45.230224609375,-24.310270309448242,-108.50172424316406,-6.115913391113281,79.79754638671875,0.2537596969179735
50,35,-12.430526733398438,43.741241455078125,-24.550830841064453,-109.23226928710938,-6.269627571105957,79.03412628173828,0.2518445685105351
50,36,-12.453773498535156,42.83832550048828,-24.90591812133789,-109.77933502197266,-6.404804229736328,78.31969451904297,0.2510703881301495
50,37,-12.230814933776855,42.41926574707031,-26.069150924682617,-109.16192626953125,-6.266543388366699,78.76002502441406,0.2533519981271529
50,38,-12.323036193847656,42.63124084472656,-25.35733413696289,-109.27406311035156,-6.452849388122559,78.83839416503906,0.25203027512506176
50,39,-12.521161079406738,41.716026306152344,-26.401519775390625,-108.2203369140625,-6.031232833862305,78.08316040039062,0.25348891848905325
50,40,-12.685646057128906,41.39299774169922,-26.17963981628418,-108.42739868164062,-5.931174278259277,77.45205688476562,0.2524530153196146
50,41,-13.02455997467041,42.03495788574219,-26.04395294189453,-108.33038330078125,-6.055243492126465,75.16552734375,0.2531161631541824
50,42,-13.67123031616211,42.470035552978516,-25.103023529052734,-108.78719329833984,-6.22698974609375,62.15673828125,0.2514621961165737
50,43,-13.728426933288574,41.380226135253906,-26.198747634887695,-108.72006225585938,-5.838173866271973,59.49266815185547,0.25234415950155215
50,44,-14.308562278747559,41.38965606689453,-26.064342498779297,-108.57754516601562,-5.869209289550781,60.02597427368164,0.2521269614060952
50,45,-15.670453071594238,43.16425704956055,-27.0850830078125,-107.60519409179688,-5.759716987609863,66.7640609741211,0.2572180186805651
50,46,-18.03362274169922,44.354190826416016,-29.236732482910156,-106.50506591796875,-4.734816551208496,72.42489624023438,0.2635522592467668
50,47,-19.499521255493164,43.504005432128906,-31.240745544433594,-105.2857437133789,-4.409111976623535,67.37612915039062,0.266586096104496
50,48,-18.987268447875977,42.833763122558594,-31.218883514404297,-106.17493438720703,-4.662571907043457,66.8906021118164,0.26554133256033996
50,49,-8.945845603942871,32.84864044189453,-22.169191360473633,-86.65442657470703,-6.259042739868164,48.949462890625,0.23801892827873783
51,0,-14.875876426696777,84.41954040527344,-0.170684814453125,-90.07405090332031,-6.926968574523926,64.15425109863281,0.2546124123575156
51,1,-14.639288902282715,82.24528503417969,1.279388427734375,-91.89054107666016,-7.2509565353393555,65.70057678222656,0.25001815612660916
51,2,-14.206878662109375,78.44371795654297,-0.7227420806884766,-93.23572540283203,-7.267333984375,67.92678833007812,0.24993292314867582
51,3,-14.833292007446289,76.09925079345703,-3.62593936920166,-92.74028015136719,-7.522027015686035,72.86955261230469,0.2530978007325103
51,4,-14.929353713989258,73.22183990478516,-7.689901351928711,-92.25233459472656,-7.3996171951293945,72.50294494628906,0.25758832752132227
51,5,-14.898988723754883,68.25139617919922,-12.661128997802734,-92.44224548339844,-7.313486099243164,74.34313201904297,0.26132807558631005
51,6,-13.634696960449219,64.67449188232422,-21.262971878051758,-92.01936340332031,-6.393902778625488,79.61871337890625,0.2713592230415439
51,7,-13.35427474975586,64.28975677490234,-23.63165283203125,-92.43895721435547,-6.82144832611084,86.18241882324219,0.27451374426733915
51,8,-12.290202140808105,62.74062728881836,-24.805309295654297,-94.15184783935547,-6.854253768920898,85.8387222290039,0.2754403470982354
51,9,-11.206875801086426,62.106143951416016,-24.76995849609375,-95.00338745117188,-6.82172966003418,84.88496398925781,0.275094850899428
51,10,-10.767611503601074,60.57514953613281,-26.884950637817383,-95.88977813720703,-6.693362236022949,84.20663452148438,0.27706011166795824
51,11,-10.652514457702637,59.299278259277344,-28.036161422729492,-96.915283203125,-6.649242401123047,84.1412582397461,0.27787891120265457
51,12,-10.50527572631836,57.850318908691406,-28.752403259277344,-97.53680419921875,-6.512063026428223,83.91487121582031,0.2777571985170976
51,13,-9.780383110046387,56.287960052490234,-28.732913970947266,-97.66565704345703,-6.456504821777344,83.4183120727539,0.2762613516812701
51,14,-9.451038360595703,55.33828353881836,-28.813949584960938,-98.88766479492188,-6.539794921875,82.88121032714844,0.2757077984680443
51,15,-9.63886833190918,54.45743179321289,-28.428958892822266,-99.55012512207031,-6.600197792053223,83.28961181640625,0.2742994134360614
51,16,-9.76881217956543,55.81706619262695,-26.269330978393555,-100.49581146240234,-6.813601493835449,82.24373626708984,0.2722434919050562
51,17,-9.996148109436035,54.51913070678711,-25.762535095214844,-101.88238525390625,-6.898263931274414,81.777099609375,0.26995963018961955
51,18,-10.310840606689453,54.668209075927734,-23.96282958984375,-102.75990295410156,-6.834085464477539,81.26583862304688,0.26678062084899906
51,19,-9.969625473022461,54.278141021728516,-22.300254821777344,-104.38715362548828,-6.861690521240234,80.84275817871094,0.26283635828666496
51,20,-9.748238563537598,52.46253204345703,-22.74488639831543,-104.4102783203125,-6.671663284301758,81.24297332763672,0.2614716085604922
51,21,-9.544794082641602,50.33482360839844,-23.716564178466797,-103.85379791259766,-6.468905448913574,80.29844665527344,0.2608728308408802
51,22,-9.505455017089844,50.93252944946289,-21.684398651123047,-104.10457611083984,-6.499739646911621,80.06359100341797,0.2574771066692904
51,23,-9.80551815032959,49.94660949707031,-21.97955322265625,-104.01588439941406,-6.372653961181641,79.3803939819336,0.25683787832628957
51,24,-10.318470001220703,50.426368713378906,-21.97425651550293,-104.1554946899414,-6.457548141479492,77.92886352539062,0.2574042777953475
51,25,-10.14709758758545,50.035831451416016,-22.538143157958984,-104.45950317382812,-6.421718597412109,78.62610626220703,0.2579638974459753
51,26,-10.474467277526855,49.17070388793945,-22.018173217773438,-105.47785949707031,-6.215663909912109,78.25688171386719,0.25542358172722907
51,27,-11.498956680297852,49.443321228027344,-22.3428955078125,-105.6637191772461,-6.377413749694824,78.19761657714844,0.2564019339218813
51,28,-11.228959083557129,48.84712600708008,-22.21070671081543,-107.02391815185547,-6.089600563049316,78.55825805664062,0.2548085696328345
51,29,-11.4799165725708,48.33131408691406,-23.707860946655273,-107.34463500976562,-6.198908805847168,78.10691833496094,0.25719233993543467
51,30,-11.417023658752441,48.22938537597656,-23.60360336303711,-107.76786041259766,-6.0750932693481445,78.21723937988281,0.256667470305395
51,31,-11.943588256835938,47.39458465576172,-24.04926109313965,-107.59245300292969,-6.144757270812988,78.68181610107422,0.2565596748248291
51,32,-11.929518699645996,46.65226745605469,-23.924362182617188,-108.19094848632812,-6.096323013305664,80.29676818847656,0.25503030030700874
51,33,-12.173458099365234,45.751808166503906,-24.597240447998047,-108.42483520507812,-6.03452205657959,79.31063842773438,0.2551461683555096
51,34,-12.510404586791992,45.230224609375,-24.310270309448242,-108.50172424316406,-6.115913391113281,79.79754638671875,0.2537596969179735
51,35,-12.430526733398438,43.741241455078125,-24.550830841064453,-109.23226928710938,-6.269627571105957,79.03412628173828,0.2518445685105351
51,36,-12.453773498535156,42.83832550048828,-24.90591812133789,-109.77933502197266,-6.404804229736328,78.31969451904297,0.2510703881301495
51,37,-12.230814933776855,42.41926574707031,-26.069150924682617,-109.16192626953125,-6.266543388366699,78.76002502441406,0.2533519981271529
51,38,-12.323036193847656,42.63124084472656,-25.35733413696289,-109.27406311035156,-6.452849388122559,78.83839416503906,0.25203027512506176
51,39,-12.521161079406738,41.716026306152344,-26.401519775390625,-108.2203369140625,-6.031232833862305,78.08316040039062,0.25348891848905325
51,40,-12.685646057128906,41.39299774169922,-26.17963981628418,-108.42739868164062,-5.931174278259277,77.45205688476562,0.2524530153196146
51,41,-13.02455997467041,42.03495788574219,-26.04395294189453,-108.33038330078125,-6.055243492126465,75.16552734375,0.2531161631541824
51,42,-13.67123031616211,42.470035552978516,-25.103023529052734,-108.78719329833984,-6.22698974609375,62.15673828125,0.2514621961165737
51,43,-13.728426933288574,41.380226135253906,-26.198747634887695,-108.72006225585938,-5.838173866271973,59.49266815185547,0.25234415950155215
51,44,-14.308562278747559,41.38965606689453,-26.064342498779297,-108.57754516601562,-5.869209289550781,60.02597427368164,0.2521269614060952
51,45,-15.670453071594238,43.16425704956055,-27.0850830078125,-107.60519409179688,-5.759716987609863,66.7640609741211,0.2572180186805651
51,46,-18.03362274169922,44.354190826416016,-29.236732482910156,-106.50506591796875,-4.734816551208496,72.42489624023438,0.2635522592467668
51,47,-19.499521255493164,43.504005432128906,-31.240745544433594,-105.2857437133789,-4.409111976623535,67.37612915039062,0.266586096104496
51,48,-18.987268447875977,42.833763122558594,-31.218883514404297,-106.17493438720703,-4.662571907043457,66.8906021118164,0.26554133256033996
51,49,-8.945845603942871,32.84864044189453,-22.169191360473633,-86.65442657470703,-6.259042739868164,48.949462890625,0.23801892827873783
52,0,-14.875876426696777,84.41954040527344,-0.170684814453125,-90.07405090332031,-6.926968574523926,64.15425109863281,0.2546124123575156
52,1,-14.639288902282715,82.24528503417969,1.279388427734375,-91.89054107666016,-7.2509565353393555,65.70057678222656,0.25001815612660916
52,2,-14.206878662109375,78.44371795654297,-0.7227420806884766,-93.23572540283203,-7.267333984375,67.92678833007812,0.24993292314867582
52,3,-14.833292007446289,76.09925079345703,-3.62593936920166,-92.74028015136719,-7.522027015686035,72.86955261230469,0.2530978007325103
52,4,-14.929353713989258,73.22183990478516,-7.689901351928711,-92.25233459472656,-7.3996171951293945,72.50294494628906,0.25758832752132227
52,5,-14.898988723754883,68.25139617919922,-12.661128997802734,-92.44224548339844,-7.313486099243164,74.34313201904297,0.26132807558631005
52,6,-13.634696960449219,64.67449188232422,-21.262971878051758,-92.01936340332031,-6.393902778625488,79.61871337890625,0.2713592230415439
52,7,-13.35427474975586,64.28975677490234,-23.63165283203125,-92.43895721435547,-6.82144832611084,86.18241882324219,0.27451374426733915
52,8,-12.290202140808105,62.74062728881836,-24.805309295654297,-94.15184783935547,-6.854253768920898,85.8387222290039,0.2754403470982354
52,9,-11.206875801086426,62.106143951416016,-24.76995849609375,-95.00338745117188,-6.82172966003418,84.88496398925781,0.275094850899428
52,10,-10.767611503601074,60.57514953613281,-26.884950637817383,-95.88977813720703,-6.693362236022949,84.20663452148438,0.27706011166795824
52,11,-10.652514457702637,59.299278259277344,-28.036161422729492,-96.915283203125,-6.649242401123047,84.1412582397461,0.27787891120265457
52,12,-10.50527572631836,57.850318908691406,-28.752403259277344,-97.53680419921875,-6.512063026428223,83.91487121582031,0.2777571985170976
52,13,-9.780383110046387,56.287960052490234,-28.732913970947266,-97.66565704345703,-6.456504821777344,83.4183120727539,0.2762613516812701
52,14,-9.451038360595703,55.33828353881836,-28.813949584960938,-98.88766479492188,-6.539794921875,82.88121032714844,0.2757077984680443
52,15,-9.63886833190918,54.45743179321289,-28.428958892822266,-99.55012512207031,-6.600197792053223,83.28961181640625,0.2742994134360614
52,16,-9.76881217956543,55.81706619262695,-26.269330978393555,-100.49581146240234,-6.813601493835449,82.24373626708984,0.2722434919050562
52,17,-9.996148109436035,54.51913070678711,-25.762535095214844,-101.88238525390625,-6.898263931274414,81.777099609375,0.26995963018961955
52,18,-10.310840606689453,54.668209075927734,-23.96282958984375,-102.75990295410156,-6.834085464477539,81.26583862304688,0.26678062084899906
52,19,-9.969625473022461,54.278141021728516,-22.300254821777344,-104.38715362548828,-6.861690521240234,80.84275817871094,0.26283635828666496
52,20,-9.748238563537598,52.46253204345703,-22.74488639831543,-104.4102783203125,-6.671663284301758,81.24297332763672,0.2614716085604922
52,21,-9.544794082641602,50.33482360839844,-23.716564178466797,-103.85379791259766,-6.468905448913574,80.29844665527344,0.2608728308408802
52,22,-9.505455017089844,50.93252944946289,-21.684398651123047,-104.10457611083984,-6.499739646911621,80.06359100341797,0.2574771066692904
52,23,-9.80551815032959,49.94660949707031,-21.97955322265625,-104.01588439941406,-6.372653961181641,79.3803939819336,0.25683787832628957
52,24,-10.318470001220703,50.426368713378906,-21.97425651550293,-104.1554946899414,-6.457548141479492,77.92886352539062,0.2574042777953475
52,25,-10.14709758758545,50.035831451416016,-22.538143157958984,-104.45950317382812,-6.421718597412109,78.62610626220703,0.2579638974459753
52,26,-10.474467277526855,49.17070388793945,-22.018173217773438,-105.47785949707031,-6.215663909912109,78.25688171386719,0.25542358172722907
52,27,-11.498956680297852,49.443321228027344,-22.3428955078125,-105.6637191772461,-6.377413749694824,78.19761657714844,0.2564019339218813
52,28,-11.228959083557129,48.84712600708008,-22.21070671081543,-107.02391815185547,-6.089600563049316,78.55825805664062,0.2548085696328345
52,29,-11.4799165725708,48.33131408691406,-23.707860946655273,-107.34463500976562,-6.198908805847168,78.10691833496094,0.25719233993543467
52,30,-11.417023658752441,48.22938537597656,-23.60360336303711,-107.76786041259766,-6.0750932693481445,78.21723937988281,0.256667470305395
52,31,-11.943588256835938,47.39458465576172,-24.04926109313965,-107.59245300292969,-6.144757270812988,78.68181610107422,0.2565596748248291
52,32,-11.929518699645996,46.65226745605469,-23.924362182617188,-108.19094848632812,-6.096323013305664,80.29676818847656,0.25503030030700874
52,33,-12.173458099365234,45.751808166503906,-24.597240447998047,-108.42483520507812,-6.03452205657959,79.31063842773438,0.2551461683555096
52,34,-12.510404586791992,45.230224609375,-24.310270309448242,-108.50172424316406,-6.115913391113281,79.79754638671875,0.2537596969179735
52,35,-12.430526733398438,43.741241455078125,-24.550830841064453,-109.23226928710938,-6.269627571105957,79.03412628173828,0.2518445685105351
52,36,-12.453773498535156,42.83832550048828,-24.90591812133789,-109.77933502197266,-6.404804229736328,78.31969451904297,0.2510703881301495
52,37,-12.230814933776855,42.41926574707031,-26.069150924682617,-109.16192626953125,-6.266543388366699,78.76002502441406,0.2533519981271529
52,38,-12.323036193847656,42.63124084472656,-25.35733413696289,-109.27406311035156,-6.452849388122559,78.83839416503906,0.25203027512506176
52,39,-12.521161079406738,41.716026306152344,-26.401519775390625,-108.2203369140625,-6.031232833862305,78.08316040039062,0.25348891848905325
52,40,-12.685646057128906,41.39299774169922,-26.17963981628418,-108.42739868164062,-5.931174278259277,77.45205688476562,0.2524530153196146
52,41,-13.02455997467041,42.03495788574219,-26.04395294189453,-108.33038330078125,-6.055243492126465,75.16552734375,0.2531161631541824
52,42,-13.67123031616211,42.470035552978516,-25.103023529052734,-108.78719329833984,-6.22698974609375,62.15673828125,0.2514621961165737
52,43,-13.728426933288574,41.380226135253906,-26.198747634887695,-108.72006225585938,-5.838173866271973,59.49266815185547,0.25234415950155215
52,44,-14.308562278747559,41.38965606689453,-26.064342498779297,-108.57754516601562,-5.869209289550781,60.02597427368164,0.2521269614060952
52,45,-15.670453071594238,43.16425704956055,-27.0850830078125,-107.60519409179688,-5.759716987609863,66.7640609741211,0.2572180186805651
52,46,-18.03362274169922,44.354190826416016,-29.236732482910156,-106.50506591796875,-4.734816551208496,72.42489624023438,0.2635522592467668
52,47,-19.499521255493164,43.504005432128906,-31.240745544433594,-105.2857437133789,-4.409111976623535,67.37612915039062,0.266586096104496
52,48,-18.987268447875977,42.833763122558594,-31.218883514404297,-106.17493438720703,-4.662571907043457,66.8906021118164,0.26554133256033996
52,49,-8.945845603942871,32.84864044189453,-22.169191360473633,-86.65442657470703,-6.259042739868164,48.949462890625,0.23801892827873783
53,0,-14.875876426696777,84.41954040527344,-0.170684814453125,-90.07405090332031,-6.926968574523926,64.15425109863281,0.2546124123575156
53,1,-14.639288902282715,82.24528503417969,1.279388427734375,-91.89054107666016,-7.2509565353393555,65.70057678222656,0.25001815612660916
53,2,-14.206878662109375,78.44371795654297,-0.7227420806884766,-93.23572540283203,-7.267333984375,67.92678833007812,0.24993292314867582
53,3,-14.833292007446289,76.09925079345703,-3.62593936920166,-92.74028015136719,-7.522027015686035,72.86955261230469,0.2530978007325103
53,4,-14.929353713989258,73.22183990478516,-7.689901351928711,-92.25233459472656,-7.3996171951293945,72.50294494628906,0.25758832752132227
53,5,-14.898988723754883,68.25139617919922,-12.661128997802734,-92.44224548339844,-7.313486099243164,74.34313201904297,0.26132807558631005
53,6,-13.634696960449219,64.67449188232422,-21.262971878051758,-92.01936340332031,-6.393902778625488,79.61871337890625,0.2713592230415439
53,7,-13.35427474975586,64.28975677490234,-23.63165283203125,-92.43895721435547,-6.82144832611084,86.18241882324219,0.27451374426733915
53,8,-12.290202140808105,62.74062728881836,-24.805309295654297,-94.15184783935547,-6.854253768920898,85.8387222290039,0.2754403470982354
53,9,-11.206875801086426,62.106143951416016,-24.76995849609375,-95.00338745117188,-6.82172966003418,84.88496398925781,0.275094850899428
53,10,-10.767611503601074,60.57514953613281,-26.884950637817383,-95.88977813720703,-6.693362236022949,84.20663452148438,0.27706011166795824
53,11,-10.652514457702637,59.299278259277344,-28.036161422729492,-96.915283203125,-6.649242401123047,84.1412582397461,0.27787891120265457
53,12,-10.50527572631836,57.850318908691406,-28.752403259277344,-97.53680419921875,-6.512063026428223,83.91487121582031,0.2777571985170976
53,13,-9.780383110046387,56.287960052490234,-28.732913970947266,-97.66565704345703,-6.456504821777344,83.4183120727539,0.2762613516812701
53,14,-9.451038360595703,55.33828353881836,-28.813949584960938,-98.88766479492188,-6.539794921875,82.88121032714844,0.2757077984680443
53,15,-9.63886833190918,54.45743179321289,-28.428958892822266,-99.55012512207031,-6.600197792053223,83.28961181640625,0.2742994134360614
53,16,-9.76881217956543,55.81706619262695,-26.269330978393555,-100.49581146240234,-6.813601493835449,82.24373626708984,0.2722434919050562
53,17,-9.996148109436035,54.51913070678711,-25.762535095214844,-101.88238525390625,-6.898263931274414,81.777099609375,0.26995963018961955
53,18,-10.310840606689453,54.668209075927734,-23.96282958984375,-102.75990295410156,-6.834085464477539,81.26583862304688,0.26678062084899906
53,19,-9.969625473022461,54.278141021728516,-22.300254821777344,-104.38715362548828,-6.861690521240234,80.84275817871094,0.26283635828666496
53,20,-9.748238563537598,52.46253204345703,-22.74488639831543,-104.4102783203125,-6.671663284301758,81.24297332763672,0.2614716085604922
53,21,-9.544794082641602,50.33482360839844,-23.716564178466797,-103.85379791259766,-6.468905448913574,80.29844665527344,0.2608728308408802
53,22,-9.505455017089844,50.93252944946289,-21.684398651123047,-104.10457611083984,-6.499739646911621,80.06359100341797,0.2574771066692904
53,23,-9.80551815032959,49.94660949707031,-21.97955322265625,-104.01588439941406,-6.372653961181641,79.3803939819336,0.25683787832628957
53,24,-10.318470001220703,50.426368713378906,-21.97425651550293,-104.1554946899414,-6.457548141479492,77.92886352539062,0.2574042777953475
53,25,-10.14709758758545,50.035831451416016,-22.538143157958984,-104.45950317382812,-6.421718597412109,78.62610626220703,0.2579638974459753
53,26,-10.474467277526855,49.17070388793945,-22.018173217773438,-105.47785949707031,-6.215663909912109,78.25688171386719,0.25542358172722907
53,27,-11.498956680297852,49.443321228027344,-22.3428955078125,-105.6637191772461,-6.377413749694824,78.19761657714844,0.2564019339218813
53,28,-11.228959083557129,48.84712600708008,-22.21070671081543,-107.02391815185547,-6.089600563049316,78.55825805664062,0.2548085696328345
53,29,-11.4799165725708,48.33131408691406,-23.707860946655273,-107.34463500976562,-6.198908805847168,78.10691833496094,0.25719233993543467
53,30,-11.417023658752441,48.22938537597656,-23.60360336303711,-107.76786041259766,-6.0750932693481445,78.21723937988281,0.256667470305395
53,31,-11.943588256835938,47.39458465576172,-24.04926109313965,-107.59245300292969,-6.144757270812988,78.68181610107422,0.2565596748248291
53,32,-11.929518699645996,46.65226745605469,-23.924362182617188,-108.19094848632812,-6.096323013305664,80.29676818847656,0.25503030030700874
53,33,-12.173458099365234,45.751808166503906,-24.597240447998047,-108.42483520507812,-6.03452205657959,79.31063842773438,0.2551461683555096
53,34,-12.510404586791992,45.230224609375,-24.310270309448242,-108.50172424316406,-6.115913391113281,79.79754638671875,0.2537596969179735
53,35,-12.430526733398438,43.741241455078125,-24.550830841064453,-109.23226928710938,-6.269627571105957,79.03412628173828,0.2518445685105351
53,36,-12.453773498535156,42.83832550048828,-24.90591812133789,-109.77933502197266,-6.404804229736328,78.31969451904297,0.2510703881301495
53,37,-12.230814933776855,42.41926574707031,-26.069150924682617,-109.16192626953125,-6.266543388366699,78.76002502441406,0.2533519981271529
53,38,-12.323036193847656,42.63124084472656,-25.35733413696289,-109.27406311035156,-6.452849388122559,78.83839416503906,0.25203027512506176
53,39,-12.521161079406738,41.716026306152344,-26.401519775390625,-108.2203369140625,-6.031232833862305,78.08316040039062,0.25348891848905325
53,40,-12.685646057128906,41.39299774169922,-26.17963981628418,-108.42739868164062,-5.931174278259277,77.45205688476562,0.2524530153196146
53,41,-13.02455997467041,42.03495788574219,-26.04395294189453,-108.33038330078125,-6.055243492126465,75.16552734375,0.2531161631541824
53,42,-13.67123031616211,42.470035552978516,-25.103023529052734,-108.78719329833984,-6.22698974609375,62.15673828125,0.2514621961165737
53,43,-13.728426933288574,41.380226135253906,-26.198747634887695,-108.72006225585938,-5.838173866271973,59.49266815185547,0.25234415950155215
53,44,-14.308562278747559,41.38965606689453,-26.064342498779297,-108.57754516601562,-5.869209289550781,60.02597427368164,0.2521269614060952
53,45,-15.670453071594238,43.16425704956055,-27.0850830078125,-107.60519409179688,-5.759716987609863,66.7640609741211,0.2572180186805651
53,46,-18.03362274169922,44.354190826416016,-29.236732482910156,-106.50506591796875,-4.734816551208496,72.42489624023438,0.2635522592467668
53,47,-19.499521255493164,43.504005432128906,-31.240745544433594,-105.2857437133789,-4.409111976623535,67.37612915039062,0.266586096104496
53,48,-18.987268447875977,42.833763122558594,-31.218883514404297,-106.17493438720703,-4.662571907043457,66.8906021118164,0.26554133256033996
53,49,-8.945845603942871,32.84864044189453,-22.169191360473633,-86.65442657470703,-6.259042739868164,48.949462890625,0.23801892827873783
54,0,-14.875876426696777,84.41954040527344,-0.170684814453125,-90.07405090332031,-6.926968574523926,64.15425109863281,0.2546124123575156
54,1,-14.639288902282715,82.24528503417969,1.279388427734375,-91.89054107666016,-7.2509565353393555,65.70057678222656,0.25001815612660916
54,2,-14.206878662109375,78.44371795654297,-0.7227420806884766,-93.23572540283203,-7.267333984375,67.92678833007812,0.24993292314867582
54,3,-14.833292007446289,76.09925079345703,-3.62593936920166,-92.74028015136719,-7.522027015686035,72.86955261230469,0.2530978007325103
54,4,-14.929353713989258,73.22183990478516,-7.689901351928711,-92.25233459472656,-7.3996171951293945,72.50294494628906,0.25758832752132227
54,5,-14.898988723754883,68.25139617919922,-12.661128997802734,-92.44224548339844,-7.313486099243164,74.34313201904297,0.26132807558631005
54,6,-13.634696960449219,64.67449188232422,-21.262971878051758,-92.01936340332031,-6.393902778625488,79.61871337890625,0.2713592230415439
54,7,-13.35427474975586,64.28975677490234,-23.63165283203125,-92.43895721435547,-6.82144832611084,86.18241882324219,0.27451374426733915
54,8,-12.290202140808105,62.74062728881836,-24.805309295654297,-94.15184783935547,-6.854253768920898,85.8387222290039,0.2754403470982354
54,9,-11.206875801086426,62.106143951416016,-24.76995849609375,-95.00338745117188,-6.82172966003418,84.88496398925781,0.275094850899428
54,10,-10.767611503601074,60.57514953613281,-26.884950637817383,-95.88977813720703,-6.693362236022949,84.20663452148438,0.27706011166795824
54,11,-10.652514457702637,59.299278259277344,-28.036161422729492,-96.915283203125,-6.649242401123047,84.1412582397461,0.27787891120265457
54,12,-10.50527572631836,57.850318908691406,-28.752403259277344,-97.53680419921875,-6.512063026428223,83.91487121582031,0.2777571985170976
54,13,-9.780383110046387,56.287960052490234,-28.732913970947266,-97.66565704345703,-6.456504821777344,83.4183120727539,0.2762613516812701
54,14,-9.451038360595703,55.33828353881836,-28.813949584960938,-98.88766479492188,-6.539794921875,82.88121032714844,0.2757077984680443
54,15,-9.63886833190918,54.45743179321289,-28.428958892822266,-99.55012512207031,-6.600197792053223,83.28961181640625,0.2742994134360614
54,16,-9.76881217956543,55.81706619262695,-26.269330978393555,-100.49581146240234,-6.813601493835449,82.24373626708984,0.2722434919050562
54,17,-9.996148109436035,54.51913070678711,-25.762535095214844,-101.88238525390625,-6.898263931274414,81.777099609375,0.26995963018961955
54,18,-10.310840606689453,54.668209075927734,-23.96282958984375,-102.75990295410156,-6.834085464477539,81.26583862304688,0.26678062084899906
54,19,-9.969625473022461,54.278141021728516,-22.300254821777344,-104.38715362548828,-6.861690521240234,80.84275817871094,0.26283635828666496
54,20,-9.748238563537598,52.46253204345703,-22.74488639831543,-104.4102783203125,-6.671663284301758,81.24297332763672,0.2614716085604922
54,21,-9.544794082641602,50.33482360839844,-23.716564178466797,-103.85379791259766,-6.468905448913574,80.29844665527344,0.2608728308408802
54,22,-9.505455017089844,50.93252944946289,-21.684398651123047,-104.10457611083984,-6.499739646911621,80.06359100341797,0.2574771066692904
54,23,-9.80551815032959,49.94660949707031,-21.97955322265625,-104.01588439941406,-6.372653961181641,79.3803939819336,0.25683787832628957
54,24,-10.318470001220703,50.426368713378906,-21.97425651550293,-104.1554946899414,-6.457548141479492,77.92886352539062,0.2574042777953475
54,25,-10.14709758758545,50.035831451416016,-22.538143157958984,-104.45950317382812,-6.421718597412109,78.62610626220703,0.2579638974459753
54,26,-10.474467277526855,49.17070388793945,-22.018173217773438,-105.47785949707031,-6.215663909912109,78.25688171386719,0.25542358172722907
54,27,-11.498956680297852,49.443321228027344,-22.3428955078125,-105.6637191772461,-6.377413749694824,78.19761657714844,0.2564019339218813
54,28,-11.228959083557129,48.84712600708008,-22.21070671081543,-107.02391815185547,-6.089600563049316,78.55825805664062,0.2548085696328345
54,29,-11.4799165725708,48.33131408691406,-23.707860946655273,-107.34463500976562,-6.198908805847168,78.10691833496094,0.25719233993543467
54,30,-11.417023658752441,48.22938537597656,-23.60360336303711,-107.76786041259766,-6.0750932693481445,78.21723937988281,0.256667470305395
54,31,-11.943588256835938,47.39458465576172,-24.04926109313965,-107.59245300292969,-6.144757270812988,78.68181610107422,0.2565596748248291
54,32,-11.929518699645996,46.65226745605469,-23.924362182617188,-108.19094848632812,-6.096323013305664,80.29676818847656,0.25503030030700874
54,33,-12.173458099365234,45.751808166503906,-24.597240447998047,-108.42483520507812,-6.03452205657959,79.31063842773438,0.2551461683555096
54,34,-12.510404586791992,45.230224609375,-24.310270309448242,-108.50172424316406,-6.115913391113281,79.79754638671875,0.2537596969179735
54,35,-12.430526733398438,43.741241455078125,-24.550830841064453,-109.23226928710938,-6.269627571105957,79.03412628173828,0.2518445685105351
54,36,-12.453773498535156,42.83832550048828,-24.90591812133789,-109.77933502197266,-6.404804229736328,78.31969451904297,0.2510703881301495
54,37,-12.230814933776855,42.41926574707031,-26.069150924682617,-109.16192626953125,-6.266543388366699,78.76002502441406,0.2533519981271529
54,38,-12.323036193847656,42.63124084472656,-25.35733413696289,-109.27406311035156,-6.452849388122559,78.83839416503906,0.25203027512506176
54,39,-12.521161079406738,41.716026306152344,-26.401519775390625,-108.2203369140625,-6.031232833862305,78.08316040039062,0.25348891848905325
54,40,-12.685646057128906,41.39299774169922,-26.17963981628418,-108.42739868164062,-5.931174278259277,77.45205688476562,0.2524530153196146
54,41,-13.02455997467041,42.03495788574219,-26.04395294189453,-108.33038330078125,-6.055243492126465,75.16552734375,0.2531161631541824
54,42,-13.67123031616211,42.470035552978516,-25.103023529052734,-108.78719329833984,-6.22698974609375,62.15673828125,0.2514621961165737
54,43,-13.728426933288574,41.380226135253906,-26.198747634887695,-108.72006225585938,-5.838173866271973,59.49266815185547,0.25234415950155215
54,44,-14.308562278747559,41.38965606689453,-26.064342498779297,-108.57754516601562,-5.869209289550781,60.02597427368164,0.2521269614060952
54,45,-15.670453071594238,43.16425704956055,-27.0850830078125,-107.60519409179688,-5.759716987609863,66.7640609741211,0.2572180186805651
54,46,-18.03362274169922,44.354190826416016,-29.236732482910156,-106.50506591796875,-4.734816551208496,72.42489624023438,0.2635522592467668
54,47,-19.499521255493164,43.504005432128906,-31.240745544433594,-105.2857437133789,-4.409111976623535,67.37612915039062,0.266586096104496
54,48,-18.987268447875977,42.833763122558594,-31.218883514404297,-106.17493438720703,-4.662571907043457,66.8906021118164,0.26554133256033996
54,49,-8.945845603942871,32.84864044189453,-22.169191360473633,-86.65442657470703,-6.259042739868164,48.949462890625,0.23801892827873783
55,0,-14.875876426696777,84.41954040527344,-0.170684814453125,-90.07405090332031,-6.926968574523926,64.15425109863281,0.2546124123575156
55,1,-14.639288902282715,82.24528503417969,1.279388427734375,-91.89054107666016,-7.2509565353393555,65.70057678222656,0.25001815612660916
55,2,-14.206878662109375,78.44371795654297,-0.7227420806884766,-93.23572540283203,-7.267333984375,67.92678833007812,0.24993292314867582
55,3,-14.833292007446289,76.09925079345703,-3.62593936920166,-92.74028015136719,-7.522027015686035,72.86955261230469,0.2530978007325103
55,4,-14.929353713989258,73.22183990478516,-7.689901351928711,-92.25233459472656,-7.3996171951293945,72.50294494628906,0.25758832752132227
55,5,-14.898988723754883,68.25139617919922,-12.661128997802734,-92.44224548339844,-7.313486099243164,74.34313201904297,0.26132807558631005
55,6,-13.634696960449219,64.67449188232422,-21.262971878051758,-92.01936340332031,-6.393902778625488,79.61871337890625,0.2713592230415439
55,7,-13.35427474975586,64.28975677490234,-23.63165283203125,-92.43895721435547,-6.82144832611084,86.18241882324219,0.27451374426733915
55,8,-12.290202140808105,62.74062728881836,-24.805309295654297,-94.15184783935547,-6.854253768920898,85.8387222290039,0.2754403470982354
55,9,-11.206875801086426,62.106143951416016,-24.76995849609375,-95.00338745117188,-6.82172966003418,84.88496398925781,0.275094850899428
55,10,-10.767611503601074,60.57514953613281,-26.884950637817383,-95.88977813720703,-6.693362236022949,84.20663452148438,0.27706011166795824
55,11,-10.652514457702637,59.299278259277344,-28.036161422729492,-96.915283203125,-6.649242401123047,84.1412582397461,0.27787891120265457
55,12,-10.50527572631836,57.850318908691406,-28.752403259277344,-97.53680419921875,-6.512063026428223,83.91487121582031,0.2777571985170976
55,13,-9.780383110046387,56.287960052490234,-28.732913970947266,-97.66565704345703,-6.456504821777344,83.4183120727539,0.2762613516812701
55,14,-9.451038360595703,55.33828353881836,-28.813949584960938,-98.88766479492188,-6.539794921875,82.88121032714844,0.2757077984680443
55,15,-9.63886833190918,54.45743179321289,-28.428958892822266,-99.55012512207031,-6.600197792053223,83.28961181640625,0.2742994134360614
55,16,-9.76881217956543,55.81706619262695,-26.269330978393555,-100.49581146240234,-6.813601493835449,82.24373626708984,0.2722434919050562
55,17,-9.996148109436035,54.51913070678711,-25.762535095214844,-101.88238525390625,-6.898263931274414,81.777099609375,0.26995963018961955
55,18,-10.310840606689453,54.668209075927734,-23.96282958984375,-102.75990295410156,-6.834085464477539,81.26583862304688,0.26678062084899906
55,19,-9.969625473022461,54.278141021728516,-22.300254821777344,-104.38715362548828,-6.861690521240234,80.84275817871094,0.26283635828666496
55,20,-9.748238563537598,52.46253204345703,-22.74488639831543,-104.4102783203125,-6.671663284301758,81.24297332763672,0.2614716085604922
55,21,-9.544794082641602,50.33482360839844,-23.716564178466797,-103.85379791259766,-6.468905448913574,80.29844665527344,0.2608728308408802
55,22,-9.505455017089844,50.93252944946289,-21.684398651123047,-104.10457611083984,-6.499739646911621,80.06359100341797,0.2574771066692904
55,23,-9.80551815032959,49.94660949707031,-21.97955322265625,-104.01588439941406,-6.372653961181641,79.3803939819336,0.25683787832628957
55,24,-10.318470001220703,50.426368713378906,-21.97425651550293,-104.1554946899414,-6.457548141479492,77.92886352539062,0.2574042777953475
55,25,-10.14709758758545,50.035831451416016,-22.538143157958984,-104.45950317382812,-6.421718597412109,78.62610626220703,0.2579638974459753
55,26,-10.474467277526855,49.17070388793945,-22.018173217773438,-105.47785949707031,-6.215663909912109,78.25688171386719,0.25542358172722907
55,27,-11.498956680297852,49.443321228027344,-22.3428955078125,-105.6637191772461,-6.377413749694824,78.19761657714844,0.2564019339218813
55,28,-11.228959083557129,48.84712600708008,-22.21070671081543,-107.02391815185547,-6.089600563049316,78.55825805664062,0.2548085696328345
55,29,-11.4799165725708,48.33131408691406,-23.707860946655273,-107.34463500976562,-6.198908805847168,78.10691833496094,0.25719233993543467
55,30,-11.417023658752441,48.22938537597656,-23.60360336303711,-107.76786041259766,-6.0750932693481445,78.21723937988281,0.256667470305395
55,31,-11.943588256835938,47.39458465576172,-24.04926109313965,-107.59245300292969,-6.144757270812988,78.68181610107422,0.2565596748248291
55,32,-11.929518699645996,46.65226745605469,-23.924362182617188,-108.19094848632812,-6.096323013305664,80.29676818847656,0.25503030030700874
55,33,-12.173458099365234,45.751808166503906,-24.597240447998047,-108.42483520507812,-6.03452205657959,79.31063842773438,0.2551461683555096
55,34,-12.510404586791992,45.230224609375,-24.310270309448242,-108.50172424316406,-6.115913391113281,79.79754638671875,0.2537596969179735
55,35,-12.430526733398438,43.741241455078125,-24.550830841064453,-109.23226928710938,-6.269627571105957,79.03412628173828,0.2518445685105351
55,36,-12.453773498535156,42.83832550048828,-24.90591812133789,-109.77933502197266,-6.404804229736328,78.31969451904297,0.2510703881301495
55,37,-12.230814933776855,42.41926574707031,-26.069150924682617,-109.16192626953125,-6.266543388366699,78.76002502441406,0.2533519981271529
55,38,-12.323036193847656,42.63124084472656,-25.35733413696289,-109.27406311035156,-6.452849388122559,78.83839416503906,0.25203027512506176
55,39,-12.521161079406738,41.716026306152344,-26.401519775390625,-108.2203369140625,-6.031232833862305,78.08316040039062,0.25348891848905325
55,40,-12.685646057128906,41.39299774169922,-26.17963981628418,-108.42739868164062,-5.931174278259277,77.45205688476562,0.2524530153196146
55,41,-13.02455997467041,42.03495788574219,-26.04395294189453,-108.33038330078125,-6.055243492126465,75.16552734375,0.2531161631541824
55,42,-13.67123031616211,42.470035552978516,-25.103023529052734,-108.78719329833984,-6.22698974609375,62.15673828125,0.2514621961165737
55,43,-13.728426933288574,41.380226135253906,-26.198747634887695,-108.72006225585938,-5.838173866271973,59.49266815185547,0.25234415950155215
55,44,-14.308562278747559,41.38965606689453,-26.064342498779297,-108.57754516601562,-5.869209289550781,60.02597427368164,0.2521269614060952
55,45,-15.670453071594238,43.16425704956055,-27.0850830078125,-107.60519409179688,-5.759716987609863,66.7640609741211,0.2572180186805651
55,46,-18.03362274169922,44.354190826416016,-29.236732482910156,-106.50506591796875,-4.734816551208496,72.42489624023438,0.2635522592467668
55,47,-19.499521255493164,43.504005432128906,-31.240745544433594,-105.2857437133789,-4.409111976623535,67.37612915039062,0.266586096104496
55,48,-18.987268447875977,42.833763122558594,-31.218883514404297,-106.17493438720703,-4.662571907043457,66.8906021118164,0.26554133256033996
55,49,-8.945845603942871,32.84864044189453,-22.169191360473633,-86.65442657470703,-6.259042739868164,48.949462890625,0.23801892827873783
56,0,-14.875876426696777,84.41954040527344,-0.170684814453125,-90.07405090332031,-6.926968574523926,64.15425109863281,0.2546124123575156
56,1,-14.639288902282715,82.24528503417969,1.279388427734375,-91.89054107666016,-7.2509565353393555,65.70057678222656,0.25001815612660916
56,2,-14.206878662109375,78.44371795654297,-0.7227420806884766,-93.23572540283203,-7.267333984375,67.92678833007812,0.24993292314867582
56,3,-14.833292007446289,76.09925079345703,-3.62593936920166,-92.74028015136719,-7.522027015686035,72.86955261230469,0.2530978007325103
56,4,-14.929353713989258,73.22183990478516,-7.689901351928711,-92.25233459472656,-7.3996171951293945,72.50294494628906,0.25758832752132227
56,5,-14.898988723754883,68.25139617919922,-12.661128997802734,-92.44224548339844,-7.313486099243164,74.34313201904297,0.26132807558631005
56,6,-13.634696960449219,64.67449188232422,-21.262971878051758,-92.01936340332031,-6.393902778625488,79.61871337890625,0.2713592230415439
56,7,-13.35427474975586,64.28975677490234,-23.63165283203125,-92.43895721435547,-6.82144832611084,86.18241882324219,0.27451374426733915
56,8,-12.290202140808105,62.74062728881836,-24.805309295654297,-94.15184783935547,-6.854253768920898,85.8387222290039,0.2754403470982354
56,9,-11.206875801086426,62.106143951416016,-24.76995849609375,-95.00338745117188,-6.82172966003418,84.88496398925781,0.275094850899428
56,10,-10.767611503601074,60.57514953613281,-26.884950637817383,-95.88977813720703,-6.693362236022949,84.20663452148438,0.27706011166795824
56,11,-10.652514457702637,59.299278259277344,-28.036161422729492,-96.915283203125,-6.649242401123047,84.1412582397461,0.27787891120265457
56,12,-10.50527572631836,57.850318908691406,-28.752403259277344,-97.53680419921875,-6.512063026428223,83.91487121582031,0.2777571985170976
56,13,-9.780383110046387,56.287960052490234,-28.732913970947266,-97.66565704345703,-6.456504821777344,83.4183120727539,0.2762613516812701
56,14,-9.451038360595703,55.33828353881836,-28.813949584960938,-98.88766479492188,-6.539794921875,82.88121032714844,0.2757077984680443
56,15,-9.63886833190918,54.45743179321289,-28.428958892822266,-99.55012512207031,-6.600197792053223,83.28961181640625,0.2742994134360614
56,16,-9.76881217956543,55.81706619262695,-26.269330978393555,-100.49581146240234,-6.813601493835449,82.24373626708984,0.2722434919050562
56,17,-9.996148109436035,54.51913070678711,-25.762535095214844,-101.88238525390625,-6.898263931274414,81.777099609375,0.26995963018961955
56,18,-10.310840606689453,54.668209075927734,-23.96282958984375,-102.75990295410156,-6.834085464477539,81.26583862304688,0.26678062084899906
56,19,-9.969625473022461,54.278141021728516,-22.300254821777344,-104.38715362548828,-6.861690521240234,80.84275817871094,0.26283635828666496
56,20,-9.748238563537598,52.46253204345703,-22.74488639831543,-104.4102783203125,-6.671663284301758,81.24297332763672,0.2614716085604922
56,21,-9.544794082641602,50.33482360839844,-23.716564178466797,-103.85379791259766,-6.468905448913574,80.29844665527344,0.2608728308408802
56,22,-9.505455017089844,50.93252944946289,-21.684398651123047,-104.10457611083984,-6.499739646911621,80.06359100341797,0.2574771066692904
56,23,-9.80551815032959,49.94660949707031,-21.97955322265625,-104.01588439941406,-6.372653961181641,79.3803939819336,0.25683787832628957
56,24,-10.318470001220703,50.426368713378906,-21.97425651550293,-104.1554946899414,-6.457548141479492,77.92886352539062,0.2574042777953475
56,25,-10.14709758758545,50.035831451416016,-22.538143157958984,-104.45950317382812,-6.421718597412109,78.62610626220703,0.2579638974459753
56,26,-10.474467277526855,49.17070388793945,-22.018173217773438,-105.47785949707031,-6.215663909912109,78.25688171386719,0.25542358172722907
56,27,-11.498956680297852,49.443321228027344,-22.3428955078125,-105.6637191772461,-6.377413749694824,78.19761657714844,0.2564019339218813
56,28,-11.228959083557129,48.84712600708008,-22.21070671081543,-107.02391815185547,-6.089600563049316,78.55825805664062,0.2548085696328345
56,29,-11.4799165725708,48.33131408691406,-23.707860946655273,-107.34463500976562,-6.198908805847168,78.10691833496094,0.25719233993543467
56,30,-11.417023658752441,48.22938537597656,-23.60360336303711,-107.76786041259766,-6.0750932693481445,78.21723937988281,0.256667470305395
56,31,-11.943588256835938,47.39458465576172,-24.04926109313965,-107.59245300292969,-6.144757270812988,78.68181610107422,0.2565596748248291
56,32,-11.929518699645996,46.65226745605469,-23.924362182617188,-108.19094848632812,-6.096323013305664,80.29676818847656,0.25503030030700874
56,33,-12.173458099365234,45.751808166503906,-24.597240447998047,-108.42483520507812,-6.03452205657959,79.31063842773438,0.2551461683555096
56,34,-12.510404586791992,45.230224609375,-24.310270309448242,-108.50172424316406,-6.115913391113281,79.79754638671875,0.2537596969179735
56,35,-12.430526733398438,43.741241455078125,-24.550830841064453,-109.23226928710938,-6.269627571105957,79.03412628173828,0.2518445685105351
56,36,-12.453773498535156,42.83832550048828,-24.90591812133789,-109.77933502197266,-6.404804229736328,78.31969451904297,0.2510703881301495
56,37,-12.230814933776855,42.41926574707031,-26.069150924682617,-109.16192626953125,-6.266543388366699,78.76002502441406,0.2533519981271529
56,38,-12.323036193847656,42.63124084472656,-25.35733413696289,-109.27406311035156,-6.452849388122559,78.83839416503906,0.25203027512506176
56,39,-12.521161079406738,41.716026306152344,-26.401519775390625,-108.2203369140625,-6.031232833862305,78.08316040039062,0.25348891848905325
56,40,-12.685646057128906,41.39299774169922,-26.17963981628418,-108.42739868164062,-5.931174278259277,77.45205688476562,0.2524530153196146
56,41,-13.02455997467041,42.03495788574219,-26.04395294189453,-108.33038330078125,-6.055243492126465,75.16552734375,0.2531161631541824
56,42,-13.67123031616211,42.470035552978516,-25.103023529052734,-108.78719329833984,-6.22698974609375,62.15673828125,0.2514621961165737
56,43,-13.728426933288574,41.380226135253906,-26.198747634887695,-108.72006225585938,-5.838173866271973,59.49266815185547,0.25234415950155215
56,44,-14.308562278747559,41.38965606689453,-26.064342498779297,-108.57754516601562,-5.869209289550781,60.02597427368164,0.2521269614060952
56,45,-15.670453071594238,43.16425704956055,-27.0850830078125,-107.60519409179688,-5.759716987609863,66.7640609741211,0.2572180186805651
56,46,-18.03362274169922,44.354190826416016,-29.236732482910156,-106.50506591796875,-4.734816551208496,72.42489624023438,0.2635522592467668
56,47,-19.499521255493164,43.504005432128906,-31.240745544433594,-105.2857437133789,-4.409111976623535,67.37612915039062,0.266586096104496
56,48,-18.987268447875977,42.833763122558594,-31.218883514404297,-106.17493438720703,-4.662571907043457,66.8906021118164,0.26554133256033996
56,49,-8.945845603942871,32.84864044189453,-22.169191360473633,-86.65442657470703,-6.259042739868164,48.949462890625,0.23801892827873783
57,0,-14.875876426696777,84.41954040527344,-0.170684814453125,-90.07405090332031,-6.926968574523926,64.15425109863281,0.2546124123575156
57,1,-14.639288902282715,82.24528503417969,1.279388427734375,-91.89054107666016,-7.2509565353393555,65.70057678222656,0.25001815612660916
57,2,-14.206878662109375,78.44371795654297,-0.7227420806884766,-93.23572540283203,-7.267333984375,67.92678833007812,0.24993292314867582
57,3,-14.833292007446289,76.09925079345703,-3.62593936920166,-92.74028015136719,-7.522027015686035,72.86955261230469,0.2530978007325103
57,4,-14.929353713989258,73.22183990478516,-7.689901351928711,-92.25233459472656,-7.3996171951293945,72.50294494628906,0.25758832752132227
57,5,-14.898988723754883,68.25139617919922,-12.661128997802734,-92.44224548339844,-7.313486099243164,74.34313201904297,0.26132807558631005
57,6,-13.634696960449219,64.67449188232422,-21.262971878051758,-92.01936340332031,-6.393902778625488,79.61871337890625,0.2713592230415439
57,7,-13.35427474975586,64.28975677490234,-23.63165283203125,-92.43895721435547,-6.82144832611084,86.18241882324219,0.27451374426733915
57,8,-12.290202140808105,62.74062728881836,-24.805309295654297,-94.15184783935547,-6.854253768920898,85.8387222290039,0.2754403470982354
57,9,-11.206875801086426,62.106143951416016,-24.76995849609375,-95.00338745117188,-6.82172966003418,84.88496398925781,0.275094850899428
57,10,-10.767611503601074,60.57514953613281,-26.884950637817383,-95.88977813720703,-6.693362236022949,84.20663452148438,0.27706011166795824
57,11,-10.652514457702637,59.299278259277344,-28.036161422729492,-96.915283203125,-6.649242401123047,84.1412582397461,0.27787891120265457
57,12,-10.50527572631836,57.850318908691406,-28.752403259277344,-97.53680419921875,-6.512063026428223,83.91487121582031,0.2777571985170976
57,13,-9.780383110046387,56.287960052490234,-28.732913970947266,-97.66565704345703,-6.456504821777344,83.4183120727539,0.2762613516812701
57,14,-9.451038360595703,55.33828353881836,-28.813949584960938,-98.88766479492188,-6.539794921875,82.88121032714844,0.2757077984680443
57,15,-9.63886833190918,54.45743179321289,-28.428958892822266,-99.55012512207031,-6.600197792053223,83.28961181640625,0.2742994134360614
57,16,-9.76881217956543,55.81706619262695,-26.269330978393555,-100.49581146240234,-6.813601493835449,82.24373626708984,0.2722434919050562
57,17,-9.996148109436035,54.51913070678711,-25.762535095214844,-101.88238525390625,-6.898263931274414,81.777099609375,0.26995963018961955
57,18,-10.310840606689453,54.668209075927734,-23.96282958984375,-102.75990295410156,-6.834085464477539,81.26583862304688,0.26678062084899906
57,19,-9.969625473022461,54.278141021728516,-22.300254821777344,-104.38715362548828,-6.861690521240234,80.84275817871094,0.26283635828666496
57,20,-9.748238563537598,52.46253204345703,-22.74488639831543,-104.4102783203125,-6.671663284301758,81.24297332763672,0.2614716085604922
57,21,-9.544794082641602,50.33482360839844,-23.716564178466797,-103.85379791259766,-6.468905448913574,80.29844665527344,0.2608728308408802
57,22,-9.505455017089844,50.93252944946289,-21.684398651123047,-104.10457611083984,-6.499739646911621,80.06359100341797,0.2574771066692904
57,23,-9.80551815032959,49.94660949707031,-21.97955322265625,-104.01588439941406,-6.372653961181641,79.3803939819336,0.25683787832628957
57,24,-10.318470001220703,50.426368713378906,-21.97425651550293,-104.1554946899414,-6.457548141479492,77.92886352539062,0.2574042777953475
57,25,-10.14709758758545,50.035831451416016,-22.538143157958984,-104.45950317382812,-6.421718597412109,78.62610626220703,0.2579638974459753
57,26,-10.474467277526855,49.17070388793945,-22.018173217773438,-105.47785949707031,-6.215663909912109,78.25688171386719,0.25542358172722907
57,27,-11.498956680297852,49.443321228027344,-22.3428955078125,-105.6637191772461,-6.377413749694824,78.19761657714844,0.2564019339218813
57,28,-11.228959083557129,48.84712600708008,-22.21070671081543,-107.02391815185547,-6.089600563049316,78.55825805664062,0.2548085696328345
57,29,-11.4799165725708,48.33131408691406,-23.707860946655273,-107.34463500976562,-6.198908805847168,78.10691833496094,0.25719233993543467
57,30,-11.417023658752441,48.22938537597656,-23.60360336303711,-107.76786041259766,-6.0750932693481445,78.21723937988281,0.256667470305395
57,31,-11.943588256835938,47.39458465576172,-24.04926109313965,-107.59245300292969,-6.144757270812988,78.68181610107422,0.2565596748248291
57,32,-11.929518699645996,46.65226745605469,-23.924362182617188,-108.19094848632812,-6.096323013305664,80.29676818847656,0.25503030030700874
57,33,-12.173458099365234,45.751808166503906,-24.597240447998047,-108.42483520507812,-6.03452205657959,79.31063842773438,0.2551461683555096
57,34,-12.510404586791992,45.230224609375,-24.310270309448242,-108.50172424316406,-6.115913391113281,79.79754638671875,0.2537596969179735
57,35,-12.430526733398438,43.741241455078125,-24.550830841064453,-109.23226928710938,-6.269627571105957,79.03412628173828,0.2518445685105351
57,36,-12.453773498535156,42.83832550048828,-24.90591812133789,-109.77933502197266,-6.404804229736328,78.31969451904297,0.2510703881301495
57,37,-12.230814933776855,42.41926574707031,-26.069150924682617,-109.16192626953125,-6.266543388366699,78.76002502441406,0.2533519981271529
57,38,-12.323036193847656,42.63124084472656,-25.35733413696289,-109.27406311035156,-6.452849388122559,78.83839416503906,0.25203027512506176
57,39,-12.521161079406738,41.716026306152344,-26.401519775390625,-108.2203369140625,-6.031232833862305,78.08316040039062,0.25348891848905325
57,40,-12.685646057128906,41.39299774169922,-26.17963981628418,-108.42739868164062,-5.931174278259277,77.45205688476562,0.2524530153196146
57,41,-13.02455997467041,42.03495788574219,-26.04395294189453,-108.33038330078125,-6.055243492126465,75.16552734375,0.2531161631541824
57,42,-13.67123031616211,42.470035552978516,-25.103023529052734,-108.78719329833984,-6.22698974609375,62.15673828125,0.2514621961165737
57,43,-13.728426933288574,41.380226135253906,-26.198747634887695,-108.72006225585938,-5.838173866271973,59.49266815185547,0.25234415950155215
57,44,-14.308562278747559,41.38965606689453,-26.064342498779297,-108.57754516601562,-5.869209289550781,60.02597427368164,0.2521269614060952
57,45,-15.670453071594238,43.16425704956055,-27.0850830078125,-107.60519409179688,-5.759716987609863,66.7640609741211,0.2572180186805651
57,46,-18.03362274169922,44.354190826416016,-29.236732482910156,-106.50506591796875,-4.734816551208496,72.42489624023438,0.2635522592467668
57,47,-19.499521255493164,43.504005432128906,-31.240745544433594,-105.2857437133789,-4.409111976623535,67.37612915039062,0.266586096104496
57,48,-18.987268447875977,42.833763122558594,-31.218883514404297,-106.17493438720703,-4.662571907043457,66.8906021118164,0.26554133256033996
57,49,-8.945845603942871,32.84864044189453,-22.169191360473633,-86.65442657470703,-6.259042739868164,48.949462890625,0.23801892827873783
58,0,-14.875876426696777,84.41954040527344,-0.170684814453125,-90.07405090332031,-6.926968574523926,64.15425109863281,0.2546124123575156
58,1,-14.639288902282715,82.24528503417969,1.279388427734375,-91.89054107666016,-7.2509565353393555,65.70057678222656,0.25001815612660916
58,2,-14.206878662109375,78.44371795654297,-0.7227420806884766,-93.23572540283203,-7.267333984375,67.92678833007812,0.24993292314867582
58,3,-14.833292007446289,76.09925079345703,-3.62593936920166,-92.74028015136719,-7.522027015686035,72.86955261230469,0.2530978007325103
58,4,-14.929353713989258,73.22183990478516,-7.689901351928711,-92.25233459472656,-7.3996171951293945,72.50294494628906,0.25758832752132227
58,5,-14.898988723754883,68.25139617919922,-12.661128997802734,-92.44224548339844,-7.313486099243164,74.34313201904297,0.26132807558631005
58,6,-13.634696960449219,64.67449188232422,-21.262971878051758,-92.01936340332031,-6.393902778625488,79.61871337890625,0.2713592230415439
58,7,-13.35427474975586,64.28975677490234,-23.63165283203125,-92.43895721435547,-6.82144832611084,86.18241882324219,0.27451374426733915
58,8,-12.290202140808105,62.74062728881836,-24.805309295654297,-94.15184783935547,-6.854253768920898,85.8387222290039,0.2754403470982354
58,9,-11.206875801086426,62.106143951416016,-24.76995849609375,-95.00338745117188,-6.82172966003418,84.88496398925781,0.275094850899428
58,10,-10.767611503601074,60.57514953613281,-26.884950637817383,-95.88977813720703,-6.693362236022949,84.20663452148438,0.27706011166795824
58,11,-10.652514457702637,59.299278259277344,-28.036161422729492,-96.915283203125,-6.649242401123047,84.1412582397461,0.27787891120265457
58,12,-10.50527572631836,57.850318908691406,-28.752403259277344,-97.53680419921875,-6.512063026428223,83.91487121582031,0.2777571985170976
58,13,-9.780383110046387,56.287960052490234,-28.732913970947266,-97.66565704345703,-6.456504821777344,83.4183120727539,0.2762613516812701
58,14,-9.451038360595703,55.33828353881836,-28.813949584960938,-98.88766479492188,-6.539794921875,82.88121032714844,0.2757077984680443
58,15,-9.63886833190918,54.45743179321289,-28.428958892822266,-99.55012512207031,-6.600197792053223,83.28961181640625,0.2742994134360614
58,16,-9.76881217956543,55.81706619262695,-26.269330978393555,-100.49581146240234,-6.813601493835449,82.24373626708984,0.2722434919050562
58,17,-9.996148109436035,54.51913070678711,-25.762535095214844,-101.88238525390625,-6.898263931274414,81.777099609375,0.26995963018961955
58,18,-10.310840606689453,54.668209075927734,-23.96282958984375,-102.75990295410156,-6.834085464477539,81.26583862304688,0.26678062084899906
58,19,-9.969625473022461,54.278141021728516,-22.300254821777344,-104.38715362548828,-6.861690521240234,80.84275817871094,0.26283635828666496
58,20,-9.748238563537598,52.46253204345703,-22.74488639831543,-104.4102783203125,-6.671663284301758,81.24297332763672,0.2614716085604922
58,21,-9.544794082641602,50.33482360839844,-23.716564178466797,-103.85379791259766,-6.468905448913574,80.29844665527344,0.2608728308408802
58,22,-9.505455017089844,50.93252944946289,-21.684398651123047,-104.10457611083984,-6.499739646911621,80.06359100341797,0.2574771066692904
58,23,-9.80551815032959,49.94660949707031,-21.97955322265625,-104.01588439941406,-6.372653961181641,79.3803939819336,0.25683787832628957
58,24,-10.318470001220703,50.426368713378906,-21.97425651550293,-104.1554946899414,-6.457548141479492,77.92886352539062,0.2574042777953475
58,25,-10.14709758758545,50.035831451416016,-22.538143157958984,-104.45950317382812,-6.421718597412109,78.62610626220703,0.2579638974459753
58,26,-10.474467277526855,49.17070388793945,-22.018173217773438,-105.47785949707031,-6.215663909912109,78.25688171386719,0.25542358172722907
58,27,-11.498956680297852,49.443321228027344,-22.3428955078125,-105.6637191772461,-6.377413749694824,78.19761657714844,0.2564019339218813
58,28,-11.228959083557129,48.84712600708008,-22.21070671081543,-107.02391815185547,-6.089600563049316,78.55825805664062,0.2548085696328345
58,29,-11.4799165725708,48.33131408691406,-23.707860946655273,-107.34463500976562,-6.198908805847168,78.10691833496094,0.25719233993543467
58,30,-11.417023658752441,48.22938537597656,-23.60360336303711,-107.76786041259766,-6.0750932693481445,78.21723937988281,0.256667470305395
58,31,-11.943588256835938,47.39458465576172,-24.04926109313965,-107.59245300292969,-6.144757270812988,78.68181610107422,0.2565596748248291
58,32,-11.929518699645996,46.65226745605469,-23.924362182617188,-108.19094848632812,-6.096323013305664,80.29676818847656,0.25503030030700874
58,33,-12.173458099365234,45.751808166503906,-24.597240447998047,-108.42483520507812,-6.03452205657959,79.31063842773438,0.2551461683555096
58,34,-12.510404586791992,45.230224609375,-24.310270309448242,-108.50172424316406,-6.115913391113281,79.79754638671875,0.2537596969179735
58,35,-12.430526733398438,43.741241455078125,-24.550830841064453,-109.23226928710938,-6.269627571105957,79.03412628173828,0.2518445685105351
58,36,-12.453773498535156,42.83832550048828,-24.90591812133789,-109.77933502197266,-6.404804229736328,78.31969451904297,0.2510703881301495
58,37,-12.230814933776855,42.41926574707031,-26.069150924682617,-109.16192626953125,-6.266543388366699,78.76002502441406,0.2533519981271529
58,38,-12.323036193847656,42.63124084472656,-25.35733413696289,-109.27406311035156,-6.452849388122559,78.83839416503906,0.25203027512506176
58,39,-12.521161079406738,41.716026306152344,-26.401519775390625,-108.2203369140625,-6.031232833862305,78.08316040039062,0.25348891848905325
58,40,-12.685646057128906,41.39299774169922,-26.17963981628418,-108.42739868164062,-5.931174278259277,77.45205688476562,0.2524530153196146
58,41,-13.02455997467041,42.03495788574219,-26.04395294189453,-108.33038330078125,-6.055243492126465,75.16552734375,0.2531161631541824
58,42,-13.67123031616211,42.470035552978516,-25.103023529052734,-108.78719329833984,-6.22698974609375,62.15673828125,0.2514621961165737
58,43,-13.728426933288574,41.380226135253906,-26.198747634887695,-108.72006225585938,-5.838173866271973,59.49266815185547,0.25234415950155215
58,44,-14.308562278747559,41.38965606689453,-26.064342498779297,-108.57754516601562,-5.869209289550781,60.02597427368164,0.2521269614060952
58,45,-15.670453071594238,43.16425704956055,-27.0850830078125,-107.60519409179688,-5.759716987609863,66.7640609741211,0.2572180186805651
58,46,-18.03362274169922,44.354190826416016,-29.236732482910156,-106.50506591796875,-4.734816551208496,72.42489624023438,0.2635522592467668
58,47,-19.499521255493164,43.504005432128906,-31.240745544433594,-105.2857437133789,-4.409111976623535,67.37612915039062,0.266586096104496
58,48,-18.987268447875977,42.833763122558594,-31.218883514404297,-106.17493438720703,-4.662571907043457,66.8906021118164,0.26554133256033996
58,49,-8.945845603942871,32.84864044189453,-22.169191360473633,-86.65442657470703,-6.259042739868164,48.949462890625,0.23801892827873783
59,0,-14.875876426696777,84.41954040527344,-0.170684814453125,-90.07405090332031,-6.926968574523926,64.15425109863281,0.2546124123575156
59,1,-14.639288902282715,82.24528503417969,1.279388427734375,-91.89054107666016,-7.2509565353393555,65.70057678222656,0.25001815612660916
59,2,-14.206878662109375,78.44371795654297,-0.7227420806884766,-93.23572540283203,-7.267333984375,67.92678833007812,0.24993292314867582
59,3,-14.833292007446289,76.09925079345703,-3.62593936920166,-92.74028015136719,-7.522027015686035,72.86955261230469,0.2530978007325103
59,4,-14.929353713989258,73.22183990478516,-7.689901351928711,-92.25233459472656,-7.3996171951293945,72.50294494628906,0.25758832752132227
59,5,-14.898988723754883,68.25139617919922,-12.661128997802734,-92.44224548339844,-7.313486099243164,74.34313201904297,0.26132807558631005
59,6,-13.634696960449219,64.67449188232422,-21.262971878051758,-92.01936340332031,-6.393902778625488,79.61871337890625,0.2713592230415439
59,7,-13.35427474975586,64.28975677490234,-23.63165283203125,-92.43895721435547,-6.82144832611084,86.18241882324219,0.27451374426733915
59,8,-12.290202140808105,62.74062728881836,-24.805309295654297,-94.15184783935547,-6.854253768920898,85.8387222290039,0.2754403470982354
59,9,-11.206875801086426,62.106143951416016,-24.76995849609375,-95.00338745117188,-6.82172966003418,84.88496398925781,0.275094850899428
59,10,-10.767611503601074,60.57514953613281,-26.884950637817383,-95.88977813720703,-6.693362236022949,84.20663452148438,0.27706011166795824
59,11,-10.652514457702637,59.299278259277344,-28.036161422729492,-96.915283203125,-6.649242401123047,84.1412582397461,0.27787891120265457
59,12,-10.50527572631836,57.850318908691406,-28.752403259277344,-97.53680419921875,-6.512063026428223,83.91487121582031,0.2777571985170976
59,13,-9.780383110046387,56.287960052490234,-28.732913970947266,-97.66565704345703,-6.456504821777344,83.4183120727539,0.2762613516812701
59,14,-9.451038360595703,55.33828353881836,-28.813949584960938,-98.88766479492188,-6.539794921875,82.88121032714844,0.2757077984680443
59,15,-9.63886833190918,54.45743179321289,-28.428958892822266,-99.55012512207031,-6.600197792053223,83.28961181640625,0.2742994134360614
59,16,-9.76881217956543,55.81706619262695,-26.269330978393555,-100.49581146240234,-6.813601493835449,82.24373626708984,0.2722434919050562
59,17,-9.996148109436035,54.51913070678711,-25.762535095214844,-101.88238525390625,-6.898263931274414,81.777099609375,0.26995963018961955
59,18,-10.310840606689453,54.668209075927734,-23.96282958984375,-102.75990295410156,-6.834085464477539,81.26583862304688,0.26678062084899906
59,19,-9.969625473022461,54.278141021728516,-22.300254821777344,-104.38715362548828,-6.861690521240234,80.84275817871094,0.26283635828666496
59,20,-9.748238563537598,52.46253204345703,-22.74488639831543,-104.4102783203125,-6.671663284301758,81.24297332763672,0.2614716085604922
59,21,-9.544794082641602,50.33482360839844,-23.716564178466797,-103.85379791259766,-6.468905448913574,80.29844665527344,0.2608728308408802
59,22,-9.505455017089844,50.93252944946289,-21.684398651123047,-104.10457611083984,-6.499739646911621,80.06359100341797,0.2574771066692904
59,23,-9.80551815032959,49.94660949707031,-21.97955322265625,-104.01588439941406,-6.372653961181641,79.3803939819336,0.25683787832628957
59,24,-10.318470001220703,50.426368713378906,-21.97425651550293,-104.1554946899414,-6.457548141479492,77.92886352539062,0.2574042777953475
59,25,-10.14709758758545,50.035831451416016,-22.538143157958984,-104.45950317382812,-6.421718597412109,78.62610626220703,0.2579638974459753
59,26,-10.474467277526855,49.17070388793945,-22.018173217773438,-105.47785949707031,-6.215663909912109,78.25688171386719,0.25542358172722907
59,27,-11.498956680297852,49.443321228027344,-22.3428955078125,-105.6637191772461,-6.377413749694824,78.19761657714844,0.2564019339218813
59,28,-11.228959083557129,48.84712600708008,-22.21070671081543,-107.02391815185547,-6.089600563049316,78.55825805664062,0.2548085696328345
59,29,-11.4799165725708,48.33131408691406,-23.707860946655273,-107.34463500976562,-6.198908805847168,78.10691833496094,0.25719233993543467
59,30,-11.417023658752441,48.22938537597656,-23.60360336303711,-107.76786041259766,-6.0750932693481445,78.21723937988281,0.256667470305395
59,31,-11.943588256835938,47.39458465576172,-24.04926109313965,-107.59245300292969,-6.144757270812988,78.68181610107422,0.2565596748248291
59,32,-11.929518699645996,46.65226745605469,-23.924362182617188,-108.19094848632812,-6.096323013305664,80.29676818847656,0.25503030030700874
59,33,-12.173458099365234,45.751808166503906,-24.597240447998047,-108.42483520507812,-6.03452205657959,79.31063842773438,0.2551461683555096
59,34,-12.510404586791992,45.230224609375,-24.310270309448242,-108.50172424316406,-6.115913391113281,79.79754638671875,0.2537596969179735
59,35,-12.430526733398438,43.741241455078125,-24.550830841064453,-109.23226928710938,-6.269627571105957,79.03412628173828,0.2518445685105351
59,36,-12.453773498535156,42.83832550048828,-24.90591812133789,-109.77933502197266,-6.404804229736328,78.31969451904297,0.2510703881301495
59,37,-12.230814933776855,42.41926574707031,-26.069150924682617,-109.16192626953125,-6.266543388366699,78.76002502441406,0.2533519981271529
59,38,-12.323036193847656,42.63124084472656,-25.35733413696289,-109.27406311035156,-6.452849388122559,78.83839416503906,0.25203027512506176
59,39,-12.521161079406738,41.716026306152344,-26.401519775390625,-108.2203369140625,-6.031232833862305,78.08316040039062,0.25348891848905325
59,40,-12.685646057128906,41.39299774169922,-26.17963981628418,-108.42739868164062,-5.931174278259277,77.45205688476562,0.2524530153196146
59,41,-13.02455997467041,42.03495788574219,-26.04395294189453,-108.33038330078125,-6.055243492126465,75.16552734375,0.2531161631541824
59,42,-13.67123031616211,42.470035552978516,-25.103023529052734,-108.78719329833984,-6.22698974609375,62.15673828125,0.2514621961165737
59,43,-13.728426933288574,41.380226135253906,-26.198747634887695,-108.72006225585938,-5.838173866271973,59.49266815185547,0.25234415950155215
59,44,-14.308562278747559,41.38965606689453,-26.064342498779297,-108.57754516601562,-5.869209289550781,60.02597427368164,0.2521269614060952
59,45,-15.670453071594238,43.16425704956055,-27.0850830078125,-107.60519409179688,-5.759716987609863,66.7640609741211,0.2572180186805651
59,46,-18.03362274169922,44.354190826416016,-29.236732482910156,-106.50506591796875,-4.734816551208496,72.42489624023438,0.2635522592467668
59,47,-19.499521255493164,43.504005432128906,-31.240745544433594,-105.2857437133789,-4.409111976623535,67.37612915039062,0.266586096104496
59,48,-18.987268447875977,42.833763122558594,-31.218883514404297,-106.17493438720703,-4.662571907043457,66.8906021118164,0.26554133256033996
59,49,-8.945845603942871,32.84864044189453,-22.169191360473633,-86.65442657470703,-6.259042739868164,48.949462890625,0.23801892827873783
60,0,-14.875876426696777,84.41954040527344,-0.170684814453125,-90.07405090332031,-6.926968574523926,64.15425109863281,0.2546124123575156
60,1,-14.639288902282715,82.24528503417969,1.279388427734375,-91.89054107666016,-7.2509565353393555,65.70057678222656,0.25001815612660916
60,2,-14.206878662109375,78.44371795654297,-0.7227420806884766,-93.23572540283203,-7.267333984375,67.92678833007812,0.24993292314867582
60,3,-14.833292007446289,76.09925079345703,-3.62593936920166,-92.74028015136719,-7.522027015686035,72.86955261230469,0.2530978007325103
60,4,-14.929353713989258,73.22183990478516,-7.689901351928711,-92.25233459472656,-7.3996171951293945,72.50294494628906,0.25758832752132227
60,5,-14.898988723754883,68.25139617919922,-12.661128997802734,-92.44224548339844,-7.313486099243164,74.34313201904297,0.26132807558631005
60,6,-13.634696960449219,64.67449188232422,-21.262971878051758,-92.01936340332031,-6.393902778625488,79.61871337890625,0.2713592230415439
60,7,-13.35427474975586,64.28975677490234,-23.63165283203125,-92.43895721435547,-6.82144832611084,86.18241882324219,0.27451374426733915
60,8,-12.290202140808105,62.74062728881836,-24.805309295654297,-94.15184783935547,-6.854253768920898,85.8387222290039,0.2754403470982354
60,9,-11.206875801086426,62.106143951416016,-24.76995849609375,-95.00338745117188,-6.82172966003418,84.88496398925781,0.275094850899428
60,10,-10.767611503601074,60.57514953613281,-26.884950637817383,-95.88977813720703,-6.693362236022949,84.20663452148438,0.27706011166795824
60,11,-10.652514457702637,59.299278259277344,-28.036161422729492,-96.915283203125,-6.649242401123047,84.1412582397461,0.27787891120265457
60,12,-10.50527572631836,57.850318908691406,-28.752403259277344,-97.53680419921875,-6.512063026428223,83.91487121582031,0.2777571985170976
60,13,-9.780383110046387,56.287960052490234,-28.732913970947266,-97.66565704345703,-6.456504821777344,83.4183120727539,0.2762613516812701
60,14,-9.451038360595703,55.33828353881836,-28.813949584960938,-98.88766479492188,-6.539794921875,82.88121032714844,0.2757077984680443
60,15,-9.63886833190918,54.45743179321289,-28.428958892822266,-99.55012512207031,-6.600197792053223,83.28961181640625,0.2742994134360614
60,16,-9.76881217956543,55.81706619262695,-26.269330978393555,-100.49581146240234,-6.813601493835449,82.24373626708984,0.2722434919050562
60,17,-9.996148109436035,54.51913070678711,-25.762535095214844,-101.88238525390625,-6.898263931274414,81.777099609375,0.26995963018961955
60,18,-10.310840606689453,54.668209075927734,-23.96282958984375,-102.75990295410156,-6.834085464477539,81.26583862304688,0.26678062084899906
60,19,-9.969625473022461,54.278141021728516,-22.300254821777344,-104.38715362548828,-6.861690521240234,80.84275817871094,0.26283635828666496
60,20,-9.748238563537598,52.46253204345703,-22.74488639831543,-104.4102783203125,-6.671663284301758,81.24297332763672,0.2614716085604922
60,21,-9.544794082641602,50.33482360839844,-23.716564178466797,-103.85379791259766,-6.468905448913574,80.29844665527344,0.2608728308408802
60,22,-9.505455017089844,50.93252944946289,-21.684398651123047,-104.10457611083984,-6.499739646911621,80.06359100341797,0.2574771066692904
60,23,-9.80551815032959,49.94660949707031,-21.97955322265625,-104.01588439941406,-6.372653961181641,79.3803939819336,0.25683787832628957
60,24,-10.318470001220703,50.426368713378906,-21.97425651550293,-104.1554946899414,-6.457548141479492,77.92886352539062,0.2574042777953475
60,25,-10.14709758758545,50.035831451416016,-22.538143157958984,-104.45950317382812,-6.421718597412109,78.62610626220703,0.2579638974459753
60,26,-10.474467277526855,49.17070388793945,-22.018173217773438,-105.47785949707031,-6.215663909912109,78.25688171386719,0.25542358172722907
60,27,-11.498956680297852,49.443321228027344,-22.3428955078125,-105.6637191772461,-6.377413749694824,78.19761657714844,0.2564019339218813
60,28,-11.228959083557129,48.84712600708008,-22.21070671081543,-107.02391815185547,-6.089600563049316,78.55825805664062,0.2548085696328345
60,29,-11.4799165725708,48.33131408691406,-23.707860946655273,-107.34463500976562,-6.198908805847168,78.10691833496094,0.25719233993543467
60,30,-11.417023658752441,48.22938537597656,-23.60360336303711,-107.76786041259766,-6.0750932693481445,78.21723937988281,0.256667470305395
60,31,-11.943588256835938,47.39458465576172,-24.04926109313965,-107.59245300292969,-6.144757270812988,78.68181610107422,0.2565596748248291
60,32,-11.929518699645996,46.65226745605469,-23.924362182617188,-108.19094848632812,-6.096323013305664,80.29676818847656,0.25503030030700874
60,33,-12.173458099365234,45.751808166503906,-24.597240447998047,-108.42483520507812,-6.03452205657959,79.31063842773438,0.2551461683555096
60,34,-12.510404586791992,45.230224609375,-24.310270309448242,-108.50172424316406,-6.115913391113281,79.79754638671875,0.2537596969179735
60,35,-12.430526733398438,43.741241455078125,-24.550830841064453,-109.23226928710938,-6.269627571105957,79.03412628173828,0.2518445685105351
60,36,-12.453773498535156,42.83832550048828,-24.90591812133789,-109.77933502197266,-6.404804229736328,78.31969451904297,0.2510703881301495
60,37,-12.230814933776855,42.41926574707031,-26.069150924682617,-109.16192626953125,-6.266543388366699,78.76002502441406,0.2533519981271529
60,38,-12.323036193847656,42.63124084472656,-25.35733413696289,-109.27406311035156,-6.452849388122559,78.83839416503906,0.25203027512506176
60,39,-12.521161079406738,41.716026306152344,-26.401519775390625,-108.2203369140625,-6.031232833862305,78.08316040039062,0.25348891848905325
60,40,-12.685646057128906,41.39299774169922,-26.17963981628418,-108.42739868164062,-5.931174278259277,77.45205688476562,0.2524530153196146
60,41,-13.02455997467041,42.03495788574219,-26.04395294189453,-108.33038330078125,-6.055243492126465,75.16552734375,0.2531161631541824
60,42,-13.67123031616211,42.470035552978516,-25.103023529052734,-108.78719329833984,-6.22698974609375,62.15673828125,0.2514621961165737
60,43,-13.728426933288574,41.380226135253906,-26.198747634887695,-108.72006225585938,-5.838173866271973,59.49266815185547,0.25234415950155215
60,44,-14.308562278747559,41.38965606689453,-26.064342498779297,-108.57754516601562,-5.869209289550781,60.02597427368164,0.2521269614060952
60,45,-15.670453071594238,43.16425704956055,-27.0850830078125,-107.60519409179688,-5.759716987609863,66.7640609741211,0.2572180186805651
60,46,-18.03362274169922,44.354190826416016,-29.236732482910156,-106.50506591796875,-4.734816551208496,72.42489624023438,0.2635522592467668
60,47,-19.499521255493164,43.504005432128906,-31.240745544433594,-105.2857437133789,-4.409111976623535,67.37612915039062,0.266586096104496
60,48,-18.987268447875977,42.833763122558594,-31.218883514404297,-106.17493438720703,-4.662571907043457,66.8906021118164,0.26554133256033996
60,49,-8.945845603942871,32.84864044189453,-22.169191360473633,-86.65442657470703,-6.259042739868164,48.949462890625,0.23801892827873783
61,0,-14.875876426696777,84.41954040527344,-0.170684814453125,-90.07405090332031,-6.926968574523926,64.15425109863281,0.2546124123575156
61,1,-14.639288902282715,82.24528503417969,1.279388427734375,-91.89054107666016,-7.2509565353393555,65.70057678222656,0.25001815612660916
61,2,-14.206878662109375,78.44371795654297,-0.7227420806884766,-93.23572540283203,-7.267333984375,67.92678833007812,0.24993292314867582
61,3,-14.833292007446289,76.09925079345703,-3.62593936920166,-92.74028015136719,-7.522027015686035,72.86955261230469,0.2530978007325103
61,4,-14.929353713989258,73.22183990478516,-7.689901351928711,-92.25233459472656,-7.3996171951293945,72.50294494628906,0.25758832752132227
61,5,-14.898988723754883,68.25139617919922,-12.661128997802734,-92.44224548339844,-7.313486099243164,74.34313201904297,0.26132807558631005
61,6,-13.634696960449219,64.67449188232422,-21.262971878051758,-92.01936340332031,-6.393902778625488,79.61871337890625,0.2713592230415439
61,7,-13.35427474975586,64.28975677490234,-23.63165283203125,-92.43895721435547,-6.82144832611084,86.18241882324219,0.27451374426733915
61,8,-12.290202140808105,62.74062728881836,-24.805309295654297,-94.15184783935547,-6.854253768920898,85.8387222290039,0.2754403470982354
61,9,-11.206875801086426,62.106143951416016,-24.76995849609375,-95.00338745117188,-6.82172966003418,84.88496398925781,0.275094850899428
61,10,-10.767611503601074,60.57514953613281,-26.884950637817383,-95.88977813720703,-6.693362236022949,84.20663452148438,0.27706011166795824
61,11,-10.652514457702637,59.299278259277344,-28.036161422729492,-96.915283203125,-6.649242401123047,84.1412582397461,0.27787891120265457
61,12,-10.50527572631836,57.850318908691406,-28.752403259277344,-97.53680419921875,-6.512063026428223,83.91487121582031,0.2777571985170976
61,13,-9.780383110046387,56.287960052490234,-28.732913970947266,-97.66565704345703,-6.456504821777344,83.4183120727539,0.2762613516812701
61,14,-9.451038360595703,55.33828353881836,-28.813949584960938,-98.88766479492188,-6.539794921875,82.88121032714844,0.2757077984680443
61,15,-9.63886833190918,54.45743179321289,-28.428958892822266,-99.55012512207031,-6.600197792053223,83.28961181640625,0.2742994134360614
61,16,-9.76881217956543,55.81706619262695,-26.269330978393555,-100.49581146240234,-6.813601493835449,82.24373626708984,0.2722434919050562
61,17,-9.996148109436035,54.51913070678711,-25.762535095214844,-101.88238525390625,-6.898263931274414,81.777099609375,0.26995963018961955
61,18,-10.310840606689453,54.668209075927734,-23.96282958984375,-102.75990295410156,-6.834085464477539,81.26583862304688,0.26678062084899906
61,19,-9.969625473022461,54.278141021728516,-22.300254821777344,-104.38715362548828,-6.861690521240234,80.84275817871094,0.26283635828666496
61,20,-9.748238563537598,52.46253204345703,-22.74488639831543,-104.4102783203125,-6.671663284301758,81.24297332763672,0.2614716085604922
61,21,-9.544794082641602,50.33482360839844,-23.716564178466797,-103.85379791259766,-6.468905448913574,80.29844665527344,0.2608728308408802
61,22,-9.505455017089844,50.93252944946289,-21.684398651123047,-104.10457611083984,-6.499739646911621,80.06359100341797,0.2574771066692904
61,23,-9.80551815032959,49.94660949707031,-21.97955322265625,-104.01588439941406,-6.372653961181641,79.3803939819336,0.25683787832628957
61,24,-10.318470001220703,50.426368713378906,-21.97425651550293,-104.1554946899414,-6.457548141479492,77.92886352539062,0.2574042777953475
61,25,-10.14709758758545,50.035831451416016,-22.538143157958984,-104.45950317382812,-6.421718597412109,78.62610626220703,0.2579638974459753
61,26,-10.474467277526855,49.17070388793945,-22.018173217773438,-105.47785949707031,-6.215663909912109,78.25688171386719,0.25542358172722907
61,27,-11.498956680297852,49.443321228027344,-22.3428955078125,-105.6637191772461,-6.377413749694824,78.19761657714844,0.2564019339218813
61,28,-11.228959083557129,48.84712600708008,-22.21070671081543,-107.02391815185547,-6.089600563049316,78.55825805664062,0.2548085696328345
61,29,-11.4799165725708,48.33131408691406,-23.707860946655273,-107.34463500976562,-6.198908805847168,78.10691833496094,0.25719233993543467
61,30,-11.417023658752441,48.22938537597656,-23.60360336303711,-107.76786041259766,-6.0750932693481445,78.21723937988281,0.256667470305395
61,31,-11.943588256835938,47.39458465576172,-24.04926109313965,-107.59245300292969,-6.144757270812988,78.68181610107422,0.2565596748248291
61,32,-11.929518699645996,46.65226745605469,-23.924362182617188,-108.19094848632812,-6.096323013305664,80.29676818847656,0.25503030030700874
61,33,-12.173458099365234,45.751808166503906,-24.597240447998047,-108.42483520507812,-6.03452205657959,79.31063842773438,0.2551461683555096
61,34,-12.510404586791992,45.230224609375,-24.310270309448242,-108.50172424316406,-6.115913391113281,79.79754638671875,0.2537596969179735
61,35,-12.430526733398438,43.741241455078125,-24.550830841064453,-109.23226928710938,-6.269627571105957,79.03412628173828,0.2518445685105351
61,36,-12.453773498535156,42.83832550048828,-24.90591812133789,-109.77933502197266,-6.404804229736328,78.31969451904297,0.2510703881301495
61,37,-12.230814933776855,42.41926574707031,-26.069150924682617,-109.16192626953125,-6.266543388366699,78.76002502441406,0.2533519981271529
61,38,-12.323036193847656,42.63124084472656,-25.35733413696289,-109.27406311035156,-6.452849388122559,78.83839416503906,0.25203027512506176
61,39,-12.521161079406738,41.716026306152344,-26.401519775390625,-108.2203369140625,-6.031232833862305,78.08316040039062,0.25348891848905325
61,40,-12.685646057128906,41.39299774169922,-26.17963981628418,-108.42739868164062,-5.931174278259277,77.45205688476562,0.2524530153196146
61,41,-13.02455997467041,42.03495788574219,-26.04395294189453,-108.33038330078125,-6.055243492126465,75.16552734375,0.2531161631541824
61,42,-13.67123031616211,42.470035552978516,-25.103023529052734,-108.78719329833984,-6.22698974609375,62.15673828125,0.2514621961165737
61,43,-13.728426933288574,41.380226135253906,-26.198747634887695,-108.72006225585938,-5.838173866271973,59.49266815185547,0.25234415950155215
61,44,-14.308562278747559,41.38965606689453,-26.064342498779297,-108.57754516601562,-5.869209289550781,60.02597427368164,0.2521269614060952
61,45,-15.670453071594238,43.16425704956055,-27.0850830078125,-107.60519409179688,-5.759716987609863,66.7640609741211,0.2572180186805651
61,46,-18.03362274169922,44.354190826416016,-29.236732482910156,-106.50506591796875,-4.734816551208496,72.42489624023438,0.2635522592467668
61,47,-19.499521255493164,43.504005432128906,-31.240745544433594,-105.2857437133789,-4.409111976623535,67.37612915039062,0.266586096104496
61,48,-18.987268447875977,42.833763122558594,-31.218883514404297,-106.17493438720703,-4.662571907043457,66.8906021118164,0.26554133256033996
61,49,-8.945845603942871,32.84864044189453,-22.169191360473633,-86.65442657470703,-6.259042739868164,48.949462890625,0.23801892827873783
62,0,-14.875876426696777,84.41954040527344,-0.170684814453125,-90.07405090332031,-6.926968574523926,64.15425109863281,0.2546124123575156
62,1,-14.639288902282715,82.24528503417969,1.279388427734375,-91.89054107666016,-7.2509565353393555,65.70057678222656,0.25001815612660916
62,2,-14.206878662109375,78.44371795654297,-0.7227420806884766,-93.23572540283203,-7.267333984375,67.92678833007812,0.24993292314867582
62,3,-14.833292007446289,76.09925079345703,-3.62593936920166,-92.74028015136719,-7.522027015686035,72.86955261230469,0.2530978007325103
62,4,-14.929353713989258,73.22183990478516,-7.689901351928711,-92.25233459472656,-7.3996171951293945,72.50294494628906,0.25758832752132227
62,5,-14.898988723754883,68.25139617919922,-12.661128997802734,-92.44224548339844,-7.313486099243164,74.34313201904297,0.26132807558631005
62,6,-13.634696960449219,64.67449188232422,-21.262971878051758,-92.01936340332031,-6.393902778625488,79.61871337890625,0.2713592230415439
62,7,-13.35427474975586,64.28975677490234,-23.63165283203125,-92.43895721435547,-6.82144832611084,86.18241882324219,0.27451374426733915
62,8,-12.290202140808105,62.74062728881836,-24.805309295654297,-94.15184783935547,-6.854253768920898,85.8387222290039,0.2754403470982354
62,9,-11.206875801086426,62.106143951416016,-24.76995849609375,-95.00338745117188,-6.82172966003418,84.88496398925781,0.275094850899428
62,10,-10.767611503601074,60.57514953613281,-26.884950637817383,-95.88977813720703,-6.693362236022949,84.20663452148438,0.27706011166795824
62,11,-10.652514457702637,59.299278259277344,-28.036161422729492,-96.915283203125,-6.649242401123047,84.1412582397461,0.27787891120265457
62,12,-10.50527572631836,57.850318908691406,-28.752403259277344,-97.53680419921875,-6.512063026428223,83.91487121582031,0.2777571985170976
62,13,-9.780383110046387,56.287960052490234,-28.732913970947266,-97.66565704345703,-6.456504821777344,83.4183120727539,0.2762613516812701
62,14,-9.451038360595703,55.33828353881836,-28.813949584960938,-98.88766479492188,-6.539794921875,82.88121032714844,0.2757077984680443
62,15,-9.63886833190918,54.45743179321289,-28.428958892822266,-99.55012512207031,-6.600197792053223,83.28961181640625,0.2742994134360614
62,16,-9.76881217956543,55.81706619262695,-26.269330978393555,-100.49581146240234,-6.813601493835449,82.24373626708984,0.2722434919050562
62,17,-9.996148109436035,54.51913070678711,-25.762535095214844,-101.88238525390625,-6.898263931274414,81.777099609375,0.26995963018961955
62,18,-10.310840606689453,54.668209075927734,-23.96282958984375,-102.75990295410156,-6.834085464477539,81.26583862304688,0.26678062084899906
62,19,-9.969625473022461,54.278141021728516,-22.300254821777344,-104.38715362548828,-6.861690521240234,80.84275817871094,0.26283635828666496
62,20,-9.748238563537598,52.46253204345703,-22.74488639831543,-104.4102783203125,-6.671663284301758,81.24297332763672,0.2614716085604922
62,21,-9.544794082641602,50.33482360839844,-23.716564178466797,-103.85379791259766,-6.468905448913574,80.29844665527344,0.2608728308408802
62,22,-9.505455017089844,50.93252944946289,-21.684398651123047,-104.10457611083984,-6.499739646911621,80.06359100341797,0.2574771066692904
62,23,-9.80551815032959,49.94660949707031,-21.97955322265625,-104.01588439941406,-6.372653961181641,79.3803939819336,0.25683787832628957
62,24,-10.318470001220703,50.426368713378906,-21.97425651550293,-104.1554946899414,-6.457548141479492,77.92886352539062,0.2574042777953475
62,25,-10.14709758758545,50.035831451416016,-22.538143157958984,-104.45950317382812,-6.421718597412109,78.62610626220703,0.2579638974459753
62,26,-10.474467277526855,49.17070388793945,-22.018173217773438,-105.47785949707031,-6.215663909912109,78.25688171386719,0.25542358172722907
62,27,-11.498956680297852,49.443321228027344,-22.3428955078125,-105.6637191772461,-6.377413749694824,78.19761657714844,0.2564019339218813
62,28,-11.228959083557129,48.84712600708008,-22.21070671081543,-107.02391815185547,-6.089600563049316,78.55825805664062,0.2548085696328345
62,29,-11.4799165725708,48.33131408691406,-23.707860946655273,-107.34463500976562,-6.198908805847168,78.10691833496094,0.25719233993543467
62,30,-11.417023658752441,48.22938537597656,-23.60360336303711,-107.76786041259766,-6.0750932693481445,78.21723937988281,0.256667470305395
62,31,-11.943588256835938,47.39458465576172,-24.04926109313965,-107.59245300292969,-6.144757270812988,78.68181610107422,0.2565596748248291
62,32,-11.929518699645996,46.65226745605469,-23.924362182617188,-108.19094848632812,-6.096323013305664,80.29676818847656,0.25503030030700874
62,33,-12.173458099365234,45.751808166503906,-24.597240447998047,-108.42483520507812,-6.03452205657959,79.31063842773438,0.2551461683555096
62,34,-12.510404586791992,45.230224609375,-24.310270309448242,-108.50172424316406,-6.115913391113281,79.79754638671875,0.2537596969179735
62,35,-12.430526733398438,43.741241455078125,-24.550830841064453,-109.23226928710938,-6.269627571105957,79.03412628173828,0.2518445685105351
62,36,-12.453773498535156,42.83832550048828,-24.90591812133789,-109.77933502197266,-6.404804229736328,78.31969451904297,0.2510703881301495
62,37,-12.230814933776855,42.41926574707031,-26.069150924682617,-109.16192626953125,-6.266543388366699,78.76002502441406,0.2533519981271529
62,38,-12.323036193847656,42.63124084472656,-25.35733413696289,-109.27406311035156,-6.452849388122559,78.83839416503906,0.25203027512506176
62,39,-12.521161079406738,41.716026306152344,-26.401519775390625,-108.2203369140625,-6.031232833862305,78.08316040039062,0.25348891848905325
62,40,-12.685646057128906,41.39299774169922,-26.17963981628418,-108.42739868164062,-5.931174278259277,77.45205688476562,0.2524530153196146
62,41,-13.02455997467041,42.03495788574219,-26.04395294189453,-108.33038330078125,-6.055243492126465,75.16552734375,0.2531161631541824
62,42,-13.67123031616211,42.470035552978516,-25.103023529052734,-108.78719329833984,-6.22698974609375,62.15673828125,0.2514621961165737
62,43,-13.728426933288574,41.380226135253906,-26.198747634887695,-108.72006225585938,-5.838173866271973,59.49266815185547,0.25234415950155215
62,44,-14.308562278747559,41.38965606689453,-26.064342498779297,-108.57754516601562,-5.869209289550781,60.02597427368164,0.2521269614060952
62,45,-15.670453071594238,43.16425704956055,-27.0850830078125,-107.60519409179688,-5.759716987609863,66.7640609741211,0.2572180186805651
62,46,-18.03362274169922,44.354190826416016,-29.236732482910156,-106.50506591796875,-4.734816551208496,72.42489624023438,0.2635522592467668
62,47,-19.499521255493164,43.504005432128906,-31.240745544433594,-105.2857437133789,-4.409111976623535,67.37612915039062,0.266586096104496
62,48,-18.987268447875977,42.833763122558594,-31.218883514404297,-106.17493438720703,-4.662571907043457,66.8906021118164,0.26554133256033996
62,49,-8.945845603942871,32.84864044189453,-22.169191360473633,-86.65442657470703,-6.259042739868164,48.949462890625,0.23801892827873783
63,0,-14.875876426696777,84.41954040527344,-0.170684814453125,-90.07405090332031,-6.926968574523926,64.15425109863281,0.2546124123575156
63,1,-14.639288902282715,82.24528503417969,1.279388427734375,-91.89054107666016,-7.2509565353393555,65.70057678222656,0.25001815612660916
63,2,-14.206878662109375,78.44371795654297,-0.7227420806884766,-93.23572540283203,-7.267333984375,67.92678833007812,0.24993292314867582
63,3,-14.833292007446289,76.09925079345703,-3.62593936920166,-92.74028015136719,-7.522027015686035,72.86955261230469,0.2530978007325103
63,4,-14.929353713989258,73.22183990478516,-7.689901351928711,-92.25233459472656,-7.3996171951293945,72.50294494628906,0.25758832752132227
63,5,-14.898988723754883,68.25139617919922,-12.661128997802734,-92.44224548339844,-7.313486099243164,74.34313201904297,0.26132807558631005
63,6,-13.634696960449219,64.67449188232422,-21.262971878051758,-92.01936340332031,-6.393902778625488,79.61871337890625,0.2713592230415439
63,7,-13.35427474975586,64.28975677490234,-23.63165283203125,-92.43895721435547,-6.82144832611084,86.18241882324219,0.27451374426733915
63,8,-12.290202140808105,62.74062728881836,-24.805309295654297,-94.15184783935547,-6.854253768920898,85.8387222290039,0.2754403470982354
63,9,-11.206875801086426,62.106143951416016,-24.76995849609375,-95.00338745117188,-6.82172966003418,84.88496398925781,0.275094850899428
63,10,-10.767611503601074,60.57514953613281,-26.884950637817383,-95.88977813720703,-6.693362236022949,84.20663452148438,0.27706011166795824
63,11,-10.652514457702637,59.299278259277344,-28.036161422729492,-96.915283203125,-6.649242401123047,84.1412582397461,0.27787891120265457
63,12,-10.50527572631836,57.850318908691406,-28.752403259277344,-97.53680419921875,-6.512063026428223,83.91487121582031,0.2777571985170976
63,13,-9.780383110046387,56.287960052490234,-28.732913970947266,-97.66565704345703,-6.456504821777344,83.4183120727539,0.2762613516812701
63,14,-9.451038360595703,55.33828353881836,-28.813949584960938,-98.88766479492188,-6.539794921875,82.88121032714844,0.2757077984680443
63,15,-9.63886833190918,54.45743179321289,-28.428958892822266,-99.55012512207031,-6.600197792053223,83.28961181640625,0.2742994134360614
63,16,-9.76881217956543,55.81706619262695,-26.269330978393555,-100.49581146240234,-6.813601493835449,82.24373626708984,0.2722434919050562
63,17,-9.996148109436035,54.51913070678711,-25.762535095214844,-101.88238525390625,-6.898263931274414,81.777099609375,0.26995963018961955
63,18,-10.310840606689453,54.668209075927734,-23.96282958984375,-102.75990295410156,-6.834085464477539,81.26583862304688,0.26678062084899906
63,19,-9.969625473022461,54.278141021728516,-22.300254821777344,-104.38715362548828,-6.861690521240234,80.84275817871094,0.26283635828666496
63,20,-9.748238563537598,52.46253204345703,-22.74488639831543,-104.4102783203125,-6.671663284301758,81.24297332763672,0.2614716085604922
63,21,-9.544794082641602,50.33482360839844,-23.716564178466797,-103.85379791259766,-6.468905448913574,80.29844665527344,0.2608728308408802
63,22,-9.505455017089844,50.93252944946289,-21.684398651123047,-104.10457611083984,-6.499739646911621,80.06359100341797,0.2574771066692904
63,23,-9.80551815032959,49.94660949707031,-21.97955322265625,-104.01588439941406,-6.372653961181641,79.3803939819336,0.25683787832628957
63,24,-10.318470001220703,50.426368713378906,-21.97425651550293,-104.1554946899414,-6.457548141479492,77.92886352539062,0.2574042777953475
63,25,-10.14709758758545,50.035831451416016,-22.538143157958984,-104.45950317382812,-6.421718597412109,78.62610626220703,0.2579638974459753
63,26,-10.474467277526855,49.17070388793945,-22.018173217773438,-105.47785949707031,-6.215663909912109,78.25688171386719,0.25542358172722907
63,27,-11.498956680297852,49.443321228027344,-22.3428955078125,-105.6637191772461,-6.377413749694824,78.19761657714844,0.2564019339218813
63,28,-11.228959083557129,48.84712600708008,-22.21070671081543,-107.02391815185547,-6.089600563049316,78.55825805664062,0.2548085696328345
63,29,-11.4799165725708,48.33131408691406,-23.707860946655273,-107.34463500976562,-6.198908805847168,78.10691833496094,0.25719233993543467
63,30,-11.417023658752441,48.22938537597656,-23.60360336303711,-107.76786041259766,-6.0750932693481445,78.21723937988281,0.256667470305395
63,31,-11.943588256835938,47.39458465576172,-24.04926109313965,-107.59245300292969,-6.144757270812988,78.68181610107422,0.2565596748248291
63,32,-11.929518699645996,46.65226745605469,-23.924362182617188,-108.19094848632812,-6.096323013305664,80.29676818847656,0.25503030030700874
63,33,-12.173458099365234,45.751808166503906,-24.597240447998047,-108.42483520507812,-6.03452205657959,79.31063842773438,0.2551461683555096
63,34,-12.510404586791992,45.230224609375,-24.310270309448242,-108.50172424316406,-6.115913391113281,79.79754638671875,0.2537596969179735
63,35,-12.430526733398438,43.741241455078125,-24.550830841064453,-109.23226928710938,-6.269627571105957,79.03412628173828,0.2518445685105351
63,36,-12.453773498535156,42.83832550048828,-24.90591812133789,-109.77933502197266,-6.404804229736328,78.31969451904297,0.2510703881301495
63,37,-12.230814933776855,42.41926574707031,-26.069150924682617,-109.16192626953125,-6.266543388366699,78.76002502441406,0.2533519981271529
63,38,-12.323036193847656,42.63124084472656,-25.35733413696289,-109.27406311035156,-6.452849388122559,78.83839416503906,0.25203027512506176
63,39,-12.521161079406738,41.716026306152344,-26.401519775390625,-108.2203369140625,-6.031232833862305,78.08316040039062,0.25348891848905325
63,40,-12.685646057128906,41.39299774169922,-26.17963981628418,-108.42739868164062,-5.931174278259277,77.45205688476562,0.2524530153196146
63,41,-13.02455997467041,42.03495788574219,-26.04395294189453,-108.33038330078125,-6.055243492126465,75.16552734375,0.2531161631541824
63,42,-13.67123031616211,42.470035552978516,-25.103023529052734,-108.78719329833984,-6.22698974609375,62.15673828125,0.2514621961165737
63,43,-13.728426933288574,41.380226135253906,-26.198747634887695,-108.72006225585938,-5.838173866271973,59.49266815185547,0.25234415950155215
63,44,-14.308562278747559,41.38965606689453,-26.064342498779297,-108.57754516601562,-5.869209289550781,60.02597427368164,0.2521269614060952
63,45,-15.670453071594238,43.16425704956055,-27.0850830078125,-107.60519409179688,-5.759716987609863,66.7640609741211,0.2572180186805651
63,46,-18.03362274169922,44.354190826416016,-29.236732482910156,-106.50506591796875,-4.734816551208496,72.42489624023438,0.2635522592467668
63,47,-19.499521255493164,43.504005432128906,-31.240745544433594,-105.2857437133789,-4.409111976623535,67.37612915039062,0.266586096104496
63,48,-18.987268447875977,42.833763122558594,-31.218883514404297,-106.17493438720703,-4.662571907043457,66.8906021118164,0.26554133256033996
63,49,-8.945845603942871,32.84864044189453,-22.169191360473633,-86.65442657470703,-6.259042739868164,48.949462890625,0.23801892827873783
64,0,-14.875876426696777,84.41954040527344,-0.170684814453125,-90.07405090332031,-6.926968574523926,64.15425109863281,0.2546124123575156
64,1,-14.639288902282715,82.24528503417969,1.279388427734375,-91.89054107666016,-7.2509565353393555,65.70057678222656,0.25001815612660916
64,2,-14.206878662109375,78.44371795654297,-0.7227420806884766,-93.23572540283203,-7.267333984375,67.92678833007812,0.24993292314867582
64,3,-14.833292007446289,76.09925079345703,-3.62593936920166,-92.74028015136719,-7.522027015686035,72.86955261230469,0.2530978007325103
64,4,-14.929353713989258,73.22183990478516,-7.689901351928711,-92.25233459472656,-7.3996171951293945,72.50294494628906,0.25758832752132227
64,5,-14.898988723754883,68.25139617919922,-12.661128997802734,-92.44224548339844,-7.313486099243164,74.34313201904297,0.26132807558631005
64,6,-13.634696960449219,64.67449188232422,-21.262971878051758,-92.01936340332031,-6.393902778625488,79.61871337890625,0.2713592230415439
64,7,-13.35427474975586,64.28975677490234,-23.63165283203125,-92.43895721435547,-6.82144832611084,86.18241882324219,0.27451374426733915
64,8,-12.290202140808105,62.74062728881836,-24.805309295654297,-94.15184783935547,-6.854253768920898,85.8387222290039,0.2754403470982354
64,9,-11.206875801086426,62.106143951416016,-24.76995849609375,-95.00338745117188,-6.82172966003418,84.88496398925781,0.275094850899428
64,10,-10.767611503601074,60.57514953613281,-26.884950637817383,-95.88977813720703,-6.693362236022949,84.20663452148438,0.27706011166795824
64,11,-10.652514457702637,59.299278259277344,-28.036161422729492,-96.915283203125,-6.649242401123047,84.1412582397461,0.27787891120265457
64,12,-10.50527572631836,57.850318908691406,-28.752403259277344,-97.53680419921875,-6.512063026428223,83.91487121582031,0.2777571985170976
64,13,-9.780383110046387,56.287960052490234,-28.732913970947266,-97.66565704345703,-6.456504821777344,83.4183120727539,0.2762613516812701
64,14,-9.451038360595703,55.33828353881836,-28.813949584960938,-98.88766479492188,-6.539794921875,82.88121032714844,0.2757077984680443
64,15,-9.63886833190918,54.45743179321289,-28.428958892822266,-99.55012512207031,-6.600197792053223,83.28961181640625,0.2742994134360614
64,16,-9.76881217956543,55.81706619262695,-26.269330978393555,-100.49581146240234,-6.813601493835449,82.24373626708984,0.2722434919050562
64,17,-9.996148109436035,54.51913070678711,-25.762535095214844,-101.88238525390625,-6.898263931274414,81.777099609375,0.26995963018961955
64,18,-10.310840606689453,54.668209075927734,-23.96282958984375,-102.75990295410156,-6.834085464477539,81.26583862304688,0.26678062084899906
64,19,-9.969625473022461,54.278141021728516,-22.300254821777344,-104.38715362548828,-6.861690521240234,80.84275817871094,0.26283635828666496
64,20,-9.748238563537598,52.46253204345703,-22.74488639831543,-104.4102783203125,-6.671663284301758,81.24297332763672,0.2614716085604922
64,21,-9.544794082641602,50.33482360839844,-23.716564178466797,-103.85379791259766,-6.468905448913574,80.29844665527344,0.2608728308408802
64,22,-9.505455017089844,50.93252944946289,-21.684398651123047,-104.10457611083984,-6.499739646911621,80.06359100341797,0.2574771066692904
64,23,-9.80551815032959,49.94660949707031,-21.97955322265625,-104.01588439941406,-6.372653961181641,79.3803939819336,0.25683787832628957
64,24,-10.318470001220703,50.426368713378906,-21.97425651550293,-104.1554946899414,-6.457548141479492,77.92886352539062,0.2574042777953475
64,25,-10.14709758758545,50.035831451416016,-22.538143157958984,-104.45950317382812,-6.421718597412109,78.62610626220703,0.2579638974459753
64,26,-10.474467277526855,49.17070388793945,-22.018173217773438,-105.47785949707031,-6.215663909912109,78.25688171386719,0.25542358172722907
64,27,-11.498956680297852,49.443321228027344,-22.3428955078125,-105.6637191772461,-6.377413749694824,78.19761657714844,0.2564019339218813
64,28,-11.228959083557129,48.84712600708008,-22.21070671081543,-107.02391815185547,-6.089600563049316,78.55825805664062,0.2548085696328345
64,29,-11.4799165725708,48.33131408691406,-23.707860946655273,-107.34463500976562,-6.198908805847168,78.10691833496094,0.25719233993543467
64,30,-11.417023658752441,48.22938537597656,-23.60360336303711,-107.76786041259766,-6.0750932693481445,78.21723937988281,0.256667470305395
64,31,-11.943588256835938,47.39458465576172,-24.04926109313965,-107.59245300292969,-6.144757270812988,78.68181610107422,0.2565596748248291
64,32,-11.929518699645996,46.65226745605469,-23.924362182617188,-108.19094848632812,-6.096323013305664,80.29676818847656,0.25503030030700874
64,33,-12.173458099365234,45.751808166503906,-24.597240447998047,-108.42483520507812,-6.03452205657959,79.31063842773438,0.2551461683555096
64,34,-12.510404586791992,45.230224609375,-24.310270309448242,-108.50172424316406,-6.115913391113281,79.79754638671875,0.2537596969179735
64,35,-12.430526733398438,43.741241455078125,-24.550830841064453,-109.23226928710938,-6.269627571105957,79.03412628173828,0.2518445685105351
64,36,-12.453773498535156,42.83832550048828,-24.90591812133789,-109.77933502197266,-6.404804229736328,78.31969451904297,0.2510703881301495
64,37,-12.230814933776855,42.41926574707031,-26.069150924682617,-109.16192626953125,-6.266543388366699,78.76002502441406,0.2533519981271529
64,38,-12.323036193847656,42.63124084472656,-25.35733413696289,-109.27406311035156,-6.452849388122559,78.83839416503906,0.25203027512506176
64,39,-12.521161079406738,41.716026306152344,-26.401519775390625,-108.2203369140625,-6.031232833862305,78.08316040039062,0.25348891848905325
64,40,-12.685646057128906,41.39299774169922,-26.17963981628418,-108.42739868164062,-5.931174278259277,77.45205688476562,0.2524530153196146
64,41,-13.02455997467041,42.03495788574219,-26.04395294189453,-108.33038330078125,-6.055243492126465,75.16552734375,0.2531161631541824
64,42,-13.67123031616211,42.470035552978516,-25.103023529052734,-108.78719329833984,-6.22698974609375,62.15673828125,0.2514621961165737
64,43,-13.728426933288574,41.380226135253906,-26.198747634887695,-108.72006225585938,-5.838173866271973,59.49266815185547,0.25234415950155215
64,44,-14.308562278747559,41.38965606689453,-26.064342498779297,-108.57754516601562,-5.869209289550781,60.02597427368164,0.2521269614060952
64,45,-15.670453071594238,43.16425704956055,-27.0850830078125,-107.60519409179688,-5.759716987609863,66.7640609741211,0.2572180186805651
64,46,-18.03362274169922,44.354190826416016,-29.236732482910156,-106.50506591796875,-4.734816551208496,72.42489624023438,0.2635522592467668
64,47,-19.499521255493164,43.504005432128906,-31.240745544433594,-105.2857437133789,-4.409111976623535,67.37612915039062,0.266586096104496
64,48,-18.987268447875977,42.833763122558594,-31.218883514404297,-106.17493438720703,-4.662571907043457,66.8906021118164,0.26554133256033996
64,49,-8.945845603942871,32.84864044189453,-22.169191360473633,-86.65442657470703,-6.259042739868164,48.949462890625,0.23801892827873783
65,0,-14.875876426696777,84.41954040527344,-0.170684814453125,-90.07405090332031,-6.926968574523926,64.15425109863281,0.2546124123575156
65,1,-14.639288902282715,82.24528503417969,1.279388427734375,-91.89054107666016,-7.2509565353393555,65.70057678222656,0.25001815612660916
65,2,-14.206878662109375,78.44371795654297,-0.7227420806884766,-93.23572540283203,-7.267333984375,67.92678833007812,0.24993292314867582
65,3,-14.833292007446289,76.09925079345703,-3.62593936920166,-92.74028015136719,-7.522027015686035,72.86955261230469,0.2530978007325103
65,4,-14.929353713989258,73.22183990478516,-7.689901351928711,-92.25233459472656,-7.3996171951293945,72.50294494628906,0.25758832752132227
65,5,-14.898988723754883,68.25139617919922,-12.661128997802734,-92.44224548339844,-7.313486099243164,74.34313201904297,0.26132807558631005
65,6,-13.634696960449219,64.67449188232422,-21.262971878051758,-92.01936340332031,-6.393902778625488,79.61871337890625,0.2713592230415439
65,7,-13.35427474975586,64.28975677490234,-23.63165283203125,-92.43895721435547,-6.82144832611084,86.18241882324219,0.27451374426733915
65,8,-12.290202140808105,62.74062728881836,-24.805309295654297,-94.15184783935547,-6.854253768920898,85.8387222290039,0.2754403470982354
65,9,-11.206875801086426,62.106143951416016,-24.76995849609375,-95.00338745117188,-6.82172966003418,84.88496398925781,0.275094850899428
65,10,-10.767611503601074,60.57514953613281,-26.884950637817383,-95.88977813720703,-6.693362236022949,84.20663452148438,0.27706011166795824
65,11,-10.652514457702637,59.299278259277344,-28.036161422729492,-96.915283203125,-6.649242401123047,84.1412582397461,0.27787891120265457
65,12,-10.50527572631836,57.850318908691406,-28.752403259277344,-97.53680419921875,-6.512063026428223,83.91487121582031,0.2777571985170976
65,13,-9.780383110046387,56.287960052490234,-28.732913970947266,-97.66565704345703,-6.456504821777344,83.4183120727539,0.2762613516812701
65,14,-9.451038360595703,55.33828353881836,-28.813949584960938,-98.88766479492188,-6.539794921875,82.88121032714844,0.2757077984680443
65,15,-9.63886833190918,54.45743179321289,-28.428958892822266,-99.55012512207031,-6.600197792053223,83.28961181640625,0.2742994134360614
65,16,-9.76881217956543,55.81706619262695,-26.269330978393555,-100.49581146240234,-6.813601493835449,82.24373626708984,0.2722434919050562
65,17,-9.996148109436035,54.51913070678711,-25.762535095214844,-101.88238525390625,-6.898263931274414,81.777099609375,0.26995963018961955
65,18,-10.310840606689453,54.668209075927734,-23.96282958984375,-102.75990295410156,-6.834085464477539,81.26583862304688,0.26678062084899906
65,19,-9.969625473022461,54.278141021728516,-22.300254821777344,-104.38715362548828,-6.861690521240234,80.84275817871094,0.26283635828666496
65,20,-9.748238563537598,52.46253204345703,-22.74488639831543,-104.4102783203125,-6.671663284301758,81.24297332763672,0.2614716085604922
65,21,-9.544794082641602,50.33482360839844,-23.716564178466797,-103.85379791259766,-6.468905448913574,80.29844665527344,0.2608728308408802
65,22,-9.505455017089844,50.93252944946289,-21.684398651123047,-104.10457611083984,-6.499739646911621,80.06359100341797,0.2574771066692904
65,23,-9.80551815032959,49.94660949707031,-21.97955322265625,-104.01588439941406,-6.372653961181641,79.3803939819336,0.25683787832628957
65,24,-10.318470001220703,50.426368713378906,-21.97425651550293,-104.1554946899414,-6.457548141479492,77.92886352539062,0.2574042777953475
65,25,-10.14709758758545,50.035831451416016,-22.538143157958984,-104.45950317382812,-6.421718597412109,78.62610626220703,0.2579638974459753
65,26,-10.474467277526855,49.17070388793945,-22.018173217773438,-105.47785949707031,-6.215663909912109,78.25688171386719,0.25542358172722907
65,27,-11.498956680297852,49.443321228027344,-22.3428955078125,-105.6637191772461,-6.377413749694824,78.19761657714844,0.2564019339218813
65,28,-11.228959083557129,48.84712600708008,-22.21070671081543,-107.02391815185547,-6.089600563049316,78.55825805664062,0.2548085696328345
65,29,-11.4799165725708,48.33131408691406,-23.707860946655273,-107.34463500976562,-6.198908805847168,78.10691833496094,0.25719233993543467
65,30,-11.417023658752441,48.22938537597656,-23.60360336303711,-107.76786041259766,-6.0750932693481445,78.21723937988281,0.256667470305395
65,31,-11.943588256835938,47.39458465576172,-24.04926109313965,-107.59245300292969,-6.144757270812988,78.68181610107422,0.2565596748248291
65,32,-11.929518699645996,46.65226745605469,-23.924362182617188,-108.19094848632812,-6.096323013305664,80.29676818847656,0.25503030030700874
65,33,-12.173458099365234,45.751808166503906,-24.597240447998047,-108.42483520507812,-6.03452205657959,79.31063842773438,0.2551461683555096
65,34,-12.510404586791992,45.230224609375,-24.310270309448242,-108.50172424316406,-6.115913391113281,79.79754638671875,0.2537596969179735
65,35,-12.430526733398438,43.741241455078125,-24.550830841064453,-109.23226928710938,-6.269627571105957,79.03412628173828,0.2518445685105351
65,36,-12.453773498535156,42.83832550048828,-24.90591812133789,-109.77933502197266,-6.404804229736328,78.31969451904297,0.2510703881301495
65,37,-12.230814933776855,42.41926574707031,-26.069150924682617,-109.16192626953125,-6.266543388366699,78.76002502441406,0.2533519981271529
65,38,-12.323036193847656,42.63124084472656,-25.35733413696289,-109.27406311035156,-6.452849388122559,78.83839416503906,0.25203027512506176
65,39,-12.521161079406738,41.716026306152344,-26.401519775390625,-108.2203369140625,-6.031232833862305,78.08316040039062,0.25348891848905325
65,40,-12.685646057128906,41.39299774169922,-26.17963981628418,-108.42739868164062,-5.931174278259277,77.45205688476562,0.2524530153196146
65,41,-13.02455997467041,42.03495788574219,-26.04395294189453,-108.33038330078125,-6.055243492126465,75.16552734375,0.2531161631541824
65,42,-13.67123031616211,42.470035552978516,-25.103023529052734,-108.78719329833984,-6.22698974609375,62.15673828125,0.2514621961165737
65,43,-13.728426933288574,41.380226135253906,-26.198747634887695,-108.72006225585938,-5.838173866271973,59.49266815185547,0.25234415950155215
65,44,-14.308562278747559,41.38965606689453,-26.064342498779297,-108.57754516601562,-5.869209289550781,60.02597427368164,0.2521269614060952
65,45,-15.670453071594238,43.16425704956055,-27.0850830078125,-107.60519409179688,-5.759716987609863,66.7640609741211,0.2572180186805651
65,46,-18.03362274169922,44.354190826416016,-29.236732482910156,-106.50506591796875,-4.734816551208496,72.42489624023438,0.2635522592467668
65,47,-19.499521255493164,43.504005432128906,-31.240745544433594,-105.2857437133789,-4.409111976623535,67.37612915039062,0.266586096104496
65,48,-18.987268447875977,42.833763122558594,-31.218883514404297,-106.17493438720703,-4.662571907043457,66.8906021118164,0.26554133256033996
65,49,-8.945845603942871,32.84864044189453,-22.169191360473633,-86.65442657470703,-6.259042739868164,48.949462890625,0.23801892827873783
66,0,-14.875876426696777,84.41954040527344,-0.170684814453125,-90.07405090332031,-6.926968574523926,64.15425109863281,0.2546124123575156
66,1,-14.639288902282715,82.24528503417969,1.279388427734375,-91.89054107666016,-7.2509565353393555,65.70057678222656,0.25001815612660916
66,2,-14.206878662109375,78.44371795654297,-0.7227420806884766,-93.23572540283203,-7.267333984375,67.92678833007812,0.24993292314867582
66,3,-14.833292007446289,76.09925079345703,-3.62593936920166,-92.74028015136719,-7.522027015686035,72.86955261230469,0.2530978007325103
66,4,-14.929353713989258,73.22183990478516,-7.689901351928711,-92.25233459472656,-7.3996171951293945,72.50294494628906,0.25758832752132227
66,5,-14.898988723754883,68.25139617919922,-12.661128997802734,-92.44224548339844,-7.313486099243164,74.34313201904297,0.26132807558631005
66,6,-13.634696960449219,64.67449188232422,-21.262971878051758,-92.01936340332031,-6.393902778625488,79.61871337890625,0.2713592230415439
66,7,-13.35427474975586,64.28975677490234,-23.63165283203125,-92.43895721435547,-6.82144832611084,86.18241882324219,0.27451374426733915
66,8,-12.290202140808105,62.74062728881836,-24.805309295654297,-94.15184783935547,-6.854253768920898,85.8387222290039,0.2754403470982354
66,9,-11.206875801086426,62.106143951416016,-24.76995849609375,-95.00338745117188,-6.82172966003418,84.88496398925781,0.275094850899428
66,10,-10.767611503601074,60.57514953613281,-26.884950637817383,-95.88977813720703,-6.693362236022949,84.20663452148438,0.27706011166795824
66,11,-10.652514457702637,59.299278259277344,-28.036161422729492,-96.915283203125,-6.649242401123047,84.1412582397461,0.27787891120265457
66,12,-10.50527572631836,57.850318908691406,-28.752403259277344,-97.53680419921875,-6.512063026428223,83.91487121582031,0.2777571985170976
66,13,-9.780383110046387,56.287960052490234,-28.732913970947266,-97.66565704345703,-6.456504821777344,83.4183120727539,0.2762613516812701
66,14,-9.451038360595703,55.33828353881836,-28.813949584960938,-98.88766479492188,-6.539794921875,82.88121032714844,0.2757077984680443
66,15,-9.63886833190918,54.45743179321289,-28.428958892822266,-99.55012512207031,-6.600197792053223,83.28961181640625,0.2742994134360614
66,16,-9.76881217956543,55.81706619262695,-26.269330978393555,-100.49581146240234,-6.813601493835449,82.24373626708984,0.2722434919050562
66,17,-9.996148109436035,54.51913070678711,-25.762535095214844,-101.88238525390625,-6.898263931274414,81.777099609375,0.26995963018961955
66,18,-10.310840606689453,54.668209075927734,-23.96282958984375,-102.75990295410156,-6.834085464477539,81.26583862304688,0.26678062084899906
66,19,-9.969625473022461,54.278141021728516,-22.300254821777344,-104.38715362548828,-6.861690521240234,80.84275817871094,0.26283635828666496
66,20,-9.748238563537598,52.46253204345703,-22.74488639831543,-104.4102783203125,-6.671663284301758,81.24297332763672,0.2614716085604922
66,21,-9.544794082641602,50.33482360839844,-23.716564178466797,-103.85379791259766,-6.468905448913574,80.29844665527344,0.2608728308408802
66,22,-9.505455017089844,50.93252944946289,-21.684398651123047,-104.10457611083984,-6.499739646911621,80.06359100341797,0.2574771066692904
66,23,-9.80551815032959,49.94660949707031,-21.97955322265625,-104.01588439941406,-6.372653961181641,79.3803939819336,0.25683787832628957
66,24,-10.318470001220703,50.426368713378906,-21.97425651550293,-104.1554946899414,-6.457548141479492,77.92886352539062,0.2574042777953475
66,25,-10.14709758758545,50.035831451416016,-22.538143157958984,-104.45950317382812,-6.421718597412109,78.62610626220703,0.2579638974459753
66,26,-10.474467277526855,49.17070388793945,-22.018173217773438,-105.47785949707031,-6.215663909912109,78.25688171386719,0.25542358172722907
66,27,-11.498956680297852,49.443321228027344,-22.3428955078125,-105.6637191772461,-6.377413749694824,78.19761657714844,0.2564019339218813
66,28,-11.228959083557129,48.84712600708008,-22.21070671081543,-107.02391815185547,-6.089600563049316,78.55825805664062,0.2548085696328345
66,29,-11.4799165725708,48.33131408691406,-23.707860946655273,-107.34463500976562,-6.198908805847168,78.10691833496094,0.25719233993543467
66,30,-11.417023658752441,48.22938537597656,-23.60360336303711,-107.76786041259766,-6.0750932693481445,78.21723937988281,0.256667470305395
66,31,-11.943588256835938,47.39458465576172,-24.04926109313965,-107.59245300292969,-6.144757270812988,78.68181610107422,0.2565596748248291
66,32,-11.929518699645996,46.65226745605469,-23.924362182617188,-108.19094848632812,-6.096323013305664,80.29676818847656,0.25503030030700874
66,33,-12.173458099365234,45.751808166503906,-24.597240447998047,-108.42483520507812,-6.03452205657959,79.31063842773438,0.2551461683555096
66,34,-12.510404586791992,45.230224609375,-24.310270309448242,-108.50172424316406,-6.115913391113281,79.79754638671875,0.2537596969179735
66,35,-12.430526733398438,43.741241455078125,-24.550830841064453,-109.23226928710938,-6.269627571105957,79.03412628173828,0.2518445685105351
66,36,-12.453773498535156,42.83832550048828,-24.90591812133789,-109.77933502197266,-6.404804229736328,78.31969451904297,0.2510703881301495
66,37,-12.230814933776855,42.41926574707031,-26.069150924682617,-109.16192626953125,-6.266543388366699,78.76002502441406,0.2533519981271529
66,38,-12.323036193847656,42.63124084472656,-25.35733413696289,-109.27406311035156,-6.452849388122559,78.83839416503906,0.25203027512506176
66,39,-12.521161079406738,41.716026306152344,-26.401519775390625,-108.2203369140625,-6.031232833862305,78.08316040039062,0.25348891848905325
66,40,-12.685646057128906,41.39299774169922,-26.17963981628418,-108.42739868164062,-5.931174278259277,77.45205688476562,0.2524530153196146
66,41,-13.02455997467041,42.03495788574219,-26.04395294189453,-108.33038330078125,-6.055243492126465,75.16552734375,0.2531161631541824
66,42,-13.67123031616211,42.470035552978516,-25.103023529052734,-108.78719329833984,-6.22698974609375,62.15673828125,0.2514621961165737
66,43,-13.728426933288574,41.380226135253906,-26.198747634887695,-108.72006225585938,-5.838173866271973,59.49266815185547,0.25234415950155215
66,44,-14.308562278747559,41.38965606689453,-26.064342498779297,-108.57754516601562,-5.869209289550781,60.02597427368164,0.2521269614060952
66,45,-15.670453071594238,43.16425704956055,-27.0850830078125,-107.60519409179688,-5.759716987609863,66.7640609741211,0.2572180186805651
66,46,-18.03362274169922,44.354190826416016,-29.236732482910156,-106.50506591796875,-4.734816551208496,72.42489624023438,0.2635522592467668
66,47,-19.499521255493164,43.504005432128906,-31.240745544433594,-105.2857437133789,-4.409111976623535,67.37612915039062,0.266586096104496
66,48,-18.987268447875977,42.833763122558594,-31.218883514404297,-106.17493438720703,-4.662571907043457,66.8906021118164,0.26554133256033996
66,49,-8.945845603942871,32.84864044189453,-22.169191360473633,-86.65442657470703,-6.259042739868164,48.949462890625,0.23801892827873783
67,0,-14.875876426696777,84.41954040527344,-0.170684814453125,-90.07405090332031,-6.926968574523926,64.15425109863281,0.2546124123575156
67,1,-14.639288902282715,82.24528503417969,1.279388427734375,-91.89054107666016,-7.2509565353393555,65.70057678222656,0.25001815612660916
67,2,-14.206878662109375,78.44371795654297,-0.7227420806884766,-93.23572540283203,-7.267333984375,67.92678833007812,0.24993292314867582
67,3,-14.833292007446289,76.09925079345703,-3.62593936920166,-92.74028015136719,-7.522027015686035,72.86955261230469,0.2530978007325103
67,4,-14.929353713989258,73.22183990478516,-7.689901351928711,-92.25233459472656,-7.3996171951293945,72.50294494628906,0.25758832752132227
67,5,-14.898988723754883,68.25139617919922,-12.661128997802734,-92.44224548339844,-7.313486099243164,74.34313201904297,0.26132807558631005
67,6,-13.634696960449219,64.67449188232422,-21.262971878051758,-92.01936340332031,-6.393902778625488,79.61871337890625,0.2713592230415439
67,7,-13.35427474975586,64.28975677490234,-23.63165283203125,-92.43895721435547,-6.82144832611084,86.18241882324219,0.27451374426733915
67,8,-12.290202140808105,62.74062728881836,-24.805309295654297,-94.15184783935547,-6.854253768920898,85.8387222290039,0.2754403470982354
67,9,-11.206875801086426,62.106143951416016,-24.76995849609375,-95.00338745117188,-6.82172966003418,84.88496398925781,0.275094850899428
67,10,-10.767611503601074,60.57514953613281,-26.884950637817383,-95.88977813720703,-6.693362236022949,84.20663452148438,0.27706011166795824
67,11,-10.652514457702637,59.299278259277344,-28.036161422729492,-96.915283203125,-6.649242401123047,84.1412582397461,0.27787891120265457
67,12,-10.50527572631836,57.850318908691406,-28.752403259277344,-97.53680419921875,-6.512063026428223,83.91487121582031,0.2777571985170976
67,13,-9.780383110046387,56.287960052490234,-28.732913970947266,-97.66565704345703,-6.456504821777344,83.4183120727539,0.2762613516812701
67,14,-9.451038360595703,55.33828353881836,-28.813949584960938,-98.88766479492188,-6.539794921875,82.88121032714844,0.2757077984680443
67,15,-9.63886833190918,54.45743179321289,-28.428958892822266,-99.55012512207031,-6.600197792053223,83.28961181640625,0.2742994134360614
67,16,-9.76881217956543,55.81706619262695,-26.269330978393555,-100.49581146240234,-6.813601493835449,82.24373626708984,0.2722434919050562
67,17,-9.996148109436035,54.51913070678711,-25.762535095214844,-101.88238525390625,-6.898263931274414,81.777099609375,0.26995963018961955
67,18,-10.310840606689453,54.668209075927734,-23.96282958984375,-102.75990295410156,-6.834085464477539,81.26583862304688,0.26678062084899906
67,19,-9.969625473022461,54.278141021728516,-22.300254821777344,-104.38715362548828,-6.861690521240234,80.84275817871094,0.26283635828666496
67,20,-9.748238563537598,52.46253204345703,-22.74488639831543,-104.4102783203125,-6.671663284301758,81.24297332763672,0.2614716085604922
67,21,-9.544794082641602,50.33482360839844,-23.716564178466797,-103.85379791259766,-6.468905448913574,80.29844665527344,0.2608728308408802
67,22,-9.505455017089844,50.93252944946289,-21.684398651123047,-104.10457611083984,-6.499739646911621,80.06359100341797,0.2574771066692904
67,23,-9.80551815032959,49.94660949707031,-21.97955322265625,-104.01588439941406,-6.372653961181641,79.3803939819336,0.25683787832628957
67,24,-10.318470001220703,50.426368713378906,-21.97425651550293,-104.1554946899414,-6.457548141479492,77.92886352539062,0.2574042777953475
67,25,-10.14709758758545,50.035831451416016,-22.538143157958984,-104.45950317382812,-6.421718597412109,78.62610626220703,0.2579638974459753
67,26,-10.474467277526855,49.17070388793945,-22.018173217773438,-105.47785949707031,-6.215663909912109,78.25688171386719,0.25542358172722907
67,27,-11.498956680297852,49.443321228027344,-22.3428955078125,-105.6637191772461,-6.377413749694824,78.19761657714844,0.2564019339218813
67,28,-11.228959083557129,48.84712600708008,-22.21070671081543,-107.02391815185547,-6.089600563049316,78.55825805664062,0.2548085696328345
67,29,-11.4799165725708,48.33131408691406,-23.707860946655273,-107.34463500976562,-6.198908805847168,78.10691833496094,0.25719233993543467
67,30,-11.417023658752441,48.22938537597656,-23.60360336303711,-107.76786041259766,-6.0750932693481445,78.21723937988281,0.256667470305395
67,31,-11.943588256835938,47.39458465576172,-24.04926109313965,-107.59245300292969,-6.144757270812988,78.68181610107422,0.2565596748248291
67,32,-11.929518699645996,46.65226745605469,-23.924362182617188,-108.19094848632812,-6.096323013305664,80.29676818847656,0.25503030030700874
67,33,-12.173458099365234,45.751808166503906,-24.597240447998047,-108.42483520507812,-6.03452205657959,79.31063842773438,0.2551461683555096
67,34,-12.510404586791992,45.230224609375,-24.310270309448242,-108.50172424316406,-6.115913391113281,79.79754638671875,0.2537596969179735
67,35,-12.430526733398438,43.741241455078125,-24.550830841064453,-109.23226928710938,-6.269627571105957,79.03412628173828,0.2518445685105351
67,36,-12.453773498535156,42.83832550048828,-24.90591812133789,-109.77933502197266,-6.404804229736328,78.31969451904297,0.2510703881301495
67,37,-12.230814933776855,42.41926574707031,-26.069150924682617,-109.16192626953125,-6.266543388366699,78.76002502441406,0.2533519981271529
67,38,-12.323036193847656,42.63124084472656,-25.35733413696289,-109.27406311035156,-6.452849388122559,78.83839416503906,0.25203027512506176
67,39,-12.521161079406738,41.716026306152344,-26.401519775390625,-108.2203369140625,-6.031232833862305,78.08316040039062,0.25348891848905325
67,40,-12.685646057128906,41.39299774169922,-26.17963981628418,-108.42739868164062,-5.931174278259277,77.45205688476562,0.2524530153196146
67,41,-13.02455997467041,42.03495788574219,-26.04395294189453,-108.33038330078125,-6.055243492126465,75.16552734375,0.2531161631541824
67,42,-13.67123031616211,42.470035552978516,-25.103023529052734,-108.78719329833984,-6.22698974609375,62.15673828125,0.2514621961165737
67,43,-13.728426933288574,41.380226135253906,-26.198747634887695,-108.72006225585938,-5.838173866271973,59.49266815185547,0.25234415950155215
67,44,-14.308562278747559,41.38965606689453,-26.064342498779297,-108.57754516601562,-5.869209289550781,60.02597427368164,0.2521269614060952
67,45,-15.670453071594238,43.16425704956055,-27.0850830078125,-107.60519409179688,-5.759716987609863,66.7640609741211,0.2572180186805651
67,46,-18.03362274169922,44.354190826416016,-29.236732482910156,-106.50506591796875,-4.734816551208496,72.42489624023438,0.2635522592467668
67,47,-19.499521255493164,43.504005432128906,-31.240745544433594,-105.2857437133789,-4.409111976623535,67.37612915039062,0.266586096104496
67,48,-18.987268447875977,42.833763122558594,-31.218883514404297,-106.17493438720703,-4.662571907043457,66.8906021118164,0.26554133256033996
67,49,-8.945845603942871,32.84864044189453,-22.169191360473633,-86.65442657470703,-6.259042739868164,48.949462890625,0.23801892827873783
68,0,-14.875876426696777,84.41954040527344,-0.170684814453125,-90.07405090332031,-6.926968574523926,64.15425109863281,0.2546124123575156
68,1,-14.639288902282715,82.24528503417969,1.279388427734375,-91.89054107666016,-7.2509565353393555,65.70057678222656,0.25001815612660916
68,2,-14.206878662109375,78.44371795654297,-0.7227420806884766,-93.23572540283203,-7.267333984375,67.92678833007812,0.24993292314867582
68,3,-14.833292007446289,76.09925079345703,-3.62593936920166,-92.74028015136719,-7.522027015686035,72.86955261230469,0.2530978007325103
68,4,-14.929353713989258,73.22183990478516,-7.689901351928711,-92.25233459472656,-7.3996171951293945,72.50294494628906,0.25758832752132227
68,5,-14.898988723754883,68.25139617919922,-12.661128997802734,-92.44224548339844,-7.313486099243164,74.34313201904297,0.26132807558631005
68,6,-13.634696960449219,64.67449188232422,-21.262971878051758,-92.01936340332031,-6.393902778625488,79.61871337890625,0.2713592230415439
68,7,-13.35427474975586,64.28975677490234,-23.63165283203125,-92.43895721435547,-6.82144832611084,86.18241882324219,0.27451374426733915
68,8,-12.290202140808105,62.74062728881836,-24.805309295654297,-94.15184783935547,-6.854253768920898,85.8387222290039,0.2754403470982354
68,9,-11.206875801086426,62.106143951416016,-24.76995849609375,-95.00338745117188,-6.82172966003418,84.88496398925781,0.275094850899428
68,10,-10.767611503601074,60.57514953613281,-26.884950637817383,-95.88977813720703,-6.693362236022949,84.20663452148438,0.27706011166795824
68,11,-10.652514457702637,59.299278259277344,-28.036161422729492,-96.915283203125,-6.649242401123047,84.1412582397461,0.27787891120265457
68,12,-10.50527572631836,57.850318908691406,-28.752403259277344,-97.53680419921875,-6.512063026428223,83.91487121582031,0.2777571985170976
68,13,-9.780383110046387,56.287960052490234,-28.732913970947266,-97.66565704345703,-6.456504821777344,83.4183120727539,0.2762613516812701
68,14,-9.451038360595703,55.33828353881836,-28.813949584960938,-98.88766479492188,-6.539794921875,82.88121032714844,0.2757077984680443
68,15,-9.63886833190918,54.45743179321289,-28.428958892822266,-99.55012512207031,-6.600197792053223,83.28961181640625,0.2742994134360614
68,16,-9.76881217956543,55.81706619262695,-26.269330978393555,-100.49581146240234,-6.813601493835449,82.24373626708984,0.2722434919050562
68,17,-9.996148109436035,54.51913070678711,-25.762535095214844,-101.88238525390625,-6.898263931274414,81.777099609375,0.26995963018961955
68,18,-10.310840606689453,54.668209075927734,-23.96282958984375,-102.75990295410156,-6.834085464477539,81.26583862304688,0.26678062084899906
68,19,-9.969625473022461,54.278141021728516,-22.300254821777344,-104.38715362548828,-6.861690521240234,80.84275817871094,0.26283635828666496
68,20,-9.748238563537598,52.46253204345703,-22.74488639831543,-104.4102783203125,-6.671663284301758,81.24297332763672,0.2614716085604922
68,21,-9.544794082641602,50.33482360839844,-23.716564178466797,-103.85379791259766,-6.468905448913574,80.29844665527344,0.2608728308408802
68,22,-9.505455017089844,50.93252944946289,-21.684398651123047,-104.10457611083984,-6.499739646911621,80.06359100341797,0.2574771066692904
68,23,-9.80551815032959,49.94660949707031,-21.97955322265625,-104.01588439941406,-6.372653961181641,79.3803939819336,0.25683787832628957
68,24,-10.318470001220703,50.426368713378906,-21.97425651550293,-104.1554946899414,-6.457548141479492,77.92886352539062,0.2574042777953475
68,25,-10.14709758758545,50.035831451416016,-22.538143157958984,-104.45950317382812,-6.421718597412109,78.62610626220703,0.2579638974459753
68,26,-10.474467277526855,49.17070388793945,-22.018173217773438,-105.47785949707031,-6.215663909912109,78.25688171386719,0.25542358172722907
68,27,-11.498956680297852,49.443321228027344,-22.3428955078125,-105.6637191772461,-6.377413749694824,78.19761657714844,0.2564019339218813
68,28,-11.228959083557129,48.84712600708008,-22.21070671081543,-107.02391815185547,-6.089600563049316,78.55825805664062,0.2548085696328345
68,29,-11.4799165725708,48.33131408691406,-23.707860946655273,-107.34463500976562,-6.198908805847168,78.10691833496094,0.25719233993543467
68,30,-11.417023658752441,48.22938537597656,-23.60360336303711,-107.76786041259766,-6.0750932693481445,78.21723937988281,0.256667470305395
68,31,-11.943588256835938,47.39458465576172,-24.04926109313965,-107.59245300292969,-6.144757270812988,78.68181610107422,0.2565596748248291
68,32,-11.929518699645996,46.65226745605469,-23.924362182617188,-108.19094848632812,-6.096323013305664,80.29676818847656,0.25503030030700874
68,33,-12.173458099365234,45.751808166503906,-24.597240447998047,-108.42483520507812,-6.03452205657959,79.31063842773438,0.2551461683555096
68,34,-12.510404586791992,45.230224609375,-24.310270309448242,-108.50172424316406,-6.115913391113281,79.79754638671875,0.2537596969179735
68,35,-12.430526733398438,43.741241455078125,-24.550830841064453,-109.23226928710938,-6.269627571105957,79.03412628173828,0.2518445685105351
68,36,-12.453773498535156,42.83832550048828,-24.90591812133789,-109.77933502197266,-6.404804229736328,78.31969451904297,0.2510703881301495
68,37,-12.230814933776855,42.41926574707031,-26.069150924682617,-109.16192626953125,-6.266543388366699,78.76002502441406,0.2533519981271529
68,38,-12.323036193847656,42.63124084472656,-25.35733413696289,-109.27406311035156,-6.452849388122559,78.83839416503906,0.25203027512506176
68,39,-12.521161079406738,41.716026306152344,-26.401519775390625,-108.2203369140625,-6.031232833862305,78.08316040039062,0.25348891848905325
68,40,-12.685646057128906,41.39299774169922,-26.17963981628418,-108.42739868164062,-5.931174278259277,77.45205688476562,0.2524530153196146
68,41,-13.02455997467041,42.03495788574219,-26.04395294189453,-108.33038330078125,-6.055243492126465,75.16552734375,0.2531161631541824
68,42,-13.67123031616211,42.470035552978516,-25.103023529052734,-108.78719329833984,-6.22698974609375,62.15673828125,0.2514621961165737
68,43,-13.728426933288574,41.380226135253906,-26.198747634887695,-108.72006225585938,-5.838173866271973,59.49266815185547,0.25234415950155215
68,44,-14.308562278747559,41.38965606689453,-26.064342498779297,-108.57754516601562,-5.869209289550781,60.02597427368164,0.2521269614060952
68,45,-15.670453071594238,43.16425704956055,-27.0850830078125,-107.60519409179688,-5.759716987609863,66.7640609741211,0.2572180186805651
68,46,-18.03362274169922,44.354190826416016,-29.236732482910156,-106.50506591796875,-4.734816551208496,72.42489624023438,0.2635522592467668
68,47,-19.499521255493164,43.504005432128906,-31.240745544433594,-105.2857437133789,-4.409111976623535,67.37612915039062,0.266586096104496
68,48,-18.987268447875977,42.833763122558594,-31.218883514404297,-106.17493438720703,-4.662571907043457,66.8906021118164,0.26554133256033996
68,49,-8.945845603942871,32.84864044189453,-22.169191360473633,-86.65442657470703,-6.259042739868164,48.949462890625,0.23801892827873783
69,0,-14.875876426696777,84.41954040527344,-0.170684814453125,-90.07405090332031,-6.926968574523926,64.15425109863281,0.2546124123575156
69,1,-14.639288902282715,82.24528503417969,1.279388427734375,-91.89054107666016,-7.2509565353393555,65.70057678222656,0.25001815612660916
69,2,-14.206878662109375,78.44371795654297,-0.7227420806884766,-93.23572540283203,-7.267333984375,67.92678833007812,0.24993292314867582
69,3,-14.833292007446289,76.09925079345703,-3.62593936920166,-92.74028015136719,-7.522027015686035,72.86955261230469,0.2530978007325103
69,4,-14.929353713989258,73.22183990478516,-7.689901351928711,-92.25233459472656,-7.3996171951293945,72.50294494628906,0.25758832752132227
69,5,-14.898988723754883,68.25139617919922,-12.661128997802734,-92.44224548339844,-7.313486099243164,74.34313201904297,0.26132807558631005
69,6,-13.634696960449219,64.67449188232422,-21.262971878051758,-92.01936340332031,-6.393902778625488,79.61871337890625,0.2713592230415439
69,7,-13.35427474975586,64.28975677490234,-23.63165283203125,-92.43895721435547,-6.82144832611084,86.18241882324219,0.27451374426733915
69,8,-12.290202140808105,62.74062728881836,-24.805309295654297,-94.15184783935547,-6.854253768920898,85.8387222290039,0.2754403470982354
69,9,-11.206875801086426,62.106143951416016,-24.76995849609375,-95.00338745117188,-6.82172966003418,84.88496398925781,0.275094850899428
69,10,-10.767611503601074,60.57514953613281,-26.884950637817383,-95.88977813720703,-6.693362236022949,84.20663452148438,0.27706011166795824
69,11,-10.652514457702637,59.299278259277344,-28.036161422729492,-96.915283203125,-6.649242401123047,84.1412582397461,0.27787891120265457
69,12,-10.50527572631836,57.850318908691406,-28.752403259277344,-97.53680419921875,-6.512063026428223,83.91487121582031,0.2777571985170976
69,13,-9.780383110046387,56.287960052490234,-28.732913970947266,-97.66565704345703,-6.456504821777344,83.4183120727539,0.2762613516812701
69,14,-9.451038360595703,55.33828353881836,-28.813949584960938,-98.88766479492188,-6.539794921875,82.88121032714844,0.2757077984680443
69,15,-9.63886833190918,54.45743179321289,-28.428958892822266,-99.55012512207031,-6.600197792053223,83.28961181640625,0.2742994134360614
69,16,-9.76881217956543,55.81706619262695,-26.269330978393555,-100.49581146240234,-6.813601493835449,82.24373626708984,0.2722434919050562
69,17,-9.996148109436035,54.51913070678711,-25.762535095214844,-101.88238525390625,-6.898263931274414,81.777099609375,0.26995963018961955
69,18,-10.310840606689453,54.668209075927734,-23.96282958984375,-102.75990295410156,-6.834085464477539,81.26583862304688,0.26678062084899906
69,19,-9.969625473022461,54.278141021728516,-22.300254821777344,-104.38715362548828,-6.861690521240234,80.84275817871094,0.26283635828666496
69,20,-9.748238563537598,52.46253204345703,-22.74488639831543,-104.4102783203125,-6.671663284301758,81.24297332763672,0.2614716085604922
69,21,-9.544794082641602,50.33482360839844,-23.716564178466797,-103.85379791259766,-6.468905448913574,80.29844665527344,0.2608728308408802
69,22,-9.505455017089844,50.93252944946289,-21.684398651123047,-104.10457611083984,-6.499739646911621,80.06359100341797,0.2574771066692904
69,23,-9.80551815032959,49.94660949707031,-21.97955322265625,-104.01588439941406,-6.372653961181641,79.3803939819336,0.25683787832628957
69,24,-10.318470001220703,50.426368713378906,-21.97425651550293,-104.1554946899414,-6.457548141479492,77.92886352539062,0.2574042777953475
69,25,-10.14709758758545,50.035831451416016,-22.538143157958984,-104.45950317382812,-6.421718597412109,78.62610626220703,0.2579638974459753
69,26,-10.474467277526855,49.17070388793945,-22.018173217773438,-105.47785949707031,-6.215663909912109,78.25688171386719,0.25542358172722907
69,27,-11.498956680297852,49.443321228027344,-22.3428955078125,-105.6637191772461,-6.377413749694824,78.19761657714844,0.2564019339218813
69,28,-11.228959083557129,48.84712600708008,-22.21070671081543,-107.02391815185547,-6.089600563049316,78.55825805664062,0.2548085696328345
69,29,-11.4799165725708,48.33131408691406,-23.707860946655273,-107.34463500976562,-6.198908805847168,78.10691833496094,0.25719233993543467
69,30,-11.417023658752441,48.22938537597656,-23.60360336303711,-107.76786041259766,-6.0750932693481445,78.21723937988281,0.256667470305395
69,31,-11.943588256835938,47.39458465576172,-24.04926109313965,-107.59245300292969,-6.144757270812988,78.68181610107422,0.2565596748248291
69,32,-11.929518699645996,46.65226745605469,-23.924362182617188,-108.19094848632812,-6.096323013305664,80.29676818847656,0.25503030030700874
69,33,-12.173458099365234,45.751808166503906,-24.597240447998047,-108.42483520507812,-6.03452205657959,79.31063842773438,0.2551461683555096
69,34,-12.510404586791992,45.230224609375,-24.310270309448242,-108.50172424316406,-6.115913391113281,79.79754638671875,0.2537596969179735
69,35,-12.430526733398438,43.741241455078125,-24.550830841064453,-109.23226928710938,-6.269627571105957,79.03412628173828,0.2518445685105351
69,36,-12.453773498535156,42.83832550048828,-24.90591812133789,-109.77933502197266,-6.404804229736328,78.31969451904297,0.2510703881301495
69,37,-12.230814933776855,42.41926574707031,-26.069150924682617,-109.16192626953125,-6.266543388366699,78.76002502441406,0.2533519981271529
69,38,-12.323036193847656,42.63124084472656,-25.35733413696289,-109.27406311035156,-6.452849388122559,78.83839416503906,0.25203027512506176
69,39,-12.521161079406738,41.716026306152344,-26.401519775390625,-108.2203369140625,-6.031232833862305,78.08316040039062,0.25348891848905325
69,40,-12.685646057128906,41.39299774169922,-26.17963981628418,-108.42739868164062,-5.931174278259277,77.45205688476562,0.2524530153196146
69,41,-13.02455997467041,42.03495788574219,-26.04395294189453,-108.33038330078125,-6.055243492126465,75.16552734375,0.2531161631541824
69,42,-13.67123031616211,42.470035552978516,-25.103023529052734,-108.78719329833984,-6.22698974609375,62.15673828125,0.2514621961165737
69,43,-13.728426933288574,41.380226135253906,-26.198747634887695,-108.72006225585938,-5.838173866271973,59.49266815185547,0.25234415950155215
69,44,-14.308562278747559,41.38965606689453,-26.064342498779297,-108.57754516601562,-5.869209289550781,60.02597427368164,0.2521269614060952
69,45,-15.670453071594238,43.16425704956055,-27.0850830078125,-107.60519409179688,-5.759716987609863,66.7640609741211,0.2572180186805651
69,46,-18.03362274169922,44.354190826416016,-29.236732482910156,-106.50506591796875,-4.734816551208496,72.42489624023438,0.2635522592467668
69,47,-19.499521255493164,43.504005432128906,-31.240745544433594,-105.2857437133789,-4.409111976623535,67.37612915039062,0.266586096104496
69,48,-18.987268447875977,42.833763122558594,-31.218883514404297,-106.17493438720703,-4.662571907043457,66.8906021118164,0.26554133256033996
69,49,-8.945845603942871,32.84864044189453,-22.169191360473633,-86.65442657470703,-6.259042739868164,48.949462890625,0.23801892827873783
70,0,-14.875876426696777,84.41954040527344,-0.170684814453125,-90.07405090332031,-6.926968574523926,64.15425109863281,0.2546124123575156
70,1,-14.639288902282715,82.24528503417969,1.279388427734375,-91.89054107666016,-7.2509565353393555,65.70057678222656,0.25001815612660916
70,2,-14.206878662109375,78.44371795654297,-0.7227420806884766,-93.23572540283203,-7.267333984375,67.92678833007812,0.24993292314867582
70,3,-14.833292007446289,76.09925079345703,-3.62593936920166,-92.74028015136719,-7.522027015686035,72.86955261230469,0.2530978007325103
70,4,-14.929353713989258,73.22183990478516,-7.689901351928711,-92.25233459472656,-7.3996171951293945,72.50294494628906,0.25758832752132227
70,5,-14.898988723754883,68.25139617919922,-12.661128997802734,-92.44224548339844,-7.313486099243164,74.34313201904297,0.26132807558631005
70,6,-13.634696960449219,64.67449188232422,-21.262971878051758,-92.01936340332031,-6.393902778625488,79.61871337890625,0.2713592230415439
70,7,-13.35427474975586,64.28975677490234,-23.63165283203125,-92.43895721435547,-6.82144832611084,86.18241882324219,0.27451374426733915
70,8,-12.290202140808105,62.74062728881836,-24.805309295654297,-94.15184783935547,-6.854253768920898,85.8387222290039,0.2754403470982354
70,9,-11.206875801086426,62.106143951416016,-24.76995849609375,-95.00338745117188,-6.82172966003418,84.88496398925781,0.275094850899428
70,10,-10.767611503601074,60.57514953613281,-26.884950637817383,-95.88977813720703,-6.693362236022949,84.20663452148438,0.27706011166795824
70,11,-10.652514457702637,59.299278259277344,-28.036161422729492,-96.915283203125,-6.649242401123047,84.1412582397461,0.27787891120265457
70,12,-10.50527572631836,57.850318908691406,-28.752403259277344,-97.53680419921875,-6.512063026428223,83.91487121582031,0.2777571985170976
70,13,-9.780383110046387,56.287960052490234,-28.732913970947266,-97.66565704345703,-6.456504821777344,83.4183120727539,0.2762613516812701
70,14,-9.451038360595703,55.33828353881836,-28.813949584960938,-98.88766479492188,-6.539794921875,82.88121032714844,0.2757077984680443
70,15,-9.63886833190918,54.45743179321289,-28.428958892822266,-99.55012512207031,-6.600197792053223,83.28961181640625,0.2742994134360614
70,16,-9.76881217956543,55.81706619262695,-26.269330978393555,-100.49581146240234,-6.813601493835449,82.24373626708984,0.2722434919050562
70,17,-9.996148109436035,54.51913070678711,-25.762535095214844,-101.88238525390625,-6.898263931274414,81.777099609375,0.26995963018961955
70,18,-10.310840606689453,54.668209075927734,-23.96282958984375,-102.75990295410156,-6.834085464477539,81.26583862304688,0.26678062084899906
70,19,-9.969625473022461,54.278141021728516,-22.300254821777344,-104.38715362548828,-6.861690521240234,80.84275817871094,0.26283635828666496
70,20,-9.748238563537598,52.46253204345703,-22.74488639831543,-104.4102783203125,-6.671663284301758,81.24297332763672,0.2614716085604922
70,21,-9.544794082641602,50.33482360839844,-23.716564178466797,-103.85379791259766,-6.468905448913574,80.29844665527344,0.2608728308408802
70,22,-9.505455017089844,50.93252944946289,-21.684398651123047,-104.10457611083984,-6.499739646911621,80.06359100341797,0.2574771066692904
70,23,-9.80551815032959,49.94660949707031,-21.97955322265625,-104.01588439941406,-6.372653961181641,79.3803939819336,0.25683787832628957
70,24,-10.318470001220703,50.426368713378906,-21.97425651550293,-104.1554946899414,-6.457548141479492,77.92886352539062,0.2574042777953475
70,25,-10.14709758758545,50.035831451416016,-22.538143157958984,-104.45950317382812,-6.421718597412109,78.62610626220703,0.2579638974459753
70,26,-10.474467277526855,49.17070388793945,-22.018173217773438,-105.47785949707031,-6.215663909912109,78.25688171386719,0.25542358172722907
70,27,-11.498956680297852,49.443321228027344,-22.3428955078125,-105.6637191772461,-6.377413749694824,78.19761657714844,0.2564019339218813
70,28,-11.228959083557129,48.84712600708008,-22.21070671081543,-107.02391815185547,-6.089600563049316,78.55825805664062,0.2548085696328345
70,29,-11.4799165725708,48.33131408691406,-23.707860946655273,-107.34463500976562,-6.198908805847168,78.10691833496094,0.25719233993543467
70,30,-11.417023658752441,48.22938537597656,-23.60360336303711,-107.76786041259766,-6.0750932693481445,78.21723937988281,0.256667470305395
70,31,-11.943588256835938,47.39458465576172,-24.04926109313965,-107.59245300292969,-6.144757270812988,78.68181610107422,0.2565596748248291
70,32,-11.929518699645996,46.65226745605469,-23.924362182617188,-108.19094848632812,-6.096323013305664,80.29676818847656,0.25503030030700874
70,33,-12.173458099365234,45.751808166503906,-24.597240447998047,-108.42483520507812,-6.03452205657959,79.31063842773438,0.2551461683555096
70,34,-12.510404586791992,45.230224609375,-24.310270309448242,-108.50172424316406,-6.115913391113281,79.79754638671875,0.2537596969179735
70,35,-12.430526733398438,43.741241455078125,-24.550830841064453,-109.23226928710938,-6.269627571105957,79.03412628173828,0.2518445685105351
70,36,-12.453773498535156,42.83832550048828,-24.90591812133789,-109.77933502197266,-6.404804229736328,78.31969451904297,0.2510703881301495
70,37,-12.230814933776855,42.41926574707031,-26.069150924682617,-109.16192626953125,-6.266543388366699,78.76002502441406,0.2533519981271529
70,38,-12.323036193847656,42.63124084472656,-25.35733413696289,-109.27406311035156,-6.452849388122559,78.83839416503906,0.25203027512506176
70,39,-12.521161079406738,41.716026306152344,-26.401519775390625,-108.2203369140625,-6.031232833862305,78.08316040039062,0.25348891848905325
70,40,-12.685646057128906,41.39299774169922,-26.17963981628418,-108.42739868164062,-5.931174278259277,77.45205688476562,0.2524530153196146
70,41,-13.02455997467041,42.03495788574219,-26.04395294189453,-108.33038330078125,-6.055243492126465,75.16552734375,0.2531161631541824
70,42,-13.67123031616211,42.470035552978516,-25.103023529052734,-108.78719329833984,-6.22698974609375,62.15673828125,0.2514621961165737
70,43,-13.728426933288574,41.380226135253906,-26.198747634887695,-108.72006225585938,-5.838173866271973,59.49266815185547,0.25234415950155215
70,44,-14.308562278747559,41.38965606689453,-26.064342498779297,-108.57754516601562,-5.869209289550781,60.02597427368164,0.2521269614060952
70,45,-15.670453071594238,43.16425704956055,-27.0850830078125,-107.60519409179688,-5.759716987609863,66.7640609741211,0.2572180186805651
70,46,-18.03362274169922,44.354190826416016,-29.236732482910156,-106.50506591796875,-4.734816551208496,72.42489624023438,0.2635522592467668
70,47,-19.499521255493164,43.504005432128906,-31.240745544433594,-105.2857437133789,-4.409111976623535,67.37612915039062,0.266586096104496
70,48,-18.987268447875977,42.833763122558594,-31.218883514404297,-106.17493438720703,-4.662571907043457,66.8906021118164,0.26554133256033996
70,49,-8.945845603942871,32.84864044189453,-22.169191360473633,-86.65442657470703,-6.259042739868164,48.949462890625,0.23801892827873783
71,0,-14.875876426696777,84.41954040527344,-0.170684814453125,-90.07405090332031,-6.926968574523926,64.15425109863281,0.2546124123575156
71,1,-14.639288902282715,82.24528503417969,1.279388427734375,-91.89054107666016,-7.2509565353393555,65.70057678222656,0.25001815612660916
71,2,-14.206878662109375,78.44371795654297,-0.7227420806884766,-93.23572540283203,-7.267333984375,67.92678833007812,0.24993292314867582
71,3,-14.833292007446289,76.09925079345703,-3.62593936920166,-92.74028015136719,-7.522027015686035,72.86955261230469,0.2530978007325103
71,4,-14.929353713989258,73.22183990478516,-7.689901351928711,-92.25233459472656,-7.3996171951293945,72.50294494628906,0.25758832752132227
71,5,-14.898988723754883,68.25139617919922,-12.661128997802734,-92.44224548339844,-7.313486099243164,74.34313201904297,0.26132807558631005
71,6,-13.634696960449219,64.67449188232422,-21.262971878051758,-92.01936340332031,-6.393902778625488,79.61871337890625,0.2713592230415439
71,7,-13.35427474975586,64.28975677490234,-23.63165283203125,-92.43895721435547,-6.82144832611084,86.18241882324219,0.27451374426733915
71,8,-12.290202140808105,62.74062728881836,-24.805309295654297,-94.15184783935547,-6.854253768920898,85.8387222290039,0.2754403470982354
71,9,-11.206875801086426,62.106143951416016,-24.76995849609375,-95.00338745117188,-6.82172966003418,84.88496398925781,0.275094850899428
71,10,-10.767611503601074,60.57514953613281,-26.884950637817383,-95.88977813720703,-6.693362236022949,84.20663452148438,0.27706011166795824
71,11,-10.652514457702637,59.299278259277344,-28.036161422729492,-96.915283203125,-6.649242401123047,84.1412582397461,0.27787891120265457
71,12,-10.50527572631836,57.850318908691406,-28.752403259277344,-97.53680419921875,-6.512063026428223,83.91487121582031,0.2777571985170976
71,13,-9.780383110046387,56.287960052490234,-28.732913970947266,-97.66565704345703,-6.456504821777344,83.4183120727539,0.2762613516812701
71,14,-9.451038360595703,55.33828353881836,-28.813949584960938,-98.88766479492188,-6.539794921875,82.88121032714844,0.2757077984680443
71,15,-9.63886833190918,54.45743179321289,-28.428958892822266,-99.55012512207031,-6.600197792053223,83.28961181640625,0.2742994134360614
71,16,-9.76881217956543,55.81706619262695,-26.269330978393555,-100.49581146240234,-6.813601493835449,82.24373626708984,0.2722434919050562
71,17,-9.996148109436035,54.51913070678711,-25.762535095214844,-101.88238525390625,-6.898263931274414,81.777099609375,0.26995963018961955
71,18,-10.310840606689453,54.668209075927734,-23.96282958984375,-102.75990295410156,-6.834085464477539,81.26583862304688,0.26678062084899906
71,19,-9.969625473022461,54.278141021728516,-22.300254821777344,-104.38715362548828,-6.861690521240234,80.84275817871094,0.26283635828666496
71,20,-9.748238563537598,52.46253204345703,-22.74488639831543,-104.4102783203125,-6.671663284301758,81.24297332763672,0.2614716085604922
71,21,-9.544794082641602,50.33482360839844,-23.716564178466797,-103.85379791259766,-6.468905448913574,80.29844665527344,0.2608728308408802
71,22,-9.505455017089844,50.93252944946289,-21.684398651123047,-104.10457611083984,-6.499739646911621,80.06359100341797,0.2574771066692904
71,23,-9.80551815032959,49.94660949707031,-21.97955322265625,-104.01588439941406,-6.372653961181641,79.3803939819336,0.25683787832628957
71,24,-10.318470001220703,50.426368713378906,-21.97425651550293,-104.1554946899414,-6.457548141479492,77.92886352539062,0.2574042777953475
71,25,-10.14709758758545,50.035831451416016,-22.538143157958984,-104.45950317382812,-6.421718597412109,78.62610626220703,0.2579638974459753
71,26,-10.474467277526855,49.17070388793945,-22.018173217773438,-105.47785949707031,-6.215663909912109,78.25688171386719,0.25542358172722907
71,27,-11.498956680297852,49.443321228027344,-22.3428955078125,-105.6637191772461,-6.377413749694824,78.19761657714844,0.2564019339218813
71,28,-11.228959083557129,48.84712600708008,-22.21070671081543,-107.02391815185547,-6.089600563049316,78.55825805664062,0.2548085696328345
71,29,-11.4799165725708,48.33131408691406,-23.707860946655273,-107.34463500976562,-6.198908805847168,78.10691833496094,0.25719233993543467
71,30,-11.417023658752441,48.22938537597656,-23.60360336303711,-107.76786041259766,-6.0750932693481445,78.21723937988281,0.256667470305395
71,31,-11.943588256835938,47.39458465576172,-24.04926109313965,-107.59245300292969,-6.144757270812988,78.68181610107422,0.2565596748248291
71,32,-11.929518699645996,46.65226745605469,-23.924362182617188,-108.19094848632812,-6.096323013305664,80.29676818847656,0.25503030030700874
71,33,-12.173458099365234,45.751808166503906,-24.597240447998047,-108.42483520507812,-6.03452205657959,79.31063842773438,0.2551461683555096
71,34,-12.510404586791992,45.230224609375,-24.310270309448242,-108.50172424316406,-6.115913391113281,79.79754638671875,0.2537596969179735
71,35,-12.430526733398438,43.741241455078125,-24.550830841064453,-109.23226928710938,-6.269627571105957,79.03412628173828,0.2518445685105351
71,36,-12.453773498535156,42.83832550048828,-24.90591812133789,-109.77933502197266,-6.404804229736328,78.31969451904297,0.2510703881301495
71,37,-12.230814933776855,42.41926574707031,-26.069150924682617,-109.16192626953125,-6.266543388366699,78.76002502441406,0.2533519981271529
71,38,-12.323036193847656,42.63124084472656,-25.35733413696289,-109.27406311035156,-6.452849388122559,78.83839416503906,0.25203027512506176
71,39,-12.521161079406738,41.716026306152344,-26.401519775390625,-108.2203369140625,-6.031232833862305,78.08316040039062,0.25348891848905325
71,40,-12.685646057128906,41.39299774169922,-26.17963981628418,-108.42739868164062,-5.931174278259277,77.45205688476562,0.2524530153196146
71,41,-13.02455997467041,42.03495788574219,-26.04395294189453,-108.33038330078125,-6.055243492126465,75.16552734375,0.2531161631541824
71,42,-13.67123031616211,42.470035552978516,-25.103023529052734,-108.78719329833984,-6.22698974609375,62.15673828125,0.2514621961165737
71,43,-13.728426933288574,41.380226135253906,-26.198747634887695,-108.72006225585938,-5.838173866271973,59.49266815185547,0.25234415950155215
71,44,-14.308562278747559,41.38965606689453,-26.064342498779297,-108.57754516601562,-5.869209289550781,60.02597427368164,0.2521269614060952
71,45,-15.670453071594238,43.16425704956055,-27.0850830078125,-107.60519409179688,-5.759716987609863,66.7640609741211,0.2572180186805651
71,46,-18.03362274169922,44.354190826416016,-29.236732482910156,-106.50506591796875,-4.734816551208496,72.42489624023438,0.2635522592467668
71,47,-19.499521255493164,43.504005432128906,-31.240745544433594,-105.2857437133789,-4.409111976623535,67.37612915039062,0.266586096104496
71,48,-18.987268447875977,42.833763122558594,-31.218883514404297,-106.17493438720703,-4.662571907043457,66.8906021118164,0.26554133256033996
71,49,-8.945845603942871,32.84864044189453,-22.169191360473633,-86.65442657470703,-6.259042739868164,48.949462890625,0.23801892827873783
72,0,-14.875876426696777,84.41954040527344,-0.170684814453125,-90.07405090332031,-6.926968574523926,64.15425109863281,0.2546124123575156
72,1,-14.639288902282715,82.24528503417969,1.279388427734375,-91.89054107666016,-7.2509565353393555,65.70057678222656,0.25001815612660916
72,2,-14.206878662109375,78.44371795654297,-0.7227420806884766,-93.23572540283203,-7.267333984375,67.92678833007812,0.24993292314867582
72,3,-14.833292007446289,76.09925079345703,-3.62593936920166,-92.74028015136719,-7.522027015686035,72.86955261230469,0.2530978007325103
72,4,-14.929353713989258,73.22183990478516,-7.689901351928711,-92.25233459472656,-7.3996171951293945,72.50294494628906,0.25758832752132227
72,5,-14.898988723754883,68.25139617919922,-12.661128997802734,-92.44224548339844,-7.313486099243164,74.34313201904297,0.26132807558631005
72,6,-13.634696960449219,64.67449188232422,-21.262971878051758,-92.01936340332031,-6.393902778625488,79.61871337890625,0.2713592230415439
72,7,-13.35427474975586,64.28975677490234,-23.63165283203125,-92.43895721435547,-6.82144832611084,86.18241882324219,0.27451374426733915
72,8,-12.290202140808105,62.74062728881836,-24.805309295654297,-94.15184783935547,-6.854253768920898,85.8387222290039,0.2754403470982354
72,9,-11.206875801086426,62.106143951416016,-24.76995849609375,-95.00338745117188,-6.82172966003418,84.88496398925781,0.275094850899428
72,10,-10.767611503601074,60.57514953613281,-26.884950637817383,-95.88977813720703,-6.693362236022949,84.20663452148438,0.27706011166795824
72,11,-10.652514457702637,59.299278259277344,-28.036161422729492,-96.915283203125,-6.649242401123047,84.1412582397461,0.27787891120265457
72,12,-10.50527572631836,57.850318908691406,-28.752403259277344,-97.53680419921875,-6.512063026428223,83.91487121582031,0.2777571985170976
72,13,-9.780383110046387,56.287960052490234,-28.732913970947266,-97.66565704345703,-6.456504821777344,83.4183120727539,0.2762613516812701
72,14,-9.451038360595703,55.33828353881836,-28.813949584960938,-98.88766479492188,-6.539794921875,82.88121032714844,0.2757077984680443
72,15,-9.63886833190918,54.45743179321289,-28.428958892822266,-99.55012512207031,-6.600197792053223,83.28961181640625,0.2742994134360614
72,16,-9.76881217956543,55.81706619262695,-26.269330978393555,-100.49581146240234,-6.813601493835449,82.24373626708984,0.2722434919050562
72,17,-9.996148109436035,54.51913070678711,-25.762535095214844,-101.88238525390625,-6.898263931274414,81.777099609375,0.26995963018961955
72,18,-10.310840606689453,54.668209075927734,-23.96282958984375,-102.75990295410156,-6.834085464477539,81.26583862304688,0.26678062084899906
72,19,-9.969625473022461,54.278141021728516,-22.300254821777344,-104.38715362548828,-6.861690521240234,80.84275817871094,0.26283635828666496
72,20,-9.748238563537598,52.46253204345703,-22.74488639831543,-104.4102783203125,-6.671663284301758,81.24297332763672,0.2614716085604922
72,21,-9.544794082641602,50.33482360839844,-23.716564178466797,-103.85379791259766,-6.468905448913574,80.29844665527344,0.2608728308408802
72,22,-9.505455017089844,50.93252944946289,-21.684398651123047,-104.10457611083984,-6.499739646911621,80.06359100341797,0.2574771066692904
72,23,-9.80551815032959,49.94660949707031,-21.97955322265625,-104.01588439941406,-6.372653961181641,79.3803939819336,0.25683787832628957
72,24,-10.318470001220703,50.426368713378906,-21.97425651550293,-104.1554946899414,-6.457548141479492,77.92886352539062,0.2574042777953475
72,25,-10.14709758758545,50.035831451416016,-22.538143157958984,-104.45950317382812,-6.421718597412109,78.62610626220703,0.2579638974459753
72,26,-10.474467277526855,49.17070388793945,-22.018173217773438,-105.47785949707031,-6.215663909912109,78.25688171386719,0.25542358172722907
72,27,-11.498956680297852,49.443321228027344,-22.3428955078125,-105.6637191772461,-6.377413749694824,78.19761657714844,0.2564019339218813
72,28,-11.228959083557129,48.84712600708008,-22.21070671081543,-107.02391815185547,-6.089600563049316,78.55825805664062,0.2548085696328345
72,29,-11.4799165725708,48.33131408691406,-23.707860946655273,-107.34463500976562,-6.198908805847168,78.10691833496094,0.25719233993543467
72,30,-11.417023658752441,48.22938537597656,-23.60360336303711,-107.76786041259766,-6.0750932693481445,78.21723937988281,0.256667470305395
72,31,-11.943588256835938,47.39458465576172,-24.04926109313965,-107.59245300292969,-6.144757270812988,78.68181610107422,0.2565596748248291
72,32,-11.929518699645996,46.65226745605469,-23.924362182617188,-108.19094848632812,-6.096323013305664,80.29676818847656,0.25503030030700874
72,33,-12.173458099365234,45.751808166503906,-24.597240447998047,-108.42483520507812,-6.03452205657959,79.31063842773438,0.2551461683555096
72,34,-12.510404586791992,45.230224609375,-24.310270309448242,-108.50172424316406,-6.115913391113281,79.79754638671875,0.2537596969179735
72,35,-12.430526733398438,43.741241455078125,-24.550830841064453,-109.23226928710938,-6.269627571105957,79.03412628173828,0.2518445685105351
72,36,-12.453773498535156,42.83832550048828,-24.90591812133789,-109.77933502197266,-6.404804229736328,78.31969451904297,0.2510703881301495
72,37,-12.230814933776855,42.41926574707031,-26.069150924682617,-109.16192626953125,-6.266543388366699,78.76002502441406,0.2533519981271529
72,38,-12.323036193847656,42.63124084472656,-25.35733413696289,-109.27406311035156,-6.452849388122559,78.83839416503906,0.25203027512506176
72,39,-12.521161079406738,41.716026306152344,-26.401519775390625,-108.2203369140625,-6.031232833862305,78.08316040039062,0.25348891848905325
72,40,-12.685646057128906,41.39299774169922,-26.17963981628418,-108.42739868164062,-5.931174278259277,77.45205688476562,0.2524530153196146
72,41,-13.02455997467041,42.03495788574219,-26.04395294189453,-108.33038330078125,-6.055243492126465,75.16552734375,0.2531161631541824
72,42,-13.67123031616211,42.470035552978516,-25.103023529052734,-108.78719329833984,-6.22698974609375,62.15673828125,0.2514621961165737
72,43,-13.728426933288574,41.380226135253906,-26.198747634887695,-108.72006225585938,-5.838173866271973,59.49266815185547,0.25234415950155215
72,44,-14.308562278747559,41.38965606689453,-26.064342498779297,-108.57754516601562,-5.869209289550781,60.02597427368164,0.2521269614060952
72,45,-15.670453071594238,43.16425704956055,-27.0850830078125,-107.60519409179688,-5.759716987609863,66.7640609741211,0.2572180186805651
72,46,-18.03362274169922,44.354190826416016,-29.236732482910156,-106.50506591796875,-4.734816551208496,72.42489624023438,0.2635522592467668
72,47,-19.499521255493164,43.504005432128906,-31.240745544433594,-105.2857437133789,-4.409111976623535,67.37612915039062,0.266586096104496
72,48,-18.987268447875977,42.833763122558594,-31.218883514404297,-106.17493438720703,-4.662571907043457,66.8906021118164,0.26554133256033996
72,49,-8.945845603942871,32.84864044189453,-22.169191360473633,-86.65442657470703,-6.259042739868164,48.949462890625,0.23801892827873783
73,0,-14.875876426696777,84.41954040527344,-0.170684814453125,-90.07405090332031,-6.926968574523926,64.15425109863281,0.2546124123575156
73,1,-14.639288902282715,82.24528503417969,1.279388427734375,-91.89054107666016,-7.2509565353393555,65.70057678222656,0.25001815612660916
73,2,-14.206878662109375,78.44371795654297,-0.7227420806884766,-93.23572540283203,-7.267333984375,67.92678833007812,0.24993292314867582
73,3,-14.833292007446289,76.09925079345703,-3.62593936920166,-92.74028015136719,-7.522027015686035,72.86955261230469,0.2530978007325103
73,4,-14.929353713989258,73.22183990478516,-7.689901351928711,-92.25233459472656,-7.3996171951293945,72.50294494628906,0.25758832752132227
73,5,-14.898988723754883,68.25139617919922,-12.661128997802734,-92.44224548339844,-7.313486099243164,74.34313201904297,0.26132807558631005
73,6,-13.634696960449219,64.67449188232422,-21.262971878051758,-92.01936340332031,-6.393902778625488,79.61871337890625,0.2713592230415439
73,7,-13.35427474975586,64.28975677490234,-23.63165283203125,-92.43895721435547,-6.82144832611084,86.18241882324219,0.27451374426733915
73,8,-12.290202140808105,62.74062728881836,-24.805309295654297,-94.15184783935547,-6.854253768920898,85.8387222290039,0.2754403470982354
73,9,-11.206875801086426,62.106143951416016,-24.76995849609375,-95.00338745117188,-6.82172966003418,84.88496398925781,0.275094850899428
73,10,-10.767611503601074,60.57514953613281,-26.884950637817383,-95.88977813720703,-6.693362236022949,84.20663452148438,0.27706011166795824
73,11,-10.652514457702637,59.299278259277344,-28.036161422729492,-96.915283203125,-6.649242401123047,84.1412582397461,0.27787891120265457
73,12,-10.50527572631836,57.850318908691406,-28.752403259277344,-97.53680419921875,-6.512063026428223,83.91487121582031,0.2777571985170976
73,13,-9.780383110046387,56.287960052490234,-28.732913970947266,-97.66565704345703,-6.456504821777344,83.4183120727539,0.2762613516812701
73,14,-9.451038360595703,55.33828353881836,-28.813949584960938,-98.88766479492188,-6.539794921875,82.88121032714844,0.2757077984680443
73,15,-9.63886833190918,54.45743179321289,-28.428958892822266,-99.55012512207031,-6.600197792053223,83.28961181640625,0.2742994134360614
73,16,-9.76881217956543,55.81706619262695,-26.269330978393555,-100.49581146240234,-6.813601493835449,82.24373626708984,0.2722434919050562
73,17,-9.996148109436035,54.51913070678711,-25.762535095214844,-101.88238525390625,-6.898263931274414,81.777099609375,0.26995963018961955
73,18,-10.310840606689453,54.668209075927734,-23.96282958984375,-102.75990295410156,-6.834085464477539,81.26583862304688,0.26678062084899906
73,19,-9.969625473022461,54.278141021728516,-22.300254821777344,-104.38715362548828,-6.861690521240234,80.84275817871094,0.26283635828666496
73,20,-9.748238563537598,52.46253204345703,-22.74488639831543,-104.4102783203125,-6.671663284301758,81.24297332763672,0.2614716085604922
73,21,-9.544794082641602,50.33482360839844,-23.716564178466797,-103.85379791259766,-6.468905448913574,80.29844665527344,0.2608728308408802
73,22,-9.505455017089844,50.93252944946289,-21.684398651123047,-104.10457611083984,-6.499739646911621,80.06359100341797,0.2574771066692904
73,23,-9.80551815032959,49.94660949707031,-21.97955322265625,-104.01588439941406,-6.372653961181641,79.3803939819336,0.25683787832628957
73,24,-10.318470001220703,50.426368713378906,-21.97425651550293,-104.1554946899414,-6.457548141479492,77.92886352539062,0.2574042777953475
73,25,-10.14709758758545,50.035831451416016,-22.538143157958984,-104.45950317382812,-6.421718597412109,78.62610626220703,0.2579638974459753
73,26,-10.474467277526855,49.17070388793945,-22.018173217773438,-105.47785949707031,-6.215663909912109,78.25688171386719,0.25542358172722907
73,27,-11.498956680297852,49.443321228027344,-22.3428955078125,-105.6637191772461,-6.377413749694824,78.19761657714844,0.2564019339218813
73,28,-11.228959083557129,48.84712600708008,-22.21070671081543,-107.02391815185547,-6.089600563049316,78.55825805664062,0.2548085696328345
73,29,-11.4799165725708,48.33131408691406,-23.707860946655273,-107.34463500976562,-6.198908805847168,78.10691833496094,0.25719233993543467
73,30,-11.417023658752441,48.22938537597656,-23.60360336303711,-107.76786041259766,-6.0750932693481445,78.21723937988281,0.256667470305395
73,31,-11.943588256835938,47.39458465576172,-24.04926109313965,-107.59245300292969,-6.144757270812988,78.68181610107422,0.2565596748248291
73,32,-11.929518699645996,46.65226745605469,-23.924362182617188,-108.19094848632812,-6.096323013305664,80.29676818847656,0.25503030030700874
73,33,-12.173458099365234,45.751808166503906,-24.597240447998047,-108.42483520507812,-6.03452205657959,79.31063842773438,0.2551461683555096
73,34,-12.510404586791992,45.230224609375,-24.310270309448242,-108.50172424316406,-6.115913391113281,79.79754638671875,0.2537596969179735
73,35,-12.430526733398438,43.741241455078125,-24.550830841064453,-109.23226928710938,-6.269627571105957,79.03412628173828,0.2518445685105351
73,36,-12.453773498535156,42.83832550048828,-24.90591812133789,-109.77933502197266,-6.404804229736328,78.31969451904297,0.2510703881301495
73,37,-12.230814933776855,42.41926574707031,-26.069150924682617,-109.16192626953125,-6.266543388366699,78.76002502441406,0.2533519981271529
73,38,-12.323036193847656,42.63124084472656,-25.35733413696289,-109.27406311035156,-6.452849388122559,78.83839416503906,0.25203027512506176
73,39,-12.521161079406738,41.716026306152344,-26.401519775390625,-108.2203369140625,-6.031232833862305,78.08316040039062,0.25348891848905325
73,40,-12.685646057128906,41.39299774169922,-26.17963981628418,-108.42739868164062,-5.931174278259277,77.45205688476562,0.2524530153196146
73,41,-13.02455997467041,42.03495788574219,-26.04395294189453,-108.33038330078125,-6.055243492126465,75.16552734375,0.2531161631541824
73,42,-13.67123031616211,42.470035552978516,-25.103023529052734,-108.78719329833984,-6.22698974609375,62.15673828125,0.2514621961165737
73,43,-13.728426933288574,41.380226135253906,-26.198747634887695,-108.72006225585938,-5.838173866271973,59.49266815185547,0.25234415950155215
73,44,-14.308562278747559,41.38965606689453,-26.064342498779297,-108.57754516601562,-5.869209289550781,60.02597427368164,0.2521269614060952
73,45,-15.670453071594238,43.16425704956055,-27.0850830078125,-107.60519409179688,-5.759716987609863,66.7640609741211,0.2572180186805651
73,46,-18.03362274169922,44.354190826416016,-29.236732482910156,-106.50506591796875,-4.734816551208496,72.42489624023438,0.2635522592467668
73,47,-19.499521255493164,43.504005432128906,-31.240745544433594,-105.2857437133789,-4.409111976623535,67.37612915039062,0.266586096104496
73,48,-18.987268447875977,42.833763122558594,-31.218883514404297,-106.17493438720703,-4.662571907043457,66.8906021118164,0.26554133256033996
73,49,-8.945845603942871,32.84864044189453,-22.169191360473633,-86.65442657470703,-6.259042739868164,48.949462890625,0.23801892827873783
74,0,-14.875876426696777,84.41954040527344,-0.170684814453125,-90.07405090332031,-6.926968574523926,64.15425109863281,0.2546124123575156
74,1,-14.639288902282715,82.24528503417969,1.279388427734375,-91.89054107666016,-7.2509565353393555,65.70057678222656,0.25001815612660916
74,2,-14.206878662109375,78.44371795654297,-0.7227420806884766,-93.23572540283203,-7.267333984375,67.92678833007812,0.24993292314867582
74,3,-14.833292007446289,76.09925079345703,-3.62593936920166,-92.74028015136719,-7.522027015686035,72.86955261230469,0.2530978007325103
74,4,-14.929353713989258,73.22183990478516,-7.689901351928711,-92.25233459472656,-7.3996171951293945,72.50294494628906,0.25758832752132227
74,5,-14.898988723754883,68.25139617919922,-12.661128997802734,-92.44224548339844,-7.313486099243164,74.34313201904297,0.26132807558631005
74,6,-13.634696960449219,64.67449188232422,-21.262971878051758,-92.01936340332031,-6.393902778625488,79.61871337890625,0.2713592230415439
74,7,-13.35427474975586,64.28975677490234,-23.63165283203125,-92.43895721435547,-6.82144832611084,86.18241882324219,0.27451374426733915
74,8,-12.290202140808105,62.74062728881836,-24.805309295654297,-94.15184783935547,-6.854253768920898,85.8387222290039,0.2754403470982354
74,9,-11.206875801086426,62.106143951416016,-24.76995849609375,-95.00338745117188,-6.82172966003418,84.88496398925781,0.275094850899428
74,10,-10.767611503601074,60.57514953613281,-26.884950637817383,-95.88977813720703,-6.693362236022949,84.20663452148438,0.27706011166795824
74,11,-10.652514457702637,59.299278259277344,-28.036161422729492,-96.915283203125,-6.649242401123047,84.1412582397461,0.27787891120265457
74,12,-10.50527572631836,57.850318908691406,-28.752403259277344,-97.53680419921875,-6.512063026428223,83.91487121582031,0.2777571985170976
74,13,-9.780383110046387,56.287960052490234,-28.732913970947266,-97.66565704345703,-6.456504821777344,83.4183120727539,0.2762613516812701
74,14,-9.451038360595703,55.33828353881836,-28.813949584960938,-98.88766479492188,-6.539794921875,82.88121032714844,0.2757077984680443
74,15,-9.63886833190918,54.45743179321289,-28.428958892822266,-99.55012512207031,-6.600197792053223,83.28961181640625,0.2742994134360614
74,16,-9.76881217956543,55.81706619262695,-26.269330978393555,-100.49581146240234,-6.813601493835449,82.24373626708984,0.2722434919050562
74,17,-9.996148109436035,54.51913070678711,-25.762535095214844,-101.88238525390625,-6.898263931274414,81.777099609375,0.26995963018961955
74,18,-10.310840606689453,54.668209075927734,-23.96282958984375,-102.75990295410156,-6.834085464477539,81.26583862304688,0.26678062084899906
74,19,-9.969625473022461,54.278141021728516,-22.300254821777344,-104.38715362548828,-6.861690521240234,80.84275817871094,0.26283635828666496
74,20,-9.748238563537598,52.46253204345703,-22.74488639831543,-104.4102783203125,-6.671663284301758,81.24297332763672,0.2614716085604922
74,21,-9.544794082641602,50.33482360839844,-23.716564178466797,-103.85379791259766,-6.468905448913574,80.29844665527344,0.2608728308408802
74,22,-9.505455017089844,50.93252944946289,-21.684398651123047,-104.10457611083984,-6.499739646911621,80.06359100341797,0.2574771066692904
74,23,-9.80551815032959,49.94660949707031,-21.97955322265625,-104.01588439941406,-6.372653961181641,79.3803939819336,0.25683787832628957
74,24,-10.318470001220703,50.426368713378906,-21.97425651550293,-104.1554946899414,-6.457548141479492,77.92886352539062,0.2574042777953475
74,25,-10.14709758758545,50.035831451416016,-22.538143157958984,-104.45950317382812,-6.421718597412109,78.62610626220703,0.2579638974459753
74,26,-10.474467277526855,49.17070388793945,-22.018173217773438,-105.47785949707031,-6.215663909912109,78.25688171386719,0.25542358172722907
74,27,-11.498956680297852,49.443321228027344,-22.3428955078125,-105.6637191772461,-6.377413749694824,78.19761657714844,0.2564019339218813
74,28,-11.228959083557129,48.84712600708008,-22.21070671081543,-107.02391815185547,-6.089600563049316,78.55825805664062,0.2548085696328345
74,29,-11.4799165725708,48.33131408691406,-23.707860946655273,-107.34463500976562,-6.198908805847168,78.10691833496094,0.25719233993543467
74,30,-11.417023658752441,48.22938537597656,-23.60360336303711,-107.76786041259766,-6.0750932693481445,78.21723937988281,0.256667470305395
74,31,-11.943588256835938,47.39458465576172,-24.04926109313965,-107.59245300292969,-6.144757270812988,78.68181610107422,0.2565596748248291
74,32,-11.929518699645996,46.65226745605469,-23.924362182617188,-108.19094848632812,-6.096323013305664,80.29676818847656,0.25503030030700874
74,33,-12.173458099365234,45.751808166503906,-24.597240447998047,-108.42483520507812,-6.03452205657959,79.31063842773438,0.2551461683555096
74,34,-12.510404586791992,45.230224609375,-24.310270309448242,-108.50172424316406,-6.115913391113281,79.79754638671875,0.2537596969179735
74,35,-12.430526733398438,43.741241455078125,-24.550830841064453,-109.23226928710938,-6.269627571105957,79.03412628173828,0.2518445685105351
74,36,-12.453773498535156,42.83832550048828,-24.90591812133789,-109.77933502197266,-6.404804229736328,78.31969451904297,0.2510703881301495
74,37,-12.230814933776855,42.41926574707031,-26.069150924682617,-109.16192626953125,-6.266543388366699,78.76002502441406,0.2533519981271529
74,38,-12.323036193847656,42.63124084472656,-25.35733413696289,-109.27406311035156,-6.452849388122559,78.83839416503906,0.25203027512506176
74,39,-12.521161079406738,41.716026306152344,-26.401519775390625,-108.2203369140625,-6.031232833862305,78.08316040039062,0.25348891848905325
74,40,-12.685646057128906,41.39299774169922,-26.17963981628418,-108.42739868164062,-5.931174278259277,77.45205688476562,0.2524530153196146
74,41,-13.02455997467041,42.03495788574219,-26.04395294189453,-108.33038330078125,-6.055243492126465,75.16552734375,0.2531161631541824
74,42,-13.67123031616211,42.470035552978516,-25.103023529052734,-108.78719329833984,-6.22698974609375,62.15673828125,0.2514621961165737
74,43,-13.728426933288574,41.380226135253906,-26.198747634887695,-108.72006225585938,-5.838173866271973,59.49266815185547,0.25234415950155215
74,44,-14.308562278747559,41.38965606689453,-26.064342498779297,-108.57754516601562,-5.869209289550781,60.02597427368164,0.2521269614060952
74,45,-15.670453071594238,43.16425704956055,-27.0850830078125,-107.60519409179688,-5.759716987609863,66.7640609741211,0.2572180186805651
74,46,-18.03362274169922,44.354190826416016,-29.236732482910156,-106.50506591796875,-4.734816551208496,72.42489624023438,0.2635522592467668
74,47,-19.499521255493164,43.504005432128906,-31.240745544433594,-105.2857437133789,-4.409111976623535,67.37612915039062,0.266586096104496
74,48,-18.987268447875977,42.833763122558594,-31.218883514404297,-106.17493438720703,-4.662571907043457,66.8906021118164,0.26554133256033996
74,49,-8.945845603942871,32.84864044189453,-22.169191360473633,-86.65442657470703,-6.259042739868164,48.949462890625,0.23801892827873783
75,0,-14.875876426696777,84.41954040527344,-0.170684814453125,-90.07405090332031,-6.926968574523926,64.15425109863281,0.2546124123575156
75,1,-14.639288902282715,82.24528503417969,1.279388427734375,-91.89054107666016,-7.2509565353393555,65.70057678222656,0.25001815612660916
75,2,-14.206878662109375,78.44371795654297,-0.7227420806884766,-93.23572540283203,-7.267333984375,67.92678833007812,0.24993292314867582
75,3,-14.833292007446289,76.09925079345703,-3.62593936920166,-92.74028015136719,-7.522027015686035,72.86955261230469,0.2530978007325103
75,4,-14.929353713989258,73.22183990478516,-7.689901351928711,-92.25233459472656,-7.3996171951293945,72.50294494628906,0.25758832752132227
75,5,-14.898988723754883,68.25139617919922,-12.661128997802734,-92.44224548339844,-7.313486099243164,74.34313201904297,0.26132807558631005
75,6,-13.634696960449219,64.67449188232422,-21.262971878051758,-92.01936340332031,-6.393902778625488,79.61871337890625,0.2713592230415439
75,7,-13.35427474975586,64.28975677490234,-23.63165283203125,-92.43895721435547,-6.82144832611084,86.18241882324219,0.27451374426733915
75,8,-12.290202140808105,62.74062728881836,-24.805309295654297,-94.15184783935547,-6.854253768920898,85.8387222290039,0.2754403470982354
75,9,-11.206875801086426,62.106143951416016,-24.76995849609375,-95.00338745117188,-6.82172966003418,84.88496398925781,0.275094850899428
75,10,-10.767611503601074,60.57514953613281,-26.884950637817383,-95.88977813720703,-6.693362236022949,84.20663452148438,0.27706011166795824
75,11,-10.652514457702637,59.299278259277344,-28.036161422729492,-96.915283203125,-6.649242401123047,84.1412582397461,0.27787891120265457
75,12,-10.50527572631836,57.850318908691406,-28.752403259277344,-97.53680419921875,-6.512063026428223,83.91487121582031,0.2777571985170976
75,13,-9.780383110046387,56.287960052490234,-28.732913970947266,-97.66565704345703,-6.456504821777344,83.4183120727539,0.2762613516812701
75,14,-9.451038360595703,55.33828353881836,-28.813949584960938,-98.88766479492188,-6.539794921875,82.88121032714844,0.2757077984680443
75,15,-9.63886833190918,54.45743179321289,-28.428958892822266,-99.55012512207031,-6.600197792053223,83.28961181640625,0.2742994134360614
75,16,-9.76881217956543,55.81706619262695,-26.269330978393555,-100.49581146240234,-6.813601493835449,82.24373626708984,0.2722434919050562
75,17,-9.996148109436035,54.51913070678711,-25.762535095214844,-101.88238525390625,-6.898263931274414,81.777099609375,0.26995963018961955
75,18,-10.310840606689453,54.668209075927734,-23.96282958984375,-102.75990295410156,-6.834085464477539,81.26583862304688,0.26678062084899906
75,19,-9.969625473022461,54.278141021728516,-22.300254821777344,-104.38715362548828,-6.861690521240234,80.84275817871094,0.26283635828666496
75,20,-9.748238563537598,52.46253204345703,-22.74488639831543,-104.4102783203125,-6.671663284301758,81.24297332763672,0.2614716085604922
75,21,-9.544794082641602,50.33482360839844,-23.716564178466797,-103.85379791259766,-6.468905448913574,80.29844665527344,0.2608728308408802
75,22,-9.505455017089844,50.93252944946289,-21.684398651123047,-104.10457611083984,-6.499739646911621,80.06359100341797,0.2574771066692904
75,23,-9.80551815032959,49.94660949707031,-21.97955322265625,-104.01588439941406,-6.372653961181641,79.3803939819336,0.25683787832628957
75,24,-10.318470001220703,50.426368713378906,-21.97425651550293,-104.1554946899414,-6.457548141479492,77.92886352539062,0.2574042777953475
75,25,-10.14709758758545,50.035831451416016,-22.538143157958984,-104.45950317382812,-6.421718597412109,78.62610626220703,0.2579638974459753
75,26,-10.474467277526855,49.17070388793945,-22.018173217773438,-105.47785949707031,-6.215663909912109,78.25688171386719,0.25542358172722907
75,27,-11.498956680297852,49.443321228027344,-22.3428955078125,-105.6637191772461,-6.377413749694824,78.19761657714844,0.2564019339218813
75,28,-11.228959083557129,48.84712600708008,-22.21070671081543,-107.02391815185547,-6.089600563049316,78.55825805664062,0.2548085696328345
75,29,-11.4799165725708,48.33131408691406,-23.707860946655273,-107.34463500976562,-6.198908805847168,78.10691833496094,0.25719233993543467
75,30,-11.417023658752441,48.22938537597656,-23.60360336303711,-107.76786041259766,-6.0750932693481445,78.21723937988281,0.256667470305395
75,31,-11.943588256835938,47.39458465576172,-24.04926109313965,-107.59245300292969,-6.144757270812988,78.68181610107422,0.2565596748248291
75,32,-11.929518699645996,46.65226745605469,-23.924362182617188,-108.19094848632812,-6.096323013305664,80.29676818847656,0.25503030030700874
75,33,-12.173458099365234,45.751808166503906,-24.597240447998047,-108.42483520507812,-6.03452205657959,79.31063842773438,0.2551461683555096
75,34,-12.510404586791992,45.230224609375,-24.310270309448242,-108.50172424316406,-6.115913391113281,79.79754638671875,0.2537596969179735
75,35,-12.430526733398438,43.741241455078125,-24.550830841064453,-109.23226928710938,-6.269627571105957,79.03412628173828,0.2518445685105351
75,36,-12.453773498535156,42.83832550048828,-24.90591812133789,-109.77933502197266,-6.404804229736328,78.31969451904297,0.2510703881301495
75,37,-12.230814933776855,42.41926574707031,-26.069150924682617,-109.16192626953125,-6.266543388366699,78.76002502441406,0.2533519981271529
75,38,-12.323036193847656,42.63124084472656,-25.35733413696289,-109.27406311035156,-6.452849388122559,78.83839416503906,0.25203027512506176
75,39,-12.521161079406738,41.716026306152344,-26.401519775390625,-108.2203369140625,-6.031232833862305,78.08316040039062,0.25348891848905325
75,40,-12.685646057128906,41.39299774169922,-26.17963981628418,-108.42739868164062,-5.931174278259277,77.45205688476562,0.2524530153196146
75,41,-13.02455997467041,42.03495788574219,-26.04395294189453,-108.33038330078125,-6.055243492126465,75.16552734375,0.2531161631541824
75,42,-13.67123031616211,42.470035552978516,-25.103023529052734,-108.78719329833984,-6.22698974609375,62.15673828125,0.2514621961165737
75,43,-13.728426933288574,41.380226135253906,-26.198747634887695,-108.72006225585938,-5.838173866271973,59.49266815185547,0.25234415950155215
75,44,-14.308562278747559,41.38965606689453,-26.064342498779297,-108.57754516601562,-5.869209289550781,60.02597427368164,0.2521269614060952
75,45,-15.670453071594238,43.16425704956055,-27.0850830078125,-107.60519409179688,-5.759716987609863,66.7640609741211,0.2572180186805651
75,46,-18.03362274169922,44.354190826416016,-29.236732482910156,-106.50506591796875,-4.734816551208496,72.42489624023438,0.2635522592467668
75,47,-19.499521255493164,43.504005432128906,-31.240745544433594,-105.2857437133789,-4.409111976623535,67.37612915039062,0.266586096104496
75,48,-18.987268447875977,42.833763122558594,-31.218883514404297,-106.17493438720703,-4.662571907043457,66.8906021118164,0.26554133256033996
75,49,-8.945845603942871,32.84864044189453,-22.169191360473633,-86.65442657470703,-6.259042739868164,48.949462890625,0.23801892827873783
76,0,-14.875876426696777,84.41954040527344,-0.170684814453125,-90.07405090332031,-6.926968574523926,64.15425109863281,0.2546124123575156
76,1,-14.639288902282715,82.24528503417969,1.279388427734375,-91.89054107666016,-7.2509565353393555,65.70057678222656,0.25001815612660916
76,2,-14.206878662109375,78.44371795654297,-0.7227420806884766,-93.23572540283203,-7.267333984375,67.92678833007812,0.24993292314867582
76,3,-14.833292007446289,76.09925079345703,-3.62593936920166,-92.74028015136719,-7.522027015686035,72.86955261230469,0.2530978007325103
76,4,-14.929353713989258,73.22183990478516,-7.689901351928711,-92.25233459472656,-7.3996171951293945,72.50294494628906,0.25758832752132227
76,5,-14.898988723754883,68.25139617919922,-12.661128997802734,-92.44224548339844,-7.313486099243164,74.34313201904297,0.26132807558631005
76,6,-13.634696960449219,64.67449188232422,-21.262971878051758,-92.01936340332031,-6.393902778625488,79.61871337890625,0.2713592230415439
76,7,-13.35427474975586,64.28975677490234,-23.63165283203125,-92.43895721435547,-6.82144832611084,86.18241882324219,0.27451374426733915
76,8,-12.290202140808105,62.74062728881836,-24.805309295654297,-94.15184783935547,-6.854253768920898,85.8387222290039,0.2754403470982354
76,9,-11.206875801086426,62.106143951416016,-24.76995849609375,-95.00338745117188,-6.82172966003418,84.88496398925781,0.275094850899428
76,10,-10.767611503601074,60.57514953613281,-26.884950637817383,-95.88977813720703,-6.693362236022949,84.20663452148438,0.27706011166795824
76,11,-10.652514457702637,59.299278259277344,-28.036161422729492,-96.915283203125,-6.649242401123047,84.1412582397461,0.27787891120265457
76,12,-10.50527572631836,57.850318908691406,-28.752403259277344,-97.53680419921875,-6.512063026428223,83.91487121582031,0.2777571985170976
76,13,-9.780383110046387,56.287960052490234,-28.732913970947266,-97.66565704345703,-6.456504821777344,83.4183120727539,0.2762613516812701
76,14,-9.451038360595703,55.33828353881836,-28.813949584960938,-98.88766479492188,-6.539794921875,82.88121032714844,0.2757077984680443
76,15,-9.63886833190918,54.45743179321289,-28.428958892822266,-99.55012512207031,-6.600197792053223,83.28961181640625,0.2742994134360614
76,16,-9.76881217956543,55.81706619262695,-26.269330978393555,-100.49581146240234,-6.813601493835449,82.24373626708984,0.2722434919050562
76,17,-9.996148109436035,54.51913070678711,-25.762535095214844,-101.88238525390625,-6.898263931274414,81.777099609375,0.26995963018961955
76,18,-10.310840606689453,54.668209075927734,-23.96282958984375,-102.75990295410156,-6.834085464477539,81.26583862304688,0.26678062084899906
76,19,-9.969625473022461,54.278141021728516,-22.300254821777344,-104.38715362548828,-6.861690521240234,80.84275817871094,0.26283635828666496
76,20,-9.748238563537598,52.46253204345703,-22.74488639831543,-104.4102783203125,-6.671663284301758,81.24297332763672,0.2614716085604922
76,21,-9.544794082641602,50.33482360839844,-23.716564178466797,-103.85379791259766,-6.468905448913574,80.29844665527344,0.2608728308408802
76,22,-9.505455017089844,50.93252944946289,-21.684398651123047,-104.10457611083984,-6.499739646911621,80.06359100341797,0.2574771066692904
76,23,-9.80551815032959,49.94660949707031,-21.97955322265625,-104.01588439941406,-6.372653961181641,79.3803939819336,0.25683787832628957
76,24,-10.318470001220703,50.426368713378906,-21.97425651550293,-104.1554946899414,-6.457548141479492,77.92886352539062,0.2574042777953475
76,25,-10.14709758758545,50.035831451416016,-22.538143157958984,-104.45950317382812,-6.421718597412109,78.62610626220703,0.2579638974459753
76,26,-10.474467277526855,49.17070388793945,-22.018173217773438,-105.47785949707031,-6.215663909912109,78.25688171386719,0.25542358172722907
76,27,-11.498956680297852,49.443321228027344,-22.3428955078125,-105.6637191772461,-6.377413749694824,78.19761657714844,0.2564019339218813
76,28,-11.228959083557129,48.84712600708008,-22.21070671081543,-107.02391815185547,-6.089600563049316,78.55825805664062,0.2548085696328345
76,29,-11.4799165725708,48.33131408691406,-23.707860946655273,-107.34463500976562,-6.198908805847168,78.10691833496094,0.25719233993543467
76,30,-11.417023658752441,48.22938537597656,-23.60360336303711,-107.76786041259766,-6.0750932693481445,78.21723937988281,0.256667470305395
76,31,-11.943588256835938,47.39458465576172,-24.04926109313965,-107.59245300292969,-6.144757270812988,78.68181610107422,0.2565596748248291
76,32,-11.929518699645996,46.65226745605469,-23.924362182617188,-108.19094848632812,-6.096323013305664,80.29676818847656,0.25503030030700874
76,33,-12.173458099365234,45.751808166503906,-24.597240447998047,-108.42483520507812,-6.03452205657959,79.31063842773438,0.2551461683555096
76,34,-12.510404586791992,45.230224609375,-24.310270309448242,-108.50172424316406,-6.115913391113281,79.79754638671875,0.2537596969179735
76,35,-12.430526733398438,43.741241455078125,-24.550830841064453,-109.23226928710938,-6.269627571105957,79.03412628173828,0.2518445685105351
76,36,-12.453773498535156,42.83832550048828,-24.90591812133789,-109.77933502197266,-6.404804229736328,78.31969451904297,0.2510703881301495
76,37,-12.230814933776855,42.41926574707031,-26.069150924682617,-109.16192626953125,-6.266543388366699,78.76002502441406,0.2533519981271529
76,38,-12.323036193847656,42.63124084472656,-25.35733413696289,-109.27406311035156,-6.452849388122559,78.83839416503906,0.25203027512506176
76,39,-12.521161079406738,41.716026306152344,-26.401519775390625,-108.2203369140625,-6.031232833862305,78.08316040039062,0.25348891848905325
76,40,-12.685646057128906,41.39299774169922,-26.17963981628418,-108.42739868164062,-5.931174278259277,77.45205688476562,0.2524530153196146
76,41,-13.02455997467041,42.03495788574219,-26.04395294189453,-108.33038330078125,-6.055243492126465,75.16552734375,0.2531161631541824
76,42,-13.67123031616211,42.470035552978516,-25.103023529052734,-108.78719329833984,-6.22698974609375,62.15673828125,0.2514621961165737
76,43,-13.728426933288574,41.380226135253906,-26.198747634887695,-108.72006225585938,-5.838173866271973,59.49266815185547,0.25234415950155215
76,44,-14.308562278747559,41.38965606689453,-26.064342498779297,-108.57754516601562,-5.869209289550781,60.02597427368164,0.2521269614060952
76,45,-15.670453071594238,43.16425704956055,-27.0850830078125,-107.60519409179688,-5.759716987609863,66.7640609741211,0.2572180186805651
76,46,-18.03362274169922,44.354190826416016,-29.236732482910156,-106.50506591796875,-4.734816551208496,72.42489624023438,0.2635522592467668
76,47,-19.499521255493164,43.504005432128906,-31.240745544433594,-105.2857437133789,-4.409111976623535,67.37612915039062,0.266586096104496
76,48,-18.987268447875977,42.833763122558594,-31.218883514404297,-106.17493438720703,-4.662571907043457,66.8906021118164,0.26554133256033996
76,49,-8.945845603942871,32.84864044189453,-22.169191360473633,-86.65442657470703,-6.259042739868164,48.949462890625,0.23801892827873783
77,0,-14.875876426696777,84.41954040527344,-0.170684814453125,-90.07405090332031,-6.926968574523926,64.15425109863281,0.2546124123575156
77,1,-14.639288902282715,82.24528503417969,1.279388427734375,-91.89054107666016,-7.2509565353393555,65.70057678222656,0.25001815612660916
77,2,-14.206878662109375,78.44371795654297,-0.7227420806884766,-93.23572540283203,-7.267333984375,67.92678833007812,0.24993292314867582
77,3,-14.833292007446289,76.09925079345703,-3.62593936920166,-92.74028015136719,-7.522027015686035,72.86955261230469,0.2530978007325103
77,4,-14.929353713989258,73.22183990478516,-7.689901351928711,-92.25233459472656,-7.3996171951293945,72.50294494628906,0.25758832752132227
77,5,-14.898988723754883,68.25139617919922,-12.661128997802734,-92.44224548339844,-7.313486099243164,74.34313201904297,0.26132807558631005
77,6,-13.634696960449219,64.67449188232422,-21.262971878051758,-92.01936340332031,-6.393902778625488,79.61871337890625,0.2713592230415439
77,7,-13.35427474975586,64.28975677490234,-23.63165283203125,-92.43895721435547,-6.82144832611084,86.18241882324219,0.27451374426733915
77,8,-12.290202140808105,62.74062728881836,-24.805309295654297,-94.15184783935547,-6.854253768920898,85.8387222290039,0.2754403470982354
77,9,-11.206875801086426,62.106143951416016,-24.76995849609375,-95.00338745117188,-6.82172966003418,84.88496398925781,0.275094850899428
77,10,-10.767611503601074,60.57514953613281,-26.884950637817383,-95.88977813720703,-6.693362236022949,84.20663452148438,0.27706011166795824
77,11,-10.652514457702637,59.299278259277344,-28.036161422729492,-96.915283203125,-6.649242401123047,84.1412582397461,0.27787891120265457
77,12,-10.50527572631836,57.850318908691406,-28.752403259277344,-97.53680419921875,-6.512063026428223,83.91487121582031,0.2777571985170976
77,13,-9.780383110046387,56.287960052490234,-28.732913970947266,-97.66565704345703,-6.456504821777344,83.4183120727539,0.2762613516812701
77,14,-9.451038360595703,55.33828353881836,-28.813949584960938,-98.88766479492188,-6.539794921875,82.88121032714844,0.2757077984680443
77,15,-9.63886833190918,54.45743179321289,-28.428958892822266,-99.55012512207031,-6.600197792053223,83.28961181640625,0.2742994134360614
77,16,-9.76881217956543,55.81706619262695,-26.269330978393555,-100.49581146240234,-6.813601493835449,82.24373626708984,0.2722434919050562
77,17,-9.996148109436035,54.51913070678711,-25.762535095214844,-101.88238525390625,-6.898263931274414,81.777099609375,0.26995963018961955
77,18,-10.310840606689453,54.668209075927734,-23.96282958984375,-102.75990295410156,-6.834085464477539,81.26583862304688,0.26678062084899906
77,19,-9.969625473022461,54.278141021728516,-22.300254821777344,-104.38715362548828,-6.861690521240234,80.84275817871094,0.26283635828666496
77,20,-9.748238563537598,52.46253204345703,-22.74488639831543,-104.4102783203125,-6.671663284301758,81.24297332763672,0.2614716085604922
77,21,-9.544794082641602,50.33482360839844,-23.716564178466797,-103.85379791259766,-6.468905448913574,80.29844665527344,0.2608728308408802
77,22,-9.505455017089844,50.93252944946289,-21.684398651123047,-104.10457611083984,-6.499739646911621,80.06359100341797,0.2574771066692904
77,23,-9.80551815032959,49.94660949707031,-21.97955322265625,-104.01588439941406,-6.372653961181641,79.3803939819336,0.25683787832628957
77,24,-10.318470001220703,50.426368713378906,-21.97425651550293,-104.1554946899414,-6.457548141479492,77.92886352539062,0.2574042777953475
77,25,-10.14709758758545,50.035831451416016,-22.538143157958984,-104.45950317382812,-6.421718597412109,78.62610626220703,0.2579638974459753
77,26,-10.474467277526855,49.17070388793945,-22.018173217773438,-105.47785949707031,-6.215663909912109,78.25688171386719,0.25542358172722907
77,27,-11.498956680297852,49.443321228027344,-22.3428955078125,-105.6637191772461,-6.377413749694824,78.19761657714844,0.2564019339218813
77,28,-11.228959083557129,48.84712600708008,-22.21070671081543,-107.02391815185547,-6.089600563049316,78.55825805664062,0.2548085696328345
77,29,-11.4799165725708,48.33131408691406,-23.707860946655273,-107.34463500976562,-6.198908805847168,78.10691833496094,0.25719233993543467
77,30,-11.417023658752441,48.22938537597656,-23.60360336303711,-107.76786041259766,-6.0750932693481445,78.21723937988281,0.256667470305395
77,31,-11.943588256835938,47.39458465576172,-24.04926109313965,-107.59245300292969,-6.144757270812988,78.68181610107422,0.2565596748248291
77,32,-11.929518699645996,46.65226745605469,-23.924362182617188,-108.19094848632812,-6.096323013305664,80.29676818847656,0.25503030030700874
77,33,-12.173458099365234,45.751808166503906,-24.597240447998047,-108.42483520507812,-6.03452205657959,79.31063842773438,0.2551461683555096
77,34,-12.510404586791992,45.230224609375,-24.310270309448242,-108.50172424316406,-6.115913391113281,79.79754638671875,0.2537596969179735
77,35,-12.430526733398438,43.741241455078125,-24.550830841064453,-109.23226928710938,-6.269627571105957,79.03412628173828,0.2518445685105351
77,36,-12.453773498535156,42.83832550048828,-24.90591812133789,-109.77933502197266,-6.404804229736328,78.31969451904297,0.2510703881301495
77,37,-12.230814933776855,42.41926574707031,-26.069150924682617,-109.16192626953125,-6.266543388366699,78.76002502441406,0.2533519981271529
77,38,-12.323036193847656,42.63124084472656,-25.35733413696289,-109.27406311035156,-6.452849388122559,78.83839416503906,0.25203027512506176
77,39,-12.521161079406738,41.716026306152344,-26.401519775390625,-108.2203369140625,-6.031232833862305,78.08316040039062,0.25348891848905325
77,40,-12.685646057128906,41.39299774169922,-26.17963981628418,-108.42739868164062,-5.931174278259277,77.45205688476562,0.2524530153196146
77,41,-13.02455997467041,42.03495788574219,-26.04395294189453,-108.33038330078125,-6.055243492126465,75.16552734375,0.2531161631541824
77,42,-13.67123031616211,42.470035552978516,-25.103023529052734,-108.78719329833984,-6.22698974609375,62.15673828125,0.2514621961165737
77,43,-13.728426933288574,41.380226135253906,-26.198747634887695,-108.72006225585938,-5.838173866271973,59.49266815185547,0.25234415950155215
77,44,-14.308562278747559,41.38965606689453,-26.064342498779297,-108.57754516601562,-5.869209289550781,60.02597427368164,0.2521269614060952
77,45,-15.670453071594238,43.16425704956055,-27.0850830078125,-107.60519409179688,-5.759716987609863,66.7640609741211,0.2572180186805651
77,46,-18.03362274169922,44.354190826416016,-29.236732482910156,-106.50506591796875,-4.734816551208496,72.42489624023438,0.2635522592467668
77,47,-19.499521255493164,43.504005432128906,-31.240745544433594,-105.2857437133789,-4.409111976623535,67.37612915039062,0.266586096104496
77,48,-18.987268447875977,42.833763122558594,-31.218883514404297,-106.17493438720703,-4.662571907043457,66.8906021118164,0.26554133256033996
77,49,-8.945845603942871,32.84864044189453,-22.169191360473633,-86.65442657470703,-6.259042739868164,48.949462890625,0.23801892827873783
78,0,-14.875876426696777,84.41954040527344,-0.170684814453125,-90.07405090332031,-6.926968574523926,64.15425109863281,0.2546124123575156
78,1,-14.639288902282715,82.24528503417969,1.279388427734375,-91.89054107666016,-7.2509565353393555,65.70057678222656,0.25001815612660916
78,2,-14.206878662109375,78.44371795654297,-0.7227420806884766,-93.23572540283203,-7.267333984375,67.92678833007812,0.24993292314867582
78,3,-14.833292007446289,76.09925079345703,-3.62593936920166,-92.74028015136719,-7.522027015686035,72.86955261230469,0.2530978007325103
78,4,-14.929353713989258,73.22183990478516,-7.689901351928711,-92.25233459472656,-7.3996171951293945,72.50294494628906,0.25758832752132227
78,5,-14.898988723754883,68.25139617919922,-12.661128997802734,-92.44224548339844,-7.313486099243164,74.34313201904297,0.26132807558631005
78,6,-13.634696960449219,64.67449188232422,-21.262971878051758,-92.01936340332031,-6.393902778625488,79.61871337890625,0.2713592230415439
78,7,-13.35427474975586,64.28975677490234,-23.63165283203125,-92.43895721435547,-6.82144832611084,86.18241882324219,0.27451374426733915
78,8,-12.290202140808105,62.74062728881836,-24.805309295654297,-94.15184783935547,-6.854253768920898,85.8387222290039,0.2754403470982354
78,9,-11.206875801086426,62.106143951416016,-24.76995849609375,-95.00338745117188,-6.82172966003418,84.88496398925781,0.275094850899428
78,10,-10.767611503601074,60.57514953613281,-26.884950637817383,-95.88977813720703,-6.693362236022949,84.20663452148438,0.27706011166795824
78,11,-10.652514457702637,59.299278259277344,-28.036161422729492,-96.915283203125,-6.649242401123047,84.1412582397461,0.27787891120265457
78,12,-10.50527572631836,57.850318908691406,-28.752403259277344,-97.53680419921875,-6.512063026428223,83.91487121582031,0.2777571985170976
78,13,-9.780383110046387,56.287960052490234,-28.732913970947266,-97.66565704345703,-6.456504821777344,83.4183120727539,0.2762613516812701
78,14,-9.451038360595703,55.33828353881836,-28.813949584960938,-98.88766479492188,-6.539794921875,82.88121032714844,0.2757077984680443
78,15,-9.63886833190918,54.45743179321289,-28.428958892822266,-99.55012512207031,-6.600197792053223,83.28961181640625,0.2742994134360614
78,16,-9.76881217956543,55.81706619262695,-26.269330978393555,-100.49581146240234,-6.813601493835449,82.24373626708984,0.2722434919050562
78,17,-9.996148109436035,54.51913070678711,-25.762535095214844,-101.88238525390625,-6.898263931274414,81.777099609375,0.26995963018961955
78,18,-10.310840606689453,54.668209075927734,-23.96282958984375,-102.75990295410156,-6.834085464477539,81.26583862304688,0.26678062084899906
78,19,-9.969625473022461,54.278141021728516,-22.300254821777344,-104.38715362548828,-6.861690521240234,80.84275817871094,0.26283635828666496
78,20,-9.748238563537598,52.46253204345703,-22.74488639831543,-104.4102783203125,-6.671663284301758,81.24297332763672,0.2614716085604922
78,21,-9.544794082641602,50.33482360839844,-23.716564178466797,-103.85379791259766,-6.468905448913574,80.29844665527344,0.2608728308408802
78,22,-9.505455017089844,50.93252944946289,-21.684398651123047,-104.10457611083984,-6.499739646911621,80.06359100341797,0.2574771066692904
78,23,-9.80551815032959,49.94660949707031,-21.97955322265625,-104.01588439941406,-6.372653961181641,79.3803939819336,0.25683787832628957
78,24,-10.318470001220703,50.426368713378906,-21.97425651550293,-104.1554946899414,-6.457548141479492,77.92886352539062,0.2574042777953475
78,25,-10.14709758758545,50.035831451416016,-22.538143157958984,-104.45950317382812,-6.421718597412109,78.62610626220703,0.2579638974459753
78,26,-10.474467277526855,49.17070388793945,-22.018173217773438,-105.47785949707031,-6.215663909912109,78.25688171386719,0.25542358172722907
78,27,-11.498956680297852,49.443321228027344,-22.3428955078125,-105.6637191772461,-6.377413749694824,78.19761657714844,0.2564019339218813
78,28,-11.228959083557129,48.84712600708008,-22.21070671081543,-107.02391815185547,-6.089600563049316,78.55825805664062,0.2548085696328345
78,29,-11.4799165725708,48.33131408691406,-23.707860946655273,-107.34463500976562,-6.198908805847168,78.10691833496094,0.25719233993543467
78,30,-11.417023658752441,48.22938537597656,-23.60360336303711,-107.76786041259766,-6.0750932693481445,78.21723937988281,0.256667470305395
78,31,-11.943588256835938,47.39458465576172,-24.04926109313965,-107.59245300292969,-6.144757270812988,78.68181610107422,0.2565596748248291
78,32,-11.929518699645996,46.65226745605469,-23.924362182617188,-108.19094848632812,-6.096323013305664,80.29676818847656,0.25503030030700874
78,33,-12.173458099365234,45.751808166503906,-24.597240447998047,-108.42483520507812,-6.03452205657959,79.31063842773438,0.2551461683555096
78,34,-12.510404586791992,45.230224609375,-24.310270309448242,-108.50172424316406,-6.115913391113281,79.79754638671875,0.2537596969179735
78,35,-12.430526733398438,43.741241455078125,-24.550830841064453,-109.23226928710938,-6.269627571105957,79.03412628173828,0.2518445685105351
78,36,-12.453773498535156,42.83832550048828,-24.90591812133789,-109.77933502197266,-6.404804229736328,78.31969451904297,0.2510703881301495
78,37,-12.230814933776855,42.41926574707031,-26.069150924682617,-109.16192626953125,-6.266543388366699,78.76002502441406,0.2533519981271529
78,38,-12.323036193847656,42.63124084472656,-25.35733413696289,-109.27406311035156,-6.452849388122559,78.83839416503906,0.25203027512506176
78,39,-12.521161079406738,41.716026306152344,-26.401519775390625,-108.2203369140625,-6.031232833862305,78.08316040039062,0.25348891848905325
78,40,-12.685646057128906,41.39299774169922,-26.17963981628418,-108.42739868164062,-5.931174278259277,77.45205688476562,0.2524530153196146
78,41,-13.02455997467041,42.03495788574219,-26.04395294189453,-108.33038330078125,-6.055243492126465,75.16552734375,0.2531161631541824
78,42,-13.67123031616211,42.470035552978516,-25.103023529052734,-108.78719329833984,-6.22698974609375,62.15673828125,0.2514621961165737
78,43,-13.728426933288574,41.380226135253906,-26.198747634887695,-108.72006225585938,-5.838173866271973,59.49266815185547,0.25234415950155215
78,44,-14.308562278747559,41.38965606689453,-26.064342498779297,-108.57754516601562,-5.869209289550781,60.02597427368164,0.2521269614060952
78,45,-15.670453071594238,43.16425704956055,-27.0850830078125,-107.60519409179688,-5.759716987609863,66.7640609741211,0.2572180186805651
78,46,-18.03362274169922,44.354190826416016,-29.236732482910156,-106.50506591796875,-4.734816551208496,72.42489624023438,0.2635522592467668
78,47,-19.499521255493164,43.504005432128906,-31.240745544433594,-105.2857437133789,-4.409111976623535,67.37612915039062,0.266586096104496
78,48,-18.987268447875977,42.833763122558594,-31.218883514404297,-106.17493438720703,-4.662571907043457,66.8906021118164,0.26554133256033996
78,49,-8.945845603942871,32.84864044189453,-22.169191360473633,-86.65442657470703,-6.259042739868164,48.949462890625,0.23801892827873783
79,0,-14.875876426696777,84.41954040527344,-0.170684814453125,-90.07405090332031,-6.926968574523926,64.15425109863281,0.2546124123575156
79,1,-14.639288902282715,82.24528503417969,1.279388427734375,-91.89054107666016,-7.2509565353393555,65.70057678222656,0.25001815612660916
79,2,-14.206878662109375,78.44371795654297,-0.7227420806884766,-93.23572540283203,-7.267333984375,67.92678833007812,0.24993292314867582
79,3,-14.833292007446289,76.09925079345703,-3.62593936920166,-92.74028015136719,-7.522027015686035,72.86955261230469,0.2530978007325103
79,4,-14.929353713989258,73.22183990478516,-7.689901351928711,-92.25233459472656,-7.3996171951293945,72.50294494628906,0.25758832752132227
79,5,-14.898988723754883,68.25139617919922,-12.661128997802734,-92.44224548339844,-7.313486099243164,74.34313201904297,0.26132807558631005
79,6,-13.634696960449219,64.67449188232422,-21.262971878051758,-92.01936340332031,-6.393902778625488,79.61871337890625,0.2713592230415439
79,7,-13.35427474975586,64.28975677490234,-23.63165283203125,-92.43895721435547,-6.82144832611084,86.18241882324219,0.27451374426733915
79,8,-12.290202140808105,62.74062728881836,-24.805309295654297,-94.15184783935547,-6.854253768920898,85.8387222290039,0.2754403470982354
79,9,-11.206875801086426,62.106143951416016,-24.76995849609375,-95.00338745117188,-6.82172966003418,84.88496398925781,0.275094850899428
79,10,-10.767611503601074,60.57514953613281,-26.884950637817383,-95.88977813720703,-6.693362236022949,84.20663452148438,0.27706011166795824
79,11,-10.652514457702637,59.299278259277344,-28.036161422729492,-96.915283203125,-6.649242401123047,84.1412582397461,0.27787891120265457
79,12,-10.50527572631836,57.850318908691406,-28.752403259277344,-97.53680419921875,-6.512063026428223,83.91487121582031,0.2777571985170976
79,13,-9.780383110046387,56.287960052490234,-28.732913970947266,-97.66565704345703,-6.456504821777344,83.4183120727539,0.2762613516812701
79,14,-9.451038360595703,55.33828353881836,-28.813949584960938,-98.88766479492188,-6.539794921875,82.88121032714844,0.2757077984680443
79,15,-9.63886833190918,54.45743179321289,-28.428958892822266,-99.55012512207031,-6.600197792053223,83.28961181640625,0.2742994134360614
79,16,-9.76881217956543,55.81706619262695,-26.269330978393555,-100.49581146240234,-6.813601493835449,82.24373626708984,0.2722434919050562
79,17,-9.996148109436035,54.51913070678711,-25.762535095214844,-101.88238525390625,-6.898263931274414,81.777099609375,0.26995963018961955
79,18,-10.310840606689453,54.668209075927734,-23.96282958984375,-102.75990295410156,-6.834085464477539,81.26583862304688,0.26678062084899906
79,19,-9.969625473022461,54.278141021728516,-22.300254821777344,-104.38715362548828,-6.861690521240234,80.84275817871094,0.26283635828666496
79,20,-9.748238563537598,52.46253204345703,-22.74488639831543,-104.4102783203125,-6.671663284301758,81.24297332763672,0.2614716085604922
79,21,-9.544794082641602,50.33482360839844,-23.716564178466797,-103.85379791259766,-6.468905448913574,80.29844665527344,0.2608728308408802
79,22,-9.505455017089844,50.93252944946289,-21.684398651123047,-104.10457611083984,-6.499739646911621,80.06359100341797,0.2574771066692904
79,23,-9.80551815032959,49.94660949707031,-21.97955322265625,-104.01588439941406,-6.372653961181641,79.3803939819336,0.25683787832628957
79,24,-10.318470001220703,50.426368713378906,-21.97425651550293,-104.1554946899414,-6.457548141479492,77.92886352539062,0.2574042777953475
79,25,-10.14709758758545,50.035831451416016,-22.538143157958984,-104.45950317382812,-6.421718597412109,78.62610626220703,0.2579638974459753
79,26,-10.474467277526855,49.17070388793945,-22.018173217773438,-105.47785949707031,-6.215663909912109,78.25688171386719,0.25542358172722907
79,27,-11.498956680297852,49.443321228027344,-22.3428955078125,-105.6637191772461,-6.377413749694824,78.19761657714844,0.2564019339218813
79,28,-11.228959083557129,48.84712600708008,-22.21070671081543,-107.02391815185547,-6.089600563049316,78.55825805664062,0.2548085696328345
79,29,-11.4799165725708,48.33131408691406,-23.707860946655273,-107.34463500976562,-6.198908805847168,78.10691833496094,0.25719233993543467
79,30,-11.417023658752441,48.22938537597656,-23.60360336303711,-107.76786041259766,-6.0750932693481445,78.21723937988281,0.256667470305395
79,31,-11.943588256835938,47.39458465576172,-24.04926109313965,-107.59245300292969,-6.144757270812988,78.68181610107422,0.2565596748248291
79,32,-11.929518699645996,46.65226745605469,-23.924362182617188,-108.19094848632812,-6.096323013305664,80.29676818847656,0.25503030030700874
79,33,-12.173458099365234,45.751808166503906,-24.597240447998047,-108.42483520507812,-6.03452205657959,79.31063842773438,0.2551461683555096
79,34,-12.510404586791992,45.230224609375,-24.310270309448242,-108.50172424316406,-6.115913391113281,79.79754638671875,0.2537596969179735
79,35,-12.430526733398438,43.741241455078125,-24.550830841064453,-109.23226928710938,-6.269627571105957,79.03412628173828,0.2518445685105351
79,36,-12.453773498535156,42.83832550048828,-24.90591812133789,-109.77933502197266,-6.404804229736328,78.31969451904297,0.2510703881301495
79,37,-12.230814933776855,42.41926574707031,-26.069150924682617,-109.16192626953125,-6.266543388366699,78.76002502441406,0.2533519981271529
79,38,-12.323036193847656,42.63124084472656,-25.35733413696289,-109.27406311035156,-6.452849388122559,78.83839416503906,0.25203027512506176
79,39,-12.521161079406738,41.716026306152344,-26.401519775390625,-108.2203369140625,-6.031232833862305,78.08316040039062,0.25348891848905325
79,40,-12.685646057128906,41.39299774169922,-26.17963981628418,-108.42739868164062,-5.931174278259277,77.45205688476562,0.2524530153196146
79,41,-13.02455997467041,42.03495788574219,-26.04395294189453,-108.33038330078125,-6.055243492126465,75.16552734375,0.2531161631541824
79,42,-13.67123031616211,42.470035552978516,-25.103023529052734,-108.78719329833984,-6.22698974609375,62.15673828125,0.2514621961165737
79,43,-13.728426933288574,41.380226135253906,-26.198747634887695,-108.72006225585938,-5.838173866271973,59.49266815185547,0.25234415950155215
79,44,-14.308562278747559,41.38965606689453,-26.064342498779297,-108.57754516601562,-5.869209289550781,60.02597427368164,0.2521269614060952
79,45,-15.670453071594238,43.16425704956055,-27.0850830078125,-107.60519409179688,-5.759716987609863,66.7640609741211,0.2572180186805651
79,46,-18.03362274169922,44.354190826416016,-29.236732482910156,-106.50506591796875,-4.734816551208496,72.42489624023438,0.2635522592467668
79,47,-19.499521255493164,43.504005432128906,-31.240745544433594,-105.2857437133789,-4.409111976623535,67.37612915039062,0.266586096104496
79,48,-18.987268447875977,42.833763122558594,-31.218883514404297,-106.17493438720703,-4.662571907043457,66.8906021118164,0.26554133256033996
79,49,-8.945845603942871,32.84864044189453,-22.169191360473633,-86.65442657470703,-6.259042739868164,48.949462890625,0.23801892827873783
80,0,-14.875876426696777,84.41954040527344,-0.170684814453125,-90.07405090332031,-6.926968574523926,64.15425109863281,0.2546124123575156
80,1,-14.639288902282715,82.24528503417969,1.279388427734375,-91.89054107666016,-7.2509565353393555,65.70057678222656,0.25001815612660916
80,2,-14.206878662109375,78.44371795654297,-0.7227420806884766,-93.23572540283203,-7.267333984375,67.92678833007812,0.24993292314867582
80,3,-14.833292007446289,76.09925079345703,-3.62593936920166,-92.74028015136719,-7.522027015686035,72.86955261230469,0.2530978007325103
80,4,-14.929353713989258,73.22183990478516,-7.689901351928711,-92.25233459472656,-7.3996171951293945,72.50294494628906,0.25758832752132227
80,5,-14.898988723754883,68.25139617919922,-12.661128997802734,-92.44224548339844,-7.313486099243164,74.34313201904297,0.26132807558631005
80,6,-13.634696960449219,64.67449188232422,-21.262971878051758,-92.01936340332031,-6.393902778625488,79.61871337890625,0.2713592230415439
80,7,-13.35427474975586,64.28975677490234,-23.63165283203125,-92.43895721435547,-6.82144832611084,86.18241882324219,0.27451374426733915
80,8,-12.290202140808105,62.74062728881836,-24.805309295654297,-94.15184783935547,-6.854253768920898,85.8387222290039,0.2754403470982354
80,9,-11.206875801086426,62.106143951416016,-24.76995849609375,-95.00338745117188,-6.82172966003418,84.88496398925781,0.275094850899428
80,10,-10.767611503601074,60.57514953613281,-26.884950637817383,-95.88977813720703,-6.693362236022949,84.20663452148438,0.27706011166795824
80,11,-10.652514457702637,59.299278259277344,-28.036161422729492,-96.915283203125,-6.649242401123047,84.1412582397461,0.27787891120265457
80,12,-10.50527572631836,57.850318908691406,-28.752403259277344,-97.53680419921875,-6.512063026428223,83.91487121582031,0.2777571985170976
80,13,-9.780383110046387,56.287960052490234,-28.732913970947266,-97.66565704345703,-6.456504821777344,83.4183120727539,0.2762613516812701
80,14,-9.451038360595703,55.33828353881836,-28.813949584960938,-98.88766479492188,-6.539794921875,82.88121032714844,0.2757077984680443
80,15,-9.63886833190918,54.45743179321289,-28.428958892822266,-99.55012512207031,-6.600197792053223,83.28961181640625,0.2742994134360614
80,16,-9.76881217956543,55.81706619262695,-26.269330978393555,-100.49581146240234,-6.813601493835449,82.24373626708984,0.2722434919050562
80,17,-9.996148109436035,54.51913070678711,-25.762535095214844,-101.88238525390625,-6.898263931274414,81.777099609375,0.26995963018961955
80,18,-10.310840606689453,54.668209075927734,-23.96282958984375,-102.75990295410156,-6.834085464477539,81.26583862304688,0.26678062084899906
80,19,-9.969625473022461,54.278141021728516,-22.300254821777344,-104.38715362548828,-6.861690521240234,80.84275817871094,0.26283635828666496
80,20,-9.748238563537598,52.46253204345703,-22.74488639831543,-104.4102783203125,-6.671663284301758,81.24297332763672,0.2614716085604922
80,21,-9.544794082641602,50.33482360839844,-23.716564178466797,-103.85379791259766,-6.468905448913574,80.29844665527344,0.2608728308408802
80,22,-9.505455017089844,50.93252944946289,-21.684398651123047,-104.10457611083984,-6.499739646911621,80.06359100341797,0.2574771066692904
80,23,-9.80551815032959,49.94660949707031,-21.97955322265625,-104.01588439941406,-6.372653961181641,79.3803939819336,0.25683787832628957
80,24,-10.318470001220703,50.426368713378906,-21.97425651550293,-104.1554946899414,-6.457548141479492,77.92886352539062,0.2574042777953475
80,25,-10.14709758758545,50.035831451416016,-22.538143157958984,-104.45950317382812,-6.421718597412109,78.62610626220703,0.2579638974459753
80,26,-10.474467277526855,49.17070388793945,-22.018173217773438,-105.47785949707031,-6.215663909912109,78.25688171386719,0.25542358172722907
80,27,-11.498956680297852,49.443321228027344,-22.3428955078125,-105.6637191772461,-6.377413749694824,78.19761657714844,0.2564019339218813
80,28,-11.228959083557129,48.84712600708008,-22.21070671081543,-107.02391815185547,-6.089600563049316,78.55825805664062,0.2548085696328345
80,29,-11.4799165725708,48.33131408691406,-23.707860946655273,-107.34463500976562,-6.198908805847168,78.10691833496094,0.25719233993543467
80,30,-11.417023658752441,48.22938537597656,-23.60360336303711,-107.76786041259766,-6.0750932693481445,78.21723937988281,0.256667470305395
80,31,-11.943588256835938,47.39458465576172,-24.04926109313965,-107.59245300292969,-6.144757270812988,78.68181610107422,0.2565596748248291
80,32,-11.929518699645996,46.65226745605469,-23.924362182617188,-108.19094848632812,-6.096323013305664,80.29676818847656,0.25503030030700874
80,33,-12.173458099365234,45.751808166503906,-24.597240447998047,-108.42483520507812,-6.03452205657959,79.31063842773438,0.2551461683555096
80,34,-12.510404586791992,45.230224609375,-24.310270309448242,-108.50172424316406,-6.115913391113281,79.79754638671875,0.2537596969179735
80,35,-12.430526733398438,43.741241455078125,-24.550830841064453,-109.23226928710938,-6.269627571105957,79.03412628173828,0.2518445685105351
80,36,-12.453773498535156,42.83832550048828,-24.90591812133789,-109.77933502197266,-6.404804229736328,78.31969451904297,0.2510703881301495
80,37,-12.230814933776855,42.41926574707031,-26.069150924682617,-109.16192626953125,-6.266543388366699,78.76002502441406,0.2533519981271529
80,38,-12.323036193847656,42.63124084472656,-25.35733413696289,-109.27406311035156,-6.452849388122559,78.83839416503906,0.25203027512506176
80,39,-12.521161079406738,41.716026306152344,-26.401519775390625,-108.2203369140625,-6.031232833862305,78.08316040039062,0.25348891848905325
80,40,-12.685646057128906,41.39299774169922,-26.17963981628418,-108.42739868164062,-5.931174278259277,77.45205688476562,0.2524530153196146
80,41,-13.02455997467041,42.03495788574219,-26.04395294189453,-108.33038330078125,-6.055243492126465,75.16552734375,0.2531161631541824
80,42,-13.67123031616211,42.470035552978516,-25.103023529052734,-108.78719329833984,-6.22698974609375,62.15673828125,0.2514621961165737
80,43,-13.728426933288574,41.380226135253906,-26.198747634887695,-108.72006225585938,-5.838173866271973,59.49266815185547,0.25234415950155215
80,44,-14.308562278747559,41.38965606689453,-26.064342498779297,-108.57754516601562,-5.869209289550781,60.02597427368164,0.2521269614060952
80,45,-15.670453071594238,43.16425704956055,-27.0850830078125,-107.60519409179688,-5.759716987609863,66.7640609741211,0.2572180186805651
80,46,-18.03362274169922,44.354190826416016,-29.236732482910156,-106.50506591796875,-4.734816551208496,72.42489624023438,0.2635522592467668
80,47,-19.499521255493164,43.504005432128906,-31.240745544433594,-105.2857437133789,-4.409111976623535,67.37612915039062,0.266586096104496
80,48,-18.987268447875977,42.833763122558594,-31.218883514404297,-106.17493438720703,-4.662571907043457,66.8906021118164,0.26554133256033996
80,49,-8.945845603942871,32.84864044189453,-22.169191360473633,-86.65442657470703,-6.259042739868164,48.949462890625,0.23801892827873783
81,0,-14.875876426696777,84.41954040527344,-0.170684814453125,-90.07405090332031,-6.926968574523926,64.15425109863281,0.2546124123575156
81,1,-14.639288902282715,82.24528503417969,1.279388427734375,-91.89054107666016,-7.2509565353393555,65.70057678222656,0.25001815612660916
81,2,-14.206878662109375,78.44371795654297,-0.7227420806884766,-93.23572540283203,-7.267333984375,67.92678833007812,0.24993292314867582
81,3,-14.833292007446289,76.09925079345703,-3.62593936920166,-92.74028015136719,-7.522027015686035,72.86955261230469,0.2530978007325103
81,4,-14.929353713989258,73.22183990478516,-7.689901351928711,-92.25233459472656,-7.3996171951293945,72.50294494628906,0.25758832752132227
81,5,-14.898988723754883,68.25139617919922,-12.661128997802734,-92.44224548339844,-7.313486099243164,74.34313201904297,0.26132807558631005
81,6,-13.634696960449219,64.67449188232422,-21.262971878051758,-92.01936340332031,-6.393902778625488,79.61871337890625,0.2713592230415439
81,7,-13.35427474975586,64.28975677490234,-23.63165283203125,-92.43895721435547,-6.82144832611084,86.18241882324219,0.27451374426733915
81,8,-12.290202140808105,62.74062728881836,-24.805309295654297,-94.15184783935547,-6.854253768920898,85.8387222290039,0.2754403470982354
81,9,-11.206875801086426,62.106143951416016,-24.76995849609375,-95.00338745117188,-6.82172966003418,84.88496398925781,0.275094850899428
81,10,-10.767611503601074,60.57514953613281,-26.884950637817383,-95.88977813720703,-6.693362236022949,84.20663452148438,0.27706011166795824
81,11,-10.652514457702637,59.299278259277344,-28.036161422729492,-96.915283203125,-6.649242401123047,84.1412582397461,0.27787891120265457
81,12,-10.50527572631836,57.850318908691406,-28.752403259277344,-97.53680419921875,-6.512063026428223,83.91487121582031,0.2777571985170976
81,13,-9.780383110046387,56.287960052490234,-28.732913970947266,-97.66565704345703,-6.456504821777344,83.4183120727539,0.2762613516812701
81,14,-9.451038360595703,55.33828353881836,-28.813949584960938,-98.88766479492188,-6.539794921875,82.88121032714844,0.2757077984680443
81,15,-9.63886833190918,54.45743179321289,-28.428958892822266,-99.55012512207031,-6.600197792053223,83.28961181640625,0.2742994134360614
81,16,-9.76881217956543,55.81706619262695,-26.269330978393555,-100.49581146240234,-6.813601493835449,82.24373626708984,0.2722434919050562
81,17,-9.996148109436035,54.51913070678711,-25.762535095214844,-101.88238525390625,-6.898263931274414,81.777099609375,0.26995963018961955
81,18,-10.310840606689453,54.668209075927734,-23.96282958984375,-102.75990295410156,-6.834085464477539,81.26583862304688,0.26678062084899906
81,19,-9.969625473022461,54.278141021728516,-22.300254821777344,-104.38715362548828,-6.861690521240234,80.84275817871094,0.26283635828666496
81,20,-9.748238563537598,52.46253204345703,-22.74488639831543,-104.4102783203125,-6.671663284301758,81.24297332763672,0.2614716085604922
81,21,-9.544794082641602,50.33482360839844,-23.716564178466797,-103.85379791259766,-6.468905448913574,80.29844665527344,0.2608728308408802
81,22,-9.505455017089844,50.93252944946289,-21.684398651123047,-104.10457611083984,-6.499739646911621,80.06359100341797,0.2574771066692904
81,23,-9.80551815032959,49.94660949707031,-21.97955322265625,-104.01588439941406,-6.372653961181641,79.3803939819336,0.25683787832628957
81,24,-10.318470001220703,50.426368713378906,-21.97425651550293,-104.1554946899414,-6.457548141479492,77.92886352539062,0.2574042777953475
81,25,-10.14709758758545,50.035831451416016,-22.538143157958984,-104.45950317382812,-6.421718597412109,78.62610626220703,0.2579638974459753
81,26,-10.474467277526855,49.17070388793945,-22.018173217773438,-105.47785949707031,-6.215663909912109,78.25688171386719,0.25542358172722907
81,27,-11.498956680297852,49.443321228027344,-22.3428955078125,-105.6637191772461,-6.377413749694824,78.19761657714844,0.2564019339218813
81,28,-11.228959083557129,48.84712600708008,-22.21070671081543,-107.02391815185547,-6.089600563049316,78.55825805664062,0.2548085696328345
81,29,-11.4799165725708,48.33131408691406,-23.707860946655273,-107.34463500976562,-6.198908805847168,78.10691833496094,0.25719233993543467
81,30,-11.417023658752441,48.22938537597656,-23.60360336303711,-107.76786041259766,-6.0750932693481445,78.21723937988281,0.256667470305395
81,31,-11.943588256835938,47.39458465576172,-24.04926109313965,-107.59245300292969,-6.144757270812988,78.68181610107422,0.2565596748248291
81,32,-11.929518699645996,46.65226745605469,-23.924362182617188,-108.19094848632812,-6.096323013305664,80.29676818847656,0.25503030030700874
81,33,-12.173458099365234,45.751808166503906,-24.597240447998047,-108.42483520507812,-6.03452205657959,79.31063842773438,0.2551461683555096
81,34,-12.510404586791992,45.230224609375,-24.310270309448242,-108.50172424316406,-6.115913391113281,79.79754638671875,0.2537596969179735
81,35,-12.430526733398438,43.741241455078125,-24.550830841064453,-109.23226928710938,-6.269627571105957,79.03412628173828,0.2518445685105351
81,36,-12.453773498535156,42.83832550048828,-24.90591812133789,-109.77933502197266,-6.404804229736328,78.31969451904297,0.2510703881301495
81,37,-12.230814933776855,42.41926574707031,-26.069150924682617,-109.16192626953125,-6.266543388366699,78.76002502441406,0.2533519981271529
81,38,-12.323036193847656,42.63124084472656,-25.35733413696289,-109.27406311035156,-6.452849388122559,78.83839416503906,0.25203027512506176
81,39,-12.521161079406738,41.716026306152344,-26.401519775390625,-108.2203369140625,-6.031232833862305,78.08316040039062,0.25348891848905325
81,40,-12.685646057128906,41.39299774169922,-26.17963981628418,-108.42739868164062,-5.931174278259277,77.45205688476562,0.2524530153196146
81,41,-13.02455997467041,42.03495788574219,-26.04395294189453,-108.33038330078125,-6.055243492126465,75.16552734375,0.2531161631541824
81,42,-13.67123031616211,42.470035552978516,-25.103023529052734,-108.78719329833984,-6.22698974609375,62.15673828125,0.2514621961165737
81,43,-13.728426933288574,41.380226135253906,-26.198747634887695,-108.72006225585938,-5.838173866271973,59.49266815185547,0.25234415950155215
81,44,-14.308562278747559,41.38965606689453,-26.064342498779297,-108.57754516601562,-5.869209289550781,60.02597427368164,0.2521269614060952
81,45,-15.670453071594238,43.16425704956055,-27.0850830078125,-107.60519409179688,-5.759716987609863,66.7640609741211,0.2572180186805651
81,46,-18.03362274169922,44.354190826416016,-29.236732482910156,-106.50506591796875,-4.734816551208496,72.42489624023438,0.2635522592467668
81,47,-19.499521255493164,43.504005432128906,-31.240745544433594,-105.2857437133789,-4.409111976623535,67.37612915039062,0.266586096104496
81,48,-18.987268447875977,42.833763122558594,-31.218883514404297,-106.17493438720703,-4.662571907043457,66.8906021118164,0.26554133256033996
81,49,-8.945845603942871,32.84864044189453,-22.169191360473633,-86.65442657470703,-6.259042739868164,48.949462890625,0.23801892827873783
82,0,-14.875876426696777,84.41954040527344,-0.170684814453125,-90.07405090332031,-6.926968574523926,64.15425109863281,0.2546124123575156
82,1,-14.639288902282715,82.24528503417969,1.279388427734375,-91.89054107666016,-7.2509565353393555,65.70057678222656,0.25001815612660916
82,2,-14.206878662109375,78.44371795654297,-0.7227420806884766,-93.23572540283203,-7.267333984375,67.92678833007812,0.24993292314867582
82,3,-14.833292007446289,76.09925079345703,-3.62593936920166,-92.74028015136719,-7.522027015686035,72.86955261230469,0.2530978007325103
82,4,-14.929353713989258,73.22183990478516,-7.689901351928711,-92.25233459472656,-7.3996171951293945,72.50294494628906,0.25758832752132227
82,5,-14.898988723754883,68.25139617919922,-12.661128997802734,-92.44224548339844,-7.313486099243164,74.34313201904297,0.26132807558631005
82,6,-13.634696960449219,64.67449188232422,-21.262971878051758,-92.01936340332031,-6.393902778625488,79.61871337890625,0.2713592230415439
82,7,-13.35427474975586,64.28975677490234,-23.63165283203125,-92.43895721435547,-6.82144832611084,86.18241882324219,0.27451374426733915
82,8,-12.290202140808105,62.74062728881836,-24.805309295654297,-94.15184783935547,-6.854253768920898,85.8387222290039,0.2754403470982354
82,9,-11.206875801086426,62.106143951416016,-24.76995849609375,-95.00338745117188,-6.82172966003418,84.88496398925781,0.275094850899428
82,10,-10.767611503601074,60.57514953613281,-26.884950637817383,-95.88977813720703,-6.693362236022949,84.20663452148438,0.27706011166795824
82,11,-10.652514457702637,59.299278259277344,-28.036161422729492,-96.915283203125,-6.649242401123047,84.1412582397461,0.27787891120265457
82,12,-10.50527572631836,57.850318908691406,-28.752403259277344,-97.53680419921875,-6.512063026428223,83.91487121582031,0.2777571985170976
82,13,-9.780383110046387,56.287960052490234,-28.732913970947266,-97.66565704345703,-6.456504821777344,83.4183120727539,0.2762613516812701
82,14,-9.451038360595703,55.33828353881836,-28.813949584960938,-98.88766479492188,-6.539794921875,82.88121032714844,0.2757077984680443
82,15,-9.63886833190918,54.45743179321289,-28.428958892822266,-99.55012512207031,-6.600197792053223,83.28961181640625,0.2742994134360614
82,16,-9.76881217956543,55.81706619262695,-26.269330978393555,-100.49581146240234,-6.813601493835449,82.24373626708984,0.2722434919050562
82,17,-9.996148109436035,54.51913070678711,-25.762535095214844,-101.88238525390625,-6.898263931274414,81.777099609375,0.26995963018961955
82,18,-10.310840606689453,54.668209075927734,-23.96282958984375,-102.75990295410156,-6.834085464477539,81.26583862304688,0.26678062084899906
82,19,-9.969625473022461,54.278141021728516,-22.300254821777344,-104.38715362548828,-6.861690521240234,80.84275817871094,0.26283635828666496
82,20,-9.748238563537598,52.46253204345703,-22.74488639831543,-104.4102783203125,-6.671663284301758,81.24297332763672,0.2614716085604922
82,21,-9.544794082641602,50.33482360839844,-23.716564178466797,-103.85379791259766,-6.468905448913574,80.29844665527344,0.2608728308408802
82,22,-9.505455017089844,50.93252944946289,-21.684398651123047,-104.10457611083984,-6.499739646911621,80.06359100341797,0.2574771066692904
82,23,-9.80551815032959,49.94660949707031,-21.97955322265625,-104.01588439941406,-6.372653961181641,79.3803939819336,0.25683787832628957
82,24,-10.318470001220703,50.426368713378906,-21.97425651550293,-104.1554946899414,-6.457548141479492,77.92886352539062,0.2574042777953475
82,25,-10.14709758758545,50.035831451416016,-22.538143157958984,-104.45950317382812,-6.421718597412109,78.62610626220703,0.2579638974459753
82,26,-10.474467277526855,49.17070388793945,-22.018173217773438,-105.47785949707031,-6.215663909912109,78.25688171386719,0.25542358172722907
82,27,-11.498956680297852,49.443321228027344,-22.3428955078125,-105.6637191772461,-6.377413749694824,78.19761657714844,0.2564019339218813
82,28,-11.228959083557129,48.84712600708008,-22.21070671081543,-107.02391815185547,-6.089600563049316,78.55825805664062,0.2548085696328345
82,29,-11.4799165725708,48.33131408691406,-23.707860946655273,-107.34463500976562,-6.198908805847168,78.10691833496094,0.25719233993543467
82,30,-11.417023658752441,48.22938537597656,-23.60360336303711,-107.76786041259766,-6.0750932693481445,78.21723937988281,0.256667470305395
82,31,-11.943588256835938,47.39458465576172,-24.04926109313965,-107.59245300292969,-6.144757270812988,78.68181610107422,0.2565596748248291
82,32,-11.929518699645996,46.65226745605469,-23.924362182617188,-108.19094848632812,-6.096323013305664,80.29676818847656,0.25503030030700874
82,33,-12.173458099365234,45.751808166503906,-24.597240447998047,-108.42483520507812,-6.03452205657959,79.31063842773438,0.2551461683555096
82,34,-12.510404586791992,45.230224609375,-24.310270309448242,-108.50172424316406,-6.115913391113281,79.79754638671875,0.2537596969179735
82,35,-12.430526733398438,43.741241455078125,-24.550830841064453,-109.23226928710938,-6.269627571105957,79.03412628173828,0.2518445685105351
82,36,-12.453773498535156,42.83832550048828,-24.90591812133789,-109.77933502197266,-6.404804229736328,78.31969451904297,0.2510703881301495
82,37,-12.230814933776855,42.41926574707031,-26.069150924682617,-109.16192626953125,-6.266543388366699,78.76002502441406,0.2533519981271529
82,38,-12.323036193847656,42.63124084472656,-25.35733413696289,-109.27406311035156,-6.452849388122559,78.83839416503906,0.25203027512506176
82,39,-12.521161079406738,41.716026306152344,-26.401519775390625,-108.2203369140625,-6.031232833862305,78.08316040039062,0.25348891848905325
82,40,-12.685646057128906,41.39299774169922,-26.17963981628418,-108.42739868164062,-5.931174278259277,77.45205688476562,0.2524530153196146
82,41,-13.02455997467041,42.03495788574219,-26.04395294189453,-108.33038330078125,-6.055243492126465,75.16552734375,0.2531161631541824
82,42,-13.67123031616211,42.470035552978516,-25.103023529052734,-108.78719329833984,-6.22698974609375,62.15673828125,0.2514621961165737
82,43,-13.728426933288574,41.380226135253906,-26.198747634887695,-108.72006225585938,-5.838173866271973,59.49266815185547,0.25234415950155215
82,44,-14.308562278747559,41.38965606689453,-26.064342498779297,-108.57754516601562,-5.869209289550781,60.02597427368164,0.2521269614060952
82,45,-15.670453071594238,43.16425704956055,-27.0850830078125,-107.60519409179688,-5.759716987609863,66.7640609741211,0.2572180186805651
82,46,-18.03362274169922,44.354190826416016,-29.236732482910156,-106.50506591796875,-4.734816551208496,72.42489624023438,0.2635522592467668
82,47,-19.499521255493164,43.504005432128906,-31.240745544433594,-105.2857437133789,-4.409111976623535,67.37612915039062,0.266586096104496
82,48,-18.987268447875977,42.833763122558594,-31.218883514404297,-106.17493438720703,-4.662571907043457,66.8906021118164,0.26554133256033996
82,49,-8.945845603942871,32.84864044189453,-22.169191360473633,-86.65442657470703,-6.259042739868164,48.949462890625,0.23801892827873783
83,0,-14.875876426696777,84.41954040527344,-0.170684814453125,-90.07405090332031,-6.926968574523926,64.15425109863281,0.2546124123575156
83,1,-14.639288902282715,82.24528503417969,1.279388427734375,-91.89054107666016,-7.2509565353393555,65.70057678222656,0.25001815612660916
83,2,-14.206878662109375,78.44371795654297,-0.7227420806884766,-93.23572540283203,-7.267333984375,67.92678833007812,0.24993292314867582
83,3,-14.833292007446289,76.09925079345703,-3.62593936920166,-92.74028015136719,-7.522027015686035,72.86955261230469,0.2530978007325103
83,4,-14.929353713989258,73.22183990478516,-7.689901351928711,-92.25233459472656,-7.3996171951293945,72.50294494628906,0.25758832752132227
83,5,-14.898988723754883,68.25139617919922,-12.661128997802734,-92.44224548339844,-7.313486099243164,74.34313201904297,0.26132807558631005
83,6,-13.634696960449219,64.67449188232422,-21.262971878051758,-92.01936340332031,-6.393902778625488,79.61871337890625,0.2713592230415439
83,7,-13.35427474975586,64.28975677490234,-23.63165283203125,-92.43895721435547,-6.82144832611084,86.18241882324219,0.27451374426733915
83,8,-12.290202140808105,62.74062728881836,-24.805309295654297,-94.15184783935547,-6.854253768920898,85.8387222290039,0.2754403470982354
83,9,-11.206875801086426,62.106143951416016,-24.76995849609375,-95.00338745117188,-6.82172966003418,84.88496398925781,0.275094850899428
83,10,-10.767611503601074,60.57514953613281,-26.884950637817383,-95.88977813720703,-6.693362236022949,84.20663452148438,0.27706011166795824
83,11,-10.652514457702637,59.299278259277344,-28.036161422729492,-96.915283203125,-6.649242401123047,84.1412582397461,0.27787891120265457
83,12,-10.50527572631836,57.850318908691406,-28.752403259277344,-97.53680419921875,-6.512063026428223,83.91487121582031,0.2777571985170976
83,13,-9.780383110046387,56.287960052490234,-28.732913970947266,-97.66565704345703,-6.456504821777344,83.4183120727539,0.2762613516812701
83,14,-9.451038360595703,55.33828353881836,-28.813949584960938,-98.88766479492188,-6.539794921875,82.88121032714844,0.2757077984680443
83,15,-9.63886833190918,54.45743179321289,-28.428958892822266,-99.55012512207031,-6.600197792053223,83.28961181640625,0.2742994134360614
83,16,-9.76881217956543,55.81706619262695,-26.269330978393555,-100.49581146240234,-6.813601493835449,82.24373626708984,0.2722434919050562
83,17,-9.996148109436035,54.51913070678711,-25.762535095214844,-101.88238525390625,-6.898263931274414,81.777099609375,0.26995963018961955
83,18,-10.310840606689453,54.668209075927734,-23.96282958984375,-102.75990295410156,-6.834085464477539,81.26583862304688,0.26678062084899906
83,19,-9.969625473022461,54.278141021728516,-22.300254821777344,-104.38715362548828,-6.861690521240234,80.84275817871094,0.26283635828666496
83,20,-9.748238563537598,52.46253204345703,-22.74488639831543,-104.4102783203125,-6.671663284301758,81.24297332763672,0.2614716085604922
83,21,-9.544794082641602,50.33482360839844,-23.716564178466797,-103.85379791259766,-6.468905448913574,80.29844665527344,0.2608728308408802
83,22,-9.505455017089844,50.93252944946289,-21.684398651123047,-104.10457611083984,-6.499739646911621,80.06359100341797,0.2574771066692904
83,23,-9.80551815032959,49.94660949707031,-21.97955322265625,-104.01588439941406,-6.372653961181641,79.3803939819336,0.25683787832628957
83,24,-10.318470001220703,50.426368713378906,-21.97425651550293,-104.1554946899414,-6.457548141479492,77.92886352539062,0.2574042777953475
83,25,-10.14709758758545,50.035831451416016,-22.538143157958984,-104.45950317382812,-6.421718597412109,78.62610626220703,0.2579638974459753
83,26,-10.474467277526855,49.17070388793945,-22.018173217773438,-105.47785949707031,-6.215663909912109,78.25688171386719,0.25542358172722907
83,27,-11.498956680297852,49.443321228027344,-22.3428955078125,-105.6637191772461,-6.377413749694824,78.19761657714844,0.2564019339218813
83,28,-11.228959083557129,48.84712600708008,-22.21070671081543,-107.02391815185547,-6.089600563049316,78.55825805664062,0.2548085696328345
83,29,-11.4799165725708,48.33131408691406,-23.707860946655273,-107.34463500976562,-6.198908805847168,78.10691833496094,0.25719233993543467
83,30,-11.417023658752441,48.22938537597656,-23.60360336303711,-107.76786041259766,-6.0750932693481445,78.21723937988281,0.256667470305395
83,31,-11.943588256835938,47.39458465576172,-24.04926109313965,-107.59245300292969,-6.144757270812988,78.68181610107422,0.2565596748248291
83,32,-11.929518699645996,46.65226745605469,-23.924362182617188,-108.19094848632812,-6.096323013305664,80.29676818847656,0.25503030030700874
83,33,-12.173458099365234,45.751808166503906,-24.597240447998047,-108.42483520507812,-6.03452205657959,79.31063842773438,0.2551461683555096
83,34,-12.510404586791992,45.230224609375,-24.310270309448242,-108.50172424316406,-6.115913391113281,79.79754638671875,0.2537596969179735
83,35,-12.430526733398438,43.741241455078125,-24.550830841064453,-109.23226928710938,-6.269627571105957,79.03412628173828,0.2518445685105351
83,36,-12.453773498535156,42.83832550048828,-24.90591812133789,-109.77933502197266,-6.404804229736328,78.31969451904297,0.2510703881301495
83,37,-12.230814933776855,42.41926574707031,-26.069150924682617,-109.16192626953125,-6.266543388366699,78.76002502441406,0.2533519981271529
83,38,-12.323036193847656,42.63124084472656,-25.35733413696289,-109.27406311035156,-6.452849388122559,78.83839416503906,0.25203027512506176
83,39,-12.521161079406738,41.716026306152344,-26.401519775390625,-108.2203369140625,-6.031232833862305,78.08316040039062,0.25348891848905325
83,40,-12.685646057128906,41.39299774169922,-26.17963981628418,-108.42739868164062,-5.931174278259277,77.45205688476562,0.2524530153196146
83,41,-13.02455997467041,42.03495788574219,-26.04395294189453,-108.33038330078125,-6.055243492126465,75.16552734375,0.2531161631541824
83,42,-13.67123031616211,42.470035552978516,-25.103023529052734,-108.78719329833984,-6.22698974609375,62.15673828125,0.2514621961165737
83,43,-13.728426933288574,41.380226135253906,-26.198747634887695,-108.72006225585938,-5.838173866271973,59.49266815185547,0.25234415950155215
83,44,-14.308562278747559,41.38965606689453,-26.064342498779297,-108.57754516601562,-5.869209289550781,60.02597427368164,0.2521269614060952
83,45,-15.670453071594238,43.16425704956055,-27.0850830078125,-107.60519409179688,-5.759716987609863,66.7640609741211,0.2572180186805651
83,46,-18.03362274169922,44.354190826416016,-29.236732482910156,-106.50506591796875,-4.734816551208496,72.42489624023438,0.2635522592467668
83,47,-19.499521255493164,43.504005432128906,-31.240745544433594,-105.2857437133789,-4.409111976623535,67.37612915039062,0.266586096104496
83,48,-18.987268447875977,42.833763122558594,-31.218883514404297,-106.17493438720703,-4.662571907043457,66.8906021118164,0.26554133256033996
83,49,-8.945845603942871,32.84864044189453,-22.169191360473633,-86.65442657470703,-6.259042739868164,48.949462890625,0.23801892827873783
84,0,-14.875876426696777,84.41954040527344,-0.170684814453125,-90.07405090332031,-6.926968574523926,64.15425109863281,0.2546124123575156
84,1,-14.639288902282715,82.24528503417969,1.279388427734375,-91.89054107666016,-7.2509565353393555,65.70057678222656,0.25001815612660916
84,2,-14.206878662109375,78.44371795654297,-0.7227420806884766,-93.23572540283203,-7.267333984375,67.92678833007812,0.24993292314867582
84,3,-14.833292007446289,76.09925079345703,-3.62593936920166,-92.74028015136719,-7.522027015686035,72.86955261230469,0.2530978007325103
84,4,-14.929353713989258,73.22183990478516,-7.689901351928711,-92.25233459472656,-7.3996171951293945,72.50294494628906,0.25758832752132227
84,5,-14.898988723754883,68.25139617919922,-12.661128997802734,-92.44224548339844,-7.313486099243164,74.34313201904297,0.26132807558631005
84,6,-13.634696960449219,64.67449188232422,-21.262971878051758,-92.01936340332031,-6.393902778625488,79.61871337890625,0.2713592230415439
84,7,-13.35427474975586,64.28975677490234,-23.63165283203125,-92.43895721435547,-6.82144832611084,86.18241882324219,0.27451374426733915
84,8,-12.290202140808105,62.74062728881836,-24.805309295654297,-94.15184783935547,-6.854253768920898,85.8387222290039,0.2754403470982354
84,9,-11.206875801086426,62.106143951416016,-24.76995849609375,-95.00338745117188,-6.82172966003418,84.88496398925781,0.275094850899428
84,10,-10.767611503601074,60.57514953613281,-26.884950637817383,-95.88977813720703,-6.693362236022949,84.20663452148438,0.27706011166795824
84,11,-10.652514457702637,59.299278259277344,-28.036161422729492,-96.915283203125,-6.649242401123047,84.1412582397461,0.27787891120265457
84,12,-10.50527572631836,57.850318908691406,-28.752403259277344,-97.53680419921875,-6.512063026428223,83.91487121582031,0.2777571985170976
84,13,-9.780383110046387,56.287960052490234,-28.732913970947266,-97.66565704345703,-6.456504821777344,83.4183120727539,0.2762613516812701
84,14,-9.451038360595703,55.33828353881836,-28.813949584960938,-98.88766479492188,-6.539794921875,82.88121032714844,0.2757077984680443
84,15,-9.63886833190918,54.45743179321289,-28.428958892822266,-99.55012512207031,-6.600197792053223,83.28961181640625,0.2742994134360614
84,16,-9.76881217956543,55.81706619262695,-26.269330978393555,-100.49581146240234,-6.813601493835449,82.24373626708984,0.2722434919050562
84,17,-9.996148109436035,54.51913070678711,-25.762535095214844,-101.88238525390625,-6.898263931274414,81.777099609375,0.26995963018961955
84,18,-10.310840606689453,54.668209075927734,-23.96282958984375,-102.75990295410156,-6.834085464477539,81.26583862304688,0.26678062084899906
84,19,-9.969625473022461,54.278141021728516,-22.300254821777344,-104.38715362548828,-6.861690521240234,80.84275817871094,0.26283635828666496
84,20,-9.748238563537598,52.46253204345703,-22.74488639831543,-104.4102783203125,-6.671663284301758,81.24297332763672,0.2614716085604922
84,21,-9.544794082641602,50.33482360839844,-23.716564178466797,-103.85379791259766,-6.468905448913574,80.29844665527344,0.2608728308408802
84,22,-9.505455017089844,50.93252944946289,-21.684398651123047,-104.10457611083984,-6.499739646911621,80.06359100341797,0.2574771066692904
84,23,-9.80551815032959,49.94660949707031,-21.97955322265625,-104.01588439941406,-6.372653961181641,79.3803939819336,0.25683787832628957
84,24,-10.318470001220703,50.426368713378906,-21.97425651550293,-104.1554946899414,-6.457548141479492,77.92886352539062,0.2574042777953475
84,25,-10.14709758758545,50.035831451416016,-22.538143157958984,-104.45950317382812,-6.421718597412109,78.62610626220703,0.2579638974459753
84,26,-10.474467277526855,49.17070388793945,-22.018173217773438,-105.47785949707031,-6.215663909912109,78.25688171386719,0.25542358172722907
84,27,-11.498956680297852,49.443321228027344,-22.3428955078125,-105.6637191772461,-6.377413749694824,78.19761657714844,0.2564019339218813
84,28,-11.228959083557129,48.84712600708008,-22.21070671081543,-107.02391815185547,-6.089600563049316,78.55825805664062,0.2548085696328345
84,29,-11.4799165725708,48.33131408691406,-23.707860946655273,-107.34463500976562,-6.198908805847168,78.10691833496094,0.25719233993543467
84,30,-11.417023658752441,48.22938537597656,-23.60360336303711,-107.76786041259766,-6.0750932693481445,78.21723937988281,0.256667470305395
84,31,-11.943588256835938,47.39458465576172,-24.04926109313965,-107.59245300292969,-6.144757270812988,78.68181610107422,0.2565596748248291
84,32,-11.929518699645996,46.65226745605469,-23.924362182617188,-108.19094848632812,-6.096323013305664,80.29676818847656,0.25503030030700874
84,33,-12.173458099365234,45.751808166503906,-24.597240447998047,-108.42483520507812,-6.03452205657959,79.31063842773438,0.2551461683555096
84,34,-12.510404586791992,45.230224609375,-24.310270309448242,-108.50172424316406,-6.115913391113281,79.79754638671875,0.2537596969179735
84,35,-12.430526733398438,43.741241455078125,-24.550830841064453,-109.23226928710938,-6.269627571105957,79.03412628173828,0.2518445685105351
84,36,-12.453773498535156,42.83832550048828,-24.90591812133789,-109.77933502197266,-6.404804229736328,78.31969451904297,0.2510703881301495
84,37,-12.230814933776855,42.41926574707031,-26.069150924682617,-109.16192626953125,-6.266543388366699,78.76002502441406,0.2533519981271529
84,38,-12.323036193847656,42.63124084472656,-25.35733413696289,-109.27406311035156,-6.452849388122559,78.83839416503906,0.25203027512506176
84,39,-12.521161079406738,41.716026306152344,-26.401519775390625,-108.2203369140625,-6.031232833862305,78.08316040039062,0.25348891848905325
84,40,-12.685646057128906,41.39299774169922,-26.17963981628418,-108.42739868164062,-5.931174278259277,77.45205688476562,0.2524530153196146
84,41,-13.02455997467041,42.03495788574219,-26.04395294189453,-108.33038330078125,-6.055243492126465,75.16552734375,0.2531161631541824
84,42,-13.67123031616211,42.470035552978516,-25.103023529052734,-108.78719329833984,-6.22698974609375,62.15673828125,0.2514621961165737
84,43,-13.728426933288574,41.380226135253906,-26.198747634887695,-108.72006225585938,-5.838173866271973,59.49266815185547,0.25234415950155215
84,44,-14.308562278747559,41.38965606689453,-26.064342498779297,-108.57754516601562,-5.869209289550781,60.02597427368164,0.2521269614060952
84,45,-15.670453071594238,43.16425704956055,-27.0850830078125,-107.60519409179688,-5.759716987609863,66.7640609741211,0.2572180186805651
84,46,-18.03362274169922,44.354190826416016,-29.236732482910156,-106.50506591796875,-4.734816551208496,72.42489624023438,0.2635522592467668
84,47,-19.499521255493164,43.504005432128906,-31.240745544433594,-105.2857437133789,-4.409111976623535,67.37612915039062,0.266586096104496
84,48,-18.987268447875977,42.833763122558594,-31.218883514404297,-106.17493438720703,-4.662571907043457,66.8906021118164,0.26554133256033996
84,49,-8.945845603942871,32.84864044189453,-22.169191360473633,-86.65442657470703,-6.259042739868164,48.949462890625,0.23801892827873783
85,0,-14.875876426696777,84.41954040527344,-0.170684814453125,-90.07405090332031,-6.926968574523926,64.15425109863281,0.2546124123575156
85,1,-14.639288902282715,82.24528503417969,1.279388427734375,-91.89054107666016,-7.2509565353393555,65.70057678222656,0.25001815612660916
85,2,-14.206878662109375,78.44371795654297,-0.7227420806884766,-93.23572540283203,-7.267333984375,67.92678833007812,0.24993292314867582
85,3,-14.833292007446289,76.09925079345703,-3.62593936920166,-92.74028015136719,-7.522027015686035,72.86955261230469,0.2530978007325103
85,4,-14.929353713989258,73.22183990478516,-7.689901351928711,-92.25233459472656,-7.3996171951293945,72.50294494628906,0.25758832752132227
85,5,-14.898988723754883,68.25139617919922,-12.661128997802734,-92.44224548339844,-7.313486099243164,74.34313201904297,0.26132807558631005
85,6,-13.634696960449219,64.67449188232422,-21.262971878051758,-92.01936340332031,-6.393902778625488,79.61871337890625,0.2713592230415439
85,7,-13.35427474975586,64.28975677490234,-23.63165283203125,-92.43895721435547,-6.82144832611084,86.18241882324219,0.27451374426733915
85,8,-12.290202140808105,62.74062728881836,-24.805309295654297,-94.15184783935547,-6.854253768920898,85.8387222290039,0.2754403470982354
85,9,-11.206875801086426,62.106143951416016,-24.76995849609375,-95.00338745117188,-6.82172966003418,84.88496398925781,0.275094850899428
85,10,-10.767611503601074,60.57514953613281,-26.884950637817383,-95.88977813720703,-6.693362236022949,84.20663452148438,0.27706011166795824
85,11,-10.652514457702637,59.299278259277344,-28.036161422729492,-96.915283203125,-6.649242401123047,84.1412582397461,0.27787891120265457
85,12,-10.50527572631836,57.850318908691406,-28.752403259277344,-97.53680419921875,-6.512063026428223,83.91487121582031,0.2777571985170976
85,13,-9.780383110046387,56.287960052490234,-28.732913970947266,-97.66565704345703,-6.456504821777344,83.4183120727539,0.2762613516812701
85,14,-9.451038360595703,55.33828353881836,-28.813949584960938,-98.88766479492188,-6.539794921875,82.88121032714844,0.2757077984680443
85,15,-9.63886833190918,54.45743179321289,-28.428958892822266,-99.55012512207031,-6.600197792053223,83.28961181640625,0.2742994134360614
85,16,-9.76881217956543,55.81706619262695,-26.269330978393555,-100.49581146240234,-6.813601493835449,82.24373626708984,0.2722434919050562
85,17,-9.996148109436035,54.51913070678711,-25.762535095214844,-101.88238525390625,-6.898263931274414,81.777099609375,0.26995963018961955
85,18,-10.310840606689453,54.668209075927734,-23.96282958984375,-102.75990295410156,-6.834085464477539,81.26583862304688,0.26678062084899906
85,19,-9.969625473022461,54.278141021728516,-22.300254821777344,-104.38715362548828,-6.861690521240234,80.84275817871094,0.26283635828666496
85,20,-9.748238563537598,52.46253204345703,-22.74488639831543,-104.4102783203125,-6.671663284301758,81.24297332763672,0.2614716085604922
85,21,-9.544794082641602,50.33482360839844,-23.716564178466797,-103.85379791259766,-6.468905448913574,80.29844665527344,0.2608728308408802
85,22,-9.505455017089844,50.93252944946289,-21.684398651123047,-104.10457611083984,-6.499739646911621,80.06359100341797,0.2574771066692904
85,23,-9.80551815032959,49.94660949707031,-21.97955322265625,-104.01588439941406,-6.372653961181641,79.3803939819336,0.25683787832628957
85,24,-10.318470001220703,50.426368713378906,-21.97425651550293,-104.1554946899414,-6.457548141479492,77.92886352539062,0.2574042777953475
85,25,-10.14709758758545,50.035831451416016,-22.538143157958984,-104.45950317382812,-6.421718597412109,78.62610626220703,0.2579638974459753
85,26,-10.474467277526855,49.17070388793945,-22.018173217773438,-105.47785949707031,-6.215663909912109,78.25688171386719,0.25542358172722907
85,27,-11.498956680297852,49.443321228027344,-22.3428955078125,-105.6637191772461,-6.377413749694824,78.19761657714844,0.2564019339218813
85,28,-11.228959083557129,48.84712600708008,-22.21070671081543,-107.02391815185547,-6.089600563049316,78.55825805664062,0.2548085696328345
85,29,-11.4799165725708,48.33131408691406,-23.707860946655273,-107.34463500976562,-6.198908805847168,78.10691833496094,0.25719233993543467
85,30,-11.417023658752441,48.22938537597656,-23.60360336303711,-107.76786041259766,-6.0750932693481445,78.21723937988281,0.256667470305395
85,31,-11.943588256835938,47.39458465576172,-24.04926109313965,-107.59245300292969,-6.144757270812988,78.68181610107422,0.2565596748248291
85,32,-11.929518699645996,46.65226745605469,-23.924362182617188,-108.19094848632812,-6.096323013305664,80.29676818847656,0.25503030030700874
85,33,-12.173458099365234,45.751808166503906,-24.597240447998047,-108.42483520507812,-6.03452205657959,79.31063842773438,0.2551461683555096
85,34,-12.510404586791992,45.230224609375,-24.310270309448242,-108.50172424316406,-6.115913391113281,79.79754638671875,0.2537596969179735
85,35,-12.430526733398438,43.741241455078125,-24.550830841064453,-109.23226928710938,-6.269627571105957,79.03412628173828,0.2518445685105351
85,36,-12.453773498535156,42.83832550048828,-24.90591812133789,-109.77933502197266,-6.404804229736328,78.31969451904297,0.2510703881301495
85,37,-12.230814933776855,42.41926574707031,-26.069150924682617,-109.16192626953125,-6.266543388366699,78.76002502441406,0.2533519981271529
85,38,-12.323036193847656,42.63124084472656,-25.35733413696289,-109.27406311035156,-6.452849388122559,78.83839416503906,0.25203027512506176
85,39,-12.521161079406738,41.716026306152344,-26.401519775390625,-108.2203369140625,-6.031232833862305,78.08316040039062,0.25348891848905325
85,40,-12.685646057128906,41.39299774169922,-26.17963981628418,-108.42739868164062,-5.931174278259277,77.45205688476562,0.2524530153196146
85,41,-13.02455997467041,42.03495788574219,-26.04395294189453,-108.33038330078125,-6.055243492126465,75.16552734375,0.2531161631541824
85,42,-13.67123031616211,42.470035552978516,-25.103023529052734,-108.78719329833984,-6.22698974609375,62.15673828125,0.2514621961165737
85,43,-13.728426933288574,41.380226135253906,-26.198747634887695,-108.72006225585938,-5.838173866271973,59.49266815185547,0.25234415950155215
85,44,-14.308562278747559,41.38965606689453,-26.064342498779297,-108.57754516601562,-5.869209289550781,60.02597427368164,0.2521269614060952
85,45,-15.670453071594238,43.16425704956055,-27.0850830078125,-107.60519409179688,-5.759716987609863,66.7640609741211,0.2572180186805651
85,46,-18.03362274169922,44.354190826416016,-29.236732482910156,-106.50506591796875,-4.734816551208496,72.42489624023438,0.2635522592467668
85,47,-19.499521255493164,43.504005432128906,-31.240745544433594,-105.2857437133789,-4.409111976623535,67.37612915039062,0.266586096104496
85,48,-18.987268447875977,42.833763122558594,-31.218883514404297,-106.17493438720703,-4.662571907043457,66.8906021118164,0.26554133256033996
85,49,-8.945845603942871,32.84864044189453,-22.169191360473633,-86.65442657470703,-6.259042739868164,48.949462890625,0.23801892827873783
86,0,-14.875876426696777,84.41954040527344,-0.170684814453125,-90.07405090332031,-6.926968574523926,64.15425109863281,0.2546124123575156
86,1,-14.639288902282715,82.24528503417969,1.279388427734375,-91.89054107666016,-7.2509565353393555,65.70057678222656,0.25001815612660916
86,2,-14.206878662109375,78.44371795654297,-0.7227420806884766,-93.23572540283203,-7.267333984375,67.92678833007812,0.24993292314867582
86,3,-14.833292007446289,76.09925079345703,-3.62593936920166,-92.74028015136719,-7.522027015686035,72.86955261230469,0.2530978007325103
86,4,-14.929353713989258,73.22183990478516,-7.689901351928711,-92.25233459472656,-7.3996171951293945,72.50294494628906,0.25758832752132227
86,5,-14.898988723754883,68.25139617919922,-12.661128997802734,-92.44224548339844,-7.313486099243164,74.34313201904297,0.26132807558631005
86,6,-13.634696960449219,64.67449188232422,-21.262971878051758,-92.01936340332031,-6.393902778625488,79.61871337890625,0.2713592230415439
86,7,-13.35427474975586,64.28975677490234,-23.63165283203125,-92.43895721435547,-6.82144832611084,86.18241882324219,0.27451374426733915
86,8,-12.290202140808105,62.74062728881836,-24.805309295654297,-94.15184783935547,-6.854253768920898,85.8387222290039,0.2754403470982354
86,9,-11.206875801086426,62.106143951416016,-24.76995849609375,-95.00338745117188,-6.82172966003418,84.88496398925781,0.275094850899428
86,10,-10.767611503601074,60.57514953613281,-26.884950637817383,-95.88977813720703,-6.693362236022949,84.20663452148438,0.27706011166795824
86,11,-10.652514457702637,59.299278259277344,-28.036161422729492,-96.915283203125,-6.649242401123047,84.1412582397461,0.27787891120265457
86,12,-10.50527572631836,57.850318908691406,-28.752403259277344,-97.53680419921875,-6.512063026428223,83.91487121582031,0.2777571985170976
86,13,-9.780383110046387,56.287960052490234,-28.732913970947266,-97.66565704345703,-6.456504821777344,83.4183120727539,0.2762613516812701
86,14,-9.451038360595703,55.33828353881836,-28.813949584960938,-98.88766479492188,-6.539794921875,82.88121032714844,0.2757077984680443
86,15,-9.63886833190918,54.45743179321289,-28.428958892822266,-99.55012512207031,-6.600197792053223,83.28961181640625,0.2742994134360614
86,16,-9.76881217956543,55.81706619262695,-26.269330978393555,-100.49581146240234,-6.813601493835449,82.24373626708984,0.2722434919050562
86,17,-9.996148109436035,54.51913070678711,-25.762535095214844,-101.88238525390625,-6.898263931274414,81.777099609375,0.26995963018961955
86,18,-10.310840606689453,54.668209075927734,-23.96282958984375,-102.75990295410156,-6.834085464477539,81.26583862304688,0.26678062084899906
86,19,-9.969625473022461,54.278141021728516,-22.300254821777344,-104.38715362548828,-6.861690521240234,80.84275817871094,0.26283635828666496
86,20,-9.748238563537598,52.46253204345703,-22.74488639831543,-104.4102783203125,-6.671663284301758,81.24297332763672,0.2614716085604922
86,21,-9.544794082641602,50.33482360839844,-23.716564178466797,-103.85379791259766,-6.468905448913574,80.29844665527344,0.2608728308408802
86,22,-9.505455017089844,50.93252944946289,-21.684398651123047,-104.10457611083984,-6.499739646911621,80.06359100341797,0.2574771066692904
86,23,-9.80551815032959,49.94660949707031,-21.97955322265625,-104.01588439941406,-6.372653961181641,79.3803939819336,0.25683787832628957
86,24,-10.318470001220703,50.426368713378906,-21.97425651550293,-104.1554946899414,-6.457548141479492,77.92886352539062,0.2574042777953475
86,25,-10.14709758758545,50.035831451416016,-22.538143157958984,-104.45950317382812,-6.421718597412109,78.62610626220703,0.2579638974459753
86,26,-10.474467277526855,49.17070388793945,-22.018173217773438,-105.47785949707031,-6.215663909912109,78.25688171386719,0.25542358172722907
86,27,-11.498956680297852,49.443321228027344,-22.3428955078125,-105.6637191772461,-6.377413749694824,78.19761657714844,0.2564019339218813
86,28,-11.228959083557129,48.84712600708008,-22.21070671081543,-107.02391815185547,-6.089600563049316,78.55825805664062,0.2548085696328345
86,29,-11.4799165725708,48.33131408691406,-23.707860946655273,-107.34463500976562,-6.198908805847168,78.10691833496094,0.25719233993543467
86,30,-11.417023658752441,48.22938537597656,-23.60360336303711,-107.76786041259766,-6.0750932693481445,78.21723937988281,0.256667470305395
86,31,-11.943588256835938,47.39458465576172,-24.04926109313965,-107.59245300292969,-6.144757270812988,78.68181610107422,0.2565596748248291
86,32,-11.929518699645996,46.65226745605469,-23.924362182617188,-108.19094848632812,-6.096323013305664,80.29676818847656,0.25503030030700874
86,33,-12.173458099365234,45.751808166503906,-24.597240447998047,-108.42483520507812,-6.03452205657959,79.31063842773438,0.2551461683555096
86,34,-12.510404586791992,45.230224609375,-24.310270309448242,-108.50172424316406,-6.115913391113281,79.79754638671875,0.2537596969179735
86,35,-12.430526733398438,43.741241455078125,-24.550830841064453,-109.23226928710938,-6.269627571105957,79.03412628173828,0.2518445685105351
86,36,-12.453773498535156,42.83832550048828,-24.90591812133789,-109.77933502197266,-6.404804229736328,78.31969451904297,0.2510703881301495
86,37,-12.230814933776855,42.41926574707031,-26.069150924682617,-109.16192626953125,-6.266543388366699,78.76002502441406,0.2533519981271529
86,38,-12.323036193847656,42.63124084472656,-25.35733413696289,-109.27406311035156,-6.452849388122559,78.83839416503906,0.25203027512506176
86,39,-12.521161079406738,41.716026306152344,-26.401519775390625,-108.2203369140625,-6.031232833862305,78.08316040039062,0.25348891848905325
86,40,-12.685646057128906,41.39299774169922,-26.17963981628418,-108.42739868164062,-5.931174278259277,77.45205688476562,0.2524530153196146
86,41,-13.02455997467041,42.03495788574219,-26.04395294189453,-108.33038330078125,-6.055243492126465,75.16552734375,0.2531161631541824
86,42,-13.67123031616211,42.470035552978516,-25.103023529052734,-108.78719329833984,-6.22698974609375,62.15673828125,0.2514621961165737
86,43,-13.728426933288574,41.380226135253906,-26.198747634887695,-108.72006225585938,-5.838173866271973,59.49266815185547,0.25234415950155215
86,44,-14.308562278747559,41.38965606689453,-26.064342498779297,-108.57754516601562,-5.869209289550781,60.02597427368164,0.2521269614060952
86,45,-15.670453071594238,43.16425704956055,-27.0850830078125,-107.60519409179688,-5.759716987609863,66.7640609741211,0.2572180186805651
86,46,-18.03362274169922,44.354190826416016,-29.236732482910156,-106.50506591796875,-4.734816551208496,72.42489624023438,0.2635522592467668
86,47,-19.499521255493164,43.504005432128906,-31.240745544433594,-105.2857437133789,-4.409111976623535,67.37612915039062,0.266586096104496
86,48,-18.987268447875977,42.833763122558594,-31.218883514404297,-106.17493438720703,-4.662571907043457,66.8906021118164,0.26554133256033996
86,49,-8.945845603942871,32.84864044189453,-22.169191360473633,-86.65442657470703,-6.259042739868164,48.949462890625,0.23801892827873783
87,0,-14.875876426696777,84.41954040527344,-0.170684814453125,-90.07405090332031,-6.926968574523926,64.15425109863281,0.2546124123575156
87,1,-14.639288902282715,82.24528503417969,1.279388427734375,-91.89054107666016,-7.2509565353393555,65.70057678222656,0.25001815612660916
87,2,-14.206878662109375,78.44371795654297,-0.7227420806884766,-93.23572540283203,-7.267333984375,67.92678833007812,0.24993292314867582
87,3,-14.833292007446289,76.09925079345703,-3.62593936920166,-92.74028015136719,-7.522027015686035,72.86955261230469,0.2530978007325103
87,4,-14.929353713989258,73.22183990478516,-7.689901351928711,-92.25233459472656,-7.3996171951293945,72.50294494628906,0.25758832752132227
87,5,-14.898988723754883,68.25139617919922,-12.661128997802734,-92.44224548339844,-7.313486099243164,74.34313201904297,0.26132807558631005
87,6,-13.634696960449219,64.67449188232422,-21.262971878051758,-92.01936340332031,-6.393902778625488,79.61871337890625,0.2713592230415439
87,7,-13.35427474975586,64.28975677490234,-23.63165283203125,-92.43895721435547,-6.82144832611084,86.18241882324219,0.27451374426733915
87,8,-12.290202140808105,62.74062728881836,-24.805309295654297,-94.15184783935547,-6.854253768920898,85.8387222290039,0.2754403470982354
87,9,-11.206875801086426,62.106143951416016,-24.76995849609375,-95.00338745117188,-6.82172966003418,84.88496398925781,0.275094850899428
87,10,-10.767611503601074,60.57514953613281,-26.884950637817383,-95.88977813720703,-6.693362236022949,84.20663452148438,0.27706011166795824
87,11,-10.652514457702637,59.299278259277344,-28.036161422729492,-96.915283203125,-6.649242401123047,84.1412582397461,0.27787891120265457
87,12,-10.50527572631836,57.850318908691406,-28.752403259277344,-97.53680419921875,-6.512063026428223,83.91487121582031,0.2777571985170976
87,13,-9.780383110046387,56.287960052490234,-28.732913970947266,-97.66565704345703,-6.456504821777344,83.4183120727539,0.2762613516812701
87,14,-9.451038360595703,55.33828353881836,-28.813949584960938,-98.88766479492188,-6.539794921875,82.88121032714844,0.2757077984680443
87,15,-9.63886833190918,54.45743179321289,-28.428958892822266,-99.55012512207031,-6.600197792053223,83.28961181640625,0.2742994134360614
87,16,-9.76881217956543,55.81706619262695,-26.269330978393555,-100.49581146240234,-6.813601493835449,82.24373626708984,0.2722434919050562
87,17,-9.996148109436035,54.51913070678711,-25.762535095214844,-101.88238525390625,-6.898263931274414,81.777099609375,0.26995963018961955
87,18,-10.310840606689453,54.668209075927734,-23.96282958984375,-102.75990295410156,-6.834085464477539,81.26583862304688,0.26678062084899906
87,19,-9.969625473022461,54.278141021728516,-22.300254821777344,-104.38715362548828,-6.861690521240234,80.84275817871094,0.26283635828666496
87,20,-9.748238563537598,52.46253204345703,-22.74488639831543,-104.4102783203125,-6.671663284301758,81.24297332763672,0.2614716085604922
87,21,-9.544794082641602,50.33482360839844,-23.716564178466797,-103.85379791259766,-6.468905448913574,80.29844665527344,0.2608728308408802
87,22,-9.505455017089844,50.93252944946289,-21.684398651123047,-104.10457611083984,-6.499739646911621,80.06359100341797,0.2574771066692904
87,23,-9.80551815032959,49.94660949707031,-21.97955322265625,-104.01588439941406,-6.372653961181641,79.3803939819336,0.25683787832628957
87,24,-10.318470001220703,50.426368713378906,-21.97425651550293,-104.1554946899414,-6.457548141479492,77.92886352539062,0.2574042777953475
87,25,-10.14709758758545,50.035831451416016,-22.538143157958984,-104.45950317382812,-6.421718597412109,78.62610626220703,0.2579638974459753
87,26,-10.474467277526855,49.17070388793945,-22.018173217773438,-105.47785949707031,-6.215663909912109,78.25688171386719,0.25542358172722907
87,27,-11.498956680297852,49.443321228027344,-22.3428955078125,-105.6637191772461,-6.377413749694824,78.19761657714844,0.2564019339218813
87,28,-11.228959083557129,48.84712600708008,-22.21070671081543,-107.02391815185547,-6.089600563049316,78.55825805664062,0.2548085696328345
87,29,-11.4799165725708,48.33131408691406,-23.707860946655273,-107.34463500976562,-6.198908805847168,78.10691833496094,0.25719233993543467
87,30,-11.417023658752441,48.22938537597656,-23.60360336303711,-107.76786041259766,-6.0750932693481445,78.21723937988281,0.256667470305395
87,31,-11.943588256835938,47.39458465576172,-24.04926109313965,-107.59245300292969,-6.144757270812988,78.68181610107422,0.2565596748248291
87,32,-11.929518699645996,46.65226745605469,-23.924362182617188,-108.19094848632812,-6.096323013305664,80.29676818847656,0.25503030030700874
87,33,-12.173458099365234,45.751808166503906,-24.597240447998047,-108.42483520507812,-6.03452205657959,79.31063842773438,0.2551461683555096
87,34,-12.510404586791992,45.230224609375,-24.310270309448242,-108.50172424316406,-6.115913391113281,79.79754638671875,0.2537596969179735
87,35,-12.430526733398438,43.741241455078125,-24.550830841064453,-109.23226928710938,-6.269627571105957,79.03412628173828,0.2518445685105351
87,36,-12.453773498535156,42.83832550048828,-24.90591812133789,-109.77933502197266,-6.404804229736328,78.31969451904297,0.2510703881301495
87,37,-12.230814933776855,42.41926574707031,-26.069150924682617,-109.16192626953125,-6.266543388366699,78.76002502441406,0.2533519981271529
87,38,-12.323036193847656,42.63124084472656,-25.35733413696289,-109.27406311035156,-6.452849388122559,78.83839416503906,0.25203027512506176
87,39,-12.521161079406738,41.716026306152344,-26.401519775390625,-108.2203369140625,-6.031232833862305,78.08316040039062,0.25348891848905325
87,40,-12.685646057128906,41.39299774169922,-26.17963981628418,-108.42739868164062,-5.931174278259277,77.45205688476562,0.2524530153196146
87,41,-13.02455997467041,42.03495788574219,-26.04395294189453,-108.33038330078125,-6.055243492126465,75.16552734375,0.2531161631541824
87,42,-13.67123031616211,42.470035552978516,-25.103023529052734,-108.78719329833984,-6.22698974609375,62.15673828125,0.2514621961165737
87,43,-13.728426933288574,41.380226135253906,-26.198747634887695,-108.72006225585938,-5.838173866271973,59.49266815185547,0.25234415950155215
87,44,-14.308562278747559,41.38965606689453,-26.064342498779297,-108.57754516601562,-5.869209289550781,60.02597427368164,0.2521269614060952
87,45,-15.670453071594238,43.16425704956055,-27.0850830078125,-107.60519409179688,-5.759716987609863,66.7640609741211,0.2572180186805651
87,46,-18.03362274169922,44.354190826416016,-29.236732482910156,-106.50506591796875,-4.734816551208496,72.42489624023438,0.2635522592467668
87,47,-19.499521255493164,43.504005432128906,-31.240745544433594,-105.2857437133789,-4.409111976623535,67.37612915039062,0.266586096104496
87,48,-18.987268447875977,42.833763122558594,-31.218883514404297,-106.17493438720703,-4.662571907043457,66.8906021118164,0.26554133256033996
87,49,-8.945845603942871,32.84864044189453,-22.169191360473633,-86.65442657470703,-6.259042739868164,48.949462890625,0.23801892827873783
88,0,-14.875876426696777,84.41954040527344,-0.170684814453125,-90.07405090332031,-6.926968574523926,64.15425109863281,0.2546124123575156
88,1,-14.639288902282715,82.24528503417969,1.279388427734375,-91.89054107666016,-7.2509565353393555,65.70057678222656,0.25001815612660916
88,2,-14.206878662109375,78.44371795654297,-0.7227420806884766,-93.23572540283203,-7.267333984375,67.92678833007812,0.24993292314867582
88,3,-14.833292007446289,76.09925079345703,-3.62593936920166,-92.74028015136719,-7.522027015686035,72.86955261230469,0.2530978007325103
88,4,-14.929353713989258,73.22183990478516,-7.689901351928711,-92.25233459472656,-7.3996171951293945,72.50294494628906,0.25758832752132227
88,5,-14.898988723754883,68.25139617919922,-12.661128997802734,-92.44224548339844,-7.313486099243164,74.34313201904297,0.26132807558631005
88,6,-13.634696960449219,64.67449188232422,-21.262971878051758,-92.01936340332031,-6.393902778625488,79.61871337890625,0.2713592230415439
88,7,-13.35427474975586,64.28975677490234,-23.63165283203125,-92.43895721435547,-6.82144832611084,86.18241882324219,0.27451374426733915
88,8,-12.290202140808105,62.74062728881836,-24.805309295654297,-94.15184783935547,-6.854253768920898,85.8387222290039,0.2754403470982354
88,9,-11.206875801086426,62.106143951416016,-24.76995849609375,-95.00338745117188,-6.82172966003418,84.88496398925781,0.275094850899428
88,10,-10.767611503601074,60.57514953613281,-26.884950637817383,-95.88977813720703,-6.693362236022949,84.20663452148438,0.27706011166795824
88,11,-10.652514457702637,59.299278259277344,-28.036161422729492,-96.915283203125,-6.649242401123047,84.1412582397461,0.27787891120265457
88,12,-10.50527572631836,57.850318908691406,-28.752403259277344,-97.53680419921875,-6.512063026428223,83.91487121582031,0.2777571985170976
88,13,-9.780383110046387,56.287960052490234,-28.732913970947266,-97.66565704345703,-6.456504821777344,83.4183120727539,0.2762613516812701
88,14,-9.451038360595703,55.33828353881836,-28.813949584960938,-98.88766479492188,-6.539794921875,82.88121032714844,0.2757077984680443
88,15,-9.63886833190918,54.45743179321289,-28.428958892822266,-99.55012512207031,-6.600197792053223,83.28961181640625,0.2742994134360614
88,16,-9.76881217956543,55.81706619262695,-26.269330978393555,-100.49581146240234,-6.813601493835449,82.24373626708984,0.2722434919050562
88,17,-9.996148109436035,54.51913070678711,-25.762535095214844,-101.88238525390625,-6.898263931274414,81.777099609375,0.26995963018961955
88,18,-10.310840606689453,54.668209075927734,-23.96282958984375,-102.75990295410156,-6.834085464477539,81.26583862304688,0.26678062084899906
88,19,-9.969625473022461,54.278141021728516,-22.300254821777344,-104.38715362548828,-6.861690521240234,80.84275817871094,0.26283635828666496
88,20,-9.748238563537598,52.46253204345703,-22.74488639831543,-104.4102783203125,-6.671663284301758,81.24297332763672,0.2614716085604922
88,21,-9.544794082641602,50.33482360839844,-23.716564178466797,-103.85379791259766,-6.468905448913574,80.29844665527344,0.2608728308408802
88,22,-9.505455017089844,50.93252944946289,-21.684398651123047,-104.10457611083984,-6.499739646911621,80.06359100341797,0.2574771066692904
88,23,-9.80551815032959,49.94660949707031,-21.97955322265625,-104.01588439941406,-6.372653961181641,79.3803939819336,0.25683787832628957
88,24,-10.318470001220703,50.426368713378906,-21.97425651550293,-104.1554946899414,-6.457548141479492,77.92886352539062,0.2574042777953475
88,25,-10.14709758758545,50.035831451416016,-22.538143157958984,-104.45950317382812,-6.421718597412109,78.62610626220703,0.2579638974459753
88,26,-10.474467277526855,49.17070388793945,-22.018173217773438,-105.47785949707031,-6.215663909912109,78.25688171386719,0.25542358172722907
88,27,-11.498956680297852,49.443321228027344,-22.3428955078125,-105.6637191772461,-6.377413749694824,78.19761657714844,0.2564019339218813
88,28,-11.228959083557129,48.84712600708008,-22.21070671081543,-107.02391815185547,-6.089600563049316,78.55825805664062,0.2548085696328345
88,29,-11.4799165725708,48.33131408691406,-23.707860946655273,-107.34463500976562,-6.198908805847168,78.10691833496094,0.25719233993543467
88,30,-11.417023658752441,48.22938537597656,-23.60360336303711,-107.76786041259766,-6.0750932693481445,78.21723937988281,0.256667470305395
88,31,-11.943588256835938,47.39458465576172,-24.04926109313965,-107.59245300292969,-6.144757270812988,78.68181610107422,0.2565596748248291
88,32,-11.929518699645996,46.65226745605469,-23.924362182617188,-108.19094848632812,-6.096323013305664,80.29676818847656,0.25503030030700874
88,33,-12.173458099365234,45.751808166503906,-24.597240447998047,-108.42483520507812,-6.03452205657959,79.31063842773438,0.2551461683555096
88,34,-12.510404586791992,45.230224609375,-24.310270309448242,-108.50172424316406,-6.115913391113281,79.79754638671875,0.2537596969179735
88,35,-12.430526733398438,43.741241455078125,-24.550830841064453,-109.23226928710938,-6.269627571105957,79.03412628173828,0.2518445685105351
88,36,-12.453773498535156,42.83832550048828,-24.90591812133789,-109.77933502197266,-6.404804229736328,78.31969451904297,0.2510703881301495
88,37,-12.230814933776855,42.41926574707031,-26.069150924682617,-109.16192626953125,-6.266543388366699,78.76002502441406,0.2533519981271529
88,38,-12.323036193847656,42.63124084472656,-25.35733413696289,-109.27406311035156,-6.452849388122559,78.83839416503906,0.25203027512506176
88,39,-12.521161079406738,41.716026306152344,-26.401519775390625,-108.2203369140625,-6.031232833862305,78.08316040039062,0.25348891848905325
88,40,-12.685646057128906,41.39299774169922,-26.17963981628418,-108.42739868164062,-5.931174278259277,77.45205688476562,0.2524530153196146
88,41,-13.02455997467041,42.03495788574219,-26.04395294189453,-108.33038330078125,-6.055243492126465,75.16552734375,0.2531161631541824
88,42,-13.67123031616211,42.470035552978516,-25.103023529052734,-108.78719329833984,-6.22698974609375,62.15673828125,0.2514621961165737
88,43,-13.728426933288574,41.380226135253906,-26.198747634887695,-108.72006225585938,-5.838173866271973,59.49266815185547,0.25234415950155215
88,44,-14.308562278747559,41.38965606689453,-26.064342498779297,-108.57754516601562,-5.869209289550781,60.02597427368164,0.2521269614060952
88,45,-15.670453071594238,43.16425704956055,-27.0850830078125,-107.60519409179688,-5.759716987609863,66.7640609741211,0.2572180186805651
88,46,-18.03362274169922,44.354190826416016,-29.236732482910156,-106.50506591796875,-4.734816551208496,72.42489624023438,0.2635522592467668
88,47,-19.499521255493164,43.504005432128906,-31.240745544433594,-105.2857437133789,-4.409111976623535,67.37612915039062,0.266586096104496
88,48,-18.987268447875977,42.833763122558594,-31.218883514404297,-106.17493438720703,-4.662571907043457,66.8906021118164,0.26554133256033996
88,49,-8.945845603942871,32.84864044189453,-22.169191360473633,-86.65442657470703,-6.259042739868164,48.949462890625,0.23801892827873783
89,0,-14.875876426696777,84.41954040527344,-0.170684814453125,-90.07405090332031,-6.926968574523926,64.15425109863281,0.2546124123575156
89,1,-14.639288902282715,82.24528503417969,1.279388427734375,-91.89054107666016,-7.2509565353393555,65.70057678222656,0.25001815612660916
89,2,-14.206878662109375,78.44371795654297,-0.7227420806884766,-93.23572540283203,-7.267333984375,67.92678833007812,0.24993292314867582
89,3,-14.833292007446289,76.09925079345703,-3.62593936920166,-92.74028015136719,-7.522027015686035,72.86955261230469,0.2530978007325103
89,4,-14.929353713989258,73.22183990478516,-7.689901351928711,-92.25233459472656,-7.3996171951293945,72.50294494628906,0.25758832752132227
89,5,-14.898988723754883,68.25139617919922,-12.661128997802734,-92.44224548339844,-7.313486099243164,74.34313201904297,0.26132807558631005
89,6,-13.634696960449219,64.67449188232422,-21.262971878051758,-92.01936340332031,-6.393902778625488,79.61871337890625,0.2713592230415439
89,7,-13.35427474975586,64.28975677490234,-23.63165283203125,-92.43895721435547,-6.82144832611084,86.18241882324219,0.27451374426733915
89,8,-12.290202140808105,62.74062728881836,-24.805309295654297,-94.15184783935547,-6.854253768920898,85.8387222290039,0.2754403470982354
89,9,-11.206875801086426,62.106143951416016,-24.76995849609375,-95.00338745117188,-6.82172966003418,84.88496398925781,0.275094850899428
89,10,-10.767611503601074,60.57514953613281,-26.884950637817383,-95.88977813720703,-6.693362236022949,84.20663452148438,0.27706011166795824
89,11,-10.652514457702637,59.299278259277344,-28.036161422729492,-96.915283203125,-6.649242401123047,84.1412582397461,0.27787891120265457
89,12,-10.50527572631836,57.850318908691406,-28.752403259277344,-97.53680419921875,-6.512063026428223,83.91487121582031,0.2777571985170976
89,13,-9.780383110046387,56.287960052490234,-28.732913970947266,-97.66565704345703,-6.456504821777344,83.4183120727539,0.2762613516812701
89,14,-9.451038360595703,55.33828353881836,-28.813949584960938,-98.88766479492188,-6.539794921875,82.88121032714844,0.2757077984680443
89,15,-9.63886833190918,54.45743179321289,-28.428958892822266,-99.55012512207031,-6.600197792053223,83.28961181640625,0.2742994134360614
89,16,-9.76881217956543,55.81706619262695,-26.269330978393555,-100.49581146240234,-6.813601493835449,82.24373626708984,0.2722434919050562
89,17,-9.996148109436035,54.51913070678711,-25.762535095214844,-101.88238525390625,-6.898263931274414,81.777099609375,0.26995963018961955
89,18,-10.310840606689453,54.668209075927734,-23.96282958984375,-102.75990295410156,-6.834085464477539,81.26583862304688,0.26678062084899906
89,19,-9.969625473022461,54.278141021728516,-22.300254821777344,-104.38715362548828,-6.861690521240234,80.84275817871094,0.26283635828666496
89,20,-9.748238563537598,52.46253204345703,-22.74488639831543,-104.4102783203125,-6.671663284301758,81.24297332763672,0.2614716085604922
89,21,-9.544794082641602,50.33482360839844,-23.716564178466797,-103.85379791259766,-6.468905448913574,80.29844665527344,0.2608728308408802
89,22,-9.505455017089844,50.93252944946289,-21.684398651123047,-104.10457611083984,-6.499739646911621,80.06359100341797,0.2574771066692904
89,23,-9.80551815032959,49.94660949707031,-21.97955322265625,-104.01588439941406,-6.372653961181641,79.3803939819336,0.25683787832628957
89,24,-10.318470001220703,50.426368713378906,-21.97425651550293,-104.1554946899414,-6.457548141479492,77.92886352539062,0.2574042777953475
89,25,-10.14709758758545,50.035831451416016,-22.538143157958984,-104.45950317382812,-6.421718597412109,78.62610626220703,0.2579638974459753
89,26,-10.474467277526855,49.17070388793945,-22.018173217773438,-105.47785949707031,-6.215663909912109,78.25688171386719,0.25542358172722907
89,27,-11.498956680297852,49.443321228027344,-22.3428955078125,-105.6637191772461,-6.377413749694824,78.19761657714844,0.2564019339218813
89,28,-11.228959083557129,48.84712600708008,-22.21070671081543,-107.02391815185547,-6.089600563049316,78.55825805664062,0.2548085696328345
89,29,-11.4799165725708,48.33131408691406,-23.707860946655273,-107.34463500976562,-6.198908805847168,78.10691833496094,0.25719233993543467
89,30,-11.417023658752441,48.22938537597656,-23.60360336303711,-107.76786041259766,-6.0750932693481445,78.21723937988281,0.256667470305395
89,31,-11.943588256835938,47.39458465576172,-24.04926109313965,-107.59245300292969,-6.144757270812988,78.68181610107422,0.2565596748248291
89,32,-11.929518699645996,46.65226745605469,-23.924362182617188,-108.19094848632812,-6.096323013305664,80.29676818847656,0.25503030030700874
89,33,-12.173458099365234,45.751808166503906,-24.597240447998047,-108.42483520507812,-6.03452205657959,79.31063842773438,0.2551461683555096
89,34,-12.510404586791992,45.230224609375,-24.310270309448242,-108.50172424316406,-6.115913391113281,79.79754638671875,0.2537596969179735
89,35,-12.430526733398438,43.741241455078125,-24.550830841064453,-109.23226928710938,-6.269627571105957,79.03412628173828,0.2518445685105351
89,36,-12.453773498535156,42.83832550048828,-24.90591812133789,-109.77933502197266,-6.404804229736328,78.31969451904297,0.2510703881301495
89,37,-12.230814933776855,42.41926574707031,-26.069150924682617,-109.16192626953125,-6.266543388366699,78.76002502441406,0.2533519981271529
89,38,-12.323036193847656,42.63124084472656,-25.35733413696289,-109.27406311035156,-6.452849388122559,78.83839416503906,0.25203027512506176
89,39,-12.521161079406738,41.716026306152344,-26.401519775390625,-108.2203369140625,-6.031232833862305,78.08316040039062,0.25348891848905325
89,40,-12.685646057128906,41.39299774169922,-26.17963981628418,-108.42739868164062,-5.931174278259277,77.45205688476562,0.2524530153196146
89,41,-13.02455997467041,42.03495788574219,-26.04395294189453,-108.33038330078125,-6.055243492126465,75.16552734375,0.2531161631541824
89,42,-13.67123031616211,42.470035552978516,-25.103023529052734,-108.78719329833984,-6.22698974609375,62.15673828125,0.2514621961165737
89,43,-13.728426933288574,41.380226135253906,-26.198747634887695,-108.72006225585938,-5.838173866271973,59.49266815185547,0.25234415950155215
89,44,-14.308562278747559,41.38965606689453,-26.064342498779297,-108.57754516601562,-5.869209289550781,60.02597427368164,0.2521269614060952
89,45,-15.670453071594238,43.16425704956055,-27.0850830078125,-107.60519409179688,-5.759716987609863,66.7640609741211,0.2572180186805651
89,46,-18.03362274169922,44.354190826416016,-29.236732482910156,-106.50506591796875,-4.734816551208496,72.42489624023438,0.2635522592467668
89,47,-19.499521255493164,43.504005432128906,-31.240745544433594,-105.2857437133789,-4.409111976623535,67.37612915039062,0.266586096104496
89,48,-18.987268447875977,42.833763122558594,-31.218883514404297,-106.17493438720703,-4.662571907043457,66.8906021118164,0.26554133256033996
89,49,-8.945845603942871,32.84864044189453,-22.169191360473633,-86.65442657470703,-6.259042739868164,48.949462890625,0.23801892827873783
90,0,-14.875876426696777,84.41954040527344,-0.170684814453125,-90.07405090332031,-6.926968574523926,64.15425109863281,0.2546124123575156
90,1,-14.639288902282715,82.24528503417969,1.279388427734375,-91.89054107666016,-7.2509565353393555,65.70057678222656,0.25001815612660916
90,2,-14.206878662109375,78.44371795654297,-0.7227420806884766,-93.23572540283203,-7.267333984375,67.92678833007812,0.24993292314867582
90,3,-14.833292007446289,76.09925079345703,-3.62593936920166,-92.74028015136719,-7.522027015686035,72.86955261230469,0.2530978007325103
90,4,-14.929353713989258,73.22183990478516,-7.689901351928711,-92.25233459472656,-7.3996171951293945,72.50294494628906,0.25758832752132227
90,5,-14.898988723754883,68.25139617919922,-12.661128997802734,-92.44224548339844,-7.313486099243164,74.34313201904297,0.26132807558631005
90,6,-13.634696960449219,64.67449188232422,-21.262971878051758,-92.01936340332031,-6.393902778625488,79.61871337890625,0.2713592230415439
90,7,-13.35427474975586,64.28975677490234,-23.63165283203125,-92.43895721435547,-6.82144832611084,86.18241882324219,0.27451374426733915
90,8,-12.290202140808105,62.74062728881836,-24.805309295654297,-94.15184783935547,-6.854253768920898,85.8387222290039,0.2754403470982354
90,9,-11.206875801086426,62.106143951416016,-24.76995849609375,-95.00338745117188,-6.82172966003418,84.88496398925781,0.275094850899428
90,10,-10.767611503601074,60.57514953613281,-26.884950637817383,-95.88977813720703,-6.693362236022949,84.20663452148438,0.27706011166795824
90,11,-10.652514457702637,59.299278259277344,-28.036161422729492,-96.915283203125,-6.649242401123047,84.1412582397461,0.27787891120265457
90,12,-10.50527572631836,57.850318908691406,-28.752403259277344,-97.53680419921875,-6.512063026428223,83.91487121582031,0.2777571985170976
90,13,-9.780383110046387,56.287960052490234,-28.732913970947266,-97.66565704345703,-6.456504821777344,83.4183120727539,0.2762613516812701
90,14,-9.451038360595703,55.33828353881836,-28.813949584960938,-98.88766479492188,-6.539794921875,82.88121032714844,0.2757077984680443
90,15,-9.63886833190918,54.45743179321289,-28.428958892822266,-99.55012512207031,-6.600197792053223,83.28961181640625,0.2742994134360614
90,16,-9.76881217956543,55.81706619262695,-26.269330978393555,-100.49581146240234,-6.813601493835449,82.24373626708984,0.2722434919050562
90,17,-9.996148109436035,54.51913070678711,-25.762535095214844,-101.88238525390625,-6.898263931274414,81.777099609375,0.26995963018961955
90,18,-10.310840606689453,54.668209075927734,-23.96282958984375,-102.75990295410156,-6.834085464477539,81.26583862304688,0.26678062084899906
90,19,-9.969625473022461,54.278141021728516,-22.300254821777344,-104.38715362548828,-6.861690521240234,80.84275817871094,0.26283635828666496
90,20,-9.748238563537598,52.46253204345703,-22.74488639831543,-104.4102783203125,-6.671663284301758,81.24297332763672,0.2614716085604922
90,21,-9.544794082641602,50.33482360839844,-23.716564178466797,-103.85379791259766,-6.468905448913574,80.29844665527344,0.2608728308408802
90,22,-9.505455017089844,50.93252944946289,-21.684398651123047,-104.10457611083984,-6.499739646911621,80.06359100341797,0.2574771066692904
90,23,-9.80551815032959,49.94660949707031,-21.97955322265625,-104.01588439941406,-6.372653961181641,79.3803939819336,0.25683787832628957
90,24,-10.318470001220703,50.426368713378906,-21.97425651550293,-104.1554946899414,-6.457548141479492,77.92886352539062,0.2574042777953475
90,25,-10.14709758758545,50.035831451416016,-22.538143157958984,-104.45950317382812,-6.421718597412109,78.62610626220703,0.2579638974459753
90,26,-10.474467277526855,49.17070388793945,-22.018173217773438,-105.47785949707031,-6.215663909912109,78.25688171386719,0.25542358172722907
90,27,-11.498956680297852,49.443321228027344,-22.3428955078125,-105.6637191772461,-6.377413749694824,78.19761657714844,0.2564019339218813
90,28,-11.228959083557129,48.84712600708008,-22.21070671081543,-107.02391815185547,-6.089600563049316,78.55825805664062,0.2548085696328345
90,29,-11.4799165725708,48.33131408691406,-23.707860946655273,-107.34463500976562,-6.198908805847168,78.10691833496094,0.25719233993543467
90,30,-11.417023658752441,48.22938537597656,-23.60360336303711,-107.76786041259766,-6.0750932693481445,78.21723937988281,0.256667470305395
90,31,-11.943588256835938,47.39458465576172,-24.04926109313965,-107.59245300292969,-6.144757270812988,78.68181610107422,0.2565596748248291
90,32,-11.929518699645996,46.65226745605469,-23.924362182617188,-108.19094848632812,-6.096323013305664,80.29676818847656,0.25503030030700874
90,33,-12.173458099365234,45.751808166503906,-24.597240447998047,-108.42483520507812,-6.03452205657959,79.31063842773438,0.2551461683555096
90,34,-12.510404586791992,45.230224609375,-24.310270309448242,-108.50172424316406,-6.115913391113281,79.79754638671875,0.2537596969179735
90,35,-12.430526733398438,43.741241455078125,-24.550830841064453,-109.23226928710938,-6.269627571105957,79.03412628173828,0.2518445685105351
90,36,-12.453773498535156,42.83832550048828,-24.90591812133789,-109.77933502197266,-6.404804229736328,78.31969451904297,0.2510703881301495
90,37,-12.230814933776855,42.41926574707031,-26.069150924682617,-109.16192626953125,-6.266543388366699,78.76002502441406,0.2533519981271529
90,38,-12.323036193847656,42.63124084472656,-25.35733413696289,-109.27406311035156,-6.452849388122559,78.83839416503906,0.25203027512506176
90,39,-12.521161079406738,41.716026306152344,-26.401519775390625,-108.2203369140625,-6.031232833862305,78.08316040039062,0.25348891848905325
90,40,-12.685646057128906,41.39299774169922,-26.17963981628418,-108.42739868164062,-5.931174278259277,77.45205688476562,0.2524530153196146
90,41,-13.02455997467041,42.03495788574219,-26.04395294189453,-108.33038330078125,-6.055243492126465,75.16552734375,0.2531161631541824
90,42,-13.67123031616211,42.470035552978516,-25.103023529052734,-108.78719329833984,-6.22698974609375,62.15673828125,0.2514621961165737
90,43,-13.728426933288574,41.380226135253906,-26.198747634887695,-108.72006225585938,-5.838173866271973,59.49266815185547,0.25234415950155215
90,44,-14.308562278747559,41.38965606689453,-26.064342498779297,-108.57754516601562,-5.869209289550781,60.02597427368164,0.2521269614060952
90,45,-15.670453071594238,43.16425704956055,-27.0850830078125,-107.60519409179688,-5.759716987609863,66.7640609741211,0.2572180186805651
90,46,-18.03362274169922,44.354190826416016,-29.236732482910156,-106.50506591796875,-4.734816551208496,72.42489624023438,0.2635522592467668
90,47,-19.499521255493164,43.504005432128906,-31.240745544433594,-105.2857437133789,-4.409111976623535,67.37612915039062,0.266586096104496
90,48,-18.987268447875977,42.833763122558594,-31.218883514404297,-106.17493438720703,-4.662571907043457,66.8906021118164,0.26554133256033996
90,49,-8.945845603942871,32.84864044189453,-22.169191360473633,-86.65442657470703,-6.259042739868164,48.949462890625,0.23801892827873783
91,0,-14.875876426696777,84.41954040527344,-0.170684814453125,-90.07405090332031,-6.926968574523926,64.15425109863281,0.2546124123575156
91,1,-14.639288902282715,82.24528503417969,1.279388427734375,-91.89054107666016,-7.2509565353393555,65.70057678222656,0.25001815612660916
91,2,-14.206878662109375,78.44371795654297,-0.7227420806884766,-93.23572540283203,-7.267333984375,67.92678833007812,0.24993292314867582
91,3,-14.833292007446289,76.09925079345703,-3.62593936920166,-92.74028015136719,-7.522027015686035,72.86955261230469,0.2530978007325103
91,4,-14.929353713989258,73.22183990478516,-7.689901351928711,-92.25233459472656,-7.3996171951293945,72.50294494628906,0.25758832752132227
91,5,-14.898988723754883,68.25139617919922,-12.661128997802734,-92.44224548339844,-7.313486099243164,74.34313201904297,0.26132807558631005
91,6,-13.634696960449219,64.67449188232422,-21.262971878051758,-92.01936340332031,-6.393902778625488,79.61871337890625,0.2713592230415439
91,7,-13.35427474975586,64.28975677490234,-23.63165283203125,-92.43895721435547,-6.82144832611084,86.18241882324219,0.27451374426733915
91,8,-12.290202140808105,62.74062728881836,-24.805309295654297,-94.15184783935547,-6.854253768920898,85.8387222290039,0.2754403470982354
91,9,-11.206875801086426,62.106143951416016,-24.76995849609375,-95.00338745117188,-6.82172966003418,84.88496398925781,0.275094850899428
91,10,-10.767611503601074,60.57514953613281,-26.884950637817383,-95.88977813720703,-6.693362236022949,84.20663452148438,0.27706011166795824
91,11,-10.652514457702637,59.299278259277344,-28.036161422729492,-96.915283203125,-6.649242401123047,84.1412582397461,0.27787891120265457
91,12,-10.50527572631836,57.850318908691406,-28.752403259277344,-97.53680419921875,-6.512063026428223,83.91487121582031,0.2777571985170976
91,13,-9.780383110046387,56.287960052490234,-28.732913970947266,-97.66565704345703,-6.456504821777344,83.4183120727539,0.2762613516812701
91,14,-9.451038360595703,55.33828353881836,-28.813949584960938,-98.88766479492188,-6.539794921875,82.88121032714844,0.2757077984680443
91,15,-9.63886833190918,54.45743179321289,-28.428958892822266,-99.55012512207031,-6.600197792053223,83.28961181640625,0.2742994134360614
91,16,-9.76881217956543,55.81706619262695,-26.269330978393555,-100.49581146240234,-6.813601493835449,82.24373626708984,0.2722434919050562
91,17,-9.996148109436035,54.51913070678711,-25.762535095214844,-101.88238525390625,-6.898263931274414,81.777099609375,0.26995963018961955
91,18,-10.310840606689453,54.668209075927734,-23.96282958984375,-102.75990295410156,-6.834085464477539,81.26583862304688,0.26678062084899906
91,19,-9.969625473022461,54.278141021728516,-22.300254821777344,-104.38715362548828,-6.861690521240234,80.84275817871094,0.26283635828666496
91,20,-9.748238563537598,52.46253204345703,-22.74488639831543,-104.4102783203125,-6.671663284301758,81.24297332763672,0.2614716085604922
91,21,-9.544794082641602,50.33482360839844,-23.716564178466797,-103.85379791259766,-6.468905448913574,80.29844665527344,0.2608728308408802
91,22,-9.505455017089844,50.93252944946289,-21.684398651123047,-104.10457611083984,-6.499739646911621,80.06359100341797,0.2574771066692904
91,23,-9.80551815032959,49.94660949707031,-21.97955322265625,-104.01588439941406,-6.372653961181641,79.3803939819336,0.25683787832628957
91,24,-10.318470001220703,50.426368713378906,-21.97425651550293,-104.1554946899414,-6.457548141479492,77.92886352539062,0.2574042777953475
91,25,-10.14709758758545,50.035831451416016,-22.538143157958984,-104.45950317382812,-6.421718597412109,78.62610626220703,0.2579638974459753
91,26,-10.474467277526855,49.17070388793945,-22.018173217773438,-105.47785949707031,-6.215663909912109,78.25688171386719,0.25542358172722907
91,27,-11.498956680297852,49.443321228027344,-22.3428955078125,-105.6637191772461,-6.377413749694824,78.19761657714844,0.2564019339218813
91,28,-11.228959083557129,48.84712600708008,-22.21070671081543,-107.02391815185547,-6.089600563049316,78.55825805664062,0.2548085696328345
91,29,-11.4799165725708,48.33131408691406,-23.707860946655273,-107.34463500976562,-6.198908805847168,78.10691833496094,0.25719233993543467
91,30,-11.417023658752441,48.22938537597656,-23.60360336303711,-107.76786041259766,-6.0750932693481445,78.21723937988281,0.256667470305395
91,31,-11.943588256835938,47.39458465576172,-24.04926109313965,-107.59245300292969,-6.144757270812988,78.68181610107422,0.2565596748248291
91,32,-11.929518699645996,46.65226745605469,-23.924362182617188,-108.19094848632812,-6.096323013305664,80.29676818847656,0.25503030030700874
91,33,-12.173458099365234,45.751808166503906,-24.597240447998047,-108.42483520507812,-6.03452205657959,79.31063842773438,0.2551461683555096
91,34,-12.510404586791992,45.230224609375,-24.310270309448242,-108.50172424316406,-6.115913391113281,79.79754638671875,0.2537596969179735
91,35,-12.430526733398438,43.741241455078125,-24.550830841064453,-109.23226928710938,-6.269627571105957,79.03412628173828,0.2518445685105351
91,36,-12.453773498535156,42.83832550048828,-24.90591812133789,-109.77933502197266,-6.404804229736328,78.31969451904297,0.2510703881301495
91,37,-12.230814933776855,42.41926574707031,-26.069150924682617,-109.16192626953125,-6.266543388366699,78.76002502441406,0.2533519981271529
91,38,-12.323036193847656,42.63124084472656,-25.35733413696289,-109.27406311035156,-6.452849388122559,78.83839416503906,0.25203027512506176
91,39,-12.521161079406738,41.716026306152344,-26.401519775390625,-108.2203369140625,-6.031232833862305,78.08316040039062,0.25348891848905325
91,40,-12.685646057128906,41.39299774169922,-26.17963981628418,-108.42739868164062,-5.931174278259277,77.45205688476562,0.2524530153196146
91,41,-13.02455997467041,42.03495788574219,-26.04395294189453,-108.33038330078125,-6.055243492126465,75.16552734375,0.2531161631541824
91,42,-13.67123031616211,42.470035552978516,-25.103023529052734,-108.78719329833984,-6.22698974609375,62.15673828125,0.2514621961165737
91,43,-13.728426933288574,41.380226135253906,-26.198747634887695,-108.72006225585938,-5.838173866271973,59.49266815185547,0.25234415950155215
91,44,-14.308562278747559,41.38965606689453,-26.064342498779297,-108.57754516601562,-5.869209289550781,60.02597427368164,0.2521269614060952
91,45,-15.670453071594238,43.16425704956055,-27.0850830078125,-107.60519409179688,-5.759716987609863,66.7640609741211,0.2572180186805651
91,46,-18.03362274169922,44.354190826416016,-29.236732482910156,-106.50506591796875,-4.734816551208496,72.42489624023438,0.2635522592467668
91,47,-19.499521255493164,43.504005432128906,-31.240745544433594,-105.2857437133789,-4.409111976623535,67.37612915039062,0.266586096104496
91,48,-18.987268447875977,42.833763122558594,-31.218883514404297,-106.17493438720703,-4.662571907043457,66.8906021118164,0.26554133256033996
91,49,-8.945845603942871,32.84864044189453,-22.169191360473633,-86.65442657470703,-6.259042739868164,48.949462890625,0.23801892827873783
92,0,-14.875876426696777,84.41954040527344,-0.170684814453125,-90.07405090332031,-6.926968574523926,64.15425109863281,0.2546124123575156
92,1,-14.639288902282715,82.24528503417969,1.279388427734375,-91.89054107666016,-7.2509565353393555,65.70057678222656,0.25001815612660916
92,2,-14.206878662109375,78.44371795654297,-0.7227420806884766,-93.23572540283203,-7.267333984375,67.92678833007812,0.24993292314867582
92,3,-14.833292007446289,76.09925079345703,-3.62593936920166,-92.74028015136719,-7.522027015686035,72.86955261230469,0.2530978007325103
92,4,-14.929353713989258,73.22183990478516,-7.689901351928711,-92.25233459472656,-7.3996171951293945,72.50294494628906,0.25758832752132227
92,5,-14.898988723754883,68.25139617919922,-12.661128997802734,-92.44224548339844,-7.313486099243164,74.34313201904297,0.26132807558631005
92,6,-13.634696960449219,64.67449188232422,-21.262971878051758,-92.01936340332031,-6.393902778625488,79.61871337890625,0.2713592230415439
92,7,-13.35427474975586,64.28975677490234,-23.63165283203125,-92.43895721435547,-6.82144832611084,86.18241882324219,0.27451374426733915
92,8,-12.290202140808105,62.74062728881836,-24.805309295654297,-94.15184783935547,-6.854253768920898,85.8387222290039,0.2754403470982354
92,9,-11.206875801086426,62.106143951416016,-24.76995849609375,-95.00338745117188,-6.82172966003418,84.88496398925781,0.275094850899428
92,10,-10.767611503601074,60.57514953613281,-26.884950637817383,-95.88977813720703,-6.693362236022949,84.20663452148438,0.27706011166795824
92,11,-10.652514457702637,59.299278259277344,-28.036161422729492,-96.915283203125,-6.649242401123047,84.1412582397461,0.27787891120265457
92,12,-10.50527572631836,57.850318908691406,-28.752403259277344,-97.53680419921875,-6.512063026428223,83.91487121582031,0.2777571985170976
92,13,-9.780383110046387,56.287960052490234,-28.732913970947266,-97.66565704345703,-6.456504821777344,83.4183120727539,0.2762613516812701
92,14,-9.451038360595703,55.33828353881836,-28.813949584960938,-98.88766479492188,-6.539794921875,82.88121032714844,0.2757077984680443
92,15,-9.63886833190918,54.45743179321289,-28.428958892822266,-99.55012512207031,-6.600197792053223,83.28961181640625,0.2742994134360614
92,16,-9.76881217956543,55.81706619262695,-26.269330978393555,-100.49581146240234,-6.813601493835449,82.24373626708984,0.2722434919050562
92,17,-9.996148109436035,54.51913070678711,-25.762535095214844,-101.88238525390625,-6.898263931274414,81.777099609375,0.26995963018961955
92,18,-10.310840606689453,54.668209075927734,-23.96282958984375,-102.75990295410156,-6.834085464477539,81.26583862304688,0.26678062084899906
92,19,-9.969625473022461,54.278141021728516,-22.300254821777344,-104.38715362548828,-6.861690521240234,80.84275817871094,0.26283635828666496
92,20,-9.748238563537598,52.46253204345703,-22.74488639831543,-104.4102783203125,-6.671663284301758,81.24297332763672,0.2614716085604922
92,21,-9.544794082641602,50.33482360839844,-23.716564178466797,-103.85379791259766,-6.468905448913574,80.29844665527344,0.2608728308408802
92,22,-9.505455017089844,50.93252944946289,-21.684398651123047,-104.10457611083984,-6.499739646911621,80.06359100341797,0.2574771066692904
92,23,-9.80551815032959,49.94660949707031,-21.97955322265625,-104.01588439941406,-6.372653961181641,79.3803939819336,0.25683787832628957
92,24,-10.318470001220703,50.426368713378906,-21.97425651550293,-104.1554946899414,-6.457548141479492,77.92886352539062,0.2574042777953475
92,25,-10.14709758758545,50.035831451416016,-22.538143157958984,-104.45950317382812,-6.421718597412109,78.62610626220703,0.2579638974459753
92,26,-10.474467277526855,49.17070388793945,-22.018173217773438,-105.47785949707031,-6.215663909912109,78.25688171386719,0.25542358172722907
92,27,-11.498956680297852,49.443321228027344,-22.3428955078125,-105.6637191772461,-6.377413749694824,78.19761657714844,0.2564019339218813
92,28,-11.228959083557129,48.84712600708008,-22.21070671081543,-107.02391815185547,-6.089600563049316,78.55825805664062,0.2548085696328345
92,29,-11.4799165725708,48.33131408691406,-23.707860946655273,-107.34463500976562,-6.198908805847168,78.10691833496094,0.25719233993543467
92,30,-11.417023658752441,48.22938537597656,-23.60360336303711,-107.76786041259766,-6.0750932693481445,78.21723937988281,0.256667470305395
92,31,-11.943588256835938,47.39458465576172,-24.04926109313965,-107.59245300292969,-6.144757270812988,78.68181610107422,0.2565596748248291
92,32,-11.929518699645996,46.65226745605469,-23.924362182617188,-108.19094848632812,-6.096323013305664,80.29676818847656,0.25503030030700874
92,33,-12.173458099365234,45.751808166503906,-24.597240447998047,-108.42483520507812,-6.03452205657959,79.31063842773438,0.2551461683555096
92,34,-12.510404586791992,45.230224609375,-24.310270309448242,-108.50172424316406,-6.115913391113281,79.79754638671875,0.2537596969179735
92,35,-12.430526733398438,43.741241455078125,-24.550830841064453,-109.23226928710938,-6.269627571105957,79.03412628173828,0.2518445685105351
92,36,-12.453773498535156,42.83832550048828,-24.90591812133789,-109.77933502197266,-6.404804229736328,78.31969451904297,0.2510703881301495
92,37,-12.230814933776855,42.41926574707031,-26.069150924682617,-109.16192626953125,-6.266543388366699,78.76002502441406,0.2533519981271529
92,38,-12.323036193847656,42.63124084472656,-25.35733413696289,-109.27406311035156,-6.452849388122559,78.83839416503906,0.25203027512506176
92,39,-12.521161079406738,41.716026306152344,-26.401519775390625,-108.2203369140625,-6.031232833862305,78.08316040039062,0.25348891848905325
92,40,-12.685646057128906,41.39299774169922,-26.17963981628418,-108.42739868164062,-5.931174278259277,77.45205688476562,0.2524530153196146
92,41,-13.02455997467041,42.03495788574219,-26.04395294189453,-108.33038330078125,-6.055243492126465,75.16552734375,0.2531161631541824
92,42,-13.67123031616211,42.470035552978516,-25.103023529052734,-108.78719329833984,-6.22698974609375,62.15673828125,0.2514621961165737
92,43,-13.728426933288574,41.380226135253906,-26.198747634887695,-108.72006225585938,-5.838173866271973,59.49266815185547,0.25234415950155215
92,44,-14.308562278747559,41.38965606689453,-26.064342498779297,-108.57754516601562,-5.869209289550781,60.02597427368164,0.2521269614060952
92,45,-15.670453071594238,43.16425704956055,-27.0850830078125,-107.60519409179688,-5.759716987609863,66.7640609741211,0.2572180186805651
92,46,-18.03362274169922,44.354190826416016,-29.236732482910156,-106.50506591796875,-4.734816551208496,72.42489624023438,0.2635522592467668
92,47,-19.499521255493164,43.504005432128906,-31.240745544433594,-105.2857437133789,-4.409111976623535,67.37612915039062,0.266586096104496
92,48,-18.987268447875977,42.833763122558594,-31.218883514404297,-106.17493438720703,-4.662571907043457,66.8906021118164,0.26554133256033996
92,49,-8.945845603942871,32.84864044189453,-22.169191360473633,-86.65442657470703,-6.259042739868164,48.949462890625,0.23801892827873783
93,0,-14.875876426696777,84.41954040527344,-0.170684814453125,-90.07405090332031,-6.926968574523926,64.15425109863281,0.2546124123575156
93,1,-14.639288902282715,82.24528503417969,1.279388427734375,-91.89054107666016,-7.2509565353393555,65.70057678222656,0.25001815612660916
93,2,-14.206878662109375,78.44371795654297,-0.7227420806884766,-93.23572540283203,-7.267333984375,67.92678833007812,0.24993292314867582
93,3,-14.833292007446289,76.09925079345703,-3.62593936920166,-92.74028015136719,-7.522027015686035,72.86955261230469,0.2530978007325103
93,4,-14.929353713989258,73.22183990478516,-7.689901351928711,-92.25233459472656,-7.3996171951293945,72.50294494628906,0.25758832752132227
93,5,-14.898988723754883,68.25139617919922,-12.661128997802734,-92.44224548339844,-7.313486099243164,74.34313201904297,0.26132807558631005
93,6,-13.634696960449219,64.67449188232422,-21.262971878051758,-92.01936340332031,-6.393902778625488,79.61871337890625,0.2713592230415439
93,7,-13.35427474975586,64.28975677490234,-23.63165283203125,-92.43895721435547,-6.82144832611084,86.18241882324219,0.27451374426733915
93,8,-12.290202140808105,62.74062728881836,-24.805309295654297,-94.15184783935547,-6.854253768920898,85.8387222290039,0.2754403470982354
93,9,-11.206875801086426,62.106143951416016,-24.76995849609375,-95.00338745117188,-6.82172966003418,84.88496398925781,0.275094850899428
93,10,-10.767611503601074,60.57514953613281,-26.884950637817383,-95.88977813720703,-6.693362236022949,84.20663452148438,0.27706011166795824
93,11,-10.652514457702637,59.299278259277344,-28.036161422729492,-96.915283203125,-6.649242401123047,84.1412582397461,0.27787891120265457
93,12,-10.50527572631836,57.850318908691406,-28.752403259277344,-97.53680419921875,-6.512063026428223,83.91487121582031,0.2777571985170976
93,13,-9.780383110046387,56.287960052490234,-28.732913970947266,-97.66565704345703,-6.456504821777344,83.4183120727539,0.2762613516812701
93,14,-9.451038360595703,55.33828353881836,-28.813949584960938,-98.88766479492188,-6.539794921875,82.88121032714844,0.2757077984680443
93,15,-9.63886833190918,54.45743179321289,-28.428958892822266,-99.55012512207031,-6.600197792053223,83.28961181640625,0.2742994134360614
93,16,-9.76881217956543,55.81706619262695,-26.269330978393555,-100.49581146240234,-6.813601493835449,82.24373626708984,0.2722434919050562
93,17,-9.996148109436035,54.51913070678711,-25.762535095214844,-101.88238525390625,-6.898263931274414,81.777099609375,0.26995963018961955
93,18,-10.310840606689453,54.668209075927734,-23.96282958984375,-102.75990295410156,-6.834085464477539,81.26583862304688,0.26678062084899906
93,19,-9.969625473022461,54.278141021728516,-22.300254821777344,-104.38715362548828,-6.861690521240234,80.84275817871094,0.26283635828666496
93,20,-9.748238563537598,52.46253204345703,-22.74488639831543,-104.4102783203125,-6.671663284301758,81.24297332763672,0.2614716085604922
93,21,-9.544794082641602,50.33482360839844,-23.716564178466797,-103.85379791259766,-6.468905448913574,80.29844665527344,0.2608728308408802
93,22,-9.505455017089844,50.93252944946289,-21.684398651123047,-104.10457611083984,-6.499739646911621,80.06359100341797,0.2574771066692904
93,23,-9.80551815032959,49.94660949707031,-21.97955322265625,-104.01588439941406,-6.372653961181641,79.3803939819336,0.25683787832628957
93,24,-10.318470001220703,50.426368713378906,-21.97425651550293,-104.1554946899414,-6.457548141479492,77.92886352539062,0.2574042777953475
93,25,-10.14709758758545,50.035831451416016,-22.538143157958984,-104.45950317382812,-6.421718597412109,78.62610626220703,0.2579638974459753
93,26,-10.474467277526855,49.17070388793945,-22.018173217773438,-105.47785949707031,-6.215663909912109,78.25688171386719,0.25542358172722907
93,27,-11.498956680297852,49.443321228027344,-22.3428955078125,-105.6637191772461,-6.377413749694824,78.19761657714844,0.2564019339218813
93,28,-11.228959083557129,48.84712600708008,-22.21070671081543,-107.02391815185547,-6.089600563049316,78.55825805664062,0.2548085696328345
93,29,-11.4799165725708,48.33131408691406,-23.707860946655273,-107.34463500976562,-6.198908805847168,78.10691833496094,0.25719233993543467
93,30,-11.417023658752441,48.22938537597656,-23.60360336303711,-107.76786041259766,-6.0750932693481445,78.21723937988281,0.256667470305395
93,31,-11.943588256835938,47.39458465576172,-24.04926109313965,-107.59245300292969,-6.144757270812988,78.68181610107422,0.2565596748248291
93,32,-11.929518699645996,46.65226745605469,-23.924362182617188,-108.19094848632812,-6.096323013305664,80.29676818847656,0.25503030030700874
93,33,-12.173458099365234,45.751808166503906,-24.597240447998047,-108.42483520507812,-6.03452205657959,79.31063842773438,0.2551461683555096
93,34,-12.510404586791992,45.230224609375,-24.310270309448242,-108.50172424316406,-6.115913391113281,79.79754638671875,0.2537596969179735
93,35,-12.430526733398438,43.741241455078125,-24.550830841064453,-109.23226928710938,-6.269627571105957,79.03412628173828,0.2518445685105351
93,36,-12.453773498535156,42.83832550048828,-24.90591812133789,-109.77933502197266,-6.404804229736328,78.31969451904297,0.2510703881301495
93,37,-12.230814933776855,42.41926574707031,-26.069150924682617,-109.16192626953125,-6.266543388366699,78.76002502441406,0.2533519981271529
93,38,-12.323036193847656,42.63124084472656,-25.35733413696289,-109.27406311035156,-6.452849388122559,78.83839416503906,0.25203027512506176
93,39,-12.521161079406738,41.716026306152344,-26.401519775390625,-108.2203369140625,-6.031232833862305,78.08316040039062,0.25348891848905325
93,40,-12.685646057128906,41.39299774169922,-26.17963981628418,-108.42739868164062,-5.931174278259277,77.45205688476562,0.2524530153196146
93,41,-13.02455997467041,42.03495788574219,-26.04395294189453,-108.33038330078125,-6.055243492126465,75.16552734375,0.2531161631541824
93,42,-13.67123031616211,42.470035552978516,-25.103023529052734,-108.78719329833984,-6.22698974609375,62.15673828125,0.2514621961165737
93,43,-13.728426933288574,41.380226135253906,-26.198747634887695,-108.72006225585938,-5.838173866271973,59.49266815185547,0.25234415950155215
93,44,-14.308562278747559,41.38965606689453,-26.064342498779297,-108.57754516601562,-5.869209289550781,60.02597427368164,0.2521269614060952
93,45,-15.670453071594238,43.16425704956055,-27.0850830078125,-107.60519409179688,-5.759716987609863,66.7640609741211,0.2572180186805651
93,46,-18.03362274169922,44.354190826416016,-29.236732482910156,-106.50506591796875,-4.734816551208496,72.42489624023438,0.2635522592467668
93,47,-19.499521255493164,43.504005432128906,-31.240745544433594,-105.2857437133789,-4.409111976623535,67.37612915039062,0.266586096104496
93,48,-18.987268447875977,42.833763122558594,-31.218883514404297,-106.17493438720703,-4.662571907043457,66.8906021118164,0.26554133256033996
93,49,-8.945845603942871,32.84864044189453,-22.169191360473633,-86.65442657470703,-6.259042739868164,48.949462890625,0.23801892827873783
94,0,-14.875876426696777,84.41954040527344,-0.170684814453125,-90.07405090332031,-6.926968574523926,64.15425109863281,0.2546124123575156
94,1,-14.639288902282715,82.24528503417969,1.279388427734375,-91.89054107666016,-7.2509565353393555,65.70057678222656,0.25001815612660916
94,2,-14.206878662109375,78.44371795654297,-0.7227420806884766,-93.23572540283203,-7.267333984375,67.92678833007812,0.24993292314867582
94,3,-14.833292007446289,76.09925079345703,-3.62593936920166,-92.74028015136719,-7.522027015686035,72.86955261230469,0.2530978007325103
94,4,-14.929353713989258,73.22183990478516,-7.689901351928711,-92.25233459472656,-7.3996171951293945,72.50294494628906,0.25758832752132227
94,5,-14.898988723754883,68.25139617919922,-12.661128997802734,-92.44224548339844,-7.313486099243164,74.34313201904297,0.26132807558631005
94,6,-13.634696960449219,64.67449188232422,-21.262971878051758,-92.01936340332031,-6.393902778625488,79.61871337890625,0.2713592230415439
94,7,-13.35427474975586,64.28975677490234,-23.63165283203125,-92.43895721435547,-6.82144832611084,86.18241882324219,0.27451374426733915
94,8,-12.290202140808105,62.74062728881836,-24.805309295654297,-94.15184783935547,-6.854253768920898,85.8387222290039,0.2754403470982354
94,9,-11.206875801086426,62.106143951416016,-24.76995849609375,-95.00338745117188,-6.82172966003418,84.88496398925781,0.275094850899428
94,10,-10.767611503601074,60.57514953613281,-26.884950637817383,-95.88977813720703,-6.693362236022949,84.20663452148438,0.27706011166795824
94,11,-10.652514457702637,59.299278259277344,-28.036161422729492,-96.915283203125,-6.649242401123047,84.1412582397461,0.27787891120265457
94,12,-10.50527572631836,57.850318908691406,-28.752403259277344,-97.53680419921875,-6.512063026428223,83.91487121582031,0.2777571985170976
94,13,-9.780383110046387,56.287960052490234,-28.732913970947266,-97.66565704345703,-6.456504821777344,83.4183120727539,0.2762613516812701
94,14,-9.451038360595703,55.33828353881836,-28.813949584960938,-98.88766479492188,-6.539794921875,82.88121032714844,0.2757077984680443
94,15,-9.63886833190918,54.45743179321289,-28.428958892822266,-99.55012512207031,-6.600197792053223,83.28961181640625,0.2742994134360614
94,16,-9.76881217956543,55.81706619262695,-26.269330978393555,-100.49581146240234,-6.813601493835449,82.24373626708984,0.2722434919050562
94,17,-9.996148109436035,54.51913070678711,-25.762535095214844,-101.88238525390625,-6.898263931274414,81.777099609375,0.26995963018961955
94,18,-10.310840606689453,54.668209075927734,-23.96282958984375,-102.75990295410156,-6.834085464477539,81.26583862304688,0.26678062084899906
94,19,-9.969625473022461,54.278141021728516,-22.300254821777344,-104.38715362548828,-6.861690521240234,80.84275817871094,0.26283635828666496
94,20,-9.748238563537598,52.46253204345703,-22.74488639831543,-104.4102783203125,-6.671663284301758,81.24297332763672,0.2614716085604922
94,21,-9.544794082641602,50.33482360839844,-23.716564178466797,-103.85379791259766,-6.468905448913574,80.29844665527344,0.2608728308408802
94,22,-9.505455017089844,50.93252944946289,-21.684398651123047,-104.10457611083984,-6.499739646911621,80.06359100341797,0.2574771066692904
94,23,-9.80551815032959,49.94660949707031,-21.97955322265625,-104.01588439941406,-6.372653961181641,79.3803939819336,0.25683787832628957
94,24,-10.318470001220703,50.426368713378906,-21.97425651550293,-104.1554946899414,-6.457548141479492,77.92886352539062,0.2574042777953475
94,25,-10.14709758758545,50.035831451416016,-22.538143157958984,-104.45950317382812,-6.421718597412109,78.62610626220703,0.2579638974459753
94,26,-10.474467277526855,49.17070388793945,-22.018173217773438,-105.47785949707031,-6.215663909912109,78.25688171386719,0.25542358172722907
94,27,-11.498956680297852,49.443321228027344,-22.3428955078125,-105.6637191772461,-6.377413749694824,78.19761657714844,0.2564019339218813
94,28,-11.228959083557129,48.84712600708008,-22.21070671081543,-107.02391815185547,-6.089600563049316,78.55825805664062,0.2548085696328345
94,29,-11.4799165725708,48.33131408691406,-23.707860946655273,-107.34463500976562,-6.198908805847168,78.10691833496094,0.25719233993543467
94,30,-11.417023658752441,48.22938537597656,-23.60360336303711,-107.76786041259766,-6.0750932693481445,78.21723937988281,0.256667470305395
94,31,-11.943588256835938,47.39458465576172,-24.04926109313965,-107.59245300292969,-6.144757270812988,78.68181610107422,0.2565596748248291
94,32,-11.929518699645996,46.65226745605469,-23.924362182617188,-108.19094848632812,-6.096323013305664,80.29676818847656,0.25503030030700874
94,33,-12.173458099365234,45.751808166503906,-24.597240447998047,-108.42483520507812,-6.03452205657959,79.31063842773438,0.2551461683555096
94,34,-12.510404586791992,45.230224609375,-24.310270309448242,-108.50172424316406,-6.115913391113281,79.79754638671875,0.2537596969179735
94,35,-12.430526733398438,43.741241455078125,-24.550830841064453,-109.23226928710938,-6.269627571105957,79.03412628173828,0.2518445685105351
94,36,-12.453773498535156,42.83832550048828,-24.90591812133789,-109.77933502197266,-6.404804229736328,78.31969451904297,0.2510703881301495
94,37,-12.230814933776855,42.41926574707031,-26.069150924682617,-109.16192626953125,-6.266543388366699,78.76002502441406,0.2533519981271529
94,38,-12.323036193847656,42.63124084472656,-25.35733413696289,-109.27406311035156,-6.452849388122559,78.83839416503906,0.25203027512506176
94,39,-12.521161079406738,41.716026306152344,-26.401519775390625,-108.2203369140625,-6.031232833862305,78.08316040039062,0.25348891848905325
94,40,-12.685646057128906,41.39299774169922,-26.17963981628418,-108.42739868164062,-5.931174278259277,77.45205688476562,0.2524530153196146
94,41,-13.02455997467041,42.03495788574219,-26.04395294189453,-108.33038330078125,-6.055243492126465,75.16552734375,0.2531161631541824
94,42,-13.67123031616211,42.470035552978516,-25.103023529052734,-108.78719329833984,-6.22698974609375,62.15673828125,0.2514621961165737
94,43,-13.728426933288574,41.380226135253906,-26.198747634887695,-108.72006225585938,-5.838173866271973,59.49266815185547,0.25234415950155215
94,44,-14.308562278747559,41.38965606689453,-26.064342498779297,-108.57754516601562,-5.869209289550781,60.02597427368164,0.2521269614060952
94,45,-15.670453071594238,43.16425704956055,-27.0850830078125,-107.60519409179688,-5.759716987609863,66.7640609741211,0.2572180186805651
94,46,-18.03362274169922,44.354190826416016,-29.236732482910156,-106.50506591796875,-4.734816551208496,72.42489624023438,0.2635522592467668
94,47,-19.499521255493164,43.504005432128906,-31.240745544433594,-105.2857437133789,-4.409111976623535,67.37612915039062,0.266586096104496
94,48,-18.987268447875977,42.833763122558594,-31.218883514404297,-106.17493438720703,-4.662571907043457,66.8906021118164,0.26554133256033996
94,49,-8.945845603942871,32.84864044189453,-22.169191360473633,-86.65442657470703,-6.259042739868164,48.949462890625,0.23801892827873783
95,0,-14.875876426696777,84.41954040527344,-0.170684814453125,-90.07405090332031,-6.926968574523926,64.15425109863281,0.2546124123575156
95,1,-14.639288902282715,82.24528503417969,1.279388427734375,-91.89054107666016,-7.2509565353393555,65.70057678222656,0.25001815612660916
95,2,-14.206878662109375,78.44371795654297,-0.7227420806884766,-93.23572540283203,-7.267333984375,67.92678833007812,0.24993292314867582
95,3,-14.833292007446289,76.09925079345703,-3.62593936920166,-92.74028015136719,-7.522027015686035,72.86955261230469,0.2530978007325103
95,4,-14.929353713989258,73.22183990478516,-7.689901351928711,-92.25233459472656,-7.3996171951293945,72.50294494628906,0.25758832752132227
95,5,-14.898988723754883,68.25139617919922,-12.661128997802734,-92.44224548339844,-7.313486099243164,74.34313201904297,0.26132807558631005
95,6,-13.634696960449219,64.67449188232422,-21.262971878051758,-92.01936340332031,-6.393902778625488,79.61871337890625,0.2713592230415439
95,7,-13.35427474975586,64.28975677490234,-23.63165283203125,-92.43895721435547,-6.82144832611084,86.18241882324219,0.27451374426733915
95,8,-12.290202140808105,62.74062728881836,-24.805309295654297,-94.15184783935547,-6.854253768920898,85.8387222290039,0.2754403470982354
95,9,-11.206875801086426,62.106143951416016,-24.76995849609375,-95.00338745117188,-6.82172966003418,84.88496398925781,0.275094850899428
95,10,-10.767611503601074,60.57514953613281,-26.884950637817383,-95.88977813720703,-6.693362236022949,84.20663452148438,0.27706011166795824
95,11,-10.652514457702637,59.299278259277344,-28.036161422729492,-96.915283203125,-6.649242401123047,84.1412582397461,0.27787891120265457
95,12,-10.50527572631836,57.850318908691406,-28.752403259277344,-97.53680419921875,-6.512063026428223,83.91487121582031,0.2777571985170976
95,13,-9.780383110046387,56.287960052490234,-28.732913970947266,-97.66565704345703,-6.456504821777344,83.4183120727539,0.2762613516812701
95,14,-9.451038360595703,55.33828353881836,-28.813949584960938,-98.88766479492188,-6.539794921875,82.88121032714844,0.2757077984680443
95,15,-9.63886833190918,54.45743179321289,-28.428958892822266,-99.55012512207031,-6.600197792053223,83.28961181640625,0.2742994134360614
95,16,-9.76881217956543,55.81706619262695,-26.269330978393555,-100.49581146240234,-6.813601493835449,82.24373626708984,0.2722434919050562
95,17,-9.996148109436035,54.51913070678711,-25.762535095214844,-101.88238525390625,-6.898263931274414,81.777099609375,0.26995963018961955
95,18,-10.310840606689453,54.668209075927734,-23.96282958984375,-102.75990295410156,-6.834085464477539,81.26583862304688,0.26678062084899906
95,19,-9.969625473022461,54.278141021728516,-22.300254821777344,-104.38715362548828,-6.861690521240234,80.84275817871094,0.26283635828666496
95,20,-9.748238563537598,52.46253204345703,-22.74488639831543,-104.4102783203125,-6.671663284301758,81.24297332763672,0.2614716085604922
95,21,-9.544794082641602,50.33482360839844,-23.716564178466797,-103.85379791259766,-6.468905448913574,80.29844665527344,0.2608728308408802
95,22,-9.505455017089844,50.93252944946289,-21.684398651123047,-104.10457611083984,-6.499739646911621,80.06359100341797,0.2574771066692904
95,23,-9.80551815032959,49.94660949707031,-21.97955322265625,-104.01588439941406,-6.372653961181641,79.3803939819336,0.25683787832628957
95,24,-10.318470001220703,50.426368713378906,-21.97425651550293,-104.1554946899414,-6.457548141479492,77.92886352539062,0.2574042777953475
95,25,-10.14709758758545,50.035831451416016,-22.538143157958984,-104.45950317382812,-6.421718597412109,78.62610626220703,0.2579638974459753
95,26,-10.474467277526855,49.17070388793945,-22.018173217773438,-105.47785949707031,-6.215663909912109,78.25688171386719,0.25542358172722907
95,27,-11.498956680297852,49.443321228027344,-22.3428955078125,-105.6637191772461,-6.377413749694824,78.19761657714844,0.2564019339218813
95,28,-11.228959083557129,48.84712600708008,-22.21070671081543,-107.02391815185547,-6.089600563049316,78.55825805664062,0.2548085696328345
95,29,-11.4799165725708,48.33131408691406,-23.707860946655273,-107.34463500976562,-6.198908805847168,78.10691833496094,0.25719233993543467
95,30,-11.417023658752441,48.22938537597656,-23.60360336303711,-107.76786041259766,-6.0750932693481445,78.21723937988281,0.256667470305395
95,31,-11.943588256835938,47.39458465576172,-24.04926109313965,-107.59245300292969,-6.144757270812988,78.68181610107422,0.2565596748248291
95,32,-11.929518699645996,46.65226745605469,-23.924362182617188,-108.19094848632812,-6.096323013305664,80.29676818847656,0.25503030030700874
95,33,-12.173458099365234,45.751808166503906,-24.597240447998047,-108.42483520507812,-6.03452205657959,79.31063842773438,0.2551461683555096
95,34,-12.510404586791992,45.230224609375,-24.310270309448242,-108.50172424316406,-6.115913391113281,79.79754638671875,0.2537596969179735
95,35,-12.430526733398438,43.741241455078125,-24.550830841064453,-109.23226928710938,-6.269627571105957,79.03412628173828,0.2518445685105351
95,36,-12.453773498535156,42.83832550048828,-24.90591812133789,-109.77933502197266,-6.404804229736328,78.31969451904297,0.2510703881301495
95,37,-12.230814933776855,42.41926574707031,-26.069150924682617,-109.16192626953125,-6.266543388366699,78.76002502441406,0.2533519981271529
95,38,-12.323036193847656,42.63124084472656,-25.35733413696289,-109.27406311035156,-6.452849388122559,78.83839416503906,0.25203027512506176
95,39,-12.521161079406738,41.716026306152344,-26.401519775390625,-108.2203369140625,-6.031232833862305,78.08316040039062,0.25348891848905325
95,40,-12.685646057128906,41.39299774169922,-26.17963981628418,-108.42739868164062,-5.931174278259277,77.45205688476562,0.2524530153196146
95,41,-13.02455997467041,42.03495788574219,-26.04395294189453,-108.33038330078125,-6.055243492126465,75.16552734375,0.2531161631541824
95,42,-13.67123031616211,42.470035552978516,-25.103023529052734,-108.78719329833984,-6.22698974609375,62.15673828125,0.2514621961165737
95,43,-13.728426933288574,41.380226135253906,-26.198747634887695,-108.72006225585938,-5.838173866271973,59.49266815185547,0.25234415950155215
95,44,-14.308562278747559,41.38965606689453,-26.064342498779297,-108.57754516601562,-5.869209289550781,60.02597427368164,0.2521269614060952
95,45,-15.670453071594238,43.16425704956055,-27.0850830078125,-107.60519409179688,-5.759716987609863,66.7640609741211,0.2572180186805651
95,46,-18.03362274169922,44.354190826416016,-29.236732482910156,-106.50506591796875,-4.734816551208496,72.42489624023438,0.2635522592467668
95,47,-19.499521255493164,43.504005432128906,-31.240745544433594,-105.2857437133789,-4.409111976623535,67.37612915039062,0.266586096104496
95,48,-18.987268447875977,42.833763122558594,-31.218883514404297,-106.17493438720703,-4.662571907043457,66.8906021118164,0.26554133256033996
95,49,-8.945845603942871,32.84864044189453,-22.169191360473633,-86.65442657470703,-6.259042739868164,48.949462890625,0.23801892827873783
96,0,-14.875876426696777,84.41954040527344,-0.170684814453125,-90.07405090332031,-6.926968574523926,64.15425109863281,0.2546124123575156
96,1,-14.639288902282715,82.24528503417969,1.279388427734375,-91.89054107666016,-7.2509565353393555,65.70057678222656,0.25001815612660916
96,2,-14.206878662109375,78.44371795654297,-0.7227420806884766,-93.23572540283203,-7.267333984375,67.92678833007812,0.24993292314867582
96,3,-14.833292007446289,76.09925079345703,-3.62593936920166,-92.74028015136719,-7.522027015686035,72.86955261230469,0.2530978007325103
96,4,-14.929353713989258,73.22183990478516,-7.689901351928711,-92.25233459472656,-7.3996171951293945,72.50294494628906,0.25758832752132227
96,5,-14.898988723754883,68.25139617919922,-12.661128997802734,-92.44224548339844,-7.313486099243164,74.34313201904297,0.26132807558631005
96,6,-13.634696960449219,64.67449188232422,-21.262971878051758,-92.01936340332031,-6.393902778625488,79.61871337890625,0.2713592230415439
96,7,-13.35427474975586,64.28975677490234,-23.63165283203125,-92.43895721435547,-6.82144832611084,86.18241882324219,0.27451374426733915
96,8,-12.290202140808105,62.74062728881836,-24.805309295654297,-94.15184783935547,-6.854253768920898,85.8387222290039,0.2754403470982354
96,9,-11.206875801086426,62.106143951416016,-24.76995849609375,-95.00338745117188,-6.82172966003418,84.88496398925781,0.275094850899428
96,10,-10.767611503601074,60.57514953613281,-26.884950637817383,-95.88977813720703,-6.693362236022949,84.20663452148438,0.27706011166795824
96,11,-10.652514457702637,59.299278259277344,-28.036161422729492,-96.915283203125,-6.649242401123047,84.1412582397461,0.27787891120265457
96,12,-10.50527572631836,57.850318908691406,-28.752403259277344,-97.53680419921875,-6.512063026428223,83.91487121582031,0.2777571985170976
96,13,-9.780383110046387,56.287960052490234,-28.732913970947266,-97.66565704345703,-6.456504821777344,83.4183120727539,0.2762613516812701
96,14,-9.451038360595703,55.33828353881836,-28.813949584960938,-98.88766479492188,-6.539794921875,82.88121032714844,0.2757077984680443
96,15,-9.63886833190918,54.45743179321289,-28.428958892822266,-99.55012512207031,-6.600197792053223,83.28961181640625,0.2742994134360614
96,16,-9.76881217956543,55.81706619262695,-26.269330978393555,-100.49581146240234,-6.813601493835449,82.24373626708984,0.2722434919050562
96,17,-9.996148109436035,54.51913070678711,-25.762535095214844,-101.88238525390625,-6.898263931274414,81.777099609375,0.26995963018961955
96,18,-10.310840606689453,54.668209075927734,-23.96282958984375,-102.75990295410156,-6.834085464477539,81.26583862304688,0.26678062084899906
96,19,-9.969625473022461,54.278141021728516,-22.300254821777344,-104.38715362548828,-6.861690521240234,80.84275817871094,0.26283635828666496
96,20,-9.748238563537598,52.46253204345703,-22.74488639831543,-104.4102783203125,-6.671663284301758,81.24297332763672,0.2614716085604922
96,21,-9.544794082641602,50.33482360839844,-23.716564178466797,-103.85379791259766,-6.468905448913574,80.29844665527344,0.2608728308408802
96,22,-9.505455017089844,50.93252944946289,-21.684398651123047,-104.10457611083984,-6.499739646911621,80.06359100341797,0.2574771066692904
96,23,-9.80551815032959,49.94660949707031,-21.97955322265625,-104.01588439941406,-6.372653961181641,79.3803939819336,0.25683787832628957
96,24,-10.318470001220703,50.426368713378906,-21.97425651550293,-104.1554946899414,-6.457548141479492,77.92886352539062,0.2574042777953475
96,25,-10.14709758758545,50.035831451416016,-22.538143157958984,-104.45950317382812,-6.421718597412109,78.62610626220703,0.2579638974459753
96,26,-10.474467277526855,49.17070388793945,-22.018173217773438,-105.47785949707031,-6.215663909912109,78.25688171386719,0.25542358172722907
96,27,-11.498956680297852,49.443321228027344,-22.3428955078125,-105.6637191772461,-6.377413749694824,78.19761657714844,0.2564019339218813
96,28,-11.228959083557129,48.84712600708008,-22.21070671081543,-107.02391815185547,-6.089600563049316,78.55825805664062,0.2548085696328345
96,29,-11.4799165725708,48.33131408691406,-23.707860946655273,-107.34463500976562,-6.198908805847168,78.10691833496094,0.25719233993543467
96,30,-11.417023658752441,48.22938537597656,-23.60360336303711,-107.76786041259766,-6.0750932693481445,78.21723937988281,0.256667470305395
96,31,-11.943588256835938,47.39458465576172,-24.04926109313965,-107.59245300292969,-6.144757270812988,78.68181610107422,0.2565596748248291
96,32,-11.929518699645996,46.65226745605469,-23.924362182617188,-108.19094848632812,-6.096323013305664,80.29676818847656,0.25503030030700874
96,33,-12.173458099365234,45.751808166503906,-24.597240447998047,-108.42483520507812,-6.03452205657959,79.31063842773438,0.2551461683555096
96,34,-12.510404586791992,45.230224609375,-24.310270309448242,-108.50172424316406,-6.115913391113281,79.79754638671875,0.2537596969179735
96,35,-12.430526733398438,43.741241455078125,-24.550830841064453,-109.23226928710938,-6.269627571105957,79.03412628173828,0.2518445685105351
96,36,-12.453773498535156,42.83832550048828,-24.90591812133789,-109.77933502197266,-6.404804229736328,78.31969451904297,0.2510703881301495
96,37,-12.230814933776855,42.41926574707031,-26.069150924682617,-109.16192626953125,-6.266543388366699,78.76002502441406,0.2533519981271529
96,38,-12.323036193847656,42.63124084472656,-25.35733413696289,-109.27406311035156,-6.452849388122559,78.83839416503906,0.25203027512506176
96,39,-12.521161079406738,41.716026306152344,-26.401519775390625,-108.2203369140625,-6.031232833862305,78.08316040039062,0.25348891848905325
96,40,-12.685646057128906,41.39299774169922,-26.17963981628418,-108.42739868164062,-5.931174278259277,77.45205688476562,0.2524530153196146
96,41,-13.02455997467041,42.03495788574219,-26.04395294189453,-108.33038330078125,-6.055243492126465,75.16552734375,0.2531161631541824
96,42,-13.67123031616211,42.470035552978516,-25.103023529052734,-108.78719329833984,-6.22698974609375,62.15673828125,0.2514621961165737
96,43,-13.728426933288574,41.380226135253906,-26.198747634887695,-108.72006225585938,-5.838173866271973,59.49266815185547,0.25234415950155215
96,44,-14.308562278747559,41.38965606689453,-26.064342498779297,-108.57754516601562,-5.869209289550781,60.02597427368164,0.2521269614060952
96,45,-15.670453071594238,43.16425704956055,-27.0850830078125,-107.60519409179688,-5.759716987609863,66.7640609741211,0.2572180186805651
96,46,-18.03362274169922,44.354190826416016,-29.236732482910156,-106.50506591796875,-4.734816551208496,72.42489624023438,0.2635522592467668
96,47,-19.499521255493164,43.504005432128906,-31.240745544433594,-105.2857437133789,-4.409111976623535,67.37612915039062,0.266586096104496
96,48,-18.987268447875977,42.833763122558594,-31.218883514404297,-106.17493438720703,-4.662571907043457,66.8906021118164,0.26554133256033996
96,49,-8.945845603942871,32.84864044189453,-22.169191360473633,-86.65442657470703,-6.259042739868164,48.949462890625,0.23801892827873783
97,0,-14.875876426696777,84.41954040527344,-0.170684814453125,-90.07405090332031,-6.926968574523926,64.15425109863281,0.2546124123575156
97,1,-14.639288902282715,82.24528503417969,1.279388427734375,-91.89054107666016,-7.2509565353393555,65.70057678222656,0.25001815612660916
97,2,-14.206878662109375,78.44371795654297,-0.7227420806884766,-93.23572540283203,-7.267333984375,67.92678833007812,0.24993292314867582
97,3,-14.833292007446289,76.09925079345703,-3.62593936920166,-92.74028015136719,-7.522027015686035,72.86955261230469,0.2530978007325103
97,4,-14.929353713989258,73.22183990478516,-7.689901351928711,-92.25233459472656,-7.3996171951293945,72.50294494628906,0.25758832752132227
97,5,-14.898988723754883,68.25139617919922,-12.661128997802734,-92.44224548339844,-7.313486099243164,74.34313201904297,0.26132807558631005
97,6,-13.634696960449219,64.67449188232422,-21.262971878051758,-92.01936340332031,-6.393902778625488,79.61871337890625,0.2713592230415439
97,7,-13.35427474975586,64.28975677490234,-23.63165283203125,-92.43895721435547,-6.82144832611084,86.18241882324219,0.27451374426733915
97,8,-12.290202140808105,62.74062728881836,-24.805309295654297,-94.15184783935547,-6.854253768920898,85.8387222290039,0.2754403470982354
97,9,-11.206875801086426,62.106143951416016,-24.76995849609375,-95.00338745117188,-6.82172966003418,84.88496398925781,0.275094850899428
97,10,-10.767611503601074,60.57514953613281,-26.884950637817383,-95.88977813720703,-6.693362236022949,84.20663452148438,0.27706011166795824
97,11,-10.652514457702637,59.299278259277344,-28.036161422729492,-96.915283203125,-6.649242401123047,84.1412582397461,0.27787891120265457
97,12,-10.50527572631836,57.850318908691406,-28.752403259277344,-97.53680419921875,-6.512063026428223,83.91487121582031,0.2777571985170976
97,13,-9.780383110046387,56.287960052490234,-28.732913970947266,-97.66565704345703,-6.456504821777344,83.4183120727539,0.2762613516812701
97,14,-9.451038360595703,55.33828353881836,-28.813949584960938,-98.88766479492188,-6.539794921875,82.88121032714844,0.2757077984680443
97,15,-9.63886833190918,54.45743179321289,-28.428958892822266,-99.55012512207031,-6.600197792053223,83.28961181640625,0.2742994134360614
97,16,-9.76881217956543,55.81706619262695,-26.269330978393555,-100.49581146240234,-6.813601493835449,82.24373626708984,0.2722434919050562
97,17,-9.996148109436035,54.51913070678711,-25.762535095214844,-101.88238525390625,-6.898263931274414,81.777099609375,0.26995963018961955
97,18,-10.310840606689453,54.668209075927734,-23.96282958984375,-102.75990295410156,-6.834085464477539,81.26583862304688,0.26678062084899906
97,19,-9.969625473022461,54.278141021728516,-22.300254821777344,-104.38715362548828,-6.861690521240234,80.84275817871094,0.26283635828666496
97,20,-9.748238563537598,52.46253204345703,-22.74488639831543,-104.4102783203125,-6.671663284301758,81.24297332763672,0.2614716085604922
97,21,-9.544794082641602,50.33482360839844,-23.716564178466797,-103.85379791259766,-6.468905448913574,80.29844665527344,0.2608728308408802
97,22,-9.505455017089844,50.93252944946289,-21.684398651123047,-104.10457611083984,-6.499739646911621,80.06359100341797,0.2574771066692904
97,23,-9.80551815032959,49.94660949707031,-21.97955322265625,-104.01588439941406,-6.372653961181641,79.3803939819336,0.25683787832628957
97,24,-10.318470001220703,50.426368713378906,-21.97425651550293,-104.1554946899414,-6.457548141479492,77.92886352539062,0.2574042777953475
97,25,-10.14709758758545,50.035831451416016,-22.538143157958984,-104.45950317382812,-6.421718597412109,78.62610626220703,0.2579638974459753
97,26,-10.474467277526855,49.17070388793945,-22.018173217773438,-105.47785949707031,-6.215663909912109,78.25688171386719,0.25542358172722907
97,27,-11.498956680297852,49.443321228027344,-22.3428955078125,-105.6637191772461,-6.377413749694824,78.19761657714844,0.2564019339218813
97,28,-11.228959083557129,48.84712600708008,-22.21070671081543,-107.02391815185547,-6.089600563049316,78.55825805664062,0.2548085696328345
97,29,-11.4799165725708,48.33131408691406,-23.707860946655273,-107.34463500976562,-6.198908805847168,78.10691833496094,0.25719233993543467
97,30,-11.417023658752441,48.22938537597656,-23.60360336303711,-107.76786041259766,-6.0750932693481445,78.21723937988281,0.256667470305395
97,31,-11.943588256835938,47.39458465576172,-24.04926109313965,-107.59245300292969,-6.144757270812988,78.68181610107422,0.2565596748248291
97,32,-11.929518699645996,46.65226745605469,-23.924362182617188,-108.19094848632812,-6.096323013305664,80.29676818847656,0.25503030030700874
97,33,-12.173458099365234,45.751808166503906,-24.597240447998047,-108.42483520507812,-6.03452205657959,79.31063842773438,0.2551461683555096
97,34,-12.510404586791992,45.230224609375,-24.310270309448242,-108.50172424316406,-6.115913391113281,79.79754638671875,0.2537596969179735
97,35,-12.430526733398438,43.741241455078125,-24.550830841064453,-109.23226928710938,-6.269627571105957,79.03412628173828,0.2518445685105351
97,36,-12.453773498535156,42.83832550048828,-24.90591812133789,-109.77933502197266,-6.404804229736328,78.31969451904297,0.2510703881301495
97,37,-12.230814933776855,42.41926574707031,-26.069150924682617,-109.16192626953125,-6.266543388366699,78.76002502441406,0.2533519981271529
97,38,-12.323036193847656,42.63124084472656,-25.35733413696289,-109.27406311035156,-6.452849388122559,78.83839416503906,0.25203027512506176
97,39,-12.521161079406738,41.716026306152344,-26.401519775390625,-108.2203369140625,-6.031232833862305,78.08316040039062,0.25348891848905325
97,40,-12.685646057128906,41.39299774169922,-26.17963981628418,-108.42739868164062,-5.931174278259277,77.45205688476562,0.2524530153196146
97,41,-13.02455997467041,42.03495788574219,-26.04395294189453,-108.33038330078125,-6.055243492126465,75.16552734375,0.2531161631541824
97,42,-13.67123031616211,42.470035552978516,-25.103023529052734,-108.78719329833984,-6.22698974609375,62.15673828125,0.2514621961165737
97,43,-13.728426933288574,41.380226135253906,-26.198747634887695,-108.72006225585938,-5.838173866271973,59.49266815185547,0.25234415950155215
97,44,-14.308562278747559,41.38965606689453,-26.064342498779297,-108.57754516601562,-5.869209289550781,60.02597427368164,0.2521269614060952
97,45,-15.670453071594238,43.16425704956055,-27.0850830078125,-107.60519409179688,-5.759716987609863,66.7640609741211,0.2572180186805651
97,46,-18.03362274169922,44.354190826416016,-29.236732482910156,-106.50506591796875,-4.734816551208496,72.42489624023438,0.2635522592467668
97,47,-19.499521255493164,43.504005432128906,-31.240745544433594,-105.2857437133789,-4.409111976623535,67.37612915039062,0.266586096104496
97,48,-18.987268447875977,42.833763122558594,-31.218883514404297,-106.17493438720703,-4.662571907043457,66.8906021118164,0.26554133256033996
97,49,-8.945845603942871,32.84864044189453,-22.169191360473633,-86.65442657470703,-6.259042739868164,48.949462890625,0.23801892827873783
98,0,-14.875876426696777,84.41954040527344,-0.170684814453125,-90.07405090332031,-6.926968574523926,64.15425109863281,0.2546124123575156
98,1,-14.639288902282715,82.24528503417969,1.279388427734375,-91.89054107666016,-7.2509565353393555,65.70057678222656,0.25001815612660916
98,2,-14.206878662109375,78.44371795654297,-0.7227420806884766,-93.23572540283203,-7.267333984375,67.92678833007812,0.24993292314867582
98,3,-14.833292007446289,76.09925079345703,-3.62593936920166,-92.74028015136719,-7.522027015686035,72.86955261230469,0.2530978007325103
98,4,-14.929353713989258,73.22183990478516,-7.689901351928711,-92.25233459472656,-7.3996171951293945,72.50294494628906,0.25758832752132227
98,5,-14.898988723754883,68.25139617919922,-12.661128997802734,-92.44224548339844,-7.313486099243164,74.34313201904297,0.26132807558631005
98,6,-13.634696960449219,64.67449188232422,-21.262971878051758,-92.01936340332031,-6.393902778625488,79.61871337890625,0.2713592230415439
98,7,-13.35427474975586,64.28975677490234,-23.63165283203125,-92.43895721435547,-6.82144832611084,86.18241882324219,0.27451374426733915
98,8,-12.290202140808105,62.74062728881836,-24.805309295654297,-94.15184783935547,-6.854253768920898,85.8387222290039,0.2754403470982354
98,9,-11.206875801086426,62.106143951416016,-24.76995849609375,-95.00338745117188,-6.82172966003418,84.88496398925781,0.275094850899428
98,10,-10.767611503601074,60.57514953613281,-26.884950637817383,-95.88977813720703,-6.693362236022949,84.20663452148438,0.27706011166795824
98,11,-10.652514457702637,59.299278259277344,-28.036161422729492,-96.915283203125,-6.649242401123047,84.1412582397461,0.27787891120265457
98,12,-10.50527572631836,57.850318908691406,-28.752403259277344,-97.53680419921875,-6.512063026428223,83.91487121582031,0.2777571985170976
98,13,-9.780383110046387,56.287960052490234,-28.732913970947266,-97.66565704345703,-6.456504821777344,83.4183120727539,0.2762613516812701
98,14,-9.451038360595703,55.33828353881836,-28.813949584960938,-98.88766479492188,-6.539794921875,82.88121032714844,0.2757077984680443
98,15,-9.63886833190918,54.45743179321289,-28.428958892822266,-99.55012512207031,-6.600197792053223,83.28961181640625,0.2742994134360614
98,16,-9.76881217956543,55.81706619262695,-26.269330978393555,-100.49581146240234,-6.813601493835449,82.24373626708984,0.2722434919050562
98,17,-9.996148109436035,54.51913070678711,-25.762535095214844,-101.88238525390625,-6.898263931274414,81.777099609375,0.26995963018961955
98,18,-10.310840606689453,54.668209075927734,-23.96282958984375,-102.75990295410156,-6.834085464477539,81.26583862304688,0.26678062084899906
98,19,-9.969625473022461,54.278141021728516,-22.300254821777344,-104.38715362548828,-6.861690521240234,80.84275817871094,0.26283635828666496
98,20,-9.748238563537598,52.46253204345703,-22.74488639831543,-104.4102783203125,-6.671663284301758,81.24297332763672,0.2614716085604922
98,21,-9.544794082641602,50.33482360839844,-23.716564178466797,-103.85379791259766,-6.468905448913574,80.29844665527344,0.2608728308408802
98,22,-9.505455017089844,50.93252944946289,-21.684398651123047,-104.10457611083984,-6.499739646911621,80.06359100341797,0.2574771066692904
98,23,-9.80551815032959,49.94660949707031,-21.97955322265625,-104.01588439941406,-6.372653961181641,79.3803939819336,0.25683787832628957
98,24,-10.318470001220703,50.426368713378906,-21.97425651550293,-104.1554946899414,-6.457548141479492,77.92886352539062,0.2574042777953475
98,25,-10.14709758758545,50.035831451416016,-22.538143157958984,-104.45950317382812,-6.421718597412109,78.62610626220703,0.2579638974459753
98,26,-10.474467277526855,49.17070388793945,-22.018173217773438,-105.47785949707031,-6.215663909912109,78.25688171386719,0.25542358172722907
98,27,-11.498956680297852,49.443321228027344,-22.3428955078125,-105.6637191772461,-6.377413749694824,78.19761657714844,0.2564019339218813
98,28,-11.228959083557129,48.84712600708008,-22.21070671081543,-107.02391815185547,-6.089600563049316,78.55825805664062,0.2548085696328345
98,29,-11.4799165725708,48.33131408691406,-23.707860946655273,-107.34463500976562,-6.198908805847168,78.10691833496094,0.25719233993543467
98,30,-11.417023658752441,48.22938537597656,-23.60360336303711,-107.76786041259766,-6.0750932693481445,78.21723937988281,0.256667470305395
98,31,-11.943588256835938,47.39458465576172,-24.04926109313965,-107.59245300292969,-6.144757270812988,78.68181610107422,0.2565596748248291
98,32,-11.929518699645996,46.65226745605469,-23.924362182617188,-108.19094848632812,-6.096323013305664,80.29676818847656,0.25503030030700874
98,33,-12.173458099365234,45.751808166503906,-24.597240447998047,-108.42483520507812,-6.03452205657959,79.31063842773438,0.2551461683555096
98,34,-12.510404586791992,45.230224609375,-24.310270309448242,-108.50172424316406,-6.115913391113281,79.79754638671875,0.2537596969179735
98,35,-12.430526733398438,43.741241455078125,-24.550830841064453,-109.23226928710938,-6.269627571105957,79.03412628173828,0.2518445685105351
98,36,-12.453773498535156,42.83832550048828,-24.90591812133789,-109.77933502197266,-6.404804229736328,78.31969451904297,0.2510703881301495
98,37,-12.230814933776855,42.41926574707031,-26.069150924682617,-109.16192626953125,-6.266543388366699,78.76002502441406,0.2533519981271529
98,38,-12.323036193847656,42.63124084472656,-25.35733413696289,-109.27406311035156,-6.452849388122559,78.83839416503906,0.25203027512506176
98,39,-12.521161079406738,41.716026306152344,-26.401519775390625,-108.2203369140625,-6.031232833862305,78.08316040039062,0.25348891848905325
98,40,-12.685646057128906,41.39299774169922,-26.17963981628418,-108.42739868164062,-5.931174278259277,77.45205688476562,0.2524530153196146
98,41,-13.02455997467041,42.03495788574219,-26.04395294189453,-108.33038330078125,-6.055243492126465,75.16552734375,0.2531161631541824
98,42,-13.67123031616211,42.470035552978516,-25.103023529052734,-108.78719329833984,-6.22698974609375,62.15673828125,0.2514621961165737
98,43,-13.728426933288574,41.380226135253906,-26.198747634887695,-108.72006225585938,-5.838173866271973,59.49266815185547,0.25234415950155215
98,44,-14.308562278747559,41.38965606689453,-26.064342498779297,-108.57754516601562,-5.869209289550781,60.02597427368164,0.2521269614060952
98,45,-15.670453071594238,43.16425704956055,-27.0850830078125,-107.60519409179688,-5.759716987609863,66.7640609741211,0.2572180186805651
98,46,-18.03362274169922,44.354190826416016,-29.236732482910156,-106.50506591796875,-4.734816551208496,72.42489624023438,0.2635522592467668
98,47,-19.499521255493164,43.504005432128906,-31.240745544433594,-105.2857437133789,-4.409111976623535,67.37612915039062,0.266586096104496
98,48,-18.987268447875977,42.833763122558594,-31.218883514404297,-106.17493438720703,-4.662571907043457,66.8906021118164,0.26554133256033996
98,49,-8.945845603942871,32.84864044189453,-22.169191360473633,-86.65442657470703,-6.259042739868164,48.949462890625,0.23801892827873783
99,0,-14.875876426696777,84.41954040527344,-0.170684814453125,-90.07405090332031,-6.926968574523926,64.15425109863281,0.2546124123575156
99,1,-14.639288902282715,82.24528503417969,1.279388427734375,-91.89054107666016,-7.2509565353393555,65.70057678222656,0.25001815612660916
99,2,-14.206878662109375,78.44371795654297,-0.7227420806884766,-93.23572540283203,-7.267333984375,67.92678833007812,0.24993292314867582
99,3,-14.833292007446289,76.09925079345703,-3.62593936920166,-92.74028015136719,-7.522027015686035,72.86955261230469,0.2530978007325103
99,4,-14.929353713989258,73.22183990478516,-7.689901351928711,-92.25233459472656,-7.3996171951293945,72.50294494628906,0.25758832752132227
99,5,-14.898988723754883,68.25139617919922,-12.661128997802734,-92.44224548339844,-7.313486099243164,74.34313201904297,0.26132807558631005
99,6,-13.634696960449219,64.67449188232422,-21.262971878051758,-92.01936340332031,-6.393902778625488,79.61871337890625,0.2713592230415439
99,7,-13.35427474975586,64.28975677490234,-23.63165283203125,-92.43895721435547,-6.82144832611084,86.18241882324219,0.27451374426733915
99,8,-12.290202140808105,62.74062728881836,-24.805309295654297,-94.15184783935547,-6.854253768920898,85.8387222290039,0.2754403470982354
99,9,-11.206875801086426,62.106143951416016,-24.76995849609375,-95.00338745117188,-6.82172966003418,84.88496398925781,0.275094850899428
99,10,-10.767611503601074,60.57514953613281,-26.884950637817383,-95.88977813720703,-6.693362236022949,84.20663452148438,0.27706011166795824
99,11,-10.652514457702637,59.299278259277344,-28.036161422729492,-96.915283203125,-6.649242401123047,84.1412582397461,0.27787891120265457
99,12,-10.50527572631836,57.850318908691406,-28.752403259277344,-97.53680419921875,-6.512063026428223,83.91487121582031,0.2777571985170976
99,13,-9.780383110046387,56.287960052490234,-28.732913970947266,-97.66565704345703,-6.456504821777344,83.4183120727539,0.2762613516812701
99,14,-9.451038360595703,55.33828353881836,-28.813949584960938,-98.88766479492188,-6.539794921875,82.88121032714844,0.2757077984680443
99,15,-9.63886833190918,54.45743179321289,-28.428958892822266,-99.55012512207031,-6.600197792053223,83.28961181640625,0.2742994134360614
99,16,-9.76881217956543,55.81706619262695,-26.269330978393555,-100.49581146240234,-6.813601493835449,82.24373626708984,0.2722434919050562
99,17,-9.996148109436035,54.51913070678711,-25.762535095214844,-101.88238525390625,-6.898263931274414,81.777099609375,0.26995963018961955
99,18,-10.310840606689453,54.668209075927734,-23.96282958984375,-102.75990295410156,-6.834085464477539,81.26583862304688,0.26678062084899906
99,19,-9.969625473022461,54.278141021728516,-22.300254821777344,-104.38715362548828,-6.861690521240234,80.84275817871094,0.26283635828666496
99,20,-9.748238563537598,52.46253204345703,-22.74488639831543,-104.4102783203125,-6.671663284301758,81.24297332763672,0.2614716085604922
99,21,-9.544794082641602,50.33482360839844,-23.716564178466797,-103.85379791259766,-6.468905448913574,80.29844665527344,0.2608728308408802
99,22,-9.505455017089844,50.93252944946289,-21.684398651123047,-104.10457611083984,-6.499739646911621,80.06359100341797,0.2574771066692904
99,23,-9.80551815032959,49.94660949707031,-21.97955322265625,-104.01588439941406,-6.372653961181641,79.3803939819336,0.25683787832628957
99,24,-10.318470001220703,50.426368713378906,-21.97425651550293,-104.1554946899414,-6.457548141479492,77.92886352539062,0.2574042777953475
99,25,-10.14709758758545,50.035831451416016,-22.538143157958984,-104.45950317382812,-6.421718597412109,78.62610626220703,0.2579638974459753
99,26,-10.474467277526855,49.17070388793945,-22.018173217773438,-105.47785949707031,-6.215663909912109,78.25688171386719,0.25542358172722907
99,27,-11.498956680297852,49.443321228027344,-22.3428955078125,-105.6637191772461,-6.377413749694824,78.19761657714844,0.2564019339218813
99,28,-11.228959083557129,48.84712600708008,-22.21070671081543,-107.02391815185547,-6.089600563049316,78.55825805664062,0.2548085696328345
99,29,-11.4799165725708,48.33131408691406,-23.707860946655273,-107.34463500976562,-6.198908805847168,78.10691833496094,0.25719233993543467
99,30,-11.417023658752441,48.22938537597656,-23.60360336303711,-107.76786041259766,-6.0750932693481445,78.21723937988281,0.256667470305395
99,31,-11.943588256835938,47.39458465576172,-24.04926109313965,-107.59245300292969,-6.144757270812988,78.68181610107422,0.2565596748248291
99,32,-11.929518699645996,46.65226745605469,-23.924362182617188,-108.19094848632812,-6.096323013305664,80.29676818847656,0.25503030030700874
99,33,-12.173458099365234,45.751808166503906,-24.597240447998047,-108.42483520507812,-6.03452205657959,79.31063842773438,0.2551461683555096
99,34,-12.510404586791992,45.230224609375,-24.310270309448242,-108.50172424316406,-6.115913391113281,79.79754638671875,0.2537596969179735
99,35,-12.430526733398438,43.741241455078125,-24.550830841064453,-109.23226928710938,-6.269627571105957,79.03412628173828,0.2518445685105351
99,36,-12.453773498535156,42.83832550048828,-24.90591812133789,-109.77933502197266,-6.404804229736328,78.31969451904297,0.2510703881301495
99,37,-12.230814933776855,42.41926574707031,-26.069150924682617,-109.16192626953125,-6.266543388366699,78.76002502441406,0.2533519981271529
99,38,-12.323036193847656,42.63124084472656,-25.35733413696289,-109.27406311035156,-6.452849388122559,78.83839416503906,0.25203027512506176
99,39,-12.521161079406738,41.716026306152344,-26.401519775390625,-108.2203369140625,-6.031232833862305,78.08316040039062,0.25348891848905325
99,40,-12.685646057128906,41.39299774169922,-26.17963981628418,-108.42739868164062,-5.931174278259277,77.45205688476562,0.2524530153196146
99,41,-13.02455997467041,42.03495788574219,-26.04395294189453,-108.33038330078125,-6.055243492126465,75.16552734375,0.2531161631541824
99,42,-13.67123031616211,42.470035552978516,-25.103023529052734,-108.78719329833984,-6.22698974609375,62.15673828125,0.2514621961165737
99,43,-13.728426933288574,41.380226135253906,-26.198747634887695,-108.72006225585938,-5.838173866271973,59.49266815185547,0.25234415950155215
99,44,-14.308562278747559,41.38965606689453,-26.064342498779297,-108.57754516601562,-5.869209289550781,60.02597427368164,0.2521269614060952
99,45,-15.670453071594238,43.16425704956055,-27.0850830078125,-107.60519409179688,-5.759716987609863,66.7640609741211,0.2572180186805651
99,46,-18.03362274169922,44.354190826416016,-29.236732482910156,-106.50506591796875,-4.734816551208496,72.42489624023438,0.2635522592467668
99,47,-19.499521255493164,43.504005432128906,-31.240745544433594,-105.2857437133789,-4.409111976623535,67.37612915039062,0.266586096104496
99,48,-18.987268447875977,42.833763122558594,-31.218883514404297,-106.17493438720703,-4.662571907043457,66.8906021118164,0.26554133256033996
99,49,-8.945845603942871,32.84864044189453,-22.169191360473633,-86.65442657470703,-6.259042739868164,48.949462890625,0.23801892827873783
