episode_idx,window_start_step,window_end_step,num_window_steps,eef_z_window_mean,eef_z_window_max,action.shoulder_pan.pos.mean,action.shoulder_pan.pos.std,action.shoulder_pan.pos.min,action.shoulder_pan.pos.max,state.shoulder_pan.pos.mean,state.shoulder_pan.pos.std,state.shoulder_pan.pos.min,state.shoulder_pan.pos.max,action.shoulder_lift.pos.mean,action.shoulder_lift.pos.std,action.shoulder_lift.pos.min,action.shoulder_lift.pos.max,state.shoulder_lift.pos.mean,state.shoulder_lift.pos.std,state.shoulder_lift.pos.min,state.shoulder_lift.pos.max,action.elbow_flex.pos.mean,action.elbow_flex.pos.std,action.elbow_flex.pos.min,action.elbow_flex.pos.max,state.elbow_flex.pos.mean,state.elbow_flex.pos.std,state.elbow_flex.pos.min,state.elbow_flex.pos.max,action.wrist_flex.pos.mean,action.wrist_flex.pos.std,action.wrist_flex.pos.min,action.wrist_flex.pos.max,state.wrist_flex.pos.mean,state.wrist_flex.pos.std,state.wrist_flex.pos.min,state.wrist_flex.pos.max,action.wrist_roll.pos.mean,action.wrist_roll.pos.std,action.wrist_roll.pos.min,action.wrist_roll.pos.max,state.wrist_roll.pos.mean,state.wrist_roll.pos.std,state.wrist_roll.pos.min,state.wrist_roll.pos.max,action.gripper.pos.mean,action.gripper.pos.std,action.gripper.pos.min,action.gripper.pos.max,state.gripper.pos.mean,state.gripper.pos.std,state.gripper.pos.min,state.gripper.pos.max,num_steps,eef_z_start,eef_z_min,eef_z_max,eef_z_end,eef_z_range,peak_episode_step,peak_frame_index,video_path,found,cx,cy,area,fill_ratio,aspect,num_found_frames,reason,grid_x,grid_y,grid_id,grid_center_cx,grid_center_cy,trajectory_label,auto_region_idx,auto_region_id,auto_region_center_cx,auto_region_center_cy
0,127,137,11,0.07512695694931425,0.10108588382689847,-16.079476269808683,0.5707436923243238,-16.874237060546875,-15.115995407104492,-16.514596592296254,0.3778962587380073,-16.923076629638672,-15.799756050109863,46.656851681795985,0.1420171502234753,46.5587043762207,46.96356201171875,43.27651630748402,0.1147650646797834,43.22916793823242,43.61979293823242,-55.444710124622695,4.84457458077522,-61.90108108520508,-46.59968948364258,-38.71260157498446,6.605084776046191,-48.080989837646484,-27.712299346923828,-91.57177873091264,0.48847347901356103,-91.86467742919922,-90.25372314453125,100.0,0.0,100.0,100.0,-12.10567214272239,1.2213161690290362,-14.188034057617188,-10.573870658874512,-13.890554081309926,0.9899117727650389,-15.067154884338379,-12.185592651367188,3.7382164001464844,0.057335596005417086,3.6948747634887695,3.8140642642974854,20.89093780517578,0.0,20.89093780517578,20.89093780517578,292,0.016054629966453363,-0.0006411467842273033,0.17936322718491013,0.016185899790424715,0.18000437396913743,172,172,/home/bruce/.cache/huggingface/lerobot/ethanCSL/svla_koch_pick_n_place_vla_steering_height_test4_fix_dataset/videos/observation.images.top/chunk-000/file-000.mp4,True,502.1973146608059,308.92239156923483,2601.25,0.8639166666666667,0.8333333333333334,4,,3,3,cell_x03_y03,474.0,312.5,high,4,region_04,495.8978845282013,308.02278047408987
1,110,120,11,0.013945427334834504,0.03292583627288086,-17.06071697581898,0.6795672513321548,-18.14407730102539,-16.190475463867188,-17.65123748779297,0.5851376859779284,-18.290597915649414,-16.630037307739258,51.82186300104315,1.8485894229247148,47.098514556884766,53.03643798828125,47.715436068448156,2.8426344968680874,42.44791793823242,50.26041793823242,-23.61247695576061,9.733755630824296,-40.494590759277344,-9.89180850982666,-8.052419142289596,4.01931785602,-16.893321990966797,-4.684194564819336,-75.00823835893111,5.424341159352272,-84.93757629394531,-68.98912811279297,100.0,0.0,100.0,100.0,-17.042957045815207,0.9316606000118348,-18.095237731933594,-15.409035682678223,-18.366078116677024,0.35364280067829845,-18.58363914489746,-17.460317611694336,3.6948747634887695,0.0,3.6948747634887695,3.6948747634887695,20.89093780517578,0.0,20.89093780517578,20.89093780517578,270,0.016089648879071966,0.0013037684522100856,0.2078567643728234,0.016596334306722693,0.20655299592061332,155,155,/home/bruce/.cache/huggingface/lerobot/ethanCSL/svla_koch_pick_n_place_vla_steering_height_test4_fix_dataset/videos/observation.images.top/chunk-000/file-000.mp4,True,475.8746731146458,317.71014127245166,1958.25,0.9272017045454546,1.0909090909090908,4,,3,3,cell_x03_y03,474.0,312.5,high,4,region_04,495.8978845282013,308.02278047408987
2,107,117,11,0.005804888629942015,0.017939149294838835,-20.64824052290483,0.8444186451027713,-21.514041900634766,-19.41391944885254,-21.114441438154742,0.36418870996373065,-21.367521286010742,-20.146520614624023,46.70592602816495,7.747201976804146,34.682861328125,56.81511306762695,39.59517045454545,5.775375191666708,32.68229293823242,50.26041793823242,-13.622312719171697,4.626715104928768,-22.797527313232422,-9.041730880737305,-8.893101518804377,0.24890250276175738,-9.33816909790039,-8.612874031066895,-69.67012162642045,2.5089643838739075,-75.6745834350586,-67.86145782470703,100.0,0.0,100.0,100.0,-21.67388187755238,0.4303828601908174,-22.148962020874023,-20.58608055114746,-21.514041900634766,0.0,-21.514041900634766,-21.514041900634766,3.7707226276397705,0.13705828935782655,3.5756852626800537,3.933253765106201,20.946794683283027,0.0342052124968963,20.89093780517578,20.967741012573242,283,0.016485849967356206,-0.0012275229494647238,0.1919772299905544,0.015934771952484383,0.1932047529400191,152,152,/home/bruce/.cache/huggingface/lerobot/ethanCSL/svla_koch_pick_n_place_vla_steering_height_test4_fix_dataset/videos/observation.images.top/chunk-000/file-000.mp4,True,509.43657019491735,320.52717364470294,1743.5,0.9142681623931624,1.2564102564102564,4,,4,3,cell_x04_y03,538.0,312.5,high,4,region_04,495.8978845282013,308.02278047408987
3,112,122,11,0.043752779414540074,0.0718703686441885,-21.078921231356535,0.4764684539511437,-21.46520233154297,-20.0,-21.376401554454457,0.12110700843396849,-21.514041900634766,-21.074481964111328,47.47883571277965,0.19782320803681905,47.3684196472168,48.04318618774414,44.140625,0.0,44.140625,44.140625,-43.845720984719016,6.919747369985649,-53.245750427246094,-31.143739700317383,-25.272671959616922,7.68272813690718,-37.14112854003906,-13.387730598449707,-84.4909009066495,2.4610199029820365,-86.46797943115234,-79.0575942993164,100.0,0.0,100.0,100.0,-16.06171599301425,2.1093710665377783,-19.316238403320312,-12.673993110656738,-18.730158719149504,1.4500270182303672,-20.146520614624023,-15.94627571105957,3.5865206718444824,0.034264572339456636,3.5756852626800537,3.6948747634887695,20.904902024702594,0.02962258296415715,20.89093780517578,20.967741012573242,278,0.01583960241737334,0.0027055371001809547,0.1841863022041023,0.01676672005222321,0.18148076510392133,157,157,/home/bruce/.cache/huggingface/lerobot/ethanCSL/svla_koch_pick_n_place_vla_steering_height_test4_fix_dataset/videos/observation.images.top/chunk-000/file-000.mp4,True,517.311401968341,316.2150451816329,2149.5,0.9062011054421768,1.03125,4,,4,3,cell_x04_y03,538.0,312.5,high,4,region_04,495.8978845282013,308.02278047408987
4,128,138,11,0.07475775802007655,0.10341315373803864,-17.882118051702324,0.7304582652457301,-19.169719696044922,-16.825397491455078,-18.654678518121894,0.8341534667809214,-19.853479385375977,-17.41147804260254,48.619801954789594,0.813980188478186,48.04318618774414,50.47233581542969,44.69696946577592,0.3515444594172434,44.53125,45.703125,-55.59224354137074,5.574891943417453,-63.60123825073242,-45.51777267456055,-37.69059597362172,6.8542220699782135,-47.657901763916016,-26.201269149780273,-83.21678300337358,0.9606196510276244,-83.80990600585938,-80.74909210205078,100.0,0.0,100.0,100.0,-9.299589070406826,1.7993799355213478,-12.234432220458984,-6.520146369934082,-12.25663219798695,1.7126796050469237,-14.871794700622559,-9.4993896484375,3.52150821685791,0.05934798019155808,3.456495761871338,3.5756852626800537,20.960758902809836,0.022079369725660866,20.89093780517578,20.967741012573242,279,0.01666952783378524,-0.0005320089704640707,0.17404816283600136,0.01646743276178271,0.17458017180646543,173,173,/home/bruce/.cache/huggingface/lerobot/ethanCSL/svla_koch_pick_n_place_vla_steering_height_test4_fix_dataset/videos/observation.images.top/chunk-000/file-000.mp4,True,521.9745744626069,309.8104062944484,2579.0,0.8852586206896552,0.8620689655172413,4,,4,3,cell_x04_y03,538.0,312.5,high,4,region_04,495.8978845282013,308.02278047408987
5,117,127,11,0.04268429440206677,0.06636027170013911,-16.91419688138095,0.2523388761409082,-17.118436813354492,-16.434677124023438,-17.07403703169389,0.13728192849549772,-17.21611785888672,-16.77655601501465,68.16341608220881,0.42851840235666516,66.93656921386719,68.42105102539062,64.79640024358577,1.697047882304044,60.67708206176758,65.88541412353516,-29.527891505848277,6.50306888782672,-38.794437408447266,-18.856260299682617,-12.46462817625566,5.943003755146558,-22.27259063720703,-4.502871036529541,-75.41097606312145,1.6766477201399967,-76.80225372314453,-71.88884735107422,100.0,0.0,100.0,100.0,-10.294150265780361,1.2276591607329745,-12.332112312316895,-8.424908638000488,-12.620712540366434,1.3125754217274095,-14.774114608764648,-10.622710227966309,3.5756852626800537,0.0,3.5756852626800537,3.5756852626800537,20.946794683283027,0.0342052124968963,20.89093780517578,20.967741012573242,295,0.016370642496905133,0.003540267404065739,0.1779648832838691,0.01610462405270424,0.17442461587980337,162,162,/home/bruce/.cache/huggingface/lerobot/ethanCSL/svla_koch_pick_n_place_vla_steering_height_test4_fix_dataset/videos/observation.images.top/chunk-000/file-000.mp4,True,478.3885863636866,316.6248850965899,2033.0,0.9341128970089423,1.0326086956521738,4,,3,3,cell_x03_y03,474.0,312.5,high,4,region_04,495.8978845282013,308.02278047408987
6,128,138,11,0.06086136552587848,0.0843024665522708,-18.01087778264826,0.6174639530974902,-18.632478713989258,-17.069597244262695,-18.428238435225055,0.3023770092006031,-18.632478713989258,-17.704517364501953,53.58851727572355,1.934759421945797,50.06747817993164,55.870445251464844,48.946495749733664,2.3129388605413874,44.66145706176758,51.953125,-45.658282886851914,4.383362949798007,-52.31839370727539,-38.17619705200195,-29.66290283203125,5.332302788902486,-37.0806884765625,-20.39891242980957,-79.12349492853338,0.1640640896459465,-79.21868896484375,-78.65485382080078,100.0,0.0,100.0,100.0,-12.15007209777832,1.8824991204321155,-14.774114608764648,-9.059828758239746,-14.578754771839488,1.1334104291512999,-15.84859561920166,-12.380952835083008,3.5865206718444824,0.034264572339456636,3.5756852626800537,3.6948747634887695,20.897919914939187,0.02207936972566087,20.89093780517578,20.967741012573242,285,0.016008294515831162,0.0014471871404964365,0.18405142414172704,0.016292741636960387,0.1826042370012306,173,173,/home/bruce/.cache/huggingface/lerobot/ethanCSL/svla_koch_pick_n_place_vla_steering_height_test4_fix_dataset/videos/observation.images.top/chunk-000/file-000.mp4,True,493.97788869532087,291.8781961765709,2508.25,0.8738392857142857,0.8774630541871922,4,,3,3,cell_x03_y03,474.0,312.5,high,4,region_04,495.8978845282013,308.02278047408987
7,115,125,11,0.0171087301688738,0.04095501249021626,-19.39615925875577,0.5538449274841797,-20.244199752807617,-18.53479766845703,-20.07547985423695,0.5220356505176713,-20.830280303955078,-19.169719696044922,45.65084041248668,5.659565573903038,36.7071533203125,53.846153259277344,38.754735079678625,4.6638554708688265,33.07291793823242,47.00520706176758,-30.35689215226607,5.528394939038944,-38.794437408447266,-21.561050415039062,-16.008681557395242,3.4010812967289863,-22.6956787109375,-12.239347457885742,-72.09387415105647,1.968327443892681,-74.78855895996094,-68.82803344726562,100.0,0.0,100.0,100.0,-15.084915334528143,1.76467701392551,-18.046398162841797,-12.136752128601074,-17.828837741505016,1.6423572842875866,-20.0,-15.213675498962402,3.5106728076934814,0.05934798019155808,3.456495761871338,3.5756852626800537,20.918866244229402,0.036945852121054175,20.89093780517578,20.967741012573242,279,0.016004934686583483,-0.0005434864134057082,0.1723649745614388,0.01657227933649609,0.1729084609748445,160,160,/home/bruce/.cache/huggingface/lerobot/ethanCSL/svla_koch_pick_n_place_vla_steering_height_test4_fix_dataset/videos/observation.images.top/chunk-000/file-000.mp4,True,517.0084609376115,300.8256252798235,2562.25,0.8835344827586207,0.8547632963179427,4,,4,3,cell_x04_y03,538.0,312.5,high,4,region_04,495.8978845282013,308.02278047408987
8,120,130,11,0.03746925457767323,0.06196447689039031,-15.821955854242498,0.3662938441208724,-16.239316940307617,-14.969474792480469,-16.07059600136497,0.11475481015876246,-16.14163589477539,-15.799756050109863,57.79658924449574,0.7416063883013154,55.73549270629883,58.164642333984375,53.633995749733664,2.1398679847757696,48.69791793823242,55.20833206176758,-33.99606548656117,7.352362156369919,-45.672332763671875,-22.56568717956543,-16.591114824468438,5.862373292932466,-26.624357223510742,-8.673315048217773,-75.3304276899858,3.095131819490692,-79.70197296142578,-70.19734191894531,100.0,0.0,100.0,100.0,-10.86247071352872,1.314556260541124,-12.234432220458984,-8.278388023376465,-12.918193123557351,0.77054243445752,-14.2368745803833,-11.5018310546875,3.6948747634887695,0.0,3.6948747634887695,3.6948747634887695,20.89093780517578,0.0,20.89093780517578,20.89093780517578,278,0.016379163932765367,-0.00015231215279676302,0.16750645983266832,0.015382415228148275,0.16765877198546508,165,165,/home/bruce/.cache/huggingface/lerobot/ethanCSL/svla_koch_pick_n_place_vla_steering_height_test4_fix_dataset/videos/observation.images.top/chunk-000/file-000.mp4,True,473.34811293999485,301.1682199674126,2457.0,0.8980263157894737,0.8421052631578947,4,,3,3,cell_x03_y03,474.0,312.5,high,4,region_04,495.8978845282013,308.02278047408987
9,117,127,11,0.015548729091332677,0.030173875909365266,-18.756798484108664,0.2858201848888787,-19.120878219604492,-18.33943748474121,-19.0054387179288,0.1603326867205878,-19.21855926513672,-18.73015785217285,46.59550961581144,2.8161868679105897,41.70040512084961,50.47233581542969,41.015624653209336,3.745097020034151,34.765625,46.09375,-26.12055639787154,5.659149846590094,-35.78052520751953,-18.392581939697266,-13.772356380115856,1.8867086053808528,-18.2230281829834,-12.299788475036621,-72.97257856889205,3.82138852493131,-79.0575942993164,-67.4587173461914,100.0,0.0,100.0,100.0,-14.276834314519709,0.5755587804153304,-15.65323543548584,-13.55311393737793,-15.79531565579501,0.8475873229247202,-16.874237060546875,-14.627594947814941,3.8140642642974854,0.0,3.8140642642974854,3.8140642642974854,20.897919914939187,0.02207936972566087,20.89093780517578,20.967741012573242,295,0.0157367702176939,-0.0016300190001627135,0.17088774688503452,0.016144419550903094,0.17251776588519724,162,162,/home/bruce/.cache/huggingface/lerobot/ethanCSL/svla_koch_pick_n_place_vla_steering_height_test4_fix_dataset/videos/observation.images.top/chunk-000/file-000.mp4,True,505.9569724048568,295.38528399559596,2501.25,0.908734587585034,0.8583959899749374,4,,3,3,cell_x03_y03,474.0,312.5,high,4,region_04,495.8978845282013,308.02278047408987
10,99,109,11,-0.00046771000785565675,-8.449315179971661e-05,-16.598956368186258,0.023494981877563118,-16.630037307739258,-16.581195831298828,-16.3680758042769,0.023494064355718408,-16.385835647583008,-16.33699607849121,31.051404432816938,0.5031554383942164,30.499324798583984,31.578947067260742,31.22632529518821,0.18261444042867145,31.11979103088379,31.640625,-11.177462231029164,0.27623446727958134,-11.51468276977539,-10.7418851852417,-10.964586691422896,0.01737557075400711,-10.970081329345703,-10.909640312194824,-66.63859766179866,0.8369487644879747,-67.53926849365234,-65.12283325195312,100.0,0.0,100.0,100.0,-15.395715366710316,0.13349597327367632,-15.604395866394043,-15.2625150680542,-15.031635197726162,0.02175127700587396,-15.067154884338379,-15.018315315246582,20.132191679694436,16.11327846340992,3.456495761871338,45.76877212524414,41.06270061839711,7.83466739515409,24.500768661499023,48.23348617553711,250,0.01595297549984688,-0.0005783208577191667,0.07296682158801823,0.016124317441688837,0.0735451424457374,144,144,/home/bruce/.cache/huggingface/lerobot/ethanCSL/svla_koch_pick_n_place_vla_steering_height_test4_fix_dataset/videos/observation.images.top/chunk-000/file-000.mp4,True,478.38719654274405,289.5035648572002,2443.75,0.9128406121687196,0.8245614035087719,4,,3,3,cell_x03_y03,474.0,312.5,low,4,region_04,495.8978845282013,308.02278047408987
11,89,99,11,0.0009762552961765546,0.002756222302773184,-18.534798188643023,0.04165113444381974,-18.58363914489746,-18.437118530273438,-18.290598435835406,0.06585603309037721,-18.38827896118164,-18.19291877746582,37.87265396118164,0.5904170148374672,37.24696350097656,38.596492767333984,37.99715909090909,0.27096370070268105,37.76041793823242,38.671875,-6.350990598851984,0.04443271648165588,-6.414219379425049,-6.259659767150879,-6.722712169994008,0.5693799332246349,-8.18978500366211,-6.316107749938965,-67.47336300936612,0.34656417204116674,-68.02255249023438,-66.97543334960938,100.0,0.0,100.0,100.0,-16.780996496027168,0.03262762339566124,-16.825397491455078,-16.72771644592285,-16.630037307739258,0.0,-16.630037307739258,-16.630037307739258,21.421605521982368,16.77238184172848,3.0989272594451904,45.887962341308594,41.572406248612836,7.427843713013327,25.729646682739258,48.23348617553711,249,0.016124317441688837,0.0003939158807256954,0.07808472538772972,0.01660409835886109,0.07769080950700402,134,134,/home/bruce/.cache/huggingface/lerobot/ethanCSL/svla_koch_pick_n_place_vla_steering_height_test4_fix_dataset/videos/observation.images.top/chunk-000/file-000.mp4,True,483.8141062630975,315.7782744059367,2173.0,0.9431423611111112,1.0,4,,3,3,cell_x03_y03,474.0,312.5,low,4,region_04,495.8978845282013,308.02278047408987
12,155,165,11,0.059424526786441834,0.06657212953361069,9.059828931635076,1.3962384827966086,6.373626232147217,10.622710227966309,7.45698729428378,1.9967286930591395,3.7851037979125977,9.938949584960938,23.518586592240766,5.117245587919256,17.273954391479492,32.6585693359375,26.384943181818183,5.963865799284134,17.44791603088379,35.80729293823242,-56.512575669722125,1.994381889107155,-58.57805252075195,-52.70479202270508,-44.1248383955522,2.152615181951244,-47.4161376953125,-40.586280822753906,-98.38904571533203,0.0,-98.38904571533203,-98.38904571533203,100.0,0.0,100.0,100.0,12.536352504383434,1.7249747514612122,9.157508850097656,14.334554672241211,8.793428681113504,2.5751566495684304,4.3223443031311035,12.283272743225098,3.8032288551330566,0.034264572339456636,3.6948747634887695,3.8140642642974854,20.911884134465996,0.0342052124968963,20.89093780517578,20.967741012573242,246,0.01660410861463997,0.001044550089256746,0.06876551577046647,0.015537717867002573,0.06772096568120972,200,200,/home/bruce/.cache/huggingface/lerobot/ethanCSL/svla_koch_pick_n_place_vla_steering_height_test4_fix_dataset/videos/observation.images.top/chunk-000/file-000.mp4,True,501.3348711435162,316.9581339212883,2088.0,0.9263531499556344,1.065217391304348,4,,3,3,cell_x03_y03,474.0,312.5,low,4,region_04,495.8978845282013,308.02278047408987
13,157,167,11,0.061946397656073085,0.06443470526683058,9.730269648812033,1.742768163811165,6.373626232147217,11.843711853027344,7.741147648204457,2.5044300900347114,3.1501832008361816,10.915750503540039,34.22892917286266,5.630582790182244,26.045883178710938,43.72469711303711,37.51183717901056,5.926320817501818,27.99479103088379,46.74479293823242,-50.59716207330877,2.459102225834958,-53.63214874267578,-46.29057312011719,-37.77301614934748,3.1624699723688687,-42.39951705932617,-32.84980392456055,-99.5826152454723,0.03106520062111476,-99.59725952148438,-99.51671600341797,100.0,0.0,100.0,100.0,11.737151752818715,1.6061038311136895,8.473748207092285,13.406593322753906,8.136308019811457,2.4431968485640776,3.882783889770508,11.40415096282959,3.8032288551330566,0.034264572339456636,3.6948747634887695,3.8140642642974854,20.89093780517578,0.0,20.89093780517578,20.89093780517578,243,0.015254832985651182,0.001235008220631273,0.07517761063196568,0.016273641927478058,0.07394260241133441,202,202,/home/bruce/.cache/huggingface/lerobot/ethanCSL/svla_koch_pick_n_place_vla_steering_height_test4_fix_dataset/videos/observation.images.top/chunk-000/file-000.mp4,True,517.3032088219614,320.7292195095777,1734.75,0.9283029001074113,1.3026315789473686,4,,4,3,cell_x04_y03,538.0,312.5,low,4,region_04,495.8978845282013,308.02278047408987
14,166,176,11,0.04722182890230673,0.04896554149604349,10.764790534973145,0.8037266138149628,9.157508850097656,11.69719123840332,9.650349617004395,1.2284298235029674,7.399267196655273,11.159951210021973,21.531100013039328,1.5508773722458224,20.107961654663086,24.96626091003418,21.874999826604668,2.6394390568756263,19.01041603088379,26.82291603088379,-54.35576803034002,1.0028913751986976,-55.409584045410156,-52.39567184448242,-42.344569813121446,2.130452745505335,-44.99848937988281,-39.61922073364258,-100.0,0.0,-100.0,-100.0,100.0,0.0,100.0,100.0,17.45587747747248,0.8445117679245612,15.75091552734375,18.290597915649414,14.685314698652787,1.5762577700730347,11.843711853027344,16.678876876831055,3.8465704917907715,0.053082447214253946,3.8140642642974854,3.933253765106201,20.967741012573242,0.0,20.967741012573242,20.967741012573242,252,0.016273630554241275,0.0011359623055877677,0.07523032177153369,0.016370551086574717,0.07409435946594592,211,211,/home/bruce/.cache/huggingface/lerobot/ethanCSL/svla_koch_pick_n_place_vla_steering_height_test4_fix_dataset/videos/observation.images.top/chunk-000/file-000.mp4,True,516.0289293572118,299.66863830410085,2566.0,0.8848275862068966,0.8620689655172413,4,,4,3,cell_x04_y03,538.0,312.5,low,4,region_04,495.8978845282013,308.02278047408987
15,89,99,11,0.0039014437585350257,0.005995060569764829,-17.682317560369317,0.024318666991281133,-17.704517364501953,-17.655677795410156,-17.296037153764203,0.03139526408639862,-17.313796997070312,-17.21611785888672,37.67635865644975,0.4182084569284308,37.38191604614258,38.46154022216797,37.3579548922452,0.18790801503891874,36.97916793823242,37.63020706176758,-9.659969069740988,0.2891543141866472,-10.278206825256348,-9.27357006072998,-9.283222198486328,0.6922393935236828,-10.970081329345703,-8.854639053344727,-69.94837604869495,0.5369962070524289,-71.08336639404297,-68.90857696533203,100.0,0.0,100.0,100.0,-17.460317091508344,0.06247659999789349,-17.509157180786133,-17.36263656616211,-17.16727638244629,0.0,-17.16727638244629,-17.16727638244629,29.548163197257303,16.31392517844569,2.9797377586364746,47.675804138183594,45.39170525290749,3.815869951225763,36.48233413696289,48.23348617553711,250,0.016273823038813237,0.003283382298673379,0.06674028879619817,0.01656444571644157,0.06345690649752479,134,134,/home/bruce/.cache/huggingface/lerobot/ethanCSL/svla_koch_pick_n_place_vla_steering_height_test4_fix_dataset/videos/observation.images.top/chunk-000/file-000.mp4,True,478.9534359205513,302.58706722095997,2512.75,0.8668103448275862,0.8620689655172413,4,,3,3,cell_x03_y03,474.0,312.5,low,4,region_04,495.8978845282013,308.02278047408987
16,160,170,11,0.057087580773017316,0.05894338600139584,9.83682970567183,1.2225905663915277,7.496947288513184,11.550671577453613,8.424908247860996,1.6670782638252568,5.299145221710205,10.622710227966309,30.5606672113592,4.060165492001522,24.2914981842041,37.516868591308594,32.51657208529386,4.638611444167568,25.52083396911621,40.10416793823242,-51.53856936368075,2.2088922316007,-54.791343688964844,-47.758888244628906,-39.12470106645064,2.475719649242932,-42.70172119140625,-34.66304016113281,-98.87233040549539,0.034345498123011436,-98.952880859375,-98.79178619384766,100.0,0.0,100.0,100.0,16.487956393848766,1.282154426792864,13.94383430480957,18.14407730102539,13.197913256558506,2.1052365855186737,9.30402946472168,15.897436141967773,3.7273809909820557,0.053082447214253946,3.6948747634887695,3.8140642642974854,20.89093780517578,0.0,20.89093780517578,20.89093780517578,249,0.01656444571644157,0.0018094807277426184,0.07201448765245577,0.016556205433741505,0.07020500692471315,205,205,/home/bruce/.cache/huggingface/lerobot/ethanCSL/svla_koch_pick_n_place_vla_steering_height_test4_fix_dataset/videos/observation.images.top/chunk-000/file-000.mp4,True,491.28799779165354,294.0009117207974,2487.5,0.8926005747126436,0.8275862068965517,4,,3,3,cell_x03_y03,474.0,312.5,low,4,region_04,495.8978845282013,308.02278047408987
17,163,173,11,0.058808236826708396,0.06008227157275817,9.867909908294678,1.0670616019735597,7.936507701873779,11.257631301879883,8.686868624253707,1.3145263070390607,6.324786186218262,10.573870658874512,26.31578948281028,3.371118995326079,21.457489013671875,32.11875915527344,27.75804935802113,3.6508262663593216,22.265625,33.984375,-55.44471047141335,1.8079810185106984,-57.26429748535156,-52.009273529052734,-42.97096079046076,2.5187471448190686,-45.96554946899414,-38.04774856567383,-100.0,0.0,-100.0,-100.0,100.0,0.0,100.0,100.0,17.140637050975453,1.1944022707380202,14.920635223388672,18.58363914489746,14.165834166786887,1.721897487852239,11.062271118164062,16.53235626220703,3.781558036804199,0.053082447214253946,3.6948747634887695,3.8140642642974854,20.897919914939187,0.022079369725660866,20.89093780517578,20.967741012573242,253,0.01636217985351003,-0.00010134066452417712,0.07113025513232299,0.016321285058385107,0.07123159579684717,208,208,/home/bruce/.cache/huggingface/lerobot/ethanCSL/svla_koch_pick_n_place_vla_steering_height_test4_fix_dataset/videos/observation.images.top/chunk-000/file-000.mp4,True,475.83807338068686,305.52829929298383,2489.75,0.8976293103448276,0.8275862068965517,4,,3,3,cell_x03_y03,474.0,312.5,low,4,region_04,495.8978845282013,308.02278047408987
18,96,106,11,0.004155903240073503,0.006879040614855364,-20.279720999977805,0.0301139697138904,-20.293041229248047,-20.19536018371582,-19.853479385375977,0.04656670200390365,-19.902318954467773,-19.755800247192383,38.94000833684748,0.35641799090448284,38.596492767333984,39.67611312866211,38.08001917058771,0.16056643900694817,37.76041793823242,38.41145706176758,-9.013629393144088,0.35225372199736626,-10.046367645263672,-8.732611656188965,-8.920574708418412,0.800788516465254,-10.970081329345703,-8.431550025939941,-71.01746507124467,0.6986771307075882,-72.5332260131836,-69.71405792236328,100.0,0.0,100.0,100.0,-20.457320646806195,0.059899220301215673,-20.537240982055664,-20.39072036743164,-20.048839569091797,0.0,-20.048839569091797,-20.048839569091797,28.930545286698774,16.879760640514085,3.0989272594451904,47.55661392211914,44.98673421686346,3.692753356110135,35.637481689453125,47.31182861328125,253,0.01622489205465684,0.0034556892441452436,0.07156968676545969,0.016273781179543215,0.06811399752131445,141,141,/home/bruce/.cache/huggingface/lerobot/ethanCSL/svla_koch_pick_n_place_vla_steering_height_test4_fix_dataset/videos/observation.images.top/chunk-000/file-000.mp4,True,503.70245373124214,315.86111564727344,2170.75,0.9398871527777777,1.0,4,,3,3,cell_x03_y03,474.0,312.5,low,4,region_04,495.8978845282013,308.02278047408987
19,93,103,11,0.0036154235961522703,0.004057315921991225,-17.806637850674715,0.04863807793580488,-17.851037979125977,-17.704517364501953,-17.55799674987793,0.0,-17.55799674987793,-17.55799674987793,45.33186097578569,0.3015153485762979,44.93927001953125,45.74898910522461,45.111268823797054,0.25054501949353625,44.79166793823242,45.57291793823242,-4.2784881591796875,0.3761067687553376,-4.79134464263916,-3.709428071975708,-3.365476976741444,0.034751278589059034,-3.475370168685913,-3.354487657546997,-67.50265364213423,0.3318643954219995,-68.02255249023438,-67.13652801513672,100.0,0.0,100.0,100.0,-17.66455719687722,0.08016627133513528,-17.75335693359375,-17.55799674987793,-17.304917075417258,0.018837158451839173,-17.313796997070312,-17.264957427978516,14.963701118122447,14.368178297525953,2.9797377586364746,43.02741241455078,37.87878834117543,9.670923985602322,20.89093780517578,47.77265930175781,252,0.016177622883603596,0.003413046585674623,0.07236130891588725,0.016459099657054804,0.06894826233021263,138,138,/home/bruce/.cache/huggingface/lerobot/ethanCSL/svla_koch_pick_n_place_vla_steering_height_test4_fix_dataset/videos/observation.images.top/chunk-000/file-000.mp4,True,475.8328618685737,320.77301612321463,1702.5,0.9333881578947368,1.263157894736842,4,,3,3,cell_x03_y03,474.0,312.5,low,4,region_04,495.8978845282013,308.02278047408987
20,150,160,11,0.04519435396207323,0.07505703675665323,-16.754356557672676,0.1968679694774785,-16.97191619873047,-16.33699607849121,-16.820957357233222,0.014040937257928274,-16.825397491455078,-16.77655601501465,34.53563950278542,1.4333604445237722,31.713899612426758,36.30229568481445,29.34422354264693,2.1447740227849494,25.390625,31.90104103088379,-53.75860665061257,6.758757451048153,-64.37403106689453,-43.19938278198242,-35.77845590764826,6.183527549772871,-46.146873474121094,-27.530975341796875,-82.40398337624289,2.5398061760713393,-85.50141143798828,-77.92992401123047,100.0,0.0,100.0,100.0,-12.079032204367898,1.6016420529176305,-14.188034057617188,-9.40170955657959,-14.267954392866654,1.0181657600266947,-15.506715774536133,-12.332112312316895,3.716545581817627,0.04597074778259042,3.6948747634887695,3.8140642642974854,20.89093780517578,0.0,20.89093780517578,20.89093780517578,310,0.014741779134476982,-0.0020229476989480355,0.20145230014278537,0.016644488214644496,0.2034752478417334,195,195,/home/bruce/.cache/huggingface/lerobot/ethanCSL/svla_koch_pick_n_place_vla_steering_height_test4_fix_dataset/videos/observation.images.top/chunk-000/file-001.mp4,True,498.88189250471555,232.39999400690203,2492.75,0.8799554304480413,0.8448275862068966,4,,3,2,cell_x03_y02,474.0,257.5,high,3,region_03,492.3529097452807,227.85319996428876
21,141,151,11,0.08232121118229774,0.11166668295398169,-12.953713243657893,0.3812202989950081,-13.601953506469727,-12.380952835083008,-13.4909536188299,0.5160729577621466,-14.432234764099121,-12.771673202514648,33.29652820933949,1.1481318390261113,32.523616790771484,36.16734313964844,28.787879423661664,0.34429544441877336,28.64583396911621,29.81770896911621,-68.16074197942561,4.740652482314423,-73.80216217041016,-58.96445083618164,-50.61952278830788,7.35159139261832,-60.4109992980957,-37.866424560546875,-91.51319815895774,1.1894084243620802,-92.26741790771484,-88.64276885986328,100.0,0.0,100.0,100.0,-8.842268596995961,1.303940841263056,-10.915750503540039,-7.008546829223633,-11.11111103404652,1.2230419175097804,-13.015872955322266,-9.10866928100586,3.6948747634887695,0.0,3.6948747634887695,3.6948747634887695,20.897919914939187,0.022079369725660866,20.89093780517578,20.967741012573242,305,0.016353707969675932,-0.0037357181466753306,0.2123663352825157,0.01656436432319172,0.21610205342919103,186,186,/home/bruce/.cache/huggingface/lerobot/ethanCSL/svla_koch_pick_n_place_vla_steering_height_test4_fix_dataset/videos/observation.images.top/chunk-000/file-001.mp4,True,493.5802414869474,230.45727982787298,2458.5,0.8659766360640301,0.8067796610169492,4,,3,2,cell_x03_y02,474.0,257.5,high,3,region_03,492.3529097452807,227.85319996428876
22,146,156,11,0.05420953125321561,0.08427064614676968,-11.279831106012518,0.1734445116794976,-11.69719123840332,-11.159951210021973,-11.701631546020508,0.44101580439053195,-12.673993110656738,-11.30647087097168,31.75070519880815,0.28824313158159665,31.578947067260742,32.523616790771484,27.7107008153742,0.0748643451648659,27.47395896911621,27.734375,-59.56863854148171,7.1781213490515015,-69.93817901611328,-48.145286560058594,-40.619247089732774,7.426039552614883,-52.251434326171875,-29.16288948059082,-86.9585918079723,3.3063756728406095,-91.22029876708984,-81.23238372802734,100.0,0.0,100.0,100.0,-8.984348904002797,0.573878056812974,-10.231989860534668,-8.473748207092285,-10.862470800226385,1.2152966079684364,-13.113553047180176,-9.40170955657959,3.684039354324341,0.034264572339456636,3.5756852626800537,3.6948747634887695,20.89093780517578,0.0,20.89093780517578,20.89093780517578,306,0.016467431407045874,-0.0028914064192163205,0.18216745082294383,0.017237669475725817,0.18505885724216015,191,191,/home/bruce/.cache/huggingface/lerobot/ethanCSL/svla_koch_pick_n_place_vla_steering_height_test4_fix_dataset/videos/observation.images.top/chunk-000/file-001.mp4,True,477.40145419312086,220.58998423284137,2449.5,0.8849676724137931,0.8275862068965517,4,,3,1,cell_x03_y01,474.0,202.5,high,3,region_03,492.3529097452807,227.85319996428876
23,141,151,11,0.06827124957223595,0.09261918958135582,-17.185037092729047,0.31602107536977836,-17.655677795410156,-16.630037307739258,-17.509157527576793,0.18972908767256205,-17.704517364501953,-17.118436813354492,30.86737858165394,0.7765053937838552,29.68960952758789,32.38866424560547,26.06534090909091,0.8250398611892794,24.47916603088379,27.47395896911621,-63.6504152471369,4.789222134388224,-71.09737396240234,-55.873260498046875,-47.306244590065695,5.133191668829979,-55.33393859863281,-38.65216064453125,-90.75897979736328,0.7794965825519926,-91.54248809814453,-89.12606048583984,100.0,0.0,100.0,100.0,-12.33211239901456,1.122258980008119,-13.94383430480957,-10.231989860534668,-14.281274448741566,0.9218541695420015,-15.75091552734375,-12.771673202514648,3.52150821685791,0.05934798019155808,3.456495761871338,3.5756852626800537,20.897919914939187,0.02207936972566087,20.89093780517578,20.967741012573242,296,0.01713138140105469,8.545955630806512e-05,0.1986760598900666,0.016766531159267142,0.19859060033375853,186,186,/home/bruce/.cache/huggingface/lerobot/ethanCSL/svla_koch_pick_n_place_vla_steering_height_test4_fix_dataset/videos/observation.images.top/chunk-000/file-001.mp4,True,509.8234094228592,238.14624729116875,2475.5,0.8891882183908046,0.8275862068965517,4,,4,2,cell_x04_y02,538.0,257.5,high,3,region_03,492.3529097452807,227.85319996428876
24,144,154,11,0.06288035231886553,0.08800806140286536,-15.431235573508523,0.39861262708847844,-15.897436141967773,-14.676434516906738,-15.928515954451127,0.23678179510297226,-16.239316940307617,-15.45787525177002,27.002821835604582,0.6746519738730241,26.450742721557617,28.205127716064453,22.928503730080344,0.1515887724594065,22.78645896911621,23.30729103088379,-64.68315401944247,5.328891598716767,-72.10201263427734,-55.48686218261719,-47.33371803977273,6.4243838965388385,-56.482322692871094,-36.294952392578125,-92.17954947731711,1.6296835627344486,-93.39508819580078,-88.40113067626953,100.0,0.0,100.0,100.0,-10.889110738580877,1.0895847504665679,-12.136752128601074,-8.864468574523926,-12.63403268293901,0.6414846335086226,-13.65079402923584,-11.452991485595703,3.8140642642974854,0.0,3.8140642642974854,3.8140642642974854,20.967741012573242,0.0,20.967741012573242,20.967741012573242,307,0.01657244024278999,-0.002097983977393622,0.1998690066990136,0.016864016458324263,0.20196699067640722,189,189,/home/bruce/.cache/huggingface/lerobot/ethanCSL/svla_koch_pick_n_place_vla_steering_height_test4_fix_dataset/videos/observation.images.top/chunk-000/file-001.mp4,True,499.9680542229784,219.52333818102588,2424.25,0.8939193687343359,0.8406954887218046,4,,3,1,cell_x03_y01,474.0,202.5,high,3,region_03,492.3529097452807,227.85319996428876
25,136,146,11,0.05050718762333959,0.07634068591919882,-13.690753763372248,0.09727576410661179,-13.84615421295166,-13.601953506469727,-13.45543384552002,0.0,-13.45543384552002,-13.45543384552002,32.78125416148793,0.8167496869040362,31.983806610107422,34.817813873291016,27.94744300842285,1.0683619285156645,25.26041603088379,28.90625,-56.11915102871981,5.271405945097574,-62.98299789428711,-46.8315315246582,-39.03129213506525,6.212554330328645,-48.624961853027344,-30.069507598876953,-87.53707053444602,2.6993799570055317,-89.93153381347656,-82.03785705566406,100.0,0.0,100.0,100.0,-7.918747771870006,0.8875346141148857,-9.59706974029541,-7.008546829223633,-9.743589748035777,1.0387711670212045,-10.964591026306152,-8.131868362426758,3.749051809310913,0.05934798019155808,3.6948747634887695,3.8140642642974854,20.89093780517578,0.0,20.89093780517578,20.89093780517578,303,0.016758500021174447,-0.0008030819126505773,0.19369988030859903,0.01705881497977879,0.1945029622212496,181,181,/home/bruce/.cache/huggingface/lerobot/ethanCSL/svla_koch_pick_n_place_vla_steering_height_test4_fix_dataset/videos/observation.images.top/chunk-000/file-001.mp4,True,463.03300668724285,211.93798321155185,2415.0,0.9061094452773613,0.7844827586206897,4,,3,1,cell_x03_y01,474.0,202.5,high,3,region_03,492.3529097452807,227.85319996428876
26,153,163,11,0.077458133833963,0.09646441914041667,-14.769674647938121,0.18209425245524558,-14.969474792480469,-14.481074333190918,-15.11155518618497,0.222798095328293,-15.506715774536133,-14.774114608764648,34.06944032148881,0.2532180185509051,33.468284606933594,34.27800369262695,29.7111741846258,0.6374485232582426,28.125,30.078125,-63.77687246149237,4.13797410581752,-70.32457733154297,-57.187015533447266,-48.38869233564897,4.458330433950591,-55.03173065185547,-40.888484954833984,-88.25467959317294,0.29509068005108946,-88.40113067626953,-87.43455505371094,100.0,0.0,100.0,100.0,-8.229548107494008,0.8500260598191555,-9.548229217529297,-6.862026691436768,-10.12542993372137,0.9492892129410094,-11.843711853027344,-8.766788482666016,3.6948747634887695,0.0,3.6948747634887695,3.6948747634887695,20.960758902809836,0.02207936972566087,20.89093780517578,20.967741012573242,320,0.01696120934164755,-0.0011448060974058316,0.19198608700650238,0.016848327880311112,0.1931308931039082,198,198,/home/bruce/.cache/huggingface/lerobot/ethanCSL/svla_koch_pick_n_place_vla_steering_height_test4_fix_dataset/videos/observation.images.top/chunk-000/file-001.mp4,True,513.0767951971842,216.0597770651699,2496.0,0.8861643795449214,0.8362068965517242,4,,4,1,cell_x04_y01,538.0,202.5,high,3,region_03,492.3529097452807,227.85319996428876
27,164,174,11,0.08899595834569447,0.10313578857305927,-16.2393159866333,0.5615155834960798,-17.118436813354492,-15.36019515991211,-16.923076889731668,0.5553021923709243,-17.75335693359375,-15.995116233825684,43.51613304831765,1.7237911548710605,41.43050003051758,46.828609466552734,39.050662994384766,1.1505779123713873,37.63020706176758,41.40625,-60.01124017888849,2.024177756865501,-62.67387771606445,-56.41421890258789,-46.64139106056907,2.3004963284772972,-50.196434020996094,-42.580841064453125,-85.35495966131037,0.0896814738722603,-85.42086029052734,-85.09867095947266,100.0,0.0,100.0,100.0,-7.892107790166682,1.0919884092118857,-9.450549125671387,-5.836385726928711,-10.143190037120473,1.0435237682227623,-11.89255142211914,-8.571428298950195,3.6948747634887695,0.0,3.6948747634887695,3.6948747634887695,20.89093780517578,0.0,20.89093780517578,20.89093780517578,326,0.016839954721237935,-0.00032262480351027967,0.19437548459753262,0.01686414288775924,0.1946981094010429,209,209,/home/bruce/.cache/huggingface/lerobot/ethanCSL/svla_koch_pick_n_place_vla_steering_height_test4_fix_dataset/videos/observation.images.top/chunk-000/file-001.mp4,True,518.3455800349368,244.87537081198704,2505.5,0.8411424949290061,0.8477011494252873,4,,4,2,cell_x04_y02,538.0,257.5,high,3,region_03,492.3529097452807,227.85319996428876
28,147,157,11,0.05318070510388437,0.07730653056583295,-14.747474930503152,0.03201721723036091,-14.822955131530762,-14.725275039672852,-14.578754425048828,0.0,-14.578754425048828,-14.578754425048828,24.02159309387207,0.0,24.02159309387207,24.02159309387207,20.324337352405895,0.19593970596225135,19.79166603088379,20.44270896911621,-62.51229476928711,5.570135913972688,-70.63369750976562,-53.091190338134766,-45.394103657115586,5.952399624926292,-54.608642578125,-35.811424255371094,-88.82583340731534,2.221633511658558,-91.1397476196289,-84.53483581542969,100.0,0.0,100.0,100.0,-9.24186914617365,0.49197979002345105,-9.79242992401123,-8.083027839660645,-10.609390605579723,0.5650156073231507,-11.746031761169434,-9.98779010772705,3.640697717666626,0.05934798019155808,3.5756852626800537,3.6948747634887695,20.960758902809836,0.02207936972566087,20.89093780517578,20.967741012573242,312,0.016766771822687057,0.0004741392606904815,0.19341896452563045,0.017033331974943375,0.19294482526493997,192,192,/home/bruce/.cache/huggingface/lerobot/ethanCSL/svla_koch_pick_n_place_vla_steering_height_test4_fix_dataset/videos/observation.images.top/chunk-000/file-001.mp4,True,475.4843732804544,230.26200380885166,2423.5,0.8609858814215341,0.8362068965517242,4,,3,2,cell_x03_y02,474.0,257.5,high,3,region_03,492.3529097452807,227.85319996428876
29,139,149,11,0.047600739657082454,0.0706357417534102,-14.17027421431108,0.2819314907002491,-14.481074333190918,-13.699633598327637,-14.37451440637762,0.06525455659852335,-14.432234764099121,-14.188034057617188,38.4983437278054,2.667644596547602,33.33333206176758,41.29554748535156,32.33901509371671,3.9393611789333702,25.390625,37.63020706176758,-49.51524526422674,3.8393326913164145,-55.71870040893555,-43.43122100830078,-34.95425692471591,3.6344154452681607,-40.82804489135742,-29.404653549194336,-82.60169081254439,1.3569798697810083,-83.97100067138672,-79.70197296142578,100.0,0.0,100.0,100.0,-9.557109485973012,0.8973863378487313,-11.257631301879883,-8.229548454284668,-11.29315116188743,0.8581737892516412,-12.429792404174805,-9.938949584960938,3.60819149017334,0.053082447214253946,3.5756852626800537,3.6948747634887695,20.89093780517578,0.0,20.89093780517578,20.89093780517578,309,0.016741210721853958,-0.0036455085089465086,0.18033941628223446,0.016863879092384362,0.18398492479118098,184,184,/home/bruce/.cache/huggingface/lerobot/ethanCSL/svla_koch_pick_n_place_vla_steering_height_test4_fix_dataset/videos/observation.images.top/chunk-000/file-001.mp4,True,474.33714551810357,212.24620303096685,2426.25,0.8974548629940349,0.8017241379310345,4,,3,1,cell_x03_y01,474.0,202.5,high,3,region_03,492.3529097452807,227.85319996428876
30,148,158,11,0.0017753518760431012,0.004850415332789099,-15.94627605785023,0.08835525504755451,-16.092796325683594,-15.84859561920166,-15.63991555300626,0.021751277005873964,-15.65323543548584,-15.604395866394043,20.23064596002752,2.376405284817056,17.813764572143555,24.561403274536133,16.63115544752641,1.019367776574935,15.885416984558105,19.01041603088379,-28.28438984264027,2.7671998211455993,-33.15301513671875,-25.270479202270508,-24.173740907148883,0.04726676342192707,-24.206708908081055,-24.085826873779297,-74.89107860218395,0.7672935512299378,-76.88280487060547,-74.2247314453125,100.0,0.0,100.0,100.0,-13.606393727389248,0.08946352343698477,-13.699633598327637,-13.45543384552002,-13.166833530772816,0.01404038893374903,-13.211233139038086,-13.162393569946289,3.5431790351867676,0.053082447214253946,3.456495761871338,3.5756852626800537,20.897919914939187,0.02207936972566087,20.89093780517578,20.967741012573242,290,0.016758420718350833,0.0004707212760206858,0.0801806904519097,0.016685784949464766,0.07970996917588902,193,193,/home/bruce/.cache/huggingface/lerobot/ethanCSL/svla_koch_pick_n_place_vla_steering_height_test4_fix_dataset/videos/observation.images.top/chunk-000/file-001.mp4,True,489.1722080768613,239.83985650952647,2429.25,0.8695222701149425,0.8275862068965517,4,,3,2,cell_x03_y02,474.0,257.5,low,3,region_03,492.3529097452807,227.85319996428876
31,179,189,11,0.059353140568922824,0.060295237392681916,9.841269753196023,0.9156103103601262,8.034188270568848,10.964591026306152,8.70462855425748,1.320914292635334,6.275946140289307,10.427350044250488,23.248681155118074,2.8320158406757385,19.028339385986328,27.800270080566406,24.13589026711204,3.069901662007582,19.27083396911621,29.16666603088379,-57.79822956431996,1.2789761210940456,-59.35084915161133,-55.48686218261719,-45.64136401089755,1.9607692972811024,-48.745845794677734,-42.580841064453125,-100.0,0.0,-100.0,-100.0,100.0,0.0,100.0,100.0,18.166277972134676,0.9728775422532285,16.239316940307617,19.316238403320312,15.417915517633611,1.591046325900223,12.478632926940918,17.460317611694336,3.792393445968628,0.06852914467891327,3.6948747634887695,3.933253765106201,20.89093780517578,0.0,20.89093780517578,20.89093780517578,265,0.016353757386470907,-0.00039404853202956724,0.07530371872088445,0.016588538920378967,0.07569776725291402,224,224,/home/bruce/.cache/huggingface/lerobot/ethanCSL/svla_koch_pick_n_place_vla_steering_height_test4_fix_dataset/videos/observation.images.top/chunk-000/file-001.mp4,True,512.9033600443524,247.2512118334997,2486.5,0.8649062310949789,0.8608590441621294,4,,4,2,cell_x04_y02,538.0,257.5,low,3,region_03,492.3529097452807,227.85319996428876
32,118,128,11,-2.5324898376673105e-05,7.902481162688768e-05,-17.953157251531426,0.014040937257928272,-17.99755859375,-17.94871711730957,-17.45143769004128,0.04069291314039724,-17.509157180786133,-17.41147804260254,8.587903369556773,0.1321351437633086,8.367071151733398,8.771929740905762,6.56960222937844,0.08535870298362881,6.380208492279053,6.640625,-32.68933590975675,0.1436354671628492,-32.99845504760742,-32.53477478027344,-31.399213790893555,0.0,-31.399213790893555,-31.399213790893555,-77.58576479825106,0.07749500915183734,-77.76882934570312,-77.52718353271484,100.0,0.0,100.0,100.0,-16.403596357865766,0.07295683462305834,-16.53235626220703,-16.288156509399414,-15.995116233825684,0.0,-15.995116233825684,-15.995116233825684,5.255173856561834,3.6646761741785334,3.337306261062622,16.209774017333984,29.36740632490678,9.1995416922489,20.967741012573242,45.16128921508789,259,0.016491625920781253,-0.00030354176745180095,0.08478501656874865,0.01666143503020069,0.08508855833620045,163,163,/home/bruce/.cache/huggingface/lerobot/ethanCSL/svla_koch_pick_n_place_vla_steering_height_test4_fix_dataset/videos/observation.images.top/chunk-000/file-001.mp4,True,514.378828853299,223.6417495812785,2506.0,0.849340395480226,0.8403954802259888,4,,4,1,cell_x04_y01,538.0,202.5,low,3,region_03,492.3529097452807,227.85319996428876
33,124,134,11,-0.001892051187889582,0.002357389494291942,-16.723276658491656,0.048637698045669905,-16.825397491455078,-16.678876876831055,-16.430236989801582,0.014040937257928274,-16.434677124023438,-16.385835647583008,7.99901853908192,3.0362822160211715,5.128205299377441,13.630228996276855,4.11931813846935,1.3071312576980108,3.2552082538604736,7.161458492279053,-35.27469392256303,2.090936731642286,-39.103553771972656,-32.99845504760742,-32.39374750310724,0.05968763624494414,-32.42671585083008,-32.245391845703125,-73.67553849653764,0.8089991773808696,-75.83568572998047,-73.09706115722656,100.0,0.0,100.0,100.0,-14.485514467412775,0.03870698940477219,-14.578754425048828,-14.432234764099121,-14.578754425048828,0.0,-14.578754425048828,-14.578754425048828,3.597356081008911,0.04597074778259042,3.5756852626800537,3.6948747634887695,20.960758902809836,0.02207936972566087,20.89093780517578,20.967741012573242,266,0.0165643580903876,-0.0035857268199814274,0.07086645093855459,0.01675838555452537,0.07445217775853602,169,169,/home/bruce/.cache/huggingface/lerobot/ethanCSL/svla_koch_pick_n_place_vla_steering_height_test4_fix_dataset/videos/observation.images.top/chunk-000/file-001.mp4,True,502.172244405052,212.31619843127413,2456.75,0.8824533045977012,0.8189655172413792,4,,3,1,cell_x03_y01,474.0,202.5,low,3,region_03,492.3529097452807,227.85319996428876
34,176,186,11,0.05720193855693124,0.05921976802152737,8.873348799618809,1.4235875088711922,6.422466278076172,10.818070411682129,7.443667281757701,1.5885414686003798,4.664224624633789,9.841269493103027,23.862103028730914,1.8349409916015873,20.512821197509766,26.3157901763916,23.61505699157715,1.0552978494555436,21.09375,24.73958396911621,-54.91077700528231,0.747342270660374,-56.41421890258789,-53.78670883178711,-45.12486440485174,0.01737639324027598,-45.179813385009766,-45.11936950683594,-100.0,0.0,-100.0,-100.0,100.0,0.0,100.0,100.0,16.208236260847613,1.5793439992039906,13.45543384552002,18.38827896118164,12.953712896867232,1.9790869100045134,9.4993896484375,15.799756050109863,3.5756852626800537,0.0,3.5756852626800537,3.5756852626800537,20.904902024702594,0.02962258296415715,20.89093780517578,20.967741012573242,264,0.01666123217406036,-0.0003478571232610056,0.07444714962386813,0.016564401805552187,0.07479500674712913,221,221,/home/bruce/.cache/huggingface/lerobot/ethanCSL/svla_koch_pick_n_place_vla_steering_height_test4_fix_dataset/videos/observation.images.top/chunk-000/file-001.mp4,True,468.33540902603954,219.2646705323808,2385.75,0.8821213605823068,0.8157894736842105,4,,3,1,cell_x03_y01,474.0,202.5,low,3,region_03,492.3529097452807,227.85319996428876
35,178,188,11,0.06428933901330897,0.06912750296089037,8.291708122600209,1.848556741486554,5.05494499206543,10.818070411682129,6.444666342301802,2.1249491176698823,2.9059829711914062,9.645909309387207,26.855600703846324,2.280080922857574,22.941970825195312,30.229419708251953,27.355587179010566,1.9983359293929084,23.828125,30.078125,-56.175355044278234,1.144088358028612,-57.88253402709961,-54.48222732543945,-45.30069351196289,0.0,-45.30069351196289,-45.30069351196289,-100.0,0.0,-100.0,-100.0,100.0,0.0,100.0,100.0,11.47963133725253,1.7897019810943842,8.473748207092285,14.04151439666748,8.109667908061635,2.038382672781196,4.615384578704834,11.20879077911377,3.564849853515625,0.034264572339456636,3.456495761871338,3.5756852626800537,20.89093780517578,0.0,20.89093780517578,20.89093780517578,260,0.01646743434536639,0.00046296087728997515,0.0761171732175268,0.016954209858954863,0.07565421234023682,223,223,/home/bruce/.cache/huggingface/lerobot/ethanCSL/svla_koch_pick_n_place_vla_steering_height_test4_fix_dataset/videos/observation.images.top/chunk-000/file-001.mp4,True,462.88279950248875,225.14555362781545,2376.75,0.9045575896262394,0.8070175438596491,4,,3,1,cell_x03_y01,474.0,202.5,low,3,region_03,492.3529097452807,227.85319996428876
36,169,179,11,0.05562838259430463,0.05783079128634466,8.140748110684482,1.998357207751317,4.664224624633789,10.769230842590332,6.120546080849388,2.4003387895014785,2.026862144470215,9.548229217529297,26.56115826693448,2.2763151470219456,22.941970825195312,29.959514617919922,26.444128903475676,1.4116480417743082,23.4375,27.734375,-52.634537089954726,1.007849543475269,-54.71406555175781,-51.62287521362305,-42.55336657437411,0.030096795944454392,-42.580841064453125,-42.5203971862793,-100.0,0.0,-100.0,-100.0,100.0,0.0,100.0,100.0,13.6818735816262,2.0258879817784887,10.183150291442871,16.33699607849121,9.992229895158248,2.4146278925250786,5.934065818786621,13.55311393737793,3.8899121284484863,0.057335596005417086,3.8140642642974854,3.933253765106201,20.89093780517578,0.0,20.89093780517578,20.89093780517578,252,0.016759025902508592,0.0012673302262211222,0.07203140938095029,0.01666185976639671,0.07076407915472917,214,214,/home/bruce/.cache/huggingface/lerobot/ethanCSL/svla_koch_pick_n_place_vla_steering_height_test4_fix_dataset/videos/observation.images.top/chunk-000/file-001.mp4,True,471.03584669674365,243.72940444679622,2382.25,0.9105536517455558,0.8072660098522167,4,,3,2,cell_x03_y02,474.0,257.5,low,3,region_03,492.3529097452807,227.85319996428876
37,113,123,11,0.0012006819983272734,0.003571430929650482,-18.215118581598457,0.024318666991281133,-18.241758346557617,-18.19291877746582,-17.851037979125977,0.0,-17.851037979125977,-17.851037979125977,16.537848125804555,2.137948423078578,14.304993629455566,20.782726287841797,13.174715822393244,0.9069119670343578,12.239583015441895,14.973958015441895,-28.256287834861062,0.7537866370122239,-29.907264709472656,-27.279752731323242,-26.64633629538796,0.03885320257397292,-26.684799194335938,-26.56391716003418,-77.05854311856356,0.04631069255518097,-77.12444305419922,-76.96334838867188,100.0,0.0,100.0,100.0,-18.11299809542569,0.11830748724581783,-18.290597915649414,-17.94871711730957,-17.851037979125977,0.0,-17.851037979125977,-17.851037979125977,4.930111494931308,3.5580423765317493,3.0989272594451904,15.733015060424805,29.185868003151633,8.909008330247842,20.89093780517578,44.086021423339844,257,0.016564578560820165,-3.7641007526206804e-05,0.08760733201736504,0.017354071769723492,0.08764497302489124,158,158,/home/bruce/.cache/huggingface/lerobot/ethanCSL/svla_koch_pick_n_place_vla_steering_height_test4_fix_dataset/videos/observation.images.top/chunk-000/file-001.mp4,True,513.2406504403912,239.2635297865367,2526.25,0.8145833333333333,0.8666666666666667,4,,4,2,cell_x04_y02,538.0,257.5,low,3,region_03,492.3529097452807,227.85319996428876
38,117,127,11,0.0011234014229472087,0.001312922278161932,-17.611278013749555,0.02511657909945235,-17.655677795410156,-17.55799674987793,-17.21611785888672,0.0,-17.21611785888672,-17.21611785888672,11.213347955183549,0.3015138352018186,10.796221733093262,11.875843048095703,8.59375,0.07851838762137565,8.463541984558105,8.723958015441895,-33.953913601962,2.279490267968868,-38.48531723022461,-31.530139923095703,-30.371713638305664,0.0,-30.371713638305664,-30.371713638305664,-77.27821904962713,0.35102338559573726,-78.17156982421875,-77.04389953613281,100.0,0.0,100.0,100.0,-16.199356252496894,0.11561050876792256,-16.385835647583008,-16.092796325683594,-16.203795866532758,0.02175212646603978,-16.239316940307617,-16.190475463867188,3.5106728076934814,0.05934798019155808,3.456495761871338,3.5756852626800537,21.05851208079945,0.554639569055349,20.814132690429688,22.811059951782227,256,0.017329415011303848,0.0009338326303342942,0.07301209763523883,0.01695407653280062,0.07207826500490454,162,162,/home/bruce/.cache/huggingface/lerobot/ethanCSL/svla_koch_pick_n_place_vla_steering_height_test4_fix_dataset/videos/observation.images.top/chunk-000/file-001.mp4,True,505.6090945397055,224.341146497683,2468.75,0.8845186781609196,0.8275862068965517,4,,3,1,cell_x03_y01,474.0,202.5,low,3,region_03,492.3529097452807,227.85319996428876
39,182,192,11,0.06369644673729019,0.06384692190072358,7.523587443611839,2.2704882042856935,3.443223476409912,10.671550750732422,5.245865187861702,2.6620334808194173,0.8547008633613586,9.20634937286377,31.75070554559881,1.2248786329597927,29.01484489440918,32.793521881103516,29.2732008153742,0.0748643451648659,29.03645896911621,29.296875,-50.47772945057262,0.19721346478725651,-50.85007858276367,-50.23183822631836,-43.78966522216797,0.0,-43.78966522216797,-43.78966522216797,-100.0,0.0,-100.0,-100.0,100.0,0.0,100.0,100.0,11.81263169375333,2.4234861044230542,7.399267196655273,15.164834976196289,7.652347477999601,2.8821134361258474,2.857142925262451,11.89255142211914,3.6948747634887695,0.0,3.6948747634887695,3.6948747634887695,20.89093780517578,0.0,20.89093780517578,20.89093780517578,268,0.016856444849085217,-0.002947374286993959,0.06974462673005738,0.016564351861705004,0.07269200101705134,227,227,/home/bruce/.cache/huggingface/lerobot/ethanCSL/svla_koch_pick_n_place_vla_steering_height_test4_fix_dataset/videos/observation.images.top/chunk-000/file-001.mp4,True,483.3958007721352,225.7724965706447,2430.0,0.8960878759398496,0.849624060150376,4,,3,1,cell_x03_y01,474.0,202.5,low,3,region_03,492.3529097452807,227.85319996428876
40,113,123,11,0.0378977018758059,0.06498208088058362,-4.624264587055553,0.31844457779206975,-5.15262508392334,-4.078144073486328,-3.9360639398748223,0.44346729697041876,-4.517704486846924,-3.1501832008361816,32.315053246238016,1.898398980007747,30.63427734375,36.43724822998047,27.485795281150125,0.7375199794536381,26.82291603088379,29.16666603088379,-51.43318765813654,5.6533301703150265,-59.35084915161133,-41.49922561645508,-33.97071352871981,6.902066835318457,-44.273193359375,-23.179208755493164,-86.16775998202237,1.942001267991474,-87.83729553222656,-81.87676239013672,100.0,0.0,100.0,100.0,-1.6006216244264082,0.07241427664858587,-1.6849817037582397,-1.4896215200424194,-0.9568209905516017,0.3335031718757376,-1.245421290397644,-0.21978022158145905,3.60819149017334,0.053082447214253946,3.5756852626800537,3.6948747634887695,20.932830463756215,0.03824259016394273,20.89093780517578,20.967741012573242,270,0.016362344557777672,2.9661793186711027e-05,0.19154551594659164,0.01666166448085811,0.19151585415340494,158,158,/home/bruce/.cache/huggingface/lerobot/ethanCSL/svla_koch_pick_n_place_vla_steering_height_test4_fix_dataset/videos/observation.images.top/chunk-000/file-002.mp4,True,336.6080091298494,232.07305092209975,2174.25,0.9017857142857142,0.7241379310344828,4,,1,2,cell_x01_y02,346.0,257.5,high,0,region_00,344.78232640576476,226.26314872820257
41,135,145,11,0.0696725434735212,0.09251853533779753,-6.360306219621138,0.13984251134970574,-6.471306324005127,-6.031745910644531,-5.827505718577992,0.22412127804546303,-6.031745910644531,-5.34798526763916,35.87289879538796,2.4942662124191406,32.523616790771484,39.94601821899414,30.20833362232555,2.305961809104917,27.99479103088379,34.63541793823242,-59.64591806585138,2.819063826733741,-63.60123825073242,-54.1731071472168,-45.22376944802024,4.231363597669025,-50.800846099853516,-37.322452545166016,-92.7653482610529,0.2588899332432412,-92.91179656982422,-92.02577209472656,100.0,0.0,100.0,100.0,-1.8670218749479814,0.021751489370915415,-1.88034188747406,-1.831501841545105,-2.2799423824657095,0.018837342365359947,-2.3199024200439453,-2.2710623741149902,3.5756852626800537,0.0,3.5756852626800537,3.5756852626800537,20.89093780517578,0.0,20.89093780517578,20.89093780517578,292,0.01666169487404194,-0.0012516159588759346,0.18687635213408868,0.01695375221223905,0.18812796809296461,180,180,/home/bruce/.cache/huggingface/lerobot/ethanCSL/svla_koch_pick_n_place_vla_steering_height_test4_fix_dataset/videos/observation.images.top/chunk-000/file-002.mp4,True,350.5290388232738,237.9881826188972,2151.25,0.8912151067323482,0.7327586206896552,4,,1,2,cell_x01_y02,346.0,257.5,high,0,region_00,344.78232640576476,226.26314872820257
42,157,167,11,0.08324335043946048,0.10060433501629767,-6.520146369934082,0.0,-6.520146369934082,-6.520146369934082,-6.080585956573486,0.0,-6.080585956573486,-6.080585956573486,38.09348574551669,1.3484113681758427,36.30229568481445,39.94601821899414,33.3333327553489,1.4187770002395903,32.16145706176758,35.9375,-62.048615889115766,2.3872623984082044,-65.76506805419922,-57.88253402709961,-48.26231488314542,2.7255264635570606,-52.795406341552734,-43.97098922729492,-84.16871018843217,0.052804150643959276,-84.212646484375,-84.05155181884766,100.0,0.0,100.0,100.0,-2.5419025963002984,0.7613021743104851,-3.394383430480957,-1.196581244468689,-3.7806637937372383,0.2208427905298658,-3.931623935699463,-3.1990232467651367,3.6298623085021973,0.05934798019155808,3.5756852626800537,3.6948747634887695,20.89093780517578,0.0,20.89093780517578,20.89093780517578,311,0.016937132851490733,-0.0007804617467956215,0.17691659120336078,0.017050141474141606,0.17769705295015642,202,202,/home/bruce/.cache/huggingface/lerobot/ethanCSL/svla_koch_pick_n_place_vla_steering_height_test4_fix_dataset/videos/observation.images.top/chunk-000/file-002.mp4,True,369.1780425388931,222.3325456534194,2219.75,0.8905372894947875,0.7413793103448276,4,,1,1,cell_x01_y01,346.0,202.5,high,0,region_00,344.78232640576476,226.26314872820257
43,135,145,11,0.07617495684199053,0.09687392129567313,-6.209346077658913,0.2603372510253745,-6.617826461791992,-5.836385726928711,-5.6632255640896885,0.17344454496992073,-5.885225772857666,-5.494505405426025,34.94049800526012,2.0542938917842646,32.11875915527344,37.786773681640625,29.64015111056241,1.9513664497655876,27.99479103088379,33.33333206176758,-62.406913410533555,3.084748905025406,-67.61978149414062,-57.49613571166992,-48.06450791792436,3.4771581252862274,-53.15805435180664,-41.553340911865234,-92.2820649580522,0.1528999643674398,-92.42851257324219,-91.86467742919922,100.0,0.0,100.0,100.0,-2.2222223065116187,0.3130754382131864,-2.4175825119018555,-1.4407814741134644,-2.5552226413380015,0.018837342365359947,-2.5641026496887207,-2.5152626037597656,3.6948747634887695,0.0,3.6948747634887695,3.6948747634887695,20.89093780517578,0.0,20.89093780517578,20.89093780517578,305,0.016855264458861083,0.00031515597921201455,0.1902767873296372,0.01645373915112762,0.1899616313504252,180,180,/home/bruce/.cache/huggingface/lerobot/ethanCSL/svla_koch_pick_n_place_vla_steering_height_test4_fix_dataset/videos/observation.images.top/chunk-000/file-002.mp4,True,361.48265415266377,250.26964440614506,2195.5,0.8603056426332288,0.7586206896551724,4,,1,2,cell_x01_y02,346.0,257.5,high,0,region_00,344.78232640576476,226.26314872820257
44,145,155,11,0.08779279092731763,0.10791193278563599,-8.202908169139516,0.024319141853949868,-8.229548454284668,-8.180707931518555,-7.789987564086914,0.0,-7.789987564086914,-7.789987564086914,38.31431752985174,3.9250166339298063,33.19837951660156,44.5344123840332,31.782670107754793,3.2942519161787756,27.34375,38.02083206176758,-63.566109743985265,1.3595984724924728,-65.3013916015625,-60.58732604980469,-50.89425555142489,2.411371648003546,-54.00423049926758,-46.99304962158203,-87.01717099276456,0.26340774565218766,-87.2734603881836,-86.54853057861328,100.0,0.0,100.0,100.0,-3.3810634179548784,0.22244376607088306,-3.5409035682678223,-2.857142925262451,-3.6075036308982154,0.023494293736179585,-3.6385836601257324,-3.5897436141967773,3.60819149017334,0.053082447214253946,3.5756852626800537,3.6948747634887695,20.89093780517578,0.0,20.89093780517578,20.89093780517578,310,0.016625924123575553,5.923062423249248e-05,0.1899863747075273,0.01694408272919433,0.1899271440832948,190,190,/home/bruce/.cache/huggingface/lerobot/ethanCSL/svla_koch_pick_n_place_vla_steering_height_test4_fix_dataset/videos/observation.images.top/chunk-000/file-002.mp4,True,376.2552936810755,220.72581187117993,2233.75,0.9169745484400657,0.7241379310344828,4,,1,1,cell_x01_y01,346.0,202.5,high,0,region_00,344.78232640576476,226.26314872820257
45,147,157,11,0.08775640002168272,0.1072778542389298,-5.769785664298317,0.03139557060893325,-5.787545680999756,-5.689865589141846,-5.5078254179521045,0.021751489370915415,-5.5433454513549805,-5.494505405426025,45.736719998446375,0.550304896653706,44.39945983886719,46.28879928588867,41.74952697753906,1.2318570710579708,39.32291793823242,42.83854293823242,-59.266545382413,4.137890365199261,-65.99691009521484,-53.245750427246094,-44.53693771362305,3.808561813832897,-50.800846099853516,-38.65216064453125,-90.94936440207742,0.03874511245853616,-90.97865295410156,-90.89810943603516,100.0,0.0,100.0,100.0,-4.664224624633789,0.07214152887473005,-4.810744762420654,-4.566544532775879,-4.317904298955744,0.01404052601479384,-4.3223443031311035,-4.273504257202148,3.5756852626800537,0.0,3.5756852626800537,3.5756852626800537,20.89093780517578,0.0,20.89093780517578,20.89093780517578,315,0.01684675717976046,0.0005311420336368694,0.2031012528224713,0.016758615012063077,0.2025701107888344,192,192,/home/bruce/.cache/huggingface/lerobot/ethanCSL/svla_koch_pick_n_place_vla_steering_height_test4_fix_dataset/videos/observation.images.top/chunk-000/file-002.mp4,True,311.62507912896467,246.3335536773784,2210.5,0.8661833855799372,0.7521917007597896,4,,0,2,cell_x00_y02,282.0,257.5,high,0,region_00,344.78232640576476,226.26314872820257
46,146,156,11,0.07496891561036595,0.09569412705236363,-4.2024641903963955,0.10279352836333959,-4.273504257202148,-3.980463981628418,-3.6607836810025303,0.1463181802301079,-3.7851037979125977,-3.345543384552002,34.74420374090021,1.901013915377144,30.904184341430664,36.43724822998047,29.34422354264693,2.7161483623378335,24.73958396911621,32.8125,-61.97836199673739,3.517561410171886,-67.85162353515625,-56.64605712890625,-47.828237013383344,3.180423573121608,-53.09761428833008,-42.580841064453125,-92.055063421076,0.03874878254591501,-92.1063232421875,-92.02577209472656,100.0,0.0,100.0,100.0,-1.1477411985397339,0.08586559419742366,-1.245421290397644,-1.0012210607528687,-0.8591408675367181,0.025116456487146596,-0.9035409092903137,-0.8058608174324036,3.6948747634887695,0.0,3.6948747634887695,3.6948747634887695,20.89093780517578,0.0,20.89093780517578,20.89093780517578,311,0.016847736364004495,-0.0010647415068768956,0.20236505672716537,0.016669499122755213,0.20342979823404228,191,191,/home/bruce/.cache/huggingface/lerobot/ethanCSL/svla_koch_pick_n_place_vla_steering_height_test4_fix_dataset/videos/observation.images.top/chunk-000/file-002.mp4,True,320.93889222819405,218.78085820113418,2144.5,0.8760302775441547,0.7034482758620689,4,,1,1,cell_x01_y01,346.0,202.5,high,0,region_00,344.78232640576476,226.26314872820257
47,153,163,11,0.09635361475827074,0.11726332531625366,-7.621267405423251,0.024318904422615504,-7.643467426300049,-7.594627380371094,-7.350427150726318,0.0,-7.350427150726318,-7.350427150726318,43.52840146151456,1.5878026808525758,41.43050003051758,45.883941650390625,38.920453851873226,1.334186666389799,37.63020706176758,41.796875,-63.650414206764914,2.9231541856015055,-67.5425033569336,-58.2689323425293,-49.37772993607955,3.4841491367388815,-54.850406646728516,-44.09186935424805,-83.40716830166903,0.06869099620400382,-83.48771667480469,-83.32662200927734,100.0,0.0,100.0,100.0,-4.100344094363126,0.17344454496992073,-4.224664211273193,-3.6385836601257324,-3.931623935699463,0.0,-3.931623935699463,-3.931623935699463,3.6948747634887695,0.0,3.6948747634887695,3.6948747634887695,20.89093780517578,0.0,20.89093780517578,20.89093780517578,307,0.01666952208757573,0.00025560008121983113,0.18889021899410952,0.01686430448636307,0.18863461891288968,198,198,/home/bruce/.cache/huggingface/lerobot/ethanCSL/svla_koch_pick_n_place_vla_steering_height_test4_fix_dataset/videos/observation.images.top/chunk-000/file-002.mp4,True,341.7198239953699,212.93878895857088,2196.25,0.9151041666666666,0.6666666666666666,4,,1,1,cell_x01_y01,346.0,202.5,high,0,region_00,344.78232640576476,226.26314872820257
48,161,171,11,0.09572638795875953,0.11481982520005651,-7.1328669461337,0.024318904422615504,-7.155066967010498,-7.106226921081543,-6.862026691436768,0.0,-6.862026691436768,-6.862026691436768,41.34462044455788,1.2372274428779768,39.13630294799805,43.31983947753906,36.896306471391156,1.8035983224110081,33.203125,39.0625,-64.11409308693625,2.5610176218794756,-67.92890167236328,-59.428131103515625,-50.366768923672765,4.429586572636229,-55.69658660888672,-42.09730911254883,-89.6093424016779,0.0594881477360576,-89.68988800048828,-89.52879333496094,100.0,0.0,100.0,100.0,-4.224664211273193,0.7786607874721051,-5.103785037994385,-2.9548230171203613,-5.561105468056419,0.3411009909538449,-5.787545680999756,-4.761904716491699,3.456495761871338,0.0,3.456495761871338,3.456495761871338,20.89093780517578,0.0,20.89093780517578,20.89093780517578,323,0.016669677922675222,0.0009669890210115689,0.18507954615679142,0.017238015668628467,0.18411255713577984,206,206,/home/bruce/.cache/huggingface/lerobot/ethanCSL/svla_koch_pick_n_place_vla_steering_height_test4_fix_dataset/videos/observation.images.top/chunk-000/file-002.mp4,True,379.5460736487813,232.82335219595052,2186.75,0.8973930215840524,0.7093804792518994,4,,2,2,cell_x02_y02,410.0,257.5,high,0,region_00,344.78232640576476,226.26314872820257
49,168,178,11,0.06428924624192461,0.08230103914497404,-1.9380619851025669,0.5401863691994323,-2.9548230171203613,-1.3919414281845093,-1.2232212532650342,0.31676872264416595,-1.9291819334030151,-0.8058608174324036,44.36265494606712,1.657918986680682,41.16059494018555,46.153846740722656,39.5833327553489,2.223614700589127,36.328125,42.70833206176758,-50.99058602072976,3.305389532714379,-56.72333908081055,-46.05873107910156,-37.174098621715196,3.0080014694819903,-42.09730911254883,-32.18495178222656,-84.4982251253995,0.04010500155072326,-84.53483581542969,-84.45429229736328,100.0,0.0,100.0,100.0,1.2409812862222844,0.19024783224456995,1.0989011526107788,1.7338217496871948,2.137862194668163,0.41915149824064546,1.4896215200424194,2.710622787475586,3.489001989364624,0.053082447214253946,3.456495761871338,3.5756852626800537,20.89093780517578,0.0,20.89093780517578,20.89093780517578,346,0.017042309296070646,-0.0024837661444647094,0.18011452415057194,0.015374563731956573,0.18259829029503666,213,213,/home/bruce/.cache/huggingface/lerobot/ethanCSL/svla_koch_pick_n_place_vla_steering_height_test4_fix_dataset/videos/observation.images.top/chunk-000/file-002.mp4,True,308.7307332421366,232.11571755091353,2133.0,0.875615763546798,0.7241379310344828,4,,0,2,cell_x00_y02,282.0,257.5,high,0,region_00,344.78232640576476,226.26314872820257
50,177,187,11,0.05430673443990191,0.05437159533515341,7.9498279311440205,1.7645318229022184,4.9572649002075195,10.183150291442871,6.289266282861883,1.861066461966912,3.394383430480957,9.20634937286377,26.340326482599433,0.8892711050288079,24.96626091003418,27.530364990234375,23.17708396911621,0.0,23.17708396911621,23.17708396911621,-55.44470943104137,0.5044633016444166,-56.105098724365234,-54.559505462646484,-44.21275329589844,0.0,-44.21275329589844,-44.21275329589844,-99.03342507102273,0.034345498123011436,-99.11397552490234,-98.952880859375,100.0,0.0,100.0,100.0,7.350427237423983,2.008659163621743,3.980463981628418,9.89011001586914,4.171384139494463,2.043067841967408,1.1477411985397339,7.496947288513184,3.684039354324341,0.034264572339456636,3.5756852626800537,3.6948747634887695,20.89093780517578,0.0,20.89093780517578,20.89093780517578,264,0.016538555862694593,-0.0011837106755731158,0.07504519291500186,0.016945970433232718,0.07622890359057498,222,222,/home/bruce/.cache/huggingface/lerobot/ethanCSL/svla_koch_pick_n_place_vla_steering_height_test4_fix_dataset/videos/observation.images.top/chunk-000/file-002.mp4,True,313.78036167221296,218.38451803921066,2144.75,0.9019133725820017,0.6982758620689655,4,,0,1,cell_x00_y01,282.0,202.5,low,0,region_00,344.78232640576476,226.26314872820257
51,181,191,11,0.05976773887616223,0.060098565735866145,8.16294813156128,1.8125662644808385,5.05494499206543,10.671550750732422,6.404706304723566,2.0174140493781523,3.1501832008361816,9.450549125671387,28.094712344082918,1.5746667062982058,25.37112045288086,29.824562072753906,26.029829372059215,0.28556694595106896,25.26041603088379,26.171875,-55.297176361083984,0.4363694070964477,-56.18238067626953,-54.791343688964844,-44.4215500571511,0.030094896493779447,-44.45451736450195,-44.39407730102539,-99.8974838256836,0.06038225188876345,-100.0,-99.83890533447266,100.0,0.0,100.0,100.0,8.544788490642201,1.9764853572819108,5.103785037994385,11.257631301879883,5.2014651190150865,2.218180955932147,1.7338217496871948,8.571428298950195,3.597356081008911,0.04597074778259042,3.5756852626800537,3.6948747634887695,20.89093780517578,0.0,20.89093780517578,20.89093780517578,264,0.016945970433232677,-0.0021770938069269746,0.07455515501334178,0.017097902544591842,0.07673224882026876,226,226,/home/bruce/.cache/huggingface/lerobot/ethanCSL/svla_koch_pick_n_place_vla_steering_height_test4_fix_dataset/videos/observation.images.top/chunk-000/file-002.mp4,True,339.6642876351238,218.38111393226473,2156.75,0.9122280377668308,0.6948275862068966,4,,1,1,cell_x01_y01,346.0,202.5,low,0,region_00,344.78232640576476,226.26314872820257
52,162,172,11,0.05688182320610655,0.057236383062503414,10.32967016913674,1.138564768577608,7.936507701873779,11.648351669311523,8.993228955702348,1.618940345290874,6.1782660484313965,11.11111068725586,29.100723960182883,1.0489330062340447,27.530364990234375,30.904184341430664,27.568655360828746,0.17636914546559262,27.21354103088379,27.734375,-53.1825197393244,0.029807232139015056,-53.245750427246094,-53.1684684753418,-42.27313856645064,0.01737529659191749,-42.27863311767578,-42.21819305419922,-98.12543418190695,0.04966258784853543,-98.22795104980469,-98.06685638427734,100.0,0.0,100.0,100.0,10.254190098155629,0.8447451680267247,8.473748207092285,11.257631301879883,7.843267700888894,1.4894874714529482,5.05494499206543,9.645909309387207,3.7057101726531982,0.034264572339456636,3.6948747634887695,3.8140642642974854,20.946794683283027,0.03420521249689631,20.89093780517578,20.967741012573242,250,0.01690280794199435,-0.0007590211475952541,0.06777202588891229,0.016962101030738766,0.06853104703650754,207,207,/home/bruce/.cache/huggingface/lerobot/ethanCSL/svla_koch_pick_n_place_vla_steering_height_test4_fix_dataset/videos/observation.images.top/chunk-000/file-002.mp4,True,335.41923284359154,216.3598595548134,2190.75,0.9057642309797482,0.6948275862068966,4,,1,1,cell_x01_y01,346.0,202.5,low,0,region_00,344.78232640576476,226.26314872820257
53,178,188,11,0.05720964657151675,0.0588969445453546,9.77022951299494,1.7374435267134456,6.471306324005127,11.89255142211914,7.874347773465243,2.435163290062863,3.7851037979125977,11.11111068725586,27.137774380770598,1.8337101729175103,24.426450729370117,30.094467163085938,26.526988809758965,1.063761800805202,24.47916603088379,27.47395896911621,-53.653224598277696,0.6777998133517364,-54.559505462646484,-52.62751007080078,-43.080852855335586,0.026917693734364374,-43.12480926513672,-43.064369201660156,-99.11397344415838,0.0594881477360576,-99.19451904296875,-99.0334243774414,100.0,0.0,100.0,100.0,8.620268474925648,1.8975188696312972,4.9572649002075195,10.769230842590332,4.886224845593626,2.806370769325371,0.21978022158145905,8.717948913574219,3.6623685359954834,0.053082447214253946,3.5756852626800537,3.6948747634887695,20.89093780517578,0.0,20.89093780517578,20.89093780517578,265,0.016864478458993706,0.0021854180823824287,0.07334158981805736,0.01666992303256286,0.07115617173567493,223,223,/home/bruce/.cache/huggingface/lerobot/ethanCSL/svla_koch_pick_n_place_vla_steering_height_test4_fix_dataset/videos/observation.images.top/chunk-000/file-002.mp4,True,366.4742967118633,217.8452610796711,2267.5,0.8821491919590067,0.7166666666666667,4,,1,1,cell_x01_y01,346.0,202.5,low,0,region_00,344.78232640576476,226.26314872820257
54,124,134,11,0.007275799856437501,0.01769378931378575,-5.920745806260542,0.051396764181669795,-5.982905864715576,-5.787545680999756,-5.716505614194003,0.038194360103470236,-5.738705635070801,-5.641025543212891,38.167096918279476,1.012871150086241,35.492576599121094,38.7314453125,34.44602272727273,1.665967383346197,31.11979103088379,35.80729293823242,-25.62877620350231,6.471669909638934,-36.476043701171875,-16.924264907836914,-13.558064807545055,2.2582436035404276,-18.766998291015625,-11.816258430480957,-76.41416098854758,8.070779881443434,-90.0926284790039,-65.84776306152344,100.0,0.0,100.0,100.0,-3.740703756159002,0.07917661643789069,-3.882783889770508,-3.6874237060546875,-3.7362637519836426,0.0,-3.7362637519836426,-3.7362637519836426,3.5756852626800537,0.0,3.5756852626800537,3.5756852626800537,20.89093780517578,0.0,20.89093780517578,20.89093780517578,247,0.016564524595915245,-0.00017964871119735548,0.06495968091320953,0.016370575377173402,0.06513932962440688,169,169,/home/bruce/.cache/huggingface/lerobot/ethanCSL/svla_koch_pick_n_place_vla_steering_height_test4_fix_dataset/videos/observation.images.top/chunk-000/file-002.mp4,True,361.277596127016,239.79010561415257,2186.0,0.8724939855653568,0.75,4,,1,2,cell_x01_y02,346.0,257.5,low,0,region_00,344.78232640576476,226.26314872820257
55,174,184,11,0.05495416259642543,0.05500903871467201,8.802308602766557,1.2583633776245875,6.8131866455078125,10.720390319824219,7.492507371035489,1.3803773038134792,5.006104946136475,9.450549125671387,28.31554343483665,0.1978222187122399,27.935222625732422,28.475032806396484,25.0,0.0,25.0,25.0,-53.26682628284801,0.03441672807818439,-53.323028564453125,-53.245750427246094,-43.24569320678711,0.0,-43.24569320678711,-43.24569320678711,-98.132756319913,0.06711198444016903,-98.22795104980469,-97.9863052368164,100.0,0.0,100.0,100.0,9.863469817421652,1.3653573733232274,7.789987564086914,12.039072036743164,7.115107102827593,1.5196625562595765,4.468864440917969,9.30402946472168,3.9874309193004263,0.05934809890722526,3.933253765106201,4.052443504333496,20.89093780517578,0.0,20.89093780517578,20.89093780517578,263,0.016273868054364468,-0.0007308874986260983,0.07334803303755151,0.01666955659465033,0.07407892053617761,219,219,/home/bruce/.cache/huggingface/lerobot/ethanCSL/svla_koch_pick_n_place_vla_steering_height_test4_fix_dataset/videos/observation.images.top/chunk-000/file-002.mp4,True,360.9458135113847,212.63126307900936,2252.5,0.901441014258811,0.7142655367231638,4,,1,1,cell_x01_y01,346.0,202.5,low,0,region_00,344.78232640576476,226.26314872820257
56,133,143,11,0.030718863819535522,0.045425906840478994,-1.8492619015953757,0.21265723324788044,-2.026862144470215,-1.4407814741134644,-1.374181411483071,0.23586412154434883,-1.7338217496871948,-1.0989011526107788,23.874371615323152,1.2756809957103794,22.807018280029297,26.3157901763916,19.377367539839312,0.5113309069476994,19.140625,20.83333396911621,-49.88056703047319,2.237442814916837,-51.62287521362305,-44.8995361328125,-36.74551512978294,4.8024493906401595,-42.21819305419922,-28.31671142578125,-97.5030219338157,2.002973778213087,-98.952880859375,-92.99234771728516,100.0,0.0,100.0,100.0,-0.6060606349598278,0.4796438229292687,-1.0500611066818237,0.2686202824115753,0.2641802728176117,0.3335031649774335,-0.3174603283405304,0.6105006337165833,3.6948747634887695,0.0,3.6948747634887695,3.6948747634887695,20.89093780517578,0.0,20.89093780517578,20.89093780517578,260,0.016475640911668518,-8.743441835995514e-05,0.06371217606315799,0.017052683761190124,0.06379961048151794,178,178,/home/bruce/.cache/huggingface/lerobot/ethanCSL/svla_koch_pick_n_place_vla_steering_height_test4_fix_dataset/videos/observation.images.top/chunk-000/file-002.mp4,True,317.7418023353233,212.69283658308063,2164.0,0.9086634887005649,0.6779661016949152,4,,1,1,cell_x01_y01,346.0,202.5,low,0,region_00,344.78232640576476,226.26314872820257
57,179,189,11,0.061950517671207656,0.06298250379185721,9.521589452570135,1.088788376309418,7.496947288513184,10.964591026306152,8.25174821506847,1.5319624617032905,5.44566535949707,10.183150291442871,24.635014100508258,1.926964583148073,21.99730110168457,27.39541244506836,23.15340874411843,0.7361889538979174,21.484375,23.69791603088379,-59.07685921408913,0.038479071772972995,-59.11901092529297,-59.04173278808594,-47.23481369018555,0.0,-47.23481369018555,-47.23481369018555,-98.60872233997692,0.04966442858229544,-98.71123504638672,-98.55014038085938,100.0,0.0,100.0,100.0,9.725829687985508,0.9123534336345989,7.838827610015869,10.573870658874512,7.266067288138649,1.5875360960750413,4.468864440917969,9.30402946472168,3.922418399290605,0.0796237416097497,3.8140642642974854,4.052443504333496,20.967741012573242,0.0,20.967741012573242,20.967741012573242,265,0.016865087824351047,0.0016373294828170987,0.077070254960702,0.016864108359229732,0.0754329254778849,224,224,/home/bruce/.cache/huggingface/lerobot/ethanCSL/svla_koch_pick_n_place_vla_steering_height_test4_fix_dataset/videos/observation.images.top/chunk-000/file-002.mp4,True,375.1291874310536,211.2975007075786,2241.25,0.8597295630725863,0.725,4,,1,1,cell_x01_y01,346.0,202.5,low,0,region_00,344.78232640576476,226.26314872820257
58,112,122,11,0.001802585524010005,0.0037806408123205876,-3.394383430480957,0.11780662333823182,-3.5897436141967773,-3.296703338623047,-3.3322233720259233,0.05923704415096541,-3.443223476409912,-3.247863292694092,26.72064815868031,1.7444486040193943,25.101215362548828,29.68960952758789,23.75710209933194,0.6670931316655563,23.30729103088379,25.390625,-21.455669576471504,2.673451476145152,-26.893354415893555,-18.856260299682617,-18.442814046686347,0.029074432215262236,-18.464792251586914,-18.40435218811035,-73.44853973388672,2.090935540531378,-78.65485382080078,-72.13048553466797,100.0,0.0,100.0,100.0,0.5439005575396798,0.18306607579676656,0.3174603283405304,0.7570207715034485,-0.02442002482712269,0.0,-0.02442002482712269,-0.02442002482712269,3.933253765106201,0.0,3.933253765106201,3.933253765106201,22.482893857088957,3.1480801245963312,20.89093780517578,31.182796478271484,242,0.01685594892439686,0.000859147587934081,0.07144767496318548,0.016661531302687257,0.0705885273752514,157,157,/home/bruce/.cache/huggingface/lerobot/ethanCSL/svla_koch_pick_n_place_vla_steering_height_test4_fix_dataset/videos/observation.images.top/chunk-000/file-002.mp4,True,333.4261579347001,242.74479321345183,2196.25,0.9039380081300813,0.675,4,,1,2,cell_x01_y02,346.0,257.5,low,0,region_00,344.78232640576476,226.26314872820257
59,191,201,11,0.05785316281805779,0.059537700938939946,9.685869563709606,1.5990674483548022,6.959706783294678,11.79487133026123,8.13186805898493,1.8321677151588973,5.006104946136475,10.818070411682129,31.615752480246805,3.456520847690741,26.180837631225586,36.7071533203125,32.23248100280762,2.730349973993411,27.21354103088379,35.02604293823242,-52.13573178378019,1.7791963029197084,-54.94590377807617,-49.459041595458984,-39.558779283003375,1.5733723020771317,-42.82260513305664,-38.289512634277344,-97.90576171875,0.0,-97.90576171875,-97.90576171875,100.0,0.0,100.0,100.0,11.874792012301358,1.9212859132419189,8.620268821716309,14.432234764099121,8.411588322032582,2.3059059262999875,4.468864440917969,11.79487133026123,3.6515331268310547,0.10505318950653071,3.5756852626800537,3.8140642642974854,20.89093780517578,0.0,20.89093780517578,20.89093780517578,277,0.01656441119876434,-0.0012271398077867285,0.06836256434157884,0.016274091453824385,0.06958970414936556,236,236,/home/bruce/.cache/huggingface/lerobot/ethanCSL/svla_koch_pick_n_place_vla_steering_height_test4_fix_dataset/videos/observation.images.top/chunk-000/file-002.mp4,True,335.1741513438237,228.75421670512966,2184.0,0.9073958333333334,0.6666666666666666,4,,1,1,cell_x01_y01,346.0,202.5,low,0,region_00,344.78232640576476,226.26314872820257
60,141,151,11,0.06467059644548397,0.08688338064705245,-5.143745075572621,0.3977708526044732,-5.689865589141846,-4.664224624633789,-4.570984536951238,0.35369865831237796,-5.201465129852295,-4.078144073486328,53.993375604802914,0.9619579422397347,52.901485443115234,55.33063507080078,50.28409056230025,0.41480585805022585,50.0,51.30208206176758,-46.38892815329812,4.8228652941514305,-53.63214874267578,-38.25347900390625,-30.54204750061035,5.666245225858735,-38.53127670288086,-20.519794464111328,-92.85322015935725,0.8084677373368064,-93.39508819580078,-90.81755828857422,100.0,0.0,100.0,100.0,-1.4940615133805708,0.3335031539852343,-1.7338217496871948,-0.8058608174324036,-0.6815407005223361,0.3119399556034142,-1.245421290397644,-0.41514042019844055,3.5756852626800537,0.0,3.5756852626800537,3.5756852626800537,20.967741012573242,0.0,20.967741012573242,20.967741012573242,302,0.015269093345845253,0.004722970723134698,0.17354476915590142,0.016644836319368278,0.16882179843276673,186,186,/home/bruce/.cache/huggingface/lerobot/ethanCSL/svla_koch_pick_n_place_vla_steering_height_test4_fix_dataset/videos/observation.images.top/chunk-000/file-003.mp4,True,330.7044114200353,311.6116424557031,2223.75,0.9404761904761905,0.75,4,,1,3,cell_x01_y03,346.0,312.5,high,1,region_01,345.8944471126909,303.70479968402435
61,139,149,11,0.07088252362084818,0.09111419843343391,-5.725385622544722,0.09788170216911936,-5.787545680999756,-5.44566535949707,-5.281385205008767,0.25950295615994484,-5.44566535949707,-4.664224624633789,52.82787392356179,2.0949226567411574,49.66261672973633,55.870445251464844,48.07054935802113,2.237999046130249,44.27083206176758,51.43229293823242,-48.17338700727983,3.478802173344852,-53.78670883178711,-42.73570251464844,-34.39380246942694,3.5327097595436747,-39.981868743896484,-29.16288948059082,-95.7163252397017,0.07538919100320338,-95.81151580810547,-95.56987762451172,100.0,0.0,100.0,100.0,-1.8759018832987004,0.03870705901858187,-1.9291819334030151,-1.831501841545105,-1.1965812282128767,0.28402150742765664,-1.4896215200424194,-0.6105006337165833,3.7057101726531982,0.034264572339456636,3.6948747634887695,3.8140642642974854,20.967741012573242,0.0,20.967741012573242,20.967741012573242,301,0.01664484932998718,0.0005428344481096248,0.2071150662334177,0.016661988873255026,0.20657223178530806,184,184,/home/bruce/.cache/huggingface/lerobot/ethanCSL/svla_koch_pick_n_place_vla_steering_height_test4_fix_dataset/videos/observation.images.top/chunk-000/file-003.mp4,True,325.32830901977377,298.293252413637,2192.75,0.910303776683087,0.7241379310344828,4,,1,3,cell_x01_y03,346.0,312.5,high,1,region_01,345.8944471126909,303.70479968402435
62,135,145,11,0.08436008591818635,0.10654595405346198,-5.285825209184126,0.2319875626424486,-5.738705635070801,-5.05494499206543,-5.068265004591509,0.03011357344374247,-5.15262508392334,-5.05494499206543,56.10354510220614,0.17350156331867905,55.870445251464844,56.27530288696289,52.59232954545455,0.3211332359259766,52.34375,53.125,-52.465926777232774,4.984008053549805,-60.35548782348633,-44.82225799560547,-36.75100968100808,4.918806871637448,-44.45451736450195,-28.73980140686035,-89.57273032448508,0.09319903492992644,-89.68988800048828,-89.44824981689453,100.0,0.0,100.0,100.0,0.7437007589773699,0.03011357344374247,0.7081807255744934,0.8058608174324036,0.41514042019844055,0.0,0.41514042019844055,0.41514042019844055,3.6948747634887695,0.0,3.6948747634887695,3.6948747634887695,20.967741012573242,0.0,20.967741012573242,20.967741012573242,297,0.016564658374489075,0.005043913006177389,0.1858812142431155,0.01696172478826649,0.18083730123693809,180,180,/home/bruce/.cache/huggingface/lerobot/ethanCSL/svla_koch_pick_n_place_vla_steering_height_test4_fix_dataset/videos/observation.images.top/chunk-000/file-003.mp4,True,353.34874035590747,316.07778238635024,1913.25,0.9058948863636364,0.9166666666666666,4,,1,3,cell_x01_y03,346.0,312.5,high,1,region_01,345.8944471126909,303.70479968402435
63,124,134,11,0.03569747463159891,0.0606765656742641,-6.404706261374733,0.11073338368362445,-6.520146369934082,-6.1782660484313965,-6.04062591899525,0.05023291297429319,-6.129426002502441,-5.982905864715576,48.926511937921696,0.1055368808303025,48.852901458740234,49.122806549072266,46.1292610168457,0.057989247679566966,46.09375,46.22395706176758,-38.295630888505414,7.523815106996154,-49.38176345825195,-25.96599769592285,-20.464848084883258,7.094595039554881,-31.701419830322266,-9.640375137329102,-82.5064995505593,3.7113706651618554,-86.79017639160156,-75.6745834350586,100.0,0.0,100.0,100.0,-2.244422349062833,0.048230790736943245,-2.3199024200439453,-2.17338228225708,-2.759462833404541,0.0,-2.759462833404541,-2.759462833404541,3.5756852626800537,0.0,3.5756852626800537,3.5756852626800537,20.89093780517578,0.0,20.89093780517578,20.89093780517578,295,0.01695357629132327,0.004427380117036556,0.1874412024809431,0.01705124824709882,0.18301382236390654,169,169,/home/bruce/.cache/huggingface/lerobot/ethanCSL/svla_koch_pick_n_place_vla_steering_height_test4_fix_dataset/videos/observation.images.top/chunk-000/file-003.mp4,True,361.4605513512106,294.0160809364072,2183.0,0.8853056860274182,0.7327586206896552,4,,1,3,cell_x01_y03,346.0,312.5,high,1,region_01,345.8944471126909,303.70479968402435
64,130,140,11,0.048355997607356406,0.07428907787763539,-7.523587313565341,0.14180236182361164,-7.643467426300049,-7.252747058868408,-7.323787125674161,0.05651202709607984,-7.399267196655273,-7.252747058868408,58.017421375621446,0.12145109432307534,57.894737243652344,58.164642333984375,55.066287994384766,0.03743189842034333,54.94791793823242,55.078125,-38.18322320417924,6.358361257400415,-46.908809661865234,-26.893354415893555,-20.624192888086494,7.7327445527391285,-31.580537796020508,-7.887579441070557,-85.99201965332031,2.1058849263787223,-87.51510620117188,-81.1518325805664,100.0,0.0,100.0,100.0,-4.206904194571755,0.09605197630519842,-4.3223443031311035,-4.029304027557373,-4.859584808349609,0.0,-4.859584808349609,-4.859584808349609,3.759887218475342,0.05934798019155808,3.6948747634887695,3.8140642642974854,20.911884134465996,0.03420521249689631,20.89093780517578,20.967741012573242,298,0.01695360556223892,0.004481945298898157,0.17206790458974008,0.016740868836548392,0.1675859592908419,175,175,/home/bruce/.cache/huggingface/lerobot/ethanCSL/svla_koch_pick_n_place_vla_steering_height_test4_fix_dataset/videos/observation.images.top/chunk-000/file-003.mp4,True,376.1230219624873,315.700039092496,1951.75,0.9288589015151515,0.9166666666666666,4,,1,3,cell_x01_y03,346.0,312.5,high,1,region_01,345.8944471126909,303.70479968402435
65,150,160,11,0.06426095376212698,0.08408832619024259,-2.977023037997159,0.26454378016520524,-3.345543384552002,-2.5641026496887207,-2.4753025661815298,0.2523391522522598,-2.9059829711914062,-2.222222328186035,60.72874450683594,0.0,60.72874450683594,60.72874450683594,58.07291793823242,0.0,58.07291793823242,58.07291793823242,-41.66783766313033,5.029051393608013,-49.38176345825195,-33.53941345214844,-25.800159627741035,5.386103404213037,-33.57509994506836,-16.409791946411133,-84.61538349498402,0.16109570590791045,-84.69593048095703,-84.13209533691406,100.0,0.0,100.0,100.0,0.903540925546126,0.10821231532256988,0.7570207715034485,1.0989011526107788,1.0589411150325427,0.018837342365359947,1.0500611066818237,1.0989011526107788,3.456495761871338,0.0,3.456495761871338,3.456495761871338,20.967741012573242,0.0,20.967741012573242,20.967741012573242,315,0.016643923142992678,0.0015226786058309821,0.17895450813418115,0.016588388433462567,0.17743182952835018,195,195,/home/bruce/.cache/huggingface/lerobot/ethanCSL/svla_koch_pick_n_place_vla_steering_height_test4_fix_dataset/videos/observation.images.top/chunk-000/file-003.mp4,True,317.41648498368903,297.138115376937,2200.0,0.8227861952861952,0.7416666666666667,4,,1,3,cell_x01_y03,346.0,312.5,high,1,region_01,345.8944471126909,303.70479968402435
66,139,149,11,0.06165018860392337,0.0844803825626813,-6.906426733190363,0.2423770585061354,-7.252747058868408,-6.568986415863037,-6.413586269725453,0.17648667536670357,-6.715506553649902,-6.227106094360352,51.564224589954726,0.30151357062586304,51.28205108642578,52.22671890258789,48.17708206176758,0.0,48.17708206176758,48.17708206176758,-47.344386707652696,5.346718531230957,-55.795982360839844,-38.48531723022461,-30.602489124644887,5.696175409169607,-39.49833679199219,-21.54729461669922,-83.72203688188033,0.7606258693618582,-84.212646484375,-81.87676239013672,100.0,0.0,100.0,100.0,-3.252303296869451,0.01404052601479384,-3.296703338623047,-3.247863292694092,-3.6874237060546875,0.0,-3.6874237060546875,-3.6874237060546875,3.6948747634887695,0.0,3.6948747634887695,3.6948747634887695,20.89093780517578,0.0,20.89093780517578,20.89093780517578,294,0.016491654072126827,0.002458857135710965,0.18429748838634746,0.01682696052157716,0.18183863125063648,184,184,/home/bruce/.cache/huggingface/lerobot/ethanCSL/svla_koch_pick_n_place_vla_steering_height_test4_fix_dataset/videos/observation.images.top/chunk-000/file-003.mp4,True,370.6416263351326,290.0715159569848,2256.0,0.8952380952380953,0.7,4,,1,3,cell_x01_y03,346.0,312.5,high,1,region_01,345.8944471126909,303.70479968402435
67,137,147,11,0.0509362656834011,0.07543206243633768,-3.842823852192272,0.30594174092888066,-4.273504257202148,-3.394383430480957,-3.4476634805852715,0.12745209669370391,-3.7362637519836426,-3.345543384552002,59.6123178655451,2.143924060217864,56.95006561279297,62.61808395385742,55.31486788662997,1.7056953215522448,53.38541793823242,58.72395706176758,-37.698468988591976,5.146434483351161,-44.8995361328125,-28.90262794494629,-21.794555143876508,5.587371443252489,-29.948625564575195,-12.299788475036621,-81.84014892578125,0.9017698267765932,-82.44059753417969,-79.62142944335938,100.0,0.0,100.0,100.0,0.4506604644385251,0.09564062949232525,0.3174603283405304,0.6105006337165833,0.2686202824115753,0.0,0.2686202824115753,0.2686202824115753,3.5756852626800537,0.0,3.5756852626800537,3.5756852626800537,20.95377679304643,0.02962258296415715,20.89093780517578,20.967741012573242,309,0.016819916065051566,0.0030353578474736492,0.16817962494403196,0.01625084546923769,0.16514426709655833,182,182,/home/bruce/.cache/huggingface/lerobot/ethanCSL/svla_koch_pick_n_place_vla_steering_height_test4_fix_dataset/videos/observation.images.top/chunk-000/file-003.mp4,True,338.30560813148753,309.73148776354515,2279.5,0.893936877076412,0.7083333333333333,4,,1,3,cell_x01_y03,346.0,312.5,high,1,region_01,345.8944471126909,303.70479968402435
68,135,145,11,0.07729141736045114,0.0945151057431263,-2.8171828876842153,0.40693310439010266,-3.296703338623047,-2.2710623741149902,-2.2755023566159336,0.33154675875048056,-2.9059829711914062,-1.9780219793319702,59.268801949240945,0.4260530684114167,58.434547424316406,59.64912414550781,57.516571738503195,0.09761162641652192,57.421875,57.68229293823242,-46.13601233742454,4.042389857162035,-52.62751007080078,-39.56723403930664,-31.267342480746183,4.477163272161006,-37.745540618896484,-23.058326721191406,-91.22761882435192,0.09377345145862215,-91.30084228515625,-90.97865295410156,100.0,0.0,100.0,100.0,1.5118215409192173,0.03201732543506615,1.4896215200424194,1.5873016119003296,2.026862068609758,0.21742429473571417,1.88034188747406,2.4664225578308105,3.8140642642974854,0.0,3.8140642642974854,3.8140642642974854,20.967741012573242,0.0,20.967741012573242,20.967741012573242,304,0.01615508373490579,0.004824464806674561,0.1931942695677181,0.0166663960765822,0.18836980476104354,180,180,/home/bruce/.cache/huggingface/lerobot/ethanCSL/svla_koch_pick_n_place_vla_steering_height_test4_fix_dataset/videos/observation.images.top/chunk-000/file-003.mp4,True,321.1377818159516,319.9079657650256,1540.25,0.9104928017718715,1.0625,4,,1,3,cell_x01_y03,346.0,312.5,high,1,region_01,345.8944471126909,303.70479968402435
69,119,129,11,0.06961512799376796,0.08781149892735429,-7.856587626717308,0.023494293736179585,-7.887667655944824,-7.838827610015869,-7.838827610015869,0.0,-7.838827610015869,-7.838827610015869,52.30033146251332,0.8306376906924664,51.147098541259766,53.171390533447266,49.053030881014735,0.4303893514412677,48.69791793823242,49.86979293823242,-48.363074562766336,4.175684678553196,-54.86862564086914,-41.808345794677734,-33.278386722911485,4.128180696072871,-39.67966079711914,-26.44303321838379,-85.00347553599964,0.03106520062111476,-85.01811981201172,-84.93757629394531,100.0,0.0,100.0,100.0,-4.437784411690452,0.18658585980280853,-4.664224624633789,-4.126984119415283,-5.05494499206543,0.0,-5.05494499206543,-5.05494499206543,3.456495761871338,0.0,3.456495761871338,3.456495761871338,20.89093780517578,0.0,20.89093780517578,20.89093780517578,296,0.01675032150995924,0.00435534331985693,0.1937673847171418,0.016090210179789358,0.18941204139728487,164,164,/home/bruce/.cache/huggingface/lerobot/ethanCSL/svla_koch_pick_n_place_vla_steering_height_test4_fix_dataset/videos/observation.images.top/chunk-000/file-003.mp4,True,382.5597881840222,314.68397538697536,1994.0,0.9491666666666667,0.84,4,,2,3,cell_x02_y03,410.0,312.5,high,1,region_01,345.8944471126909,303.70479968402435
70,121,131,11,0.007819755629288688,0.010400292841889758,-1.7604618072509766,0.5986601536864764,-3.0036630630493164,-1.196581244468689,-1.3075813488526777,0.17559079813235332,-1.7338217496871948,-1.0989011526107788,50.38645518909801,1.813571444626528,46.42375183105469,51.821861267089844,47.076231176202946,2.010568773375204,44.01041793823242,49.34895706176758,-10.748910817232998,4.263771493479685,-19.088098526000977,-6.105100631713867,-4.882002266970548,0.1341417021890219,-5.046842098236084,-4.684194564819336,-74.48101667924361,3.9048184592427053,-82.60169219970703,-71.1639175415039,100.0,0.0,100.0,100.0,0.5749805760993199,1.1490093487586501,-1.5384615659713745,1.88034188747406,1.511821535500613,0.32753873310404175,0.7081807255744934,1.7338217496871948,3.456495761871338,0.0,3.456495761871338,3.456495761871338,20.960758902809836,0.02207936972566087,20.89093780517578,20.967741012573242,249,0.016081907811337254,0.004363169168905237,0.07241208881515651,0.016855750185218968,0.06804891964625127,166,166,/home/bruce/.cache/huggingface/lerobot/ethanCSL/svla_koch_pick_n_place_vla_steering_height_test4_fix_dataset/videos/observation.images.top/chunk-000/file-003.mp4,True,328.4640146249574,311.113760700717,2221.5,0.847119054109309,0.7844827586206897,4,,1,3,cell_x01_y03,346.0,312.5,low,1,region_01,345.8944471126909,303.70479968402435
71,124,134,11,0.005192877466049775,0.009133871207898492,-3.105783159082586,0.09185552062367286,-3.247863292694092,-2.9548230171203613,-3.0347430922768335,0.06992125567485287,-3.1501832008361816,-2.9548230171203613,44.534413771195844,1.2567817819981952,42.24021530151367,45.47908401489258,42.60179970481179,0.9386476737724672,41.40625,43.75,-12.723057573491877,4.909796880929558,-21.71561050415039,-6.877898216247559,-6.2446769367564805,0.7539500614079481,-8.18978500366211,-5.772136688232422,-73.69018346613103,5.634915983337813,-84.13209533691406,-67.61981201171875,100.0,0.0,100.0,100.0,-0.11322011510756883,0.40586595951401677,-0.8058608174324036,0.46398046612739563,0.2331002408807928,0.036613218957404534,0.17094017565250397,0.2686202824115753,3.564849853515625,0.034264572339456636,3.456495761871338,3.5756852626800537,20.911884134465996,0.0342052124968963,20.89093780517578,20.967741012573242,261,0.016564262020123358,0.0030076035042686383,0.07000979443714969,0.01695410612884192,0.06700219093288105,169,169,/home/bruce/.cache/huggingface/lerobot/ethanCSL/svla_koch_pick_n_place_vla_steering_height_test4_fix_dataset/videos/observation.images.top/chunk-000/file-003.mp4,True,339.55931127347753,295.6658760643005,2128.5,0.9147946084724006,0.7130973986690865,4,,1,3,cell_x01_y03,346.0,312.5,low,1,region_01,345.8944471126909,303.70479968402435
72,161,171,11,0.057176398334831124,0.05919701363300319,7.474747354334051,1.593163690133511,4.810744762420654,9.89011001586914,5.907425793734464,1.683950240278564,3.1501832008361816,8.571428298950195,30.744694102894176,3.648410523329485,24.561403274536133,36.43724822998047,32.303503556685015,3.500226866831901,26.43229103088379,38.02083206176758,-50.800899505615234,1.792270178246435,-53.70942687988281,-47.83616638183594,-39.22909927368164,1.66990554837222,-41.915985107421875,-36.11362838745117,-95.00604248046875,0.0,-95.00604248046875,-95.00604248046875,100.0,0.0,100.0,100.0,8.993228782307018,1.8048932197542351,5.982905864715576,11.746031761169434,5.791985728523948,1.9291908212395261,2.612942695617676,8.717948913574219,3.6948747634887695,0.07187397329677671,3.5756852626800537,3.8140642642974854,20.89093780517578,0.0,20.89093780517578,20.89093780517578,252,0.01695410612884192,0.00351736978710826,0.06133045690753924,0.0167592063828597,0.05781308712043098,206,206,/home/bruce/.cache/huggingface/lerobot/ethanCSL/svla_koch_pick_n_place_vla_steering_height_test4_fix_dataset/videos/observation.images.top/chunk-000/file-003.mp4,True,362.3154021141062,294.6527546879296,2239.25,0.903823939359224,0.7327586206896552,4,,1,3,cell_x01_y03,346.0,312.5,low,1,region_01,345.8944471126909,303.70479968402435
73,110,120,11,0.004247341970120103,0.004516775047366764,-2.617382699793035,0.03262723405637312,-2.710622787475586,-2.5641026496887207,-2.6085026914423164,0.06055358367892943,-2.759462833404541,-2.5152626037597656,54.74174915660512,0.44302550030945015,54.385963439941406,55.60054016113281,54.888730482621625,0.11597998191941437,54.81770706176758,55.20833206176758,2.016299060799859,0.8869312664260336,-0.30911901593208313,2.55023193359375,3.1072282140905205,0.04790133182690589,3.052281618118286,3.23360538482666,-65.11551319469105,0.24636693403478058,-65.84776306152344,-64.96173858642578,100.0,0.0,100.0,100.0,0.9568209973248568,0.12045431874152021,0.7081807255744934,1.0500611066818237,0.5128205418586731,0.0,0.5128205418586731,0.5128205418586731,3.5865206718444824,0.034264572339456636,3.5756852626800537,3.6948747634887695,21.805613084272906,1.8751772905100923,20.967741012573242,27.188940048217773,250,0.01646744460043717,0.003908389984677407,0.06768954297979016,0.01686454828263731,0.06378115299511275,155,155,/home/bruce/.cache/huggingface/lerobot/ethanCSL/svla_koch_pick_n_place_vla_steering_height_test4_fix_dataset/videos/observation.images.top/chunk-000/file-003.mp4,True,339.3852332265628,320.6715093812908,1450.75,0.9330827067669173,1.0789473684210527,4,,1,3,cell_x01_y03,346.0,312.5,low,1,region_01,345.8944471126909,303.70479968402435
74,166,176,11,0.05913743440345795,0.06106307153217905,8.691308671777898,1.3672619219577125,6.227106094360352,10.525030136108398,7.230547168038108,1.7509950314286813,4.371184349060059,9.59706974029541,27.23592168634588,3.2784045415255765,22.537111282348633,32.523616790771484,28.267045454545453,3.2622815796203333,23.30729103088379,33.203125,-54.03962360728871,1.2351978441060634,-55.409584045410156,-51.9319953918457,-42.701722231778234,1.7685452688348025,-44.514957427978516,-39.49833679199219,-99.31168434836648,0.08664233263460838,-99.43616485595703,-99.11397552490234,100.0,0.0,100.0,100.0,10.329670125787908,1.5121067297741226,7.496947288513184,12.136752128601074,7.337107268246737,1.9706318542102677,4.224664211273193,10.085470199584961,3.803228876807473,0.09446096430252539,3.6948747634887695,4.052443504333496,20.89093780517578,0.0,20.89093780517578,20.89093780517578,257,0.01666977675104453,0.00256448041946368,0.07135495269609739,0.016813311203677697,0.06879047227663371,211,211,/home/bruce/.cache/huggingface/lerobot/ethanCSL/svla_koch_pick_n_place_vla_steering_height_test4_fix_dataset/videos/observation.images.top/chunk-000/file-003.mp4,True,328.26169395204926,280.45220197589276,2185.0,0.8865181196777027,0.7327586206896552,4,,1,2,cell_x01_y02,346.0,257.5,low,1,region_01,345.8944471126909,303.70479968402435
75,125,135,11,0.007904106100159394,0.015605490078477044,-4.1580641486428,0.037674684730719894,-4.224664211273193,-4.126984119415283,-4.113664106889204,0.036613212386381745,-4.175824165344238,-4.029304027557373,44.41172790527344,0.7899571510565392,42.37516784667969,44.93927001953125,41.51278409090909,0.8633798720174357,39.97395706176758,42.1875,-19.453421332619406,5.433925163067496,-28.670787811279297,-11.901082038879395,-8.821670922366055,1.879317135489312,-13.145965576171875,-7.343608379364014,-76.83154504949397,5.781536613934739,-86.306884765625,-68.58638763427734,100.0,0.0,100.0,100.0,-1.3475413864309138,0.12400256820011432,-1.5384615659713745,-1.0500611066818237,-1.067821123383262,0.05616210405917536,-1.1477411985397339,-1.0012210607528687,3.6948747634887695,0.0,3.6948747634887695,3.6948747634887695,20.95377679304643,0.02962258296415715,20.89093780517578,20.967741012573242,257,0.01680604908491705,0.0032884807391552334,0.0629867876460691,0.016864246685322007,0.05969830690691387,170,170,/home/bruce/.cache/huggingface/lerobot/ethanCSL/svla_koch_pick_n_place_vla_steering_height_test4_fix_dataset/videos/observation.images.top/chunk-000/file-003.mp4,True,356.9905078005272,294.18299941841065,2212.25,0.9081486042692939,0.7241379310344828,4,,1,3,cell_x01_y03,346.0,312.5,low,1,region_01,345.8944471126909,303.70479968402435
76,111,121,11,0.004161410483877745,0.0071696471515929755,0.28638029454106634,0.34988813626318904,-0.2686202824115753,0.7570207715034485,0.4950605070387775,0.2518699950779696,0.02442002482712269,0.8058608174324036,41.95804214477539,0.7815285564940435,40.7557373046875,43.72469711303711,40.82623152299361,0.20296396467461217,40.49479293823242,41.14583206176758,-12.139946590770375,3.8344315715036035,-19.16537857055664,-6.9551777839660645,-6.81612136147239,0.8778046505597805,-8.854639053344727,-6.195225238800049,-74.77391676469283,4.401316553605618,-83.08497619628906,-69.95569610595703,100.0,0.0,100.0,100.0,2.6884227340871636,0.9123749830865436,1.3431013822555542,4.029304027557373,3.842823852192272,0.603873214055927,2.612942695617676,4.3223443031311035,3.5756852626800537,0.0,3.5756852626800537,3.5756852626800537,20.967741012573242,0.0,20.967741012573242,20.967741012573242,240,0.01676685834254517,0.0025059398349551454,0.07073722884532763,0.01705168742912809,0.06823128901037248,156,156,/home/bruce/.cache/huggingface/lerobot/ethanCSL/svla_koch_pick_n_place_vla_steering_height_test4_fix_dataset/videos/observation.images.top/chunk-000/file-003.mp4,True,309.0624318739507,302.2720469685034,2185.5,0.9074302134646962,0.7241379310344828,4,,0,3,cell_x00_y03,282.0,312.5,low,1,region_01,345.8944471126909,303.70479968402435
77,78,88,11,0.002575957519374263,0.007501048298972815,-5.876345764506947,0.054378723427288535,-5.982905864715576,-5.836385726928711,-5.987345868890936,0.10298512876886215,-6.129426002502441,-5.885225772857666,40.14231283014471,0.15615140698681115,39.94601821899414,40.35087585449219,40.13967791470614,0.16740183844863205,39.84375,40.36458206176758,-6.231558236208829,0.6866979388013134,-8.191654205322266,-5.641421794891357,-6.189730470830744,1.4299414607089325,-9.459051132202148,-5.046842098236084,-60.897740450772375,1.4150106272948688,-64.88119506835938,-59.96778106689453,100.0,0.0,100.0,100.0,-4.033744031732732,0.06733599726564062,-4.126984119415283,-3.931623935699463,-4.610944574529475,0.0568597966990956,-4.761904716491699,-4.566544532775879,34.770830696279354,15.673149875260833,3.337306261062622,48.15256118774414,46.87892705743963,2.215942249712001,41.244239807128906,48.23348617553711,220,0.016953899346789342,0.0007731768487868745,0.0657347306928105,0.016946015660873226,0.06496155384402362,123,123,/home/bruce/.cache/huggingface/lerobot/ethanCSL/svla_koch_pick_n_place_vla_steering_height_test4_fix_dataset/videos/observation.images.top/chunk-000/file-003.mp4,True,366.1551846925936,281.8224106503363,2197.0,0.8989121510673235,0.7304900181488203,4,,1,2,cell_x01_y02,346.0,257.5,low,1,region_01,345.8944471126909,303.70479968402435
78,99,109,11,0.004925819749666818,0.006355845812091698,-5.7120656100186435,0.024318904422615504,-5.738705635070801,-5.689865589141846,-5.738705635070801,0.0550990028030488,-5.787545680999756,-5.641025543212891,50.877192757346414,1.8360070114566844,48.852901458740234,54.385963439941406,48.92282139171254,0.6283714347992789,48.4375,50.52083206176758,-3.554868633096868,1.011906079548937,-5.873260974884033,-2.8593509197235107,-1.5522404692389749,0.03475123232421617,-1.6016923189163208,-1.4808099269866943,-64.96906419233842,0.44044559515076853,-66.16995239257812,-64.72010040283203,100.0,0.0,100.0,100.0,-3.1679432175376196,0.037674684730719894,-3.1990232467651367,-3.1013431549072266,-3.247863292694092,0.0,-3.247863292694092,-3.247863292694092,3.8140642642974854,0.0,3.8140642642974854,3.8140642642974854,21.463482076471504,1.2476591738613274,20.967741012573242,25.268817901611328,235,0.016653376169041986,0.004362245777260007,0.06501381739553089,0.016954239537053467,0.06065157161827088,144,144,/home/bruce/.cache/huggingface/lerobot/ethanCSL/svla_koch_pick_n_place_vla_steering_height_test4_fix_dataset/videos/observation.images.top/chunk-000/file-003.mp4,True,372.5553521688774,313.9897294141156,2048.25,0.9340659340659341,0.8076923076923077,4,,1,3,cell_x01_y03,346.0,312.5,low,1,region_01,345.8944471126909,303.70479968402435
79,113,123,11,0.0047920060160472734,0.005670812928126767,-2.5063825954090464,0.16373926354117374,-2.857142925262451,-2.3687424659729004,-2.422022516077215,0.07638872020694049,-2.612942695617676,-2.3687424659729004,46.853146292946555,0.33463769662632936,46.42375183105469,47.23346710205078,46.36600459705699,0.06696095117482592,46.22395706176758,46.484375,-7.994941668076948,2.9769101929283264,-14.528593063354492,-5.564142227172852,-3.255583979866721,0.20661660138187618,-3.89845871925354,-3.173164129257202,-69.77995785799894,2.973791945307156,-76.56061553955078,-67.61981201171875,100.0,0.0,100.0,100.0,-0.3618603783913634,0.7726373534403258,-2.026862144470215,0.21978022158145905,0.4417804493145509,0.0761302218047576,0.21978022158145905,0.5128205418586731,3.5756852626800537,0.0,3.5756852626800537,3.5756852626800537,20.89093780517578,0.0,20.89093780517578,20.89093780517578,250,0.016856587763203923,0.0042478958330431915,0.0654250804329501,0.016954076532800635,0.06117718459990691,158,158,/home/bruce/.cache/huggingface/lerobot/ethanCSL/svla_koch_pick_n_place_vla_steering_height_test4_fix_dataset/videos/observation.images.top/chunk-000/file-003.mp4,True,338.11348696701947,312.04084688492827,2182.5,0.8857548701298701,0.7857142857142857,4,,1,3,cell_x01_y03,346.0,312.5,low,1,region_01,345.8944471126909,303.70479968402435
80,120,130,11,0.03354206008356466,0.059082886417379445,-10.929070732810281,0.042121760819380565,-10.964591026306152,-10.818070411682129,-10.471750086004084,0.0964615814738865,-10.525030136108398,-10.231989860534668,52.39847946166992,0.5785712748710641,50.877193450927734,52.901485443115234,48.615056471391156,2.0439523896437257,43.88020706176758,50.13020706176758,-35.75242389332164,8.646500513415386,-50.0,-23.64760398864746,-17.838402227921918,6.137863422708601,-28.61891746520996,-10.42611026763916,-79.80448774857955,4.919120780811077,-86.87071990966797,-72.5332260131836,100.0,0.0,100.0,100.0,-6.941946766593239,0.03139557060893325,-6.959706783294678,-6.862026691436768,-7.63014741377397,0.021751489370915412,-7.643467426300049,-7.594627380371094,3.564849853515625,0.034264572339456636,3.456495761871338,3.5756852626800537,20.89093780517578,0.0,20.89093780517578,20.89093780517578,286,0.016733627118284453,0.0032480983859588114,0.18993022106206514,0.016805404006250385,0.18668212267610634,165,165,/home/bruce/.cache/huggingface/lerobot/ethanCSL/svla_koch_pick_n_place_vla_steering_height_test4_fix_dataset/videos/observation.images.top/chunk-000/file-004.mp4,True,411.07426833424825,267.7865598823615,2252.75,0.914265422077922,0.7857142857142857,4,,2,2,cell_x02_y02,410.0,257.5,high,2,region_02,413.52837532352714,272.1005263417114
81,137,147,11,0.06375068125738416,0.08891369877001407,-12.327672611583363,0.07048287028603205,-12.429792404174805,-12.185592651367188,-12.21223241632635,0.024318666991281133,-12.234432220458984,-12.185592651367188,42.4610481262207,0.9820879267336777,41.29554748535156,43.72469711303711,38.671875,0.6402994490776195,38.28125,40.234375,-54.02557303688743,5.3672098612842,-62.51932144165039,-45.363216400146484,-37.3114650032737,5.879898206305203,-45.90510559082031,-27.047447204589844,-90.7003999189897,0.39959864087048574,-91.0592041015625,-89.68988800048828,100.0,0.0,100.0,100.0,-9.046509005806662,0.8916343374006211,-9.645909309387207,-6.8131866455078125,-9.69474983215332,0.0,-9.69474983215332,-9.69474983215332,3.337306261062622,0.0,3.337306261062622,3.337306261062622,20.89093780517578,0.0,20.89093780517578,20.89093780517578,298,0.01661137456912322,0.0006396116040326139,0.18529343312681845,0.016952679179628144,0.18465382152278584,182,182,/home/bruce/.cache/huggingface/lerobot/ethanCSL/svla_koch_pick_n_place_vla_steering_height_test4_fix_dataset/videos/observation.images.top/chunk-000/file-004.mp4,True,428.65062031525645,265.80294154651426,2344.25,0.8805005392040821,0.8000604960677555,4,,2,2,cell_x02_y02,410.0,257.5,high,2,region_02,413.52837532352714,272.1005263417114
82,149,159,11,0.10125663512698936,0.12404326856622967,-9.432789369062943,0.1888960277125769,-9.59706974029541,-9.059828758239746,-8.80674882368608,0.26491618912138354,-9.10866928100586,-8.327228546142578,46.620046095414594,0.5560185763630584,45.20917510986328,47.098514556884766,42.803030187433414,1.3969804838811646,39.71354293823242,43.88020706176758,-63.60826214877042,4.205951820167604,-69.78361511230469,-56.56877899169922,-48.668919649991125,4.587896763933793,-55.87791061401367,-41.432456970214844,-87.13432936234908,0.14198824822074999,-87.19290924072266,-86.70962524414062,100.0,0.0,100.0,100.0,-2.3820624459873545,0.5669313836440025,-2.857142925262451,-1.1477411985397339,-3.207903255115856,0.054378723427288535,-3.247863292694092,-3.0525031089782715,3.5756852626800537,0.0,3.5756852626800537,3.5756852626800537,20.89093780517578,0.0,20.89093780517578,20.89093780517578,309,0.016952679179628144,0.0023088054175600115,0.1872225798558379,0.01685562223166119,0.1849137744382779,194,194,/home/bruce/.cache/huggingface/lerobot/ethanCSL/svla_koch_pick_n_place_vla_steering_height_test4_fix_dataset/videos/observation.images.top/chunk-000/file-004.mp4,True,384.1728524305748,268.24050812643515,2245.0,0.9011233019853709,0.7413793103448276,4,,2,2,cell_x02_y02,410.0,257.5,high,2,region_02,413.52837532352714,272.1005263417114
83,127,137,11,0.06430558046939423,0.08503052398954243,-8.686868667602539,0.05989892468344194,-8.815629005432129,-8.620268821716309,-8.376068115234375,0.0,-8.376068115234375,-8.376068115234375,57.57575780695135,0.9085265878218584,55.73549270629883,58.97435760498047,53.24337109652433,1.5450956458187828,50.26041793823242,54.81770706176758,-43.93705194646662,4.505827653243412,-50.38639831542969,-36.39876174926758,-28.63540163907138,4.431854706418703,-35.750980377197266,-21.728618621826172,-80.99073722145774,0.034345498123011436,-81.07128143310547,-80.91018676757812,100.0,0.0,100.0,100.0,-4.131424123590643,0.16589224623165943,-4.224664211273193,-3.6874237060546875,-4.371184349060059,0.0,-4.371184349060059,-4.371184349060059,3.5756852626800537,0.0,3.5756852626800537,3.5756852626800537,20.89093780517578,0.0,20.89093780517578,20.89093780517578,303,0.01675832414070713,0.00342903532516714,0.17480774485090886,0.016961883574387826,0.17137870952574172,172,172,/home/bruce/.cache/huggingface/lerobot/ethanCSL/svla_koch_pick_n_place_vla_steering_height_test4_fix_dataset/videos/observation.images.top/chunk-000/file-004.mp4,True,388.6428477075573,298.4081416182137,2273.0,0.9316502463054187,0.7241379310344828,4,,2,3,cell_x02_y03,410.0,312.5,high,2,region_02,413.52837532352714,272.1005263417114
84,130,140,11,0.0314075621472436,0.056157091894640916,-9.161949157714844,0.048637737616319426,-9.255188941955566,-9.10866928100586,-9.184149308638139,0.03819439033890083,-9.20634937286377,-9.10866928100586,54.54545523903587,0.7520864750005076,53.30634307861328,55.195682525634766,50.81676171042702,0.8161607862098429,49.08854293823242,51.82291793823242,-32.75958962873979,7.678177151462971,-44.66769790649414,-20.788253784179688,-15.382290666753596,6.574291278823808,-26.32215118408203,-6.436990261077881,-80.1779355135831,3.8406459362648144,-85.42086029052734,-73.5803451538086,100.0,0.0,100.0,100.0,-6.808746641332453,0.06733599726564062,-6.910866737365723,-6.715506553649902,-7.048506866801869,0.018837342365359947,-7.057386875152588,-7.008546829223633,3.6298623085021973,0.05934798019155808,3.5756852626800537,3.6948747634887695,20.904902024702594,0.02962258296415715,20.89093780517578,20.967741012573242,301,0.01686431605807924,0.002907633627446962,0.18479193740586997,0.015980922215120208,0.18188430377842302,175,175,/home/bruce/.cache/huggingface/lerobot/ethanCSL/svla_koch_pick_n_place_vla_steering_height_test4_fix_dataset/videos/observation.images.top/chunk-000/file-004.mp4,True,406.8834590346079,298.5622617731697,2323.5,0.8934865900383142,0.7758620689655172,4,,2,3,cell_x02_y03,410.0,312.5,high,2,region_02,413.52837532352714,272.1005263417114
85,138,148,11,0.05586787800475339,0.0872888776491476,-10.62715044888583,0.15367798342934635,-10.818070411682129,-10.378510475158691,-10.582750580527566,0.018837158451839173,-10.622710227966309,-10.573870658874512,47.8591589494185,0.17522930068933382,47.63832473754883,48.04318618774414,44.66145914251154,0.2884966210964982,43.88020706176758,44.79166793823242,-48.99536340886896,7.475937857148926,-59.58269119262695,-36.553321838378906,-30.190389806574043,7.812852739772914,-42.5203971862793,-17.860380172729492,-90.33427359841086,2.7008884536296733,-93.0728988647461,-85.1792221069336,100.0,0.0,100.0,100.0,-8.118547916412354,0.4102621740513324,-8.376068115234375,-7.106226921081543,-8.589188489046963,0.023494523116640763,-8.620268821716309,-8.571428298950195,3.5865206718444824,0.034264572339456636,3.5756852626800537,3.6948747634887695,20.911884134465996,0.0342052124968963,20.89093780517578,20.967741012573242,304,0.015980841204760426,0.0033013822239837537,0.18900327504910008,0.016564252778041105,0.18570189282511634,183,183,/home/bruce/.cache/huggingface/lerobot/ethanCSL/svla_koch_pick_n_place_vla_steering_height_test4_fix_dataset/videos/observation.images.top/chunk-000/file-004.mp4,True,430.79858614757285,280.6558722892207,2372.25,0.897107696151924,0.7931034482758621,4,,2,2,cell_x02_y02,410.0,257.5,high,2,region_02,413.52837532352714,272.1005263417114
86,143,153,11,0.08349503726645024,0.10350418121123955,-12.44311254674738,0.48398098870250755,-13.064713478088379,-11.648351669311523,-12.807193062522195,0.30113579707358495,-13.162393569946289,-12.234432220458984,39.393939625133164,2.0258892537339945,36.30229568481445,41.565452575683594,34.398673664439805,2.2775930291219595,32.16145706176758,38.28125,-61.66924285888672,3.075871875599605,-67.23338317871094,-57.109737396240234,-47.57548210837624,3.0298832731989087,-52.251434326171875,-41.915985107421875,-89.4262792413885,0.06946740961346325,-89.52879333496094,-89.3676986694336,100.0,0.0,100.0,100.0,-9.179709001020951,1.3085891794338793,-10.818070411682129,-7.106226921081543,-10.56055025620894,0.457255591815422,-10.818070411682129,-9.40170955657959,3.456495761871338,0.0,3.456495761871338,3.456495761871338,20.89093780517578,0.0,20.89093780517578,20.89093780517578,299,0.016564255857631285,0.0014740923033596115,0.19594456087427908,0.016848157941038028,0.19447046857091949,188,188,/home/bruce/.cache/huggingface/lerobot/ethanCSL/svla_koch_pick_n_place_vla_steering_height_test4_fix_dataset/videos/observation.images.top/chunk-000/file-004.mp4,True,440.7622827076957,256.212576974375,2399.25,0.8992691154422788,0.7931034482758621,4,,2,2,cell_x02_y02,410.0,257.5,high,2,region_02,413.52837532352714,272.1005263417114
87,137,147,11,0.06072874269747779,0.07832360713517264,-11.883671933954412,0.565294821869889,-12.332112312316895,-10.866910934448242,-12.238872441378506,0.23418658713887755,-12.527472496032715,-11.648351669311523,54.23874352195046,0.3069571663598338,53.98110580444336,54.79082489013672,51.953125,0.0,51.953125,51.953125,-43.43824664029208,4.190562970664297,-49.92272186279297,-36.16692352294922,-27.9375808022239,4.71498487595365,-34.90480422973633,-19.915382385253906,-79.87039184570312,0.08725765150940541,-79.94361877441406,-79.62142944335938,100.0,0.0,100.0,100.0,-8.620268561623313,1.1435058291088667,-10.525030136108398,-6.617826461791992,-10.707070697437633,1.07893045150497,-12.380952835083008,-9.059828758239746,3.337306261062622,0.0,3.337306261062622,3.337306261062622,20.89093780517578,0.0,20.89093780517578,20.89093780517578,299,0.016750645429872965,0.0034839932647356825,0.17410628474950632,0.01641771911261622,0.17062229148477065,182,182,/home/bruce/.cache/huggingface/lerobot/ethanCSL/svla_koch_pick_n_place_vla_steering_height_test4_fix_dataset/videos/observation.images.top/chunk-000/file-004.mp4,True,441.35266671970345,295.9609399021929,2413.75,0.8670079022988506,0.8275862068965517,4,,2,3,cell_x02_y03,410.0,312.5,high,2,region_02,413.52837532352714,272.1005263417114
88,140,150,11,0.06323962847203511,0.07960640335990403,-10.640470331365412,0.11830763366165742,-10.818070411682129,-10.525030136108398,-10.525030136108398,0.0,-10.525030136108398,-10.525030136108398,58.67991568825462,0.5891393699503669,57.219974517822266,59.109310150146484,55.14914807406339,1.1356243091000457,52.86458206176758,56.11979293823242,-42.09638873013583,4.1666088165813715,-48.84080505371094,-35.394126892089844,-27.11887706409801,3.434753856627019,-32.97068786621094,-22.030824661254883,-70.02160089666194,0.04631222786288187,-70.11679077148438,-69.95569610595703,100.0,0.0,100.0,100.0,-5.1481850797479805,0.7527345859419357,-6.862026691436768,-4.420024394989014,-7.137307080355558,1.0771564996962346,-8.571428298950195,-5.641025543212891,3.337306261062622,0.0,3.337306261062622,3.337306261062622,20.897919914939187,0.022079369725660866,20.89093780517578,20.967741012573242,323,0.01632106245516675,0.0033911199673950093,0.16540990359691363,0.014993037858590796,0.1620187836295186,185,185,/home/bruce/.cache/huggingface/lerobot/ethanCSL/svla_koch_pick_n_place_vla_steering_height_test4_fix_dataset/videos/observation.images.top/chunk-000/file-004.mp4,True,408.4293833837823,253.63651470073455,2245.0,0.9159625959445525,0.7413793103448276,4,,2,2,cell_x02_y02,410.0,257.5,high,2,region_02,413.52837532352714,272.1005263417114
89,122,132,11,0.05037482974798557,0.07642164634348794,-8.669108390808105,0.0,-8.669108390808105,-8.669108390808105,-8.695748502557928,0.04823091843579677,-8.815629005432129,-8.669108390808105,53.85842236605558,0.5350504120364098,53.4412956237793,54.925777435302734,51.82291793823242,0.0,51.82291793823242,51.82291793823242,-41.37979490106756,6.077725567992733,-49.92272186279297,-30.911901473999023,-23.56383401697332,6.79992515356078,-34.300392150878906,-13.025083541870117,-73.5730244029652,0.9939231743931157,-74.3052749633789,-71.24446105957031,100.0,0.0,100.0,100.0,-5.201465129852295,0.8049520628296736,-5.934065818786621,-3.492063522338867,-6.471306324005127,0.17793285572372428,-6.568986415863037,-5.982905864715576,3.5756852626800537,0.0,3.5756852626800537,3.5756852626800537,20.89093780517578,0.0,20.89093780517578,20.89093780517578,290,0.014806665963383842,0.0010195162783827594,0.15768340436730183,0.0168053218624533,0.15666388808891907,167,167,/home/bruce/.cache/huggingface/lerobot/ethanCSL/svla_koch_pick_n_place_vla_steering_height_test4_fix_dataset/videos/observation.images.top/chunk-000/file-004.mp4,True,392.3200803250848,276.8963558328247,2275.75,0.8872751846341853,0.7457627118644068,4,,2,2,cell_x02_y02,410.0,257.5,high,2,region_02,413.52837532352714,272.1005263417114
90,161,171,11,0.061324720922487634,0.0643892058563931,6.049505959857594,2.6417391146344342,1.78266179561615,9.938949584960938,3.5631035134534943,2.7682492309586095,-0.9035409092903137,7.838827610015869,31.198625564575195,3.214657196447629,25.37112045288086,35.35762405395508,31.794507806951348,2.028469540232041,27.47395896911621,33.59375,-51.83363827792081,1.4257648660847835,-54.48222732543945,-50.38639831542969,-41.16321702436967,0.10425397284822191,-41.492897033691406,-41.1302490234375,-100.0,0.0,-100.0,-100.0,100.0,0.0,100.0,100.0,7.465867389332164,2.6500169376421643,3.1501832008361816,11.355311393737793,3.3988233520226045,2.8309963474151174,-1.2942613363265991,7.741147518157959,3.6948747634887695,0.0,3.6948747634887695,3.6948747634887695,20.89093780517578,0.0,20.89093780517578,20.89093780517578,246,0.016708256143920325,0.0036125764180972852,0.07092277131020416,0.01694595536626138,0.06731019489210688,206,206,/home/bruce/.cache/huggingface/lerobot/ethanCSL/svla_koch_pick_n_place_vla_steering_height_test4_fix_dataset/videos/observation.images.top/chunk-000/file-004.mp4,True,406.4588693253402,263.4430863363599,2237.75,0.9081777597402598,0.7635467980295567,4,,2,2,cell_x02_y02,410.0,257.5,low,2,region_02,413.52837532352714,272.1005263417114
91,157,167,11,0.06490127113557481,0.06784262338869157,4.37118433822285,2.869005647267452,-0.5128205418586731,8.522588729858398,1.5828615562482313,3.181150849241074,-3.6874237060546875,6.422466278076172,37.578211004083805,3.6135484668145312,30.769229888916016,41.97031021118164,38.24573794278231,2.1511014037791516,33.59375,39.97395706176758,-48.98131249167702,1.2568651095435546,-51.62287521362305,-47.83616638183594,-38.36094561490145,0.023311406585248756,-38.410396575927734,-38.34995651245117,-97.10760567405008,0.10560594478734203,-97.2613754272461,-96.9391860961914,100.0,0.0,100.0,100.0,7.643467556346547,3.015308939623861,2.612942695617676,12.087912559509277,3.079143026335673,3.2309933429476394,-2.222222328186035,8.083027839660645,3.6515331268310547,0.057335596005417086,3.5756852626800537,3.6948747634887695,20.89093780517578,0.0,20.89093780517578,20.89093780517578,244,0.01684826710490192,0.001269758563427023,0.06889974279644728,0.016547577819576567,0.06762998423302026,202,202,/home/bruce/.cache/huggingface/lerobot/ethanCSL/svla_koch_pick_n_place_vla_steering_height_test4_fix_dataset/videos/observation.images.top/chunk-000/file-004.mp4,True,437.7011650229168,269.52533907034206,2315.25,0.9072296238244515,0.7721674876847291,4,,2,2,cell_x02_y02,410.0,257.5,low,2,region_02,413.52837532352714,272.1005263417114
92,153,163,11,0.059185729720504614,0.06094735436405575,7.989787882024592,2.0462496672563293,4.468864440917969,10.671550750732422,5.960705919699236,2.4060727677086757,1.78266179561615,9.40170955657959,41.25874085859819,3.2353329226540852,35.89743423461914,45.47908401489258,41.998106176202946,2.359717923598859,37.23958206176758,44.01041793823242,-46.501334797252305,2.206344039982332,-50.0,-43.66305923461914,-33.75092627785423,1.0665019805030411,-36.415836334228516,-33.152008056640625,-99.39223202792081,0.04010500155072325,-99.43616485595703,-99.35562133789062,100.0,0.0,100.0,100.0,9.730269518765537,2.003588600468908,6.275946140289307,12.332112312316895,6.2626262144608935,2.305529714047347,2.5152626037597656,9.743589401245117,3.640697717666626,0.05934798019155808,3.5756852626800537,3.6948747634887695,20.89093780517578,0.0,20.89093780517578,20.89093780517578,238,0.01645061211417767,0.0021785304235426017,0.06752919278754271,0.01675008993789845,0.06535066236400011,198,198,/home/bruce/.cache/huggingface/lerobot/ethanCSL/svla_koch_pick_n_place_vla_steering_height_test4_fix_dataset/videos/observation.images.top/chunk-000/file-004.mp4,True,413.50421405624036,294.0299780634645,2342.5,0.9131073667711599,0.7586206896551724,4,,2,3,cell_x02_y03,410.0,312.5,low,2,region_02,413.52837532352714,272.1005263417114
93,152,162,11,0.06320919966928745,0.06746543127188664,4.877344803376631,2.2727704713954164,1.1477411985397339,7.985347747802734,2.7727827483957466,2.4752616218393513,-1.0500611066818237,6.568986415863037,39.847871260209516,3.2281601708341485,34.547908782958984,44.26450729370117,40.83806783502752,2.4663289973169737,36.06770706176758,43.48958206176758,-46.845580707896836,0.9219660942597758,-48.53168487548828,-45.98145294189453,-36.03670467029918,0.026917693734364374,-36.05318832397461,-35.99274826049805,-98.82839688387784,0.04010500155072325,-98.87232971191406,-98.79178619384766,100.0,0.0,100.0,100.0,5.503385446288369,2.5724988010467458,1.245421290397644,9.01098918914795,1.622821606695652,2.6951156096773916,-2.5152626037597656,5.836385726928711,3.8682413534684614,0.30647172851457405,3.5756852626800537,4.767580509185791,20.89093780517578,0.0,20.89093780517578,20.89093780517578,241,0.016741650052697524,0.0015603454403338157,0.07193895910034431,0.016946836440143262,0.0703786136600105,197,197,/home/bruce/.cache/huggingface/lerobot/ethanCSL/svla_koch_pick_n_place_vla_steering_height_test4_fix_dataset/videos/observation.images.top/chunk-000/file-004.mp4,True,378.6825940926844,263.88680780327223,2226.0,0.909072249589491,0.7241379310344828,4,,2,2,cell_x02_y02,410.0,257.5,low,2,region_02,413.52837532352714,272.1005263417114
94,153,163,11,0.06750081291150824,0.06777470244166489,4.588744596324184,2.8108489634970653,-0.07326007634401321,8.717948913574219,1.8004217730327086,3.2430456092357693,-3.6385836601257324,6.471306324005127,40.51036696000533,1.5014681975152713,37.11201095581055,41.97031021118164,39.370264920321375,0.1945041923193213,38.80208206176758,39.453125,-48.12420931729403,0.42082277977433197,-49.14992141723633,-47.83616638183594,-38.65216064453125,0.0,-38.65216064453125,-38.65216064453125,-99.44348976828836,0.08021462511485576,-99.51671600341797,-99.27507019042969,100.0,0.0,100.0,100.0,7.989787925373424,2.943652625845566,3.1013431549072266,12.332112312316895,3.3100232434543697,3.3798321111351655,-2.4175825119018555,8.278388023376465,3.792393445968628,0.04597074778259042,3.6948747634887695,3.8140642642974854,20.89093780517578,0.0,20.89093780517578,20.89093780517578,241,0.016946821131131384,-0.0005699880608147079,0.06819375869452493,0.01674217223444209,0.06876374675533964,198,198,/home/bruce/.cache/huggingface/lerobot/ethanCSL/svla_koch_pick_n_place_vla_steering_height_test4_fix_dataset/videos/observation.images.top/chunk-000/file-004.mp4,True,425.3476016205769,242.37702626957275,2370.0,0.8937681903783599,0.7416666666666667,4,,2,2,cell_x02_y02,410.0,257.5,low,2,region_02,413.52837532352714,272.1005263417114
95,91,101,11,0.00039074359689494025,0.0009396177006058826,-12.95815320448442,0.11371969156265886,-13.113553047180176,-12.820512771606445,-12.847153143449264,0.08924301825981659,-12.967033386230469,-12.722832679748535,30.879646821455523,0.43755516418375684,30.229419708251953,31.30904197692871,30.77651526711204,0.18641098040955614,30.46875,31.11979103088379,-13.081354488026012,0.6582945419677296,-14.06491470336914,-12.055641174316406,-11.915162259882147,0.2160456388278791,-12.541553497314453,-11.816258430480957,-69.09896295720881,0.1427412221845438,-69.31131744384766,-68.90857696533203,100.0,0.0,100.0,100.0,-10.067710009488193,0.023494523116640763,-10.085470199584961,-10.036629676818848,-10.094350121238016,0.018837158451839173,-10.134309768676758,-10.085470199584961,18.766930276697334,15.726230678373803,2.9797377586364746,44.21930694580078,40.13405903902921,8.47720552555635,23.195083618164062,48.23348617553711,228,0.016759460783165064,4.952054901982694e-05,0.07355476749517445,0.016742895452603823,0.07350524694615462,136,136,/home/bruce/.cache/huggingface/lerobot/ethanCSL/svla_koch_pick_n_place_vla_steering_height_test4_fix_dataset/videos/observation.images.top/chunk-000/file-004.mp4,True,439.8491474713242,268.7429538408608,2364.25,0.893903377258739,0.7931034482758621,4,,2,2,cell_x02_y02,410.0,257.5,low,2,region_02,413.52837532352714,272.1005263417114
96,78,88,11,0.004420450073091301,0.005218964890105204,-11.33755111694336,0.06674795636021971,-11.452991485595703,-11.257631301879883,-11.151071114973588,0.01883752627888072,-11.159951210021973,-11.11111068725586,42.583732258189805,0.49955371183235303,42.105262756347656,43.31983947753906,41.998106176202946,0.06483584933846678,41.92708206176758,42.05729293823242,-7.545314051888206,0.4026008374454215,-8.114374160766602,-6.9551777839660645,-6.189730514179576,0.2223809065603802,-6.799637317657471,-6.074342727661133,-65.52557095614347,0.2089168459350491,-66.16995239257812,-65.44502258300781,100.0,0.0,100.0,100.0,-10.440670186823064,0.08090073101990423,-10.525030136108398,-10.329669952392578,-11.08003096147017,0.023494064355718408,-11.11111068725586,-11.062271118164062,27.500270518389616,16.88427390737472,3.0989272594451904,47.79499435424805,44.81217713789506,4.5457703124418485,34.17818832397461,48.23348617553711,224,0.016645342708102168,0.004182035311182761,0.06846070206216345,0.016661622007416263,0.06427866675098069,123,123,/home/bruce/.cache/huggingface/lerobot/ethanCSL/svla_koch_pick_n_place_vla_steering_height_test4_fix_dataset/videos/observation.images.top/chunk-000/file-004.mp4,True,417.71202738675663,298.3351107856355,2359.25,0.9244710031347962,0.7586206896551724,4,,2,3,cell_x02_y03,410.0,312.5,low,2,region_02,413.52837532352714,272.1005263417114
97,147,157,11,0.05380972366908299,0.0552308327621504,7.443667281757701,1.7026591762118783,4.615384578704834,10.085470199584961,5.680985580791127,2.0189768678722086,2.222222328186035,8.473748207092285,30.806035822088067,2.1768776022334078,26.99055290222168,33.19837951660156,30.68181835521351,1.433123200776764,27.60416603088379,31.77083396911621,-51.58072246204723,1.6073657263019552,-54.25038528442383,-49.38176345825195,-38.95436789772727,0.43048049573383934,-40.2236328125,-38.77304458618164,-99.39223202792081,0.04010500155072325,-99.43616485595703,-99.35562133789062,100.0,0.0,100.0,100.0,10.675990624861283,1.6169544992447054,8.180707931518555,13.35775375366211,7.536907369440252,1.833684136349508,4.224664211273193,10.134309768676758,3.759887218475342,0.05934798019155808,3.6948747634887695,3.8140642642974854,20.89093780517578,0.0,20.89093780517578,20.89093780517578,233,0.016564455150782142,0.0015492609308730282,0.059646858781259936,0.01674175183842004,0.05809759785038691,192,192,/home/bruce/.cache/huggingface/lerobot/ethanCSL/svla_koch_pick_n_place_vla_steering_height_test4_fix_dataset/videos/observation.images.top/chunk-000/file-004.mp4,True,429.7278446322934,257.8921278208685,2329.0,0.9024555903866249,0.7672413793103448,4,,2,2,cell_x02_y02,410.0,257.5,low,2,region_02,413.52837532352714,272.1005263417114
98,85,95,11,0.002790806349338812,0.0036860045541002723,-7.874347686767578,0.06935518224780265,-8.034188270568848,-7.741147518157959,-7.488067280162465,0.08282720388175113,-7.545787334442139,-7.301587104797363,28.033369931307707,0.15323243171646125,27.935222625732422,28.34008026123047,27.47395896911621,0.0,27.47395896911621,27.47395896911621,-17.85162284157493,0.31434400631456766,-18.238021850585938,-17.3879451751709,-16.135058663108133,0.19519592371426794,-16.711997985839844,-16.047143936157227,-68.2129398692738,0.12512736507486297,-68.34474182128906,-67.86145782470703,100.0,0.0,100.0,100.0,-6.995226816697554,0.0627911412178665,-7.057386875152588,-6.862026691436768,-6.653346495194868,0.030113573443742474,-6.666666507720947,-6.568986415863037,30.447502678090874,15.761749491913632,3.0989272594451904,47.675804138183594,45.28697100552645,3.6446881808691294,37.09677505493164,48.23348617553711,237,0.016555953838279014,0.0026538037833021416,0.06508238234545036,0.016661603832425126,0.062428578562148215,130,130,/home/bruce/.cache/huggingface/lerobot/ethanCSL/svla_koch_pick_n_place_vla_steering_height_test4_fix_dataset/videos/observation.images.top/chunk-000/file-004.mp4,True,392.632657295435,246.14044492828856,2275.0,0.8674322675911659,0.7521917007597896,4,,2,2,cell_x02_y02,410.0,257.5,low,2,region_02,413.52837532352714,272.1005263417114
99,136,146,11,0.05870334990814255,0.05998125263646214,3.8295037922534076,2.2107833240024037,0.17094017565250397,7.008546829223633,1.7471417405388572,2.336826271261577,-2.026862144470215,5.396825313568115,35.8360933824019,2.450433566176854,31.848852157592773,39.67611312866211,36.54119318181818,2.216863090303085,32.8125,39.32291793823242,-48.87593043934215,1.3248109534976316,-51.08191680908203,-46.986087799072266,-37.01475282148881,1.6039879666353936,-39.981868743896484,-35.44877624511719,-97.43711575594816,0.031068143237447155,-97.50302124023438,-97.42247009277344,100.0,0.0,100.0,100.0,5.236985195766795,2.268455517794573,1.5384615659713745,8.571428298950195,1.631701629270207,2.3610472590252463,-2.3199024200439453,5.25030517578125,3.8790767192840576,0.05934798019155808,3.8140642642974854,3.933253765106201,20.89093780517578,0.0,20.89093780517578,20.89093780517578,224,0.016564439431710987,0.0040401942140857044,0.06191466973913723,0.017043137683004098,0.057874475525051525,181,181,/home/bruce/.cache/huggingface/lerobot/ethanCSL/svla_koch_pick_n_place_vla_steering_height_test4_fix_dataset/videos/observation.images.top/chunk-000/file-004.mp4,True,395.8643384608909,275.4749792695217,2301.75,0.8879783746013545,0.73954802259887,4,,2,2,cell_x02_y02,410.0,257.5,low,2,region_02,413.52837532352714,272.1005263417114
