abs_diff,cohens_d,diff_ci95_hi,diff_ci95_lo,label_a,label_b,mean_a,mean_b,metric,n_a,n_b,ratio
7.800516839943898,3.046334950140547,9.227924420651203,6.170927406562756,baseline,eval_high,5.013321559839455,12.813838399783354,action_endpoint_delta,20,20,2.5559578078678284
77.70053975489799,1.2108622328908938,119.98191395794058,40.01246722280278,baseline,eval_high,296.6450651104346,374.3456048653326,action_max_speed,20,20,1.2619310040548035
-86.30349230008221,-1.282173417738222,-45.54510468836568,-126.37067519725186,baseline,eval_high,832.7759779699569,746.4724856698747,action_mean_jerk,20,20,0.8963664964142861
-3.756510136410448,-1.0104895727963954,-1.4385259334076703,-6.048354077561098,baseline,eval_high,65.02537839984703,61.26886826343658,action_mean_speed,20,20,0.942230091876842
-310.9497860041074,-0.7751514091077127,-71.9529726031892,-553.0276146927398,baseline,eval_high,2755.501980798468,2444.5521947943607,action_p95_jerk,20,20,0.8871531255757348
-9.034045003941372,-0.8343116522264798,-2.4596627459207903,-15.51498454720759,baseline,eval_high,149.40172712809905,140.36768212415768,action_p95_speed,20,20,0.9395318569805369
-27.09828312217155,-1.2802333260793761,-14.261039076053404,-39.78016794401892,baseline,eval_high,479.69884283534077,452.6005597131692,action_path_len,20,20,0.9435098009379433
2.135171328300281,1.4317007984618249,3.1253019721065747,1.29485438225224,baseline,eval_high,5.805905765020263,7.941077093320544,action_speed_spikiness,20,20,1.3677585222768844
0.015000033378601785,0.02561935957093689,0.361708369851112,-0.34337498307228104,baseline,eval_high,7.401666617393493,7.416666650772095,duration_s,20,20,1.002026575112568
-0.0007661306781568222,-0.49560364568473264,0.0002842714437311362,-0.0016478393012136186,baseline,eval_high,0.0026857555449221193,0.001919624866765297,eef_displacement_final,20,20,0.7147440216420536
-0.0018598237520932037,-0.36129055532174625,0.0012451119439424604,-0.004992963287993779,baseline,eval_high,0.11587941861143411,0.1140195948593409,eef_displacement_max,20,20,0.9839503544815573
0.007330430485894365,1.6040262548498407,0.010257036566605994,0.004498333505257784,baseline,eval_high,0.072070172268701,0.07940060275459536,eef_displacement_mean,20,20,1.101712389994577
0.0,nan,0.0,0.0,baseline,eval_high,0.0,0.0,eef_displacement_min,20,20,1.0
-0.0018598237520932037,-0.36129055532174625,0.0012451119439424604,-0.004992963287993779,baseline,eval_high,0.11587941861143411,0.1140195948593409,eef_displacement_range,20,20,0.9839503544815573
0.00042105306954572097,0.31300318077978023,0.0013366908158992654,-0.0003094995168833641,baseline,eval_high,0.1209789392602679,0.12139999232981362,eef_height_final,20,20,1.0034803829271148
0.0036499954465896156,0.4689952614894536,0.00823595267457482,-0.0012936162121492357,baseline,eval_high,0.21569975141724979,0.2193497468638394,eef_height_max,20,20,1.0169216480473016
0.3649995446589607,0.46899526148945225,0.8235952674574861,-0.12936162121492387,baseline,eval_high,21.56997514172498,21.934974686383942,eef_height_max_cm,20,20,1.0169216488239565
0.008883171506624044,2.007255190482192,0.011537452656737234,0.006120738333305816,baseline,eval_high,0.1690679393127952,0.17795111081941925,eef_height_mean,20,20,1.0525420196005877
0.001066426346054597,4.053780764707328,0.0012068721654948332,0.0008963364738600682,baseline,eval_high,0.11871942032335128,0.11978584666940588,eef_height_min,20,20,1.008982744805547
0.002583569100534991,0.33179993720214496,0.007150848914276765,-0.0023512331406096523,baseline,eval_high,0.09698033109389856,0.09956390019443355,eef_height_range,20,20,1.0266401321277425
-0.0007661306781568222,-0.49560364568473264,0.0002842714437311362,-0.0016478393012136186,baseline,eval_high,0.0026857555449221193,0.001919624866765297,eef_pos_endpoint_delta,20,20,0.7147440216420536
-0.022436448094490746,-0.2434737561678495,0.034550470253866865,-0.07759316756469924,baseline,eval_high,0.34874438592777823,0.3263079378332875,eef_pos_max_speed,20,20,0.9356650648541543
-0.020977317880164215,-0.36924823894647174,0.014431054322602475,-0.05556076170320323,baseline,eval_high,0.5646502826149968,0.5436729647348326,eef_pos_mean_jerk,20,20,0.9628490091043529
0.001803976501202606,0.40219488890266636,0.004469086687479333,-0.001109203114329485,baseline,eval_high,0.06851129224367283,0.07031526874487544,eef_pos_mean_speed,20,20,1.026331078845742
-0.02507670251799854,-0.14914146130664632,0.07321675997603413,-0.1288823181872769,baseline,eval_high,1.5080966141243135,1.483019911606315,eef_pos_p95_jerk,20,20,0.9833719523557984
-0.0026085721524668204,-0.2357556834468673,0.004175643564496124,-0.009201984861933897,baseline,eval_high,0.17531906811816883,0.172710495965702,eef_pos_p95_speed,20,20,0.985121002343461
0.015876572173135317,0.35224264537512695,0.04272516696227224,-0.013435506926536129,baseline,eval_high,0.5056732573333447,0.52154982950648,eef_pos_path_len,20,20,1.0313968983507078
-1.1719822432305849,-0.5764871558200346,0.09272220808128363,-2.385732507427405,baseline,eval_high,6.784274515174721,5.612292271944136,eef_pos_speed_spikiness,20,20,0.82725017407806
1.6295729077873293,1.5012212987108606,2.2857442089964124,0.9787644385905562,baseline,eval_high,4.414458996249811,6.044031904037141,state_endpoint_delta,20,20,1.3691444196174993
-15.444806874777896,-0.23684679041625514,25.684169802847148,-53.38321142087627,baseline,eval_high,223.50364958498147,208.05884271020358,state_max_speed,20,20,0.9308968470860948
-28.64384371568707,-0.6588181216691862,-1.5187215420018552,-55.205104535645134,baseline,eval_high,339.72244848514345,311.0786047694564,state_mean_jerk,20,20,0.9156845717950942
-0.4248527349621085,-0.1456729974370028,1.339424619278842,-2.271205764268273,baseline,eval_high,45.310541691905975,44.885688956943866,state_mean_speed,20,20,0.9906235344137535
12.851283384171666,0.07817275477893942,118.80796568212368,-85.91939305411098,baseline,eval_high,991.3360200601313,1004.187303444303,state_p95_jerk,20,20,1.012963599752244
-0.4549108234095911,-0.04448679921585671,5.924214180301086,-6.689297405957295,baseline,eval_high,119.24226622017895,118.78735539676936,state_p95_speed,20,20,0.9961849867686056
-2.4954784872757045,-0.14864498729164105,7.38518295659478,-12.687017315068733,baseline,eval_high,334.1225475945717,331.627069107296,state_path_len,20,20,0.992531247875468
-0.1828244856124499,-0.09058355312082592,1.1194953893471131,-1.33755439586882,baseline,eval_high,6.044735331863164,5.861910846250714,state_speed_spikiness,20,20,0.969754757607618
7.392876226022557,2.0710083882670878,9.599325520830682,5.177751347450684,baseline,eval_low,5.013321559839455,12.406197785862012,action_endpoint_delta,20,20,2.4746463244047012
76.65839114326752,0.7288944857757212,148.31634350632044,17.328261456546297,baseline,eval_low,296.6450651104346,373.3034562537021,action_max_speed,20,20,1.2584178877614063
58.20004255432934,0.8314379597507124,100.61813788778544,14.962507021738508,baseline,eval_low,832.7759779699569,890.9760205242862,action_mean_jerk,20,20,1.0698867931991791
-2.5547788489675582,-0.7547026809096032,-0.5443608330638171,-4.639151508249929,baseline,eval_low,65.02537839984703,62.47059955087947,action_mean_speed,20,20,0.9607110498786321
188.83306557249762,0.3820632770332946,486.55982882854573,-114.9326729880206,baseline,eval_low,2755.501980798468,2944.3350463709658,action_p95_jerk,20,20,1.0685294610157
-2.8186682390730198,-0.2829434840193813,3.187666756401801,-8.848997959536296,baseline,eval_low,149.40172712809905,146.58305888902603,action_p95_speed,20,20,0.9811336301589901
-42.29519006537271,-1.7517962926881598,-26.939516684032792,-56.41403611354977,baseline,eval_low,479.69884283534077,437.40365276996806,action_path_len,20,20,0.9118297017051403
1.990928063577793,0.8770452090860926,3.5067017565494867,0.6883487239934702,baseline,eval_low,5.805905765020263,7.796833828598056,action_speed_spikiness,20,20,1.3429142911935812
-0.38333332538604736,-0.6788888453715191,-0.03666663050651551,-0.7184167665243151,baseline,eval_low,7.401666617393493,7.018333292007446,duration_s,20,20,0.9482098634424665
-7.660717772331157e-05,-0.04292564563914198,0.0010586154880916957,-0.0011102289662001683,baseline,eval_low,0.0026857555449221193,0.0026091483671988078,eef_displacement_final,20,20,0.9714765952418483
-0.011333966736479392,-2.078761268521583,-0.008039932067768898,-0.014639177684773432,baseline,eval_low,0.11587941861143411,0.10454545187495472,eef_displacement_max,20,20,0.9021917274507424
-0.0006043202185276597,-0.1401761697842441,0.002036003851243889,-0.0032371404205892604,baseline,eval_low,0.072070172268701,0.07146585205017333,eef_displacement_mean,20,20,0.9916148371003898
0.0,nan,0.0,0.0,baseline,eval_low,0.0,0.0,eef_displacement_min,20,20,1.0
-0.011333966736479392,-2.078761268521583,-0.008039932067768898,-0.014639177684773432,baseline,eval_low,0.11587941861143411,0.10454545187495472,eef_displacement_range,20,20,0.9021917274507424
0.000612784488642576,0.45974891888982156,0.0014619384350669684,-0.00012191641566431412,baseline,eval_low,0.1209789392602679,0.12159172374891047,eef_height_final,20,20,1.0050652158279558
-0.005683697625660844,-0.9433249271440839,-0.0021823705903855494,-0.009382363168523969,baseline,eval_low,0.21569975141724979,0.21001605379158894,eef_height_max,20,20,0.9736499586818443
-0.5683697625660855,-0.9433249271440856,-0.2182370590385587,-0.9382363168523944,baseline,eval_low,21.56997514172498,21.001605379158896,eef_height_max_cm,20,20,0.973649957472453
0.004573399892211977,1.3764008097074047,0.006523047704334812,0.002588851018205912,baseline,eval_low,0.1690679393127952,0.17364133920500718,eef_height_mean,20,20,1.0270506616469965
0.0007184270010349159,1.6347134348055317,0.0009826972139428641,0.00044873411639713044,baseline,eval_low,0.11871942032335128,0.1194378473243862,eef_height_min,20,20,1.0060514694105098
-0.0064021246266958015,-1.0744008673945116,-0.002962159699813382,-0.010086956981624956,baseline,eval_low,0.09698033109389856,0.09057820646720276,eef_height_range,20,20,0.9339853360538594
-7.660717772331157e-05,-0.04292564563914198,0.0010586154880916957,-0.0011102289662001683,baseline,eval_low,0.0026857555449221193,0.0026091483671988078,eef_pos_endpoint_delta,20,20,0.9714765952418483
-0.07307466279763708,-0.8889114243496427,-0.023512735005199,-0.12383850865413545,baseline,eval_low,0.34874438592777823,0.27566972313014115,eef_pos_max_speed,20,20,0.7904635496629738
-0.02742782874388272,-0.46465530600430066,0.009347535322077645,-0.06286360970020109,baseline,eval_low,0.5646502826149968,0.5372224538711141,eef_pos_mean_jerk,20,20,0.9514251048788809
-0.0023625465897679776,-0.5694525523533419,0.00015563860839891584,-0.004982513847381187,baseline,eval_low,0.06851129224367283,0.06614874565390486,eef_pos_mean_speed,20,20,0.9655159585003193
0.0031277366683160057,0.01601074772808236,0.11508830613587824,-0.12068132565509516,baseline,eval_low,1.5080966141243135,1.5112243507926295,eef_pos_p95_jerk,20,20,1.0020739630460562
-0.01306952965169525,-1.3108427238375426,-0.00704148023884866,-0.018799891625475545,baseline,eval_low,0.17531906811816883,0.16224953846647358,eef_pos_p95_speed,20,20,0.9254528954179984
-0.04163859178206614,-1.0933836106851444,-0.01856714396151736,-0.06476271622629785,baseline,eval_low,0.5056732573333447,0.46403466555127854,eef_pos_path_len,20,20,0.9176571227471718
-1.6911072000891911,-0.9055710538924645,-0.5545107996063119,-2.82034790420238,baseline,eval_low,6.784274515174721,5.0931673150855294,eef_pos_speed_spikiness,20,20,0.7507313134493715
0.5851973144010589,0.40490646931688834,1.4379058311535655,-0.28608180744498435,baseline,eval_low,4.414458996249811,4.99965631065087,state_endpoint_delta,20,20,1.1325637668336166
-3.710231429974556,-0.06104928915015573,32.294991912351136,-40.92068294420716,baseline,eval_low,223.50364958498147,219.79341815500692,state_max_speed,20,20,0.9833996830177136
1.3545241904424756,0.030660084716081927,28.273831214550928,-25.724243081915557,baseline,eval_low,339.72244848514345,341.0769726755859,state_mean_jerk,20,20,1.0039871494993708
-0.6566663934521699,-0.2416827171127869,0.9578144185780949,-2.3450358718497664,baseline,eval_low,45.310541691905975,44.653875298453805,state_mean_speed,20,20,0.9855074256721026
-16.187709223137404,-0.10751375275181473,75.30736324444656,-113.68279895072376,baseline,eval_low,991.3360200601313,975.1483108369939,state_p95_jerk,20,20,0.9836708150461514
-3.9688832189654875,-0.40709852048632433,2.1047662629353185,-9.934863290535473,baseline,eval_low,119.24226622017895,115.27338300121346,state_p95_speed,20,20,0.9667158018340228
-21.738672340246296,-1.395286302290501,-12.614332987203257,-31.372335300752223,baseline,eval_low,334.1225475945717,312.3838752543254,state_path_len,20,20,0.9349380264932804
-0.022358324349162295,-0.012850737712504992,0.9883480658487532,-1.0839049988014497,baseline,eval_low,6.044735331863164,6.0223770075140015,state_speed_spikiness,20,20,0.9963011905261893
-0.9456593478052167,-0.6182523147693101,0.07654001343771635,-1.8422339968661978,baseline,prompt_low,5.013321559839455,4.0676622120342385,action_endpoint_delta,20,20,0.8113706981227019
28.8580891725573,0.40300348560883187,74.28067039014233,-12.048534051774952,baseline,prompt_low,296.6450651104346,325.5031542829919,action_max_speed,20,20,1.0972815413627097
-96.0460155821487,-1.30611405323907,-51.21480770245944,-141.72789445553738,baseline,prompt_low,832.7759779699569,736.7299623878082,action_mean_jerk,20,20,0.8846676439741633
-3.2884242723512926,-0.9677025729050358,-1.1312048572014077,-5.32443516116159,baseline,prompt_low,65.02537839984703,61.736954127495736,action_mean_speed,20,20,0.9494286022970178
-322.99862701939946,-0.7876002207566942,-77.9362607630419,-578.9627826074816,baseline,prompt_low,2755.501980798468,2432.5033537790687,action_p95_jerk,20,20,0.8827804772890668
-5.766967778693498,-0.7020943808884603,-0.8489067492648527,-10.575693596205499,baseline,prompt_low,149.40172712809905,143.63475934940556,action_p95_speed,20,20,0.9613995909608005
2.816591327238257,0.13181792191984662,15.882209134277126,-10.372577922223481,baseline,prompt_low,479.69884283534077,482.515434162579,action_path_len,20,20,1.005871582492323
0.9808697100435548,0.5966997906056637,2.0633522696498305,0.03583347727954261,baseline,prompt_low,5.805905765020263,6.786775475063818,action_speed_spikiness,20,20,1.168943442772309
0.4349999666213993,0.7724893936858351,0.780041636824608,0.08662501156330076,baseline,prompt_low,7.401666617393493,7.836666584014893,duration_s,20,20,1.0587705429762897
-0.0001520955809712161,-0.0796004599832259,0.0011705442897127203,-0.0011920084169101204,baseline,prompt_low,0.0026857555449221193,0.002533659963950903,eef_displacement_final,20,20,0.9433697474975886
0.001992773968138087,0.40568782842093176,0.004934717072416643,-0.0009395099025694433,baseline,prompt_low,0.11587941861143411,0.1178721925795722,eef_displacement_max,20,20,1.0171969605996267
9.53017632973896e-05,0.020031586846857064,0.003054374376293641,-0.0027316025340243535,baseline,prompt_low,0.072070172268701,0.07216547403199838,eef_displacement_mean,20,20,1.0013223466390313
0.0,nan,0.0,0.0,baseline,prompt_low,0.0,0.0,eef_displacement_min,20,20,1.0
0.001992773968138087,0.40568782842093176,0.004934717072416643,-0.0009395099025694433,baseline,prompt_low,0.11587941861143411,0.1178721925795722,eef_displacement_range,20,20,1.0171969605996267
0.00010329193255727287,0.056757670742939054,0.0014000086716242407,-0.0008662554625254504,baseline,prompt_low,0.1209789392602679,0.12108223119282517,eef_height_final,20,20,1.000853800873531
-0.0009139583766733794,-0.12412213776248773,0.003606731984580122,-0.005235683736833355,baseline,prompt_low,0.21569975141724979,0.2147857930405764,eef_height_max,20,20,0.9957628215688871
-0.09139583766734205,-0.1241221377624933,0.3606731984580129,-0.523568373683333,baseline,prompt_low,21.56997514172498,21.47857930405764,eef_height_max_cm,20,20,0.9957628213744125
-0.000591156700101042,-0.13764608590679495,0.0021025405100498573,-0.003129812857818229,baseline,prompt_low,0.1690679393127952,0.16847678261269416,eef_height_mean,20,20,0.996503437212648
-1.133604812970923e-05,-0.07010484907911455,8.353256366465667e-05,-0.00012038429251177048,baseline,prompt_low,0.11871942032335128,0.11870808427522157,eef_height_min,20,20,0.9999045139612038
-0.0009026223285437118,-0.12266331342217598,0.003643451441457469,-0.005182610843272656,baseline,prompt_low,0.09698033109389856,0.09607770876535485,eef_height_range,20,20,0.9906927288730634
-0.0001520955809712161,-0.0796004599832259,0.0011705442897127203,-0.0011920084169101204,baseline,prompt_low,0.0026857555449221193,0.002533659963950903,eef_pos_endpoint_delta,20,20,0.9433697474975886
-0.027002962693938592,-0.2547800114355281,0.03785756849071749,-0.08949378578326553,baseline,prompt_low,0.34874438592777823,0.32174142323383964,eef_pos_max_speed,20,20,0.922570905771542
-0.08119981756123856,-1.3188118460654268,-0.042996298198054034,-0.1180736172220111,baseline,prompt_low,0.5646502826149968,0.48345046505375827,eef_pos_mean_jerk,20,20,0.8561945001654251
-0.002575939313313347,-0.6076794927476703,-9.845538820084486e-07,-0.005156812782194581,baseline,prompt_low,0.06851129224367283,0.06593535293035949,eef_pos_mean_speed,20,20,0.9624012501739997
-0.13438381980676595,-0.7372663006574307,-0.028508389046336596,-0.24551595685699878,baseline,prompt_low,1.5080966141243135,1.3737127943175476,eef_pos_p95_jerk,20,20,0.9108917706882363
-0.003469838217919241,-0.32300322751850835,0.0029573011880694032,-0.009836342965015642,baseline,prompt_low,0.17531906811816883,0.1718492299002496,eef_pos_p95_speed,20,20,0.9802084390634287
0.011347121388524117,0.26406783104755893,0.037885647059778475,-0.014531573702425233,baseline,prompt_low,0.5056732573333447,0.5170203787218688,eef_pos_path_len,20,20,1.022439630729073
-0.22676145181116691,-0.09420928885280046,1.2232675500047996,-1.6000899780530566,baseline,prompt_low,6.784274515174721,6.557513063363554,eef_pos_speed_spikiness,20,20,0.9665754310251283
-0.3996159778626618,-0.4564154289668879,0.1594671305471842,-0.9061152328107237,baseline,prompt_low,4.414458996249811,4.0148430183871495,state_endpoint_delta,20,20,0.9094756622959004
11.34502096374095,0.15466094197939723,57.24055931647535,-29.77579402045487,baseline,prompt_low,223.50364958498147,234.84867054872242,state_max_speed,20,20,1.050759891323026
-29.071220983088836,-0.6581758600951637,-2.693058629450798,-56.14932604671937,baseline,prompt_low,339.72244848514345,310.6512275020546,state_mean_jerk,20,20,0.9144265528761358
-1.8900289683970186,-0.6762970195475623,-0.13342180196815537,-3.6100025113213707,baseline,prompt_low,45.310541691905975,43.420512723508956,state_mean_speed,20,20,0.9582872131427748
-110.98095414061845,-0.8337465091779092,-33.66784399093677,-191.94138894718637,baseline,prompt_low,991.3360200601313,880.3550659195129,state_p95_jerk,20,20,0.8880491055567947
-0.9166264776958286,-0.1050085384953423,4.4414619539282025,-5.999929608490039,baseline,prompt_low,119.24226622017895,118.32563974248312,state_p95_speed,20,20,0.992312906264911
4.95789499050494,0.352271198786444,13.389223946113722,-3.38070218360307,baseline,prompt_low,334.1225475945717,339.08044258507664,state_path_len,20,20,1.0148385525791348
0.6734682372411118,0.30866788332241446,2.0367805140055095,-0.6016910457808609,baseline,prompt_low,6.044735331863164,6.718203569104276,state_speed_spikiness,20,20,1.1114140155280197
1.3076803813881197,0.8672862473729928,2.1886816561988316,0.4079921241303045,baseline,prompt_high,5.013321559839455,6.321001941227575,action_endpoint_delta,20,20,1.2608411136551123
32.75519016920515,0.36570359632284727,92.32547522466724,-16.156068616055137,baseline,prompt_high,296.6450651104346,329.40025527963974,action_max_speed,20,20,1.1104187934355385
-35.60130745973663,-0.5130075851813273,7.5800914905833,-76.5028337366598,baseline,prompt_high,832.7759779699569,797.1746705102203,action_mean_jerk,20,20,0.9572498386107464
-1.3106012738463804,-0.35889903769445247,0.9670002248643974,-3.590920166387222,baseline,prompt_high,65.02537839984703,63.71477712600065,action_mean_speed,20,20,0.9798447728272212
-208.74193536761004,-0.5575458845864142,17.81789143963449,-447.0700374904472,baseline,prompt_high,2755.501980798468,2546.760045430858,action_p95_jerk,20,20,0.9242454054392061
-2.452308719996921,-0.25718460865685616,3.381221187789075,-7.984192216628414,baseline,prompt_high,149.40172712809905,146.94941840810213,action_p95_speed,20,20,0.9835858074269106
7.169834975340734,0.250536071615036,24.675494915088137,-9.728028154427491,baseline,prompt_high,479.69884283534077,486.8686778106815,action_path_len,20,20,1.0149465338144505
0.7569423428920787,0.44085893155827505,1.8655964117395063,-0.22325713789607482,baseline,prompt_high,5.805905765020263,6.562848107912342,action_speed_spikiness,20,20,1.1303745483002499
0.2816666841506965,0.37108368234058897,0.760124990344048,-0.1467500507831575,baseline,prompt_high,7.401666617393493,7.68333330154419,duration_s,20,20,1.038054494795571
-0.0002648504685291734,-0.16316103718318936,0.0007681546467213173,-0.0011859205059170908,baseline,prompt_high,0.0026857555449221193,0.002420905076392946,eef_displacement_final,20,20,0.9013873459543345
-0.00026820429302193416,-0.052428597202307456,0.002855793857499971,-0.003359851003064075,baseline,prompt_high,0.11587941861143411,0.11561121431841218,eef_displacement_max,20,20,0.99768548830249
0.00014590217366219904,0.029762857773146804,0.0032967728181122215,-0.0028833653177596902,baseline,prompt_high,0.072070172268701,0.07221607444236319,eef_displacement_mean,20,20,1.0020244457425989
0.0,nan,0.0,0.0,baseline,prompt_high,0.0,0.0,eef_displacement_min,20,20,1.0
-0.00026820429302193416,-0.052428597202307456,0.002855793857499971,-0.003359851003064075,baseline,prompt_high,0.11587941861143411,0.11561121431841218,eef_displacement_range,20,20,0.99768548830249
0.0002600593396480805,0.1719910664283547,0.0012548541253705513,-0.0005551597308784261,baseline,prompt_high,0.1209789392602679,0.12123899859991598,eef_height_final,20,20,1.0021496247176738
0.00026528385845114855,0.038694380977359916,0.004222229842620403,-0.00395161990341973,baseline,prompt_high,0.21569975141724979,0.21596503527570093,eef_height_max,20,20,1.0012298755302653
0.026528385845114855,0.03869438097735991,0.4222229842620382,-0.39516199034197574,baseline,prompt_high,21.56997514172498,21.596503527570096,eef_height_max_cm,20,20,1.001229875586713
0.0005028729720714942,0.11742311166847576,0.0030925738503738208,-0.0021668144825071805,baseline,prompt_high,0.1690679393127952,0.1695708122848667,eef_height_mean,20,20,1.0029743838150016
0.0005838996300660537,2.5737835639675946,0.0007139637136717926,0.0004407657483028602,baseline,prompt_high,0.11871942032335128,0.11930331995341734,eef_height_min,20,20,1.0049183156327124
-0.0003186157716149607,-0.046458795316669195,0.0036316148362672187,-0.0045390755224399715,baseline,prompt_high,0.09698033109389856,0.0966617153222836,eef_height_range,20,20,0.9967146354815718
-0.0002648504685291734,-0.16316103718318936,0.0007681546467213173,-0.0011859205059170908,baseline,prompt_high,0.0026857555449221193,0.002420905076392946,eef_pos_endpoint_delta,20,20,0.9013873459543345
0.0077913629473742585,0.08054966498229382,0.06639271062382959,-0.04994510665034206,baseline,prompt_high,0.34874438592777823,0.3565357488751525,eef_pos_max_speed,20,20,1.0223411846565924
-0.03217215732556511,-0.47097863262879713,0.010539160597922308,-0.07273388990976923,baseline,prompt_high,0.5646502826149968,0.5324781252894317,eef_pos_mean_jerk,20,20,0.9430228625640659
-0.0010504344817626604,-0.22740338634311996,0.0017627717577445084,-0.003974079879474001,baseline,prompt_high,0.06851129224367283,0.06746085776191017,eef_pos_mean_speed,20,20,0.9846677198161173
-0.10805265572047507,-0.5598631261892385,0.006301916297121478,-0.22921084141035142,baseline,prompt_high,1.5080966141243135,1.4000439584038384,eef_pos_p95_jerk,20,20,0.9283516361007594
-0.0038052940162641713,-0.36580514989689067,0.0026120695911979403,-0.010032616731854353,baseline,prompt_high,0.17531906811816883,0.17151377410190466,eef_pos_p95_speed,20,20,0.9782950374990033
0.011103261654137553,0.2383345574378089,0.03994404908917292,-0.016526278367500567,baseline,prompt_high,0.5056732573333447,0.5167765189874822,eef_pos_path_len,20,20,1.0219573830997442
0.11031875202135843,0.055102877280502366,1.3347555137868072,-1.0904051505895427,baseline,prompt_high,6.784274515174721,6.894593267196079,eef_pos_speed_spikiness,20,20,1.0162609504689106
1.078260998772496,1.2530264489492549,1.6185633047274524,0.5690194926011803,baseline,prompt_high,4.414458996249811,5.492719995022307,state_endpoint_delta,20,20,1.2442566568736821
21.811261193261657,0.2670077727050174,73.12132858258951,-26.14866330455383,baseline,prompt_high,223.50364958498147,245.31491077824313,state_max_speed,20,20,1.0975879419990975
-12.29700647352314,-0.2881375774681046,13.775597480548406,-38.12305007223196,baseline,prompt_high,339.72244848514345,327.4254420116203,state_mean_jerk,20,20,0.9638027851029722
-0.9167535184011371,-0.29042506736820195,0.9915939021235939,-2.9063009101169985,baseline,prompt_high,45.310541691905975,44.39378817350484,state_mean_speed,20,20,0.9797673238066237
-147.96793814913065,-1.0600684923071055,-64.31148137165151,-234.31608043413348,baseline,prompt_high,991.3360200601313,843.3680819110007,state_p95_jerk,20,20,0.8507388663849188
-2.2205646858984807,-0.24230068181405648,3.5318858750682858,-7.643244094621515,baseline,prompt_high,119.24226622017895,117.02170153428047,state_p95_speed,20,20,0.9813777047677706
4.437121591493451,0.2508132209748412,15.275666891014199,-5.958728703061271,baseline,prompt_high,334.1225475945717,338.55966918606515,state_path_len,20,20,1.0132799226610252
0.7976496194340932,0.3390416931336596,2.2542686179626554,-0.6199302244235935,baseline,prompt_high,6.044735331863164,6.842384951297257,state_speed_spikiness,20,20,1.1319577407980006
1.4558010576003486,0.5891664567730648,3.059623700903314,0.044282776991982256,baseline,dataset_high,5.013321559839455,6.469122617439804,action_endpoint_delta,20,20,1.2903865306304236
-38.65084974187238,-0.8132638810485235,-10.83738748886008,-68.35220193330338,baseline,dataset_high,296.6450651104346,257.9942153685622,action_max_speed,20,20,0.869706749626256
-566.7102313000257,-10.17296783197942,-533.5383475349445,-599.8406477287807,baseline,dataset_high,832.7759779699569,266.0657466699311,action_mean_jerk,20,20,0.31949258109644313
-17.605227340862662,-5.260131797689916,-15.527277735903189,-19.605201054610262,baseline,dataset_high,65.02537839984703,47.420151058984366,action_mean_speed,20,20,0.7292560570751461
-1838.0586280499406,-5.796210122036705,-1648.2214431834211,-2046.3928559337896,baseline,dataset_high,2755.501980798468,917.4433527485274,action_p95_jerk,20,20,0.33294962556671737
-32.539511708616615,-3.884799944007006,-27.43901850216347,-37.37091366069924,baseline,dataset_high,149.40172712809905,116.86221541948244,action_p95_speed,20,20,0.7822012346715455
-28.222015477154514,-1.309166904978188,-14.966162887840873,-41.02983337580109,baseline,dataset_high,479.69884283534077,451.47682735818626,action_path_len,20,20,0.9411672221059463
0.8416434726649182,0.6970706825493019,1.5795121745809044,0.10906389200248248,baseline,dataset_high,5.805905765020263,6.6475492376851815,action_speed_spikiness,20,20,1.1449633365195253
2.133333468437195,4.191856793738885,2.44504183292389,1.8299584227800358,baseline,dataset_high,7.401666617393493,9.535000085830688,duration_s,20,20,1.2882233928966418
-0.0004885488967847447,-0.3080251160387975,0.0005441733963667969,-0.0014031617963760972,baseline,dataset_high,0.0026857555449221193,0.0021972066481373747,eef_displacement_final,20,20,0.8180969676566048
-0.0029907466481173817,-0.38768736881329346,0.0017710277855491248,-0.0075044805162175696,baseline,dataset_high,0.11587941861143411,0.11288867196331673,eef_displacement_max,20,20,0.9741908750849477
-0.008229503589309586,-1.4961839467281552,-0.004768562503521411,-0.011440163504138488,baseline,dataset_high,0.072070172268701,0.06384066867939141,eef_displacement_mean,20,20,0.8858126435891708
0.0,nan,0.0,0.0,baseline,dataset_high,0.0,0.0,eef_displacement_min,20,20,1.0
-0.0029907466481173817,-0.38768736881329346,0.0017710277855491248,-0.0075044805162175696,baseline,dataset_high,0.11587941861143411,0.11288867196331673,eef_displacement_range,20,20,0.9741908750849477
-0.0004931404177311166,-0.5599001453884299,4.729436157920472e-05,-0.0010282113594383296,baseline,dataset_high,0.1209789392602679,0.12048579884253678,eef_height_final,20,20,0.9959237501999608
0.008170262934735606,1.141523766870454,0.012094509540809996,0.0038102442392455396,baseline,dataset_high,0.21569975141724979,0.2238700143519854,eef_height_max,20,20,1.0378779414546084
0.8170262934735533,1.1415237668704434,1.2094509540809972,0.38102442392455355,baseline,dataset_high,21.56997514172498,22.387001435198535,eef_height_max_cm,20,20,1.0378779431930971
0.0006239667909202218,0.1689496427459488,0.0028117745799818303,-0.0016059166561484615,baseline,dataset_high,0.1690679393127952,0.16969190610371543,eef_height_mean,20,20,1.0036906273096493
0.001052051133311832,3.391752498731335,0.0012399614652843505,0.0008604603908263113,baseline,dataset_high,0.11871942032335128,0.11977147145666311,eef_height_min,20,20,1.0088616592115243
0.007118211801423677,0.9925833403308405,0.011135515267255357,0.002716429795650108,baseline,dataset_high,0.09698033109389856,0.10409854289532224,eef_height_range,20,20,1.0733985024298034
-0.0004885488967847447,-0.3080251160387975,0.0005441733963667969,-0.0014031617963760972,baseline,dataset_high,0.0026857555449221193,0.0021972066481373747,eef_pos_endpoint_delta,20,20,0.8180969676566048
-0.1485536019998623,-2.0606958851223145,-0.10434828437339945,-0.19273183636129143,baseline,dataset_high,0.34874438592777823,0.20019078392791592,eef_pos_max_speed,20,20,0.5740330060224784
-0.27065312532414176,-5.186591041920943,-0.2377823068366859,-0.30149932246625666,baseline,dataset_high,0.5646502826149968,0.29399715729085507,eef_pos_mean_jerk,20,20,0.520671238704759
-0.009082731389266456,-1.6983093118303403,-0.00577801546769881,-0.012325290773479405,baseline,dataset_high,0.06851129224367283,0.05942856085440638,eef_pos_mean_speed,20,20,0.8674272551853989
-0.5831075782731525,-3.756036395961643,-0.49368200116412775,-0.6834757366887605,baseline,dataset_high,1.5080966141243135,0.924989035851161,eef_pos_p95_jerk,20,20,0.6133486615211159
-0.01807521420955524,-1.3389852297926041,-0.010163766375367065,-0.026031865711481864,baseline,dataset_high,0.17531906811816883,0.1572438539086136,eef_pos_p95_speed,20,20,0.8969010423533476
0.06079356074601505,1.255039029172213,0.09010973883612639,0.03268487074888994,baseline,dataset_high,0.5056732573333447,0.5664668180793597,eef_pos_path_len,20,20,1.1202230069756474
-2.1676901861043794,-1.2358895775289438,-1.0439349919555159,-3.2423455724646675,baseline,dataset_high,6.784274515174721,4.616584329070341,eef_pos_speed_spikiness,20,20,0.6804831263739946
0.3478473272420919,0.2301709334025451,1.2966377189650657,-0.551797516217121,baseline,dataset_high,4.414458996249811,4.762306323491903,state_endpoint_delta,20,20,1.0787972720438956
-69.72760991215105,-1.6855832554455152,-46.310528866850305,-95.30031843587957,baseline,dataset_high,223.50364958498147,153.77603967283042,state_max_speed,20,20,0.6880247367839102
-165.80587650961147,-4.940536439945212,-146.40284378737502,-187.38965253288245,baseline,dataset_high,339.72244848514345,173.91657197553198,state_mean_jerk,20,20,0.5119372380480716
-8.835496815826907,-3.1668332612984633,-7.177704937853372,-10.482707910315368,baseline,dataset_high,45.310541691905975,36.47504487607907,state_mean_speed,20,20,0.8050012980653629
-462.641515628363,-4.021539388804453,-394.2440146297945,-533.5219281875736,baseline,dataset_high,991.3360200601313,528.6945044317683,state_p95_jerk,20,20,0.533315136077035
-18.16628022845798,-1.7969489540868169,-11.947313871149928,-23.95406837769574,baseline,dataset_high,119.24226622017895,101.07598599172097,state_p95_speed,20,20,0.8476523400403112
13.360294344804117,0.6510807532514624,25.564951714325243,1.6096832090089166,baseline,dataset_high,334.1225475945717,347.4828419393758,state_path_len,20,20,1.0399862099717252
-1.2994932833324055,-1.0646842656988016,-0.5849276755177745,-2.030944168554439,baseline,dataset_high,6.044735331863164,4.745242048530758,state_speed_spikiness,20,20,0.7850206485745224
-0.0938421008087964,-0.06039369473287105,0.8402515326873794,-1.0255306659670265,baseline,dataset_low,5.013321559839455,4.919479459030659,action_endpoint_delta,20,20,0.9812814519273294
-34.44399081550392,-0.7654890010368836,-8.53339782957762,-62.039466407103035,baseline,dataset_low,296.6450651104346,262.20107429493066,action_max_speed,20,20,0.883888205584947
-528.0960346128829,-9.673548948881058,-495.0253208723925,-560.9588491662142,baseline,dataset_low,832.7759779699569,304.67994335707397,action_mean_jerk,20,20,0.36586062929688273
-12.549896749424292,-3.939276048939365,-10.47460026438919,-14.434377696506772,baseline,dataset_low,65.02537839984703,52.475481650422736,action_mean_speed,20,20,0.8070000197411568
-1708.215960367967,-5.427115143098143,-1524.9000405246213,-1907.100465340982,baseline,dataset_low,2755.501980798468,1047.2860204305011,action_p95_jerk,20,20,0.38007086466808704
-21.348569415753218,-3.1679881224284223,-17.45679812826636,-25.473958969387876,baseline,dataset_low,149.40172712809905,128.05315771234584,action_p95_speed,20,20,0.8571062743068577
-76.08218236185314,-3.676571370232665,-62.984199250684526,-88.54405462455964,baseline,dataset_low,479.69884283534077,403.6166604734876,action_path_len,20,20,0.8413959435245444
0.38425612328834013,0.30180661949278564,1.1917938892809175,-0.3425955724063908,baseline,dataset_low,5.805905765020263,6.190161888308603,action_speed_spikiness,20,20,1.0661836650779954
0.2933333396911628,0.655841354305764,0.570041694641114,0.013333415389060632,baseline,dataset_low,7.401666617393493,7.694999957084656,duration_s,20,20,1.0396307148724504
-0.0006167598945242231,-0.32825512914612603,0.0006327571330588502,-0.001647711743645438,baseline,dataset_low,0.0026857555449221193,0.0020689956503978963,eef_displacement_final,20,20,0.7703597413071632
-0.014523001952130021,-1.3298340104837574,-0.007495050981629229,-0.02104957526684273,baseline,dataset_low,0.11587941861143411,0.10135641665930409,eef_displacement_max,20,20,0.8746714397356201
-0.013029404081185358,-1.9528323147361373,-0.008640601182250782,-0.01706608366821658,baseline,dataset_low,0.072070172268701,0.059040768187515635,eef_displacement_mean,20,20,0.8192122779347566
0.0,nan,0.0,0.0,baseline,dataset_low,0.0,0.0,eef_displacement_min,20,20,1.0
-0.014523001952130021,-1.3298340104837574,-0.007495050981629229,-0.02104957526684273,baseline,dataset_low,0.11587941861143411,0.10135641665930409,eef_displacement_range,20,20,0.8746714397356201
-0.0006410767955224023,-0.6755165527747687,-4.3916145268571557e-05,-0.0011902856974350512,baseline,dataset_low,0.1209789392602679,0.1203378624647455,eef_height_final,20,20,0.9947009227684461
-0.010475072017345877,-1.7425093059046424,-0.006987985209217776,-0.014161979299643367,baseline,dataset_low,0.21569975141724979,0.2052246793999039,eef_height_max,20,20,0.9514367936778433
-1.047507201734586,-1.7425093059046395,-0.6987985209217767,-1.4161979299643344,baseline,dataset_low,21.56997514172498,20.522467939990396,eef_height_max_cm,20,20,0.9514367914489315
-0.00832336499361197,-2.4884944922343415,-0.006318985983868662,-0.010371576488444745,baseline,dataset_low,0.1690679393127952,0.16074457431918324,eef_height_mean,20,20,0.9507691136762251
0.0009602851103063248,2.414551538643821,0.0012150449075326798,0.0007337478897083798,baseline,dataset_low,0.11871942032335128,0.11967970543365761,eef_height_min,20,20,1.0080886937183815
-0.011435357127652215,-1.9182769372463067,-0.008002048743909862,-0.015075813992277587,baseline,dataset_low,0.09698033109389856,0.08554497396624634,eef_height_range,20,20,0.8820858227691709
-0.0006167598945242231,-0.32825512914612603,0.0006327571330588502,-0.001647711743645438,baseline,dataset_low,0.0026857555449221193,0.0020689956503978963,eef_pos_endpoint_delta,20,20,0.7703597413071632
-0.15024677202427036,-2.064748136958671,-0.10585843321275779,-0.19363866520785994,baseline,dataset_low,0.34874438592777823,0.19849761390350787,eef_pos_max_speed,20,20,0.5691779601947063
-0.2703523724338731,-5.28573474677033,-0.23833662684181048,-0.30003892250131575,baseline,dataset_low,0.5646502826149968,0.2942979101811237,eef_pos_mean_jerk,20,20,0.5212038743806847
-0.014438405413126472,-2.742440915629254,-0.01117972802497425,-0.017704314647003082,baseline,dataset_low,0.06851129224367283,0.05407288683054636,eef_pos_mean_speed,20,20,0.7892551310472298
-0.5335735208847009,-3.4821962139741953,-0.4460912736040546,-0.6319649357742604,baseline,dataset_low,1.5080966141243135,0.9745230932396126,eef_pos_p95_jerk,20,20,0.646194075134593
-0.022340151100241595,-1.9098029690698504,-0.015150394231643322,-0.029290409501375576,baseline,dataset_low,0.17531906811816883,0.15297891701792724,eef_pos_p95_speed,20,20,0.8725743293882492
-0.0888677178057532,-2.0055989746755323,-0.061660215582691066,-0.1155576969984469,baseline,dataset_low,0.5056732573333447,0.4168055395275915,eef_pos_path_len,20,20,0.8242586200484852
-0.0715204223263548,-0.0358924688505626,1.1386855041061972,-1.2929659403830835,baseline,dataset_low,6.784274515174721,6.712754092848366,eef_pos_speed_spikiness,20,20,0.9894579115186214
-0.32187418207676366,-0.20468468259130987,0.69076753089434,-1.2173016333988764,baseline,dataset_low,4.414458996249811,4.092584814173048,state_endpoint_delta,20,20,0.927086380999106
-74.78694866238035,-1.8245588317674117,-51.53728050983472,-100.14852492738603,baseline,dataset_low,223.50364958498147,148.71670092260112,state_max_speed,20,20,0.6653882440044969
-147.30337415836493,-4.297924795650242,-126.48732810020691,-168.90766889813,baseline,dataset_low,339.72244848514345,192.4190743267785,state_mean_jerk,20,20,0.5664008227573141
-6.07336679062098,-2.228906144601697,-4.355627259705061,-7.748724477411835,baseline,dataset_low,45.310541691905975,39.237174901284995,state_mean_speed,20,20,0.8659612848908954
-407.1290022508207,-3.3865027082255224,-336.87253629692344,-484.32576549196915,baseline,dataset_low,991.3360200601313,584.2070178093106,state_p95_jerk,20,20,0.5893128121965964
-8.408579687338758,-0.8897526546526511,-2.4510092048334395,-14.191094052206436,baseline,dataset_low,119.24226622017895,110.83368653284019,state_p95_speed,20,20,0.9294832281105151
-31.99604440381512,-1.5795472295591895,-19.29417231660123,-43.9271548600592,baseline,dataset_low,334.1225475945717,302.1265031907566,state_path_len,20,20,0.9042385955895383
-1.3516593424673378,-1.0694314332660777,-0.6008787719010306,-2.1165485506681954,baseline,dataset_low,6.044735331863164,4.693075989395826,state_speed_spikiness,20,20,0.7763906497102788
-0.4076406139213411,-0.09777708550171366,2.122230543235129,-2.952752528154679,eval_high,eval_low,12.813838399783354,12.406197785862012,action_endpoint_delta,20,20,0.9681874703827927
-1.0421486116304663,-0.009338147417761324,72.00521103063701,-64.17902339044439,eval_high,eval_low,374.3456048653326,373.3034562537021,action_max_speed,20,20,0.9972160789440081
144.50353485441155,2.3469988823386996,180.69178724645445,108.10487181148626,eval_high,eval_low,746.4724856698747,890.9760205242862,action_mean_jerk,20,20,1.1935818635335236
1.2017312874428896,0.37140093243142974,3.147842900459913,-0.8467756468985533,eval_high,eval_low,61.26886826343658,62.47059955087947,action_mean_speed,20,20,1.019614060473252
499.782851576605,1.0555776074725078,789.3184241582994,214.54545456473429,eval_high,eval_low,2444.5521947943607,2944.3350463709658,action_p95_jerk,20,20,1.2044476091117389
6.215376764868353,0.4720991438972999,13.88180447306039,-2.36359943455417,eval_high,eval_low,140.36768212415768,146.58305888902603,action_p95_speed,20,20,1.0442792576636548
-15.196906943201157,-0.5726700736996301,1.1966949808798077,-30.365356510843256,eval_high,eval_low,452.6005597131692,437.40365276996806,action_path_len,20,20,0.9664231370979827
-0.14424326472248783,-0.05876373030796289,1.437322497422338,-1.5764958579644521,eval_high,eval_low,7.941077093320544,7.796833828598056,action_speed_spikiness,20,20,0.9818358060442238
-0.39833335876464915,-0.6356565268829332,-0.008333300352096229,-0.7634167253971101,eval_high,eval_low,7.416666650772095,7.018333292007446,duration_s,20,20,0.9462921313598336
0.0006895235004335106,0.3321052376622141,0.0019743220901083146,-0.0005355507858627775,eval_high,eval_low,0.001919624866765297,0.0026091483671988078,eef_displacement_final,20,20,1.359195132559454
-0.009474142984386189,-1.705052408935293,-0.006161729294213184,-0.012884960418884792,eval_high,eval_low,0.1140195948593409,0.10454545187495472,eef_displacement_max,20,20,0.9169077721671298
-0.007934750704422025,-1.7345830554114103,-0.005104518669809207,-0.010672303394715943,eval_high,eval_low,0.07940060275459536,0.07146585205017333,eef_displacement_mean,20,20,0.9000668832500566
0.0,nan,0.0,0.0,eval_high,eval_low,0.0,0.0,eef_displacement_min,20,20,1.0
-0.009474142984386189,-1.705052408935293,-0.006161729294213184,-0.012884960418884792,eval_high,eval_low,0.1140195948593409,0.10454545187495472,eef_displacement_range,20,20,0.9169077721671298
0.00019173141909685498,0.112295162384754,0.0012425769814209946,-0.0008215140647592892,eval_high,eval_low,0.12139999232981362,0.12159172374891047,eef_height_final,20,20,1.0015793362060732
-0.00933369307225046,-1.2794384378765546,-0.004763574476339599,-0.013529985883340374,eval_high,eval_low,0.2193497468638394,0.21001605379158894,eef_height_max,20,20,0.9574483546018047
-0.9333693072250462,-1.2794384378765546,-0.47635744763396226,-1.3529985883340314,eval_high,eval_low,21.934974686383942,21.001605379158896,eef_height_max_cm,20,20,0.9574483526813042
-0.004309771614412067,-1.1731677706716457,-0.0020708541726473465,-0.00653661943371891,eval_high,eval_low,0.17795111081941925,0.17364133920500718,eef_height_mean,20,20,0.9757811493708684
-0.0003479993450196811,-0.7396547324685835,-5.3902177455028475e-05,-0.0006230391875216418,eval_high,eval_low,0.11978584666940588,0.1194378473243862,eef_height_min,20,20,0.9970948210857637
-0.008985693727230792,-1.2371179589843857,-0.0044913514508504275,-0.013154145834253443,eval_high,eval_low,0.09956390019443355,0.09057820646720276,eef_height_range,20,20,0.9097494894517193
0.0006895235004335106,0.3321052376622141,0.0019743220901083146,-0.0005355507858627775,eval_high,eval_low,0.001919624866765297,0.0026091483671988078,eef_pos_endpoint_delta,20,20,1.359195132559454
-0.050638214703146334,-0.6711883110167334,-0.005107117368813855,-0.09409010421888321,eval_high,eval_low,0.3263079378332875,0.27566972313014115,eef_pos_max_speed,20,20,0.8448146450633875
-0.006450510863718506,-0.14711971383199982,0.021074197777875375,-0.03213485376740599,eval_high,eval_low,0.5436729647348326,0.5372224538711141,eef_pos_mean_jerk,20,20,0.9881353108146222
-0.004166523090970584,-1.2646096587608673,-0.0022093262941013116,-0.0061552046081556335,eval_high,eval_low,0.07031526874487544,0.06614874565390486,eef_pos_mean_speed,20,20,0.940745124454559
0.028204439186314545,0.18090651360413004,0.12419321661189911,-0.06292786777898182,eval_high,eval_low,1.483019911606315,1.5112243507926295,eef_pos_p95_jerk,20,20,1.0190182470076095
-0.01046095749922843,-0.969246188122475,-0.004120615177164652,-0.01671969353017346,eval_high,eval_low,0.172710495965702,0.16224953846647358,eef_pos_p95_speed,20,20,0.9394306823390012
-0.057515163955201454,-1.1946014418338498,-0.028847630369348277,-0.08537589110887292,eval_high,eval_low,0.52154982950648,0.46403466555127854,eef_pos_path_len,20,20,0.8897225929364189
-0.5191249568586063,-0.3311784909964229,0.43872144849016304,-1.4284227170345318,eval_high,eval_low,5.612292271944136,5.0931673150855294,eef_pos_speed_spikiness,20,20,0.9075021522794287
-1.0443755933862704,-0.6242580624457896,-0.017001931404673425,-2.049700666269131,eval_high,eval_low,6.044031904037141,4.99965631065087,state_endpoint_delta,20,20,0.8272054800106649
11.73457544480334,0.17221227293063684,50.84167783653909,-31.176303282154034,eval_high,eval_low,208.05884271020358,219.79341815500692,state_max_speed,20,20,1.0564002725929988
29.998367906129545,0.7276443251261564,54.32302847765069,4.0250643710555005,eval_high,eval_low,311.0786047694564,341.0769726755859,state_mean_jerk,20,20,1.096433401221525
-0.23181365849006141,-0.0926517200698844,1.2721337935798018,-1.8138919940265066,eval_high,eval_low,44.885688956943866,44.653875298453805,state_mean_speed,20,20,0.9948354661847615
-29.03899260730907,-0.18259767425690335,65.54351105323424,-122.19607656665247,eval_high,eval_low,1004.187303444303,975.1483108369939,state_p95_jerk,20,20,0.9710820954343699
-3.5139723955558964,-0.3296696425716291,2.7592302420183206,-9.72501880898646,eval_high,eval_low,118.78735539676936,115.27338300121346,state_p95_speed,20,20,0.970417959188309
-19.24319385297059,-1.053995210659791,-8.784196058833755,-30.23495128009355,eval_high,eval_low,331.627069107296,312.3838752543254,state_path_len,20,20,0.941973392268035
0.1604661612632876,0.07784315327873659,1.3276731716736896,-1.134420258412386,eval_high,eval_low,5.861910846250714,6.0223770075140015,state_speed_spikiness,20,20,1.0273743776045619
-8.746176187749114,-3.310934539825798,-7.078265892360497,-10.28263714856217,eval_high,prompt_low,12.813838399783354,4.0676622120342385,action_endpoint_delta,20,20,0.3174429153819032
-48.84245058234069,-0.6048128031073133,0.3835257346058885,-97.52367767143788,eval_high,prompt_low,374.3456048653326,325.5031542829919,action_max_speed,20,20,0.8695257805989025
-9.742523282066486,-0.14859963564476156,29.83799037586432,-48.78237409802631,eval_high,prompt_low,746.4724856698747,736.7299623878082,action_mean_jerk,20,20,0.9869485835459921
0.4680858640591552,0.1440573955793904,2.377969773352082,-1.5875975006404817,eval_high,prompt_low,61.26886826343658,61.736954127495736,action_mean_speed,20,20,1.0076398647020888
-12.048841015292055,-0.03131102892298786,219.957965074929,-256.86944376565003,eval_high,prompt_low,2444.5521947943607,2432.5033537790687,action_p95_jerk,20,20,0.9950711459379348
3.267077225247874,0.2745962113321044,10.215224709076935,-4.340028630229042,eval_high,prompt_low,140.36768212415768,143.63475934940556,action_p95_speed,20,20,1.0232751383764058
29.914874449409808,1.2444649201834106,44.2381102223387,14.958616473660504,eval_high,prompt_low,452.6005597131692,482.515434162579,action_path_len,20,20,1.06609553127311
-1.154301618256726,-0.6105546388176495,0.005638365033089697,-2.264913913970641,eval_high,prompt_low,7.941077093320544,6.786775475063818,action_speed_spikiness,20,20,0.85464168106691
0.4199999332427975,0.6717127533494063,0.8050415670871738,0.03833322525024483,eval_high,prompt_low,7.416666650772095,7.836666584014893,duration_s,20,20,1.0566292045271823
0.0006140350971856061,0.2809519556514672,0.002064252622815592,-0.0006106645176680546,eval_high,prompt_low,0.001919624866765297,0.002533659963950903,eef_displacement_final,20,20,1.3198707774152347
0.0038525977202312905,0.7662985205827421,0.006881211022354875,0.0008481456797153484,eval_high,prompt_low,0.1140195948593409,0.1178721925795722,eef_displacement_max,20,20,1.03378890608316
-0.007235128722596976,-1.447777578063225,-0.004103187503742776,-0.010136295338679912,eval_high,prompt_low,0.07940060275459536,0.07216547403199838,eef_displacement_mean,20,20,0.9088781752231725
0.0,nan,0.0,0.0,eval_high,prompt_low,0.0,0.0,eef_displacement_min,20,20,1.0
0.0038525977202312905,0.7662985205827421,0.006881211022354875,0.0008481456797153484,eval_high,prompt_low,0.1140195948593409,0.1178721925795722,eef_displacement_range,20,20,1.03378890608316
-0.0003177611369884481,-0.15062329257015028,0.001105605162861771,-0.0014920325608946104,eval_high,prompt_low,0.12139999232981362,0.12108223119282517,eef_height_final,20,20,0.9973825277521399
-0.004563953823262995,-0.5411243789556324,0.0006263171060876922,-0.009623847101546653,eval_high,prompt_low,0.2193497468638394,0.2147857930405764,eef_height_max,20,20,0.9791932578886055
-0.4563953823263027,-0.541124378955636,0.06263171060877115,-0.9623847101546635,eval_high,prompt_low,21.934974686383942,21.47857930405764,eef_height_max_cm,20,20,0.9791932569495263
-0.009474328206725086,-2.0724113622247167,-0.006569862125645508,-0.012119596091394654,eval_high,prompt_low,0.17795111081941925,0.16847678261269416,eef_height_mean,20,20,0.9467588168981559
-0.0010777623941843062,-4.622449978702895,-0.0009178280788685525,-0.0012023267183489735,eval_high,prompt_low,0.11978584666940588,0.11870808427522157,eef_height_min,20,20,0.991002590588313
-0.0034861914290787027,-0.4125799624955442,0.001721302796372654,-0.008545393197741136,eval_high,prompt_low,0.09956390019443355,0.09607770876535485,eef_height_range,20,20,0.9649853905670168
0.0006140350971856061,0.2809519556514672,0.002064252622815592,-0.0006106645176680546,eval_high,prompt_low,0.001919624866765297,0.002533659963950903,eef_pos_endpoint_delta,20,20,1.3198707774152347
-0.004566514599447846,-0.04528861794804835,0.05823959287987535,-0.06232088810663121,eval_high,prompt_low,0.3263079378332875,0.32174142323383964,eef_pos_max_speed,20,20,0.9860055060571773
-0.06022249968107435,-1.275572347515734,-0.03113090762059389,-0.087950831449518,eval_high,prompt_low,0.5436729647348326,0.48345046505375827,eef_pos_mean_jerk,20,20,0.8892302864411332
-0.004379915814515953,-1.2853519231003019,-0.002244590813986395,-0.006457784959811015,eval_high,prompt_low,0.07031526874487544,0.06593535293035949,eef_pos_mean_speed,20,20,0.9377103256547189
-0.10930711728876741,-0.7854337448635158,-0.026690184389511665,-0.19000087070235472,eval_high,prompt_low,1.483019911606315,1.3737127943175476,eef_pos_p95_jerk,20,20,0.926294235366459
-0.0008612660654524207,-0.07482806905280838,0.005618996337729498,-0.007763538927825186,eval_high,prompt_low,0.172710495965702,0.1718492299002496,eef_pos_p95_speed,20,20,0.9950132387104265
-0.0045294507846112,-0.08694057520063321,0.027628378438446132,-0.036756839105815266,eval_high,prompt_low,0.52154982950648,0.5170203787218688,eef_pos_path_len,20,20,0.9913154018244983
0.945220791419418,0.43308880153602375,2.245634532237353,-0.3453007183038028,eval_high,prompt_low,5.612292271944136,6.557513063363554,eef_pos_speed_spikiness,20,20,1.168419737236491
-2.029188885649991,-1.669853257220871,-1.2592205823248401,-2.7285916086227306,eval_high,prompt_low,6.044031904037141,4.0148430183871495,state_endpoint_delta,20,20,0.6642656897728747
26.789827838518846,0.3367089212752936,75.22468736146003,-20.04586782021705,eval_high,prompt_low,208.05884271020358,234.84867054872242,state_max_speed,20,20,1.1287608230838122
-0.4273772674017664,-0.010369043438069343,24.01700101362052,-25.04962539086128,eval_high,prompt_low,311.0786047694564,310.6512275020546,state_mean_jerk,20,20,0.9986261438079139
-1.46517623343491,-0.5665657435365865,0.11248984099791884,-3.045725381625046,eval_high,prompt_low,44.885688956943866,43.420512723508956,state_mean_speed,20,20,0.9673576084681703
-123.83223752479012,-0.8682679294978852,-38.67722002901242,-209.1698082596045,eval_high,prompt_low,1004.187303444303,880.3550659195129,state_p95_jerk,20,20,0.8766841234709702
-0.4617156542862375,-0.0474295790445789,5.203104091948428,-6.375521755890773,eval_high,prompt_low,118.78735539676936,118.32563974248312,state_p95_speed,20,20,0.9961130908866086
7.453373477780644,0.4386819789708933,17.59812801724181,-2.8806512241971305,eval_high,prompt_low,331.627069107296,339.08044258507664,state_path_len,20,20,1.0224751661485885
0.8562927228535617,0.35008211978671544,2.308654900707974,-0.5760528965692273,eval_high,prompt_low,5.861910846250714,6.718203569104276,state_speed_spikiness,20,20,1.1460774044252948
-6.492836458555779,-2.46965161847327,-4.851802907837686,-8.054919569287176,eval_high,prompt_high,12.813838399783354,6.321001941227575,action_endpoint_delta,20,20,0.49329496354515406
-44.94534958569284,-0.4631746009113901,17.639545772883128,-98.82741183173047,eval_high,prompt_high,374.3456048653326,329.40025527963974,action_max_speed,20,20,0.8799362166929651
50.70218484034558,0.8327646454795229,87.51145463382646,14.427214087345565,eval_high,prompt_high,746.4724856698747,797.1746705102203,action_mean_jerk,20,20,1.067922375992421
2.4459088625640675,0.6961239537355636,4.551398660204644,0.3020344184226968,eval_high,prompt_high,61.26886826343658,63.71477712600065,action_mean_speed,20,20,1.0399209081461769
102.20785063649737,0.2949689240890411,311.2545253297592,-116.52416591657848,eval_high,prompt_high,2444.5521947943607,2546.760045430858,action_p95_jerk,20,20,1.0418104595409046
6.581736283944451,0.5123755313758992,13.838671979272712,-1.5069820330918473,eval_high,prompt_high,140.36768212415768,146.94941840810213,action_p95_speed,20,20,1.0468892567282966
34.268118097512286,1.1175426019422687,53.418049463631924,16.341137538874886,eval_high,prompt_high,452.6005597131692,486.8686778106815,action_path_len,20,20,1.0757138217382503
-1.3782289854082022,-0.7051521081973647,-0.150793718434521,-2.5085773356567644,eval_high,prompt_high,7.941077093320544,6.562848107912342,action_speed_spikiness,20,20,0.8264430671713414
0.2666666507720947,0.33075925294133357,0.7683333402872089,-0.1983333593606954,eval_high,prompt_high,7.416666650772095,7.68333330154419,duration_s,20,20,1.0359550540652631
0.0005012802096276488,0.25849330235648216,0.0016705554695850683,-0.0005967347764106735,eval_high,prompt_high,0.001919624866765297,0.002420905076392946,eef_displacement_final,20,20,1.261133103126188
0.0015916194590712696,0.3045245850157294,0.0047464658550355945,-0.0015269759239228825,eval_high,prompt_high,0.1140195948593409,0.11561121431841218,eef_displacement_max,20,20,1.013959173609089
-0.007184528312232166,-1.3990645178248151,-0.004152379159210877,-0.010169081897183931,eval_high,prompt_high,0.07940060275459536,0.07221607444236319,eef_displacement_mean,20,20,0.9095154550703848
0.0,nan,0.0,0.0,eval_high,prompt_high,0.0,0.0,eef_displacement_min,20,20,1.0
0.0015916194590712696,0.3045245850157294,0.0047464658550355945,-0.0015269759239228825,eval_high,prompt_high,0.1140195948593409,0.11561121431841218,eef_displacement_range,20,20,1.013959173609089
-0.0001609937298976405,-0.08699266905506511,0.0009683898928184013,-0.0011862450139329558,eval_high,prompt_high,0.12139999232981362,0.12123899859991598,eef_height_final,20,20,0.9986738572750579
-0.003384711588138467,-0.4233553335165462,0.001595469625420511,-0.007997548711297287,eval_high,prompt_high,0.2193497468638394,0.21596503527570093,eef_height_max,20,20,0.9845693396859359
-0.3384711588138458,-0.4233553335165451,0.15954696254206704,-0.7997548711297336,eval_high,prompt_high,21.934974686383942,21.596503527570096,eef_height_max_cm,20,20,0.9845693389894977
-0.00838029853455255,-1.8377048045725723,-0.005615245968786852,-0.011044748809552554,eval_high,prompt_high,0.17795111081941925,0.1695708122848667,eef_height_mean,20,20,0.9529067392441057
-0.00048252671598854324,-1.7093810808753684,-0.00029544957512108794,-0.0006438083263207974,eval_high,prompt_high,0.11978584666940588,0.11930331995341734,eef_height_min,20,20,0.9959717555193494
-0.0029021848721499516,-0.3619749693290962,0.0021178380021426033,-0.007519805107228487,eval_high,prompt_high,0.09956390019443355,0.0966617153222836,eef_height_range,20,20,0.9708510356163954
0.0005012802096276488,0.25849330235648216,0.0016705554695850683,-0.0005967347764106735,eval_high,prompt_high,0.001919624866765297,0.002420905076392946,eef_pos_endpoint_delta,20,20,1.261133103126188
0.030227811041865005,0.3319881357478217,0.08608546329706454,-0.022553462900567024,eval_high,prompt_high,0.3263079378332875,0.3565357488751525,eef_pos_max_speed,20,20,1.092635840599594
-0.011194839445400895,-0.2009288651618775,0.02247050543955226,-0.043898465389993556,eval_high,prompt_high,0.5436729647348326,0.5324781252894317,eef_pos_mean_jerk,20,20,0.9794088726759667
-0.0028544109829652664,-0.7374956567935641,-0.0004513574419629177,-0.005130148099640593,eval_high,prompt_high,0.07031526874487544,0.06746085776191017,eef_pos_mean_speed,20,20,0.9594055369769362
-0.08297595320247653,-0.542517002796408,0.009616731604439068,-0.1739166235361516,eval_high,prompt_high,1.483019911606315,1.4000439584038384,eef_pos_p95_jerk,20,20,0.9440493333949269
-0.001196721863797351,-0.1069136011149052,0.0054109527564281555,-0.00784899725084378,eval_high,prompt_high,0.172710495965702,0.17151377410190466,eef_pos_p95_speed,20,20,0.993070937653121
-0.004773310518997764,-0.08660013829023247,0.02968794627742016,-0.036823913097516835,eval_high,prompt_high,0.52154982950648,0.5167765189874822,eef_pos_path_len,20,20,0.990847834363223
1.2823009952519433,0.7430757793679547,2.3030258743242786,0.26627571620040674,eval_high,prompt_high,5.612292271944136,6.894593267196079,eef_pos_speed_spikiness,20,20,1.228480793735095
-0.5513119090148333,-0.45774538477851184,0.2042224457732335,-1.2630463898517714,eval_high,prompt_high,6.044031904037141,5.492719995022307,state_endpoint_delta,20,20,0.9087840837282108
37.25606806803955,0.42672666120400826,88.98867371527597,-15.088453608604755,eval_high,prompt_high,208.05884271020358,245.31491077824313,state_max_speed,20,20,1.1790650547746309
16.34683724216393,0.4126553136965025,39.85800407114754,-8.343824496420519,eval_high,prompt_high,311.0786047694564,327.4254420116203,state_mean_jerk,20,20,1.052548895973586
-0.49190078343902854,-0.1654290387297976,1.329986177541953,-2.3399968789934027,eval_high,prompt_high,44.885688956943866,44.39378817350484,state_mean_speed,20,20,0.9890410330160847
-160.8192215333023,-1.0816559558428394,-69.6567731476404,-251.93906169993664,eval_high,prompt_high,1004.187303444303,843.3680819110007,state_p95_jerk,20,20,0.839851369380891
-1.7656538624888896,-0.17435033683297713,4.192272165513795,-8.003944556095245,eval_high,prompt_high,118.78735539676936,117.02170153428047,state_p95_speed,20,20,0.98513601168708
6.9326000787691555,0.34509666235606407,19.49030588303829,-4.255546279754385,eval_high,prompt_high,331.627069107296,338.55966918606515,state_path_len,20,20,1.020904807611821
0.9804741050465431,0.37718014962336227,2.5381634628414376,-0.6149851857874801,eval_high,prompt_high,5.861910846250714,6.842384951297257,state_speed_spikiness,20,20,1.1672618586481978
-6.34471578234355,-1.9356528369474304,-4.242178313456349,-8.230188415687982,eval_high,dataset_high,12.813838399783354,6.469122617439804,action_endpoint_delta,20,20,0.5048543941759586
-116.35138949677037,-1.9251700869419164,-82.26337265965897,-153.5425239444912,eval_high,dataset_high,374.3456048653326,257.9942153685622,action_max_speed,20,20,0.6891872430677566
-480.40673899994357,-10.757756969631044,-453.992622134001,-506.81863997037306,eval_high,dataset_high,746.4724856698747,266.0657466699311,action_mean_jerk,20,20,0.3564307483317391
-13.848717204452214,-4.333608406558761,-11.955198899308249,-15.797255173599007,eval_high,dataset_high,61.26886826343658,47.420151058984366,action_mean_speed,20,20,0.773968124518853
-1527.1088420458332,-5.38385373575652,-1362.3352666794387,-1702.3306063785938,eval_high,dataset_high,2444.5521947943607,917.4433527485274,action_p95_jerk,20,20,0.37530119205818435
-23.505466704675243,-1.9571130091906206,-16.381056773336837,-30.89405322810211,eval_high,dataset_high,140.36768212415768,116.86221541948244,action_p95_speed,20,20,0.832543600155699
-1.1237323549829625,-0.046421143242275316,13.630996273151283,-15.46264923838135,eval_high,dataset_high,452.6005597131692,451.47682735818626,action_path_len,20,20,0.9975171653440502
-1.2935278556353627,-0.8474282725129725,-0.40793281597434866,-2.2510136879103406,eval_high,dataset_high,7.941077093320544,6.6475492376851815,action_speed_spikiness,20,20,0.8371092688302351
2.1183334350585934,3.6716468417611607,2.468375265002251,1.7782917153835298,eval_high,dataset_high,7.416666650772095,9.535000085830688,duration_s,20,20,1.285617991470857
0.00027758178137207755,0.14546576078209414,0.0014514683191070583,-0.0008589681676789992,eval_high,dataset_high,0.001919624866765297,0.0021972066481373747,eef_displacement_final,20,20,1.1446013438169207
-0.001130922896024178,-0.1452069937446704,0.0037595452107921277,-0.0056387828140358285,eval_high,dataset_high,0.1140195948593409,0.11288867196331673,eef_displacement_max,20,20,0.9900813294571638
-0.015559934075203952,-2.7254901747545874,-0.01211664907981141,-0.018759461201702556,eval_high,dataset_high,0.07940060275459536,0.06384066867939141,eef_displacement_mean,20,20,0.8040325693292157
0.0,nan,0.0,0.0,eval_high,dataset_high,0.0,0.0,eef_displacement_min,20,20,1.0
-0.001130922896024178,-0.1452069937446704,0.0037595452107921277,-0.0056387828140358285,eval_high,dataset_high,0.1140195948593409,0.11288867196331673,eef_displacement_range,20,20,0.9900813294571638
-0.0009141934872768376,-0.6607292539591134,-0.0001436671162185526,-0.0018141931099789506,eval_high,dataset_high,0.12139999232981362,0.12048579884253678,eef_height_final,20,20,0.9924695760318587
0.00452026748814599,0.5475841192331151,0.00951583578846524,-0.0004743571660075988,eval_high,dataset_high,0.2193497468638394,0.2238700143519854,eef_height_max,20,20,1.0206075792048948
0.4520267488145926,0.5475841192331073,0.951583578846525,-0.04743571660075866,eval_high,dataset_high,21.934974686383942,22.387001435198535,eef_height_max_cm,20,20,1.0206075801349845
-0.008259204715703822,-2.0587115123830473,-0.005806409654644987,-0.010707432698213231,eval_high,dataset_high,0.17795111081941925,0.16969190610371543,eef_height_mean,20,20,0.9535872284609824
-1.4375212742764876e-05,-0.040752820256828845,0.0002001243398142668,-0.00021320862153650677,eval_high,dataset_high,0.11978584666940588,0.11977147145666311,eef_height_min,20,20,0.9998799924035904
0.004534642700888686,0.5471812840540071,0.009541054349503543,-0.0004952688718912388,eval_high,dataset_high,0.09956390019443355,0.10409854289532224,eef_height_range,20,20,1.0455450443040375
0.00027758178137207755,0.14546576078209414,0.0014514683191070583,-0.0008589681676789992,eval_high,dataset_high,0.001919624866765297,0.0021972066481373747,eef_pos_endpoint_delta,20,20,1.1446013438169207
-0.12611715390537157,-1.9622397810739436,-0.08795479907195831,-0.1632028055990804,eval_high,dataset_high,0.3263079378332875,0.20019078392791592,eef_pos_max_speed,20,20,0.6135026598561262
-0.24967580744397755,-7.3270767567526205,-0.22898198561946503,-0.26881539623365347,eval_high,dataset_high,0.5436729647348326,0.29399715729085507,eef_pos_mean_jerk,20,20,0.5407610474554988
-0.010886707890469062,-2.308250017071942,-0.007916293677409349,-0.013630832721194088,eval_high,dataset_high,0.07031526874487544,0.05942856085440638,eef_pos_mean_speed,20,20,0.8451729398674612
-0.558030875755154,-5.513085992180707,-0.4977015177802623,-0.620656076617422,eval_high,dataset_high,1.483019911606315,0.924989035851161,eef_pos_p95_jerk,20,20,0.623719905831926
-0.01546664205708842,-1.095556611396527,-0.0070115160958341555,-0.023864817511145962,eval_high,dataset_high,0.172710495965702,0.1572438539086136,eef_pos_p95_speed,20,20,0.9104475899100204
0.044916988572879735,0.7922770750672087,0.08033114486026248,0.011908856310630291,eval_high,dataset_high,0.52154982950648,0.5664668180793597,eef_pos_path_len,20,20,1.0861221405328831
-0.9957079428737945,-0.6961012729311603,-0.14668785500408346,-1.8343568353276702,eval_high,dataset_high,5.612292271944136,4.616584329070341,eef_pos_speed_spikiness,20,20,0.8225844462739075
-1.2817255805452374,-0.7407470179499338,-0.21225169727780574,-2.319233331831344,eval_high,dataset_high,6.044031904037141,4.762306323491903,state_endpoint_delta,20,20,0.7879353387316741
-54.28280303737316,-1.052341259589008,-25.33658708445436,-88.00032957273586,eval_high,dataset_high,208.05884271020358,153.77603967283042,state_max_speed,20,20,0.7390987937466692
-137.1620327939244,-4.639119000455677,-120.17009826798848,-155.81993577081604,eval_high,dataset_high,311.0786047694564,173.91657197553198,state_mean_jerk,20,20,0.559075967660433
-8.410644080864799,-3.258643629494816,-6.85136631731067,-9.962650389872577,eval_high,dataset_high,44.885688956943866,36.47504487607907,state_mean_speed,20,20,0.8126208091167135
-475.49279901253465,-3.7761016686264273,-402.1065291731213,-551.0235698119578,eval_high,dataset_high,1004.187303444303,528.6945044317683,state_p95_jerk,20,20,0.5264899313336393
-17.711369405048387,-1.6116485482762255,-11.003808772893137,-24.585860664339634,eval_high,dataset_high,118.78735539676936,101.07598599172097,state_p95_speed,20,20,0.8508985291877366
15.855772832079822,0.7009580831411073,29.636187566982745,2.7808807861442233,eval_high,dataset_high,331.627069107296,347.4828419393758,state_path_len,20,20,1.0478120585098307
-1.1166687977199556,-0.6780726140589822,-0.21877235357881775,-2.162290133464763,eval_high,dataset_high,5.861910846250714,4.745242048530758,state_speed_spikiness,20,20,0.8095043024188568
-7.894358940752695,-2.972575102715967,-6.198770737694325,-9.430805017605875,eval_high,dataset_low,12.813838399783354,4.919479459030659,action_endpoint_delta,20,20,0.38391926850541835
-112.14453057040191,-1.9180272190866892,-78.95419348472812,-149.44886337536906,eval_high,dataset_low,374.3456048653326,262.20107429493066,action_max_speed,20,20,0.7004251442787764
-441.7925423128007,-10.213208801575671,-417.07360022302856,-467.72846160308535,eval_high,dataset_low,746.4724856698747,304.67994335707397,action_mean_jerk,20,20,0.4081596431375184
-8.793386613013844,-2.905429449918177,-6.92231566822763,-10.717071910344014,eval_high,dataset_low,61.26886826343658,52.475481650422736,action_mean_speed,20,20,0.8564787165029738
-1397.2661743638596,-4.972348810850703,-1236.3227392128927,-1576.197479034755,eval_high,dataset_low,2444.5521947943607,1047.2860204305011,action_p95_jerk,20,20,0.4284163057211041
-12.314524411811846,-1.1265088995787682,-6.046684158727504,-19.29024340126877,eval_high,dataset_low,140.36768212415768,128.05315771234584,action_p95_speed,20,20,0.912269517993165
-48.98389923968159,-2.0896043272689964,-34.67482213927171,-63.400744929164816,eval_high,dataset_low,452.6005597131692,403.6166604734876,action_path_len,20,20,0.8917723405608637
-1.7509152050119408,-1.1089000049109408,-0.8164523647310006,-2.7348455780503103,eval_high,dataset_low,7.941077093320544,6.190161888308603,action_speed_spikiness,20,20,0.7795116226387224
0.27833330631256104,0.5318206643107263,0.5983750474452977,-0.021666741967201752,eval_high,dataset_low,7.416666650772095,7.694999957084656,duration_s,20,20,1.0375280862742167
0.00014937078363259915,0.06922439443993748,0.0014443065600203554,-0.0010860529563203453,eval_high,dataset_low,0.001919624866765297,0.0020689956503978963,eef_displacement_final,20,20,1.0778120809424023
-0.012663178200036818,-1.1539961679455535,-0.005438422809874358,-0.01915156709897567,eval_high,dataset_low,0.1140195948593409,0.10135641665930409,eef_displacement_max,20,20,0.8889385889763552
-0.020359834567079724,-2.974352037152327,-0.015942799809068015,-0.02422722179777705,eval_high,dataset_low,0.07940060275459536,0.059040768187515635,eef_displacement_mean,20,20,0.7435808886008707
0.0,nan,0.0,0.0,eval_high,dataset_low,0.0,0.0,eef_displacement_min,20,20,1.0
-0.012663178200036818,-1.1539961679455535,-0.005438422809874358,-0.01915156709897567,eval_high,dataset_low,0.1140195948593409,0.10135641665930409,eef_displacement_range,20,20,0.8889385889763552
-0.0010621298650681232,-0.7437725182771968,-0.0002642254202678878,-0.0019594752717766945,eval_high,dataset_low,0.12139999232981362,0.1203378624647455,eef_height_final,20,20,0.9912509897472441
-0.014125067463935492,-1.9392316795373146,-0.009527655506696587,-0.018680062120098713,eval_high,dataset_low,0.2193497468638394,0.2052246793999039,eef_height_max,20,20,0.9356048182323559
-1.4125067463935466,-1.9392316795373112,-0.952765550669652,-1.8680062120098726,eval_high,dataset_low,21.934974686383942,20.522467939990396,eef_height_max_cm,20,20,0.9356048153259824
-0.017206536500236014,-4.658544415636503,-0.015010573075058558,-0.01939181458017646,eval_high,dataset_low,0.17795111081941925,0.16074457431918324,eef_height_mean,20,20,0.9033075126416494
-0.00010614123574827217,-0.24585368886370315,0.00016702306816910852,-0.0003469433464284962,eval_high,dataset_low,0.11978584666940588,0.11967970543365761,eef_height_min,20,20,0.9991139084471282
-0.014018926228187206,-1.929534946405224,-0.009455715146763095,-0.01851435652830957,eval_high,dataset_low,0.09956390019443355,0.08554497396624634,eef_height_range,20,20,0.8591967089198252
0.00014937078363259915,0.06922439443993748,0.0014443065600203554,-0.0010860529563203453,eval_high,dataset_low,0.001919624866765297,0.0020689956503978963,eef_pos_endpoint_delta,20,20,1.0778120809424023
-0.12781032392977962,-1.965338742949157,-0.08760013784657247,-0.16579515569210923,eval_high,dataset_low,0.3263079378332875,0.19849761390350787,eef_pos_max_speed,20,20,0.6083137883142258
-0.2493750545537089,-7.680756014736545,-0.22905877418438814,-0.26746729157024607,eval_high,dataset_low,0.5436729647348326,0.2942979101811237,eef_pos_mean_jerk,20,20,0.5413142345812988
-0.016242381914329078,-3.5143271365534754,-0.013199798452197807,-0.018928395403075428,eval_high,dataset_low,0.07031526874487544,0.05407288683054636,eef_pos_mean_speed,20,20,0.769006363847874
-0.5084968183667024,-5.183527871433876,-0.44984964528255317,-0.5666511592481758,eval_high,dataset_low,1.483019911606315,0.9745230932396126,eef_pos_p95_jerk,20,20,0.657120709601844
-0.019731578947774775,-1.590464329440651,-0.012131131628762292,-0.02729551906945641,eval_high,dataset_low,0.172710495965702,0.15297891701792724,eef_pos_p95_speed,20,20,0.8857534529387969
-0.10474428997888852,-1.968570254452696,-0.07205542981976099,-0.13646261666734344,eval_high,dataset_low,0.52154982950648,0.4168055395275915,eef_pos_path_len,20,20,0.7991672472222338
1.10046182090423,0.6417703072830871,2.1120130198247646,0.05493516309550673,eval_high,dataset_low,5.612292271944136,6.712754092848366,eef_pos_speed_spikiness,20,20,1.196080632586552
-1.951447089864093,-1.093807377029924,-0.8157518002629962,-2.9879931087475478,eval_high,dataset_low,6.044031904037141,4.092584814173048,state_endpoint_delta,20,20,0.6771282617929437
-59.34214178760246,-1.1572123241727028,-30.664268924533143,-92.30426620716693,eval_high,dataset_low,208.05884271020358,148.71670092260112,state_max_speed,20,20,0.7147819289401439
-118.65953044267786,-3.9067287425158557,-101.31195719527207,-137.67874390822521,eval_high,dataset_low,311.0786047694564,192.4190743267785,state_mean_jerk,20,20,0.6185545112406453
-5.648514055658872,-2.2500326072149854,-4.14946145331791,-7.19309149427543,eval_high,dataset_low,44.885688956943866,39.237174901284995,state_mean_speed,20,20,0.8741577953761893
-419.98028563499236,-3.2140245050702356,-339.5675247440242,-499.80724911681307,eval_high,dataset_low,1004.187303444303,584.2070178093106,state_p95_jerk,20,20,0.5817709662427492
-7.953668863929167,-0.7657664391826493,-1.8059571796156044,-14.461055395572037,eval_high,dataset_low,118.78735539676936,110.83368653284019,state_p95_speed,20,20,0.9330427987331393
-29.500565916539415,-1.3180965753863232,-15.441460411734004,-42.79337236206822,eval_high,dataset_low,331.627069107296,302.1265031907566,state_path_len,20,20,0.9110429495545639
-1.1688348568548879,-0.6960593489789915,-0.25746668707238146,-2.244874446959697,eval_high,dataset_low,5.861910846250714,4.693075989395826,state_speed_spikiness,20,20,0.8006051464244757
-8.338535573827773,-2.2982402168069487,-6.198763491538164,-10.620744105310617,eval_low,prompt_low,12.406197785862012,4.0676622120342385,action_endpoint_delta,20,20,0.32787339755222783
-47.80030197071022,-0.4119378903747209,20.809411339097796,-118.89907882391554,eval_low,prompt_low,373.3034562537021,325.5031542829919,action_max_speed,20,20,0.8719532295544994
-154.24605813647804,-2.257699460435889,-110.16168855880704,-195.71314093923843,eval_low,prompt_low,890.9760205242862,736.7299623878082,action_mean_jerk,20,20,0.826879675118549
-0.7336454233837344,-0.25624299424777275,0.9534026749475789,-2.4206795669326433,eval_low,prompt_low,62.47059955087947,61.736954127495736,action_mean_speed,20,20,0.9882561488357612
-511.8316925918971,-1.0639188739962524,-215.59888667705448,-814.3828794465347,eval_low,prompt_low,2944.3350463709658,2432.5033537790687,action_p95_jerk,20,20,0.8261639098372938
-2.9482995396204785,-0.265248762350504,3.650001673750396,-9.609538841398122,eval_low,prompt_low,146.58305888902603,143.63475934940556,action_p95_speed,20,20,0.9798864919195648
45.111781392610965,1.6897557480619876,60.945731743170064,28.873749184220813,eval_low,prompt_low,437.40365276996806,482.515434162579,action_path_len,20,20,1.103135355879856
-1.0100583535342382,-0.39607885319399344,0.5255883484310249,-2.566205548239608,eval_low,prompt_low,7.796833828598056,6.786775475063818,action_speed_spikiness,20,20,0.8704527537147237
0.8183332920074466,1.3508541326240464,1.1749999761581416,0.444958198070526,eval_low,prompt_low,7.018333292007446,7.836666584014893,duration_s,20,20,1.1165993772016185
-7.548840324790454e-05,-0.03197988466104216,0.0014466666237253586,-0.0014401111075373946,eval_low,prompt_low,0.0026091483671988078,0.002533659963950903,eef_displacement_final,20,20,0.9710679105580897
0.013326740704617479,2.4961361298025406,0.016457308565108842,0.0101664132405599,eval_low,prompt_low,0.10454545187495472,0.1178721925795722,eef_displacement_max,20,20,1.1274731630202888
0.0006996219818250493,0.14692311642980327,0.003636277478241819,-0.002067784982791048,eval_low,prompt_low,0.07146585205017333,0.07216547403199838,eef_displacement_mean,20,20,1.009789596903398
0.0,nan,0.0,0.0,eval_low,prompt_low,0.0,0.0,eef_displacement_min,20,20,1.0
0.013326740704617479,2.4961361298025406,0.016457308565108842,0.0101664132405599,eval_low,prompt_low,0.10454545187495472,0.1178721925795722,eef_displacement_range,20,20,1.1274731630202888
-0.0005094925560853031,-0.2424080885909979,0.0008932280717377553,-0.0017192923601440757,eval_low,prompt_low,0.12159172374891047,0.12108223119282517,eef_height_final,20,20,0.995809809266003
0.004769739248987465,0.6967028034945333,0.009037368838068481,0.0007864720756711506,eval_low,prompt_low,0.21001605379158894,0.2147857930405764,eef_height_max,20,20,1.022711306758519
0.47697392489874346,0.696702803494529,0.9037368838068542,0.07864720756712337,eval_low,prompt_low,21.001605379158896,21.47857930405764,eef_height_max_cm,20,20,1.0227113078291128
-0.005164556592313019,-1.469298213476155,-0.002912049044105165,-0.007201886054557797,eval_low,prompt_low,0.17364133920500718,0.16847678261269416,eef_height_mean,20,20,0.9702573343506128
-0.0007297630491646251,-1.7282410888727158,-0.0004732407173242084,-0.0009833605242838786,eval_low,prompt_low,0.1194378473243862,0.11870808427522157,eef_height_min,20,20,0.9938900189143327
0.00549950229815209,0.8084430908968346,0.009751352280330177,0.0015323104839522932,eval_low,prompt_low,0.09057820646720276,0.09607770876535485,eef_height_range,20,20,1.0607155065825722
-7.548840324790454e-05,-0.03197988466104216,0.0014466666237253586,-0.0014401111075373946,eval_low,prompt_low,0.0026091483671988078,0.002533659963950903,eef_pos_endpoint_delta,20,20,0.9710679105580897
0.04607170010369849,0.5016969863393648,0.10097132240954936,-0.006433252212022523,eval_low,prompt_low,0.27566972313014115,0.32174142323383964,eef_pos_max_speed,20,20,1.1671264363358616
-0.05377198881735584,-1.0784953543926041,-0.024904085595023145,-0.08438900459920996,eval_low,prompt_low,0.5372224538711141,0.48345046505375827,eef_pos_mean_jerk,20,20,0.8999074081342652
-0.0002133927235453692,-0.07232253291235123,0.0016140797055662274,-0.0019879194200384206,eval_low,prompt_low,0.06614874565390486,0.06593535293035949,eef_pos_mean_speed,20,20,0.9967740478042875
-0.13751155647508195,-0.803913385325472,-0.033953425110175295,-0.23884250930860298,eval_low,prompt_low,1.5112243507926295,1.3737127943175476,eef_pos_p95_jerk,20,20,0.9090065247472865
0.009599691433776009,0.9175588534071293,0.01566725285632156,0.003342976471928652,eval_low,prompt_low,0.16224953846647358,0.1718492299002496,eef_pos_p95_speed,20,20,1.0591662135550388
0.052985713170590254,1.1472827503582095,0.08112750204248668,0.024884499604417767,eval_low,prompt_low,0.46403466555127854,0.5170203787218688,eef_pos_path_len,20,20,1.1141848141146837
1.4643457482780242,0.721629340883544,2.695362937186395,0.2410748750164241,eval_low,prompt_low,5.0931673150855294,6.557513063363554,eef_pos_speed_spikiness,20,20,1.2875118084311974
-0.9848132922637207,-0.637399910874041,-0.04953741390622124,-1.8951561070848295,eval_low,prompt_low,4.99965631065087,4.0148430183871495,state_endpoint_delta,20,20,0.8030238022169662
15.055252393715506,0.19817168819006187,63.412821517748085,-28.66682801619049,eval_low,prompt_low,219.79341815500692,234.84867054872242,state_max_speed,20,20,1.068497284947873
-30.42574517353131,-0.7251894226868246,-5.077068486243964,-56.44475429513409,eval_low,prompt_low,341.0769726755859,310.6512275020546,state_mean_jerk,20,20,0.910795076741875
-1.2333625749448487,-0.5228610329110209,0.20597034796141364,-2.659384064711222,eval_low,prompt_low,44.653875298453805,43.420512723508956,state_mean_speed,20,20,0.9723794952526472
-94.79324491748105,-0.7497828484704679,-21.27503460924756,-171.87408695839204,eval_low,prompt_low,975.1483108369939,880.3550659195129,state_p95_jerk,20,20,0.902790945886841
3.052256741269659,0.3305847760338576,8.409488304147295,-2.6768903391845797,eval_low,prompt_low,115.27338300121346,118.32563974248312,state_p95_speed,20,20,1.0264784173200916
26.696567330751236,1.6898965281082161,36.050064147697164,16.938331206457722,eval_low,prompt_low,312.3838752543254,339.08044258507664,state_path_len,20,20,1.0854607726092194
0.6958265615902741,0.3131828879735,2.08205159943667,-0.6030180616894886,eval_low,prompt_low,6.0223770075140015,6.718203569104276,state_speed_spikiness,20,20,1.1155401861369196
-6.085195844634438,-1.6814130410925452,-3.9806100434564704,-8.244292695908106,eval_low,prompt_high,12.406197785862012,6.321001941227575,action_endpoint_delta,20,20,0.509503560658681
-43.90320097406237,-0.343251041955622,32.36539220049379,-121.16832115336703,eval_low,prompt_high,373.3034562537021,329.40025527963974,action_max_speed,20,20,0.8823927283891819
-93.80135001406597,-1.4692193399691038,-53.783594059904345,-132.16950177915922,eval_low,prompt_high,890.9760205242862,797.1746705102203,action_mean_jerk,20,20,0.8947206795107497
1.2441775751211779,0.39374365026726205,3.1749840599039443,-0.6844683262712911,eval_low,prompt_high,62.47059955087947,63.71477712600065,action_mean_speed,20,20,1.0199162099270185
-397.57500094010766,-0.8814901567940939,-137.47800658767764,-676.2426658325915,eval_low,prompt_high,2944.3350463709658,2546.760045430858,action_p95_jerk,20,20,0.864969511051812
0.36635951907609865,0.03021688144649291,7.615479759895193,-7.120079429702834,eval_low,prompt_high,146.58305888902603,146.94941840810213,action_p95_speed,20,20,1.0024993305626708
49.46502504071344,1.5085504689593021,69.77150031221258,30.21231907109282,eval_low,prompt_high,437.40365276996806,486.8686778106815,action_path_len,20,20,1.1130878188289761
-1.2339857206857143,-0.47499402099472976,0.29620572259850747,-2.8319744859653406,eval_low,prompt_high,7.796833828598056,6.562848107912342,action_speed_spikiness,20,20,0.8417324588120764
0.6650000095367439,0.84047897624328,1.1616666102409368,0.214958387613296,eval_low,prompt_high,7.018333292007446,7.68333330154419,duration_s,20,20,1.094751842199705
-0.00018824329080586186,-0.08819214521607985,0.001101340635797173,-0.0014676872794060773,eval_low,prompt_high,0.0026091483671988078,0.002420905076392946,eef_displacement_final,20,20,0.9278528688896873
0.011065762443457458,2.002209840781558,0.01437561566952703,0.007799077009774544,eval_low,prompt_high,0.10454545187495472,0.11561121431841218,eef_displacement_max,20,20,1.1058464159514934
0.0007502223921898588,0.1529106279086113,0.0037023273160450387,-0.002183800857081051,eval_low,prompt_high,0.07146585205017333,0.07221607444236319,eef_displacement_mean,20,20,1.0104976330050166
0.0,nan,0.0,0.0,eval_low,prompt_high,0.0,0.0,eef_displacement_min,20,20,1.0
0.011065762443457458,2.002209840781558,0.01437561566952703,0.007799077009774544,eval_low,prompt_high,0.10454545187495472,0.11561121431841218,eef_displacement_range,20,20,1.1058464159514934
-0.0003527251489944955,-0.19152033340026844,0.0007854935664688496,-0.0014220593999816548,eval_low,prompt_high,0.12159172374891047,0.12123899859991598,eef_height_final,20,20,0.9970991025613396
0.005948981484111993,0.9447162112277668,0.009816451108144093,0.0021860564877662484,eval_low,prompt_high,0.21001605379158894,0.21596503527570093,eef_height_max,20,20,1.0283263164574663
0.5948981484112004,0.9447162112277686,0.9816451108144094,0.2186056487766167,eval_low,prompt_high,21.001605379158896,21.596503527570096,eef_height_max_cm,20,20,1.0283263177927477
-0.0040705269201404826,-1.1629804995475175,-0.0019750369525464817,-0.006141478406295014,eval_low,prompt_high,0.17364133920500718,0.1695708122848667,eef_height_mean,20,20,0.9765578478929309
-0.00013452737096886214,-0.2981252101305959,0.00013574884687377354,-0.0004059198019899433,eval_low,prompt_high,0.1194378473243862,0.11930331995341734,eef_height_min,20,20,0.9988736622208192
0.006083508855080841,0.9721529715823,0.009953287700080526,0.0023577872041929274,eval_low,prompt_high,0.09057820646720276,0.0966617153222836,eef_height_range,20,20,1.0671630452922818
-0.00018824329080586186,-0.08819214521607985,0.001101340635797173,-0.0014676872794060773,eval_low,prompt_high,0.0026091483671988078,0.002420905076392946,eef_pos_endpoint_delta,20,20,0.9278528688896873
0.08086602574501134,0.9986993870907998,0.13002364074101672,0.035709734176497365,eval_low,prompt_high,0.27566972313014115,0.3565357488751525,eef_pos_max_speed,20,20,1.2933438677754123
-0.004744328581682389,-0.08183431871715258,0.03105760727024448,-0.03962392454631839,eval_low,prompt_high,0.5372224538711141,0.5324781252894317,eef_pos_mean_jerk,20,20,0.9911687822071032
0.0013121121080053172,0.37760431303644015,0.0034063678245414156,-0.0007795709040437231,eval_low,prompt_high,0.06614874565390486,0.06746085776191017,eef_pos_mean_speed,20,20,1.0198357791470845
-0.11118039238879107,-0.6094121224806649,0.0027314772151125115,-0.22209152880945884,eval_low,prompt_high,1.5112243507926295,1.4000439584038384,eef_pos_p95_jerk,20,20,0.9264302539892372
0.009264235635431078,0.9160824512563812,0.015480400810929752,0.0032008679484481946,eval_low,prompt_high,0.16224953846647358,0.17151377410190466,eef_pos_p95_speed,20,20,1.0570986836203455
0.05274185343620369,1.0640696740649516,0.08411977816421505,0.024175944747240562,eval_low,prompt_high,0.46403466555127854,0.5167765189874822,eef_pos_path_len,20,20,1.1136592936153873
1.8014259521105496,1.1795679753787807,2.7297386513461075,0.90835832953267,eval_low,prompt_high,5.0931673150855294,6.894593267196079,eef_pos_speed_spikiness,20,20,1.3536946338357927
0.4930636843714371,0.32088350233399876,1.4167138036100864,-0.43875960570750916,eval_low,prompt_high,4.99965631065087,5.492719995022307,state_endpoint_delta,20,20,1.098619515572472
25.521492623236213,0.3036635501225058,79.53620209648668,-23.531749538698698,eval_low,prompt_high,219.79341815500692,245.31491077824313,state_max_speed,20,20,1.1161158183730338
-13.651530663965616,-0.33805936158674105,10.669474437360806,-38.00940431471483,eval_low,prompt_high,341.0769726755859,327.4254420116203,state_mean_jerk,20,20,0.9599752203836113
-0.26008712494896713,-0.09361857420265442,1.3739531444707325,-1.9722359865682078,eval_low,prompt_high,44.653875298453805,44.39378817350484,state_mean_speed,20,20,0.994175485931459
-131.78022892599324,-0.9891560124942042,-54.11425951983155,-212.94297679708905,eval_low,prompt_high,975.1483108369939,843.3680819110007,state_p95_jerk,20,20,0.8648613472841565
1.7483185330670068,0.18125521327432284,7.503385690381983,-4.204631650552656,eval_low,prompt_high,115.27338300121346,117.02170153428047,state_p95_speed,20,20,1.0151667148772492
26.175793931739747,1.3711212074351966,37.738840500234986,14.711578299939564,eval_low,prompt_high,312.3838752543254,338.55966918606515,state_path_len,20,20,1.0837936782415256
0.8200079437832555,0.3431365138960386,2.339889289272971,-0.5704440386947386,eval_low,prompt_high,6.0223770075140015,6.842384951297257,state_speed_spikiness,20,20,1.1361601808386532
-5.937075168422209,-1.4429242673298737,-3.5342495168119608,-8.413642502296009,eval_low,dataset_high,12.406197785862012,6.469122617439804,action_endpoint_delta,20,20,0.5214428089803249
-115.3092408851399,-1.1202055357027154,-56.853723154513496,-180.95626257854178,eval_low,dataset_high,373.3034562537021,257.9942153685622,action_max_speed,20,20,0.6911112422069693
-624.9102738543552,-12.854193013963549,-594.3626174684655,-652.6580894619052,eval_low,dataset_high,890.9760205242862,266.0657466699311,action_mean_jerk,20,20,0.2986227918012665
-15.050448491895104,-5.371219824022457,-13.33174240822264,-16.714294954795946,eval_low,dataset_high,62.47059955087947,47.420151058984366,action_mean_speed,20,20,0.7590794934306979
-2026.8916936224382,-5.007882567576491,-1774.352818762681,-2280.124818205384,eval_low,dataset_high,2944.3350463709658,917.4433527485274,action_p95_jerk,20,20,0.3115961119595423
-29.720843469543595,-2.6452411630828663,-23.10205522107047,-36.466747686694504,eval_low,dataset_high,146.58305888902603,116.86221541948244,action_p95_speed,20,20,0.797242302809243
14.073174588218194,0.52415061157169,30.121321688621606,-1.8632330318963861,eval_low,dataset_high,437.40365276996806,451.47682735818626,action_path_len,20,20,1.0321743417065097
-1.1492845909128748,-0.5011645582294021,0.16765583725376665,-2.6409283598466646,eval_low,dataset_high,7.796833828598056,6.6475492376851815,action_speed_spikiness,20,20,0.852595987717044
2.5166667938232425,4.528211011015392,2.8450001722574227,2.175000166893005,eval_low,dataset_high,7.018333292007446,9.535000085830688,duration_s,20,20,1.3585846789441312
-0.0004119417190614331,-0.1955729336170184,0.00089298965044604,-0.0016904240851697827,eval_low,dataset_high,0.0026091483671988078,0.0021972066481373747,eef_displacement_final,20,20,0.8421170120448864
0.00834322008836201,1.0438278018705907,0.013331886743168363,0.0036592902034410413,eval_low,dataset_high,0.10454545187495472,0.11288867196331673,eef_displacement_max,20,20,1.0798047082937106
-0.007625183370781927,-1.3853882274389917,-0.004118660719198352,-0.010718323478923798,eval_low,dataset_high,0.07146585205017333,0.06384066867939141,eef_displacement_mean,20,20,0.8933031359024455
0.0,nan,0.0,0.0,eval_low,dataset_high,0.0,0.0,eef_displacement_min,20,20,1.0
0.00834322008836201,1.0438278018705907,0.013331886743168363,0.0036592902034410413,eval_low,dataset_high,0.10454545187495472,0.11288867196331673,eef_displacement_range,20,20,1.0798047082937106
-0.0011059249063736926,-0.8062897136452858,-0.0003107068202872317,-0.0020095793140861365,eval_low,dataset_high,0.12159172374891047,0.12048579884253678,eef_height_final,20,20,0.9909046045131863
0.01385396056039645,2.0914660968055845,0.017802359447635998,0.0098901859792126,eval_low,dataset_high,0.21001605379158894,0.2238700143519854,eef_height_max,20,20,1.0659661947294876
1.3853960560396388,2.091466096805575,1.7802359447636023,0.9890185979212589,eval_low,dataset_high,21.001605379158896,22.387001435198535,eef_height_max_cm,20,20,1.0659661978390844
-0.003949433101291755,-1.4373497518374567,-0.0022957858791085813,-0.005595233314215345,eval_low,dataset_high,0.17364133920500718,0.16969190610371543,eef_height_mean,20,20,0.97725522682602
0.00033362413227691623,0.6694404427446446,0.000644056890821064,3.2191841510147844e-05,eval_low,dataset_high,0.1194378473243862,0.11977147145666311,eef_height_min,20,20,1.0027932863143283
0.013520336428119478,2.048627918288877,0.017456798147948392,0.009611361689051514,eval_low,dataset_high,0.09057820646720276,0.10409854289532224,eef_height_range,20,20,1.149266975609031
-0.0004119417190614331,-0.1955729336170184,0.00089298965044604,-0.0016904240851697827,eval_low,dataset_high,0.0026091483671988078,0.0021972066481373747,eef_pos_endpoint_delta,20,20,0.8421170120448864
-0.07547893920222523,-1.5416743078186081,-0.04739340750337704,-0.10554059029042313,eval_low,dataset_high,0.27566972313014115,0.20019078392791592,eef_pos_max_speed,20,20,0.7261979458347271
-0.24322529658025904,-6.459019430966798,-0.21975546762535983,-0.2658478342067428,eval_low,dataset_high,0.5372224538711141,0.29399715729085507,eef_pos_mean_jerk,20,20,0.5472540466241343
-0.006720184799498478,-1.5281383975599023,-0.004066676443880005,-0.009290852722280208,eval_low,dataset_high,0.06614874565390486,0.05942856085440638,eef_pos_mean_speed,20,20,0.8984079937246443
-0.5862353149414685,-4.1312160820482875,-0.5002325916657887,-0.6722895866046812,eval_low,dataset_high,1.5112243507926295,0.924989035851161,eef_pos_p95_jerk,20,20,0.6120792318130771
-0.005005684557859991,-0.37701128674178946,0.0027916652146521862,-0.012961120428209608,eval_low,dataset_high,0.16224953846647358,0.1572438539086136,eef_pos_p95_speed,20,20,0.9691482373592285
0.10243215252808119,1.9962841266980498,0.1343056598116558,0.07267016960831445,eval_low,dataset_high,0.46403466555127854,0.5664668180793597,eef_pos_path_len,20,20,1.2207424529349895
-0.4765829860151882,-0.4027211714020794,0.23617108648090693,-1.2086366000168458,eval_low,dataset_high,5.0931673150855294,4.616584329070341,eef_pos_speed_spikiness,20,20,0.9064269921650012
-0.23734998715896705,-0.12011793653918354,0.946165178186943,-1.4242226206818778,eval_low,dataset_high,4.99965631065087,4.762306323491903,state_endpoint_delta,20,20,0.9525267394523493
-66.0173784821765,-1.4399462049250094,-38.44199255571287,-94.7122272788659,eval_low,dataset_high,219.79341815500692,153.77603967283042,state_max_speed,20,20,0.6996389653824172
-167.16040070005394,-5.464888052293979,-149.38506704957385,-185.9860894143641,eval_low,dataset_high,341.0769726755859,173.91657197553198,state_mean_jerk,20,20,0.5099041738764728
-8.178830422374737,-3.4754042604471125,-6.750940774756765,-9.574970541364904,eval_low,dataset_high,44.653875298453805,36.47504487607907,state_mean_speed,20,20,0.8168394038394617
-446.4538064052256,-4.163244995934952,-386.4763233922935,-512.2259641644187,eval_low,dataset_high,975.1483108369939,528.6945044317683,state_p95_jerk,20,20,0.5421683025657452
-14.19739700949249,-1.3460293384842,-7.840796682942597,-20.61274599756394,eval_low,dataset_high,115.27338300121346,101.07598599172097,state_p95_speed,20,20,0.8768371618961559
35.098966685050414,1.6145915777919788,48.52185504371225,22.480933626657755,eval_low,dataset_high,312.3838752543254,347.4828419393758,state_path_len,20,20,1.1123584456955444
-1.2771349589832433,-0.9895843055843593,-0.5057617841250869,-2.0792890050128654,eval_low,dataset_high,6.0223770075140015,4.745242048530758,state_speed_spikiness,20,20,0.7879350702772115
-7.486718326831354,-2.0576246614228246,-5.313009141119955,-9.683966937914732,eval_low,dataset_low,12.406197785862012,4.919479459030659,action_endpoint_delta,20,20,0.39653401872018446
-111.10238195877145,-1.0914579823685957,-54.715073148190854,-176.40939536647983,eval_low,dataset_low,373.3034562537021,262.20107429493066,action_max_speed,20,20,0.7023805161871082
-586.2960771672123,-12.386702408810779,-557.1370358253744,-613.3410847730136,eval_low,dataset_low,890.9760205242862,304.67994335707397,action_mean_jerk,20,20,0.34196200160849266
-9.995117900456734,-3.8331736587324534,-8.294831759030872,-11.521694667877075,eval_low,dataset_low,62.47059955087947,52.475481650422736,action_mean_speed,20,20,0.8400028498091139
-1897.0490259404646,-4.708540082151013,-1655.8426872034565,-2144.123256587453,eval_low,dataset_low,2944.3350463709658,1047.2860204305011,action_p95_jerk,20,20,0.35569526020069436
-18.529901176680198,-1.8393265518406552,-12.21699228317782,-24.49942169504118,eval_low,dataset_low,146.58305888902603,128.05315771234584,action_p95_speed,20,20,0.8735877030002182
-33.786992296480435,-1.2914876982761463,-18.20169404363952,-49.556755914049454,eval_low,dataset_low,437.40365276996806,403.6166604734876,action_path_len,20,20,0.9227555780987575
-1.606671940289453,-0.6899921387480586,-0.2977714620043745,-3.0633185062377355,eval_low,dataset_low,7.796833828598056,6.190161888308603,action_speed_spikiness,20,20,0.7939327714878752
0.6766666650772102,1.353531207520001,0.9717500030994415,0.3650000083446503,eval_low,dataset_low,7.018333292007446,7.694999957084656,duration_s,20,20,1.096414153611608
-0.0005401527168009115,-0.23134828157430726,0.0009045077840295298,-0.0019293557271050858,eval_low,dataset_low,0.0026091483671988078,0.0020689956503978963,eef_displacement_final,20,20,0.7929781788673795
-0.003189035215650629,-0.28679799288645863,0.003952872630584094,-0.009657072912107822,eval_low,dataset_low,0.10454545187495472,0.10135641665930409,eef_displacement_max,20,20,0.969496187032346
-0.012425083862657699,-1.8614119499284019,-0.00804466932532975,-0.016343101564071046,eval_low,dataset_low,0.07146585205017333,0.059040768187515635,eef_displacement_mean,20,20,0.8261395929998783
0.0,nan,0.0,0.0,eval_low,dataset_low,0.0,0.0,eef_displacement_min,20,20,1.0
-0.003189035215650629,-0.28679799288645863,0.003952872630584094,-0.009657072912107822,eval_low,dataset_low,0.10454545187495472,0.10135641665930409,eef_displacement_range,20,20,0.969496187032346
-0.0012538612841649782,-0.8852351941288066,-0.00042368537639372666,-0.0021495602464807334,eval_low,dataset_low,0.12159172374891047,0.1203378624647455,eef_height_final,20,20,0.9896879397512809
-0.004791374391685033,-0.8929976567153137,-0.001595810720200632,-0.008130906065947678,eval_low,dataset_low,0.21001605379158894,0.2052246793999039,eef_height_max,20,20,0.9771856766326228
-0.4791374391685004,-0.8929976567153088,-0.1595810720200621,-0.8130906065947664,eval_low,dataset_low,21.001605379158896,20.522467939990396,eef_height_max_cm,20,20,0.9771856755571727
-0.012896764885823947,-5.712224626760253,-0.011589730193500139,-0.014256965251345493,eval_low,dataset_low,0.17364133920500718,0.16074457431918324,eef_height_mean,20,20,0.9257275703922482
0.00024185810927140894,0.43416216787565,0.0005807907773727281,-8.88408180787909e-05,eval_low,dataset_low,0.1194378473243862,0.11967970543365761,eef_height_min,20,20,1.0020249702622723
-0.005033232500956414,-0.956954180703221,-0.001852921991579818,-0.008287204627211645,eval_low,dataset_low,0.09057820646720276,0.08554497396624634,eef_height_range,20,20,0.9444321968651382
-0.0005401527168009115,-0.23134828157430726,0.0009045077840295298,-0.0019293557271050858,eval_low,dataset_low,0.0026091483671988078,0.0020689956503978963,eef_pos_endpoint_delta,20,20,0.7929781788673795
-0.07717210922663328,-1.5449000846728016,-0.04871513789452643,-0.10807191305379434,eval_low,dataset_low,0.27566972313014115,0.19849761390350787,eef_pos_max_speed,20,20,0.7200559221704581
-0.2429245436899904,-6.709170196769223,-0.2210904604850181,-0.26463913002752154,eval_low,dataset_low,0.5372224538711141,0.2942979101811237,eef_pos_mean_jerk,20,20,0.5478138759508931
-0.012075858823358494,-2.8109957407330834,-0.009365227015409506,-0.014515548407801195,eval_low,dataset_low,0.06614874565390486,0.05407288683054636,eef_pos_mean_speed,20,20,0.8174439004334372
-0.5367012575530169,-3.841952226973747,-0.45150398792185364,-0.6217469877608968,eval_low,dataset_low,1.5112243507926295,0.9745230932396126,eef_pos_p95_jerk,20,20,0.6448566662388107
-0.009270621448546346,-0.81031076453041,-0.002298813930593347,-0.0162813413938246,eval_low,dataset_low,0.16224953846647358,0.15297891701792724,eef_pos_p95_speed,20,20,0.9428619584080877
-0.04722912602368706,-0.9957155299711259,-0.017431765565921818,-0.07535495310041136,eval_low,dataset_low,0.46403466555127854,0.4168055395275915,eef_pos_path_len,20,20,0.8982206966158761
1.6195867777628363,1.0691606364564123,2.575299382077085,0.6818012813383983,eval_low,dataset_low,5.0931673150855294,6.712754092848366,eef_pos_speed_spikiness,20,20,1.3179920615970806
-0.9070714964778226,-0.44832888995468895,0.3707609046265493,-2.1377697188362883,eval_low,dataset_low,4.99965631065087,4.092584814173048,state_endpoint_delta,20,20,0.818573230177602
-71.0767172324058,-1.5619076911068666,-43.60229085333236,-99.51416139006457,eval_low,dataset_low,219.79341815500692,148.71670092260112,state_max_speed,20,20,0.6766203563973607
-148.6578983488074,-4.739077509836005,-130.09853891507203,-167.75876164502264,eval_low,dataset_low,341.0769726755859,192.4190743267785,state_mean_jerk,20,20,0.5641514665200095
-5.41670039716881,-2.3802546417221597,-3.932729664376396,-6.723418840414617,eval_low,dataset_low,44.653875298453805,39.237174901284995,state_mean_speed,20,20,0.8786958498058213
-390.9412930276833,-3.466523530338407,-325.8487849072004,-461.1062764891202,eval_low,dataset_low,975.1483108369939,584.2070178093106,state_p95_jerk,20,20,0.5990955543079189
-4.4396964683732705,-0.44765277955026006,1.7579166398561823,-10.491812638729526,eval_low,dataset_low,115.27338300121346,110.83368653284019,state_p95_speed,20,20,0.9614855020959922
-10.257372063568823,-0.477312482486814,3.1996442414759447,-22.941899341082614,eval_low,dataset_low,312.3838752543254,302.1265031907566,state_path_len,20,20,0.9671642076439141
-1.3293010181181755,-0.9982285160373071,-0.5464017320432124,-2.1552539979482845,eval_low,dataset_low,6.0223770075140015,4.693075989395826,state_speed_spikiness,20,20,0.7792730321844078
2.2533397291933364,1.3726896108593687,3.172935209796097,1.2842843928087324,prompt_low,prompt_high,4.0676622120342385,6.321001941227575,action_endpoint_delta,20,20,1.5539643181253238
3.8971009966478505,0.03816617834047041,73.22366582489558,-54.426834447945005,prompt_low,prompt_high,325.5031542829919,329.40025527963974,action_max_speed,20,20,1.0119725444907364
60.44470812241207,0.892791422212905,101.54057207661525,17.52593402739818,prompt_low,prompt_high,736.7299623878082,797.1746705102203,action_mean_jerk,20,20,1.0820445905657003
1.9778229985049123,0.623167472493081,3.8896837036910177,0.09370648779397864,prompt_low,prompt_high,61.736954127495736,63.71477712600065,action_mean_speed,20,20,1.0320362905189664
114.25669165178942,0.3201940408447026,327.31396332513134,-111.93307307309671,prompt_low,prompt_high,2432.5033537790687,2546.760045430858,action_p95_jerk,20,20,1.0469708259492485
3.314659058696577,0.3087875996338971,9.997007547171153,-3.268096008575576,prompt_low,prompt_high,143.63475934940556,146.94941840810213,action_p95_speed,20,20,1.0230769980294434
4.353243648102477,0.14132699302553292,23.305940499188335,-14.211999274754682,prompt_low,prompt_high,482.515434162579,486.8686778106815,action_path_len,20,20,1.009021978033858
-0.2239273671514761,-0.10801065089934245,1.1294534793300595,-1.45959478975479,prompt_low,prompt_high,6.786775475063818,6.562848107912342,action_speed_spikiness,20,20,0.9670053374177044
-0.15333328247070277,-0.19406285237093132,0.31837514579296095,-0.6085001069307332,prompt_low,prompt_high,7.836666584014893,7.68333330154419,duration_s,20,20,0.9804338642417417
-0.00011275488755795732,-0.05031544344672348,0.0012000677998443544,-0.001541290747185945,prompt_low,prompt_high,0.002533659963950903,0.002420905076392946,eef_displacement_final,20,20,0.9554974052807841
-0.002260978261160021,-0.45267942421633844,0.0007085701947007072,-0.0052462905713662415,prompt_low,prompt_high,0.1178721925795722,0.11561121431841218,eef_displacement_max,20,20,0.9808183930419583
5.0600410364809445e-05,0.009542135818557717,0.0031590513821112428,-0.003242256030928497,prompt_low,prompt_high,0.07216547403199838,0.07221607444236319,eef_displacement_mean,20,20,1.0007011719112473
0.0,nan,0.0,0.0,prompt_low,prompt_high,0.0,0.0,eef_displacement_min,20,20,1.0
-0.002260978261160021,-0.45267942421633844,0.0007085701947007072,-0.0052462905713662415,prompt_low,prompt_high,0.1178721925795722,0.11561121431841218,eef_displacement_range,20,20,0.9808183930419583
0.0001567674070908076,0.07062373641170515,0.0014473066223780627,-0.001208076603250645,prompt_low,prompt_high,0.12108223119282517,0.12123899859991598,eef_height_final,20,20,1.0012947184124315
0.001179242235124528,0.1554190013390763,0.005587239495741815,-0.0035781476164980916,prompt_low,prompt_high,0.2147857930405764,0.21596503527570093,eef_height_max,20,20,1.0054903174159129
0.1179242235124569,0.15541900133908174,0.5587239495741813,-0.35781476164980386,prompt_low,prompt_high,21.47857930405764,21.596503527570096,eef_height_max_cm,20,20,1.0054903176689753
0.0010940296721725362,0.24676993844701767,0.003709901089758991,-0.0016717215566486733,prompt_low,prompt_high,0.16847678261269416,0.1695708122848667,eef_height_mean,20,20,1.0064936520645165
0.000595235678195763,3.110301961769056,0.0007064433947372523,0.00047028883033367575,prompt_low,prompt_high,0.11870808427522157,0.11930331995341734,eef_height_min,20,20,1.0050142804652875
0.0005840065569287511,0.07681598283124576,0.004996397576676955,-0.004179108014846137,prompt_low,prompt_high,0.09607770876535485,0.0966617153222836,eef_height_range,20,20,1.0060784806762018
-0.00011275488755795732,-0.05031544344672348,0.0012000677998443544,-0.001541290747185945,prompt_low,prompt_high,0.002533659963950903,0.002420905076392946,eef_pos_endpoint_delta,20,20,0.9554974052807841
0.03479432564131285,0.3312800817394426,0.09555287072365685,-0.03016792196794929,prompt_low,prompt_high,0.32174142323383964,0.3565357488751525,eef_pos_max_speed,20,20,1.1081437516194086
0.049027660235673454,0.8095563973220156,0.08620880531278716,0.01339828405895028,prompt_low,prompt_high,0.48345046505375827,0.5324781252894317,eef_pos_mean_jerk,20,20,1.1014119599949133
0.0015255048315506864,0.425879080800038,0.003726798284662249,-0.0005789874314764785,prompt_low,prompt_high,0.06593535293035949,0.06746085776191017,eef_pos_mean_speed,20,20,1.0231363681604653
0.02633116408629088,0.15639861620031614,0.13137033571998952,-0.07652851464523067,prompt_low,prompt_high,1.3737127943175476,1.4000439584038384,eef_pos_p95_jerk,20,20,1.0191678813821439
-0.0003354557983449302,-0.03084688757402648,0.0063701066245485626,-0.007123967337203429,prompt_low,prompt_high,0.1718492299002496,0.17151377410190466,eef_pos_p95_speed,20,20,0.9980479646081667
-0.0002438597343865645,-0.004565506453017542,0.03220034338770444,-0.032715214679285946,prompt_low,prompt_high,0.5170203787218688,0.5167765189874822,eef_pos_path_len,20,20,0.9995283363292705
0.33708020383252535,0.15650945343791947,1.5822345595533944,-0.9588491657665722,prompt_low,prompt_high,6.557513063363554,6.894593267196079,eef_pos_speed_spikiness,20,20,1.0514036647828788
1.4778769766351578,1.4499555888857956,2.1044662011667956,0.8618013810511994,prompt_low,prompt_high,4.0148430183871495,5.492719995022307,state_endpoint_delta,20,20,1.3681033022177342
10.466240229520707,0.1118829375496823,67.95955892152537,-44.723470556467625,prompt_low,prompt_high,234.84867054872242,245.31491077824313,state_max_speed,20,20,1.0445658908974054
16.774214509565695,0.41549331278600055,40.826491151115874,-8.048237351205971,prompt_low,prompt_high,310.6512275020546,327.4254420116203,state_mean_jerk,20,20,1.0539969361908115
0.9732754499958816,0.3410084529316399,2.697770269676675,-0.7109220698592235,prompt_low,prompt_high,43.420512723508956,44.39378817350484,state_mean_speed,20,20,1.0224151072551655
-36.986984008512195,-0.32694847918251724,33.2103806824118,-103.4944106309924,prompt_low,prompt_high,880.3550659195129,843.3680819110007,state_p95_jerk,20,20,0.9579862882149035
-1.303938208202652,-0.15138784193934152,3.8288072486220774,-6.627983092553971,prompt_low,prompt_high,118.32563974248312,117.02170153428047,state_p95_speed,20,20,0.9889800874017646
-0.5207733990114889,-0.029121245171110158,10.393360059854615,-11.522081823612904,prompt_low,prompt_high,339.08044258507664,338.55966918606515,state_path_len,20,20,0.998464159728512
0.12418138219298136,0.04551399316188859,1.7928949264192182,-1.4735233727905248,prompt_low,prompt_high,6.718203569104276,6.842384951297257,state_speed_spikiness,20,20,1.0184843136607566
2.4014604054055653,0.9399892522136178,3.9883894726539744,0.9216406416560426,prompt_low,dataset_high,4.0676622120342385,6.469122617439804,action_endpoint_delta,20,20,1.5903785207132057
-67.50893891442968,-0.9886682961930959,-27.840702645335817,-111.10759461906738,prompt_low,dataset_high,325.5031542829919,257.9942153685622,action_max_speed,20,20,0.7926012758276882
-470.6642157178771,-8.783970346651241,-438.547824759255,-502.73214164391163,prompt_low,dataset_high,736.7299623878082,266.0657466699311,action_mean_jerk,20,20,0.36114419157594274
-14.31680306851137,-5.080876131594582,-12.573539803536953,-16.027448784403468,prompt_low,dataset_high,61.736954127495736,47.420151058984366,action_mean_speed,20,20,0.7680999448624223
-1515.0600010305411,-5.1153531145684585,-1345.4958938206157,-1703.0287287554904,prompt_low,dataset_high,2432.5033537790687,917.4433527485274,action_p95_jerk,20,20,0.37716015944209974
-26.772543929923117,-2.7545427147724832,-20.325608025212635,-32.6316052576405,prompt_low,dataset_high,143.63475934940556,116.86221541948244,action_p95_speed,20,20,0.8136067895450545
-31.03860680439277,-1.2729637605802953,-16.587663573327355,-45.86114490273581,prompt_low,dataset_high,482.515434162579,451.47682735818626,action_path_len,20,20,0.9356733389106651
-0.1392262373786366,-0.0830854267241308,0.831827470069153,-1.1710956958288983,prompt_low,dataset_high,6.786775475063818,6.6475492376851815,action_speed_spikiness,20,20,0.9794856574104974
1.698333501815796,3.0643844084614082,2.031666780114174,1.353333542943,prompt_low,dataset_high,7.836666584014893,9.535000085830688,duration_s,20,20,1.2167163144483992
-0.00033645331581352855,-0.1519540084982114,0.0009241683973824408,-0.0017378605265845849,prompt_low,dataset_high,0.002533659963950903,0.0021972066481373747,eef_displacement_final,20,20,0.867207126184313
-0.0049835206162554685,-0.6527500211485184,-0.0003320113056815044,-0.009570905367419384,prompt_low,dataset_high,0.1178721925795722,0.11288867196331673,eef_displacement_max,20,20,0.957720985039783
-0.008324805352606976,-1.420553522391091,-0.004762554919622587,-0.011732824234413129,prompt_low,dataset_high,0.07216547403199838,0.06384066867939141,eef_displacement_mean,20,20,0.8846428391041383
0.0,nan,0.0,0.0,prompt_low,dataset_high,0.0,0.0,eef_displacement_min,20,20,1.0
-0.0049835206162554685,-0.6527500211485184,-0.0003320113056815044,-0.009570905367419384,prompt_low,dataset_high,0.1178721925795722,0.11288867196331673,eef_displacement_range,20,20,0.957720985039783
-0.0005964323502883895,-0.32266653151709,0.000388484728362842,-0.0018241355580282022,prompt_low,dataset_high,0.12108223119282517,0.12048579884253678,eef_height_final,20,20,0.9950741550171791
0.009084221311408985,1.1556134115209993,0.01349523828596967,0.004208009761677079,prompt_low,dataset_high,0.2147857930405764,0.2238700143519854,eef_height_max,20,20,1.0422943285022095
0.9084221311408953,1.1556134115209953,1.3495238285969744,0.420800976167713,prompt_low,dataset_high,21.47857930405764,22.387001435198535,eef_height_max_cm,20,20,1.0422943304516579
0.0012151234910212638,0.31422135119493017,0.0034593099276113717,-0.0012699616763696782,prompt_low,dataset_high,0.16847678261269416,0.16969190610371543,eef_height_mean,20,20,1.0072124087369985
0.0010633871814415413,3.7278955449485607,0.0012346689563749577,0.0008980604319602702,prompt_low,dataset_high,0.11870808427522157,0.11977147145666311,eef_height_min,20,20,1.0089580006143146
0.008020834129967389,1.0170324813619207,0.012491153709440447,0.003140431023593081,prompt_low,dataset_high,0.09607770876535485,0.10409854289532224,eef_height_range,20,20,1.0834827703346728
-0.00033645331581352855,-0.1519540084982114,0.0009241683973824408,-0.0017378605265845849,prompt_low,dataset_high,0.002533659963950903,0.0021972066481373747,eef_pos_endpoint_delta,20,20,0.867207126184313
-0.12155063930592372,-1.4662843273310981,-0.07281428159100349,-0.17448194716578821,prompt_low,dataset_high,0.32174142323383964,0.20019078392791592,eef_pos_max_speed,20,20,0.6222101764009316
-0.1894533077629032,-4.562028013244872,-0.16406213513387652,-0.2150022858076508,prompt_low,dataset_high,0.48345046505375827,0.29399715729085507,eef_pos_mean_jerk,20,20,0.608122615368541
-0.006506792075953109,-1.4515018926512746,-0.0037977393530182744,-0.009191712118356418,prompt_low,dataset_high,0.06593535293035949,0.05942856085440638,eef_pos_mean_speed,20,20,0.9013155947465469
-0.44872375846638657,-3.639911658335203,-0.37930787731762555,-0.5256467081763192,prompt_low,dataset_high,1.3737127943175476,0.924989035851161,eef_pos_p95_jerk,20,20,0.6733496571801194
-0.014605375991636,-1.0532886403322828,-0.006341668215753222,-0.023364163877997696,prompt_low,dataset_high,0.1718492299002496,0.1572438539086136,eef_pos_p95_speed,20,20,0.9150105289955677
0.049446439357490934,0.8984235691783401,0.08218742489718023,0.015456869639935302,prompt_low,dataset_high,0.5170203787218688,0.5664668180793597,eef_pos_path_len,20,20,1.095637310319092
-1.9409287342932124,-1.0081255102743303,-0.8119323583941771,-3.101018640938056,prompt_low,dataset_high,6.557513063363554,4.616584329070341,eef_pos_speed_spikiness,20,20,0.7040145078509695
0.7474633051047537,0.46514513829397247,1.7143067259420113,-0.25153850508070025,prompt_low,dataset_high,4.0148430183871495,4.762306323491903,state_endpoint_delta,20,20,1.1861749761621505
-81.072630875892,-1.317033267019856,-47.79327844783223,-120.07456027146483,prompt_low,dataset_high,234.84867054872242,153.77603967283042,state_max_speed,20,20,0.6547877802202832
-136.73465552652263,-4.472173249735212,-119.476103067606,-156.18991296583667,prompt_low,dataset_high,310.6512275020546,173.91657197553198,state_mean_jerk,20,20,0.5598451143373746
-6.945467847429889,-2.8435381580573074,-5.474993406658646,-8.366687586507135,prompt_low,dataset_high,43.420512723508956,36.47504487607907,state_mean_speed,20,20,0.8400417818633944
-351.66056148774453,-4.3455289775460795,-303.20303963725576,-402.16571614293497,prompt_low,dataset_high,880.3550659195129,528.6945044317683,state_p95_jerk,20,20,0.6005468985216235
-17.24965375076215,-1.794485189328502,-11.74355521034878,-23.0750634038373,prompt_low,dataset_high,118.32563974248312,101.07598599172097,state_p95_speed,20,20,0.8542188000263894
8.402399354299178,0.40618901493467857,21.24906573041458,-4.170292287072859,prompt_low,dataset_high,339.08044258507664,347.4828419393758,state_path_len,20,20,1.0247799586729134
-1.9729615205735174,-1.0701449434409507,-0.9432904510711904,-3.122142468200656,prompt_low,dataset_high,6.718203569104276,4.745242048530758,state_speed_spikiness,20,20,0.7063260293704038
0.8518172469964203,0.5058442523412713,1.8196336806807991,-0.22757810580981494,prompt_low,dataset_low,4.0676622120342385,4.919479459030659,action_endpoint_delta,20,20,1.2094119915813526
-63.30207998806122,-0.9512400559216656,-26.000708311015575,-106.83504865978009,prompt_low,dataset_low,325.5031542829919,262.20107429493066,action_max_speed,20,20,0.8055254483614566
-432.05001903073423,-8.24188661056528,-400.08969559613644,-463.7067954018841,prompt_low,dataset_low,736.7299623878082,304.67994335707397,action_mean_jerk,20,20,0.41355714972612656
-9.261472477073,-3.528953036685091,-7.602751141682991,-10.80411379538714,prompt_low,dataset_low,61.736954127495736,52.475481650422736,action_mean_speed,20,20,0.8499849465128039
-1385.2173333485675,-4.717193841993257,-1213.0061858093486,-1570.0798646160554,prompt_low,dataset_low,2432.5033537790687,1047.2860204305011,action_p95_jerk,20,20,0.4305383664976912
-15.58160163705972,-1.8660963019014876,-10.648510267088898,-20.61222623420525,prompt_low,dataset_low,143.63475934940556,128.05315771234584,action_p95_speed,20,20,0.8915192833089158
-78.8987736890914,-3.339912033776558,-64.0065815052305,-93.5320230412397,prompt_low,dataset_low,482.515434162579,403.6166604734876,action_path_len,20,20,0.8364844560373751
-0.5966135867552147,-0.34612284345143995,0.41181979758523063,-1.6770379799197994,prompt_low,dataset_low,6.786775475063818,6.190161888308603,action_speed_spikiness,20,20,0.9120917454734979
-0.14166662693023646,-0.28436033777909736,0.16500003516673972,-0.45008321583271127,prompt_low,dataset_low,7.836666584014893,7.694999957084656,duration_s,20,20,0.9819225910365471
-0.00046466431355300696,-0.19102015620248067,0.0009986121448806794,-0.0019785775720303333,prompt_low,dataset_low,0.002533659963950903,0.0020689956503978963,eef_displacement_final,20,20,0.8166042459498442
-0.016515775920268108,-1.5201204442178673,-0.009444625875212985,-0.022854767045945107,prompt_low,dataset_low,0.1178721925795722,0.10135641665930409,eef_displacement_max,20,20,0.8598840476479704
-0.013124705844482748,-1.8825557415900303,-0.00867837087440425,-0.017366773048774754,prompt_low,dataset_low,0.07216547403199838,0.059040768187515635,eef_displacement_mean,20,20,0.8181304259157576
0.0,nan,0.0,0.0,prompt_low,dataset_low,0.0,0.0,eef_displacement_min,20,20,1.0
-0.016515775920268108,-1.5201204442178673,-0.009444625875212985,-0.022854767045945107,prompt_low,dataset_low,0.1178721925795722,0.10135641665930409,eef_displacement_range,20,20,0.8598840476479704
-0.0007443687280796751,-0.39553550220661565,0.00025397566454413167,-0.0019612816726601993,prompt_low,dataset_low,0.12108223119282517,0.1203378624647455,eef_height_final,20,20,0.9938523707461422
-0.009561113640672497,-1.3990268733417293,-0.005382117857515045,-0.01386125804202105,prompt_low,dataset_low,0.2147857930405764,0.2052246793999039,eef_height_max,20,20,0.9554853556179118
-0.9561113640672438,-1.399026873341721,-0.5382117857515031,-1.3861258042021087,prompt_low,dataset_low,21.47857930405764,20.522467939990396,eef_height_max_cm,20,20,0.9554853535661237
-0.007732208293510928,-2.186834021925997,-0.005640589210157339,-0.009995413501924908,prompt_low,dataset_low,0.16847678261269416,0.16074457431918324,eef_height_mean,20,20,0.9541052024222336
0.000971621158436034,2.5664384875759993,0.0012126203750186105,0.0007594979409295089,prompt_low,dataset_low,0.11870808427522157,0.11967970543365761,eef_height_min,20,20,1.0081849613067104
-0.010532734799108504,-1.5478489826508686,-0.006356500629875663,-0.014843451596753945,prompt_low,dataset_low,0.09607770876535485,0.08554497396624634,eef_height_range,20,20,0.8903727634829465
-0.00046466431355300696,-0.19102015620248067,0.0009986121448806794,-0.0019785775720303333,prompt_low,dataset_low,0.002533659963950903,0.0020689956503978963,eef_pos_endpoint_delta,20,20,0.8166042459498442
-0.12324380933033177,-1.4761893604351686,-0.07523376121797251,-0.17547938107993316,prompt_low,dataset_low,0.32174142323383964,0.19849761390350787,eef_pos_max_speed,20,20,0.616947658585337
-0.18915255487263455,-4.703044815095043,-0.16525059873268175,-0.21396664532736195,prompt_low,dataset_low,0.48345046505375827,0.2942979101811237,eef_pos_mean_jerk,20,20,0.6087447119550325
-0.011862466099813125,-2.7064199398738173,-0.009241757196443991,-0.014526907737142287,prompt_low,dataset_low,0.06593535293035949,0.05407288683054636,eef_pos_mean_speed,20,20,0.8200894698594109
-0.39918970107793494,-3.3064779303480663,-0.33203475375191915,-0.4766427757677163,prompt_low,dataset_low,1.3737127943175476,0.9745230932396126,eef_pos_p95_jerk,20,20,0.7094081821008795
-0.018870312882322354,-1.5570078036938053,-0.011165683931143179,-0.026582129836019996,prompt_low,dataset_low,0.1718492299002496,0.15297891701792724,eef_pos_p95_speed,20,20,0.890192631091789
-0.10021483919427732,-1.9482063867122348,-0.06864075175142373,-0.13174281932860515,prompt_low,dataset_low,0.5170203787218688,0.4168055395275915,eef_pos_path_len,20,20,0.8061684966776272
0.1552410294848121,0.07237401482549945,1.471045929161095,-1.1049214024885325,prompt_low,dataset_low,6.557513063363554,6.712754092848366,eef_pos_speed_spikiness,20,20,1.0236737659152213
0.07774179578589813,0.04669996375037245,1.1619743793258113,-0.8665562543469253,prompt_low,dataset_low,4.0148430183871495,4.092584814173048,state_endpoint_delta,20,20,1.019363595347619
-86.1319696261213,-1.4050059430146133,-52.72790354352325,-124.48538266169508,prompt_low,dataset_low,234.84867054872242,148.71670092260112,state_max_speed,20,20,0.63324480644831
-118.2321531752761,-3.7707186384229483,-101.02969404868468,-137.45488120504777,prompt_low,dataset_low,310.6512275020546,192.4190743267785,state_mean_jerk,20,20,0.6194054853020396
-4.183337822223962,-1.7667567087258393,-2.6639052810991046,-5.599140032728169,prompt_low,dataset_low,43.420512723508956,39.237174901284995,state_mean_speed,20,20,0.9036552643240542
-296.14804811020224,-3.3602234790048633,-241.6979112199712,-350.61281611814087,prompt_low,dataset_low,880.3550659195129,584.2070178093106,state_p95_jerk,20,20,0.6636038576122492
-7.491953209642929,-0.8401975505108611,-2.131433461695777,-13.338037676432803,prompt_low,dataset_low,118.32563974248312,110.83368653284019,state_p95_speed,20,20,0.9366836027650912
-36.95393939432006,-1.8093070545994123,-23.75797927344193,-48.954872770145414,prompt_low,dataset_low,339.08044258507664,302.1265031907566,state_path_len,20,20,0.8910171901643713
-2.0251275797084496,-1.081436134448223,-0.9729391246208035,-3.1784356733161685,prompt_low,dataset_low,6.718203569104276,4.693075989395826,state_speed_spikiness,20,20,0.6985611472079779
0.1481206762122289,0.058274123491037964,1.828294269159899,-1.2812537960270955,prompt_high,dataset_high,6.321001941227575,6.469122617439804,action_endpoint_delta,20,20,1.0234331008525417
-71.40603991107753,-0.8213974258391912,-28.70811665492923,-132.95198053672152,prompt_high,dataset_high,329.40025527963974,257.9942153685622,action_max_speed,20,20,0.7832240905572747
-531.1089238402892,-11.124009646894526,-502.8942360616949,-559.5671372505582,prompt_high,dataset_high,797.1746705102203,266.0657466699311,action_mean_jerk,20,20,0.3337609140369474
-16.29462606701628,-5.224514742753255,-14.308023338654774,-18.143571591800658,prompt_high,dataset_high,63.71477712600065,47.420151058984366,action_mean_speed,20,20,0.7442567203486402
-1629.3166926823305,-6.667956104435496,-1481.871534572915,-1776.7451378912294,prompt_high,dataset_high,2546.760045430858,917.4433527485274,action_p95_jerk,20,20,0.36023941650918784
-30.087202988619694,-2.770711438865267,-23.173882863083918,-36.615975798685476,prompt_high,dataset_high,146.94941840810213,116.86221541948244,action_p95_speed,20,20,0.7952546984363337
-35.39185045249525,-1.1440825870264881,-16.576923869695495,-54.45203609410074,prompt_high,dataset_high,486.8686778106815,451.47682735818626,action_path_len,20,20,0.9273071937777636
0.0847011297728395,0.04846951544653898,1.0339001155352394,-1.080772567245508,prompt_high,dataset_high,6.562848107912342,6.6475492376851815,action_speed_spikiness,20,20,1.0129061541957158
1.8516667842864987,2.460814702834364,2.2833751577138903,1.3650001287460327,prompt_high,dataset_high,7.68333330154419,9.535000085830688,duration_s,20,20,1.2409978467944862
-0.00022369842825557124,-0.11346925966159371,0.0010077721556462666,-0.0013931930950867354,prompt_high,dataset_high,0.002420905076392946,0.0021972066481373747,eef_displacement_final,20,20,0.9075975731503677
-0.0027225423550954475,-0.3505195494689987,0.002010114156631744,-0.007179072350411206,prompt_high,dataset_high,0.11561121431841218,0.11288867196331673,eef_displacement_max,20,20,0.9764508820735509
-0.008375405762971785,-1.4009847675493554,-0.004749371389761791,-0.011803014363848422,prompt_high,dataset_high,0.07221607444236319,0.06384066867939141,eef_displacement_mean,20,20,0.8840229870167451
0.0,nan,0.0,0.0,prompt_high,dataset_high,0.0,0.0,eef_displacement_min,20,20,1.0
-0.0027225423550954475,-0.3505195494689987,0.002010114156631744,-0.007179072350411206,prompt_high,dataset_high,0.11561121431841218,0.11288867196331673,eef_displacement_range,20,20,0.9764508820735509
-0.0007531997573791971,-0.48709124144793303,0.00011832991566400389,-0.001748588825879058,prompt_high,dataset_high,0.12123899859991598,0.12048579884253678,eef_height_final,20,20,0.9937874800686903
0.007904979076284457,1.0700177236365154,0.012113495349140888,0.0034417174226085263,prompt_high,dataset_high,0.21596503527570093,0.2238700143519854,eef_height_max,20,20,1.0366030487303766
0.7904979076284384,1.0700177236365058,1.2113495349140853,0.3441717422608508,prompt_high,dataset_high,21.596503527570096,22.387001435198535,eef_height_max_cm,20,20,1.0366030504082875
0.00012109381884872761,0.03142391871166636,0.0024401751460453873,-0.002262508937647365,prompt_high,dataset_high,0.1695708122848667,0.16969190610371543,eef_height_mean,20,20,1.0007141194293752
0.00046815150324577837,1.4332692728613594,0.0006717229924931789,0.0002722251654509938,prompt_high,dataset_high,0.11930331995341734,0.11977147145666311,eef_height_min,20,20,1.0039240438923924
0.007436827573038637,1.002039307113262,0.01167534604920269,0.0029354754419364366,prompt_high,dataset_high,0.0966617153222836,0.10409854289532224,eef_height_range,20,20,1.0769366318286087
-0.00022369842825557124,-0.11346925966159371,0.0010077721556462666,-0.0013931930950867354,prompt_high,dataset_high,0.002420905076392946,0.0021972066481373747,eef_pos_endpoint_delta,20,20,0.9075975731503677
-0.15634496494723657,-2.2121111201987484,-0.11675005739715351,-0.19997047953925007,prompt_high,dataset_high,0.3565357488751525,0.20019078392791592,eef_pos_max_speed,20,20,0.5614886836582818
-0.23848096799857665,-4.67715472038995,-0.20917490741458222,-0.26939870956192696,prompt_high,dataset_high,0.5324781252894317,0.29399715729085507,eef_pos_mean_jerk,20,20,0.5521300271438396
-0.008032296907503796,-1.658203611627295,-0.005046890775626186,-0.01096116765311327,prompt_high,dataset_high,0.06746085776191017,0.05942856085440638,eef_pos_mean_speed,20,20,0.880933981818138
-0.47505492255267745,-3.4264043100954487,-0.39429835183786355,-0.5614072574097427,prompt_high,dataset_high,1.4000439584038384,0.924989035851161,eef_pos_p95_jerk,20,20,0.6606857118249809
-0.014269920193291069,-1.048887141798051,-0.006054384563881504,-0.022187550741347362,prompt_high,dataset_high,0.17151377410190466,0.1572438539086136,eef_pos_p95_speed,20,20,0.9168001553460413
0.0496902990918775,0.8581419209119021,0.08436933920308588,0.015199550985348215,prompt_high,dataset_high,0.5167765189874822,0.5664668180793597,eef_pos_path_len,20,20,1.0961543264924114
-2.278008938125738,-1.6434571413850545,-1.413301028930249,-3.0988372292679416,prompt_high,dataset_high,6.894593267196079,4.616584329070341,eef_pos_speed_spikiness,20,20,0.6695948772409432
-0.7304136715304042,-0.4568488800472075,0.2745850193291656,-1.7019739314558109,prompt_high,dataset_high,5.492719995022307,4.762306323491903,state_endpoint_delta,20,20,0.8670214992093999
-91.53887110541271,-1.2841542722503518,-50.20196424320124,-136.2665083070045,prompt_high,dataset_high,245.31491077824313,153.77603967283042,state_max_speed,20,20,0.6268515810503282
-153.50887003608833,-5.40966415660123,-136.52663574203643,-170.63143338035024,prompt_high,dataset_high,327.4254420116203,173.91657197553198,state_mean_jerk,20,20,0.5311638915770267
-7.91874329742577,-2.778951147250215,-6.105233131454687,-9.566552192797866,prompt_high,dataset_high,44.39378817350484,36.47504487607907,state_mean_speed,20,20,0.821624970036504
-314.67357747923234,-3.4511346818162267,-263.68289648643747,-374.20272385503756,prompt_high,dataset_high,843.3680819110007,528.6945044317683,state_p95_jerk,20,20,0.6268846495085781
-15.945715542559498,-1.5930318861928574,-9.905363686942339,-21.843729496397717,prompt_high,dataset_high,117.02170153428047,101.07598599172097,state_p95_speed,20,20,0.863737107458434
8.923172753310666,0.3830014699221448,22.80238143692994,-4.254911536103347,prompt_high,dataset_high,338.55966918606515,347.4828419393758,state_path_len,20,20,1.0263562779775257
-2.0971429027664987,-1.0265413546903748,-0.8431311157864693,-3.38056055457546,prompt_high,dataset_high,6.842384951297257,4.745242048530758,state_speed_spikiness,20,20,0.6935070279400213
-1.401522482196916,-0.8421653613337847,-0.3881473823438866,-2.3898113652461657,prompt_high,dataset_low,6.321001941227575,4.919479459030659,action_endpoint_delta,20,20,0.7782752650590888
-67.19918098470907,-0.7852599106044196,-24.050649516178105,-128.68854730963017,prompt_high,dataset_low,329.40025527963974,262.20107429493066,action_max_speed,20,20,0.7959953585171899
-492.4947271531463,-10.60548331542094,-464.5339562850055,-520.1861070591932,prompt_high,dataset_low,797.1746705102203,304.67994335707397,action_mean_jerk,20,20,0.38219972941218255
-11.239295475577912,-3.815940180480458,-9.360857560936887,-13.020503074893988,prompt_high,dataset_low,63.71477712600065,52.475481650422736,action_mean_speed,20,20,0.8235998620604545
-1499.474025000357,-6.214609745622954,-1350.4294856612228,-1643.2711325288356,prompt_high,dataset_low,2546.760045430858,1047.2860204305011,action_p95_jerk,20,20,0.41122288780810917
-18.896260695756297,-1.9576518245731507,-12.950379662865043,-24.87525730322979,prompt_high,dataset_low,146.94941840810213,128.05315771234584,action_p95_speed,20,20,0.871409761949568
-83.25201733719388,-2.744030760175082,-64.95185106762668,-102.36418758968485,prompt_high,dataset_low,486.8686778106815,403.6166604734876,action_path_len,20,20,0.8290051894283977
-0.3726862196037386,-0.20778700983187212,0.6583336274369332,-1.5846235437694969,prompt_high,dataset_low,6.562848107912342,6.190161888308603,action_speed_spikiness,20,20,0.9432127312855915
0.011666655540466309,0.016380997187832515,0.42500002562999745,-0.44170834183693036,prompt_high,dataset_low,7.68333330154419,7.694999957084656,duration_s,20,20,1.0015184367340848
-0.00035190942599504964,-0.15895597678078374,0.0009876162939874878,-0.001700894972848587,prompt_high,dataset_low,0.002420905076392946,0.0020689956503978963,eef_displacement_final,20,20,0.8546378477185664
-0.014254797659108087,-1.3008219786622923,-0.007072897166831485,-0.02072519369633374,prompt_high,dataset_low,0.11561121431841218,0.10135641665930409,eef_displacement_max,20,20,0.8767005734681258
-0.013175306254847557,-1.8632342270664661,-0.008578606649968942,-0.017364304506928892,prompt_high,dataset_low,0.07221607444236319,0.059040768187515635,eef_displacement_mean,20,20,0.8175571777868548
0.0,nan,0.0,0.0,prompt_high,dataset_low,0.0,0.0,eef_displacement_min,20,20,1.0
-0.014254797659108087,-1.3008219786622923,-0.007072897166831485,-0.02072519369633374,prompt_high,dataset_low,0.11561121431841218,0.10135641665930409,eef_displacement_range,20,20,0.8767005734681258
-0.0009011361351704827,-0.5681137543848157,-2.607931173569801e-05,-0.0019292251895636297,prompt_high,dataset_low,0.12123899859991598,0.1203378624647455,eef_height_final,20,20,0.9925672756188216
-0.010740355875797025,-1.7091552921142092,-0.00706488580547253,-0.014771751548312825,prompt_high,dataset_low,0.21596503527570093,0.2052246793999039,eef_height_max,20,20,0.9502680822163333
-1.0740355875797007,-1.7091552921142068,-0.7064885805472503,-1.4771751548312815,prompt_high,dataset_low,21.596503527570096,20.522467939990396,eef_height_max_cm,20,20,0.9502680799365848
-0.008826237965683464,-2.506750145653061,-0.006615378559504695,-0.010999878826182623,prompt_high,dataset_low,0.1695708122848667,0.16074457431918324,eef_height_mean,20,20,0.947949547883562
0.0003763854802402711,0.91651937561344,0.0006449664480014397,0.00014963858162036285,prompt_high,dataset_low,0.11930331995341734,0.11967970543365761,eef_height_min,20,20,1.0031548614811274
-0.011116741356037255,-1.775800425146655,-0.007446786817409489,-0.015162459690376476,prompt_high,dataset_low,0.0966617153222836,0.08554497396624634,eef_height_range,20,20,0.8849933485154284
-0.00035190942599504964,-0.15895597678078374,0.0009876162939874878,-0.001700894972848587,prompt_high,dataset_low,0.002420905076392946,0.0020689956503978963,eef_pos_endpoint_delta,20,20,0.8546378477185664
-0.15803813497164462,-2.2143869581072617,-0.11812177462056841,-0.20199690030064305,prompt_high,dataset_low,0.3565357488751525,0.19849761390350787,eef_pos_max_speed,20,20,0.5567397349700776
-0.238180215108308,-4.7704736553639036,-0.20818242026841663,-0.26796832968005574,prompt_high,dataset_low,0.5324781252894317,0.2942979101811237,eef_pos_mean_jerk,20,20,0.5526948444956454
-0.013387970931363811,-2.8174260298785123,-0.010495414069421737,-0.01617597903043468,prompt_high,dataset_low,0.06746085776191017,0.05407288683054636,eef_pos_mean_speed,20,20,0.8015446380171982
-0.4255208651642258,-3.120027855072753,-0.3447257342652977,-0.5110372200340936,prompt_high,dataset_low,1.4000439584038384,0.9745230932396126,eef_pos_p95_jerk,20,20,0.6960660702325275
-0.018534857083977424,-1.5681772657630328,-0.010946545510175874,-0.02566073241391092,prompt_high,dataset_low,0.17151377410190466,0.15297891701792724,eef_pos_p95_speed,20,20,0.8919337172750794
-0.09997097945989075,-1.8344377418116797,-0.06754652408212515,-0.13527796065896036,prompt_high,dataset_low,0.5167765189874822,0.4168055395275915,eef_pos_path_len,20,20,0.8065489165002067
-0.18183917434771324,-0.10836966237096722,0.8752097627558824,-1.205127432958256,prompt_high,dataset_low,6.894593267196079,6.712754092848366,eef_pos_speed_spikiness,20,20,0.9736258301197914
-1.4001351808492597,-0.8450568481174782,-0.31732514644541093,-2.343697429383402,prompt_high,dataset_low,5.492719995022307,4.092584814173048,state_endpoint_delta,20,20,0.7450925625975772
-96.59820985564201,-1.3592994564984717,-55.26442666002023,-141.39487317424937,prompt_high,dataset_low,245.31491077824313,148.71670092260112,state_max_speed,20,20,0.6062277276776462
-135.0063676848418,-4.620915121968521,-117.3609580079489,-152.35510918937726,prompt_high,dataset_low,327.4254420116203,192.4190743267785,state_mean_jerk,20,20,0.5876729466981153
-5.156613272219843,-1.8510703647096103,-3.4379545045212336,-6.76766425313674,prompt_high,dataset_low,44.39378817350484,39.237174901284995,state_mean_speed,20,20,0.8838438105145562
-259.16106410169004,-2.6544076522749416,-203.7517173839947,-321.22148855881716,prompt_high,dataset_low,843.3680819110007,584.2070178093106,state_p95_jerk,20,20,0.6927070520485195
-6.188015001440277,-0.6622745331292906,-0.4541200990716369,-11.889859707865218,prompt_high,dataset_low,117.02170153428047,110.83368653284019,state_p95_speed,20,20,0.9471207911030181
-36.43316599530857,-1.5795128077422649,-21.885788774348356,-50.71631834973098,prompt_high,dataset_low,338.55966918606515,302.1265031907566,state_path_len,20,20,0.8923877552166157
-2.149308961901431,-1.0387553987703657,-0.9099189646074232,-3.445552795539461,prompt_high,dataset_low,6.842384951297257,4.693075989395826,state_speed_spikiness,20,20,0.6858830694182485
-1.549643158409145,-0.6031197262964766,-0.06325885481967147,-3.180485802898518,dataset_high,dataset_low,6.469122617439804,4.919479459030659,action_endpoint_delta,20,20,0.760455436130382
4.206858926368454,0.10652725851504664,27.987148722688264,-19.209218133188017,dataset_high,dataset_low,257.9942153685622,262.20107429493066,action_max_speed,20,20,1.0163060203508656
38.61419668714285,1.832941931896706,51.79009481308616,25.75338733269406,dataset_high,dataset_low,266.0657466699311,304.67994335707397,action_mean_jerk,20,20,1.1451302814021924
5.05533059143837,1.9765098027390289,6.6393108938065675,3.472581879239201,dataset_high,dataset_low,47.420151058984366,52.475481650422736,action_mean_speed,20,20,1.106607222403913
129.8426676819737,0.9518671292496274,211.64562832386852,44.5726808483495,dataset_high,dataset_low,917.4433527485274,1047.2860204305011,action_p95_jerk,20,20,1.141526631907647
11.190942292863397,1.315125640265572,16.303927804202882,5.999477301765437,dataset_high,dataset_low,116.86221541948244,128.05315771234584,action_p95_speed,20,20,1.0957618529798994
-47.86016688469863,-2.011357683248444,-33.64013237895115,-62.56290824773803,dataset_high,dataset_low,451.47682735818626,403.6166604734876,action_path_len,20,20,0.8939919748180831
-0.4573873493765781,-0.3480657018648826,0.34941141556711686,-1.2448620988051542,dataset_high,dataset_low,6.6475492376851815,6.190161888308603,action_speed_spikiness,20,20,0.9311945903167471
-1.8400001287460324,-4.220114084036809,-1.576666783690452,-2.1000418061017982,dataset_high,dataset_low,9.535000085830688,7.694999957084656,duration_s,20,20,0.8070267320132908
-0.0001282109977394784,-0.0586303890784329,0.0012617329481161357,-0.0014137427075644263,dataset_high,dataset_low,0.0021972066481373747,0.0020689956503978963,eef_displacement_final,20,20,0.9416484497110627
-0.01153225530401264,-0.9310332797014849,-0.0039025578550308903,-0.019322791969551285,dataset_high,dataset_low,0.11288867196331673,0.10135641665930409,eef_displacement_max,20,20,0.8978440078894706
-0.004799900491875772,-0.6401324991321827,-8.820629499904257e-05,-0.009364683843746042,dataset_high,dataset_low,0.06384066867939141,0.059040768187515635,eef_displacement_mean,20,20,0.9248143880803504
0.0,nan,0.0,0.0,dataset_high,dataset_low,0.0,0.0,eef_displacement_min,20,20,1.0
-0.01153225530401264,-0.9310332797014849,-0.0039025578550308903,-0.019322791969551285,dataset_high,dataset_low,0.11288867196331673,0.10135641665930409,eef_displacement_range,20,20,0.8978440078894706
-0.00014793637779128566,-0.14753527268245442,0.00045004449412776944,-0.0007583696091503056,dataset_high,dataset_low,0.12048579884253678,0.1203378624647455,eef_height_final,20,20,0.9987721676169795
-0.018645334952081483,-2.8200964827856128,-0.01478578480675615,-0.02258023441672386,dataset_high,dataset_low,0.2238700143519854,0.2052246793999039,eef_height_max,20,20,0.9167135707156315
-1.8645334952081392,-2.8200964827856,-1.47857848067561,-2.258023441672387,dataset_high,dataset_low,22.387001435198535,20.522467939990396,eef_height_max_cm,20,20,0.9167135670325319
-0.008947331784532192,-3.225076275464513,-0.00725302684901135,-0.010548654250243577,dataset_high,dataset_low,0.16969190610371543,0.16074457431918324,eef_height_mean,20,20,0.9472730817709454
-9.176602300550729e-05,-0.19865185825762138,0.00019920956967803518,-0.0003654016491483298,dataset_high,dataset_low,0.11977147145666311,0.11967970543365761,eef_height_min,20,20,0.9992338240966092
-0.018553568929075892,-2.8103199740974953,-0.014750028184287953,-0.022459721813936916,dataset_high,dataset_low,0.10409854289532224,0.08554497396624634,eef_height_range,20,20,0.8217691945465112
-0.0001282109977394784,-0.0586303890784329,0.0012617329481161357,-0.0014137427075644263,dataset_high,dataset_low,0.0021972066481373747,0.0020689956503978963,eef_pos_endpoint_delta,20,20,0.9416484497110627
-0.0016931700244080528,-0.05539811843789935,0.016824760945840445,-0.01955689864665271,dataset_high,dataset_low,0.20019078392791592,0.19849761390350787,eef_pos_max_speed,20,20,0.9915422183448769
0.0003007528902686518,0.012827017811216182,0.014232061155112984,-0.013624870401800588,dataset_high,dataset_low,0.29399715729085507,0.2942979101811237,eef_pos_mean_jerk,20,20,1.0010229788709872
-0.005355674023860016,-0.9803486556179567,-0.0020068036933687484,-0.00860797544352815,dataset_high,dataset_low,0.05942856085440638,0.05407288683054636,eef_pos_mean_speed,20,20,0.9098804843047489
0.049534057388451624,0.6707710395231512,0.09483525875478106,0.007036670736200421,dataset_high,dataset_low,0.924989035851161,0.9745230932396126,eef_pos_p95_jerk,20,20,1.0535509664796854
-0.004264936890686355,-0.291740709412599,0.0047597955705202906,-0.013117768740095596,dataset_high,dataset_low,0.1572438539086136,0.15297891701792724,eef_pos_p95_speed,20,20,0.9728769264207026
-0.14966127855176825,-2.6682902838556246,-0.11589750777747848,-0.18342950403508249,dataset_high,dataset_low,0.5664668180793597,0.4168055395275915,eef_pos_path_len,20,20,0.7357986891144113
2.0961697637780246,1.5273013692059065,2.9411394856420006,1.27495084564671,dataset_high,dataset_low,4.616584329070341,6.712754092848366,eef_pos_speed_spikiness,20,20,1.4540520891252986
-0.6697215093188555,-0.32339905599904767,0.6476560741948336,-1.8759544176386935,dataset_high,dataset_low,4.762306323491903,4.092584814173048,state_endpoint_delta,20,20,0.8593703423467531
-5.059338750229301,-0.5376859767143805,0.3696191932138237,-10.832708094846009,dataset_high,dataset_low,153.77603967283042,148.71670092260112,state_max_speed,20,20,0.9670993038924374
18.502502351246534,1.4695801568547444,26.19810676562273,10.878495409714898,dataset_high,dataset_low,173.91657197553198,192.4190743267785,state_mean_jerk,20,20,1.1063872300380078
2.762130025205927,1.169253977440049,4.224116676036004,1.3097965454547427,dataset_high,dataset_low,36.47504487607907,39.237174901284995,state_mean_speed,20,20,1.0757265695993732
55.51251337754229,0.9687982176120126,90.4971285261242,20.59003701205768,dataset_high,dataset_low,528.6945044317683,584.2070178093106,state_p95_jerk,20,20,1.1049992252825782
9.75770054111922,0.9499197385702848,15.873431684432498,3.448438873881865,dataset_high,dataset_low,101.07598599172097,110.83368653284019,state_p95_speed,20,20,1.0965382671701376
-45.35633874861924,-1.7926532740906507,-30.05053008500185,-61.063149825430294,dataset_high,dataset_low,347.4828419393758,302.1265031907566,state_path_len,20,20,0.8694717169510571
-0.05216605913493222,-0.10738781626306441,0.24403932679307025,-0.3556797795697956,dataset_high,dataset_low,4.745242048530758,4.693075989395826,state_speed_spikiness,20,20,0.9890066600414723
