trial,chunk_action_step,action_values.0,action_values.1,action_values.2,action_values.3,action_values.4,action_values.5,predicted_action_eef_z
0,0,-15.110952377319336,84.41708374023438,-0.7439117431640625,-90.11744689941406,-6.849201202392578,62.160919189453125,0.25558805926563677
0,1,-14.9218111038208,82.1825180053711,0.8836193084716797,-92.06037902832031,-7.2083740234375,63.794952392578125,0.25066524773551946
0,2,-14.529304504394531,78.1373519897461,-1.1494216918945312,-93.42772674560547,-7.190314292907715,65.76358032226562,0.2504030183237171
0,3,-15.160913467407227,75.65441131591797,-4.133061408996582,-92.90985107421875,-7.475473403930664,70.5728988647461,0.2535739779473204
0,4,-15.251885414123535,72.73663330078125,-8.171871185302734,-92.40022277832031,-7.360526084899902,70.04243469238281,0.25796459878839273
0,5,-15.209211349487305,67.66301727294922,-13.074384689331055,-92.56220245361328,-7.231111526489258,71.95799255371094,0.26146504777024376
0,6,-13.922456741333008,64.0975112915039,-21.7513484954834,-92.05038452148438,-6.370719909667969,77.08796691894531,0.2715697970922419
0,7,-13.606752395629883,63.644859313964844,-24.199445724487305,-92.50704193115234,-6.796688079833984,83.44889831542969,0.2747787172686085
0,8,-12.578497886657715,62.1104850769043,-25.27197265625,-94.26557159423828,-6.868929862976074,82.84955596923828,0.27558903426042336
0,9,-11.491042137145996,61.511558532714844,-25.028587341308594,-95.13307189941406,-6.865074157714844,81.88575744628906,0.274973615293724
0,10,-11.10322093963623,59.95188522338867,-27.101699829101562,-96.01398468017578,-6.699531555175781,81.30780029296875,0.2768456573177701
0,11,-10.978474617004395,58.60572052001953,-28.251766204833984,-96.98881530761719,-6.666749000549316,81.20991516113281,0.2775724548543195
0,12,-10.793851852416992,57.06261444091797,-28.87232208251953,-97.59386444091797,-6.536685943603516,81.02803802490234,0.2772009967670047
0,13,-10.068666458129883,55.406494140625,-28.88382339477539,-97.71150207519531,-6.454488754272461,80.41033172607422,0.275637013369373
0,14,-9.760658264160156,54.44615173339844,-28.8570499420166,-98.8732681274414,-6.511044502258301,79.88075256347656,0.2748666132923084
0,15,-9.992877006530762,53.7271842956543,-28.305458068847656,-99.51925659179688,-6.595462799072266,80.22720336914062,0.2733287409370607
0,16,-10.101197242736816,55.12901306152344,-26.08295249938965,-100.51847839355469,-6.822493553161621,79.12934875488281,0.2711837898271494
0,17,-10.341462135314941,53.81144332885742,-25.60261344909668,-101.8693618774414,-6.877756118774414,78.78177642822266,0.26887301816899156
0,18,-10.638167381286621,54.037353515625,-23.688400268554688,-102.74368286132812,-6.793785095214844,78.1953125,0.265527237523586
0,19,-10.256688117980957,53.597591400146484,-21.920747756958008,-104.40837097167969,-6.833437919616699,77.76904296875,0.26123568732908886
0,20,-10.048870086669922,51.661415100097656,-22.446155548095703,-104.40348815917969,-6.677433967590332,78.21853637695312,0.25986836970045857
0,21,-9.838594436645508,49.54038619995117,-23.49733543395996,-103.8367691040039,-6.442084312438965,77.22699737548828,0.2594365385241412
0,22,-9.802321434020996,50.22098922729492,-21.282432556152344,-104.09718322753906,-6.488558769226074,77.02949523925781,0.2557368738349616
0,23,-10.077197074890137,49.130157470703125,-21.696138381958008,-103.98834228515625,-6.360661506652832,76.44254302978516,0.2552040399510087
0,24,-10.616503715515137,49.63703918457031,-21.717655181884766,-104.1553955078125,-6.47355842590332,75.03529357910156,0.25585721255885263
0,25,-10.406035423278809,49.31467819213867,-22.255096435546875,-104.43678283691406,-6.417881965637207,75.85193634033203,0.2564561184547137
0,26,-10.757497787475586,48.35017776489258,-21.769113540649414,-105.49009704589844,-6.226471900939941,75.38436889648438,0.25379874489956034
0,27,-11.773435592651367,48.54838562011719,-22.153879165649414,-105.62959289550781,-6.379849433898926,75.30937194824219,0.2548283409054446
0,28,-11.510473251342773,48.16161346435547,-21.916248321533203,-107.0446548461914,-6.118821144104004,75.75187683105469,0.2532310701598504
0,29,-11.724454879760742,47.453529357910156,-23.54656219482422,-107.29183959960938,-6.186878204345703,75.37100219726562,0.2556816483419632
0,30,-11.623662948608398,47.41505432128906,-23.366512298583984,-107.6849365234375,-6.069262504577637,75.35511779785156,0.2550815833558908
0,31,-12.172799110412598,46.553001403808594,-23.954307556152344,-107.49526977539062,-6.145008087158203,75.84854125976562,0.2552465555571419
0,32,-12.151479721069336,45.82978820800781,-23.695690155029297,-108.09334564208984,-6.068621635437012,77.60076904296875,0.25343237374299854
0,33,-12.360664367675781,44.80986785888672,-24.505361557006836,-108.38005065917969,-6.035181045532227,76.50411987304688,0.2536505218295267
0,34,-12.715185165405273,44.31243896484375,-24.104049682617188,-108.41624450683594,-6.13424015045166,77.1418685913086,0.25205175674260183
0,35,-12.629098892211914,42.720802307128906,-24.414350509643555,-109.16522216796875,-6.335349082946777,76.26589965820312,0.25010371325921843
0,36,-12.665186882019043,41.87554931640625,-24.774738311767578,-109.68841552734375,-6.445835113525391,75.59224700927734,0.24941928682604436
0,37,-12.429916381835938,41.43032455444336,-25.979923248291016,-109.07070922851562,-6.282137870788574,76.13813781738281,0.25177670838086263
0,38,-12.538531303405762,41.66753387451172,-25.27138900756836,-109.18020629882812,-6.45198917388916,76.15072631835938,0.2504917540161765
0,39,-12.71162223815918,40.69593048095703,-26.484268188476562,-108.13555908203125,-6.109808921813965,75.564453125,0.2522519169742458
0,40,-12.896085739135742,40.36914825439453,-26.166501998901367,-108.35812377929688,-5.9870100021362305,74.98802185058594,0.2509835555224616
0,41,-13.22148609161377,41.13226318359375,-26.019126892089844,-108.2369384765625,-6.137701988220215,72.90351104736328,0.2518150460570639
0,42,-13.898858070373535,41.629905700683594,-24.9945125579834,-108.69972229003906,-6.322061538696289,60.65846252441406,0.25005243390614273
0,43,-13.977530479431152,40.34584045410156,-26.202064514160156,-108.61405944824219,-5.919797420501709,58.44161605834961,0.25090904921677676
0,44,-14.567424774169922,40.4040641784668,-26.10072898864746,-108.46809387207031,-5.94888162612915,59.293575286865234,0.2508376924919998
0,45,-15.89499282836914,42.25251388549805,-27.290916442871094,-107.50227355957031,-5.845443248748779,66.02450561523438,0.2564309467963932
0,46,-18.149248123168945,43.181243896484375,-29.38513946533203,-106.49008178710938,-4.954894542694092,70.88546752929688,0.2623097846095905
0,47,-19.64569664001465,42.1968994140625,-31.39719009399414,-105.40458679199219,-4.677027702331543,66.41625213623047,0.2651951618501045
0,48,-19.163055419921875,41.54762268066406,-31.45360565185547,-106.33836364746094,-4.916621208190918,66.02397155761719,0.2642907639997706
0,49,-8.445014953613281,32.28984832763672,-22.816131591796875,-86.82877349853516,-5.586904525756836,46.935997009277344,0.23841790309696181
1,0,-15.110952377319336,84.41708374023438,-0.7439117431640625,-90.11744689941406,-6.849201202392578,62.160919189453125,0.25558805926563677
1,1,-14.9218111038208,82.1825180053711,0.8836193084716797,-92.06037902832031,-7.2083740234375,63.794952392578125,0.25066524773551946
1,2,-14.529304504394531,78.1373519897461,-1.1494216918945312,-93.42772674560547,-7.190314292907715,65.76358032226562,0.2504030183237171
1,3,-15.160913467407227,75.65441131591797,-4.133061408996582,-92.90985107421875,-7.475473403930664,70.5728988647461,0.2535739779473204
1,4,-15.251885414123535,72.73663330078125,-8.171871185302734,-92.40022277832031,-7.360526084899902,70.04243469238281,0.25796459878839273
1,5,-15.209211349487305,67.66301727294922,-13.074384689331055,-92.56220245361328,-7.231111526489258,71.95799255371094,0.26146504777024376
1,6,-13.922456741333008,64.0975112915039,-21.7513484954834,-92.05038452148438,-6.370719909667969,77.08796691894531,0.2715697970922419
1,7,-13.606752395629883,63.644859313964844,-24.199445724487305,-92.50704193115234,-6.796688079833984,83.44889831542969,0.2747787172686085
1,8,-12.578497886657715,62.1104850769043,-25.27197265625,-94.26557159423828,-6.868929862976074,82.84955596923828,0.27558903426042336
1,9,-11.491042137145996,61.511558532714844,-25.028587341308594,-95.13307189941406,-6.865074157714844,81.88575744628906,0.274973615293724
1,10,-11.10322093963623,59.95188522338867,-27.101699829101562,-96.01398468017578,-6.699531555175781,81.30780029296875,0.2768456573177701
1,11,-10.978474617004395,58.60572052001953,-28.251766204833984,-96.98881530761719,-6.666749000549316,81.20991516113281,0.2775724548543195
1,12,-10.793851852416992,57.06261444091797,-28.87232208251953,-97.59386444091797,-6.536685943603516,81.02803802490234,0.2772009967670047
1,13,-10.068666458129883,55.406494140625,-28.88382339477539,-97.71150207519531,-6.454488754272461,80.41033172607422,0.275637013369373
1,14,-9.760658264160156,54.44615173339844,-28.8570499420166,-98.8732681274414,-6.511044502258301,79.88075256347656,0.2748666132923084
1,15,-9.992877006530762,53.7271842956543,-28.305458068847656,-99.51925659179688,-6.595462799072266,80.22720336914062,0.2733287409370607
1,16,-10.101197242736816,55.12901306152344,-26.08295249938965,-100.51847839355469,-6.822493553161621,79.12934875488281,0.2711837898271494
1,17,-10.341462135314941,53.81144332885742,-25.60261344909668,-101.8693618774414,-6.877756118774414,78.78177642822266,0.26887301816899156
1,18,-10.638167381286621,54.037353515625,-23.688400268554688,-102.74368286132812,-6.793785095214844,78.1953125,0.265527237523586
1,19,-10.256688117980957,53.597591400146484,-21.920747756958008,-104.40837097167969,-6.833437919616699,77.76904296875,0.26123568732908886
1,20,-10.048870086669922,51.661415100097656,-22.446155548095703,-104.40348815917969,-6.677433967590332,78.21853637695312,0.25986836970045857
1,21,-9.838594436645508,49.54038619995117,-23.49733543395996,-103.8367691040039,-6.442084312438965,77.22699737548828,0.2594365385241412
1,22,-9.802321434020996,50.22098922729492,-21.282432556152344,-104.09718322753906,-6.488558769226074,77.02949523925781,0.2557368738349616
1,23,-10.077197074890137,49.130157470703125,-21.696138381958008,-103.98834228515625,-6.360661506652832,76.44254302978516,0.2552040399510087
1,24,-10.616503715515137,49.63703918457031,-21.717655181884766,-104.1553955078125,-6.47355842590332,75.03529357910156,0.25585721255885263
1,25,-10.406035423278809,49.31467819213867,-22.255096435546875,-104.43678283691406,-6.417881965637207,75.85193634033203,0.2564561184547137
1,26,-10.757497787475586,48.35017776489258,-21.769113540649414,-105.49009704589844,-6.226471900939941,75.38436889648438,0.25379874489956034
1,27,-11.773435592651367,48.54838562011719,-22.153879165649414,-105.62959289550781,-6.379849433898926,75.30937194824219,0.2548283409054446
1,28,-11.510473251342773,48.16161346435547,-21.916248321533203,-107.0446548461914,-6.118821144104004,75.75187683105469,0.2532310701598504
1,29,-11.724454879760742,47.453529357910156,-23.54656219482422,-107.29183959960938,-6.186878204345703,75.37100219726562,0.2556816483419632
1,30,-11.623662948608398,47.41505432128906,-23.366512298583984,-107.6849365234375,-6.069262504577637,75.35511779785156,0.2550815833558908
1,31,-12.172799110412598,46.553001403808594,-23.954307556152344,-107.49526977539062,-6.145008087158203,75.84854125976562,0.2552465555571419
1,32,-12.151479721069336,45.82978820800781,-23.695690155029297,-108.09334564208984,-6.068621635437012,77.60076904296875,0.25343237374299854
1,33,-12.360664367675781,44.80986785888672,-24.505361557006836,-108.38005065917969,-6.035181045532227,76.50411987304688,0.2536505218295267
1,34,-12.715185165405273,44.31243896484375,-24.104049682617188,-108.41624450683594,-6.13424015045166,77.1418685913086,0.25205175674260183
1,35,-12.629098892211914,42.720802307128906,-24.414350509643555,-109.16522216796875,-6.335349082946777,76.26589965820312,0.25010371325921843
1,36,-12.665186882019043,41.87554931640625,-24.774738311767578,-109.68841552734375,-6.445835113525391,75.59224700927734,0.24941928682604436
1,37,-12.429916381835938,41.43032455444336,-25.979923248291016,-109.07070922851562,-6.282137870788574,76.13813781738281,0.25177670838086263
1,38,-12.538531303405762,41.66753387451172,-25.27138900756836,-109.18020629882812,-6.45198917388916,76.15072631835938,0.2504917540161765
1,39,-12.71162223815918,40.69593048095703,-26.484268188476562,-108.13555908203125,-6.109808921813965,75.564453125,0.2522519169742458
1,40,-12.896085739135742,40.36914825439453,-26.166501998901367,-108.35812377929688,-5.9870100021362305,74.98802185058594,0.2509835555224616
1,41,-13.22148609161377,41.13226318359375,-26.019126892089844,-108.2369384765625,-6.137701988220215,72.90351104736328,0.2518150460570639
1,42,-13.898858070373535,41.629905700683594,-24.9945125579834,-108.69972229003906,-6.322061538696289,60.65846252441406,0.25005243390614273
1,43,-13.977530479431152,40.34584045410156,-26.202064514160156,-108.61405944824219,-5.919797420501709,58.44161605834961,0.25090904921677676
1,44,-14.567424774169922,40.4040641784668,-26.10072898864746,-108.46809387207031,-5.94888162612915,59.293575286865234,0.2508376924919998
1,45,-15.89499282836914,42.25251388549805,-27.290916442871094,-107.50227355957031,-5.845443248748779,66.02450561523438,0.2564309467963932
1,46,-18.149248123168945,43.181243896484375,-29.38513946533203,-106.49008178710938,-4.954894542694092,70.88546752929688,0.2623097846095905
1,47,-19.64569664001465,42.1968994140625,-31.39719009399414,-105.40458679199219,-4.677027702331543,66.41625213623047,0.2651951618501045
1,48,-19.163055419921875,41.54762268066406,-31.45360565185547,-106.33836364746094,-4.916621208190918,66.02397155761719,0.2642907639997706
1,49,-8.445014953613281,32.28984832763672,-22.816131591796875,-86.82877349853516,-5.586904525756836,46.935997009277344,0.23841790309696181
2,0,-15.110952377319336,84.41708374023438,-0.7439117431640625,-90.11744689941406,-6.849201202392578,62.160919189453125,0.25558805926563677
2,1,-14.9218111038208,82.1825180053711,0.8836193084716797,-92.06037902832031,-7.2083740234375,63.794952392578125,0.25066524773551946
2,2,-14.529304504394531,78.1373519897461,-1.1494216918945312,-93.42772674560547,-7.190314292907715,65.76358032226562,0.2504030183237171
2,3,-15.160913467407227,75.65441131591797,-4.133061408996582,-92.90985107421875,-7.475473403930664,70.5728988647461,0.2535739779473204
2,4,-15.251885414123535,72.73663330078125,-8.171871185302734,-92.40022277832031,-7.360526084899902,70.04243469238281,0.25796459878839273
2,5,-15.209211349487305,67.66301727294922,-13.074384689331055,-92.56220245361328,-7.231111526489258,71.95799255371094,0.26146504777024376
2,6,-13.922456741333008,64.0975112915039,-21.7513484954834,-92.05038452148438,-6.370719909667969,77.08796691894531,0.2715697970922419
2,7,-13.606752395629883,63.644859313964844,-24.199445724487305,-92.50704193115234,-6.796688079833984,83.44889831542969,0.2747787172686085
2,8,-12.578497886657715,62.1104850769043,-25.27197265625,-94.26557159423828,-6.868929862976074,82.84955596923828,0.27558903426042336
2,9,-11.491042137145996,61.511558532714844,-25.028587341308594,-95.13307189941406,-6.865074157714844,81.88575744628906,0.274973615293724
2,10,-11.10322093963623,59.95188522338867,-27.101699829101562,-96.01398468017578,-6.699531555175781,81.30780029296875,0.2768456573177701
2,11,-10.978474617004395,58.60572052001953,-28.251766204833984,-96.98881530761719,-6.666749000549316,81.20991516113281,0.2775724548543195
2,12,-10.793851852416992,57.06261444091797,-28.87232208251953,-97.59386444091797,-6.536685943603516,81.02803802490234,0.2772009967670047
2,13,-10.068666458129883,55.406494140625,-28.88382339477539,-97.71150207519531,-6.454488754272461,80.41033172607422,0.275637013369373
2,14,-9.760658264160156,54.44615173339844,-28.8570499420166,-98.8732681274414,-6.511044502258301,79.88075256347656,0.2748666132923084
2,15,-9.992877006530762,53.7271842956543,-28.305458068847656,-99.51925659179688,-6.595462799072266,80.22720336914062,0.2733287409370607
2,16,-10.101197242736816,55.12901306152344,-26.08295249938965,-100.51847839355469,-6.822493553161621,79.12934875488281,0.2711837898271494
2,17,-10.341462135314941,53.81144332885742,-25.60261344909668,-101.8693618774414,-6.877756118774414,78.78177642822266,0.26887301816899156
2,18,-10.638167381286621,54.037353515625,-23.688400268554688,-102.74368286132812,-6.793785095214844,78.1953125,0.265527237523586
2,19,-10.256688117980957,53.597591400146484,-21.920747756958008,-104.40837097167969,-6.833437919616699,77.76904296875,0.26123568732908886
2,20,-10.048870086669922,51.661415100097656,-22.446155548095703,-104.40348815917969,-6.677433967590332,78.21853637695312,0.25986836970045857
2,21,-9.838594436645508,49.54038619995117,-23.49733543395996,-103.8367691040039,-6.442084312438965,77.22699737548828,0.2594365385241412
2,22,-9.802321434020996,50.22098922729492,-21.282432556152344,-104.09718322753906,-6.488558769226074,77.02949523925781,0.2557368738349616
2,23,-10.077197074890137,49.130157470703125,-21.696138381958008,-103.98834228515625,-6.360661506652832,76.44254302978516,0.2552040399510087
2,24,-10.616503715515137,49.63703918457031,-21.717655181884766,-104.1553955078125,-6.47355842590332,75.03529357910156,0.25585721255885263
2,25,-10.406035423278809,49.31467819213867,-22.255096435546875,-104.43678283691406,-6.417881965637207,75.85193634033203,0.2564561184547137
2,26,-10.757497787475586,48.35017776489258,-21.769113540649414,-105.49009704589844,-6.226471900939941,75.38436889648438,0.25379874489956034
2,27,-11.773435592651367,48.54838562011719,-22.153879165649414,-105.62959289550781,-6.379849433898926,75.30937194824219,0.2548283409054446
2,28,-11.510473251342773,48.16161346435547,-21.916248321533203,-107.0446548461914,-6.118821144104004,75.75187683105469,0.2532310701598504
2,29,-11.724454879760742,47.453529357910156,-23.54656219482422,-107.29183959960938,-6.186878204345703,75.37100219726562,0.2556816483419632
2,30,-11.623662948608398,47.41505432128906,-23.366512298583984,-107.6849365234375,-6.069262504577637,75.35511779785156,0.2550815833558908
2,31,-12.172799110412598,46.553001403808594,-23.954307556152344,-107.49526977539062,-6.145008087158203,75.84854125976562,0.2552465555571419
2,32,-12.151479721069336,45.82978820800781,-23.695690155029297,-108.09334564208984,-6.068621635437012,77.60076904296875,0.25343237374299854
2,33,-12.360664367675781,44.80986785888672,-24.505361557006836,-108.38005065917969,-6.035181045532227,76.50411987304688,0.2536505218295267
2,34,-12.715185165405273,44.31243896484375,-24.104049682617188,-108.41624450683594,-6.13424015045166,77.1418685913086,0.25205175674260183
2,35,-12.629098892211914,42.720802307128906,-24.414350509643555,-109.16522216796875,-6.335349082946777,76.26589965820312,0.25010371325921843
2,36,-12.665186882019043,41.87554931640625,-24.774738311767578,-109.68841552734375,-6.445835113525391,75.59224700927734,0.24941928682604436
2,37,-12.429916381835938,41.43032455444336,-25.979923248291016,-109.07070922851562,-6.282137870788574,76.13813781738281,0.25177670838086263
2,38,-12.538531303405762,41.66753387451172,-25.27138900756836,-109.18020629882812,-6.45198917388916,76.15072631835938,0.2504917540161765
2,39,-12.71162223815918,40.69593048095703,-26.484268188476562,-108.13555908203125,-6.109808921813965,75.564453125,0.2522519169742458
2,40,-12.896085739135742,40.36914825439453,-26.166501998901367,-108.35812377929688,-5.9870100021362305,74.98802185058594,0.2509835555224616
2,41,-13.22148609161377,41.13226318359375,-26.019126892089844,-108.2369384765625,-6.137701988220215,72.90351104736328,0.2518150460570639
2,42,-13.898858070373535,41.629905700683594,-24.9945125579834,-108.69972229003906,-6.322061538696289,60.65846252441406,0.25005243390614273
2,43,-13.977530479431152,40.34584045410156,-26.202064514160156,-108.61405944824219,-5.919797420501709,58.44161605834961,0.25090904921677676
2,44,-14.567424774169922,40.4040641784668,-26.10072898864746,-108.46809387207031,-5.94888162612915,59.293575286865234,0.2508376924919998
2,45,-15.89499282836914,42.25251388549805,-27.290916442871094,-107.50227355957031,-5.845443248748779,66.02450561523438,0.2564309467963932
2,46,-18.149248123168945,43.181243896484375,-29.38513946533203,-106.49008178710938,-4.954894542694092,70.88546752929688,0.2623097846095905
2,47,-19.64569664001465,42.1968994140625,-31.39719009399414,-105.40458679199219,-4.677027702331543,66.41625213623047,0.2651951618501045
2,48,-19.163055419921875,41.54762268066406,-31.45360565185547,-106.33836364746094,-4.916621208190918,66.02397155761719,0.2642907639997706
2,49,-8.445014953613281,32.28984832763672,-22.816131591796875,-86.82877349853516,-5.586904525756836,46.935997009277344,0.23841790309696181
3,0,-15.110952377319336,84.41708374023438,-0.7439117431640625,-90.11744689941406,-6.849201202392578,62.160919189453125,0.25558805926563677
3,1,-14.9218111038208,82.1825180053711,0.8836193084716797,-92.06037902832031,-7.2083740234375,63.794952392578125,0.25066524773551946
3,2,-14.529304504394531,78.1373519897461,-1.1494216918945312,-93.42772674560547,-7.190314292907715,65.76358032226562,0.2504030183237171
3,3,-15.160913467407227,75.65441131591797,-4.133061408996582,-92.90985107421875,-7.475473403930664,70.5728988647461,0.2535739779473204
3,4,-15.251885414123535,72.73663330078125,-8.171871185302734,-92.40022277832031,-7.360526084899902,70.04243469238281,0.25796459878839273
3,5,-15.209211349487305,67.66301727294922,-13.074384689331055,-92.56220245361328,-7.231111526489258,71.95799255371094,0.26146504777024376
3,6,-13.922456741333008,64.0975112915039,-21.7513484954834,-92.05038452148438,-6.370719909667969,77.08796691894531,0.2715697970922419
3,7,-13.606752395629883,63.644859313964844,-24.199445724487305,-92.50704193115234,-6.796688079833984,83.44889831542969,0.2747787172686085
3,8,-12.578497886657715,62.1104850769043,-25.27197265625,-94.26557159423828,-6.868929862976074,82.84955596923828,0.27558903426042336
3,9,-11.491042137145996,61.511558532714844,-25.028587341308594,-95.13307189941406,-6.865074157714844,81.88575744628906,0.274973615293724
3,10,-11.10322093963623,59.95188522338867,-27.101699829101562,-96.01398468017578,-6.699531555175781,81.30780029296875,0.2768456573177701
3,11,-10.978474617004395,58.60572052001953,-28.251766204833984,-96.98881530761719,-6.666749000549316,81.20991516113281,0.2775724548543195
3,12,-10.793851852416992,57.06261444091797,-28.87232208251953,-97.59386444091797,-6.536685943603516,81.02803802490234,0.2772009967670047
3,13,-10.068666458129883,55.406494140625,-28.88382339477539,-97.71150207519531,-6.454488754272461,80.41033172607422,0.275637013369373
3,14,-9.760658264160156,54.44615173339844,-28.8570499420166,-98.8732681274414,-6.511044502258301,79.88075256347656,0.2748666132923084
3,15,-9.992877006530762,53.7271842956543,-28.305458068847656,-99.51925659179688,-6.595462799072266,80.22720336914062,0.2733287409370607
3,16,-10.101197242736816,55.12901306152344,-26.08295249938965,-100.51847839355469,-6.822493553161621,79.12934875488281,0.2711837898271494
3,17,-10.341462135314941,53.81144332885742,-25.60261344909668,-101.8693618774414,-6.877756118774414,78.78177642822266,0.26887301816899156
3,18,-10.638167381286621,54.037353515625,-23.688400268554688,-102.74368286132812,-6.793785095214844,78.1953125,0.265527237523586
3,19,-10.256688117980957,53.597591400146484,-21.920747756958008,-104.40837097167969,-6.833437919616699,77.76904296875,0.26123568732908886
3,20,-10.048870086669922,51.661415100097656,-22.446155548095703,-104.40348815917969,-6.677433967590332,78.21853637695312,0.25986836970045857
3,21,-9.838594436645508,49.54038619995117,-23.49733543395996,-103.8367691040039,-6.442084312438965,77.22699737548828,0.2594365385241412
3,22,-9.802321434020996,50.22098922729492,-21.282432556152344,-104.09718322753906,-6.488558769226074,77.02949523925781,0.2557368738349616
3,23,-10.077197074890137,49.130157470703125,-21.696138381958008,-103.98834228515625,-6.360661506652832,76.44254302978516,0.2552040399510087
3,24,-10.616503715515137,49.63703918457031,-21.717655181884766,-104.1553955078125,-6.47355842590332,75.03529357910156,0.25585721255885263
3,25,-10.406035423278809,49.31467819213867,-22.255096435546875,-104.43678283691406,-6.417881965637207,75.85193634033203,0.2564561184547137
3,26,-10.757497787475586,48.35017776489258,-21.769113540649414,-105.49009704589844,-6.226471900939941,75.38436889648438,0.25379874489956034
3,27,-11.773435592651367,48.54838562011719,-22.153879165649414,-105.62959289550781,-6.379849433898926,75.30937194824219,0.2548283409054446
3,28,-11.510473251342773,48.16161346435547,-21.916248321533203,-107.0446548461914,-6.118821144104004,75.75187683105469,0.2532310701598504
3,29,-11.724454879760742,47.453529357910156,-23.54656219482422,-107.29183959960938,-6.186878204345703,75.37100219726562,0.2556816483419632
3,30,-11.623662948608398,47.41505432128906,-23.366512298583984,-107.6849365234375,-6.069262504577637,75.35511779785156,0.2550815833558908
3,31,-12.172799110412598,46.553001403808594,-23.954307556152344,-107.49526977539062,-6.145008087158203,75.84854125976562,0.2552465555571419
3,32,-12.151479721069336,45.82978820800781,-23.695690155029297,-108.09334564208984,-6.068621635437012,77.60076904296875,0.25343237374299854
3,33,-12.360664367675781,44.80986785888672,-24.505361557006836,-108.38005065917969,-6.035181045532227,76.50411987304688,0.2536505218295267
3,34,-12.715185165405273,44.31243896484375,-24.104049682617188,-108.41624450683594,-6.13424015045166,77.1418685913086,0.25205175674260183
3,35,-12.629098892211914,42.720802307128906,-24.414350509643555,-109.16522216796875,-6.335349082946777,76.26589965820312,0.25010371325921843
3,36,-12.665186882019043,41.87554931640625,-24.774738311767578,-109.68841552734375,-6.445835113525391,75.59224700927734,0.24941928682604436
3,37,-12.429916381835938,41.43032455444336,-25.979923248291016,-109.07070922851562,-6.282137870788574,76.13813781738281,0.25177670838086263
3,38,-12.538531303405762,41.66753387451172,-25.27138900756836,-109.18020629882812,-6.45198917388916,76.15072631835938,0.2504917540161765
3,39,-12.71162223815918,40.69593048095703,-26.484268188476562,-108.13555908203125,-6.109808921813965,75.564453125,0.2522519169742458
3,40,-12.896085739135742,40.36914825439453,-26.166501998901367,-108.35812377929688,-5.9870100021362305,74.98802185058594,0.2509835555224616
3,41,-13.22148609161377,41.13226318359375,-26.019126892089844,-108.2369384765625,-6.137701988220215,72.90351104736328,0.2518150460570639
3,42,-13.898858070373535,41.629905700683594,-24.9945125579834,-108.69972229003906,-6.322061538696289,60.65846252441406,0.25005243390614273
3,43,-13.977530479431152,40.34584045410156,-26.202064514160156,-108.61405944824219,-5.919797420501709,58.44161605834961,0.25090904921677676
3,44,-14.567424774169922,40.4040641784668,-26.10072898864746,-108.46809387207031,-5.94888162612915,59.293575286865234,0.2508376924919998
3,45,-15.89499282836914,42.25251388549805,-27.290916442871094,-107.50227355957031,-5.845443248748779,66.02450561523438,0.2564309467963932
3,46,-18.149248123168945,43.181243896484375,-29.38513946533203,-106.49008178710938,-4.954894542694092,70.88546752929688,0.2623097846095905
3,47,-19.64569664001465,42.1968994140625,-31.39719009399414,-105.40458679199219,-4.677027702331543,66.41625213623047,0.2651951618501045
3,48,-19.163055419921875,41.54762268066406,-31.45360565185547,-106.33836364746094,-4.916621208190918,66.02397155761719,0.2642907639997706
3,49,-8.445014953613281,32.28984832763672,-22.816131591796875,-86.82877349853516,-5.586904525756836,46.935997009277344,0.23841790309696181
4,0,-15.110952377319336,84.41708374023438,-0.7439117431640625,-90.11744689941406,-6.849201202392578,62.160919189453125,0.25558805926563677
4,1,-14.9218111038208,82.1825180053711,0.8836193084716797,-92.06037902832031,-7.2083740234375,63.794952392578125,0.25066524773551946
4,2,-14.529304504394531,78.1373519897461,-1.1494216918945312,-93.42772674560547,-7.190314292907715,65.76358032226562,0.2504030183237171
4,3,-15.160913467407227,75.65441131591797,-4.133061408996582,-92.90985107421875,-7.475473403930664,70.5728988647461,0.2535739779473204
4,4,-15.251885414123535,72.73663330078125,-8.171871185302734,-92.40022277832031,-7.360526084899902,70.04243469238281,0.25796459878839273
4,5,-15.209211349487305,67.66301727294922,-13.074384689331055,-92.56220245361328,-7.231111526489258,71.95799255371094,0.26146504777024376
4,6,-13.922456741333008,64.0975112915039,-21.7513484954834,-92.05038452148438,-6.370719909667969,77.08796691894531,0.2715697970922419
4,7,-13.606752395629883,63.644859313964844,-24.199445724487305,-92.50704193115234,-6.796688079833984,83.44889831542969,0.2747787172686085
4,8,-12.578497886657715,62.1104850769043,-25.27197265625,-94.26557159423828,-6.868929862976074,82.84955596923828,0.27558903426042336
4,9,-11.491042137145996,61.511558532714844,-25.028587341308594,-95.13307189941406,-6.865074157714844,81.88575744628906,0.274973615293724
4,10,-11.10322093963623,59.95188522338867,-27.101699829101562,-96.01398468017578,-6.699531555175781,81.30780029296875,0.2768456573177701
4,11,-10.978474617004395,58.60572052001953,-28.251766204833984,-96.98881530761719,-6.666749000549316,81.20991516113281,0.2775724548543195
4,12,-10.793851852416992,57.06261444091797,-28.87232208251953,-97.59386444091797,-6.536685943603516,81.02803802490234,0.2772009967670047
4,13,-10.068666458129883,55.406494140625,-28.88382339477539,-97.71150207519531,-6.454488754272461,80.41033172607422,0.275637013369373
4,14,-9.760658264160156,54.44615173339844,-28.8570499420166,-98.8732681274414,-6.511044502258301,79.88075256347656,0.2748666132923084
4,15,-9.992877006530762,53.7271842956543,-28.305458068847656,-99.51925659179688,-6.595462799072266,80.22720336914062,0.2733287409370607
4,16,-10.101197242736816,55.12901306152344,-26.08295249938965,-100.51847839355469,-6.822493553161621,79.12934875488281,0.2711837898271494
4,17,-10.341462135314941,53.81144332885742,-25.60261344909668,-101.8693618774414,-6.877756118774414,78.78177642822266,0.26887301816899156
4,18,-10.638167381286621,54.037353515625,-23.688400268554688,-102.74368286132812,-6.793785095214844,78.1953125,0.265527237523586
4,19,-10.256688117980957,53.597591400146484,-21.920747756958008,-104.40837097167969,-6.833437919616699,77.76904296875,0.26123568732908886
4,20,-10.048870086669922,51.661415100097656,-22.446155548095703,-104.40348815917969,-6.677433967590332,78.21853637695312,0.25986836970045857
4,21,-9.838594436645508,49.54038619995117,-23.49733543395996,-103.8367691040039,-6.442084312438965,77.22699737548828,0.2594365385241412
4,22,-9.802321434020996,50.22098922729492,-21.282432556152344,-104.09718322753906,-6.488558769226074,77.02949523925781,0.2557368738349616
4,23,-10.077197074890137,49.130157470703125,-21.696138381958008,-103.98834228515625,-6.360661506652832,76.44254302978516,0.2552040399510087
4,24,-10.616503715515137,49.63703918457031,-21.717655181884766,-104.1553955078125,-6.47355842590332,75.03529357910156,0.25585721255885263
4,25,-10.406035423278809,49.31467819213867,-22.255096435546875,-104.43678283691406,-6.417881965637207,75.85193634033203,0.2564561184547137
4,26,-10.757497787475586,48.35017776489258,-21.769113540649414,-105.49009704589844,-6.226471900939941,75.38436889648438,0.25379874489956034
4,27,-11.773435592651367,48.54838562011719,-22.153879165649414,-105.62959289550781,-6.379849433898926,75.30937194824219,0.2548283409054446
4,28,-11.510473251342773,48.16161346435547,-21.916248321533203,-107.0446548461914,-6.118821144104004,75.75187683105469,0.2532310701598504
4,29,-11.724454879760742,47.453529357910156,-23.54656219482422,-107.29183959960938,-6.186878204345703,75.37100219726562,0.2556816483419632
4,30,-11.623662948608398,47.41505432128906,-23.366512298583984,-107.6849365234375,-6.069262504577637,75.35511779785156,0.2550815833558908
4,31,-12.172799110412598,46.553001403808594,-23.954307556152344,-107.49526977539062,-6.145008087158203,75.84854125976562,0.2552465555571419
4,32,-12.151479721069336,45.82978820800781,-23.695690155029297,-108.09334564208984,-6.068621635437012,77.60076904296875,0.25343237374299854
4,33,-12.360664367675781,44.80986785888672,-24.505361557006836,-108.38005065917969,-6.035181045532227,76.50411987304688,0.2536505218295267
4,34,-12.715185165405273,44.31243896484375,-24.104049682617188,-108.41624450683594,-6.13424015045166,77.1418685913086,0.25205175674260183
4,35,-12.629098892211914,42.720802307128906,-24.414350509643555,-109.16522216796875,-6.335349082946777,76.26589965820312,0.25010371325921843
4,36,-12.665186882019043,41.87554931640625,-24.774738311767578,-109.68841552734375,-6.445835113525391,75.59224700927734,0.24941928682604436
4,37,-12.429916381835938,41.43032455444336,-25.979923248291016,-109.07070922851562,-6.282137870788574,76.13813781738281,0.25177670838086263
4,38,-12.538531303405762,41.66753387451172,-25.27138900756836,-109.18020629882812,-6.45198917388916,76.15072631835938,0.2504917540161765
4,39,-12.71162223815918,40.69593048095703,-26.484268188476562,-108.13555908203125,-6.109808921813965,75.564453125,0.2522519169742458
4,40,-12.896085739135742,40.36914825439453,-26.166501998901367,-108.35812377929688,-5.9870100021362305,74.98802185058594,0.2509835555224616
4,41,-13.22148609161377,41.13226318359375,-26.019126892089844,-108.2369384765625,-6.137701988220215,72.90351104736328,0.2518150460570639
4,42,-13.898858070373535,41.629905700683594,-24.9945125579834,-108.69972229003906,-6.322061538696289,60.65846252441406,0.25005243390614273
4,43,-13.977530479431152,40.34584045410156,-26.202064514160156,-108.61405944824219,-5.919797420501709,58.44161605834961,0.25090904921677676
4,44,-14.567424774169922,40.4040641784668,-26.10072898864746,-108.46809387207031,-5.94888162612915,59.293575286865234,0.2508376924919998
4,45,-15.89499282836914,42.25251388549805,-27.290916442871094,-107.50227355957031,-5.845443248748779,66.02450561523438,0.2564309467963932
4,46,-18.149248123168945,43.181243896484375,-29.38513946533203,-106.49008178710938,-4.954894542694092,70.88546752929688,0.2623097846095905
4,47,-19.64569664001465,42.1968994140625,-31.39719009399414,-105.40458679199219,-4.677027702331543,66.41625213623047,0.2651951618501045
4,48,-19.163055419921875,41.54762268066406,-31.45360565185547,-106.33836364746094,-4.916621208190918,66.02397155761719,0.2642907639997706
4,49,-8.445014953613281,32.28984832763672,-22.816131591796875,-86.82877349853516,-5.586904525756836,46.935997009277344,0.23841790309696181
5,0,-15.110952377319336,84.41708374023438,-0.7439117431640625,-90.11744689941406,-6.849201202392578,62.160919189453125,0.25558805926563677
5,1,-14.9218111038208,82.1825180053711,0.8836193084716797,-92.06037902832031,-7.2083740234375,63.794952392578125,0.25066524773551946
5,2,-14.529304504394531,78.1373519897461,-1.1494216918945312,-93.42772674560547,-7.190314292907715,65.76358032226562,0.2504030183237171
5,3,-15.160913467407227,75.65441131591797,-4.133061408996582,-92.90985107421875,-7.475473403930664,70.5728988647461,0.2535739779473204
5,4,-15.251885414123535,72.73663330078125,-8.171871185302734,-92.40022277832031,-7.360526084899902,70.04243469238281,0.25796459878839273
5,5,-15.209211349487305,67.66301727294922,-13.074384689331055,-92.56220245361328,-7.231111526489258,71.95799255371094,0.26146504777024376
5,6,-13.922456741333008,64.0975112915039,-21.7513484954834,-92.05038452148438,-6.370719909667969,77.08796691894531,0.2715697970922419
5,7,-13.606752395629883,63.644859313964844,-24.199445724487305,-92.50704193115234,-6.796688079833984,83.44889831542969,0.2747787172686085
5,8,-12.578497886657715,62.1104850769043,-25.27197265625,-94.26557159423828,-6.868929862976074,82.84955596923828,0.27558903426042336
5,9,-11.491042137145996,61.511558532714844,-25.028587341308594,-95.13307189941406,-6.865074157714844,81.88575744628906,0.274973615293724
5,10,-11.10322093963623,59.95188522338867,-27.101699829101562,-96.01398468017578,-6.699531555175781,81.30780029296875,0.2768456573177701
5,11,-10.978474617004395,58.60572052001953,-28.251766204833984,-96.98881530761719,-6.666749000549316,81.20991516113281,0.2775724548543195
5,12,-10.793851852416992,57.06261444091797,-28.87232208251953,-97.59386444091797,-6.536685943603516,81.02803802490234,0.2772009967670047
5,13,-10.068666458129883,55.406494140625,-28.88382339477539,-97.71150207519531,-6.454488754272461,80.41033172607422,0.275637013369373
5,14,-9.760658264160156,54.44615173339844,-28.8570499420166,-98.8732681274414,-6.511044502258301,79.88075256347656,0.2748666132923084
5,15,-9.992877006530762,53.7271842956543,-28.305458068847656,-99.51925659179688,-6.595462799072266,80.22720336914062,0.2733287409370607
5,16,-10.101197242736816,55.12901306152344,-26.08295249938965,-100.51847839355469,-6.822493553161621,79.12934875488281,0.2711837898271494
5,17,-10.341462135314941,53.81144332885742,-25.60261344909668,-101.8693618774414,-6.877756118774414,78.78177642822266,0.26887301816899156
5,18,-10.638167381286621,54.037353515625,-23.688400268554688,-102.74368286132812,-6.793785095214844,78.1953125,0.265527237523586
5,19,-10.256688117980957,53.597591400146484,-21.920747756958008,-104.40837097167969,-6.833437919616699,77.76904296875,0.26123568732908886
5,20,-10.048870086669922,51.661415100097656,-22.446155548095703,-104.40348815917969,-6.677433967590332,78.21853637695312,0.25986836970045857
5,21,-9.838594436645508,49.54038619995117,-23.49733543395996,-103.8367691040039,-6.442084312438965,77.22699737548828,0.2594365385241412
5,22,-9.802321434020996,50.22098922729492,-21.282432556152344,-104.09718322753906,-6.488558769226074,77.02949523925781,0.2557368738349616
5,23,-10.077197074890137,49.130157470703125,-21.696138381958008,-103.98834228515625,-6.360661506652832,76.44254302978516,0.2552040399510087
5,24,-10.616503715515137,49.63703918457031,-21.717655181884766,-104.1553955078125,-6.47355842590332,75.03529357910156,0.25585721255885263
5,25,-10.406035423278809,49.31467819213867,-22.255096435546875,-104.43678283691406,-6.417881965637207,75.85193634033203,0.2564561184547137
5,26,-10.757497787475586,48.35017776489258,-21.769113540649414,-105.49009704589844,-6.226471900939941,75.38436889648438,0.25379874489956034
5,27,-11.773435592651367,48.54838562011719,-22.153879165649414,-105.62959289550781,-6.379849433898926,75.30937194824219,0.2548283409054446
5,28,-11.510473251342773,48.16161346435547,-21.916248321533203,-107.0446548461914,-6.118821144104004,75.75187683105469,0.2532310701598504
5,29,-11.724454879760742,47.453529357910156,-23.54656219482422,-107.29183959960938,-6.186878204345703,75.37100219726562,0.2556816483419632
5,30,-11.623662948608398,47.41505432128906,-23.366512298583984,-107.6849365234375,-6.069262504577637,75.35511779785156,0.2550815833558908
5,31,-12.172799110412598,46.553001403808594,-23.954307556152344,-107.49526977539062,-6.145008087158203,75.84854125976562,0.2552465555571419
5,32,-12.151479721069336,45.82978820800781,-23.695690155029297,-108.09334564208984,-6.068621635437012,77.60076904296875,0.25343237374299854
5,33,-12.360664367675781,44.80986785888672,-24.505361557006836,-108.38005065917969,-6.035181045532227,76.50411987304688,0.2536505218295267
5,34,-12.715185165405273,44.31243896484375,-24.104049682617188,-108.41624450683594,-6.13424015045166,77.1418685913086,0.25205175674260183
5,35,-12.629098892211914,42.720802307128906,-24.414350509643555,-109.16522216796875,-6.335349082946777,76.26589965820312,0.25010371325921843
5,36,-12.665186882019043,41.87554931640625,-24.774738311767578,-109.68841552734375,-6.445835113525391,75.59224700927734,0.24941928682604436
5,37,-12.429916381835938,41.43032455444336,-25.979923248291016,-109.07070922851562,-6.282137870788574,76.13813781738281,0.25177670838086263
5,38,-12.538531303405762,41.66753387451172,-25.27138900756836,-109.18020629882812,-6.45198917388916,76.15072631835938,0.2504917540161765
5,39,-12.71162223815918,40.69593048095703,-26.484268188476562,-108.13555908203125,-6.109808921813965,75.564453125,0.2522519169742458
5,40,-12.896085739135742,40.36914825439453,-26.166501998901367,-108.35812377929688,-5.9870100021362305,74.98802185058594,0.2509835555224616
5,41,-13.22148609161377,41.13226318359375,-26.019126892089844,-108.2369384765625,-6.137701988220215,72.90351104736328,0.2518150460570639
5,42,-13.898858070373535,41.629905700683594,-24.9945125579834,-108.69972229003906,-6.322061538696289,60.65846252441406,0.25005243390614273
5,43,-13.977530479431152,40.34584045410156,-26.202064514160156,-108.61405944824219,-5.919797420501709,58.44161605834961,0.25090904921677676
5,44,-14.567424774169922,40.4040641784668,-26.10072898864746,-108.46809387207031,-5.94888162612915,59.293575286865234,0.2508376924919998
5,45,-15.89499282836914,42.25251388549805,-27.290916442871094,-107.50227355957031,-5.845443248748779,66.02450561523438,0.2564309467963932
5,46,-18.149248123168945,43.181243896484375,-29.38513946533203,-106.49008178710938,-4.954894542694092,70.88546752929688,0.2623097846095905
5,47,-19.64569664001465,42.1968994140625,-31.39719009399414,-105.40458679199219,-4.677027702331543,66.41625213623047,0.2651951618501045
5,48,-19.163055419921875,41.54762268066406,-31.45360565185547,-106.33836364746094,-4.916621208190918,66.02397155761719,0.2642907639997706
5,49,-8.445014953613281,32.28984832763672,-22.816131591796875,-86.82877349853516,-5.586904525756836,46.935997009277344,0.23841790309696181
6,0,-15.110952377319336,84.41708374023438,-0.7439117431640625,-90.11744689941406,-6.849201202392578,62.160919189453125,0.25558805926563677
6,1,-14.9218111038208,82.1825180053711,0.8836193084716797,-92.06037902832031,-7.2083740234375,63.794952392578125,0.25066524773551946
6,2,-14.529304504394531,78.1373519897461,-1.1494216918945312,-93.42772674560547,-7.190314292907715,65.76358032226562,0.2504030183237171
6,3,-15.160913467407227,75.65441131591797,-4.133061408996582,-92.90985107421875,-7.475473403930664,70.5728988647461,0.2535739779473204
6,4,-15.251885414123535,72.73663330078125,-8.171871185302734,-92.40022277832031,-7.360526084899902,70.04243469238281,0.25796459878839273
6,5,-15.209211349487305,67.66301727294922,-13.074384689331055,-92.56220245361328,-7.231111526489258,71.95799255371094,0.26146504777024376
6,6,-13.922456741333008,64.0975112915039,-21.7513484954834,-92.05038452148438,-6.370719909667969,77.08796691894531,0.2715697970922419
6,7,-13.606752395629883,63.644859313964844,-24.199445724487305,-92.50704193115234,-6.796688079833984,83.44889831542969,0.2747787172686085
6,8,-12.578497886657715,62.1104850769043,-25.27197265625,-94.26557159423828,-6.868929862976074,82.84955596923828,0.27558903426042336
6,9,-11.491042137145996,61.511558532714844,-25.028587341308594,-95.13307189941406,-6.865074157714844,81.88575744628906,0.274973615293724
6,10,-11.10322093963623,59.95188522338867,-27.101699829101562,-96.01398468017578,-6.699531555175781,81.30780029296875,0.2768456573177701
6,11,-10.978474617004395,58.60572052001953,-28.251766204833984,-96.98881530761719,-6.666749000549316,81.20991516113281,0.2775724548543195
6,12,-10.793851852416992,57.06261444091797,-28.87232208251953,-97.59386444091797,-6.536685943603516,81.02803802490234,0.2772009967670047
6,13,-10.068666458129883,55.406494140625,-28.88382339477539,-97.71150207519531,-6.454488754272461,80.41033172607422,0.275637013369373
6,14,-9.760658264160156,54.44615173339844,-28.8570499420166,-98.8732681274414,-6.511044502258301,79.88075256347656,0.2748666132923084
6,15,-9.992877006530762,53.7271842956543,-28.305458068847656,-99.51925659179688,-6.595462799072266,80.22720336914062,0.2733287409370607
6,16,-10.101197242736816,55.12901306152344,-26.08295249938965,-100.51847839355469,-6.822493553161621,79.12934875488281,0.2711837898271494
6,17,-10.341462135314941,53.81144332885742,-25.60261344909668,-101.8693618774414,-6.877756118774414,78.78177642822266,0.26887301816899156
6,18,-10.638167381286621,54.037353515625,-23.688400268554688,-102.74368286132812,-6.793785095214844,78.1953125,0.265527237523586
6,19,-10.256688117980957,53.597591400146484,-21.920747756958008,-104.40837097167969,-6.833437919616699,77.76904296875,0.26123568732908886
6,20,-10.048870086669922,51.661415100097656,-22.446155548095703,-104.40348815917969,-6.677433967590332,78.21853637695312,0.25986836970045857
6,21,-9.838594436645508,49.54038619995117,-23.49733543395996,-103.8367691040039,-6.442084312438965,77.22699737548828,0.2594365385241412
6,22,-9.802321434020996,50.22098922729492,-21.282432556152344,-104.09718322753906,-6.488558769226074,77.02949523925781,0.2557368738349616
6,23,-10.077197074890137,49.130157470703125,-21.696138381958008,-103.98834228515625,-6.360661506652832,76.44254302978516,0.2552040399510087
6,24,-10.616503715515137,49.63703918457031,-21.717655181884766,-104.1553955078125,-6.47355842590332,75.03529357910156,0.25585721255885263
6,25,-10.406035423278809,49.31467819213867,-22.255096435546875,-104.43678283691406,-6.417881965637207,75.85193634033203,0.2564561184547137
6,26,-10.757497787475586,48.35017776489258,-21.769113540649414,-105.49009704589844,-6.226471900939941,75.38436889648438,0.25379874489956034
6,27,-11.773435592651367,48.54838562011719,-22.153879165649414,-105.62959289550781,-6.379849433898926,75.30937194824219,0.2548283409054446
6,28,-11.510473251342773,48.16161346435547,-21.916248321533203,-107.0446548461914,-6.118821144104004,75.75187683105469,0.2532310701598504
6,29,-11.724454879760742,47.453529357910156,-23.54656219482422,-107.29183959960938,-6.186878204345703,75.37100219726562,0.2556816483419632
6,30,-11.623662948608398,47.41505432128906,-23.366512298583984,-107.6849365234375,-6.069262504577637,75.35511779785156,0.2550815833558908
6,31,-12.172799110412598,46.553001403808594,-23.954307556152344,-107.49526977539062,-6.145008087158203,75.84854125976562,0.2552465555571419
6,32,-12.151479721069336,45.82978820800781,-23.695690155029297,-108.09334564208984,-6.068621635437012,77.60076904296875,0.25343237374299854
6,33,-12.360664367675781,44.80986785888672,-24.505361557006836,-108.38005065917969,-6.035181045532227,76.50411987304688,0.2536505218295267
6,34,-12.715185165405273,44.31243896484375,-24.104049682617188,-108.41624450683594,-6.13424015045166,77.1418685913086,0.25205175674260183
6,35,-12.629098892211914,42.720802307128906,-24.414350509643555,-109.16522216796875,-6.335349082946777,76.26589965820312,0.25010371325921843
6,36,-12.665186882019043,41.87554931640625,-24.774738311767578,-109.68841552734375,-6.445835113525391,75.59224700927734,0.24941928682604436
6,37,-12.429916381835938,41.43032455444336,-25.979923248291016,-109.07070922851562,-6.282137870788574,76.13813781738281,0.25177670838086263
6,38,-12.538531303405762,41.66753387451172,-25.27138900756836,-109.18020629882812,-6.45198917388916,76.15072631835938,0.2504917540161765
6,39,-12.71162223815918,40.69593048095703,-26.484268188476562,-108.13555908203125,-6.109808921813965,75.564453125,0.2522519169742458
6,40,-12.896085739135742,40.36914825439453,-26.166501998901367,-108.35812377929688,-5.9870100021362305,74.98802185058594,0.2509835555224616
6,41,-13.22148609161377,41.13226318359375,-26.019126892089844,-108.2369384765625,-6.137701988220215,72.90351104736328,0.2518150460570639
6,42,-13.898858070373535,41.629905700683594,-24.9945125579834,-108.69972229003906,-6.322061538696289,60.65846252441406,0.25005243390614273
6,43,-13.977530479431152,40.34584045410156,-26.202064514160156,-108.61405944824219,-5.919797420501709,58.44161605834961,0.25090904921677676
6,44,-14.567424774169922,40.4040641784668,-26.10072898864746,-108.46809387207031,-5.94888162612915,59.293575286865234,0.2508376924919998
6,45,-15.89499282836914,42.25251388549805,-27.290916442871094,-107.50227355957031,-5.845443248748779,66.02450561523438,0.2564309467963932
6,46,-18.149248123168945,43.181243896484375,-29.38513946533203,-106.49008178710938,-4.954894542694092,70.88546752929688,0.2623097846095905
6,47,-19.64569664001465,42.1968994140625,-31.39719009399414,-105.40458679199219,-4.677027702331543,66.41625213623047,0.2651951618501045
6,48,-19.163055419921875,41.54762268066406,-31.45360565185547,-106.33836364746094,-4.916621208190918,66.02397155761719,0.2642907639997706
6,49,-8.445014953613281,32.28984832763672,-22.816131591796875,-86.82877349853516,-5.586904525756836,46.935997009277344,0.23841790309696181
7,0,-15.110952377319336,84.41708374023438,-0.7439117431640625,-90.11744689941406,-6.849201202392578,62.160919189453125,0.25558805926563677
7,1,-14.9218111038208,82.1825180053711,0.8836193084716797,-92.06037902832031,-7.2083740234375,63.794952392578125,0.25066524773551946
7,2,-14.529304504394531,78.1373519897461,-1.1494216918945312,-93.42772674560547,-7.190314292907715,65.76358032226562,0.2504030183237171
7,3,-15.160913467407227,75.65441131591797,-4.133061408996582,-92.90985107421875,-7.475473403930664,70.5728988647461,0.2535739779473204
7,4,-15.251885414123535,72.73663330078125,-8.171871185302734,-92.40022277832031,-7.360526084899902,70.04243469238281,0.25796459878839273
7,5,-15.209211349487305,67.66301727294922,-13.074384689331055,-92.56220245361328,-7.231111526489258,71.95799255371094,0.26146504777024376
7,6,-13.922456741333008,64.0975112915039,-21.7513484954834,-92.05038452148438,-6.370719909667969,77.08796691894531,0.2715697970922419
7,7,-13.606752395629883,63.644859313964844,-24.199445724487305,-92.50704193115234,-6.796688079833984,83.44889831542969,0.2747787172686085
7,8,-12.578497886657715,62.1104850769043,-25.27197265625,-94.26557159423828,-6.868929862976074,82.84955596923828,0.27558903426042336
7,9,-11.491042137145996,61.511558532714844,-25.028587341308594,-95.13307189941406,-6.865074157714844,81.88575744628906,0.274973615293724
7,10,-11.10322093963623,59.95188522338867,-27.101699829101562,-96.01398468017578,-6.699531555175781,81.30780029296875,0.2768456573177701
7,11,-10.978474617004395,58.60572052001953,-28.251766204833984,-96.98881530761719,-6.666749000549316,81.20991516113281,0.2775724548543195
7,12,-10.793851852416992,57.06261444091797,-28.87232208251953,-97.59386444091797,-6.536685943603516,81.02803802490234,0.2772009967670047
7,13,-10.068666458129883,55.406494140625,-28.88382339477539,-97.71150207519531,-6.454488754272461,80.41033172607422,0.275637013369373
7,14,-9.760658264160156,54.44615173339844,-28.8570499420166,-98.8732681274414,-6.511044502258301,79.88075256347656,0.2748666132923084
7,15,-9.992877006530762,53.7271842956543,-28.305458068847656,-99.51925659179688,-6.595462799072266,80.22720336914062,0.2733287409370607
7,16,-10.101197242736816,55.12901306152344,-26.08295249938965,-100.51847839355469,-6.822493553161621,79.12934875488281,0.2711837898271494
7,17,-10.341462135314941,53.81144332885742,-25.60261344909668,-101.8693618774414,-6.877756118774414,78.78177642822266,0.26887301816899156
7,18,-10.638167381286621,54.037353515625,-23.688400268554688,-102.74368286132812,-6.793785095214844,78.1953125,0.265527237523586
7,19,-10.256688117980957,53.597591400146484,-21.920747756958008,-104.40837097167969,-6.833437919616699,77.76904296875,0.26123568732908886
7,20,-10.048870086669922,51.661415100097656,-22.446155548095703,-104.40348815917969,-6.677433967590332,78.21853637695312,0.25986836970045857
7,21,-9.838594436645508,49.54038619995117,-23.49733543395996,-103.8367691040039,-6.442084312438965,77.22699737548828,0.2594365385241412
7,22,-9.802321434020996,50.22098922729492,-21.282432556152344,-104.09718322753906,-6.488558769226074,77.02949523925781,0.2557368738349616
7,23,-10.077197074890137,49.130157470703125,-21.696138381958008,-103.98834228515625,-6.360661506652832,76.44254302978516,0.2552040399510087
7,24,-10.616503715515137,49.63703918457031,-21.717655181884766,-104.1553955078125,-6.47355842590332,75.03529357910156,0.25585721255885263
7,25,-10.406035423278809,49.31467819213867,-22.255096435546875,-104.43678283691406,-6.417881965637207,75.85193634033203,0.2564561184547137
7,26,-10.757497787475586,48.35017776489258,-21.769113540649414,-105.49009704589844,-6.226471900939941,75.38436889648438,0.25379874489956034
7,27,-11.773435592651367,48.54838562011719,-22.153879165649414,-105.62959289550781,-6.379849433898926,75.30937194824219,0.2548283409054446
7,28,-11.510473251342773,48.16161346435547,-21.916248321533203,-107.0446548461914,-6.118821144104004,75.75187683105469,0.2532310701598504
7,29,-11.724454879760742,47.453529357910156,-23.54656219482422,-107.29183959960938,-6.186878204345703,75.37100219726562,0.2556816483419632
7,30,-11.623662948608398,47.41505432128906,-23.366512298583984,-107.6849365234375,-6.069262504577637,75.35511779785156,0.2550815833558908
7,31,-12.172799110412598,46.553001403808594,-23.954307556152344,-107.49526977539062,-6.145008087158203,75.84854125976562,0.2552465555571419
7,32,-12.151479721069336,45.82978820800781,-23.695690155029297,-108.09334564208984,-6.068621635437012,77.60076904296875,0.25343237374299854
7,33,-12.360664367675781,44.80986785888672,-24.505361557006836,-108.38005065917969,-6.035181045532227,76.50411987304688,0.2536505218295267
7,34,-12.715185165405273,44.31243896484375,-24.104049682617188,-108.41624450683594,-6.13424015045166,77.1418685913086,0.25205175674260183
7,35,-12.629098892211914,42.720802307128906,-24.414350509643555,-109.16522216796875,-6.335349082946777,76.26589965820312,0.25010371325921843
7,36,-12.665186882019043,41.87554931640625,-24.774738311767578,-109.68841552734375,-6.445835113525391,75.59224700927734,0.24941928682604436
7,37,-12.429916381835938,41.43032455444336,-25.979923248291016,-109.07070922851562,-6.282137870788574,76.13813781738281,0.25177670838086263
7,38,-12.538531303405762,41.66753387451172,-25.27138900756836,-109.18020629882812,-6.45198917388916,76.15072631835938,0.2504917540161765
7,39,-12.71162223815918,40.69593048095703,-26.484268188476562,-108.13555908203125,-6.109808921813965,75.564453125,0.2522519169742458
7,40,-12.896085739135742,40.36914825439453,-26.166501998901367,-108.35812377929688,-5.9870100021362305,74.98802185058594,0.2509835555224616
7,41,-13.22148609161377,41.13226318359375,-26.019126892089844,-108.2369384765625,-6.137701988220215,72.90351104736328,0.2518150460570639
7,42,-13.898858070373535,41.629905700683594,-24.9945125579834,-108.69972229003906,-6.322061538696289,60.65846252441406,0.25005243390614273
7,43,-13.977530479431152,40.34584045410156,-26.202064514160156,-108.61405944824219,-5.919797420501709,58.44161605834961,0.25090904921677676
7,44,-14.567424774169922,40.4040641784668,-26.10072898864746,-108.46809387207031,-5.94888162612915,59.293575286865234,0.2508376924919998
7,45,-15.89499282836914,42.25251388549805,-27.290916442871094,-107.50227355957031,-5.845443248748779,66.02450561523438,0.2564309467963932
7,46,-18.149248123168945,43.181243896484375,-29.38513946533203,-106.49008178710938,-4.954894542694092,70.88546752929688,0.2623097846095905
7,47,-19.64569664001465,42.1968994140625,-31.39719009399414,-105.40458679199219,-4.677027702331543,66.41625213623047,0.2651951618501045
7,48,-19.163055419921875,41.54762268066406,-31.45360565185547,-106.33836364746094,-4.916621208190918,66.02397155761719,0.2642907639997706
7,49,-8.445014953613281,32.28984832763672,-22.816131591796875,-86.82877349853516,-5.586904525756836,46.935997009277344,0.23841790309696181
8,0,-15.110952377319336,84.41708374023438,-0.7439117431640625,-90.11744689941406,-6.849201202392578,62.160919189453125,0.25558805926563677
8,1,-14.9218111038208,82.1825180053711,0.8836193084716797,-92.06037902832031,-7.2083740234375,63.794952392578125,0.25066524773551946
8,2,-14.529304504394531,78.1373519897461,-1.1494216918945312,-93.42772674560547,-7.190314292907715,65.76358032226562,0.2504030183237171
8,3,-15.160913467407227,75.65441131591797,-4.133061408996582,-92.90985107421875,-7.475473403930664,70.5728988647461,0.2535739779473204
8,4,-15.251885414123535,72.73663330078125,-8.171871185302734,-92.40022277832031,-7.360526084899902,70.04243469238281,0.25796459878839273
8,5,-15.209211349487305,67.66301727294922,-13.074384689331055,-92.56220245361328,-7.231111526489258,71.95799255371094,0.26146504777024376
8,6,-13.922456741333008,64.0975112915039,-21.7513484954834,-92.05038452148438,-6.370719909667969,77.08796691894531,0.2715697970922419
8,7,-13.606752395629883,63.644859313964844,-24.199445724487305,-92.50704193115234,-6.796688079833984,83.44889831542969,0.2747787172686085
8,8,-12.578497886657715,62.1104850769043,-25.27197265625,-94.26557159423828,-6.868929862976074,82.84955596923828,0.27558903426042336
8,9,-11.491042137145996,61.511558532714844,-25.028587341308594,-95.13307189941406,-6.865074157714844,81.88575744628906,0.274973615293724
8,10,-11.10322093963623,59.95188522338867,-27.101699829101562,-96.01398468017578,-6.699531555175781,81.30780029296875,0.2768456573177701
8,11,-10.978474617004395,58.60572052001953,-28.251766204833984,-96.98881530761719,-6.666749000549316,81.20991516113281,0.2775724548543195
8,12,-10.793851852416992,57.06261444091797,-28.87232208251953,-97.59386444091797,-6.536685943603516,81.02803802490234,0.2772009967670047
8,13,-10.068666458129883,55.406494140625,-28.88382339477539,-97.71150207519531,-6.454488754272461,80.41033172607422,0.275637013369373
8,14,-9.760658264160156,54.44615173339844,-28.8570499420166,-98.8732681274414,-6.511044502258301,79.88075256347656,0.2748666132923084
8,15,-9.992877006530762,53.7271842956543,-28.305458068847656,-99.51925659179688,-6.595462799072266,80.22720336914062,0.2733287409370607
8,16,-10.101197242736816,55.12901306152344,-26.08295249938965,-100.51847839355469,-6.822493553161621,79.12934875488281,0.2711837898271494
8,17,-10.341462135314941,53.81144332885742,-25.60261344909668,-101.8693618774414,-6.877756118774414,78.78177642822266,0.26887301816899156
8,18,-10.638167381286621,54.037353515625,-23.688400268554688,-102.74368286132812,-6.793785095214844,78.1953125,0.265527237523586
8,19,-10.256688117980957,53.597591400146484,-21.920747756958008,-104.40837097167969,-6.833437919616699,77.76904296875,0.26123568732908886
8,20,-10.048870086669922,51.661415100097656,-22.446155548095703,-104.40348815917969,-6.677433967590332,78.21853637695312,0.25986836970045857
8,21,-9.838594436645508,49.54038619995117,-23.49733543395996,-103.8367691040039,-6.442084312438965,77.22699737548828,0.2594365385241412
8,22,-9.802321434020996,50.22098922729492,-21.282432556152344,-104.09718322753906,-6.488558769226074,77.02949523925781,0.2557368738349616
8,23,-10.077197074890137,49.130157470703125,-21.696138381958008,-103.98834228515625,-6.360661506652832,76.44254302978516,0.2552040399510087
8,24,-10.616503715515137,49.63703918457031,-21.717655181884766,-104.1553955078125,-6.47355842590332,75.03529357910156,0.25585721255885263
8,25,-10.406035423278809,49.31467819213867,-22.255096435546875,-104.43678283691406,-6.417881965637207,75.85193634033203,0.2564561184547137
8,26,-10.757497787475586,48.35017776489258,-21.769113540649414,-105.49009704589844,-6.226471900939941,75.38436889648438,0.25379874489956034
8,27,-11.773435592651367,48.54838562011719,-22.153879165649414,-105.62959289550781,-6.379849433898926,75.30937194824219,0.2548283409054446
8,28,-11.510473251342773,48.16161346435547,-21.916248321533203,-107.0446548461914,-6.118821144104004,75.75187683105469,0.2532310701598504
8,29,-11.724454879760742,47.453529357910156,-23.54656219482422,-107.29183959960938,-6.186878204345703,75.37100219726562,0.2556816483419632
8,30,-11.623662948608398,47.41505432128906,-23.366512298583984,-107.6849365234375,-6.069262504577637,75.35511779785156,0.2550815833558908
8,31,-12.172799110412598,46.553001403808594,-23.954307556152344,-107.49526977539062,-6.145008087158203,75.84854125976562,0.2552465555571419
8,32,-12.151479721069336,45.82978820800781,-23.695690155029297,-108.09334564208984,-6.068621635437012,77.60076904296875,0.25343237374299854
8,33,-12.360664367675781,44.80986785888672,-24.505361557006836,-108.38005065917969,-6.035181045532227,76.50411987304688,0.2536505218295267
8,34,-12.715185165405273,44.31243896484375,-24.104049682617188,-108.41624450683594,-6.13424015045166,77.1418685913086,0.25205175674260183
8,35,-12.629098892211914,42.720802307128906,-24.414350509643555,-109.16522216796875,-6.335349082946777,76.26589965820312,0.25010371325921843
8,36,-12.665186882019043,41.87554931640625,-24.774738311767578,-109.68841552734375,-6.445835113525391,75.59224700927734,0.24941928682604436
8,37,-12.429916381835938,41.43032455444336,-25.979923248291016,-109.07070922851562,-6.282137870788574,76.13813781738281,0.25177670838086263
8,38,-12.538531303405762,41.66753387451172,-25.27138900756836,-109.18020629882812,-6.45198917388916,76.15072631835938,0.2504917540161765
8,39,-12.71162223815918,40.69593048095703,-26.484268188476562,-108.13555908203125,-6.109808921813965,75.564453125,0.2522519169742458
8,40,-12.896085739135742,40.36914825439453,-26.166501998901367,-108.35812377929688,-5.9870100021362305,74.98802185058594,0.2509835555224616
8,41,-13.22148609161377,41.13226318359375,-26.019126892089844,-108.2369384765625,-6.137701988220215,72.90351104736328,0.2518150460570639
8,42,-13.898858070373535,41.629905700683594,-24.9945125579834,-108.69972229003906,-6.322061538696289,60.65846252441406,0.25005243390614273
8,43,-13.977530479431152,40.34584045410156,-26.202064514160156,-108.61405944824219,-5.919797420501709,58.44161605834961,0.25090904921677676
8,44,-14.567424774169922,40.4040641784668,-26.10072898864746,-108.46809387207031,-5.94888162612915,59.293575286865234,0.2508376924919998
8,45,-15.89499282836914,42.25251388549805,-27.290916442871094,-107.50227355957031,-5.845443248748779,66.02450561523438,0.2564309467963932
8,46,-18.149248123168945,43.181243896484375,-29.38513946533203,-106.49008178710938,-4.954894542694092,70.88546752929688,0.2623097846095905
8,47,-19.64569664001465,42.1968994140625,-31.39719009399414,-105.40458679199219,-4.677027702331543,66.41625213623047,0.2651951618501045
8,48,-19.163055419921875,41.54762268066406,-31.45360565185547,-106.33836364746094,-4.916621208190918,66.02397155761719,0.2642907639997706
8,49,-8.445014953613281,32.28984832763672,-22.816131591796875,-86.82877349853516,-5.586904525756836,46.935997009277344,0.23841790309696181
9,0,-15.110952377319336,84.41708374023438,-0.7439117431640625,-90.11744689941406,-6.849201202392578,62.160919189453125,0.25558805926563677
9,1,-14.9218111038208,82.1825180053711,0.8836193084716797,-92.06037902832031,-7.2083740234375,63.794952392578125,0.25066524773551946
9,2,-14.529304504394531,78.1373519897461,-1.1494216918945312,-93.42772674560547,-7.190314292907715,65.76358032226562,0.2504030183237171
9,3,-15.160913467407227,75.65441131591797,-4.133061408996582,-92.90985107421875,-7.475473403930664,70.5728988647461,0.2535739779473204
9,4,-15.251885414123535,72.73663330078125,-8.171871185302734,-92.40022277832031,-7.360526084899902,70.04243469238281,0.25796459878839273
9,5,-15.209211349487305,67.66301727294922,-13.074384689331055,-92.56220245361328,-7.231111526489258,71.95799255371094,0.26146504777024376
9,6,-13.922456741333008,64.0975112915039,-21.7513484954834,-92.05038452148438,-6.370719909667969,77.08796691894531,0.2715697970922419
9,7,-13.606752395629883,63.644859313964844,-24.199445724487305,-92.50704193115234,-6.796688079833984,83.44889831542969,0.2747787172686085
9,8,-12.578497886657715,62.1104850769043,-25.27197265625,-94.26557159423828,-6.868929862976074,82.84955596923828,0.27558903426042336
9,9,-11.491042137145996,61.511558532714844,-25.028587341308594,-95.13307189941406,-6.865074157714844,81.88575744628906,0.274973615293724
9,10,-11.10322093963623,59.95188522338867,-27.101699829101562,-96.01398468017578,-6.699531555175781,81.30780029296875,0.2768456573177701
9,11,-10.978474617004395,58.60572052001953,-28.251766204833984,-96.98881530761719,-6.666749000549316,81.20991516113281,0.2775724548543195
9,12,-10.793851852416992,57.06261444091797,-28.87232208251953,-97.59386444091797,-6.536685943603516,81.02803802490234,0.2772009967670047
9,13,-10.068666458129883,55.406494140625,-28.88382339477539,-97.71150207519531,-6.454488754272461,80.41033172607422,0.275637013369373
9,14,-9.760658264160156,54.44615173339844,-28.8570499420166,-98.8732681274414,-6.511044502258301,79.88075256347656,0.2748666132923084
9,15,-9.992877006530762,53.7271842956543,-28.305458068847656,-99.51925659179688,-6.595462799072266,80.22720336914062,0.2733287409370607
9,16,-10.101197242736816,55.12901306152344,-26.08295249938965,-100.51847839355469,-6.822493553161621,79.12934875488281,0.2711837898271494
9,17,-10.341462135314941,53.81144332885742,-25.60261344909668,-101.8693618774414,-6.877756118774414,78.78177642822266,0.26887301816899156
9,18,-10.638167381286621,54.037353515625,-23.688400268554688,-102.74368286132812,-6.793785095214844,78.1953125,0.265527237523586
9,19,-10.256688117980957,53.597591400146484,-21.920747756958008,-104.40837097167969,-6.833437919616699,77.76904296875,0.26123568732908886
9,20,-10.048870086669922,51.661415100097656,-22.446155548095703,-104.40348815917969,-6.677433967590332,78.21853637695312,0.25986836970045857
9,21,-9.838594436645508,49.54038619995117,-23.49733543395996,-103.8367691040039,-6.442084312438965,77.22699737548828,0.2594365385241412
9,22,-9.802321434020996,50.22098922729492,-21.282432556152344,-104.09718322753906,-6.488558769226074,77.02949523925781,0.2557368738349616
9,23,-10.077197074890137,49.130157470703125,-21.696138381958008,-103.98834228515625,-6.360661506652832,76.44254302978516,0.2552040399510087
9,24,-10.616503715515137,49.63703918457031,-21.717655181884766,-104.1553955078125,-6.47355842590332,75.03529357910156,0.25585721255885263
9,25,-10.406035423278809,49.31467819213867,-22.255096435546875,-104.43678283691406,-6.417881965637207,75.85193634033203,0.2564561184547137
9,26,-10.757497787475586,48.35017776489258,-21.769113540649414,-105.49009704589844,-6.226471900939941,75.38436889648438,0.25379874489956034
9,27,-11.773435592651367,48.54838562011719,-22.153879165649414,-105.62959289550781,-6.379849433898926,75.30937194824219,0.2548283409054446
9,28,-11.510473251342773,48.16161346435547,-21.916248321533203,-107.0446548461914,-6.118821144104004,75.75187683105469,0.2532310701598504
9,29,-11.724454879760742,47.453529357910156,-23.54656219482422,-107.29183959960938,-6.186878204345703,75.37100219726562,0.2556816483419632
9,30,-11.623662948608398,47.41505432128906,-23.366512298583984,-107.6849365234375,-6.069262504577637,75.35511779785156,0.2550815833558908
9,31,-12.172799110412598,46.553001403808594,-23.954307556152344,-107.49526977539062,-6.145008087158203,75.84854125976562,0.2552465555571419
9,32,-12.151479721069336,45.82978820800781,-23.695690155029297,-108.09334564208984,-6.068621635437012,77.60076904296875,0.25343237374299854
9,33,-12.360664367675781,44.80986785888672,-24.505361557006836,-108.38005065917969,-6.035181045532227,76.50411987304688,0.2536505218295267
9,34,-12.715185165405273,44.31243896484375,-24.104049682617188,-108.41624450683594,-6.13424015045166,77.1418685913086,0.25205175674260183
9,35,-12.629098892211914,42.720802307128906,-24.414350509643555,-109.16522216796875,-6.335349082946777,76.26589965820312,0.25010371325921843
9,36,-12.665186882019043,41.87554931640625,-24.774738311767578,-109.68841552734375,-6.445835113525391,75.59224700927734,0.24941928682604436
9,37,-12.429916381835938,41.43032455444336,-25.979923248291016,-109.07070922851562,-6.282137870788574,76.13813781738281,0.25177670838086263
9,38,-12.538531303405762,41.66753387451172,-25.27138900756836,-109.18020629882812,-6.45198917388916,76.15072631835938,0.2504917540161765
9,39,-12.71162223815918,40.69593048095703,-26.484268188476562,-108.13555908203125,-6.109808921813965,75.564453125,0.2522519169742458
9,40,-12.896085739135742,40.36914825439453,-26.166501998901367,-108.35812377929688,-5.9870100021362305,74.98802185058594,0.2509835555224616
9,41,-13.22148609161377,41.13226318359375,-26.019126892089844,-108.2369384765625,-6.137701988220215,72.90351104736328,0.2518150460570639
9,42,-13.898858070373535,41.629905700683594,-24.9945125579834,-108.69972229003906,-6.322061538696289,60.65846252441406,0.25005243390614273
9,43,-13.977530479431152,40.34584045410156,-26.202064514160156,-108.61405944824219,-5.919797420501709,58.44161605834961,0.25090904921677676
9,44,-14.567424774169922,40.4040641784668,-26.10072898864746,-108.46809387207031,-5.94888162612915,59.293575286865234,0.2508376924919998
9,45,-15.89499282836914,42.25251388549805,-27.290916442871094,-107.50227355957031,-5.845443248748779,66.02450561523438,0.2564309467963932
9,46,-18.149248123168945,43.181243896484375,-29.38513946533203,-106.49008178710938,-4.954894542694092,70.88546752929688,0.2623097846095905
9,47,-19.64569664001465,42.1968994140625,-31.39719009399414,-105.40458679199219,-4.677027702331543,66.41625213623047,0.2651951618501045
9,48,-19.163055419921875,41.54762268066406,-31.45360565185547,-106.33836364746094,-4.916621208190918,66.02397155761719,0.2642907639997706
9,49,-8.445014953613281,32.28984832763672,-22.816131591796875,-86.82877349853516,-5.586904525756836,46.935997009277344,0.23841790309696181
10,0,-15.110952377319336,84.41708374023438,-0.7439117431640625,-90.11744689941406,-6.849201202392578,62.160919189453125,0.25558805926563677
10,1,-14.9218111038208,82.1825180053711,0.8836193084716797,-92.06037902832031,-7.2083740234375,63.794952392578125,0.25066524773551946
10,2,-14.529304504394531,78.1373519897461,-1.1494216918945312,-93.42772674560547,-7.190314292907715,65.76358032226562,0.2504030183237171
10,3,-15.160913467407227,75.65441131591797,-4.133061408996582,-92.90985107421875,-7.475473403930664,70.5728988647461,0.2535739779473204
10,4,-15.251885414123535,72.73663330078125,-8.171871185302734,-92.40022277832031,-7.360526084899902,70.04243469238281,0.25796459878839273
10,5,-15.209211349487305,67.66301727294922,-13.074384689331055,-92.56220245361328,-7.231111526489258,71.95799255371094,0.26146504777024376
10,6,-13.922456741333008,64.0975112915039,-21.7513484954834,-92.05038452148438,-6.370719909667969,77.08796691894531,0.2715697970922419
10,7,-13.606752395629883,63.644859313964844,-24.199445724487305,-92.50704193115234,-6.796688079833984,83.44889831542969,0.2747787172686085
10,8,-12.578497886657715,62.1104850769043,-25.27197265625,-94.26557159423828,-6.868929862976074,82.84955596923828,0.27558903426042336
10,9,-11.491042137145996,61.511558532714844,-25.028587341308594,-95.13307189941406,-6.865074157714844,81.88575744628906,0.274973615293724
10,10,-11.10322093963623,59.95188522338867,-27.101699829101562,-96.01398468017578,-6.699531555175781,81.30780029296875,0.2768456573177701
10,11,-10.978474617004395,58.60572052001953,-28.251766204833984,-96.98881530761719,-6.666749000549316,81.20991516113281,0.2775724548543195
10,12,-10.793851852416992,57.06261444091797,-28.87232208251953,-97.59386444091797,-6.536685943603516,81.02803802490234,0.2772009967670047
10,13,-10.068666458129883,55.406494140625,-28.88382339477539,-97.71150207519531,-6.454488754272461,80.41033172607422,0.275637013369373
10,14,-9.760658264160156,54.44615173339844,-28.8570499420166,-98.8732681274414,-6.511044502258301,79.88075256347656,0.2748666132923084
10,15,-9.992877006530762,53.7271842956543,-28.305458068847656,-99.51925659179688,-6.595462799072266,80.22720336914062,0.2733287409370607
10,16,-10.101197242736816,55.12901306152344,-26.08295249938965,-100.51847839355469,-6.822493553161621,79.12934875488281,0.2711837898271494
10,17,-10.341462135314941,53.81144332885742,-25.60261344909668,-101.8693618774414,-6.877756118774414,78.78177642822266,0.26887301816899156
10,18,-10.638167381286621,54.037353515625,-23.688400268554688,-102.74368286132812,-6.793785095214844,78.1953125,0.265527237523586
10,19,-10.256688117980957,53.597591400146484,-21.920747756958008,-104.40837097167969,-6.833437919616699,77.76904296875,0.26123568732908886
10,20,-10.048870086669922,51.661415100097656,-22.446155548095703,-104.40348815917969,-6.677433967590332,78.21853637695312,0.25986836970045857
10,21,-9.838594436645508,49.54038619995117,-23.49733543395996,-103.8367691040039,-6.442084312438965,77.22699737548828,0.2594365385241412
10,22,-9.802321434020996,50.22098922729492,-21.282432556152344,-104.09718322753906,-6.488558769226074,77.02949523925781,0.2557368738349616
10,23,-10.077197074890137,49.130157470703125,-21.696138381958008,-103.98834228515625,-6.360661506652832,76.44254302978516,0.2552040399510087
10,24,-10.616503715515137,49.63703918457031,-21.717655181884766,-104.1553955078125,-6.47355842590332,75.03529357910156,0.25585721255885263
10,25,-10.406035423278809,49.31467819213867,-22.255096435546875,-104.43678283691406,-6.417881965637207,75.85193634033203,0.2564561184547137
10,26,-10.757497787475586,48.35017776489258,-21.769113540649414,-105.49009704589844,-6.226471900939941,75.38436889648438,0.25379874489956034
10,27,-11.773435592651367,48.54838562011719,-22.153879165649414,-105.62959289550781,-6.379849433898926,75.30937194824219,0.2548283409054446
10,28,-11.510473251342773,48.16161346435547,-21.916248321533203,-107.0446548461914,-6.118821144104004,75.75187683105469,0.2532310701598504
10,29,-11.724454879760742,47.453529357910156,-23.54656219482422,-107.29183959960938,-6.186878204345703,75.37100219726562,0.2556816483419632
10,30,-11.623662948608398,47.41505432128906,-23.366512298583984,-107.6849365234375,-6.069262504577637,75.35511779785156,0.2550815833558908
10,31,-12.172799110412598,46.553001403808594,-23.954307556152344,-107.49526977539062,-6.145008087158203,75.84854125976562,0.2552465555571419
10,32,-12.151479721069336,45.82978820800781,-23.695690155029297,-108.09334564208984,-6.068621635437012,77.60076904296875,0.25343237374299854
10,33,-12.360664367675781,44.80986785888672,-24.505361557006836,-108.38005065917969,-6.035181045532227,76.50411987304688,0.2536505218295267
10,34,-12.715185165405273,44.31243896484375,-24.104049682617188,-108.41624450683594,-6.13424015045166,77.1418685913086,0.25205175674260183
10,35,-12.629098892211914,42.720802307128906,-24.414350509643555,-109.16522216796875,-6.335349082946777,76.26589965820312,0.25010371325921843
10,36,-12.665186882019043,41.87554931640625,-24.774738311767578,-109.68841552734375,-6.445835113525391,75.59224700927734,0.24941928682604436
10,37,-12.429916381835938,41.43032455444336,-25.979923248291016,-109.07070922851562,-6.282137870788574,76.13813781738281,0.25177670838086263
10,38,-12.538531303405762,41.66753387451172,-25.27138900756836,-109.18020629882812,-6.45198917388916,76.15072631835938,0.2504917540161765
10,39,-12.71162223815918,40.69593048095703,-26.484268188476562,-108.13555908203125,-6.109808921813965,75.564453125,0.2522519169742458
10,40,-12.896085739135742,40.36914825439453,-26.166501998901367,-108.35812377929688,-5.9870100021362305,74.98802185058594,0.2509835555224616
10,41,-13.22148609161377,41.13226318359375,-26.019126892089844,-108.2369384765625,-6.137701988220215,72.90351104736328,0.2518150460570639
10,42,-13.898858070373535,41.629905700683594,-24.9945125579834,-108.69972229003906,-6.322061538696289,60.65846252441406,0.25005243390614273
10,43,-13.977530479431152,40.34584045410156,-26.202064514160156,-108.61405944824219,-5.919797420501709,58.44161605834961,0.25090904921677676
10,44,-14.567424774169922,40.4040641784668,-26.10072898864746,-108.46809387207031,-5.94888162612915,59.293575286865234,0.2508376924919998
10,45,-15.89499282836914,42.25251388549805,-27.290916442871094,-107.50227355957031,-5.845443248748779,66.02450561523438,0.2564309467963932
10,46,-18.149248123168945,43.181243896484375,-29.38513946533203,-106.49008178710938,-4.954894542694092,70.88546752929688,0.2623097846095905
10,47,-19.64569664001465,42.1968994140625,-31.39719009399414,-105.40458679199219,-4.677027702331543,66.41625213623047,0.2651951618501045
10,48,-19.163055419921875,41.54762268066406,-31.45360565185547,-106.33836364746094,-4.916621208190918,66.02397155761719,0.2642907639997706
10,49,-8.445014953613281,32.28984832763672,-22.816131591796875,-86.82877349853516,-5.586904525756836,46.935997009277344,0.23841790309696181
11,0,-15.110952377319336,84.41708374023438,-0.7439117431640625,-90.11744689941406,-6.849201202392578,62.160919189453125,0.25558805926563677
11,1,-14.9218111038208,82.1825180053711,0.8836193084716797,-92.06037902832031,-7.2083740234375,63.794952392578125,0.25066524773551946
11,2,-14.529304504394531,78.1373519897461,-1.1494216918945312,-93.42772674560547,-7.190314292907715,65.76358032226562,0.2504030183237171
11,3,-15.160913467407227,75.65441131591797,-4.133061408996582,-92.90985107421875,-7.475473403930664,70.5728988647461,0.2535739779473204
11,4,-15.251885414123535,72.73663330078125,-8.171871185302734,-92.40022277832031,-7.360526084899902,70.04243469238281,0.25796459878839273
11,5,-15.209211349487305,67.66301727294922,-13.074384689331055,-92.56220245361328,-7.231111526489258,71.95799255371094,0.26146504777024376
11,6,-13.922456741333008,64.0975112915039,-21.7513484954834,-92.05038452148438,-6.370719909667969,77.08796691894531,0.2715697970922419
11,7,-13.606752395629883,63.644859313964844,-24.199445724487305,-92.50704193115234,-6.796688079833984,83.44889831542969,0.2747787172686085
11,8,-12.578497886657715,62.1104850769043,-25.27197265625,-94.26557159423828,-6.868929862976074,82.84955596923828,0.27558903426042336
11,9,-11.491042137145996,61.511558532714844,-25.028587341308594,-95.13307189941406,-6.865074157714844,81.88575744628906,0.274973615293724
11,10,-11.10322093963623,59.95188522338867,-27.101699829101562,-96.01398468017578,-6.699531555175781,81.30780029296875,0.2768456573177701
11,11,-10.978474617004395,58.60572052001953,-28.251766204833984,-96.98881530761719,-6.666749000549316,81.20991516113281,0.2775724548543195
11,12,-10.793851852416992,57.06261444091797,-28.87232208251953,-97.59386444091797,-6.536685943603516,81.02803802490234,0.2772009967670047
11,13,-10.068666458129883,55.406494140625,-28.88382339477539,-97.71150207519531,-6.454488754272461,80.41033172607422,0.275637013369373
11,14,-9.760658264160156,54.44615173339844,-28.8570499420166,-98.8732681274414,-6.511044502258301,79.88075256347656,0.2748666132923084
11,15,-9.992877006530762,53.7271842956543,-28.305458068847656,-99.51925659179688,-6.595462799072266,80.22720336914062,0.2733287409370607
11,16,-10.101197242736816,55.12901306152344,-26.08295249938965,-100.51847839355469,-6.822493553161621,79.12934875488281,0.2711837898271494
11,17,-10.341462135314941,53.81144332885742,-25.60261344909668,-101.8693618774414,-6.877756118774414,78.78177642822266,0.26887301816899156
11,18,-10.638167381286621,54.037353515625,-23.688400268554688,-102.74368286132812,-6.793785095214844,78.1953125,0.265527237523586
11,19,-10.256688117980957,53.597591400146484,-21.920747756958008,-104.40837097167969,-6.833437919616699,77.76904296875,0.26123568732908886
11,20,-10.048870086669922,51.661415100097656,-22.446155548095703,-104.40348815917969,-6.677433967590332,78.21853637695312,0.25986836970045857
11,21,-9.838594436645508,49.54038619995117,-23.49733543395996,-103.8367691040039,-6.442084312438965,77.22699737548828,0.2594365385241412
11,22,-9.802321434020996,50.22098922729492,-21.282432556152344,-104.09718322753906,-6.488558769226074,77.02949523925781,0.2557368738349616
11,23,-10.077197074890137,49.130157470703125,-21.696138381958008,-103.98834228515625,-6.360661506652832,76.44254302978516,0.2552040399510087
11,24,-10.616503715515137,49.63703918457031,-21.717655181884766,-104.1553955078125,-6.47355842590332,75.03529357910156,0.25585721255885263
11,25,-10.406035423278809,49.31467819213867,-22.255096435546875,-104.43678283691406,-6.417881965637207,75.85193634033203,0.2564561184547137
11,26,-10.757497787475586,48.35017776489258,-21.769113540649414,-105.49009704589844,-6.226471900939941,75.38436889648438,0.25379874489956034
11,27,-11.773435592651367,48.54838562011719,-22.153879165649414,-105.62959289550781,-6.379849433898926,75.30937194824219,0.2548283409054446
11,28,-11.510473251342773,48.16161346435547,-21.916248321533203,-107.0446548461914,-6.118821144104004,75.75187683105469,0.2532310701598504
11,29,-11.724454879760742,47.453529357910156,-23.54656219482422,-107.29183959960938,-6.186878204345703,75.37100219726562,0.2556816483419632
11,30,-11.623662948608398,47.41505432128906,-23.366512298583984,-107.6849365234375,-6.069262504577637,75.35511779785156,0.2550815833558908
11,31,-12.172799110412598,46.553001403808594,-23.954307556152344,-107.49526977539062,-6.145008087158203,75.84854125976562,0.2552465555571419
11,32,-12.151479721069336,45.82978820800781,-23.695690155029297,-108.09334564208984,-6.068621635437012,77.60076904296875,0.25343237374299854
11,33,-12.360664367675781,44.80986785888672,-24.505361557006836,-108.38005065917969,-6.035181045532227,76.50411987304688,0.2536505218295267
11,34,-12.715185165405273,44.31243896484375,-24.104049682617188,-108.41624450683594,-6.13424015045166,77.1418685913086,0.25205175674260183
11,35,-12.629098892211914,42.720802307128906,-24.414350509643555,-109.16522216796875,-6.335349082946777,76.26589965820312,0.25010371325921843
11,36,-12.665186882019043,41.87554931640625,-24.774738311767578,-109.68841552734375,-6.445835113525391,75.59224700927734,0.24941928682604436
11,37,-12.429916381835938,41.43032455444336,-25.979923248291016,-109.07070922851562,-6.282137870788574,76.13813781738281,0.25177670838086263
11,38,-12.538531303405762,41.66753387451172,-25.27138900756836,-109.18020629882812,-6.45198917388916,76.15072631835938,0.2504917540161765
11,39,-12.71162223815918,40.69593048095703,-26.484268188476562,-108.13555908203125,-6.109808921813965,75.564453125,0.2522519169742458
11,40,-12.896085739135742,40.36914825439453,-26.166501998901367,-108.35812377929688,-5.9870100021362305,74.98802185058594,0.2509835555224616
11,41,-13.22148609161377,41.13226318359375,-26.019126892089844,-108.2369384765625,-6.137701988220215,72.90351104736328,0.2518150460570639
11,42,-13.898858070373535,41.629905700683594,-24.9945125579834,-108.69972229003906,-6.322061538696289,60.65846252441406,0.25005243390614273
11,43,-13.977530479431152,40.34584045410156,-26.202064514160156,-108.61405944824219,-5.919797420501709,58.44161605834961,0.25090904921677676
11,44,-14.567424774169922,40.4040641784668,-26.10072898864746,-108.46809387207031,-5.94888162612915,59.293575286865234,0.2508376924919998
11,45,-15.89499282836914,42.25251388549805,-27.290916442871094,-107.50227355957031,-5.845443248748779,66.02450561523438,0.2564309467963932
11,46,-18.149248123168945,43.181243896484375,-29.38513946533203,-106.49008178710938,-4.954894542694092,70.88546752929688,0.2623097846095905
11,47,-19.64569664001465,42.1968994140625,-31.39719009399414,-105.40458679199219,-4.677027702331543,66.41625213623047,0.2651951618501045
11,48,-19.163055419921875,41.54762268066406,-31.45360565185547,-106.33836364746094,-4.916621208190918,66.02397155761719,0.2642907639997706
11,49,-8.445014953613281,32.28984832763672,-22.816131591796875,-86.82877349853516,-5.586904525756836,46.935997009277344,0.23841790309696181
12,0,-15.110952377319336,84.41708374023438,-0.7439117431640625,-90.11744689941406,-6.849201202392578,62.160919189453125,0.25558805926563677
12,1,-14.9218111038208,82.1825180053711,0.8836193084716797,-92.06037902832031,-7.2083740234375,63.794952392578125,0.25066524773551946
12,2,-14.529304504394531,78.1373519897461,-1.1494216918945312,-93.42772674560547,-7.190314292907715,65.76358032226562,0.2504030183237171
12,3,-15.160913467407227,75.65441131591797,-4.133061408996582,-92.90985107421875,-7.475473403930664,70.5728988647461,0.2535739779473204
12,4,-15.251885414123535,72.73663330078125,-8.171871185302734,-92.40022277832031,-7.360526084899902,70.04243469238281,0.25796459878839273
12,5,-15.209211349487305,67.66301727294922,-13.074384689331055,-92.56220245361328,-7.231111526489258,71.95799255371094,0.26146504777024376
12,6,-13.922456741333008,64.0975112915039,-21.7513484954834,-92.05038452148438,-6.370719909667969,77.08796691894531,0.2715697970922419
12,7,-13.606752395629883,63.644859313964844,-24.199445724487305,-92.50704193115234,-6.796688079833984,83.44889831542969,0.2747787172686085
12,8,-12.578497886657715,62.1104850769043,-25.27197265625,-94.26557159423828,-6.868929862976074,82.84955596923828,0.27558903426042336
12,9,-11.491042137145996,61.511558532714844,-25.028587341308594,-95.13307189941406,-6.865074157714844,81.88575744628906,0.274973615293724
12,10,-11.10322093963623,59.95188522338867,-27.101699829101562,-96.01398468017578,-6.699531555175781,81.30780029296875,0.2768456573177701
12,11,-10.978474617004395,58.60572052001953,-28.251766204833984,-96.98881530761719,-6.666749000549316,81.20991516113281,0.2775724548543195
12,12,-10.793851852416992,57.06261444091797,-28.87232208251953,-97.59386444091797,-6.536685943603516,81.02803802490234,0.2772009967670047
12,13,-10.068666458129883,55.406494140625,-28.88382339477539,-97.71150207519531,-6.454488754272461,80.41033172607422,0.275637013369373
12,14,-9.760658264160156,54.44615173339844,-28.8570499420166,-98.8732681274414,-6.511044502258301,79.88075256347656,0.2748666132923084
12,15,-9.992877006530762,53.7271842956543,-28.305458068847656,-99.51925659179688,-6.595462799072266,80.22720336914062,0.2733287409370607
12,16,-10.101197242736816,55.12901306152344,-26.08295249938965,-100.51847839355469,-6.822493553161621,79.12934875488281,0.2711837898271494
12,17,-10.341462135314941,53.81144332885742,-25.60261344909668,-101.8693618774414,-6.877756118774414,78.78177642822266,0.26887301816899156
12,18,-10.638167381286621,54.037353515625,-23.688400268554688,-102.74368286132812,-6.793785095214844,78.1953125,0.265527237523586
12,19,-10.256688117980957,53.597591400146484,-21.920747756958008,-104.40837097167969,-6.833437919616699,77.76904296875,0.26123568732908886
12,20,-10.048870086669922,51.661415100097656,-22.446155548095703,-104.40348815917969,-6.677433967590332,78.21853637695312,0.25986836970045857
12,21,-9.838594436645508,49.54038619995117,-23.49733543395996,-103.8367691040039,-6.442084312438965,77.22699737548828,0.2594365385241412
12,22,-9.802321434020996,50.22098922729492,-21.282432556152344,-104.09718322753906,-6.488558769226074,77.02949523925781,0.2557368738349616
12,23,-10.077197074890137,49.130157470703125,-21.696138381958008,-103.98834228515625,-6.360661506652832,76.44254302978516,0.2552040399510087
12,24,-10.616503715515137,49.63703918457031,-21.717655181884766,-104.1553955078125,-6.47355842590332,75.03529357910156,0.25585721255885263
12,25,-10.406035423278809,49.31467819213867,-22.255096435546875,-104.43678283691406,-6.417881965637207,75.85193634033203,0.2564561184547137
12,26,-10.757497787475586,48.35017776489258,-21.769113540649414,-105.49009704589844,-6.226471900939941,75.38436889648438,0.25379874489956034
12,27,-11.773435592651367,48.54838562011719,-22.153879165649414,-105.62959289550781,-6.379849433898926,75.30937194824219,0.2548283409054446
12,28,-11.510473251342773,48.16161346435547,-21.916248321533203,-107.0446548461914,-6.118821144104004,75.75187683105469,0.2532310701598504
12,29,-11.724454879760742,47.453529357910156,-23.54656219482422,-107.29183959960938,-6.186878204345703,75.37100219726562,0.2556816483419632
12,30,-11.623662948608398,47.41505432128906,-23.366512298583984,-107.6849365234375,-6.069262504577637,75.35511779785156,0.2550815833558908
12,31,-12.172799110412598,46.553001403808594,-23.954307556152344,-107.49526977539062,-6.145008087158203,75.84854125976562,0.2552465555571419
12,32,-12.151479721069336,45.82978820800781,-23.695690155029297,-108.09334564208984,-6.068621635437012,77.60076904296875,0.25343237374299854
12,33,-12.360664367675781,44.80986785888672,-24.505361557006836,-108.38005065917969,-6.035181045532227,76.50411987304688,0.2536505218295267
12,34,-12.715185165405273,44.31243896484375,-24.104049682617188,-108.41624450683594,-6.13424015045166,77.1418685913086,0.25205175674260183
12,35,-12.629098892211914,42.720802307128906,-24.414350509643555,-109.16522216796875,-6.335349082946777,76.26589965820312,0.25010371325921843
12,36,-12.665186882019043,41.87554931640625,-24.774738311767578,-109.68841552734375,-6.445835113525391,75.59224700927734,0.24941928682604436
12,37,-12.429916381835938,41.43032455444336,-25.979923248291016,-109.07070922851562,-6.282137870788574,76.13813781738281,0.25177670838086263
12,38,-12.538531303405762,41.66753387451172,-25.27138900756836,-109.18020629882812,-6.45198917388916,76.15072631835938,0.2504917540161765
12,39,-12.71162223815918,40.69593048095703,-26.484268188476562,-108.13555908203125,-6.109808921813965,75.564453125,0.2522519169742458
12,40,-12.896085739135742,40.36914825439453,-26.166501998901367,-108.35812377929688,-5.9870100021362305,74.98802185058594,0.2509835555224616
12,41,-13.22148609161377,41.13226318359375,-26.019126892089844,-108.2369384765625,-6.137701988220215,72.90351104736328,0.2518150460570639
12,42,-13.898858070373535,41.629905700683594,-24.9945125579834,-108.69972229003906,-6.322061538696289,60.65846252441406,0.25005243390614273
12,43,-13.977530479431152,40.34584045410156,-26.202064514160156,-108.61405944824219,-5.919797420501709,58.44161605834961,0.25090904921677676
12,44,-14.567424774169922,40.4040641784668,-26.10072898864746,-108.46809387207031,-5.94888162612915,59.293575286865234,0.2508376924919998
12,45,-15.89499282836914,42.25251388549805,-27.290916442871094,-107.50227355957031,-5.845443248748779,66.02450561523438,0.2564309467963932
12,46,-18.149248123168945,43.181243896484375,-29.38513946533203,-106.49008178710938,-4.954894542694092,70.88546752929688,0.2623097846095905
12,47,-19.64569664001465,42.1968994140625,-31.39719009399414,-105.40458679199219,-4.677027702331543,66.41625213623047,0.2651951618501045
12,48,-19.163055419921875,41.54762268066406,-31.45360565185547,-106.33836364746094,-4.916621208190918,66.02397155761719,0.2642907639997706
12,49,-8.445014953613281,32.28984832763672,-22.816131591796875,-86.82877349853516,-5.586904525756836,46.935997009277344,0.23841790309696181
13,0,-15.110952377319336,84.41708374023438,-0.7439117431640625,-90.11744689941406,-6.849201202392578,62.160919189453125,0.25558805926563677
13,1,-14.9218111038208,82.1825180053711,0.8836193084716797,-92.06037902832031,-7.2083740234375,63.794952392578125,0.25066524773551946
13,2,-14.529304504394531,78.1373519897461,-1.1494216918945312,-93.42772674560547,-7.190314292907715,65.76358032226562,0.2504030183237171
13,3,-15.160913467407227,75.65441131591797,-4.133061408996582,-92.90985107421875,-7.475473403930664,70.5728988647461,0.2535739779473204
13,4,-15.251885414123535,72.73663330078125,-8.171871185302734,-92.40022277832031,-7.360526084899902,70.04243469238281,0.25796459878839273
13,5,-15.209211349487305,67.66301727294922,-13.074384689331055,-92.56220245361328,-7.231111526489258,71.95799255371094,0.26146504777024376
13,6,-13.922456741333008,64.0975112915039,-21.7513484954834,-92.05038452148438,-6.370719909667969,77.08796691894531,0.2715697970922419
13,7,-13.606752395629883,63.644859313964844,-24.199445724487305,-92.50704193115234,-6.796688079833984,83.44889831542969,0.2747787172686085
13,8,-12.578497886657715,62.1104850769043,-25.27197265625,-94.26557159423828,-6.868929862976074,82.84955596923828,0.27558903426042336
13,9,-11.491042137145996,61.511558532714844,-25.028587341308594,-95.13307189941406,-6.865074157714844,81.88575744628906,0.274973615293724
13,10,-11.10322093963623,59.95188522338867,-27.101699829101562,-96.01398468017578,-6.699531555175781,81.30780029296875,0.2768456573177701
13,11,-10.978474617004395,58.60572052001953,-28.251766204833984,-96.98881530761719,-6.666749000549316,81.20991516113281,0.2775724548543195
13,12,-10.793851852416992,57.06261444091797,-28.87232208251953,-97.59386444091797,-6.536685943603516,81.02803802490234,0.2772009967670047
13,13,-10.068666458129883,55.406494140625,-28.88382339477539,-97.71150207519531,-6.454488754272461,80.41033172607422,0.275637013369373
13,14,-9.760658264160156,54.44615173339844,-28.8570499420166,-98.8732681274414,-6.511044502258301,79.88075256347656,0.2748666132923084
13,15,-9.992877006530762,53.7271842956543,-28.305458068847656,-99.51925659179688,-6.595462799072266,80.22720336914062,0.2733287409370607
13,16,-10.101197242736816,55.12901306152344,-26.08295249938965,-100.51847839355469,-6.822493553161621,79.12934875488281,0.2711837898271494
13,17,-10.341462135314941,53.81144332885742,-25.60261344909668,-101.8693618774414,-6.877756118774414,78.78177642822266,0.26887301816899156
13,18,-10.638167381286621,54.037353515625,-23.688400268554688,-102.74368286132812,-6.793785095214844,78.1953125,0.265527237523586
13,19,-10.256688117980957,53.597591400146484,-21.920747756958008,-104.40837097167969,-6.833437919616699,77.76904296875,0.26123568732908886
13,20,-10.048870086669922,51.661415100097656,-22.446155548095703,-104.40348815917969,-6.677433967590332,78.21853637695312,0.25986836970045857
13,21,-9.838594436645508,49.54038619995117,-23.49733543395996,-103.8367691040039,-6.442084312438965,77.22699737548828,0.2594365385241412
13,22,-9.802321434020996,50.22098922729492,-21.282432556152344,-104.09718322753906,-6.488558769226074,77.02949523925781,0.2557368738349616
13,23,-10.077197074890137,49.130157470703125,-21.696138381958008,-103.98834228515625,-6.360661506652832,76.44254302978516,0.2552040399510087
13,24,-10.616503715515137,49.63703918457031,-21.717655181884766,-104.1553955078125,-6.47355842590332,75.03529357910156,0.25585721255885263
13,25,-10.406035423278809,49.31467819213867,-22.255096435546875,-104.43678283691406,-6.417881965637207,75.85193634033203,0.2564561184547137
13,26,-10.757497787475586,48.35017776489258,-21.769113540649414,-105.49009704589844,-6.226471900939941,75.38436889648438,0.25379874489956034
13,27,-11.773435592651367,48.54838562011719,-22.153879165649414,-105.62959289550781,-6.379849433898926,75.30937194824219,0.2548283409054446
13,28,-11.510473251342773,48.16161346435547,-21.916248321533203,-107.0446548461914,-6.118821144104004,75.75187683105469,0.2532310701598504
13,29,-11.724454879760742,47.453529357910156,-23.54656219482422,-107.29183959960938,-6.186878204345703,75.37100219726562,0.2556816483419632
13,30,-11.623662948608398,47.41505432128906,-23.366512298583984,-107.6849365234375,-6.069262504577637,75.35511779785156,0.2550815833558908
13,31,-12.172799110412598,46.553001403808594,-23.954307556152344,-107.49526977539062,-6.145008087158203,75.84854125976562,0.2552465555571419
13,32,-12.151479721069336,45.82978820800781,-23.695690155029297,-108.09334564208984,-6.068621635437012,77.60076904296875,0.25343237374299854
13,33,-12.360664367675781,44.80986785888672,-24.505361557006836,-108.38005065917969,-6.035181045532227,76.50411987304688,0.2536505218295267
13,34,-12.715185165405273,44.31243896484375,-24.104049682617188,-108.41624450683594,-6.13424015045166,77.1418685913086,0.25205175674260183
13,35,-12.629098892211914,42.720802307128906,-24.414350509643555,-109.16522216796875,-6.335349082946777,76.26589965820312,0.25010371325921843
13,36,-12.665186882019043,41.87554931640625,-24.774738311767578,-109.68841552734375,-6.445835113525391,75.59224700927734,0.24941928682604436
13,37,-12.429916381835938,41.43032455444336,-25.979923248291016,-109.07070922851562,-6.282137870788574,76.13813781738281,0.25177670838086263
13,38,-12.538531303405762,41.66753387451172,-25.27138900756836,-109.18020629882812,-6.45198917388916,76.15072631835938,0.2504917540161765
13,39,-12.71162223815918,40.69593048095703,-26.484268188476562,-108.13555908203125,-6.109808921813965,75.564453125,0.2522519169742458
13,40,-12.896085739135742,40.36914825439453,-26.166501998901367,-108.35812377929688,-5.9870100021362305,74.98802185058594,0.2509835555224616
13,41,-13.22148609161377,41.13226318359375,-26.019126892089844,-108.2369384765625,-6.137701988220215,72.90351104736328,0.2518150460570639
13,42,-13.898858070373535,41.629905700683594,-24.9945125579834,-108.69972229003906,-6.322061538696289,60.65846252441406,0.25005243390614273
13,43,-13.977530479431152,40.34584045410156,-26.202064514160156,-108.61405944824219,-5.919797420501709,58.44161605834961,0.25090904921677676
13,44,-14.567424774169922,40.4040641784668,-26.10072898864746,-108.46809387207031,-5.94888162612915,59.293575286865234,0.2508376924919998
13,45,-15.89499282836914,42.25251388549805,-27.290916442871094,-107.50227355957031,-5.845443248748779,66.02450561523438,0.2564309467963932
13,46,-18.149248123168945,43.181243896484375,-29.38513946533203,-106.49008178710938,-4.954894542694092,70.88546752929688,0.2623097846095905
13,47,-19.64569664001465,42.1968994140625,-31.39719009399414,-105.40458679199219,-4.677027702331543,66.41625213623047,0.2651951618501045
13,48,-19.163055419921875,41.54762268066406,-31.45360565185547,-106.33836364746094,-4.916621208190918,66.02397155761719,0.2642907639997706
13,49,-8.445014953613281,32.28984832763672,-22.816131591796875,-86.82877349853516,-5.586904525756836,46.935997009277344,0.23841790309696181
14,0,-15.110952377319336,84.41708374023438,-0.7439117431640625,-90.11744689941406,-6.849201202392578,62.160919189453125,0.25558805926563677
14,1,-14.9218111038208,82.1825180053711,0.8836193084716797,-92.06037902832031,-7.2083740234375,63.794952392578125,0.25066524773551946
14,2,-14.529304504394531,78.1373519897461,-1.1494216918945312,-93.42772674560547,-7.190314292907715,65.76358032226562,0.2504030183237171
14,3,-15.160913467407227,75.65441131591797,-4.133061408996582,-92.90985107421875,-7.475473403930664,70.5728988647461,0.2535739779473204
14,4,-15.251885414123535,72.73663330078125,-8.171871185302734,-92.40022277832031,-7.360526084899902,70.04243469238281,0.25796459878839273
14,5,-15.209211349487305,67.66301727294922,-13.074384689331055,-92.56220245361328,-7.231111526489258,71.95799255371094,0.26146504777024376
14,6,-13.922456741333008,64.0975112915039,-21.7513484954834,-92.05038452148438,-6.370719909667969,77.08796691894531,0.2715697970922419
14,7,-13.606752395629883,63.644859313964844,-24.199445724487305,-92.50704193115234,-6.796688079833984,83.44889831542969,0.2747787172686085
14,8,-12.578497886657715,62.1104850769043,-25.27197265625,-94.26557159423828,-6.868929862976074,82.84955596923828,0.27558903426042336
14,9,-11.491042137145996,61.511558532714844,-25.028587341308594,-95.13307189941406,-6.865074157714844,81.88575744628906,0.274973615293724
14,10,-11.10322093963623,59.95188522338867,-27.101699829101562,-96.01398468017578,-6.699531555175781,81.30780029296875,0.2768456573177701
14,11,-10.978474617004395,58.60572052001953,-28.251766204833984,-96.98881530761719,-6.666749000549316,81.20991516113281,0.2775724548543195
14,12,-10.793851852416992,57.06261444091797,-28.87232208251953,-97.59386444091797,-6.536685943603516,81.02803802490234,0.2772009967670047
14,13,-10.068666458129883,55.406494140625,-28.88382339477539,-97.71150207519531,-6.454488754272461,80.41033172607422,0.275637013369373
14,14,-9.760658264160156,54.44615173339844,-28.8570499420166,-98.8732681274414,-6.511044502258301,79.88075256347656,0.2748666132923084
14,15,-9.992877006530762,53.7271842956543,-28.305458068847656,-99.51925659179688,-6.595462799072266,80.22720336914062,0.2733287409370607
14,16,-10.101197242736816,55.12901306152344,-26.08295249938965,-100.51847839355469,-6.822493553161621,79.12934875488281,0.2711837898271494
14,17,-10.341462135314941,53.81144332885742,-25.60261344909668,-101.8693618774414,-6.877756118774414,78.78177642822266,0.26887301816899156
14,18,-10.638167381286621,54.037353515625,-23.688400268554688,-102.74368286132812,-6.793785095214844,78.1953125,0.265527237523586
14,19,-10.256688117980957,53.597591400146484,-21.920747756958008,-104.40837097167969,-6.833437919616699,77.76904296875,0.26123568732908886
14,20,-10.048870086669922,51.661415100097656,-22.446155548095703,-104.40348815917969,-6.677433967590332,78.21853637695312,0.25986836970045857
14,21,-9.838594436645508,49.54038619995117,-23.49733543395996,-103.8367691040039,-6.442084312438965,77.22699737548828,0.2594365385241412
14,22,-9.802321434020996,50.22098922729492,-21.282432556152344,-104.09718322753906,-6.488558769226074,77.02949523925781,0.2557368738349616
14,23,-10.077197074890137,49.130157470703125,-21.696138381958008,-103.98834228515625,-6.360661506652832,76.44254302978516,0.2552040399510087
14,24,-10.616503715515137,49.63703918457031,-21.717655181884766,-104.1553955078125,-6.47355842590332,75.03529357910156,0.25585721255885263
14,25,-10.406035423278809,49.31467819213867,-22.255096435546875,-104.43678283691406,-6.417881965637207,75.85193634033203,0.2564561184547137
14,26,-10.757497787475586,48.35017776489258,-21.769113540649414,-105.49009704589844,-6.226471900939941,75.38436889648438,0.25379874489956034
14,27,-11.773435592651367,48.54838562011719,-22.153879165649414,-105.62959289550781,-6.379849433898926,75.30937194824219,0.2548283409054446
14,28,-11.510473251342773,48.16161346435547,-21.916248321533203,-107.0446548461914,-6.118821144104004,75.75187683105469,0.2532310701598504
14,29,-11.724454879760742,47.453529357910156,-23.54656219482422,-107.29183959960938,-6.186878204345703,75.37100219726562,0.2556816483419632
14,30,-11.623662948608398,47.41505432128906,-23.366512298583984,-107.6849365234375,-6.069262504577637,75.35511779785156,0.2550815833558908
14,31,-12.172799110412598,46.553001403808594,-23.954307556152344,-107.49526977539062,-6.145008087158203,75.84854125976562,0.2552465555571419
14,32,-12.151479721069336,45.82978820800781,-23.695690155029297,-108.09334564208984,-6.068621635437012,77.60076904296875,0.25343237374299854
14,33,-12.360664367675781,44.80986785888672,-24.505361557006836,-108.38005065917969,-6.035181045532227,76.50411987304688,0.2536505218295267
14,34,-12.715185165405273,44.31243896484375,-24.104049682617188,-108.41624450683594,-6.13424015045166,77.1418685913086,0.25205175674260183
14,35,-12.629098892211914,42.720802307128906,-24.414350509643555,-109.16522216796875,-6.335349082946777,76.26589965820312,0.25010371325921843
14,36,-12.665186882019043,41.87554931640625,-24.774738311767578,-109.68841552734375,-6.445835113525391,75.59224700927734,0.24941928682604436
14,37,-12.429916381835938,41.43032455444336,-25.979923248291016,-109.07070922851562,-6.282137870788574,76.13813781738281,0.25177670838086263
14,38,-12.538531303405762,41.66753387451172,-25.27138900756836,-109.18020629882812,-6.45198917388916,76.15072631835938,0.2504917540161765
14,39,-12.71162223815918,40.69593048095703,-26.484268188476562,-108.13555908203125,-6.109808921813965,75.564453125,0.2522519169742458
14,40,-12.896085739135742,40.36914825439453,-26.166501998901367,-108.35812377929688,-5.9870100021362305,74.98802185058594,0.2509835555224616
14,41,-13.22148609161377,41.13226318359375,-26.019126892089844,-108.2369384765625,-6.137701988220215,72.90351104736328,0.2518150460570639
14,42,-13.898858070373535,41.629905700683594,-24.9945125579834,-108.69972229003906,-6.322061538696289,60.65846252441406,0.25005243390614273
14,43,-13.977530479431152,40.34584045410156,-26.202064514160156,-108.61405944824219,-5.919797420501709,58.44161605834961,0.25090904921677676
14,44,-14.567424774169922,40.4040641784668,-26.10072898864746,-108.46809387207031,-5.94888162612915,59.293575286865234,0.2508376924919998
14,45,-15.89499282836914,42.25251388549805,-27.290916442871094,-107.50227355957031,-5.845443248748779,66.02450561523438,0.2564309467963932
14,46,-18.149248123168945,43.181243896484375,-29.38513946533203,-106.49008178710938,-4.954894542694092,70.88546752929688,0.2623097846095905
14,47,-19.64569664001465,42.1968994140625,-31.39719009399414,-105.40458679199219,-4.677027702331543,66.41625213623047,0.2651951618501045
14,48,-19.163055419921875,41.54762268066406,-31.45360565185547,-106.33836364746094,-4.916621208190918,66.02397155761719,0.2642907639997706
14,49,-8.445014953613281,32.28984832763672,-22.816131591796875,-86.82877349853516,-5.586904525756836,46.935997009277344,0.23841790309696181
15,0,-15.110952377319336,84.41708374023438,-0.7439117431640625,-90.11744689941406,-6.849201202392578,62.160919189453125,0.25558805926563677
15,1,-14.9218111038208,82.1825180053711,0.8836193084716797,-92.06037902832031,-7.2083740234375,63.794952392578125,0.25066524773551946
15,2,-14.529304504394531,78.1373519897461,-1.1494216918945312,-93.42772674560547,-7.190314292907715,65.76358032226562,0.2504030183237171
15,3,-15.160913467407227,75.65441131591797,-4.133061408996582,-92.90985107421875,-7.475473403930664,70.5728988647461,0.2535739779473204
15,4,-15.251885414123535,72.73663330078125,-8.171871185302734,-92.40022277832031,-7.360526084899902,70.04243469238281,0.25796459878839273
15,5,-15.209211349487305,67.66301727294922,-13.074384689331055,-92.56220245361328,-7.231111526489258,71.95799255371094,0.26146504777024376
15,6,-13.922456741333008,64.0975112915039,-21.7513484954834,-92.05038452148438,-6.370719909667969,77.08796691894531,0.2715697970922419
15,7,-13.606752395629883,63.644859313964844,-24.199445724487305,-92.50704193115234,-6.796688079833984,83.44889831542969,0.2747787172686085
15,8,-12.578497886657715,62.1104850769043,-25.27197265625,-94.26557159423828,-6.868929862976074,82.84955596923828,0.27558903426042336
15,9,-11.491042137145996,61.511558532714844,-25.028587341308594,-95.13307189941406,-6.865074157714844,81.88575744628906,0.274973615293724
15,10,-11.10322093963623,59.95188522338867,-27.101699829101562,-96.01398468017578,-6.699531555175781,81.30780029296875,0.2768456573177701
15,11,-10.978474617004395,58.60572052001953,-28.251766204833984,-96.98881530761719,-6.666749000549316,81.20991516113281,0.2775724548543195
15,12,-10.793851852416992,57.06261444091797,-28.87232208251953,-97.59386444091797,-6.536685943603516,81.02803802490234,0.2772009967670047
15,13,-10.068666458129883,55.406494140625,-28.88382339477539,-97.71150207519531,-6.454488754272461,80.41033172607422,0.275637013369373
15,14,-9.760658264160156,54.44615173339844,-28.8570499420166,-98.8732681274414,-6.511044502258301,79.88075256347656,0.2748666132923084
15,15,-9.992877006530762,53.7271842956543,-28.305458068847656,-99.51925659179688,-6.595462799072266,80.22720336914062,0.2733287409370607
15,16,-10.101197242736816,55.12901306152344,-26.08295249938965,-100.51847839355469,-6.822493553161621,79.12934875488281,0.2711837898271494
15,17,-10.341462135314941,53.81144332885742,-25.60261344909668,-101.8693618774414,-6.877756118774414,78.78177642822266,0.26887301816899156
15,18,-10.638167381286621,54.037353515625,-23.688400268554688,-102.74368286132812,-6.793785095214844,78.1953125,0.265527237523586
15,19,-10.256688117980957,53.597591400146484,-21.920747756958008,-104.40837097167969,-6.833437919616699,77.76904296875,0.26123568732908886
15,20,-10.048870086669922,51.661415100097656,-22.446155548095703,-104.40348815917969,-6.677433967590332,78.21853637695312,0.25986836970045857
15,21,-9.838594436645508,49.54038619995117,-23.49733543395996,-103.8367691040039,-6.442084312438965,77.22699737548828,0.2594365385241412
15,22,-9.802321434020996,50.22098922729492,-21.282432556152344,-104.09718322753906,-6.488558769226074,77.02949523925781,0.2557368738349616
15,23,-10.077197074890137,49.130157470703125,-21.696138381958008,-103.98834228515625,-6.360661506652832,76.44254302978516,0.2552040399510087
15,24,-10.616503715515137,49.63703918457031,-21.717655181884766,-104.1553955078125,-6.47355842590332,75.03529357910156,0.25585721255885263
15,25,-10.406035423278809,49.31467819213867,-22.255096435546875,-104.43678283691406,-6.417881965637207,75.85193634033203,0.2564561184547137
15,26,-10.757497787475586,48.35017776489258,-21.769113540649414,-105.49009704589844,-6.226471900939941,75.38436889648438,0.25379874489956034
15,27,-11.773435592651367,48.54838562011719,-22.153879165649414,-105.62959289550781,-6.379849433898926,75.30937194824219,0.2548283409054446
15,28,-11.510473251342773,48.16161346435547,-21.916248321533203,-107.0446548461914,-6.118821144104004,75.75187683105469,0.2532310701598504
15,29,-11.724454879760742,47.453529357910156,-23.54656219482422,-107.29183959960938,-6.186878204345703,75.37100219726562,0.2556816483419632
15,30,-11.623662948608398,47.41505432128906,-23.366512298583984,-107.6849365234375,-6.069262504577637,75.35511779785156,0.2550815833558908
15,31,-12.172799110412598,46.553001403808594,-23.954307556152344,-107.49526977539062,-6.145008087158203,75.84854125976562,0.2552465555571419
15,32,-12.151479721069336,45.82978820800781,-23.695690155029297,-108.09334564208984,-6.068621635437012,77.60076904296875,0.25343237374299854
15,33,-12.360664367675781,44.80986785888672,-24.505361557006836,-108.38005065917969,-6.035181045532227,76.50411987304688,0.2536505218295267
15,34,-12.715185165405273,44.31243896484375,-24.104049682617188,-108.41624450683594,-6.13424015045166,77.1418685913086,0.25205175674260183
15,35,-12.629098892211914,42.720802307128906,-24.414350509643555,-109.16522216796875,-6.335349082946777,76.26589965820312,0.25010371325921843
15,36,-12.665186882019043,41.87554931640625,-24.774738311767578,-109.68841552734375,-6.445835113525391,75.59224700927734,0.24941928682604436
15,37,-12.429916381835938,41.43032455444336,-25.979923248291016,-109.07070922851562,-6.282137870788574,76.13813781738281,0.25177670838086263
15,38,-12.538531303405762,41.66753387451172,-25.27138900756836,-109.18020629882812,-6.45198917388916,76.15072631835938,0.2504917540161765
15,39,-12.71162223815918,40.69593048095703,-26.484268188476562,-108.13555908203125,-6.109808921813965,75.564453125,0.2522519169742458
15,40,-12.896085739135742,40.36914825439453,-26.166501998901367,-108.35812377929688,-5.9870100021362305,74.98802185058594,0.2509835555224616
15,41,-13.22148609161377,41.13226318359375,-26.019126892089844,-108.2369384765625,-6.137701988220215,72.90351104736328,0.2518150460570639
15,42,-13.898858070373535,41.629905700683594,-24.9945125579834,-108.69972229003906,-6.322061538696289,60.65846252441406,0.25005243390614273
15,43,-13.977530479431152,40.34584045410156,-26.202064514160156,-108.61405944824219,-5.919797420501709,58.44161605834961,0.25090904921677676
15,44,-14.567424774169922,40.4040641784668,-26.10072898864746,-108.46809387207031,-5.94888162612915,59.293575286865234,0.2508376924919998
15,45,-15.89499282836914,42.25251388549805,-27.290916442871094,-107.50227355957031,-5.845443248748779,66.02450561523438,0.2564309467963932
15,46,-18.149248123168945,43.181243896484375,-29.38513946533203,-106.49008178710938,-4.954894542694092,70.88546752929688,0.2623097846095905
15,47,-19.64569664001465,42.1968994140625,-31.39719009399414,-105.40458679199219,-4.677027702331543,66.41625213623047,0.2651951618501045
15,48,-19.163055419921875,41.54762268066406,-31.45360565185547,-106.33836364746094,-4.916621208190918,66.02397155761719,0.2642907639997706
15,49,-8.445014953613281,32.28984832763672,-22.816131591796875,-86.82877349853516,-5.586904525756836,46.935997009277344,0.23841790309696181
16,0,-15.110952377319336,84.41708374023438,-0.7439117431640625,-90.11744689941406,-6.849201202392578,62.160919189453125,0.25558805926563677
16,1,-14.9218111038208,82.1825180053711,0.8836193084716797,-92.06037902832031,-7.2083740234375,63.794952392578125,0.25066524773551946
16,2,-14.529304504394531,78.1373519897461,-1.1494216918945312,-93.42772674560547,-7.190314292907715,65.76358032226562,0.2504030183237171
16,3,-15.160913467407227,75.65441131591797,-4.133061408996582,-92.90985107421875,-7.475473403930664,70.5728988647461,0.2535739779473204
16,4,-15.251885414123535,72.73663330078125,-8.171871185302734,-92.40022277832031,-7.360526084899902,70.04243469238281,0.25796459878839273
16,5,-15.209211349487305,67.66301727294922,-13.074384689331055,-92.56220245361328,-7.231111526489258,71.95799255371094,0.26146504777024376
16,6,-13.922456741333008,64.0975112915039,-21.7513484954834,-92.05038452148438,-6.370719909667969,77.08796691894531,0.2715697970922419
16,7,-13.606752395629883,63.644859313964844,-24.199445724487305,-92.50704193115234,-6.796688079833984,83.44889831542969,0.2747787172686085
16,8,-12.578497886657715,62.1104850769043,-25.27197265625,-94.26557159423828,-6.868929862976074,82.84955596923828,0.27558903426042336
16,9,-11.491042137145996,61.511558532714844,-25.028587341308594,-95.13307189941406,-6.865074157714844,81.88575744628906,0.274973615293724
16,10,-11.10322093963623,59.95188522338867,-27.101699829101562,-96.01398468017578,-6.699531555175781,81.30780029296875,0.2768456573177701
16,11,-10.978474617004395,58.60572052001953,-28.251766204833984,-96.98881530761719,-6.666749000549316,81.20991516113281,0.2775724548543195
16,12,-10.793851852416992,57.06261444091797,-28.87232208251953,-97.59386444091797,-6.536685943603516,81.02803802490234,0.2772009967670047
16,13,-10.068666458129883,55.406494140625,-28.88382339477539,-97.71150207519531,-6.454488754272461,80.41033172607422,0.275637013369373
16,14,-9.760658264160156,54.44615173339844,-28.8570499420166,-98.8732681274414,-6.511044502258301,79.88075256347656,0.2748666132923084
16,15,-9.992877006530762,53.7271842956543,-28.305458068847656,-99.51925659179688,-6.595462799072266,80.22720336914062,0.2733287409370607
16,16,-10.101197242736816,55.12901306152344,-26.08295249938965,-100.51847839355469,-6.822493553161621,79.12934875488281,0.2711837898271494
16,17,-10.341462135314941,53.81144332885742,-25.60261344909668,-101.8693618774414,-6.877756118774414,78.78177642822266,0.26887301816899156
16,18,-10.638167381286621,54.037353515625,-23.688400268554688,-102.74368286132812,-6.793785095214844,78.1953125,0.265527237523586
16,19,-10.256688117980957,53.597591400146484,-21.920747756958008,-104.40837097167969,-6.833437919616699,77.76904296875,0.26123568732908886
16,20,-10.048870086669922,51.661415100097656,-22.446155548095703,-104.40348815917969,-6.677433967590332,78.21853637695312,0.25986836970045857
16,21,-9.838594436645508,49.54038619995117,-23.49733543395996,-103.8367691040039,-6.442084312438965,77.22699737548828,0.2594365385241412
16,22,-9.802321434020996,50.22098922729492,-21.282432556152344,-104.09718322753906,-6.488558769226074,77.02949523925781,0.2557368738349616
16,23,-10.077197074890137,49.130157470703125,-21.696138381958008,-103.98834228515625,-6.360661506652832,76.44254302978516,0.2552040399510087
16,24,-10.616503715515137,49.63703918457031,-21.717655181884766,-104.1553955078125,-6.47355842590332,75.03529357910156,0.25585721255885263
16,25,-10.406035423278809,49.31467819213867,-22.255096435546875,-104.43678283691406,-6.417881965637207,75.85193634033203,0.2564561184547137
16,26,-10.757497787475586,48.35017776489258,-21.769113540649414,-105.49009704589844,-6.226471900939941,75.38436889648438,0.25379874489956034
16,27,-11.773435592651367,48.54838562011719,-22.153879165649414,-105.62959289550781,-6.379849433898926,75.30937194824219,0.2548283409054446
16,28,-11.510473251342773,48.16161346435547,-21.916248321533203,-107.0446548461914,-6.118821144104004,75.75187683105469,0.2532310701598504
16,29,-11.724454879760742,47.453529357910156,-23.54656219482422,-107.29183959960938,-6.186878204345703,75.37100219726562,0.2556816483419632
16,30,-11.623662948608398,47.41505432128906,-23.366512298583984,-107.6849365234375,-6.069262504577637,75.35511779785156,0.2550815833558908
16,31,-12.172799110412598,46.553001403808594,-23.954307556152344,-107.49526977539062,-6.145008087158203,75.84854125976562,0.2552465555571419
16,32,-12.151479721069336,45.82978820800781,-23.695690155029297,-108.09334564208984,-6.068621635437012,77.60076904296875,0.25343237374299854
16,33,-12.360664367675781,44.80986785888672,-24.505361557006836,-108.38005065917969,-6.035181045532227,76.50411987304688,0.2536505218295267
16,34,-12.715185165405273,44.31243896484375,-24.104049682617188,-108.41624450683594,-6.13424015045166,77.1418685913086,0.25205175674260183
16,35,-12.629098892211914,42.720802307128906,-24.414350509643555,-109.16522216796875,-6.335349082946777,76.26589965820312,0.25010371325921843
16,36,-12.665186882019043,41.87554931640625,-24.774738311767578,-109.68841552734375,-6.445835113525391,75.59224700927734,0.24941928682604436
16,37,-12.429916381835938,41.43032455444336,-25.979923248291016,-109.07070922851562,-6.282137870788574,76.13813781738281,0.25177670838086263
16,38,-12.538531303405762,41.66753387451172,-25.27138900756836,-109.18020629882812,-6.45198917388916,76.15072631835938,0.2504917540161765
16,39,-12.71162223815918,40.69593048095703,-26.484268188476562,-108.13555908203125,-6.109808921813965,75.564453125,0.2522519169742458
16,40,-12.896085739135742,40.36914825439453,-26.166501998901367,-108.35812377929688,-5.9870100021362305,74.98802185058594,0.2509835555224616
16,41,-13.22148609161377,41.13226318359375,-26.019126892089844,-108.2369384765625,-6.137701988220215,72.90351104736328,0.2518150460570639
16,42,-13.898858070373535,41.629905700683594,-24.9945125579834,-108.69972229003906,-6.322061538696289,60.65846252441406,0.25005243390614273
16,43,-13.977530479431152,40.34584045410156,-26.202064514160156,-108.61405944824219,-5.919797420501709,58.44161605834961,0.25090904921677676
16,44,-14.567424774169922,40.4040641784668,-26.10072898864746,-108.46809387207031,-5.94888162612915,59.293575286865234,0.2508376924919998
16,45,-15.89499282836914,42.25251388549805,-27.290916442871094,-107.50227355957031,-5.845443248748779,66.02450561523438,0.2564309467963932
16,46,-18.149248123168945,43.181243896484375,-29.38513946533203,-106.49008178710938,-4.954894542694092,70.88546752929688,0.2623097846095905
16,47,-19.64569664001465,42.1968994140625,-31.39719009399414,-105.40458679199219,-4.677027702331543,66.41625213623047,0.2651951618501045
16,48,-19.163055419921875,41.54762268066406,-31.45360565185547,-106.33836364746094,-4.916621208190918,66.02397155761719,0.2642907639997706
16,49,-8.445014953613281,32.28984832763672,-22.816131591796875,-86.82877349853516,-5.586904525756836,46.935997009277344,0.23841790309696181
17,0,-15.110952377319336,84.41708374023438,-0.7439117431640625,-90.11744689941406,-6.849201202392578,62.160919189453125,0.25558805926563677
17,1,-14.9218111038208,82.1825180053711,0.8836193084716797,-92.06037902832031,-7.2083740234375,63.794952392578125,0.25066524773551946
17,2,-14.529304504394531,78.1373519897461,-1.1494216918945312,-93.42772674560547,-7.190314292907715,65.76358032226562,0.2504030183237171
17,3,-15.160913467407227,75.65441131591797,-4.133061408996582,-92.90985107421875,-7.475473403930664,70.5728988647461,0.2535739779473204
17,4,-15.251885414123535,72.73663330078125,-8.171871185302734,-92.40022277832031,-7.360526084899902,70.04243469238281,0.25796459878839273
17,5,-15.209211349487305,67.66301727294922,-13.074384689331055,-92.56220245361328,-7.231111526489258,71.95799255371094,0.26146504777024376
17,6,-13.922456741333008,64.0975112915039,-21.7513484954834,-92.05038452148438,-6.370719909667969,77.08796691894531,0.2715697970922419
17,7,-13.606752395629883,63.644859313964844,-24.199445724487305,-92.50704193115234,-6.796688079833984,83.44889831542969,0.2747787172686085
17,8,-12.578497886657715,62.1104850769043,-25.27197265625,-94.26557159423828,-6.868929862976074,82.84955596923828,0.27558903426042336
17,9,-11.491042137145996,61.511558532714844,-25.028587341308594,-95.13307189941406,-6.865074157714844,81.88575744628906,0.274973615293724
17,10,-11.10322093963623,59.95188522338867,-27.101699829101562,-96.01398468017578,-6.699531555175781,81.30780029296875,0.2768456573177701
17,11,-10.978474617004395,58.60572052001953,-28.251766204833984,-96.98881530761719,-6.666749000549316,81.20991516113281,0.2775724548543195
17,12,-10.793851852416992,57.06261444091797,-28.87232208251953,-97.59386444091797,-6.536685943603516,81.02803802490234,0.2772009967670047
17,13,-10.068666458129883,55.406494140625,-28.88382339477539,-97.71150207519531,-6.454488754272461,80.41033172607422,0.275637013369373
17,14,-9.760658264160156,54.44615173339844,-28.8570499420166,-98.8732681274414,-6.511044502258301,79.88075256347656,0.2748666132923084
17,15,-9.992877006530762,53.7271842956543,-28.305458068847656,-99.51925659179688,-6.595462799072266,80.22720336914062,0.2733287409370607
17,16,-10.101197242736816,55.12901306152344,-26.08295249938965,-100.51847839355469,-6.822493553161621,79.12934875488281,0.2711837898271494
17,17,-10.341462135314941,53.81144332885742,-25.60261344909668,-101.8693618774414,-6.877756118774414,78.78177642822266,0.26887301816899156
17,18,-10.638167381286621,54.037353515625,-23.688400268554688,-102.74368286132812,-6.793785095214844,78.1953125,0.265527237523586
17,19,-10.256688117980957,53.597591400146484,-21.920747756958008,-104.40837097167969,-6.833437919616699,77.76904296875,0.26123568732908886
17,20,-10.048870086669922,51.661415100097656,-22.446155548095703,-104.40348815917969,-6.677433967590332,78.21853637695312,0.25986836970045857
17,21,-9.838594436645508,49.54038619995117,-23.49733543395996,-103.8367691040039,-6.442084312438965,77.22699737548828,0.2594365385241412
17,22,-9.802321434020996,50.22098922729492,-21.282432556152344,-104.09718322753906,-6.488558769226074,77.02949523925781,0.2557368738349616
17,23,-10.077197074890137,49.130157470703125,-21.696138381958008,-103.98834228515625,-6.360661506652832,76.44254302978516,0.2552040399510087
17,24,-10.616503715515137,49.63703918457031,-21.717655181884766,-104.1553955078125,-6.47355842590332,75.03529357910156,0.25585721255885263
17,25,-10.406035423278809,49.31467819213867,-22.255096435546875,-104.43678283691406,-6.417881965637207,75.85193634033203,0.2564561184547137
17,26,-10.757497787475586,48.35017776489258,-21.769113540649414,-105.49009704589844,-6.226471900939941,75.38436889648438,0.25379874489956034
17,27,-11.773435592651367,48.54838562011719,-22.153879165649414,-105.62959289550781,-6.379849433898926,75.30937194824219,0.2548283409054446
17,28,-11.510473251342773,48.16161346435547,-21.916248321533203,-107.0446548461914,-6.118821144104004,75.75187683105469,0.2532310701598504
17,29,-11.724454879760742,47.453529357910156,-23.54656219482422,-107.29183959960938,-6.186878204345703,75.37100219726562,0.2556816483419632
17,30,-11.623662948608398,47.41505432128906,-23.366512298583984,-107.6849365234375,-6.069262504577637,75.35511779785156,0.2550815833558908
17,31,-12.172799110412598,46.553001403808594,-23.954307556152344,-107.49526977539062,-6.145008087158203,75.84854125976562,0.2552465555571419
17,32,-12.151479721069336,45.82978820800781,-23.695690155029297,-108.09334564208984,-6.068621635437012,77.60076904296875,0.25343237374299854
17,33,-12.360664367675781,44.80986785888672,-24.505361557006836,-108.38005065917969,-6.035181045532227,76.50411987304688,0.2536505218295267
17,34,-12.715185165405273,44.31243896484375,-24.104049682617188,-108.41624450683594,-6.13424015045166,77.1418685913086,0.25205175674260183
17,35,-12.629098892211914,42.720802307128906,-24.414350509643555,-109.16522216796875,-6.335349082946777,76.26589965820312,0.25010371325921843
17,36,-12.665186882019043,41.87554931640625,-24.774738311767578,-109.68841552734375,-6.445835113525391,75.59224700927734,0.24941928682604436
17,37,-12.429916381835938,41.43032455444336,-25.979923248291016,-109.07070922851562,-6.282137870788574,76.13813781738281,0.25177670838086263
17,38,-12.538531303405762,41.66753387451172,-25.27138900756836,-109.18020629882812,-6.45198917388916,76.15072631835938,0.2504917540161765
17,39,-12.71162223815918,40.69593048095703,-26.484268188476562,-108.13555908203125,-6.109808921813965,75.564453125,0.2522519169742458
17,40,-12.896085739135742,40.36914825439453,-26.166501998901367,-108.35812377929688,-5.9870100021362305,74.98802185058594,0.2509835555224616
17,41,-13.22148609161377,41.13226318359375,-26.019126892089844,-108.2369384765625,-6.137701988220215,72.90351104736328,0.2518150460570639
17,42,-13.898858070373535,41.629905700683594,-24.9945125579834,-108.69972229003906,-6.322061538696289,60.65846252441406,0.25005243390614273
17,43,-13.977530479431152,40.34584045410156,-26.202064514160156,-108.61405944824219,-5.919797420501709,58.44161605834961,0.25090904921677676
17,44,-14.567424774169922,40.4040641784668,-26.10072898864746,-108.46809387207031,-5.94888162612915,59.293575286865234,0.2508376924919998
17,45,-15.89499282836914,42.25251388549805,-27.290916442871094,-107.50227355957031,-5.845443248748779,66.02450561523438,0.2564309467963932
17,46,-18.149248123168945,43.181243896484375,-29.38513946533203,-106.49008178710938,-4.954894542694092,70.88546752929688,0.2623097846095905
17,47,-19.64569664001465,42.1968994140625,-31.39719009399414,-105.40458679199219,-4.677027702331543,66.41625213623047,0.2651951618501045
17,48,-19.163055419921875,41.54762268066406,-31.45360565185547,-106.33836364746094,-4.916621208190918,66.02397155761719,0.2642907639997706
17,49,-8.445014953613281,32.28984832763672,-22.816131591796875,-86.82877349853516,-5.586904525756836,46.935997009277344,0.23841790309696181
18,0,-15.110952377319336,84.41708374023438,-0.7439117431640625,-90.11744689941406,-6.849201202392578,62.160919189453125,0.25558805926563677
18,1,-14.9218111038208,82.1825180053711,0.8836193084716797,-92.06037902832031,-7.2083740234375,63.794952392578125,0.25066524773551946
18,2,-14.529304504394531,78.1373519897461,-1.1494216918945312,-93.42772674560547,-7.190314292907715,65.76358032226562,0.2504030183237171
18,3,-15.160913467407227,75.65441131591797,-4.133061408996582,-92.90985107421875,-7.475473403930664,70.5728988647461,0.2535739779473204
18,4,-15.251885414123535,72.73663330078125,-8.171871185302734,-92.40022277832031,-7.360526084899902,70.04243469238281,0.25796459878839273
18,5,-15.209211349487305,67.66301727294922,-13.074384689331055,-92.56220245361328,-7.231111526489258,71.95799255371094,0.26146504777024376
18,6,-13.922456741333008,64.0975112915039,-21.7513484954834,-92.05038452148438,-6.370719909667969,77.08796691894531,0.2715697970922419
18,7,-13.606752395629883,63.644859313964844,-24.199445724487305,-92.50704193115234,-6.796688079833984,83.44889831542969,0.2747787172686085
18,8,-12.578497886657715,62.1104850769043,-25.27197265625,-94.26557159423828,-6.868929862976074,82.84955596923828,0.27558903426042336
18,9,-11.491042137145996,61.511558532714844,-25.028587341308594,-95.13307189941406,-6.865074157714844,81.88575744628906,0.274973615293724
18,10,-11.10322093963623,59.95188522338867,-27.101699829101562,-96.01398468017578,-6.699531555175781,81.30780029296875,0.2768456573177701
18,11,-10.978474617004395,58.60572052001953,-28.251766204833984,-96.98881530761719,-6.666749000549316,81.20991516113281,0.2775724548543195
18,12,-10.793851852416992,57.06261444091797,-28.87232208251953,-97.59386444091797,-6.536685943603516,81.02803802490234,0.2772009967670047
18,13,-10.068666458129883,55.406494140625,-28.88382339477539,-97.71150207519531,-6.454488754272461,80.41033172607422,0.275637013369373
18,14,-9.760658264160156,54.44615173339844,-28.8570499420166,-98.8732681274414,-6.511044502258301,79.88075256347656,0.2748666132923084
18,15,-9.992877006530762,53.7271842956543,-28.305458068847656,-99.51925659179688,-6.595462799072266,80.22720336914062,0.2733287409370607
18,16,-10.101197242736816,55.12901306152344,-26.08295249938965,-100.51847839355469,-6.822493553161621,79.12934875488281,0.2711837898271494
18,17,-10.341462135314941,53.81144332885742,-25.60261344909668,-101.8693618774414,-6.877756118774414,78.78177642822266,0.26887301816899156
18,18,-10.638167381286621,54.037353515625,-23.688400268554688,-102.74368286132812,-6.793785095214844,78.1953125,0.265527237523586
18,19,-10.256688117980957,53.597591400146484,-21.920747756958008,-104.40837097167969,-6.833437919616699,77.76904296875,0.26123568732908886
18,20,-10.048870086669922,51.661415100097656,-22.446155548095703,-104.40348815917969,-6.677433967590332,78.21853637695312,0.25986836970045857
18,21,-9.838594436645508,49.54038619995117,-23.49733543395996,-103.8367691040039,-6.442084312438965,77.22699737548828,0.2594365385241412
18,22,-9.802321434020996,50.22098922729492,-21.282432556152344,-104.09718322753906,-6.488558769226074,77.02949523925781,0.2557368738349616
18,23,-10.077197074890137,49.130157470703125,-21.696138381958008,-103.98834228515625,-6.360661506652832,76.44254302978516,0.2552040399510087
18,24,-10.616503715515137,49.63703918457031,-21.717655181884766,-104.1553955078125,-6.47355842590332,75.03529357910156,0.25585721255885263
18,25,-10.406035423278809,49.31467819213867,-22.255096435546875,-104.43678283691406,-6.417881965637207,75.85193634033203,0.2564561184547137
18,26,-10.757497787475586,48.35017776489258,-21.769113540649414,-105.49009704589844,-6.226471900939941,75.38436889648438,0.25379874489956034
18,27,-11.773435592651367,48.54838562011719,-22.153879165649414,-105.62959289550781,-6.379849433898926,75.30937194824219,0.2548283409054446
18,28,-11.510473251342773,48.16161346435547,-21.916248321533203,-107.0446548461914,-6.118821144104004,75.75187683105469,0.2532310701598504
18,29,-11.724454879760742,47.453529357910156,-23.54656219482422,-107.29183959960938,-6.186878204345703,75.37100219726562,0.2556816483419632
18,30,-11.623662948608398,47.41505432128906,-23.366512298583984,-107.6849365234375,-6.069262504577637,75.35511779785156,0.2550815833558908
18,31,-12.172799110412598,46.553001403808594,-23.954307556152344,-107.49526977539062,-6.145008087158203,75.84854125976562,0.2552465555571419
18,32,-12.151479721069336,45.82978820800781,-23.695690155029297,-108.09334564208984,-6.068621635437012,77.60076904296875,0.25343237374299854
18,33,-12.360664367675781,44.80986785888672,-24.505361557006836,-108.38005065917969,-6.035181045532227,76.50411987304688,0.2536505218295267
18,34,-12.715185165405273,44.31243896484375,-24.104049682617188,-108.41624450683594,-6.13424015045166,77.1418685913086,0.25205175674260183
18,35,-12.629098892211914,42.720802307128906,-24.414350509643555,-109.16522216796875,-6.335349082946777,76.26589965820312,0.25010371325921843
18,36,-12.665186882019043,41.87554931640625,-24.774738311767578,-109.68841552734375,-6.445835113525391,75.59224700927734,0.24941928682604436
18,37,-12.429916381835938,41.43032455444336,-25.979923248291016,-109.07070922851562,-6.282137870788574,76.13813781738281,0.25177670838086263
18,38,-12.538531303405762,41.66753387451172,-25.27138900756836,-109.18020629882812,-6.45198917388916,76.15072631835938,0.2504917540161765
18,39,-12.71162223815918,40.69593048095703,-26.484268188476562,-108.13555908203125,-6.109808921813965,75.564453125,0.2522519169742458
18,40,-12.896085739135742,40.36914825439453,-26.166501998901367,-108.35812377929688,-5.9870100021362305,74.98802185058594,0.2509835555224616
18,41,-13.22148609161377,41.13226318359375,-26.019126892089844,-108.2369384765625,-6.137701988220215,72.90351104736328,0.2518150460570639
18,42,-13.898858070373535,41.629905700683594,-24.9945125579834,-108.69972229003906,-6.322061538696289,60.65846252441406,0.25005243390614273
18,43,-13.977530479431152,40.34584045410156,-26.202064514160156,-108.61405944824219,-5.919797420501709,58.44161605834961,0.25090904921677676
18,44,-14.567424774169922,40.4040641784668,-26.10072898864746,-108.46809387207031,-5.94888162612915,59.293575286865234,0.2508376924919998
18,45,-15.89499282836914,42.25251388549805,-27.290916442871094,-107.50227355957031,-5.845443248748779,66.02450561523438,0.2564309467963932
18,46,-18.149248123168945,43.181243896484375,-29.38513946533203,-106.49008178710938,-4.954894542694092,70.88546752929688,0.2623097846095905
18,47,-19.64569664001465,42.1968994140625,-31.39719009399414,-105.40458679199219,-4.677027702331543,66.41625213623047,0.2651951618501045
18,48,-19.163055419921875,41.54762268066406,-31.45360565185547,-106.33836364746094,-4.916621208190918,66.02397155761719,0.2642907639997706
18,49,-8.445014953613281,32.28984832763672,-22.816131591796875,-86.82877349853516,-5.586904525756836,46.935997009277344,0.23841790309696181
19,0,-15.110952377319336,84.41708374023438,-0.7439117431640625,-90.11744689941406,-6.849201202392578,62.160919189453125,0.25558805926563677
19,1,-14.9218111038208,82.1825180053711,0.8836193084716797,-92.06037902832031,-7.2083740234375,63.794952392578125,0.25066524773551946
19,2,-14.529304504394531,78.1373519897461,-1.1494216918945312,-93.42772674560547,-7.190314292907715,65.76358032226562,0.2504030183237171
19,3,-15.160913467407227,75.65441131591797,-4.133061408996582,-92.90985107421875,-7.475473403930664,70.5728988647461,0.2535739779473204
19,4,-15.251885414123535,72.73663330078125,-8.171871185302734,-92.40022277832031,-7.360526084899902,70.04243469238281,0.25796459878839273
19,5,-15.209211349487305,67.66301727294922,-13.074384689331055,-92.56220245361328,-7.231111526489258,71.95799255371094,0.26146504777024376
19,6,-13.922456741333008,64.0975112915039,-21.7513484954834,-92.05038452148438,-6.370719909667969,77.08796691894531,0.2715697970922419
19,7,-13.606752395629883,63.644859313964844,-24.199445724487305,-92.50704193115234,-6.796688079833984,83.44889831542969,0.2747787172686085
19,8,-12.578497886657715,62.1104850769043,-25.27197265625,-94.26557159423828,-6.868929862976074,82.84955596923828,0.27558903426042336
19,9,-11.491042137145996,61.511558532714844,-25.028587341308594,-95.13307189941406,-6.865074157714844,81.88575744628906,0.274973615293724
19,10,-11.10322093963623,59.95188522338867,-27.101699829101562,-96.01398468017578,-6.699531555175781,81.30780029296875,0.2768456573177701
19,11,-10.978474617004395,58.60572052001953,-28.251766204833984,-96.98881530761719,-6.666749000549316,81.20991516113281,0.2775724548543195
19,12,-10.793851852416992,57.06261444091797,-28.87232208251953,-97.59386444091797,-6.536685943603516,81.02803802490234,0.2772009967670047
19,13,-10.068666458129883,55.406494140625,-28.88382339477539,-97.71150207519531,-6.454488754272461,80.41033172607422,0.275637013369373
19,14,-9.760658264160156,54.44615173339844,-28.8570499420166,-98.8732681274414,-6.511044502258301,79.88075256347656,0.2748666132923084
19,15,-9.992877006530762,53.7271842956543,-28.305458068847656,-99.51925659179688,-6.595462799072266,80.22720336914062,0.2733287409370607
19,16,-10.101197242736816,55.12901306152344,-26.08295249938965,-100.51847839355469,-6.822493553161621,79.12934875488281,0.2711837898271494
19,17,-10.341462135314941,53.81144332885742,-25.60261344909668,-101.8693618774414,-6.877756118774414,78.78177642822266,0.26887301816899156
19,18,-10.638167381286621,54.037353515625,-23.688400268554688,-102.74368286132812,-6.793785095214844,78.1953125,0.265527237523586
19,19,-10.256688117980957,53.597591400146484,-21.920747756958008,-104.40837097167969,-6.833437919616699,77.76904296875,0.26123568732908886
19,20,-10.048870086669922,51.661415100097656,-22.446155548095703,-104.40348815917969,-6.677433967590332,78.21853637695312,0.25986836970045857
19,21,-9.838594436645508,49.54038619995117,-23.49733543395996,-103.8367691040039,-6.442084312438965,77.22699737548828,0.2594365385241412
19,22,-9.802321434020996,50.22098922729492,-21.282432556152344,-104.09718322753906,-6.488558769226074,77.02949523925781,0.2557368738349616
19,23,-10.077197074890137,49.130157470703125,-21.696138381958008,-103.98834228515625,-6.360661506652832,76.44254302978516,0.2552040399510087
19,24,-10.616503715515137,49.63703918457031,-21.717655181884766,-104.1553955078125,-6.47355842590332,75.03529357910156,0.25585721255885263
19,25,-10.406035423278809,49.31467819213867,-22.255096435546875,-104.43678283691406,-6.417881965637207,75.85193634033203,0.2564561184547137
19,26,-10.757497787475586,48.35017776489258,-21.769113540649414,-105.49009704589844,-6.226471900939941,75.38436889648438,0.25379874489956034
19,27,-11.773435592651367,48.54838562011719,-22.153879165649414,-105.62959289550781,-6.379849433898926,75.30937194824219,0.2548283409054446
19,28,-11.510473251342773,48.16161346435547,-21.916248321533203,-107.0446548461914,-6.118821144104004,75.75187683105469,0.2532310701598504
19,29,-11.724454879760742,47.453529357910156,-23.54656219482422,-107.29183959960938,-6.186878204345703,75.37100219726562,0.2556816483419632
19,30,-11.623662948608398,47.41505432128906,-23.366512298583984,-107.6849365234375,-6.069262504577637,75.35511779785156,0.2550815833558908
19,31,-12.172799110412598,46.553001403808594,-23.954307556152344,-107.49526977539062,-6.145008087158203,75.84854125976562,0.2552465555571419
19,32,-12.151479721069336,45.82978820800781,-23.695690155029297,-108.09334564208984,-6.068621635437012,77.60076904296875,0.25343237374299854
19,33,-12.360664367675781,44.80986785888672,-24.505361557006836,-108.38005065917969,-6.035181045532227,76.50411987304688,0.2536505218295267
19,34,-12.715185165405273,44.31243896484375,-24.104049682617188,-108.41624450683594,-6.13424015045166,77.1418685913086,0.25205175674260183
19,35,-12.629098892211914,42.720802307128906,-24.414350509643555,-109.16522216796875,-6.335349082946777,76.26589965820312,0.25010371325921843
19,36,-12.665186882019043,41.87554931640625,-24.774738311767578,-109.68841552734375,-6.445835113525391,75.59224700927734,0.24941928682604436
19,37,-12.429916381835938,41.43032455444336,-25.979923248291016,-109.07070922851562,-6.282137870788574,76.13813781738281,0.25177670838086263
19,38,-12.538531303405762,41.66753387451172,-25.27138900756836,-109.18020629882812,-6.45198917388916,76.15072631835938,0.2504917540161765
19,39,-12.71162223815918,40.69593048095703,-26.484268188476562,-108.13555908203125,-6.109808921813965,75.564453125,0.2522519169742458
19,40,-12.896085739135742,40.36914825439453,-26.166501998901367,-108.35812377929688,-5.9870100021362305,74.98802185058594,0.2509835555224616
19,41,-13.22148609161377,41.13226318359375,-26.019126892089844,-108.2369384765625,-6.137701988220215,72.90351104736328,0.2518150460570639
19,42,-13.898858070373535,41.629905700683594,-24.9945125579834,-108.69972229003906,-6.322061538696289,60.65846252441406,0.25005243390614273
19,43,-13.977530479431152,40.34584045410156,-26.202064514160156,-108.61405944824219,-5.919797420501709,58.44161605834961,0.25090904921677676
19,44,-14.567424774169922,40.4040641784668,-26.10072898864746,-108.46809387207031,-5.94888162612915,59.293575286865234,0.2508376924919998
19,45,-15.89499282836914,42.25251388549805,-27.290916442871094,-107.50227355957031,-5.845443248748779,66.02450561523438,0.2564309467963932
19,46,-18.149248123168945,43.181243896484375,-29.38513946533203,-106.49008178710938,-4.954894542694092,70.88546752929688,0.2623097846095905
19,47,-19.64569664001465,42.1968994140625,-31.39719009399414,-105.40458679199219,-4.677027702331543,66.41625213623047,0.2651951618501045
19,48,-19.163055419921875,41.54762268066406,-31.45360565185547,-106.33836364746094,-4.916621208190918,66.02397155761719,0.2642907639997706
19,49,-8.445014953613281,32.28984832763672,-22.816131591796875,-86.82877349853516,-5.586904525756836,46.935997009277344,0.23841790309696181
20,0,-15.110952377319336,84.41708374023438,-0.7439117431640625,-90.11744689941406,-6.849201202392578,62.160919189453125,0.25558805926563677
20,1,-14.9218111038208,82.1825180053711,0.8836193084716797,-92.06037902832031,-7.2083740234375,63.794952392578125,0.25066524773551946
20,2,-14.529304504394531,78.1373519897461,-1.1494216918945312,-93.42772674560547,-7.190314292907715,65.76358032226562,0.2504030183237171
20,3,-15.160913467407227,75.65441131591797,-4.133061408996582,-92.90985107421875,-7.475473403930664,70.5728988647461,0.2535739779473204
20,4,-15.251885414123535,72.73663330078125,-8.171871185302734,-92.40022277832031,-7.360526084899902,70.04243469238281,0.25796459878839273
20,5,-15.209211349487305,67.66301727294922,-13.074384689331055,-92.56220245361328,-7.231111526489258,71.95799255371094,0.26146504777024376
20,6,-13.922456741333008,64.0975112915039,-21.7513484954834,-92.05038452148438,-6.370719909667969,77.08796691894531,0.2715697970922419
20,7,-13.606752395629883,63.644859313964844,-24.199445724487305,-92.50704193115234,-6.796688079833984,83.44889831542969,0.2747787172686085
20,8,-12.578497886657715,62.1104850769043,-25.27197265625,-94.26557159423828,-6.868929862976074,82.84955596923828,0.27558903426042336
20,9,-11.491042137145996,61.511558532714844,-25.028587341308594,-95.13307189941406,-6.865074157714844,81.88575744628906,0.274973615293724
20,10,-11.10322093963623,59.95188522338867,-27.101699829101562,-96.01398468017578,-6.699531555175781,81.30780029296875,0.2768456573177701
20,11,-10.978474617004395,58.60572052001953,-28.251766204833984,-96.98881530761719,-6.666749000549316,81.20991516113281,0.2775724548543195
20,12,-10.793851852416992,57.06261444091797,-28.87232208251953,-97.59386444091797,-6.536685943603516,81.02803802490234,0.2772009967670047
20,13,-10.068666458129883,55.406494140625,-28.88382339477539,-97.71150207519531,-6.454488754272461,80.41033172607422,0.275637013369373
20,14,-9.760658264160156,54.44615173339844,-28.8570499420166,-98.8732681274414,-6.511044502258301,79.88075256347656,0.2748666132923084
20,15,-9.992877006530762,53.7271842956543,-28.305458068847656,-99.51925659179688,-6.595462799072266,80.22720336914062,0.2733287409370607
20,16,-10.101197242736816,55.12901306152344,-26.08295249938965,-100.51847839355469,-6.822493553161621,79.12934875488281,0.2711837898271494
20,17,-10.341462135314941,53.81144332885742,-25.60261344909668,-101.8693618774414,-6.877756118774414,78.78177642822266,0.26887301816899156
20,18,-10.638167381286621,54.037353515625,-23.688400268554688,-102.74368286132812,-6.793785095214844,78.1953125,0.265527237523586
20,19,-10.256688117980957,53.597591400146484,-21.920747756958008,-104.40837097167969,-6.833437919616699,77.76904296875,0.26123568732908886
20,20,-10.048870086669922,51.661415100097656,-22.446155548095703,-104.40348815917969,-6.677433967590332,78.21853637695312,0.25986836970045857
20,21,-9.838594436645508,49.54038619995117,-23.49733543395996,-103.8367691040039,-6.442084312438965,77.22699737548828,0.2594365385241412
20,22,-9.802321434020996,50.22098922729492,-21.282432556152344,-104.09718322753906,-6.488558769226074,77.02949523925781,0.2557368738349616
20,23,-10.077197074890137,49.130157470703125,-21.696138381958008,-103.98834228515625,-6.360661506652832,76.44254302978516,0.2552040399510087
20,24,-10.616503715515137,49.63703918457031,-21.717655181884766,-104.1553955078125,-6.47355842590332,75.03529357910156,0.25585721255885263
20,25,-10.406035423278809,49.31467819213867,-22.255096435546875,-104.43678283691406,-6.417881965637207,75.85193634033203,0.2564561184547137
20,26,-10.757497787475586,48.35017776489258,-21.769113540649414,-105.49009704589844,-6.226471900939941,75.38436889648438,0.25379874489956034
20,27,-11.773435592651367,48.54838562011719,-22.153879165649414,-105.62959289550781,-6.379849433898926,75.30937194824219,0.2548283409054446
20,28,-11.510473251342773,48.16161346435547,-21.916248321533203,-107.0446548461914,-6.118821144104004,75.75187683105469,0.2532310701598504
20,29,-11.724454879760742,47.453529357910156,-23.54656219482422,-107.29183959960938,-6.186878204345703,75.37100219726562,0.2556816483419632
20,30,-11.623662948608398,47.41505432128906,-23.366512298583984,-107.6849365234375,-6.069262504577637,75.35511779785156,0.2550815833558908
20,31,-12.172799110412598,46.553001403808594,-23.954307556152344,-107.49526977539062,-6.145008087158203,75.84854125976562,0.2552465555571419
20,32,-12.151479721069336,45.82978820800781,-23.695690155029297,-108.09334564208984,-6.068621635437012,77.60076904296875,0.25343237374299854
20,33,-12.360664367675781,44.80986785888672,-24.505361557006836,-108.38005065917969,-6.035181045532227,76.50411987304688,0.2536505218295267
20,34,-12.715185165405273,44.31243896484375,-24.104049682617188,-108.41624450683594,-6.13424015045166,77.1418685913086,0.25205175674260183
20,35,-12.629098892211914,42.720802307128906,-24.414350509643555,-109.16522216796875,-6.335349082946777,76.26589965820312,0.25010371325921843
20,36,-12.665186882019043,41.87554931640625,-24.774738311767578,-109.68841552734375,-6.445835113525391,75.59224700927734,0.24941928682604436
20,37,-12.429916381835938,41.43032455444336,-25.979923248291016,-109.07070922851562,-6.282137870788574,76.13813781738281,0.25177670838086263
20,38,-12.538531303405762,41.66753387451172,-25.27138900756836,-109.18020629882812,-6.45198917388916,76.15072631835938,0.2504917540161765
20,39,-12.71162223815918,40.69593048095703,-26.484268188476562,-108.13555908203125,-6.109808921813965,75.564453125,0.2522519169742458
20,40,-12.896085739135742,40.36914825439453,-26.166501998901367,-108.35812377929688,-5.9870100021362305,74.98802185058594,0.2509835555224616
20,41,-13.22148609161377,41.13226318359375,-26.019126892089844,-108.2369384765625,-6.137701988220215,72.90351104736328,0.2518150460570639
20,42,-13.898858070373535,41.629905700683594,-24.9945125579834,-108.69972229003906,-6.322061538696289,60.65846252441406,0.25005243390614273
20,43,-13.977530479431152,40.34584045410156,-26.202064514160156,-108.61405944824219,-5.919797420501709,58.44161605834961,0.25090904921677676
20,44,-14.567424774169922,40.4040641784668,-26.10072898864746,-108.46809387207031,-5.94888162612915,59.293575286865234,0.2508376924919998
20,45,-15.89499282836914,42.25251388549805,-27.290916442871094,-107.50227355957031,-5.845443248748779,66.02450561523438,0.2564309467963932
20,46,-18.149248123168945,43.181243896484375,-29.38513946533203,-106.49008178710938,-4.954894542694092,70.88546752929688,0.2623097846095905
20,47,-19.64569664001465,42.1968994140625,-31.39719009399414,-105.40458679199219,-4.677027702331543,66.41625213623047,0.2651951618501045
20,48,-19.163055419921875,41.54762268066406,-31.45360565185547,-106.33836364746094,-4.916621208190918,66.02397155761719,0.2642907639997706
20,49,-8.445014953613281,32.28984832763672,-22.816131591796875,-86.82877349853516,-5.586904525756836,46.935997009277344,0.23841790309696181
21,0,-15.110952377319336,84.41708374023438,-0.7439117431640625,-90.11744689941406,-6.849201202392578,62.160919189453125,0.25558805926563677
21,1,-14.9218111038208,82.1825180053711,0.8836193084716797,-92.06037902832031,-7.2083740234375,63.794952392578125,0.25066524773551946
21,2,-14.529304504394531,78.1373519897461,-1.1494216918945312,-93.42772674560547,-7.190314292907715,65.76358032226562,0.2504030183237171
21,3,-15.160913467407227,75.65441131591797,-4.133061408996582,-92.90985107421875,-7.475473403930664,70.5728988647461,0.2535739779473204
21,4,-15.251885414123535,72.73663330078125,-8.171871185302734,-92.40022277832031,-7.360526084899902,70.04243469238281,0.25796459878839273
21,5,-15.209211349487305,67.66301727294922,-13.074384689331055,-92.56220245361328,-7.231111526489258,71.95799255371094,0.26146504777024376
21,6,-13.922456741333008,64.0975112915039,-21.7513484954834,-92.05038452148438,-6.370719909667969,77.08796691894531,0.2715697970922419
21,7,-13.606752395629883,63.644859313964844,-24.199445724487305,-92.50704193115234,-6.796688079833984,83.44889831542969,0.2747787172686085
21,8,-12.578497886657715,62.1104850769043,-25.27197265625,-94.26557159423828,-6.868929862976074,82.84955596923828,0.27558903426042336
21,9,-11.491042137145996,61.511558532714844,-25.028587341308594,-95.13307189941406,-6.865074157714844,81.88575744628906,0.274973615293724
21,10,-11.10322093963623,59.95188522338867,-27.101699829101562,-96.01398468017578,-6.699531555175781,81.30780029296875,0.2768456573177701
21,11,-10.978474617004395,58.60572052001953,-28.251766204833984,-96.98881530761719,-6.666749000549316,81.20991516113281,0.2775724548543195
21,12,-10.793851852416992,57.06261444091797,-28.87232208251953,-97.59386444091797,-6.536685943603516,81.02803802490234,0.2772009967670047
21,13,-10.068666458129883,55.406494140625,-28.88382339477539,-97.71150207519531,-6.454488754272461,80.41033172607422,0.275637013369373
21,14,-9.760658264160156,54.44615173339844,-28.8570499420166,-98.8732681274414,-6.511044502258301,79.88075256347656,0.2748666132923084
21,15,-9.992877006530762,53.7271842956543,-28.305458068847656,-99.51925659179688,-6.595462799072266,80.22720336914062,0.2733287409370607
21,16,-10.101197242736816,55.12901306152344,-26.08295249938965,-100.51847839355469,-6.822493553161621,79.12934875488281,0.2711837898271494
21,17,-10.341462135314941,53.81144332885742,-25.60261344909668,-101.8693618774414,-6.877756118774414,78.78177642822266,0.26887301816899156
21,18,-10.638167381286621,54.037353515625,-23.688400268554688,-102.74368286132812,-6.793785095214844,78.1953125,0.265527237523586
21,19,-10.256688117980957,53.597591400146484,-21.920747756958008,-104.40837097167969,-6.833437919616699,77.76904296875,0.26123568732908886
21,20,-10.048870086669922,51.661415100097656,-22.446155548095703,-104.40348815917969,-6.677433967590332,78.21853637695312,0.25986836970045857
21,21,-9.838594436645508,49.54038619995117,-23.49733543395996,-103.8367691040039,-6.442084312438965,77.22699737548828,0.2594365385241412
21,22,-9.802321434020996,50.22098922729492,-21.282432556152344,-104.09718322753906,-6.488558769226074,77.02949523925781,0.2557368738349616
21,23,-10.077197074890137,49.130157470703125,-21.696138381958008,-103.98834228515625,-6.360661506652832,76.44254302978516,0.2552040399510087
21,24,-10.616503715515137,49.63703918457031,-21.717655181884766,-104.1553955078125,-6.47355842590332,75.03529357910156,0.25585721255885263
21,25,-10.406035423278809,49.31467819213867,-22.255096435546875,-104.43678283691406,-6.417881965637207,75.85193634033203,0.2564561184547137
21,26,-10.757497787475586,48.35017776489258,-21.769113540649414,-105.49009704589844,-6.226471900939941,75.38436889648438,0.25379874489956034
21,27,-11.773435592651367,48.54838562011719,-22.153879165649414,-105.62959289550781,-6.379849433898926,75.30937194824219,0.2548283409054446
21,28,-11.510473251342773,48.16161346435547,-21.916248321533203,-107.0446548461914,-6.118821144104004,75.75187683105469,0.2532310701598504
21,29,-11.724454879760742,47.453529357910156,-23.54656219482422,-107.29183959960938,-6.186878204345703,75.37100219726562,0.2556816483419632
21,30,-11.623662948608398,47.41505432128906,-23.366512298583984,-107.6849365234375,-6.069262504577637,75.35511779785156,0.2550815833558908
21,31,-12.172799110412598,46.553001403808594,-23.954307556152344,-107.49526977539062,-6.145008087158203,75.84854125976562,0.2552465555571419
21,32,-12.151479721069336,45.82978820800781,-23.695690155029297,-108.09334564208984,-6.068621635437012,77.60076904296875,0.25343237374299854
21,33,-12.360664367675781,44.80986785888672,-24.505361557006836,-108.38005065917969,-6.035181045532227,76.50411987304688,0.2536505218295267
21,34,-12.715185165405273,44.31243896484375,-24.104049682617188,-108.41624450683594,-6.13424015045166,77.1418685913086,0.25205175674260183
21,35,-12.629098892211914,42.720802307128906,-24.414350509643555,-109.16522216796875,-6.335349082946777,76.26589965820312,0.25010371325921843
21,36,-12.665186882019043,41.87554931640625,-24.774738311767578,-109.68841552734375,-6.445835113525391,75.59224700927734,0.24941928682604436
21,37,-12.429916381835938,41.43032455444336,-25.979923248291016,-109.07070922851562,-6.282137870788574,76.13813781738281,0.25177670838086263
21,38,-12.538531303405762,41.66753387451172,-25.27138900756836,-109.18020629882812,-6.45198917388916,76.15072631835938,0.2504917540161765
21,39,-12.71162223815918,40.69593048095703,-26.484268188476562,-108.13555908203125,-6.109808921813965,75.564453125,0.2522519169742458
21,40,-12.896085739135742,40.36914825439453,-26.166501998901367,-108.35812377929688,-5.9870100021362305,74.98802185058594,0.2509835555224616
21,41,-13.22148609161377,41.13226318359375,-26.019126892089844,-108.2369384765625,-6.137701988220215,72.90351104736328,0.2518150460570639
21,42,-13.898858070373535,41.629905700683594,-24.9945125579834,-108.69972229003906,-6.322061538696289,60.65846252441406,0.25005243390614273
21,43,-13.977530479431152,40.34584045410156,-26.202064514160156,-108.61405944824219,-5.919797420501709,58.44161605834961,0.25090904921677676
21,44,-14.567424774169922,40.4040641784668,-26.10072898864746,-108.46809387207031,-5.94888162612915,59.293575286865234,0.2508376924919998
21,45,-15.89499282836914,42.25251388549805,-27.290916442871094,-107.50227355957031,-5.845443248748779,66.02450561523438,0.2564309467963932
21,46,-18.149248123168945,43.181243896484375,-29.38513946533203,-106.49008178710938,-4.954894542694092,70.88546752929688,0.2623097846095905
21,47,-19.64569664001465,42.1968994140625,-31.39719009399414,-105.40458679199219,-4.677027702331543,66.41625213623047,0.2651951618501045
21,48,-19.163055419921875,41.54762268066406,-31.45360565185547,-106.33836364746094,-4.916621208190918,66.02397155761719,0.2642907639997706
21,49,-8.445014953613281,32.28984832763672,-22.816131591796875,-86.82877349853516,-5.586904525756836,46.935997009277344,0.23841790309696181
22,0,-15.110952377319336,84.41708374023438,-0.7439117431640625,-90.11744689941406,-6.849201202392578,62.160919189453125,0.25558805926563677
22,1,-14.9218111038208,82.1825180053711,0.8836193084716797,-92.06037902832031,-7.2083740234375,63.794952392578125,0.25066524773551946
22,2,-14.529304504394531,78.1373519897461,-1.1494216918945312,-93.42772674560547,-7.190314292907715,65.76358032226562,0.2504030183237171
22,3,-15.160913467407227,75.65441131591797,-4.133061408996582,-92.90985107421875,-7.475473403930664,70.5728988647461,0.2535739779473204
22,4,-15.251885414123535,72.73663330078125,-8.171871185302734,-92.40022277832031,-7.360526084899902,70.04243469238281,0.25796459878839273
22,5,-15.209211349487305,67.66301727294922,-13.074384689331055,-92.56220245361328,-7.231111526489258,71.95799255371094,0.26146504777024376
22,6,-13.922456741333008,64.0975112915039,-21.7513484954834,-92.05038452148438,-6.370719909667969,77.08796691894531,0.2715697970922419
22,7,-13.606752395629883,63.644859313964844,-24.199445724487305,-92.50704193115234,-6.796688079833984,83.44889831542969,0.2747787172686085
22,8,-12.578497886657715,62.1104850769043,-25.27197265625,-94.26557159423828,-6.868929862976074,82.84955596923828,0.27558903426042336
22,9,-11.491042137145996,61.511558532714844,-25.028587341308594,-95.13307189941406,-6.865074157714844,81.88575744628906,0.274973615293724
22,10,-11.10322093963623,59.95188522338867,-27.101699829101562,-96.01398468017578,-6.699531555175781,81.30780029296875,0.2768456573177701
22,11,-10.978474617004395,58.60572052001953,-28.251766204833984,-96.98881530761719,-6.666749000549316,81.20991516113281,0.2775724548543195
22,12,-10.793851852416992,57.06261444091797,-28.87232208251953,-97.59386444091797,-6.536685943603516,81.02803802490234,0.2772009967670047
22,13,-10.068666458129883,55.406494140625,-28.88382339477539,-97.71150207519531,-6.454488754272461,80.41033172607422,0.275637013369373
22,14,-9.760658264160156,54.44615173339844,-28.8570499420166,-98.8732681274414,-6.511044502258301,79.88075256347656,0.2748666132923084
22,15,-9.992877006530762,53.7271842956543,-28.305458068847656,-99.51925659179688,-6.595462799072266,80.22720336914062,0.2733287409370607
22,16,-10.101197242736816,55.12901306152344,-26.08295249938965,-100.51847839355469,-6.822493553161621,79.12934875488281,0.2711837898271494
22,17,-10.341462135314941,53.81144332885742,-25.60261344909668,-101.8693618774414,-6.877756118774414,78.78177642822266,0.26887301816899156
22,18,-10.638167381286621,54.037353515625,-23.688400268554688,-102.74368286132812,-6.793785095214844,78.1953125,0.265527237523586
22,19,-10.256688117980957,53.597591400146484,-21.920747756958008,-104.40837097167969,-6.833437919616699,77.76904296875,0.26123568732908886
22,20,-10.048870086669922,51.661415100097656,-22.446155548095703,-104.40348815917969,-6.677433967590332,78.21853637695312,0.25986836970045857
22,21,-9.838594436645508,49.54038619995117,-23.49733543395996,-103.8367691040039,-6.442084312438965,77.22699737548828,0.2594365385241412
22,22,-9.802321434020996,50.22098922729492,-21.282432556152344,-104.09718322753906,-6.488558769226074,77.02949523925781,0.2557368738349616
22,23,-10.077197074890137,49.130157470703125,-21.696138381958008,-103.98834228515625,-6.360661506652832,76.44254302978516,0.2552040399510087
22,24,-10.616503715515137,49.63703918457031,-21.717655181884766,-104.1553955078125,-6.47355842590332,75.03529357910156,0.25585721255885263
22,25,-10.406035423278809,49.31467819213867,-22.255096435546875,-104.43678283691406,-6.417881965637207,75.85193634033203,0.2564561184547137
22,26,-10.757497787475586,48.35017776489258,-21.769113540649414,-105.49009704589844,-6.226471900939941,75.38436889648438,0.25379874489956034
22,27,-11.773435592651367,48.54838562011719,-22.153879165649414,-105.62959289550781,-6.379849433898926,75.30937194824219,0.2548283409054446
22,28,-11.510473251342773,48.16161346435547,-21.916248321533203,-107.0446548461914,-6.118821144104004,75.75187683105469,0.2532310701598504
22,29,-11.724454879760742,47.453529357910156,-23.54656219482422,-107.29183959960938,-6.186878204345703,75.37100219726562,0.2556816483419632
22,30,-11.623662948608398,47.41505432128906,-23.366512298583984,-107.6849365234375,-6.069262504577637,75.35511779785156,0.2550815833558908
22,31,-12.172799110412598,46.553001403808594,-23.954307556152344,-107.49526977539062,-6.145008087158203,75.84854125976562,0.2552465555571419
22,32,-12.151479721069336,45.82978820800781,-23.695690155029297,-108.09334564208984,-6.068621635437012,77.60076904296875,0.25343237374299854
22,33,-12.360664367675781,44.80986785888672,-24.505361557006836,-108.38005065917969,-6.035181045532227,76.50411987304688,0.2536505218295267
22,34,-12.715185165405273,44.31243896484375,-24.104049682617188,-108.41624450683594,-6.13424015045166,77.1418685913086,0.25205175674260183
22,35,-12.629098892211914,42.720802307128906,-24.414350509643555,-109.16522216796875,-6.335349082946777,76.26589965820312,0.25010371325921843
22,36,-12.665186882019043,41.87554931640625,-24.774738311767578,-109.68841552734375,-6.445835113525391,75.59224700927734,0.24941928682604436
22,37,-12.429916381835938,41.43032455444336,-25.979923248291016,-109.07070922851562,-6.282137870788574,76.13813781738281,0.25177670838086263
22,38,-12.538531303405762,41.66753387451172,-25.27138900756836,-109.18020629882812,-6.45198917388916,76.15072631835938,0.2504917540161765
22,39,-12.71162223815918,40.69593048095703,-26.484268188476562,-108.13555908203125,-6.109808921813965,75.564453125,0.2522519169742458
22,40,-12.896085739135742,40.36914825439453,-26.166501998901367,-108.35812377929688,-5.9870100021362305,74.98802185058594,0.2509835555224616
22,41,-13.22148609161377,41.13226318359375,-26.019126892089844,-108.2369384765625,-6.137701988220215,72.90351104736328,0.2518150460570639
22,42,-13.898858070373535,41.629905700683594,-24.9945125579834,-108.69972229003906,-6.322061538696289,60.65846252441406,0.25005243390614273
22,43,-13.977530479431152,40.34584045410156,-26.202064514160156,-108.61405944824219,-5.919797420501709,58.44161605834961,0.25090904921677676
22,44,-14.567424774169922,40.4040641784668,-26.10072898864746,-108.46809387207031,-5.94888162612915,59.293575286865234,0.2508376924919998
22,45,-15.89499282836914,42.25251388549805,-27.290916442871094,-107.50227355957031,-5.845443248748779,66.02450561523438,0.2564309467963932
22,46,-18.149248123168945,43.181243896484375,-29.38513946533203,-106.49008178710938,-4.954894542694092,70.88546752929688,0.2623097846095905
22,47,-19.64569664001465,42.1968994140625,-31.39719009399414,-105.40458679199219,-4.677027702331543,66.41625213623047,0.2651951618501045
22,48,-19.163055419921875,41.54762268066406,-31.45360565185547,-106.33836364746094,-4.916621208190918,66.02397155761719,0.2642907639997706
22,49,-8.445014953613281,32.28984832763672,-22.816131591796875,-86.82877349853516,-5.586904525756836,46.935997009277344,0.23841790309696181
23,0,-15.110952377319336,84.41708374023438,-0.7439117431640625,-90.11744689941406,-6.849201202392578,62.160919189453125,0.25558805926563677
23,1,-14.9218111038208,82.1825180053711,0.8836193084716797,-92.06037902832031,-7.2083740234375,63.794952392578125,0.25066524773551946
23,2,-14.529304504394531,78.1373519897461,-1.1494216918945312,-93.42772674560547,-7.190314292907715,65.76358032226562,0.2504030183237171
23,3,-15.160913467407227,75.65441131591797,-4.133061408996582,-92.90985107421875,-7.475473403930664,70.5728988647461,0.2535739779473204
23,4,-15.251885414123535,72.73663330078125,-8.171871185302734,-92.40022277832031,-7.360526084899902,70.04243469238281,0.25796459878839273
23,5,-15.209211349487305,67.66301727294922,-13.074384689331055,-92.56220245361328,-7.231111526489258,71.95799255371094,0.26146504777024376
23,6,-13.922456741333008,64.0975112915039,-21.7513484954834,-92.05038452148438,-6.370719909667969,77.08796691894531,0.2715697970922419
23,7,-13.606752395629883,63.644859313964844,-24.199445724487305,-92.50704193115234,-6.796688079833984,83.44889831542969,0.2747787172686085
23,8,-12.578497886657715,62.1104850769043,-25.27197265625,-94.26557159423828,-6.868929862976074,82.84955596923828,0.27558903426042336
23,9,-11.491042137145996,61.511558532714844,-25.028587341308594,-95.13307189941406,-6.865074157714844,81.88575744628906,0.274973615293724
23,10,-11.10322093963623,59.95188522338867,-27.101699829101562,-96.01398468017578,-6.699531555175781,81.30780029296875,0.2768456573177701
23,11,-10.978474617004395,58.60572052001953,-28.251766204833984,-96.98881530761719,-6.666749000549316,81.20991516113281,0.2775724548543195
23,12,-10.793851852416992,57.06261444091797,-28.87232208251953,-97.59386444091797,-6.536685943603516,81.02803802490234,0.2772009967670047
23,13,-10.068666458129883,55.406494140625,-28.88382339477539,-97.71150207519531,-6.454488754272461,80.41033172607422,0.275637013369373
23,14,-9.760658264160156,54.44615173339844,-28.8570499420166,-98.8732681274414,-6.511044502258301,79.88075256347656,0.2748666132923084
23,15,-9.992877006530762,53.7271842956543,-28.305458068847656,-99.51925659179688,-6.595462799072266,80.22720336914062,0.2733287409370607
23,16,-10.101197242736816,55.12901306152344,-26.08295249938965,-100.51847839355469,-6.822493553161621,79.12934875488281,0.2711837898271494
23,17,-10.341462135314941,53.81144332885742,-25.60261344909668,-101.8693618774414,-6.877756118774414,78.78177642822266,0.26887301816899156
23,18,-10.638167381286621,54.037353515625,-23.688400268554688,-102.74368286132812,-6.793785095214844,78.1953125,0.265527237523586
23,19,-10.256688117980957,53.597591400146484,-21.920747756958008,-104.40837097167969,-6.833437919616699,77.76904296875,0.26123568732908886
23,20,-10.048870086669922,51.661415100097656,-22.446155548095703,-104.40348815917969,-6.677433967590332,78.21853637695312,0.25986836970045857
23,21,-9.838594436645508,49.54038619995117,-23.49733543395996,-103.8367691040039,-6.442084312438965,77.22699737548828,0.2594365385241412
23,22,-9.802321434020996,50.22098922729492,-21.282432556152344,-104.09718322753906,-6.488558769226074,77.02949523925781,0.2557368738349616
23,23,-10.077197074890137,49.130157470703125,-21.696138381958008,-103.98834228515625,-6.360661506652832,76.44254302978516,0.2552040399510087
23,24,-10.616503715515137,49.63703918457031,-21.717655181884766,-104.1553955078125,-6.47355842590332,75.03529357910156,0.25585721255885263
23,25,-10.406035423278809,49.31467819213867,-22.255096435546875,-104.43678283691406,-6.417881965637207,75.85193634033203,0.2564561184547137
23,26,-10.757497787475586,48.35017776489258,-21.769113540649414,-105.49009704589844,-6.226471900939941,75.38436889648438,0.25379874489956034
23,27,-11.773435592651367,48.54838562011719,-22.153879165649414,-105.62959289550781,-6.379849433898926,75.30937194824219,0.2548283409054446
23,28,-11.510473251342773,48.16161346435547,-21.916248321533203,-107.0446548461914,-6.118821144104004,75.75187683105469,0.2532310701598504
23,29,-11.724454879760742,47.453529357910156,-23.54656219482422,-107.29183959960938,-6.186878204345703,75.37100219726562,0.2556816483419632
23,30,-11.623662948608398,47.41505432128906,-23.366512298583984,-107.6849365234375,-6.069262504577637,75.35511779785156,0.2550815833558908
23,31,-12.172799110412598,46.553001403808594,-23.954307556152344,-107.49526977539062,-6.145008087158203,75.84854125976562,0.2552465555571419
23,32,-12.151479721069336,45.82978820800781,-23.695690155029297,-108.09334564208984,-6.068621635437012,77.60076904296875,0.25343237374299854
23,33,-12.360664367675781,44.80986785888672,-24.505361557006836,-108.38005065917969,-6.035181045532227,76.50411987304688,0.2536505218295267
23,34,-12.715185165405273,44.31243896484375,-24.104049682617188,-108.41624450683594,-6.13424015045166,77.1418685913086,0.25205175674260183
23,35,-12.629098892211914,42.720802307128906,-24.414350509643555,-109.16522216796875,-6.335349082946777,76.26589965820312,0.25010371325921843
23,36,-12.665186882019043,41.87554931640625,-24.774738311767578,-109.68841552734375,-6.445835113525391,75.59224700927734,0.24941928682604436
23,37,-12.429916381835938,41.43032455444336,-25.979923248291016,-109.07070922851562,-6.282137870788574,76.13813781738281,0.25177670838086263
23,38,-12.538531303405762,41.66753387451172,-25.27138900756836,-109.18020629882812,-6.45198917388916,76.15072631835938,0.2504917540161765
23,39,-12.71162223815918,40.69593048095703,-26.484268188476562,-108.13555908203125,-6.109808921813965,75.564453125,0.2522519169742458
23,40,-12.896085739135742,40.36914825439453,-26.166501998901367,-108.35812377929688,-5.9870100021362305,74.98802185058594,0.2509835555224616
23,41,-13.22148609161377,41.13226318359375,-26.019126892089844,-108.2369384765625,-6.137701988220215,72.90351104736328,0.2518150460570639
23,42,-13.898858070373535,41.629905700683594,-24.9945125579834,-108.69972229003906,-6.322061538696289,60.65846252441406,0.25005243390614273
23,43,-13.977530479431152,40.34584045410156,-26.202064514160156,-108.61405944824219,-5.919797420501709,58.44161605834961,0.25090904921677676
23,44,-14.567424774169922,40.4040641784668,-26.10072898864746,-108.46809387207031,-5.94888162612915,59.293575286865234,0.2508376924919998
23,45,-15.89499282836914,42.25251388549805,-27.290916442871094,-107.50227355957031,-5.845443248748779,66.02450561523438,0.2564309467963932
23,46,-18.149248123168945,43.181243896484375,-29.38513946533203,-106.49008178710938,-4.954894542694092,70.88546752929688,0.2623097846095905
23,47,-19.64569664001465,42.1968994140625,-31.39719009399414,-105.40458679199219,-4.677027702331543,66.41625213623047,0.2651951618501045
23,48,-19.163055419921875,41.54762268066406,-31.45360565185547,-106.33836364746094,-4.916621208190918,66.02397155761719,0.2642907639997706
23,49,-8.445014953613281,32.28984832763672,-22.816131591796875,-86.82877349853516,-5.586904525756836,46.935997009277344,0.23841790309696181
24,0,-15.110952377319336,84.41708374023438,-0.7439117431640625,-90.11744689941406,-6.849201202392578,62.160919189453125,0.25558805926563677
24,1,-14.9218111038208,82.1825180053711,0.8836193084716797,-92.06037902832031,-7.2083740234375,63.794952392578125,0.25066524773551946
24,2,-14.529304504394531,78.1373519897461,-1.1494216918945312,-93.42772674560547,-7.190314292907715,65.76358032226562,0.2504030183237171
24,3,-15.160913467407227,75.65441131591797,-4.133061408996582,-92.90985107421875,-7.475473403930664,70.5728988647461,0.2535739779473204
24,4,-15.251885414123535,72.73663330078125,-8.171871185302734,-92.40022277832031,-7.360526084899902,70.04243469238281,0.25796459878839273
24,5,-15.209211349487305,67.66301727294922,-13.074384689331055,-92.56220245361328,-7.231111526489258,71.95799255371094,0.26146504777024376
24,6,-13.922456741333008,64.0975112915039,-21.7513484954834,-92.05038452148438,-6.370719909667969,77.08796691894531,0.2715697970922419
24,7,-13.606752395629883,63.644859313964844,-24.199445724487305,-92.50704193115234,-6.796688079833984,83.44889831542969,0.2747787172686085
24,8,-12.578497886657715,62.1104850769043,-25.27197265625,-94.26557159423828,-6.868929862976074,82.84955596923828,0.27558903426042336
24,9,-11.491042137145996,61.511558532714844,-25.028587341308594,-95.13307189941406,-6.865074157714844,81.88575744628906,0.274973615293724
24,10,-11.10322093963623,59.95188522338867,-27.101699829101562,-96.01398468017578,-6.699531555175781,81.30780029296875,0.2768456573177701
24,11,-10.978474617004395,58.60572052001953,-28.251766204833984,-96.98881530761719,-6.666749000549316,81.20991516113281,0.2775724548543195
24,12,-10.793851852416992,57.06261444091797,-28.87232208251953,-97.59386444091797,-6.536685943603516,81.02803802490234,0.2772009967670047
24,13,-10.068666458129883,55.406494140625,-28.88382339477539,-97.71150207519531,-6.454488754272461,80.41033172607422,0.275637013369373
24,14,-9.760658264160156,54.44615173339844,-28.8570499420166,-98.8732681274414,-6.511044502258301,79.88075256347656,0.2748666132923084
24,15,-9.992877006530762,53.7271842956543,-28.305458068847656,-99.51925659179688,-6.595462799072266,80.22720336914062,0.2733287409370607
24,16,-10.101197242736816,55.12901306152344,-26.08295249938965,-100.51847839355469,-6.822493553161621,79.12934875488281,0.2711837898271494
24,17,-10.341462135314941,53.81144332885742,-25.60261344909668,-101.8693618774414,-6.877756118774414,78.78177642822266,0.26887301816899156
24,18,-10.638167381286621,54.037353515625,-23.688400268554688,-102.74368286132812,-6.793785095214844,78.1953125,0.265527237523586
24,19,-10.256688117980957,53.597591400146484,-21.920747756958008,-104.40837097167969,-6.833437919616699,77.76904296875,0.26123568732908886
24,20,-10.048870086669922,51.661415100097656,-22.446155548095703,-104.40348815917969,-6.677433967590332,78.21853637695312,0.25986836970045857
24,21,-9.838594436645508,49.54038619995117,-23.49733543395996,-103.8367691040039,-6.442084312438965,77.22699737548828,0.2594365385241412
24,22,-9.802321434020996,50.22098922729492,-21.282432556152344,-104.09718322753906,-6.488558769226074,77.02949523925781,0.2557368738349616
24,23,-10.077197074890137,49.130157470703125,-21.696138381958008,-103.98834228515625,-6.360661506652832,76.44254302978516,0.2552040399510087
24,24,-10.616503715515137,49.63703918457031,-21.717655181884766,-104.1553955078125,-6.47355842590332,75.03529357910156,0.25585721255885263
24,25,-10.406035423278809,49.31467819213867,-22.255096435546875,-104.43678283691406,-6.417881965637207,75.85193634033203,0.2564561184547137
24,26,-10.757497787475586,48.35017776489258,-21.769113540649414,-105.49009704589844,-6.226471900939941,75.38436889648438,0.25379874489956034
24,27,-11.773435592651367,48.54838562011719,-22.153879165649414,-105.62959289550781,-6.379849433898926,75.30937194824219,0.2548283409054446
24,28,-11.510473251342773,48.16161346435547,-21.916248321533203,-107.0446548461914,-6.118821144104004,75.75187683105469,0.2532310701598504
24,29,-11.724454879760742,47.453529357910156,-23.54656219482422,-107.29183959960938,-6.186878204345703,75.37100219726562,0.2556816483419632
24,30,-11.623662948608398,47.41505432128906,-23.366512298583984,-107.6849365234375,-6.069262504577637,75.35511779785156,0.2550815833558908
24,31,-12.172799110412598,46.553001403808594,-23.954307556152344,-107.49526977539062,-6.145008087158203,75.84854125976562,0.2552465555571419
24,32,-12.151479721069336,45.82978820800781,-23.695690155029297,-108.09334564208984,-6.068621635437012,77.60076904296875,0.25343237374299854
24,33,-12.360664367675781,44.80986785888672,-24.505361557006836,-108.38005065917969,-6.035181045532227,76.50411987304688,0.2536505218295267
24,34,-12.715185165405273,44.31243896484375,-24.104049682617188,-108.41624450683594,-6.13424015045166,77.1418685913086,0.25205175674260183
24,35,-12.629098892211914,42.720802307128906,-24.414350509643555,-109.16522216796875,-6.335349082946777,76.26589965820312,0.25010371325921843
24,36,-12.665186882019043,41.87554931640625,-24.774738311767578,-109.68841552734375,-6.445835113525391,75.59224700927734,0.24941928682604436
24,37,-12.429916381835938,41.43032455444336,-25.979923248291016,-109.07070922851562,-6.282137870788574,76.13813781738281,0.25177670838086263
24,38,-12.538531303405762,41.66753387451172,-25.27138900756836,-109.18020629882812,-6.45198917388916,76.15072631835938,0.2504917540161765
24,39,-12.71162223815918,40.69593048095703,-26.484268188476562,-108.13555908203125,-6.109808921813965,75.564453125,0.2522519169742458
24,40,-12.896085739135742,40.36914825439453,-26.166501998901367,-108.35812377929688,-5.9870100021362305,74.98802185058594,0.2509835555224616
24,41,-13.22148609161377,41.13226318359375,-26.019126892089844,-108.2369384765625,-6.137701988220215,72.90351104736328,0.2518150460570639
24,42,-13.898858070373535,41.629905700683594,-24.9945125579834,-108.69972229003906,-6.322061538696289,60.65846252441406,0.25005243390614273
24,43,-13.977530479431152,40.34584045410156,-26.202064514160156,-108.61405944824219,-5.919797420501709,58.44161605834961,0.25090904921677676
24,44,-14.567424774169922,40.4040641784668,-26.10072898864746,-108.46809387207031,-5.94888162612915,59.293575286865234,0.2508376924919998
24,45,-15.89499282836914,42.25251388549805,-27.290916442871094,-107.50227355957031,-5.845443248748779,66.02450561523438,0.2564309467963932
24,46,-18.149248123168945,43.181243896484375,-29.38513946533203,-106.49008178710938,-4.954894542694092,70.88546752929688,0.2623097846095905
24,47,-19.64569664001465,42.1968994140625,-31.39719009399414,-105.40458679199219,-4.677027702331543,66.41625213623047,0.2651951618501045
24,48,-19.163055419921875,41.54762268066406,-31.45360565185547,-106.33836364746094,-4.916621208190918,66.02397155761719,0.2642907639997706
24,49,-8.445014953613281,32.28984832763672,-22.816131591796875,-86.82877349853516,-5.586904525756836,46.935997009277344,0.23841790309696181
25,0,-15.110952377319336,84.41708374023438,-0.7439117431640625,-90.11744689941406,-6.849201202392578,62.160919189453125,0.25558805926563677
25,1,-14.9218111038208,82.1825180053711,0.8836193084716797,-92.06037902832031,-7.2083740234375,63.794952392578125,0.25066524773551946
25,2,-14.529304504394531,78.1373519897461,-1.1494216918945312,-93.42772674560547,-7.190314292907715,65.76358032226562,0.2504030183237171
25,3,-15.160913467407227,75.65441131591797,-4.133061408996582,-92.90985107421875,-7.475473403930664,70.5728988647461,0.2535739779473204
25,4,-15.251885414123535,72.73663330078125,-8.171871185302734,-92.40022277832031,-7.360526084899902,70.04243469238281,0.25796459878839273
25,5,-15.209211349487305,67.66301727294922,-13.074384689331055,-92.56220245361328,-7.231111526489258,71.95799255371094,0.26146504777024376
25,6,-13.922456741333008,64.0975112915039,-21.7513484954834,-92.05038452148438,-6.370719909667969,77.08796691894531,0.2715697970922419
25,7,-13.606752395629883,63.644859313964844,-24.199445724487305,-92.50704193115234,-6.796688079833984,83.44889831542969,0.2747787172686085
25,8,-12.578497886657715,62.1104850769043,-25.27197265625,-94.26557159423828,-6.868929862976074,82.84955596923828,0.27558903426042336
25,9,-11.491042137145996,61.511558532714844,-25.028587341308594,-95.13307189941406,-6.865074157714844,81.88575744628906,0.274973615293724
25,10,-11.10322093963623,59.95188522338867,-27.101699829101562,-96.01398468017578,-6.699531555175781,81.30780029296875,0.2768456573177701
25,11,-10.978474617004395,58.60572052001953,-28.251766204833984,-96.98881530761719,-6.666749000549316,81.20991516113281,0.2775724548543195
25,12,-10.793851852416992,57.06261444091797,-28.87232208251953,-97.59386444091797,-6.536685943603516,81.02803802490234,0.2772009967670047
25,13,-10.068666458129883,55.406494140625,-28.88382339477539,-97.71150207519531,-6.454488754272461,80.41033172607422,0.275637013369373
25,14,-9.760658264160156,54.44615173339844,-28.8570499420166,-98.8732681274414,-6.511044502258301,79.88075256347656,0.2748666132923084
25,15,-9.992877006530762,53.7271842956543,-28.305458068847656,-99.51925659179688,-6.595462799072266,80.22720336914062,0.2733287409370607
25,16,-10.101197242736816,55.12901306152344,-26.08295249938965,-100.51847839355469,-6.822493553161621,79.12934875488281,0.2711837898271494
25,17,-10.341462135314941,53.81144332885742,-25.60261344909668,-101.8693618774414,-6.877756118774414,78.78177642822266,0.26887301816899156
25,18,-10.638167381286621,54.037353515625,-23.688400268554688,-102.74368286132812,-6.793785095214844,78.1953125,0.265527237523586
25,19,-10.256688117980957,53.597591400146484,-21.920747756958008,-104.40837097167969,-6.833437919616699,77.76904296875,0.26123568732908886
25,20,-10.048870086669922,51.661415100097656,-22.446155548095703,-104.40348815917969,-6.677433967590332,78.21853637695312,0.25986836970045857
25,21,-9.838594436645508,49.54038619995117,-23.49733543395996,-103.8367691040039,-6.442084312438965,77.22699737548828,0.2594365385241412
25,22,-9.802321434020996,50.22098922729492,-21.282432556152344,-104.09718322753906,-6.488558769226074,77.02949523925781,0.2557368738349616
25,23,-10.077197074890137,49.130157470703125,-21.696138381958008,-103.98834228515625,-6.360661506652832,76.44254302978516,0.2552040399510087
25,24,-10.616503715515137,49.63703918457031,-21.717655181884766,-104.1553955078125,-6.47355842590332,75.03529357910156,0.25585721255885263
25,25,-10.406035423278809,49.31467819213867,-22.255096435546875,-104.43678283691406,-6.417881965637207,75.85193634033203,0.2564561184547137
25,26,-10.757497787475586,48.35017776489258,-21.769113540649414,-105.49009704589844,-6.226471900939941,75.38436889648438,0.25379874489956034
25,27,-11.773435592651367,48.54838562011719,-22.153879165649414,-105.62959289550781,-6.379849433898926,75.30937194824219,0.2548283409054446
25,28,-11.510473251342773,48.16161346435547,-21.916248321533203,-107.0446548461914,-6.118821144104004,75.75187683105469,0.2532310701598504
25,29,-11.724454879760742,47.453529357910156,-23.54656219482422,-107.29183959960938,-6.186878204345703,75.37100219726562,0.2556816483419632
25,30,-11.623662948608398,47.41505432128906,-23.366512298583984,-107.6849365234375,-6.069262504577637,75.35511779785156,0.2550815833558908
25,31,-12.172799110412598,46.553001403808594,-23.954307556152344,-107.49526977539062,-6.145008087158203,75.84854125976562,0.2552465555571419
25,32,-12.151479721069336,45.82978820800781,-23.695690155029297,-108.09334564208984,-6.068621635437012,77.60076904296875,0.25343237374299854
25,33,-12.360664367675781,44.80986785888672,-24.505361557006836,-108.38005065917969,-6.035181045532227,76.50411987304688,0.2536505218295267
25,34,-12.715185165405273,44.31243896484375,-24.104049682617188,-108.41624450683594,-6.13424015045166,77.1418685913086,0.25205175674260183
25,35,-12.629098892211914,42.720802307128906,-24.414350509643555,-109.16522216796875,-6.335349082946777,76.26589965820312,0.25010371325921843
25,36,-12.665186882019043,41.87554931640625,-24.774738311767578,-109.68841552734375,-6.445835113525391,75.59224700927734,0.24941928682604436
25,37,-12.429916381835938,41.43032455444336,-25.979923248291016,-109.07070922851562,-6.282137870788574,76.13813781738281,0.25177670838086263
25,38,-12.538531303405762,41.66753387451172,-25.27138900756836,-109.18020629882812,-6.45198917388916,76.15072631835938,0.2504917540161765
25,39,-12.71162223815918,40.69593048095703,-26.484268188476562,-108.13555908203125,-6.109808921813965,75.564453125,0.2522519169742458
25,40,-12.896085739135742,40.36914825439453,-26.166501998901367,-108.35812377929688,-5.9870100021362305,74.98802185058594,0.2509835555224616
25,41,-13.22148609161377,41.13226318359375,-26.019126892089844,-108.2369384765625,-6.137701988220215,72.90351104736328,0.2518150460570639
25,42,-13.898858070373535,41.629905700683594,-24.9945125579834,-108.69972229003906,-6.322061538696289,60.65846252441406,0.25005243390614273
25,43,-13.977530479431152,40.34584045410156,-26.202064514160156,-108.61405944824219,-5.919797420501709,58.44161605834961,0.25090904921677676
25,44,-14.567424774169922,40.4040641784668,-26.10072898864746,-108.46809387207031,-5.94888162612915,59.293575286865234,0.2508376924919998
25,45,-15.89499282836914,42.25251388549805,-27.290916442871094,-107.50227355957031,-5.845443248748779,66.02450561523438,0.2564309467963932
25,46,-18.149248123168945,43.181243896484375,-29.38513946533203,-106.49008178710938,-4.954894542694092,70.88546752929688,0.2623097846095905
25,47,-19.64569664001465,42.1968994140625,-31.39719009399414,-105.40458679199219,-4.677027702331543,66.41625213623047,0.2651951618501045
25,48,-19.163055419921875,41.54762268066406,-31.45360565185547,-106.33836364746094,-4.916621208190918,66.02397155761719,0.2642907639997706
25,49,-8.445014953613281,32.28984832763672,-22.816131591796875,-86.82877349853516,-5.586904525756836,46.935997009277344,0.23841790309696181
26,0,-15.110952377319336,84.41708374023438,-0.7439117431640625,-90.11744689941406,-6.849201202392578,62.160919189453125,0.25558805926563677
26,1,-14.9218111038208,82.1825180053711,0.8836193084716797,-92.06037902832031,-7.2083740234375,63.794952392578125,0.25066524773551946
26,2,-14.529304504394531,78.1373519897461,-1.1494216918945312,-93.42772674560547,-7.190314292907715,65.76358032226562,0.2504030183237171
26,3,-15.160913467407227,75.65441131591797,-4.133061408996582,-92.90985107421875,-7.475473403930664,70.5728988647461,0.2535739779473204
26,4,-15.251885414123535,72.73663330078125,-8.171871185302734,-92.40022277832031,-7.360526084899902,70.04243469238281,0.25796459878839273
26,5,-15.209211349487305,67.66301727294922,-13.074384689331055,-92.56220245361328,-7.231111526489258,71.95799255371094,0.26146504777024376
26,6,-13.922456741333008,64.0975112915039,-21.7513484954834,-92.05038452148438,-6.370719909667969,77.08796691894531,0.2715697970922419
26,7,-13.606752395629883,63.644859313964844,-24.199445724487305,-92.50704193115234,-6.796688079833984,83.44889831542969,0.2747787172686085
26,8,-12.578497886657715,62.1104850769043,-25.27197265625,-94.26557159423828,-6.868929862976074,82.84955596923828,0.27558903426042336
26,9,-11.491042137145996,61.511558532714844,-25.028587341308594,-95.13307189941406,-6.865074157714844,81.88575744628906,0.274973615293724
26,10,-11.10322093963623,59.95188522338867,-27.101699829101562,-96.01398468017578,-6.699531555175781,81.30780029296875,0.2768456573177701
26,11,-10.978474617004395,58.60572052001953,-28.251766204833984,-96.98881530761719,-6.666749000549316,81.20991516113281,0.2775724548543195
26,12,-10.793851852416992,57.06261444091797,-28.87232208251953,-97.59386444091797,-6.536685943603516,81.02803802490234,0.2772009967670047
26,13,-10.068666458129883,55.406494140625,-28.88382339477539,-97.71150207519531,-6.454488754272461,80.41033172607422,0.275637013369373
26,14,-9.760658264160156,54.44615173339844,-28.8570499420166,-98.8732681274414,-6.511044502258301,79.88075256347656,0.2748666132923084
26,15,-9.992877006530762,53.7271842956543,-28.305458068847656,-99.51925659179688,-6.595462799072266,80.22720336914062,0.2733287409370607
26,16,-10.101197242736816,55.12901306152344,-26.08295249938965,-100.51847839355469,-6.822493553161621,79.12934875488281,0.2711837898271494
26,17,-10.341462135314941,53.81144332885742,-25.60261344909668,-101.8693618774414,-6.877756118774414,78.78177642822266,0.26887301816899156
26,18,-10.638167381286621,54.037353515625,-23.688400268554688,-102.74368286132812,-6.793785095214844,78.1953125,0.265527237523586
26,19,-10.256688117980957,53.597591400146484,-21.920747756958008,-104.40837097167969,-6.833437919616699,77.76904296875,0.26123568732908886
26,20,-10.048870086669922,51.661415100097656,-22.446155548095703,-104.40348815917969,-6.677433967590332,78.21853637695312,0.25986836970045857
26,21,-9.838594436645508,49.54038619995117,-23.49733543395996,-103.8367691040039,-6.442084312438965,77.22699737548828,0.2594365385241412
26,22,-9.802321434020996,50.22098922729492,-21.282432556152344,-104.09718322753906,-6.488558769226074,77.02949523925781,0.2557368738349616
26,23,-10.077197074890137,49.130157470703125,-21.696138381958008,-103.98834228515625,-6.360661506652832,76.44254302978516,0.2552040399510087
26,24,-10.616503715515137,49.63703918457031,-21.717655181884766,-104.1553955078125,-6.47355842590332,75.03529357910156,0.25585721255885263
26,25,-10.406035423278809,49.31467819213867,-22.255096435546875,-104.43678283691406,-6.417881965637207,75.85193634033203,0.2564561184547137
26,26,-10.757497787475586,48.35017776489258,-21.769113540649414,-105.49009704589844,-6.226471900939941,75.38436889648438,0.25379874489956034
26,27,-11.773435592651367,48.54838562011719,-22.153879165649414,-105.62959289550781,-6.379849433898926,75.30937194824219,0.2548283409054446
26,28,-11.510473251342773,48.16161346435547,-21.916248321533203,-107.0446548461914,-6.118821144104004,75.75187683105469,0.2532310701598504
26,29,-11.724454879760742,47.453529357910156,-23.54656219482422,-107.29183959960938,-6.186878204345703,75.37100219726562,0.2556816483419632
26,30,-11.623662948608398,47.41505432128906,-23.366512298583984,-107.6849365234375,-6.069262504577637,75.35511779785156,0.2550815833558908
26,31,-12.172799110412598,46.553001403808594,-23.954307556152344,-107.49526977539062,-6.145008087158203,75.84854125976562,0.2552465555571419
26,32,-12.151479721069336,45.82978820800781,-23.695690155029297,-108.09334564208984,-6.068621635437012,77.60076904296875,0.25343237374299854
26,33,-12.360664367675781,44.80986785888672,-24.505361557006836,-108.38005065917969,-6.035181045532227,76.50411987304688,0.2536505218295267
26,34,-12.715185165405273,44.31243896484375,-24.104049682617188,-108.41624450683594,-6.13424015045166,77.1418685913086,0.25205175674260183
26,35,-12.629098892211914,42.720802307128906,-24.414350509643555,-109.16522216796875,-6.335349082946777,76.26589965820312,0.25010371325921843
26,36,-12.665186882019043,41.87554931640625,-24.774738311767578,-109.68841552734375,-6.445835113525391,75.59224700927734,0.24941928682604436
26,37,-12.429916381835938,41.43032455444336,-25.979923248291016,-109.07070922851562,-6.282137870788574,76.13813781738281,0.25177670838086263
26,38,-12.538531303405762,41.66753387451172,-25.27138900756836,-109.18020629882812,-6.45198917388916,76.15072631835938,0.2504917540161765
26,39,-12.71162223815918,40.69593048095703,-26.484268188476562,-108.13555908203125,-6.109808921813965,75.564453125,0.2522519169742458
26,40,-12.896085739135742,40.36914825439453,-26.166501998901367,-108.35812377929688,-5.9870100021362305,74.98802185058594,0.2509835555224616
26,41,-13.22148609161377,41.13226318359375,-26.019126892089844,-108.2369384765625,-6.137701988220215,72.90351104736328,0.2518150460570639
26,42,-13.898858070373535,41.629905700683594,-24.9945125579834,-108.69972229003906,-6.322061538696289,60.65846252441406,0.25005243390614273
26,43,-13.977530479431152,40.34584045410156,-26.202064514160156,-108.61405944824219,-5.919797420501709,58.44161605834961,0.25090904921677676
26,44,-14.567424774169922,40.4040641784668,-26.10072898864746,-108.46809387207031,-5.94888162612915,59.293575286865234,0.2508376924919998
26,45,-15.89499282836914,42.25251388549805,-27.290916442871094,-107.50227355957031,-5.845443248748779,66.02450561523438,0.2564309467963932
26,46,-18.149248123168945,43.181243896484375,-29.38513946533203,-106.49008178710938,-4.954894542694092,70.88546752929688,0.2623097846095905
26,47,-19.64569664001465,42.1968994140625,-31.39719009399414,-105.40458679199219,-4.677027702331543,66.41625213623047,0.2651951618501045
26,48,-19.163055419921875,41.54762268066406,-31.45360565185547,-106.33836364746094,-4.916621208190918,66.02397155761719,0.2642907639997706
26,49,-8.445014953613281,32.28984832763672,-22.816131591796875,-86.82877349853516,-5.586904525756836,46.935997009277344,0.23841790309696181
27,0,-15.110952377319336,84.41708374023438,-0.7439117431640625,-90.11744689941406,-6.849201202392578,62.160919189453125,0.25558805926563677
27,1,-14.9218111038208,82.1825180053711,0.8836193084716797,-92.06037902832031,-7.2083740234375,63.794952392578125,0.25066524773551946
27,2,-14.529304504394531,78.1373519897461,-1.1494216918945312,-93.42772674560547,-7.190314292907715,65.76358032226562,0.2504030183237171
27,3,-15.160913467407227,75.65441131591797,-4.133061408996582,-92.90985107421875,-7.475473403930664,70.5728988647461,0.2535739779473204
27,4,-15.251885414123535,72.73663330078125,-8.171871185302734,-92.40022277832031,-7.360526084899902,70.04243469238281,0.25796459878839273
27,5,-15.209211349487305,67.66301727294922,-13.074384689331055,-92.56220245361328,-7.231111526489258,71.95799255371094,0.26146504777024376
27,6,-13.922456741333008,64.0975112915039,-21.7513484954834,-92.05038452148438,-6.370719909667969,77.08796691894531,0.2715697970922419
27,7,-13.606752395629883,63.644859313964844,-24.199445724487305,-92.50704193115234,-6.796688079833984,83.44889831542969,0.2747787172686085
27,8,-12.578497886657715,62.1104850769043,-25.27197265625,-94.26557159423828,-6.868929862976074,82.84955596923828,0.27558903426042336
27,9,-11.491042137145996,61.511558532714844,-25.028587341308594,-95.13307189941406,-6.865074157714844,81.88575744628906,0.274973615293724
27,10,-11.10322093963623,59.95188522338867,-27.101699829101562,-96.01398468017578,-6.699531555175781,81.30780029296875,0.2768456573177701
27,11,-10.978474617004395,58.60572052001953,-28.251766204833984,-96.98881530761719,-6.666749000549316,81.20991516113281,0.2775724548543195
27,12,-10.793851852416992,57.06261444091797,-28.87232208251953,-97.59386444091797,-6.536685943603516,81.02803802490234,0.2772009967670047
27,13,-10.068666458129883,55.406494140625,-28.88382339477539,-97.71150207519531,-6.454488754272461,80.41033172607422,0.275637013369373
27,14,-9.760658264160156,54.44615173339844,-28.8570499420166,-98.8732681274414,-6.511044502258301,79.88075256347656,0.2748666132923084
27,15,-9.992877006530762,53.7271842956543,-28.305458068847656,-99.51925659179688,-6.595462799072266,80.22720336914062,0.2733287409370607
27,16,-10.101197242736816,55.12901306152344,-26.08295249938965,-100.51847839355469,-6.822493553161621,79.12934875488281,0.2711837898271494
27,17,-10.341462135314941,53.81144332885742,-25.60261344909668,-101.8693618774414,-6.877756118774414,78.78177642822266,0.26887301816899156
27,18,-10.638167381286621,54.037353515625,-23.688400268554688,-102.74368286132812,-6.793785095214844,78.1953125,0.265527237523586
27,19,-10.256688117980957,53.597591400146484,-21.920747756958008,-104.40837097167969,-6.833437919616699,77.76904296875,0.26123568732908886
27,20,-10.048870086669922,51.661415100097656,-22.446155548095703,-104.40348815917969,-6.677433967590332,78.21853637695312,0.25986836970045857
27,21,-9.838594436645508,49.54038619995117,-23.49733543395996,-103.8367691040039,-6.442084312438965,77.22699737548828,0.2594365385241412
27,22,-9.802321434020996,50.22098922729492,-21.282432556152344,-104.09718322753906,-6.488558769226074,77.02949523925781,0.2557368738349616
27,23,-10.077197074890137,49.130157470703125,-21.696138381958008,-103.98834228515625,-6.360661506652832,76.44254302978516,0.2552040399510087
27,24,-10.616503715515137,49.63703918457031,-21.717655181884766,-104.1553955078125,-6.47355842590332,75.03529357910156,0.25585721255885263
27,25,-10.406035423278809,49.31467819213867,-22.255096435546875,-104.43678283691406,-6.417881965637207,75.85193634033203,0.2564561184547137
27,26,-10.757497787475586,48.35017776489258,-21.769113540649414,-105.49009704589844,-6.226471900939941,75.38436889648438,0.25379874489956034
27,27,-11.773435592651367,48.54838562011719,-22.153879165649414,-105.62959289550781,-6.379849433898926,75.30937194824219,0.2548283409054446
27,28,-11.510473251342773,48.16161346435547,-21.916248321533203,-107.0446548461914,-6.118821144104004,75.75187683105469,0.2532310701598504
27,29,-11.724454879760742,47.453529357910156,-23.54656219482422,-107.29183959960938,-6.186878204345703,75.37100219726562,0.2556816483419632
27,30,-11.623662948608398,47.41505432128906,-23.366512298583984,-107.6849365234375,-6.069262504577637,75.35511779785156,0.2550815833558908
27,31,-12.172799110412598,46.553001403808594,-23.954307556152344,-107.49526977539062,-6.145008087158203,75.84854125976562,0.2552465555571419
27,32,-12.151479721069336,45.82978820800781,-23.695690155029297,-108.09334564208984,-6.068621635437012,77.60076904296875,0.25343237374299854
27,33,-12.360664367675781,44.80986785888672,-24.505361557006836,-108.38005065917969,-6.035181045532227,76.50411987304688,0.2536505218295267
27,34,-12.715185165405273,44.31243896484375,-24.104049682617188,-108.41624450683594,-6.13424015045166,77.1418685913086,0.25205175674260183
27,35,-12.629098892211914,42.720802307128906,-24.414350509643555,-109.16522216796875,-6.335349082946777,76.26589965820312,0.25010371325921843
27,36,-12.665186882019043,41.87554931640625,-24.774738311767578,-109.68841552734375,-6.445835113525391,75.59224700927734,0.24941928682604436
27,37,-12.429916381835938,41.43032455444336,-25.979923248291016,-109.07070922851562,-6.282137870788574,76.13813781738281,0.25177670838086263
27,38,-12.538531303405762,41.66753387451172,-25.27138900756836,-109.18020629882812,-6.45198917388916,76.15072631835938,0.2504917540161765
27,39,-12.71162223815918,40.69593048095703,-26.484268188476562,-108.13555908203125,-6.109808921813965,75.564453125,0.2522519169742458
27,40,-12.896085739135742,40.36914825439453,-26.166501998901367,-108.35812377929688,-5.9870100021362305,74.98802185058594,0.2509835555224616
27,41,-13.22148609161377,41.13226318359375,-26.019126892089844,-108.2369384765625,-6.137701988220215,72.90351104736328,0.2518150460570639
27,42,-13.898858070373535,41.629905700683594,-24.9945125579834,-108.69972229003906,-6.322061538696289,60.65846252441406,0.25005243390614273
27,43,-13.977530479431152,40.34584045410156,-26.202064514160156,-108.61405944824219,-5.919797420501709,58.44161605834961,0.25090904921677676
27,44,-14.567424774169922,40.4040641784668,-26.10072898864746,-108.46809387207031,-5.94888162612915,59.293575286865234,0.2508376924919998
27,45,-15.89499282836914,42.25251388549805,-27.290916442871094,-107.50227355957031,-5.845443248748779,66.02450561523438,0.2564309467963932
27,46,-18.149248123168945,43.181243896484375,-29.38513946533203,-106.49008178710938,-4.954894542694092,70.88546752929688,0.2623097846095905
27,47,-19.64569664001465,42.1968994140625,-31.39719009399414,-105.40458679199219,-4.677027702331543,66.41625213623047,0.2651951618501045
27,48,-19.163055419921875,41.54762268066406,-31.45360565185547,-106.33836364746094,-4.916621208190918,66.02397155761719,0.2642907639997706
27,49,-8.445014953613281,32.28984832763672,-22.816131591796875,-86.82877349853516,-5.586904525756836,46.935997009277344,0.23841790309696181
28,0,-15.110952377319336,84.41708374023438,-0.7439117431640625,-90.11744689941406,-6.849201202392578,62.160919189453125,0.25558805926563677
28,1,-14.9218111038208,82.1825180053711,0.8836193084716797,-92.06037902832031,-7.2083740234375,63.794952392578125,0.25066524773551946
28,2,-14.529304504394531,78.1373519897461,-1.1494216918945312,-93.42772674560547,-7.190314292907715,65.76358032226562,0.2504030183237171
28,3,-15.160913467407227,75.65441131591797,-4.133061408996582,-92.90985107421875,-7.475473403930664,70.5728988647461,0.2535739779473204
28,4,-15.251885414123535,72.73663330078125,-8.171871185302734,-92.40022277832031,-7.360526084899902,70.04243469238281,0.25796459878839273
28,5,-15.209211349487305,67.66301727294922,-13.074384689331055,-92.56220245361328,-7.231111526489258,71.95799255371094,0.26146504777024376
28,6,-13.922456741333008,64.0975112915039,-21.7513484954834,-92.05038452148438,-6.370719909667969,77.08796691894531,0.2715697970922419
28,7,-13.606752395629883,63.644859313964844,-24.199445724487305,-92.50704193115234,-6.796688079833984,83.44889831542969,0.2747787172686085
28,8,-12.578497886657715,62.1104850769043,-25.27197265625,-94.26557159423828,-6.868929862976074,82.84955596923828,0.27558903426042336
28,9,-11.491042137145996,61.511558532714844,-25.028587341308594,-95.13307189941406,-6.865074157714844,81.88575744628906,0.274973615293724
28,10,-11.10322093963623,59.95188522338867,-27.101699829101562,-96.01398468017578,-6.699531555175781,81.30780029296875,0.2768456573177701
28,11,-10.978474617004395,58.60572052001953,-28.251766204833984,-96.98881530761719,-6.666749000549316,81.20991516113281,0.2775724548543195
28,12,-10.793851852416992,57.06261444091797,-28.87232208251953,-97.59386444091797,-6.536685943603516,81.02803802490234,0.2772009967670047
28,13,-10.068666458129883,55.406494140625,-28.88382339477539,-97.71150207519531,-6.454488754272461,80.41033172607422,0.275637013369373
28,14,-9.760658264160156,54.44615173339844,-28.8570499420166,-98.8732681274414,-6.511044502258301,79.88075256347656,0.2748666132923084
28,15,-9.992877006530762,53.7271842956543,-28.305458068847656,-99.51925659179688,-6.595462799072266,80.22720336914062,0.2733287409370607
28,16,-10.101197242736816,55.12901306152344,-26.08295249938965,-100.51847839355469,-6.822493553161621,79.12934875488281,0.2711837898271494
28,17,-10.341462135314941,53.81144332885742,-25.60261344909668,-101.8693618774414,-6.877756118774414,78.78177642822266,0.26887301816899156
28,18,-10.638167381286621,54.037353515625,-23.688400268554688,-102.74368286132812,-6.793785095214844,78.1953125,0.265527237523586
28,19,-10.256688117980957,53.597591400146484,-21.920747756958008,-104.40837097167969,-6.833437919616699,77.76904296875,0.26123568732908886
28,20,-10.048870086669922,51.661415100097656,-22.446155548095703,-104.40348815917969,-6.677433967590332,78.21853637695312,0.25986836970045857
28,21,-9.838594436645508,49.54038619995117,-23.49733543395996,-103.8367691040039,-6.442084312438965,77.22699737548828,0.2594365385241412
28,22,-9.802321434020996,50.22098922729492,-21.282432556152344,-104.09718322753906,-6.488558769226074,77.02949523925781,0.2557368738349616
28,23,-10.077197074890137,49.130157470703125,-21.696138381958008,-103.98834228515625,-6.360661506652832,76.44254302978516,0.2552040399510087
28,24,-10.616503715515137,49.63703918457031,-21.717655181884766,-104.1553955078125,-6.47355842590332,75.03529357910156,0.25585721255885263
28,25,-10.406035423278809,49.31467819213867,-22.255096435546875,-104.43678283691406,-6.417881965637207,75.85193634033203,0.2564561184547137
28,26,-10.757497787475586,48.35017776489258,-21.769113540649414,-105.49009704589844,-6.226471900939941,75.38436889648438,0.25379874489956034
28,27,-11.773435592651367,48.54838562011719,-22.153879165649414,-105.62959289550781,-6.379849433898926,75.30937194824219,0.2548283409054446
28,28,-11.510473251342773,48.16161346435547,-21.916248321533203,-107.0446548461914,-6.118821144104004,75.75187683105469,0.2532310701598504
28,29,-11.724454879760742,47.453529357910156,-23.54656219482422,-107.29183959960938,-6.186878204345703,75.37100219726562,0.2556816483419632
28,30,-11.623662948608398,47.41505432128906,-23.366512298583984,-107.6849365234375,-6.069262504577637,75.35511779785156,0.2550815833558908
28,31,-12.172799110412598,46.553001403808594,-23.954307556152344,-107.49526977539062,-6.145008087158203,75.84854125976562,0.2552465555571419
28,32,-12.151479721069336,45.82978820800781,-23.695690155029297,-108.09334564208984,-6.068621635437012,77.60076904296875,0.25343237374299854
28,33,-12.360664367675781,44.80986785888672,-24.505361557006836,-108.38005065917969,-6.035181045532227,76.50411987304688,0.2536505218295267
28,34,-12.715185165405273,44.31243896484375,-24.104049682617188,-108.41624450683594,-6.13424015045166,77.1418685913086,0.25205175674260183
28,35,-12.629098892211914,42.720802307128906,-24.414350509643555,-109.16522216796875,-6.335349082946777,76.26589965820312,0.25010371325921843
28,36,-12.665186882019043,41.87554931640625,-24.774738311767578,-109.68841552734375,-6.445835113525391,75.59224700927734,0.24941928682604436
28,37,-12.429916381835938,41.43032455444336,-25.979923248291016,-109.07070922851562,-6.282137870788574,76.13813781738281,0.25177670838086263
28,38,-12.538531303405762,41.66753387451172,-25.27138900756836,-109.18020629882812,-6.45198917388916,76.15072631835938,0.2504917540161765
28,39,-12.71162223815918,40.69593048095703,-26.484268188476562,-108.13555908203125,-6.109808921813965,75.564453125,0.2522519169742458
28,40,-12.896085739135742,40.36914825439453,-26.166501998901367,-108.35812377929688,-5.9870100021362305,74.98802185058594,0.2509835555224616
28,41,-13.22148609161377,41.13226318359375,-26.019126892089844,-108.2369384765625,-6.137701988220215,72.90351104736328,0.2518150460570639
28,42,-13.898858070373535,41.629905700683594,-24.9945125579834,-108.69972229003906,-6.322061538696289,60.65846252441406,0.25005243390614273
28,43,-13.977530479431152,40.34584045410156,-26.202064514160156,-108.61405944824219,-5.919797420501709,58.44161605834961,0.25090904921677676
28,44,-14.567424774169922,40.4040641784668,-26.10072898864746,-108.46809387207031,-5.94888162612915,59.293575286865234,0.2508376924919998
28,45,-15.89499282836914,42.25251388549805,-27.290916442871094,-107.50227355957031,-5.845443248748779,66.02450561523438,0.2564309467963932
28,46,-18.149248123168945,43.181243896484375,-29.38513946533203,-106.49008178710938,-4.954894542694092,70.88546752929688,0.2623097846095905
28,47,-19.64569664001465,42.1968994140625,-31.39719009399414,-105.40458679199219,-4.677027702331543,66.41625213623047,0.2651951618501045
28,48,-19.163055419921875,41.54762268066406,-31.45360565185547,-106.33836364746094,-4.916621208190918,66.02397155761719,0.2642907639997706
28,49,-8.445014953613281,32.28984832763672,-22.816131591796875,-86.82877349853516,-5.586904525756836,46.935997009277344,0.23841790309696181
29,0,-15.110952377319336,84.41708374023438,-0.7439117431640625,-90.11744689941406,-6.849201202392578,62.160919189453125,0.25558805926563677
29,1,-14.9218111038208,82.1825180053711,0.8836193084716797,-92.06037902832031,-7.2083740234375,63.794952392578125,0.25066524773551946
29,2,-14.529304504394531,78.1373519897461,-1.1494216918945312,-93.42772674560547,-7.190314292907715,65.76358032226562,0.2504030183237171
29,3,-15.160913467407227,75.65441131591797,-4.133061408996582,-92.90985107421875,-7.475473403930664,70.5728988647461,0.2535739779473204
29,4,-15.251885414123535,72.73663330078125,-8.171871185302734,-92.40022277832031,-7.360526084899902,70.04243469238281,0.25796459878839273
29,5,-15.209211349487305,67.66301727294922,-13.074384689331055,-92.56220245361328,-7.231111526489258,71.95799255371094,0.26146504777024376
29,6,-13.922456741333008,64.0975112915039,-21.7513484954834,-92.05038452148438,-6.370719909667969,77.08796691894531,0.2715697970922419
29,7,-13.606752395629883,63.644859313964844,-24.199445724487305,-92.50704193115234,-6.796688079833984,83.44889831542969,0.2747787172686085
29,8,-12.578497886657715,62.1104850769043,-25.27197265625,-94.26557159423828,-6.868929862976074,82.84955596923828,0.27558903426042336
29,9,-11.491042137145996,61.511558532714844,-25.028587341308594,-95.13307189941406,-6.865074157714844,81.88575744628906,0.274973615293724
29,10,-11.10322093963623,59.95188522338867,-27.101699829101562,-96.01398468017578,-6.699531555175781,81.30780029296875,0.2768456573177701
29,11,-10.978474617004395,58.60572052001953,-28.251766204833984,-96.98881530761719,-6.666749000549316,81.20991516113281,0.2775724548543195
29,12,-10.793851852416992,57.06261444091797,-28.87232208251953,-97.59386444091797,-6.536685943603516,81.02803802490234,0.2772009967670047
29,13,-10.068666458129883,55.406494140625,-28.88382339477539,-97.71150207519531,-6.454488754272461,80.41033172607422,0.275637013369373
29,14,-9.760658264160156,54.44615173339844,-28.8570499420166,-98.8732681274414,-6.511044502258301,79.88075256347656,0.2748666132923084
29,15,-9.992877006530762,53.7271842956543,-28.305458068847656,-99.51925659179688,-6.595462799072266,80.22720336914062,0.2733287409370607
29,16,-10.101197242736816,55.12901306152344,-26.08295249938965,-100.51847839355469,-6.822493553161621,79.12934875488281,0.2711837898271494
29,17,-10.341462135314941,53.81144332885742,-25.60261344909668,-101.8693618774414,-6.877756118774414,78.78177642822266,0.26887301816899156
29,18,-10.638167381286621,54.037353515625,-23.688400268554688,-102.74368286132812,-6.793785095214844,78.1953125,0.265527237523586
29,19,-10.256688117980957,53.597591400146484,-21.920747756958008,-104.40837097167969,-6.833437919616699,77.76904296875,0.26123568732908886
29,20,-10.048870086669922,51.661415100097656,-22.446155548095703,-104.40348815917969,-6.677433967590332,78.21853637695312,0.25986836970045857
29,21,-9.838594436645508,49.54038619995117,-23.49733543395996,-103.8367691040039,-6.442084312438965,77.22699737548828,0.2594365385241412
29,22,-9.802321434020996,50.22098922729492,-21.282432556152344,-104.09718322753906,-6.488558769226074,77.02949523925781,0.2557368738349616
29,23,-10.077197074890137,49.130157470703125,-21.696138381958008,-103.98834228515625,-6.360661506652832,76.44254302978516,0.2552040399510087
29,24,-10.616503715515137,49.63703918457031,-21.717655181884766,-104.1553955078125,-6.47355842590332,75.03529357910156,0.25585721255885263
29,25,-10.406035423278809,49.31467819213867,-22.255096435546875,-104.43678283691406,-6.417881965637207,75.85193634033203,0.2564561184547137
29,26,-10.757497787475586,48.35017776489258,-21.769113540649414,-105.49009704589844,-6.226471900939941,75.38436889648438,0.25379874489956034
29,27,-11.773435592651367,48.54838562011719,-22.153879165649414,-105.62959289550781,-6.379849433898926,75.30937194824219,0.2548283409054446
29,28,-11.510473251342773,48.16161346435547,-21.916248321533203,-107.0446548461914,-6.118821144104004,75.75187683105469,0.2532310701598504
29,29,-11.724454879760742,47.453529357910156,-23.54656219482422,-107.29183959960938,-6.186878204345703,75.37100219726562,0.2556816483419632
29,30,-11.623662948608398,47.41505432128906,-23.366512298583984,-107.6849365234375,-6.069262504577637,75.35511779785156,0.2550815833558908
29,31,-12.172799110412598,46.553001403808594,-23.954307556152344,-107.49526977539062,-6.145008087158203,75.84854125976562,0.2552465555571419
29,32,-12.151479721069336,45.82978820800781,-23.695690155029297,-108.09334564208984,-6.068621635437012,77.60076904296875,0.25343237374299854
29,33,-12.360664367675781,44.80986785888672,-24.505361557006836,-108.38005065917969,-6.035181045532227,76.50411987304688,0.2536505218295267
29,34,-12.715185165405273,44.31243896484375,-24.104049682617188,-108.41624450683594,-6.13424015045166,77.1418685913086,0.25205175674260183
29,35,-12.629098892211914,42.720802307128906,-24.414350509643555,-109.16522216796875,-6.335349082946777,76.26589965820312,0.25010371325921843
29,36,-12.665186882019043,41.87554931640625,-24.774738311767578,-109.68841552734375,-6.445835113525391,75.59224700927734,0.24941928682604436
29,37,-12.429916381835938,41.43032455444336,-25.979923248291016,-109.07070922851562,-6.282137870788574,76.13813781738281,0.25177670838086263
29,38,-12.538531303405762,41.66753387451172,-25.27138900756836,-109.18020629882812,-6.45198917388916,76.15072631835938,0.2504917540161765
29,39,-12.71162223815918,40.69593048095703,-26.484268188476562,-108.13555908203125,-6.109808921813965,75.564453125,0.2522519169742458
29,40,-12.896085739135742,40.36914825439453,-26.166501998901367,-108.35812377929688,-5.9870100021362305,74.98802185058594,0.2509835555224616
29,41,-13.22148609161377,41.13226318359375,-26.019126892089844,-108.2369384765625,-6.137701988220215,72.90351104736328,0.2518150460570639
29,42,-13.898858070373535,41.629905700683594,-24.9945125579834,-108.69972229003906,-6.322061538696289,60.65846252441406,0.25005243390614273
29,43,-13.977530479431152,40.34584045410156,-26.202064514160156,-108.61405944824219,-5.919797420501709,58.44161605834961,0.25090904921677676
29,44,-14.567424774169922,40.4040641784668,-26.10072898864746,-108.46809387207031,-5.94888162612915,59.293575286865234,0.2508376924919998
29,45,-15.89499282836914,42.25251388549805,-27.290916442871094,-107.50227355957031,-5.845443248748779,66.02450561523438,0.2564309467963932
29,46,-18.149248123168945,43.181243896484375,-29.38513946533203,-106.49008178710938,-4.954894542694092,70.88546752929688,0.2623097846095905
29,47,-19.64569664001465,42.1968994140625,-31.39719009399414,-105.40458679199219,-4.677027702331543,66.41625213623047,0.2651951618501045
29,48,-19.163055419921875,41.54762268066406,-31.45360565185547,-106.33836364746094,-4.916621208190918,66.02397155761719,0.2642907639997706
29,49,-8.445014953613281,32.28984832763672,-22.816131591796875,-86.82877349853516,-5.586904525756836,46.935997009277344,0.23841790309696181
30,0,-15.110952377319336,84.41708374023438,-0.7439117431640625,-90.11744689941406,-6.849201202392578,62.160919189453125,0.25558805926563677
30,1,-14.9218111038208,82.1825180053711,0.8836193084716797,-92.06037902832031,-7.2083740234375,63.794952392578125,0.25066524773551946
30,2,-14.529304504394531,78.1373519897461,-1.1494216918945312,-93.42772674560547,-7.190314292907715,65.76358032226562,0.2504030183237171
30,3,-15.160913467407227,75.65441131591797,-4.133061408996582,-92.90985107421875,-7.475473403930664,70.5728988647461,0.2535739779473204
30,4,-15.251885414123535,72.73663330078125,-8.171871185302734,-92.40022277832031,-7.360526084899902,70.04243469238281,0.25796459878839273
30,5,-15.209211349487305,67.66301727294922,-13.074384689331055,-92.56220245361328,-7.231111526489258,71.95799255371094,0.26146504777024376
30,6,-13.922456741333008,64.0975112915039,-21.7513484954834,-92.05038452148438,-6.370719909667969,77.08796691894531,0.2715697970922419
30,7,-13.606752395629883,63.644859313964844,-24.199445724487305,-92.50704193115234,-6.796688079833984,83.44889831542969,0.2747787172686085
30,8,-12.578497886657715,62.1104850769043,-25.27197265625,-94.26557159423828,-6.868929862976074,82.84955596923828,0.27558903426042336
30,9,-11.491042137145996,61.511558532714844,-25.028587341308594,-95.13307189941406,-6.865074157714844,81.88575744628906,0.274973615293724
30,10,-11.10322093963623,59.95188522338867,-27.101699829101562,-96.01398468017578,-6.699531555175781,81.30780029296875,0.2768456573177701
30,11,-10.978474617004395,58.60572052001953,-28.251766204833984,-96.98881530761719,-6.666749000549316,81.20991516113281,0.2775724548543195
30,12,-10.793851852416992,57.06261444091797,-28.87232208251953,-97.59386444091797,-6.536685943603516,81.02803802490234,0.2772009967670047
30,13,-10.068666458129883,55.406494140625,-28.88382339477539,-97.71150207519531,-6.454488754272461,80.41033172607422,0.275637013369373
30,14,-9.760658264160156,54.44615173339844,-28.8570499420166,-98.8732681274414,-6.511044502258301,79.88075256347656,0.2748666132923084
30,15,-9.992877006530762,53.7271842956543,-28.305458068847656,-99.51925659179688,-6.595462799072266,80.22720336914062,0.2733287409370607
30,16,-10.101197242736816,55.12901306152344,-26.08295249938965,-100.51847839355469,-6.822493553161621,79.12934875488281,0.2711837898271494
30,17,-10.341462135314941,53.81144332885742,-25.60261344909668,-101.8693618774414,-6.877756118774414,78.78177642822266,0.26887301816899156
30,18,-10.638167381286621,54.037353515625,-23.688400268554688,-102.74368286132812,-6.793785095214844,78.1953125,0.265527237523586
30,19,-10.256688117980957,53.597591400146484,-21.920747756958008,-104.40837097167969,-6.833437919616699,77.76904296875,0.26123568732908886
30,20,-10.048870086669922,51.661415100097656,-22.446155548095703,-104.40348815917969,-6.677433967590332,78.21853637695312,0.25986836970045857
30,21,-9.838594436645508,49.54038619995117,-23.49733543395996,-103.8367691040039,-6.442084312438965,77.22699737548828,0.2594365385241412
30,22,-9.802321434020996,50.22098922729492,-21.282432556152344,-104.09718322753906,-6.488558769226074,77.02949523925781,0.2557368738349616
30,23,-10.077197074890137,49.130157470703125,-21.696138381958008,-103.98834228515625,-6.360661506652832,76.44254302978516,0.2552040399510087
30,24,-10.616503715515137,49.63703918457031,-21.717655181884766,-104.1553955078125,-6.47355842590332,75.03529357910156,0.25585721255885263
30,25,-10.406035423278809,49.31467819213867,-22.255096435546875,-104.43678283691406,-6.417881965637207,75.85193634033203,0.2564561184547137
30,26,-10.757497787475586,48.35017776489258,-21.769113540649414,-105.49009704589844,-6.226471900939941,75.38436889648438,0.25379874489956034
30,27,-11.773435592651367,48.54838562011719,-22.153879165649414,-105.62959289550781,-6.379849433898926,75.30937194824219,0.2548283409054446
30,28,-11.510473251342773,48.16161346435547,-21.916248321533203,-107.0446548461914,-6.118821144104004,75.75187683105469,0.2532310701598504
30,29,-11.724454879760742,47.453529357910156,-23.54656219482422,-107.29183959960938,-6.186878204345703,75.37100219726562,0.2556816483419632
30,30,-11.623662948608398,47.41505432128906,-23.366512298583984,-107.6849365234375,-6.069262504577637,75.35511779785156,0.2550815833558908
30,31,-12.172799110412598,46.553001403808594,-23.954307556152344,-107.49526977539062,-6.145008087158203,75.84854125976562,0.2552465555571419
30,32,-12.151479721069336,45.82978820800781,-23.695690155029297,-108.09334564208984,-6.068621635437012,77.60076904296875,0.25343237374299854
30,33,-12.360664367675781,44.80986785888672,-24.505361557006836,-108.38005065917969,-6.035181045532227,76.50411987304688,0.2536505218295267
30,34,-12.715185165405273,44.31243896484375,-24.104049682617188,-108.41624450683594,-6.13424015045166,77.1418685913086,0.25205175674260183
30,35,-12.629098892211914,42.720802307128906,-24.414350509643555,-109.16522216796875,-6.335349082946777,76.26589965820312,0.25010371325921843
30,36,-12.665186882019043,41.87554931640625,-24.774738311767578,-109.68841552734375,-6.445835113525391,75.59224700927734,0.24941928682604436
30,37,-12.429916381835938,41.43032455444336,-25.979923248291016,-109.07070922851562,-6.282137870788574,76.13813781738281,0.25177670838086263
30,38,-12.538531303405762,41.66753387451172,-25.27138900756836,-109.18020629882812,-6.45198917388916,76.15072631835938,0.2504917540161765
30,39,-12.71162223815918,40.69593048095703,-26.484268188476562,-108.13555908203125,-6.109808921813965,75.564453125,0.2522519169742458
30,40,-12.896085739135742,40.36914825439453,-26.166501998901367,-108.35812377929688,-5.9870100021362305,74.98802185058594,0.2509835555224616
30,41,-13.22148609161377,41.13226318359375,-26.019126892089844,-108.2369384765625,-6.137701988220215,72.90351104736328,0.2518150460570639
30,42,-13.898858070373535,41.629905700683594,-24.9945125579834,-108.69972229003906,-6.322061538696289,60.65846252441406,0.25005243390614273
30,43,-13.977530479431152,40.34584045410156,-26.202064514160156,-108.61405944824219,-5.919797420501709,58.44161605834961,0.25090904921677676
30,44,-14.567424774169922,40.4040641784668,-26.10072898864746,-108.46809387207031,-5.94888162612915,59.293575286865234,0.2508376924919998
30,45,-15.89499282836914,42.25251388549805,-27.290916442871094,-107.50227355957031,-5.845443248748779,66.02450561523438,0.2564309467963932
30,46,-18.149248123168945,43.181243896484375,-29.38513946533203,-106.49008178710938,-4.954894542694092,70.88546752929688,0.2623097846095905
30,47,-19.64569664001465,42.1968994140625,-31.39719009399414,-105.40458679199219,-4.677027702331543,66.41625213623047,0.2651951618501045
30,48,-19.163055419921875,41.54762268066406,-31.45360565185547,-106.33836364746094,-4.916621208190918,66.02397155761719,0.2642907639997706
30,49,-8.445014953613281,32.28984832763672,-22.816131591796875,-86.82877349853516,-5.586904525756836,46.935997009277344,0.23841790309696181
31,0,-15.110952377319336,84.41708374023438,-0.7439117431640625,-90.11744689941406,-6.849201202392578,62.160919189453125,0.25558805926563677
31,1,-14.9218111038208,82.1825180053711,0.8836193084716797,-92.06037902832031,-7.2083740234375,63.794952392578125,0.25066524773551946
31,2,-14.529304504394531,78.1373519897461,-1.1494216918945312,-93.42772674560547,-7.190314292907715,65.76358032226562,0.2504030183237171
31,3,-15.160913467407227,75.65441131591797,-4.133061408996582,-92.90985107421875,-7.475473403930664,70.5728988647461,0.2535739779473204
31,4,-15.251885414123535,72.73663330078125,-8.171871185302734,-92.40022277832031,-7.360526084899902,70.04243469238281,0.25796459878839273
31,5,-15.209211349487305,67.66301727294922,-13.074384689331055,-92.56220245361328,-7.231111526489258,71.95799255371094,0.26146504777024376
31,6,-13.922456741333008,64.0975112915039,-21.7513484954834,-92.05038452148438,-6.370719909667969,77.08796691894531,0.2715697970922419
31,7,-13.606752395629883,63.644859313964844,-24.199445724487305,-92.50704193115234,-6.796688079833984,83.44889831542969,0.2747787172686085
31,8,-12.578497886657715,62.1104850769043,-25.27197265625,-94.26557159423828,-6.868929862976074,82.84955596923828,0.27558903426042336
31,9,-11.491042137145996,61.511558532714844,-25.028587341308594,-95.13307189941406,-6.865074157714844,81.88575744628906,0.274973615293724
31,10,-11.10322093963623,59.95188522338867,-27.101699829101562,-96.01398468017578,-6.699531555175781,81.30780029296875,0.2768456573177701
31,11,-10.978474617004395,58.60572052001953,-28.251766204833984,-96.98881530761719,-6.666749000549316,81.20991516113281,0.2775724548543195
31,12,-10.793851852416992,57.06261444091797,-28.87232208251953,-97.59386444091797,-6.536685943603516,81.02803802490234,0.2772009967670047
31,13,-10.068666458129883,55.406494140625,-28.88382339477539,-97.71150207519531,-6.454488754272461,80.41033172607422,0.275637013369373
31,14,-9.760658264160156,54.44615173339844,-28.8570499420166,-98.8732681274414,-6.511044502258301,79.88075256347656,0.2748666132923084
31,15,-9.992877006530762,53.7271842956543,-28.305458068847656,-99.51925659179688,-6.595462799072266,80.22720336914062,0.2733287409370607
31,16,-10.101197242736816,55.12901306152344,-26.08295249938965,-100.51847839355469,-6.822493553161621,79.12934875488281,0.2711837898271494
31,17,-10.341462135314941,53.81144332885742,-25.60261344909668,-101.8693618774414,-6.877756118774414,78.78177642822266,0.26887301816899156
31,18,-10.638167381286621,54.037353515625,-23.688400268554688,-102.74368286132812,-6.793785095214844,78.1953125,0.265527237523586
31,19,-10.256688117980957,53.597591400146484,-21.920747756958008,-104.40837097167969,-6.833437919616699,77.76904296875,0.26123568732908886
31,20,-10.048870086669922,51.661415100097656,-22.446155548095703,-104.40348815917969,-6.677433967590332,78.21853637695312,0.25986836970045857
31,21,-9.838594436645508,49.54038619995117,-23.49733543395996,-103.8367691040039,-6.442084312438965,77.22699737548828,0.2594365385241412
31,22,-9.802321434020996,50.22098922729492,-21.282432556152344,-104.09718322753906,-6.488558769226074,77.02949523925781,0.2557368738349616
31,23,-10.077197074890137,49.130157470703125,-21.696138381958008,-103.98834228515625,-6.360661506652832,76.44254302978516,0.2552040399510087
31,24,-10.616503715515137,49.63703918457031,-21.717655181884766,-104.1553955078125,-6.47355842590332,75.03529357910156,0.25585721255885263
31,25,-10.406035423278809,49.31467819213867,-22.255096435546875,-104.43678283691406,-6.417881965637207,75.85193634033203,0.2564561184547137
31,26,-10.757497787475586,48.35017776489258,-21.769113540649414,-105.49009704589844,-6.226471900939941,75.38436889648438,0.25379874489956034
31,27,-11.773435592651367,48.54838562011719,-22.153879165649414,-105.62959289550781,-6.379849433898926,75.30937194824219,0.2548283409054446
31,28,-11.510473251342773,48.16161346435547,-21.916248321533203,-107.0446548461914,-6.118821144104004,75.75187683105469,0.2532310701598504
31,29,-11.724454879760742,47.453529357910156,-23.54656219482422,-107.29183959960938,-6.186878204345703,75.37100219726562,0.2556816483419632
31,30,-11.623662948608398,47.41505432128906,-23.366512298583984,-107.6849365234375,-6.069262504577637,75.35511779785156,0.2550815833558908
31,31,-12.172799110412598,46.553001403808594,-23.954307556152344,-107.49526977539062,-6.145008087158203,75.84854125976562,0.2552465555571419
31,32,-12.151479721069336,45.82978820800781,-23.695690155029297,-108.09334564208984,-6.068621635437012,77.60076904296875,0.25343237374299854
31,33,-12.360664367675781,44.80986785888672,-24.505361557006836,-108.38005065917969,-6.035181045532227,76.50411987304688,0.2536505218295267
31,34,-12.715185165405273,44.31243896484375,-24.104049682617188,-108.41624450683594,-6.13424015045166,77.1418685913086,0.25205175674260183
31,35,-12.629098892211914,42.720802307128906,-24.414350509643555,-109.16522216796875,-6.335349082946777,76.26589965820312,0.25010371325921843
31,36,-12.665186882019043,41.87554931640625,-24.774738311767578,-109.68841552734375,-6.445835113525391,75.59224700927734,0.24941928682604436
31,37,-12.429916381835938,41.43032455444336,-25.979923248291016,-109.07070922851562,-6.282137870788574,76.13813781738281,0.25177670838086263
31,38,-12.538531303405762,41.66753387451172,-25.27138900756836,-109.18020629882812,-6.45198917388916,76.15072631835938,0.2504917540161765
31,39,-12.71162223815918,40.69593048095703,-26.484268188476562,-108.13555908203125,-6.109808921813965,75.564453125,0.2522519169742458
31,40,-12.896085739135742,40.36914825439453,-26.166501998901367,-108.35812377929688,-5.9870100021362305,74.98802185058594,0.2509835555224616
31,41,-13.22148609161377,41.13226318359375,-26.019126892089844,-108.2369384765625,-6.137701988220215,72.90351104736328,0.2518150460570639
31,42,-13.898858070373535,41.629905700683594,-24.9945125579834,-108.69972229003906,-6.322061538696289,60.65846252441406,0.25005243390614273
31,43,-13.977530479431152,40.34584045410156,-26.202064514160156,-108.61405944824219,-5.919797420501709,58.44161605834961,0.25090904921677676
31,44,-14.567424774169922,40.4040641784668,-26.10072898864746,-108.46809387207031,-5.94888162612915,59.293575286865234,0.2508376924919998
31,45,-15.89499282836914,42.25251388549805,-27.290916442871094,-107.50227355957031,-5.845443248748779,66.02450561523438,0.2564309467963932
31,46,-18.149248123168945,43.181243896484375,-29.38513946533203,-106.49008178710938,-4.954894542694092,70.88546752929688,0.2623097846095905
31,47,-19.64569664001465,42.1968994140625,-31.39719009399414,-105.40458679199219,-4.677027702331543,66.41625213623047,0.2651951618501045
31,48,-19.163055419921875,41.54762268066406,-31.45360565185547,-106.33836364746094,-4.916621208190918,66.02397155761719,0.2642907639997706
31,49,-8.445014953613281,32.28984832763672,-22.816131591796875,-86.82877349853516,-5.586904525756836,46.935997009277344,0.23841790309696181
32,0,-15.110952377319336,84.41708374023438,-0.7439117431640625,-90.11744689941406,-6.849201202392578,62.160919189453125,0.25558805926563677
32,1,-14.9218111038208,82.1825180053711,0.8836193084716797,-92.06037902832031,-7.2083740234375,63.794952392578125,0.25066524773551946
32,2,-14.529304504394531,78.1373519897461,-1.1494216918945312,-93.42772674560547,-7.190314292907715,65.76358032226562,0.2504030183237171
32,3,-15.160913467407227,75.65441131591797,-4.133061408996582,-92.90985107421875,-7.475473403930664,70.5728988647461,0.2535739779473204
32,4,-15.251885414123535,72.73663330078125,-8.171871185302734,-92.40022277832031,-7.360526084899902,70.04243469238281,0.25796459878839273
32,5,-15.209211349487305,67.66301727294922,-13.074384689331055,-92.56220245361328,-7.231111526489258,71.95799255371094,0.26146504777024376
32,6,-13.922456741333008,64.0975112915039,-21.7513484954834,-92.05038452148438,-6.370719909667969,77.08796691894531,0.2715697970922419
32,7,-13.606752395629883,63.644859313964844,-24.199445724487305,-92.50704193115234,-6.796688079833984,83.44889831542969,0.2747787172686085
32,8,-12.578497886657715,62.1104850769043,-25.27197265625,-94.26557159423828,-6.868929862976074,82.84955596923828,0.27558903426042336
32,9,-11.491042137145996,61.511558532714844,-25.028587341308594,-95.13307189941406,-6.865074157714844,81.88575744628906,0.274973615293724
32,10,-11.10322093963623,59.95188522338867,-27.101699829101562,-96.01398468017578,-6.699531555175781,81.30780029296875,0.2768456573177701
32,11,-10.978474617004395,58.60572052001953,-28.251766204833984,-96.98881530761719,-6.666749000549316,81.20991516113281,0.2775724548543195
32,12,-10.793851852416992,57.06261444091797,-28.87232208251953,-97.59386444091797,-6.536685943603516,81.02803802490234,0.2772009967670047
32,13,-10.068666458129883,55.406494140625,-28.88382339477539,-97.71150207519531,-6.454488754272461,80.41033172607422,0.275637013369373
32,14,-9.760658264160156,54.44615173339844,-28.8570499420166,-98.8732681274414,-6.511044502258301,79.88075256347656,0.2748666132923084
32,15,-9.992877006530762,53.7271842956543,-28.305458068847656,-99.51925659179688,-6.595462799072266,80.22720336914062,0.2733287409370607
32,16,-10.101197242736816,55.12901306152344,-26.08295249938965,-100.51847839355469,-6.822493553161621,79.12934875488281,0.2711837898271494
32,17,-10.341462135314941,53.81144332885742,-25.60261344909668,-101.8693618774414,-6.877756118774414,78.78177642822266,0.26887301816899156
32,18,-10.638167381286621,54.037353515625,-23.688400268554688,-102.74368286132812,-6.793785095214844,78.1953125,0.265527237523586
32,19,-10.256688117980957,53.597591400146484,-21.920747756958008,-104.40837097167969,-6.833437919616699,77.76904296875,0.26123568732908886
32,20,-10.048870086669922,51.661415100097656,-22.446155548095703,-104.40348815917969,-6.677433967590332,78.21853637695312,0.25986836970045857
32,21,-9.838594436645508,49.54038619995117,-23.49733543395996,-103.8367691040039,-6.442084312438965,77.22699737548828,0.2594365385241412
32,22,-9.802321434020996,50.22098922729492,-21.282432556152344,-104.09718322753906,-6.488558769226074,77.02949523925781,0.2557368738349616
32,23,-10.077197074890137,49.130157470703125,-21.696138381958008,-103.98834228515625,-6.360661506652832,76.44254302978516,0.2552040399510087
32,24,-10.616503715515137,49.63703918457031,-21.717655181884766,-104.1553955078125,-6.47355842590332,75.03529357910156,0.25585721255885263
32,25,-10.406035423278809,49.31467819213867,-22.255096435546875,-104.43678283691406,-6.417881965637207,75.85193634033203,0.2564561184547137
32,26,-10.757497787475586,48.35017776489258,-21.769113540649414,-105.49009704589844,-6.226471900939941,75.38436889648438,0.25379874489956034
32,27,-11.773435592651367,48.54838562011719,-22.153879165649414,-105.62959289550781,-6.379849433898926,75.30937194824219,0.2548283409054446
32,28,-11.510473251342773,48.16161346435547,-21.916248321533203,-107.0446548461914,-6.118821144104004,75.75187683105469,0.2532310701598504
32,29,-11.724454879760742,47.453529357910156,-23.54656219482422,-107.29183959960938,-6.186878204345703,75.37100219726562,0.2556816483419632
32,30,-11.623662948608398,47.41505432128906,-23.366512298583984,-107.6849365234375,-6.069262504577637,75.35511779785156,0.2550815833558908
32,31,-12.172799110412598,46.553001403808594,-23.954307556152344,-107.49526977539062,-6.145008087158203,75.84854125976562,0.2552465555571419
32,32,-12.151479721069336,45.82978820800781,-23.695690155029297,-108.09334564208984,-6.068621635437012,77.60076904296875,0.25343237374299854
32,33,-12.360664367675781,44.80986785888672,-24.505361557006836,-108.38005065917969,-6.035181045532227,76.50411987304688,0.2536505218295267
32,34,-12.715185165405273,44.31243896484375,-24.104049682617188,-108.41624450683594,-6.13424015045166,77.1418685913086,0.25205175674260183
32,35,-12.629098892211914,42.720802307128906,-24.414350509643555,-109.16522216796875,-6.335349082946777,76.26589965820312,0.25010371325921843
32,36,-12.665186882019043,41.87554931640625,-24.774738311767578,-109.68841552734375,-6.445835113525391,75.59224700927734,0.24941928682604436
32,37,-12.429916381835938,41.43032455444336,-25.979923248291016,-109.07070922851562,-6.282137870788574,76.13813781738281,0.25177670838086263
32,38,-12.538531303405762,41.66753387451172,-25.27138900756836,-109.18020629882812,-6.45198917388916,76.15072631835938,0.2504917540161765
32,39,-12.71162223815918,40.69593048095703,-26.484268188476562,-108.13555908203125,-6.109808921813965,75.564453125,0.2522519169742458
32,40,-12.896085739135742,40.36914825439453,-26.166501998901367,-108.35812377929688,-5.9870100021362305,74.98802185058594,0.2509835555224616
32,41,-13.22148609161377,41.13226318359375,-26.019126892089844,-108.2369384765625,-6.137701988220215,72.90351104736328,0.2518150460570639
32,42,-13.898858070373535,41.629905700683594,-24.9945125579834,-108.69972229003906,-6.322061538696289,60.65846252441406,0.25005243390614273
32,43,-13.977530479431152,40.34584045410156,-26.202064514160156,-108.61405944824219,-5.919797420501709,58.44161605834961,0.25090904921677676
32,44,-14.567424774169922,40.4040641784668,-26.10072898864746,-108.46809387207031,-5.94888162612915,59.293575286865234,0.2508376924919998
32,45,-15.89499282836914,42.25251388549805,-27.290916442871094,-107.50227355957031,-5.845443248748779,66.02450561523438,0.2564309467963932
32,46,-18.149248123168945,43.181243896484375,-29.38513946533203,-106.49008178710938,-4.954894542694092,70.88546752929688,0.2623097846095905
32,47,-19.64569664001465,42.1968994140625,-31.39719009399414,-105.40458679199219,-4.677027702331543,66.41625213623047,0.2651951618501045
32,48,-19.163055419921875,41.54762268066406,-31.45360565185547,-106.33836364746094,-4.916621208190918,66.02397155761719,0.2642907639997706
32,49,-8.445014953613281,32.28984832763672,-22.816131591796875,-86.82877349853516,-5.586904525756836,46.935997009277344,0.23841790309696181
33,0,-15.110952377319336,84.41708374023438,-0.7439117431640625,-90.11744689941406,-6.849201202392578,62.160919189453125,0.25558805926563677
33,1,-14.9218111038208,82.1825180053711,0.8836193084716797,-92.06037902832031,-7.2083740234375,63.794952392578125,0.25066524773551946
33,2,-14.529304504394531,78.1373519897461,-1.1494216918945312,-93.42772674560547,-7.190314292907715,65.76358032226562,0.2504030183237171
33,3,-15.160913467407227,75.65441131591797,-4.133061408996582,-92.90985107421875,-7.475473403930664,70.5728988647461,0.2535739779473204
33,4,-15.251885414123535,72.73663330078125,-8.171871185302734,-92.40022277832031,-7.360526084899902,70.04243469238281,0.25796459878839273
33,5,-15.209211349487305,67.66301727294922,-13.074384689331055,-92.56220245361328,-7.231111526489258,71.95799255371094,0.26146504777024376
33,6,-13.922456741333008,64.0975112915039,-21.7513484954834,-92.05038452148438,-6.370719909667969,77.08796691894531,0.2715697970922419
33,7,-13.606752395629883,63.644859313964844,-24.199445724487305,-92.50704193115234,-6.796688079833984,83.44889831542969,0.2747787172686085
33,8,-12.578497886657715,62.1104850769043,-25.27197265625,-94.26557159423828,-6.868929862976074,82.84955596923828,0.27558903426042336
33,9,-11.491042137145996,61.511558532714844,-25.028587341308594,-95.13307189941406,-6.865074157714844,81.88575744628906,0.274973615293724
33,10,-11.10322093963623,59.95188522338867,-27.101699829101562,-96.01398468017578,-6.699531555175781,81.30780029296875,0.2768456573177701
33,11,-10.978474617004395,58.60572052001953,-28.251766204833984,-96.98881530761719,-6.666749000549316,81.20991516113281,0.2775724548543195
33,12,-10.793851852416992,57.06261444091797,-28.87232208251953,-97.59386444091797,-6.536685943603516,81.02803802490234,0.2772009967670047
33,13,-10.068666458129883,55.406494140625,-28.88382339477539,-97.71150207519531,-6.454488754272461,80.41033172607422,0.275637013369373
33,14,-9.760658264160156,54.44615173339844,-28.8570499420166,-98.8732681274414,-6.511044502258301,79.88075256347656,0.2748666132923084
33,15,-9.992877006530762,53.7271842956543,-28.305458068847656,-99.51925659179688,-6.595462799072266,80.22720336914062,0.2733287409370607
33,16,-10.101197242736816,55.12901306152344,-26.08295249938965,-100.51847839355469,-6.822493553161621,79.12934875488281,0.2711837898271494
33,17,-10.341462135314941,53.81144332885742,-25.60261344909668,-101.8693618774414,-6.877756118774414,78.78177642822266,0.26887301816899156
33,18,-10.638167381286621,54.037353515625,-23.688400268554688,-102.74368286132812,-6.793785095214844,78.1953125,0.265527237523586
33,19,-10.256688117980957,53.597591400146484,-21.920747756958008,-104.40837097167969,-6.833437919616699,77.76904296875,0.26123568732908886
33,20,-10.048870086669922,51.661415100097656,-22.446155548095703,-104.40348815917969,-6.677433967590332,78.21853637695312,0.25986836970045857
33,21,-9.838594436645508,49.54038619995117,-23.49733543395996,-103.8367691040039,-6.442084312438965,77.22699737548828,0.2594365385241412
33,22,-9.802321434020996,50.22098922729492,-21.282432556152344,-104.09718322753906,-6.488558769226074,77.02949523925781,0.2557368738349616
33,23,-10.077197074890137,49.130157470703125,-21.696138381958008,-103.98834228515625,-6.360661506652832,76.44254302978516,0.2552040399510087
33,24,-10.616503715515137,49.63703918457031,-21.717655181884766,-104.1553955078125,-6.47355842590332,75.03529357910156,0.25585721255885263
33,25,-10.406035423278809,49.31467819213867,-22.255096435546875,-104.43678283691406,-6.417881965637207,75.85193634033203,0.2564561184547137
33,26,-10.757497787475586,48.35017776489258,-21.769113540649414,-105.49009704589844,-6.226471900939941,75.38436889648438,0.25379874489956034
33,27,-11.773435592651367,48.54838562011719,-22.153879165649414,-105.62959289550781,-6.379849433898926,75.30937194824219,0.2548283409054446
33,28,-11.510473251342773,48.16161346435547,-21.916248321533203,-107.0446548461914,-6.118821144104004,75.75187683105469,0.2532310701598504
33,29,-11.724454879760742,47.453529357910156,-23.54656219482422,-107.29183959960938,-6.186878204345703,75.37100219726562,0.2556816483419632
33,30,-11.623662948608398,47.41505432128906,-23.366512298583984,-107.6849365234375,-6.069262504577637,75.35511779785156,0.2550815833558908
33,31,-12.172799110412598,46.553001403808594,-23.954307556152344,-107.49526977539062,-6.145008087158203,75.84854125976562,0.2552465555571419
33,32,-12.151479721069336,45.82978820800781,-23.695690155029297,-108.09334564208984,-6.068621635437012,77.60076904296875,0.25343237374299854
33,33,-12.360664367675781,44.80986785888672,-24.505361557006836,-108.38005065917969,-6.035181045532227,76.50411987304688,0.2536505218295267
33,34,-12.715185165405273,44.31243896484375,-24.104049682617188,-108.41624450683594,-6.13424015045166,77.1418685913086,0.25205175674260183
33,35,-12.629098892211914,42.720802307128906,-24.414350509643555,-109.16522216796875,-6.335349082946777,76.26589965820312,0.25010371325921843
33,36,-12.665186882019043,41.87554931640625,-24.774738311767578,-109.68841552734375,-6.445835113525391,75.59224700927734,0.24941928682604436
33,37,-12.429916381835938,41.43032455444336,-25.979923248291016,-109.07070922851562,-6.282137870788574,76.13813781738281,0.25177670838086263
33,38,-12.538531303405762,41.66753387451172,-25.27138900756836,-109.18020629882812,-6.45198917388916,76.15072631835938,0.2504917540161765
33,39,-12.71162223815918,40.69593048095703,-26.484268188476562,-108.13555908203125,-6.109808921813965,75.564453125,0.2522519169742458
33,40,-12.896085739135742,40.36914825439453,-26.166501998901367,-108.35812377929688,-5.9870100021362305,74.98802185058594,0.2509835555224616
33,41,-13.22148609161377,41.13226318359375,-26.019126892089844,-108.2369384765625,-6.137701988220215,72.90351104736328,0.2518150460570639
33,42,-13.898858070373535,41.629905700683594,-24.9945125579834,-108.69972229003906,-6.322061538696289,60.65846252441406,0.25005243390614273
33,43,-13.977530479431152,40.34584045410156,-26.202064514160156,-108.61405944824219,-5.919797420501709,58.44161605834961,0.25090904921677676
33,44,-14.567424774169922,40.4040641784668,-26.10072898864746,-108.46809387207031,-5.94888162612915,59.293575286865234,0.2508376924919998
33,45,-15.89499282836914,42.25251388549805,-27.290916442871094,-107.50227355957031,-5.845443248748779,66.02450561523438,0.2564309467963932
33,46,-18.149248123168945,43.181243896484375,-29.38513946533203,-106.49008178710938,-4.954894542694092,70.88546752929688,0.2623097846095905
33,47,-19.64569664001465,42.1968994140625,-31.39719009399414,-105.40458679199219,-4.677027702331543,66.41625213623047,0.2651951618501045
33,48,-19.163055419921875,41.54762268066406,-31.45360565185547,-106.33836364746094,-4.916621208190918,66.02397155761719,0.2642907639997706
33,49,-8.445014953613281,32.28984832763672,-22.816131591796875,-86.82877349853516,-5.586904525756836,46.935997009277344,0.23841790309696181
34,0,-15.110952377319336,84.41708374023438,-0.7439117431640625,-90.11744689941406,-6.849201202392578,62.160919189453125,0.25558805926563677
34,1,-14.9218111038208,82.1825180053711,0.8836193084716797,-92.06037902832031,-7.2083740234375,63.794952392578125,0.25066524773551946
34,2,-14.529304504394531,78.1373519897461,-1.1494216918945312,-93.42772674560547,-7.190314292907715,65.76358032226562,0.2504030183237171
34,3,-15.160913467407227,75.65441131591797,-4.133061408996582,-92.90985107421875,-7.475473403930664,70.5728988647461,0.2535739779473204
34,4,-15.251885414123535,72.73663330078125,-8.171871185302734,-92.40022277832031,-7.360526084899902,70.04243469238281,0.25796459878839273
34,5,-15.209211349487305,67.66301727294922,-13.074384689331055,-92.56220245361328,-7.231111526489258,71.95799255371094,0.26146504777024376
34,6,-13.922456741333008,64.0975112915039,-21.7513484954834,-92.05038452148438,-6.370719909667969,77.08796691894531,0.2715697970922419
34,7,-13.606752395629883,63.644859313964844,-24.199445724487305,-92.50704193115234,-6.796688079833984,83.44889831542969,0.2747787172686085
34,8,-12.578497886657715,62.1104850769043,-25.27197265625,-94.26557159423828,-6.868929862976074,82.84955596923828,0.27558903426042336
34,9,-11.491042137145996,61.511558532714844,-25.028587341308594,-95.13307189941406,-6.865074157714844,81.88575744628906,0.274973615293724
34,10,-11.10322093963623,59.95188522338867,-27.101699829101562,-96.01398468017578,-6.699531555175781,81.30780029296875,0.2768456573177701
34,11,-10.978474617004395,58.60572052001953,-28.251766204833984,-96.98881530761719,-6.666749000549316,81.20991516113281,0.2775724548543195
34,12,-10.793851852416992,57.06261444091797,-28.87232208251953,-97.59386444091797,-6.536685943603516,81.02803802490234,0.2772009967670047
34,13,-10.068666458129883,55.406494140625,-28.88382339477539,-97.71150207519531,-6.454488754272461,80.41033172607422,0.275637013369373
34,14,-9.760658264160156,54.44615173339844,-28.8570499420166,-98.8732681274414,-6.511044502258301,79.88075256347656,0.2748666132923084
34,15,-9.992877006530762,53.7271842956543,-28.305458068847656,-99.51925659179688,-6.595462799072266,80.22720336914062,0.2733287409370607
34,16,-10.101197242736816,55.12901306152344,-26.08295249938965,-100.51847839355469,-6.822493553161621,79.12934875488281,0.2711837898271494
34,17,-10.341462135314941,53.81144332885742,-25.60261344909668,-101.8693618774414,-6.877756118774414,78.78177642822266,0.26887301816899156
34,18,-10.638167381286621,54.037353515625,-23.688400268554688,-102.74368286132812,-6.793785095214844,78.1953125,0.265527237523586
34,19,-10.256688117980957,53.597591400146484,-21.920747756958008,-104.40837097167969,-6.833437919616699,77.76904296875,0.26123568732908886
34,20,-10.048870086669922,51.661415100097656,-22.446155548095703,-104.40348815917969,-6.677433967590332,78.21853637695312,0.25986836970045857
34,21,-9.838594436645508,49.54038619995117,-23.49733543395996,-103.8367691040039,-6.442084312438965,77.22699737548828,0.2594365385241412
34,22,-9.802321434020996,50.22098922729492,-21.282432556152344,-104.09718322753906,-6.488558769226074,77.02949523925781,0.2557368738349616
34,23,-10.077197074890137,49.130157470703125,-21.696138381958008,-103.98834228515625,-6.360661506652832,76.44254302978516,0.2552040399510087
34,24,-10.616503715515137,49.63703918457031,-21.717655181884766,-104.1553955078125,-6.47355842590332,75.03529357910156,0.25585721255885263
34,25,-10.406035423278809,49.31467819213867,-22.255096435546875,-104.43678283691406,-6.417881965637207,75.85193634033203,0.2564561184547137
34,26,-10.757497787475586,48.35017776489258,-21.769113540649414,-105.49009704589844,-6.226471900939941,75.38436889648438,0.25379874489956034
34,27,-11.773435592651367,48.54838562011719,-22.153879165649414,-105.62959289550781,-6.379849433898926,75.30937194824219,0.2548283409054446
34,28,-11.510473251342773,48.16161346435547,-21.916248321533203,-107.0446548461914,-6.118821144104004,75.75187683105469,0.2532310701598504
34,29,-11.724454879760742,47.453529357910156,-23.54656219482422,-107.29183959960938,-6.186878204345703,75.37100219726562,0.2556816483419632
34,30,-11.623662948608398,47.41505432128906,-23.366512298583984,-107.6849365234375,-6.069262504577637,75.35511779785156,0.2550815833558908
34,31,-12.172799110412598,46.553001403808594,-23.954307556152344,-107.49526977539062,-6.145008087158203,75.84854125976562,0.2552465555571419
34,32,-12.151479721069336,45.82978820800781,-23.695690155029297,-108.09334564208984,-6.068621635437012,77.60076904296875,0.25343237374299854
34,33,-12.360664367675781,44.80986785888672,-24.505361557006836,-108.38005065917969,-6.035181045532227,76.50411987304688,0.2536505218295267
34,34,-12.715185165405273,44.31243896484375,-24.104049682617188,-108.41624450683594,-6.13424015045166,77.1418685913086,0.25205175674260183
34,35,-12.629098892211914,42.720802307128906,-24.414350509643555,-109.16522216796875,-6.335349082946777,76.26589965820312,0.25010371325921843
34,36,-12.665186882019043,41.87554931640625,-24.774738311767578,-109.68841552734375,-6.445835113525391,75.59224700927734,0.24941928682604436
34,37,-12.429916381835938,41.43032455444336,-25.979923248291016,-109.07070922851562,-6.282137870788574,76.13813781738281,0.25177670838086263
34,38,-12.538531303405762,41.66753387451172,-25.27138900756836,-109.18020629882812,-6.45198917388916,76.15072631835938,0.2504917540161765
34,39,-12.71162223815918,40.69593048095703,-26.484268188476562,-108.13555908203125,-6.109808921813965,75.564453125,0.2522519169742458
34,40,-12.896085739135742,40.36914825439453,-26.166501998901367,-108.35812377929688,-5.9870100021362305,74.98802185058594,0.2509835555224616
34,41,-13.22148609161377,41.13226318359375,-26.019126892089844,-108.2369384765625,-6.137701988220215,72.90351104736328,0.2518150460570639
34,42,-13.898858070373535,41.629905700683594,-24.9945125579834,-108.69972229003906,-6.322061538696289,60.65846252441406,0.25005243390614273
34,43,-13.977530479431152,40.34584045410156,-26.202064514160156,-108.61405944824219,-5.919797420501709,58.44161605834961,0.25090904921677676
34,44,-14.567424774169922,40.4040641784668,-26.10072898864746,-108.46809387207031,-5.94888162612915,59.293575286865234,0.2508376924919998
34,45,-15.89499282836914,42.25251388549805,-27.290916442871094,-107.50227355957031,-5.845443248748779,66.02450561523438,0.2564309467963932
34,46,-18.149248123168945,43.181243896484375,-29.38513946533203,-106.49008178710938,-4.954894542694092,70.88546752929688,0.2623097846095905
34,47,-19.64569664001465,42.1968994140625,-31.39719009399414,-105.40458679199219,-4.677027702331543,66.41625213623047,0.2651951618501045
34,48,-19.163055419921875,41.54762268066406,-31.45360565185547,-106.33836364746094,-4.916621208190918,66.02397155761719,0.2642907639997706
34,49,-8.445014953613281,32.28984832763672,-22.816131591796875,-86.82877349853516,-5.586904525756836,46.935997009277344,0.23841790309696181
35,0,-15.110952377319336,84.41708374023438,-0.7439117431640625,-90.11744689941406,-6.849201202392578,62.160919189453125,0.25558805926563677
35,1,-14.9218111038208,82.1825180053711,0.8836193084716797,-92.06037902832031,-7.2083740234375,63.794952392578125,0.25066524773551946
35,2,-14.529304504394531,78.1373519897461,-1.1494216918945312,-93.42772674560547,-7.190314292907715,65.76358032226562,0.2504030183237171
35,3,-15.160913467407227,75.65441131591797,-4.133061408996582,-92.90985107421875,-7.475473403930664,70.5728988647461,0.2535739779473204
35,4,-15.251885414123535,72.73663330078125,-8.171871185302734,-92.40022277832031,-7.360526084899902,70.04243469238281,0.25796459878839273
35,5,-15.209211349487305,67.66301727294922,-13.074384689331055,-92.56220245361328,-7.231111526489258,71.95799255371094,0.26146504777024376
35,6,-13.922456741333008,64.0975112915039,-21.7513484954834,-92.05038452148438,-6.370719909667969,77.08796691894531,0.2715697970922419
35,7,-13.606752395629883,63.644859313964844,-24.199445724487305,-92.50704193115234,-6.796688079833984,83.44889831542969,0.2747787172686085
35,8,-12.578497886657715,62.1104850769043,-25.27197265625,-94.26557159423828,-6.868929862976074,82.84955596923828,0.27558903426042336
35,9,-11.491042137145996,61.511558532714844,-25.028587341308594,-95.13307189941406,-6.865074157714844,81.88575744628906,0.274973615293724
35,10,-11.10322093963623,59.95188522338867,-27.101699829101562,-96.01398468017578,-6.699531555175781,81.30780029296875,0.2768456573177701
35,11,-10.978474617004395,58.60572052001953,-28.251766204833984,-96.98881530761719,-6.666749000549316,81.20991516113281,0.2775724548543195
35,12,-10.793851852416992,57.06261444091797,-28.87232208251953,-97.59386444091797,-6.536685943603516,81.02803802490234,0.2772009967670047
35,13,-10.068666458129883,55.406494140625,-28.88382339477539,-97.71150207519531,-6.454488754272461,80.41033172607422,0.275637013369373
35,14,-9.760658264160156,54.44615173339844,-28.8570499420166,-98.8732681274414,-6.511044502258301,79.88075256347656,0.2748666132923084
35,15,-9.992877006530762,53.7271842956543,-28.305458068847656,-99.51925659179688,-6.595462799072266,80.22720336914062,0.2733287409370607
35,16,-10.101197242736816,55.12901306152344,-26.08295249938965,-100.51847839355469,-6.822493553161621,79.12934875488281,0.2711837898271494
35,17,-10.341462135314941,53.81144332885742,-25.60261344909668,-101.8693618774414,-6.877756118774414,78.78177642822266,0.26887301816899156
35,18,-10.638167381286621,54.037353515625,-23.688400268554688,-102.74368286132812,-6.793785095214844,78.1953125,0.265527237523586
35,19,-10.256688117980957,53.597591400146484,-21.920747756958008,-104.40837097167969,-6.833437919616699,77.76904296875,0.26123568732908886
35,20,-10.048870086669922,51.661415100097656,-22.446155548095703,-104.40348815917969,-6.677433967590332,78.21853637695312,0.25986836970045857
35,21,-9.838594436645508,49.54038619995117,-23.49733543395996,-103.8367691040039,-6.442084312438965,77.22699737548828,0.2594365385241412
35,22,-9.802321434020996,50.22098922729492,-21.282432556152344,-104.09718322753906,-6.488558769226074,77.02949523925781,0.2557368738349616
35,23,-10.077197074890137,49.130157470703125,-21.696138381958008,-103.98834228515625,-6.360661506652832,76.44254302978516,0.2552040399510087
35,24,-10.616503715515137,49.63703918457031,-21.717655181884766,-104.1553955078125,-6.47355842590332,75.03529357910156,0.25585721255885263
35,25,-10.406035423278809,49.31467819213867,-22.255096435546875,-104.43678283691406,-6.417881965637207,75.85193634033203,0.2564561184547137
35,26,-10.757497787475586,48.35017776489258,-21.769113540649414,-105.49009704589844,-6.226471900939941,75.38436889648438,0.25379874489956034
35,27,-11.773435592651367,48.54838562011719,-22.153879165649414,-105.62959289550781,-6.379849433898926,75.30937194824219,0.2548283409054446
35,28,-11.510473251342773,48.16161346435547,-21.916248321533203,-107.0446548461914,-6.118821144104004,75.75187683105469,0.2532310701598504
35,29,-11.724454879760742,47.453529357910156,-23.54656219482422,-107.29183959960938,-6.186878204345703,75.37100219726562,0.2556816483419632
35,30,-11.623662948608398,47.41505432128906,-23.366512298583984,-107.6849365234375,-6.069262504577637,75.35511779785156,0.2550815833558908
35,31,-12.172799110412598,46.553001403808594,-23.954307556152344,-107.49526977539062,-6.145008087158203,75.84854125976562,0.2552465555571419
35,32,-12.151479721069336,45.82978820800781,-23.695690155029297,-108.09334564208984,-6.068621635437012,77.60076904296875,0.25343237374299854
35,33,-12.360664367675781,44.80986785888672,-24.505361557006836,-108.38005065917969,-6.035181045532227,76.50411987304688,0.2536505218295267
35,34,-12.715185165405273,44.31243896484375,-24.104049682617188,-108.41624450683594,-6.13424015045166,77.1418685913086,0.25205175674260183
35,35,-12.629098892211914,42.720802307128906,-24.414350509643555,-109.16522216796875,-6.335349082946777,76.26589965820312,0.25010371325921843
35,36,-12.665186882019043,41.87554931640625,-24.774738311767578,-109.68841552734375,-6.445835113525391,75.59224700927734,0.24941928682604436
35,37,-12.429916381835938,41.43032455444336,-25.979923248291016,-109.07070922851562,-6.282137870788574,76.13813781738281,0.25177670838086263
35,38,-12.538531303405762,41.66753387451172,-25.27138900756836,-109.18020629882812,-6.45198917388916,76.15072631835938,0.2504917540161765
35,39,-12.71162223815918,40.69593048095703,-26.484268188476562,-108.13555908203125,-6.109808921813965,75.564453125,0.2522519169742458
35,40,-12.896085739135742,40.36914825439453,-26.166501998901367,-108.35812377929688,-5.9870100021362305,74.98802185058594,0.2509835555224616
35,41,-13.22148609161377,41.13226318359375,-26.019126892089844,-108.2369384765625,-6.137701988220215,72.90351104736328,0.2518150460570639
35,42,-13.898858070373535,41.629905700683594,-24.9945125579834,-108.69972229003906,-6.322061538696289,60.65846252441406,0.25005243390614273
35,43,-13.977530479431152,40.34584045410156,-26.202064514160156,-108.61405944824219,-5.919797420501709,58.44161605834961,0.25090904921677676
35,44,-14.567424774169922,40.4040641784668,-26.10072898864746,-108.46809387207031,-5.94888162612915,59.293575286865234,0.2508376924919998
35,45,-15.89499282836914,42.25251388549805,-27.290916442871094,-107.50227355957031,-5.845443248748779,66.02450561523438,0.2564309467963932
35,46,-18.149248123168945,43.181243896484375,-29.38513946533203,-106.49008178710938,-4.954894542694092,70.88546752929688,0.2623097846095905
35,47,-19.64569664001465,42.1968994140625,-31.39719009399414,-105.40458679199219,-4.677027702331543,66.41625213623047,0.2651951618501045
35,48,-19.163055419921875,41.54762268066406,-31.45360565185547,-106.33836364746094,-4.916621208190918,66.02397155761719,0.2642907639997706
35,49,-8.445014953613281,32.28984832763672,-22.816131591796875,-86.82877349853516,-5.586904525756836,46.935997009277344,0.23841790309696181
36,0,-15.110952377319336,84.41708374023438,-0.7439117431640625,-90.11744689941406,-6.849201202392578,62.160919189453125,0.25558805926563677
36,1,-14.9218111038208,82.1825180053711,0.8836193084716797,-92.06037902832031,-7.2083740234375,63.794952392578125,0.25066524773551946
36,2,-14.529304504394531,78.1373519897461,-1.1494216918945312,-93.42772674560547,-7.190314292907715,65.76358032226562,0.2504030183237171
36,3,-15.160913467407227,75.65441131591797,-4.133061408996582,-92.90985107421875,-7.475473403930664,70.5728988647461,0.2535739779473204
36,4,-15.251885414123535,72.73663330078125,-8.171871185302734,-92.40022277832031,-7.360526084899902,70.04243469238281,0.25796459878839273
36,5,-15.209211349487305,67.66301727294922,-13.074384689331055,-92.56220245361328,-7.231111526489258,71.95799255371094,0.26146504777024376
36,6,-13.922456741333008,64.0975112915039,-21.7513484954834,-92.05038452148438,-6.370719909667969,77.08796691894531,0.2715697970922419
36,7,-13.606752395629883,63.644859313964844,-24.199445724487305,-92.50704193115234,-6.796688079833984,83.44889831542969,0.2747787172686085
36,8,-12.578497886657715,62.1104850769043,-25.27197265625,-94.26557159423828,-6.868929862976074,82.84955596923828,0.27558903426042336
36,9,-11.491042137145996,61.511558532714844,-25.028587341308594,-95.13307189941406,-6.865074157714844,81.88575744628906,0.274973615293724
36,10,-11.10322093963623,59.95188522338867,-27.101699829101562,-96.01398468017578,-6.699531555175781,81.30780029296875,0.2768456573177701
36,11,-10.978474617004395,58.60572052001953,-28.251766204833984,-96.98881530761719,-6.666749000549316,81.20991516113281,0.2775724548543195
36,12,-10.793851852416992,57.06261444091797,-28.87232208251953,-97.59386444091797,-6.536685943603516,81.02803802490234,0.2772009967670047
36,13,-10.068666458129883,55.406494140625,-28.88382339477539,-97.71150207519531,-6.454488754272461,80.41033172607422,0.275637013369373
36,14,-9.760658264160156,54.44615173339844,-28.8570499420166,-98.8732681274414,-6.511044502258301,79.88075256347656,0.2748666132923084
36,15,-9.992877006530762,53.7271842956543,-28.305458068847656,-99.51925659179688,-6.595462799072266,80.22720336914062,0.2733287409370607
36,16,-10.101197242736816,55.12901306152344,-26.08295249938965,-100.51847839355469,-6.822493553161621,79.12934875488281,0.2711837898271494
36,17,-10.341462135314941,53.81144332885742,-25.60261344909668,-101.8693618774414,-6.877756118774414,78.78177642822266,0.26887301816899156
36,18,-10.638167381286621,54.037353515625,-23.688400268554688,-102.74368286132812,-6.793785095214844,78.1953125,0.265527237523586
36,19,-10.256688117980957,53.597591400146484,-21.920747756958008,-104.40837097167969,-6.833437919616699,77.76904296875,0.26123568732908886
36,20,-10.048870086669922,51.661415100097656,-22.446155548095703,-104.40348815917969,-6.677433967590332,78.21853637695312,0.25986836970045857
36,21,-9.838594436645508,49.54038619995117,-23.49733543395996,-103.8367691040039,-6.442084312438965,77.22699737548828,0.2594365385241412
36,22,-9.802321434020996,50.22098922729492,-21.282432556152344,-104.09718322753906,-6.488558769226074,77.02949523925781,0.2557368738349616
36,23,-10.077197074890137,49.130157470703125,-21.696138381958008,-103.98834228515625,-6.360661506652832,76.44254302978516,0.2552040399510087
36,24,-10.616503715515137,49.63703918457031,-21.717655181884766,-104.1553955078125,-6.47355842590332,75.03529357910156,0.25585721255885263
36,25,-10.406035423278809,49.31467819213867,-22.255096435546875,-104.43678283691406,-6.417881965637207,75.85193634033203,0.2564561184547137
36,26,-10.757497787475586,48.35017776489258,-21.769113540649414,-105.49009704589844,-6.226471900939941,75.38436889648438,0.25379874489956034
36,27,-11.773435592651367,48.54838562011719,-22.153879165649414,-105.62959289550781,-6.379849433898926,75.30937194824219,0.2548283409054446
36,28,-11.510473251342773,48.16161346435547,-21.916248321533203,-107.0446548461914,-6.118821144104004,75.75187683105469,0.2532310701598504
36,29,-11.724454879760742,47.453529357910156,-23.54656219482422,-107.29183959960938,-6.186878204345703,75.37100219726562,0.2556816483419632
36,30,-11.623662948608398,47.41505432128906,-23.366512298583984,-107.6849365234375,-6.069262504577637,75.35511779785156,0.2550815833558908
36,31,-12.172799110412598,46.553001403808594,-23.954307556152344,-107.49526977539062,-6.145008087158203,75.84854125976562,0.2552465555571419
36,32,-12.151479721069336,45.82978820800781,-23.695690155029297,-108.09334564208984,-6.068621635437012,77.60076904296875,0.25343237374299854
36,33,-12.360664367675781,44.80986785888672,-24.505361557006836,-108.38005065917969,-6.035181045532227,76.50411987304688,0.2536505218295267
36,34,-12.715185165405273,44.31243896484375,-24.104049682617188,-108.41624450683594,-6.13424015045166,77.1418685913086,0.25205175674260183
36,35,-12.629098892211914,42.720802307128906,-24.414350509643555,-109.16522216796875,-6.335349082946777,76.26589965820312,0.25010371325921843
36,36,-12.665186882019043,41.87554931640625,-24.774738311767578,-109.68841552734375,-6.445835113525391,75.59224700927734,0.24941928682604436
36,37,-12.429916381835938,41.43032455444336,-25.979923248291016,-109.07070922851562,-6.282137870788574,76.13813781738281,0.25177670838086263
36,38,-12.538531303405762,41.66753387451172,-25.27138900756836,-109.18020629882812,-6.45198917388916,76.15072631835938,0.2504917540161765
36,39,-12.71162223815918,40.69593048095703,-26.484268188476562,-108.13555908203125,-6.109808921813965,75.564453125,0.2522519169742458
36,40,-12.896085739135742,40.36914825439453,-26.166501998901367,-108.35812377929688,-5.9870100021362305,74.98802185058594,0.2509835555224616
36,41,-13.22148609161377,41.13226318359375,-26.019126892089844,-108.2369384765625,-6.137701988220215,72.90351104736328,0.2518150460570639
36,42,-13.898858070373535,41.629905700683594,-24.9945125579834,-108.69972229003906,-6.322061538696289,60.65846252441406,0.25005243390614273
36,43,-13.977530479431152,40.34584045410156,-26.202064514160156,-108.61405944824219,-5.919797420501709,58.44161605834961,0.25090904921677676
36,44,-14.567424774169922,40.4040641784668,-26.10072898864746,-108.46809387207031,-5.94888162612915,59.293575286865234,0.2508376924919998
36,45,-15.89499282836914,42.25251388549805,-27.290916442871094,-107.50227355957031,-5.845443248748779,66.02450561523438,0.2564309467963932
36,46,-18.149248123168945,43.181243896484375,-29.38513946533203,-106.49008178710938,-4.954894542694092,70.88546752929688,0.2623097846095905
36,47,-19.64569664001465,42.1968994140625,-31.39719009399414,-105.40458679199219,-4.677027702331543,66.41625213623047,0.2651951618501045
36,48,-19.163055419921875,41.54762268066406,-31.45360565185547,-106.33836364746094,-4.916621208190918,66.02397155761719,0.2642907639997706
36,49,-8.445014953613281,32.28984832763672,-22.816131591796875,-86.82877349853516,-5.586904525756836,46.935997009277344,0.23841790309696181
37,0,-15.110952377319336,84.41708374023438,-0.7439117431640625,-90.11744689941406,-6.849201202392578,62.160919189453125,0.25558805926563677
37,1,-14.9218111038208,82.1825180053711,0.8836193084716797,-92.06037902832031,-7.2083740234375,63.794952392578125,0.25066524773551946
37,2,-14.529304504394531,78.1373519897461,-1.1494216918945312,-93.42772674560547,-7.190314292907715,65.76358032226562,0.2504030183237171
37,3,-15.160913467407227,75.65441131591797,-4.133061408996582,-92.90985107421875,-7.475473403930664,70.5728988647461,0.2535739779473204
37,4,-15.251885414123535,72.73663330078125,-8.171871185302734,-92.40022277832031,-7.360526084899902,70.04243469238281,0.25796459878839273
37,5,-15.209211349487305,67.66301727294922,-13.074384689331055,-92.56220245361328,-7.231111526489258,71.95799255371094,0.26146504777024376
37,6,-13.922456741333008,64.0975112915039,-21.7513484954834,-92.05038452148438,-6.370719909667969,77.08796691894531,0.2715697970922419
37,7,-13.606752395629883,63.644859313964844,-24.199445724487305,-92.50704193115234,-6.796688079833984,83.44889831542969,0.2747787172686085
37,8,-12.578497886657715,62.1104850769043,-25.27197265625,-94.26557159423828,-6.868929862976074,82.84955596923828,0.27558903426042336
37,9,-11.491042137145996,61.511558532714844,-25.028587341308594,-95.13307189941406,-6.865074157714844,81.88575744628906,0.274973615293724
37,10,-11.10322093963623,59.95188522338867,-27.101699829101562,-96.01398468017578,-6.699531555175781,81.30780029296875,0.2768456573177701
37,11,-10.978474617004395,58.60572052001953,-28.251766204833984,-96.98881530761719,-6.666749000549316,81.20991516113281,0.2775724548543195
37,12,-10.793851852416992,57.06261444091797,-28.87232208251953,-97.59386444091797,-6.536685943603516,81.02803802490234,0.2772009967670047
37,13,-10.068666458129883,55.406494140625,-28.88382339477539,-97.71150207519531,-6.454488754272461,80.41033172607422,0.275637013369373
37,14,-9.760658264160156,54.44615173339844,-28.8570499420166,-98.8732681274414,-6.511044502258301,79.88075256347656,0.2748666132923084
37,15,-9.992877006530762,53.7271842956543,-28.305458068847656,-99.51925659179688,-6.595462799072266,80.22720336914062,0.2733287409370607
37,16,-10.101197242736816,55.12901306152344,-26.08295249938965,-100.51847839355469,-6.822493553161621,79.12934875488281,0.2711837898271494
37,17,-10.341462135314941,53.81144332885742,-25.60261344909668,-101.8693618774414,-6.877756118774414,78.78177642822266,0.26887301816899156
37,18,-10.638167381286621,54.037353515625,-23.688400268554688,-102.74368286132812,-6.793785095214844,78.1953125,0.265527237523586
37,19,-10.256688117980957,53.597591400146484,-21.920747756958008,-104.40837097167969,-6.833437919616699,77.76904296875,0.26123568732908886
37,20,-10.048870086669922,51.661415100097656,-22.446155548095703,-104.40348815917969,-6.677433967590332,78.21853637695312,0.25986836970045857
37,21,-9.838594436645508,49.54038619995117,-23.49733543395996,-103.8367691040039,-6.442084312438965,77.22699737548828,0.2594365385241412
37,22,-9.802321434020996,50.22098922729492,-21.282432556152344,-104.09718322753906,-6.488558769226074,77.02949523925781,0.2557368738349616
37,23,-10.077197074890137,49.130157470703125,-21.696138381958008,-103.98834228515625,-6.360661506652832,76.44254302978516,0.2552040399510087
37,24,-10.616503715515137,49.63703918457031,-21.717655181884766,-104.1553955078125,-6.47355842590332,75.03529357910156,0.25585721255885263
37,25,-10.406035423278809,49.31467819213867,-22.255096435546875,-104.43678283691406,-6.417881965637207,75.85193634033203,0.2564561184547137
37,26,-10.757497787475586,48.35017776489258,-21.769113540649414,-105.49009704589844,-6.226471900939941,75.38436889648438,0.25379874489956034
37,27,-11.773435592651367,48.54838562011719,-22.153879165649414,-105.62959289550781,-6.379849433898926,75.30937194824219,0.2548283409054446
37,28,-11.510473251342773,48.16161346435547,-21.916248321533203,-107.0446548461914,-6.118821144104004,75.75187683105469,0.2532310701598504
37,29,-11.724454879760742,47.453529357910156,-23.54656219482422,-107.29183959960938,-6.186878204345703,75.37100219726562,0.2556816483419632
37,30,-11.623662948608398,47.41505432128906,-23.366512298583984,-107.6849365234375,-6.069262504577637,75.35511779785156,0.2550815833558908
37,31,-12.172799110412598,46.553001403808594,-23.954307556152344,-107.49526977539062,-6.145008087158203,75.84854125976562,0.2552465555571419
37,32,-12.151479721069336,45.82978820800781,-23.695690155029297,-108.09334564208984,-6.068621635437012,77.60076904296875,0.25343237374299854
37,33,-12.360664367675781,44.80986785888672,-24.505361557006836,-108.38005065917969,-6.035181045532227,76.50411987304688,0.2536505218295267
37,34,-12.715185165405273,44.31243896484375,-24.104049682617188,-108.41624450683594,-6.13424015045166,77.1418685913086,0.25205175674260183
37,35,-12.629098892211914,42.720802307128906,-24.414350509643555,-109.16522216796875,-6.335349082946777,76.26589965820312,0.25010371325921843
37,36,-12.665186882019043,41.87554931640625,-24.774738311767578,-109.68841552734375,-6.445835113525391,75.59224700927734,0.24941928682604436
37,37,-12.429916381835938,41.43032455444336,-25.979923248291016,-109.07070922851562,-6.282137870788574,76.13813781738281,0.25177670838086263
37,38,-12.538531303405762,41.66753387451172,-25.27138900756836,-109.18020629882812,-6.45198917388916,76.15072631835938,0.2504917540161765
37,39,-12.71162223815918,40.69593048095703,-26.484268188476562,-108.13555908203125,-6.109808921813965,75.564453125,0.2522519169742458
37,40,-12.896085739135742,40.36914825439453,-26.166501998901367,-108.35812377929688,-5.9870100021362305,74.98802185058594,0.2509835555224616
37,41,-13.22148609161377,41.13226318359375,-26.019126892089844,-108.2369384765625,-6.137701988220215,72.90351104736328,0.2518150460570639
37,42,-13.898858070373535,41.629905700683594,-24.9945125579834,-108.69972229003906,-6.322061538696289,60.65846252441406,0.25005243390614273
37,43,-13.977530479431152,40.34584045410156,-26.202064514160156,-108.61405944824219,-5.919797420501709,58.44161605834961,0.25090904921677676
37,44,-14.567424774169922,40.4040641784668,-26.10072898864746,-108.46809387207031,-5.94888162612915,59.293575286865234,0.2508376924919998
37,45,-15.89499282836914,42.25251388549805,-27.290916442871094,-107.50227355957031,-5.845443248748779,66.02450561523438,0.2564309467963932
37,46,-18.149248123168945,43.181243896484375,-29.38513946533203,-106.49008178710938,-4.954894542694092,70.88546752929688,0.2623097846095905
37,47,-19.64569664001465,42.1968994140625,-31.39719009399414,-105.40458679199219,-4.677027702331543,66.41625213623047,0.2651951618501045
37,48,-19.163055419921875,41.54762268066406,-31.45360565185547,-106.33836364746094,-4.916621208190918,66.02397155761719,0.2642907639997706
37,49,-8.445014953613281,32.28984832763672,-22.816131591796875,-86.82877349853516,-5.586904525756836,46.935997009277344,0.23841790309696181
38,0,-15.110952377319336,84.41708374023438,-0.7439117431640625,-90.11744689941406,-6.849201202392578,62.160919189453125,0.25558805926563677
38,1,-14.9218111038208,82.1825180053711,0.8836193084716797,-92.06037902832031,-7.2083740234375,63.794952392578125,0.25066524773551946
38,2,-14.529304504394531,78.1373519897461,-1.1494216918945312,-93.42772674560547,-7.190314292907715,65.76358032226562,0.2504030183237171
38,3,-15.160913467407227,75.65441131591797,-4.133061408996582,-92.90985107421875,-7.475473403930664,70.5728988647461,0.2535739779473204
38,4,-15.251885414123535,72.73663330078125,-8.171871185302734,-92.40022277832031,-7.360526084899902,70.04243469238281,0.25796459878839273
38,5,-15.209211349487305,67.66301727294922,-13.074384689331055,-92.56220245361328,-7.231111526489258,71.95799255371094,0.26146504777024376
38,6,-13.922456741333008,64.0975112915039,-21.7513484954834,-92.05038452148438,-6.370719909667969,77.08796691894531,0.2715697970922419
38,7,-13.606752395629883,63.644859313964844,-24.199445724487305,-92.50704193115234,-6.796688079833984,83.44889831542969,0.2747787172686085
38,8,-12.578497886657715,62.1104850769043,-25.27197265625,-94.26557159423828,-6.868929862976074,82.84955596923828,0.27558903426042336
38,9,-11.491042137145996,61.511558532714844,-25.028587341308594,-95.13307189941406,-6.865074157714844,81.88575744628906,0.274973615293724
38,10,-11.10322093963623,59.95188522338867,-27.101699829101562,-96.01398468017578,-6.699531555175781,81.30780029296875,0.2768456573177701
38,11,-10.978474617004395,58.60572052001953,-28.251766204833984,-96.98881530761719,-6.666749000549316,81.20991516113281,0.2775724548543195
38,12,-10.793851852416992,57.06261444091797,-28.87232208251953,-97.59386444091797,-6.536685943603516,81.02803802490234,0.2772009967670047
38,13,-10.068666458129883,55.406494140625,-28.88382339477539,-97.71150207519531,-6.454488754272461,80.41033172607422,0.275637013369373
38,14,-9.760658264160156,54.44615173339844,-28.8570499420166,-98.8732681274414,-6.511044502258301,79.88075256347656,0.2748666132923084
38,15,-9.992877006530762,53.7271842956543,-28.305458068847656,-99.51925659179688,-6.595462799072266,80.22720336914062,0.2733287409370607
38,16,-10.101197242736816,55.12901306152344,-26.08295249938965,-100.51847839355469,-6.822493553161621,79.12934875488281,0.2711837898271494
38,17,-10.341462135314941,53.81144332885742,-25.60261344909668,-101.8693618774414,-6.877756118774414,78.78177642822266,0.26887301816899156
38,18,-10.638167381286621,54.037353515625,-23.688400268554688,-102.74368286132812,-6.793785095214844,78.1953125,0.265527237523586
38,19,-10.256688117980957,53.597591400146484,-21.920747756958008,-104.40837097167969,-6.833437919616699,77.76904296875,0.26123568732908886
38,20,-10.048870086669922,51.661415100097656,-22.446155548095703,-104.40348815917969,-6.677433967590332,78.21853637695312,0.25986836970045857
38,21,-9.838594436645508,49.54038619995117,-23.49733543395996,-103.8367691040039,-6.442084312438965,77.22699737548828,0.2594365385241412
38,22,-9.802321434020996,50.22098922729492,-21.282432556152344,-104.09718322753906,-6.488558769226074,77.02949523925781,0.2557368738349616
38,23,-10.077197074890137,49.130157470703125,-21.696138381958008,-103.98834228515625,-6.360661506652832,76.44254302978516,0.2552040399510087
38,24,-10.616503715515137,49.63703918457031,-21.717655181884766,-104.1553955078125,-6.47355842590332,75.03529357910156,0.25585721255885263
38,25,-10.406035423278809,49.31467819213867,-22.255096435546875,-104.43678283691406,-6.417881965637207,75.85193634033203,0.2564561184547137
38,26,-10.757497787475586,48.35017776489258,-21.769113540649414,-105.49009704589844,-6.226471900939941,75.38436889648438,0.25379874489956034
38,27,-11.773435592651367,48.54838562011719,-22.153879165649414,-105.62959289550781,-6.379849433898926,75.30937194824219,0.2548283409054446
38,28,-11.510473251342773,48.16161346435547,-21.916248321533203,-107.0446548461914,-6.118821144104004,75.75187683105469,0.2532310701598504
38,29,-11.724454879760742,47.453529357910156,-23.54656219482422,-107.29183959960938,-6.186878204345703,75.37100219726562,0.2556816483419632
38,30,-11.623662948608398,47.41505432128906,-23.366512298583984,-107.6849365234375,-6.069262504577637,75.35511779785156,0.2550815833558908
38,31,-12.172799110412598,46.553001403808594,-23.954307556152344,-107.49526977539062,-6.145008087158203,75.84854125976562,0.2552465555571419
38,32,-12.151479721069336,45.82978820800781,-23.695690155029297,-108.09334564208984,-6.068621635437012,77.60076904296875,0.25343237374299854
38,33,-12.360664367675781,44.80986785888672,-24.505361557006836,-108.38005065917969,-6.035181045532227,76.50411987304688,0.2536505218295267
38,34,-12.715185165405273,44.31243896484375,-24.104049682617188,-108.41624450683594,-6.13424015045166,77.1418685913086,0.25205175674260183
38,35,-12.629098892211914,42.720802307128906,-24.414350509643555,-109.16522216796875,-6.335349082946777,76.26589965820312,0.25010371325921843
38,36,-12.665186882019043,41.87554931640625,-24.774738311767578,-109.68841552734375,-6.445835113525391,75.59224700927734,0.24941928682604436
38,37,-12.429916381835938,41.43032455444336,-25.979923248291016,-109.07070922851562,-6.282137870788574,76.13813781738281,0.25177670838086263
38,38,-12.538531303405762,41.66753387451172,-25.27138900756836,-109.18020629882812,-6.45198917388916,76.15072631835938,0.2504917540161765
38,39,-12.71162223815918,40.69593048095703,-26.484268188476562,-108.13555908203125,-6.109808921813965,75.564453125,0.2522519169742458
38,40,-12.896085739135742,40.36914825439453,-26.166501998901367,-108.35812377929688,-5.9870100021362305,74.98802185058594,0.2509835555224616
38,41,-13.22148609161377,41.13226318359375,-26.019126892089844,-108.2369384765625,-6.137701988220215,72.90351104736328,0.2518150460570639
38,42,-13.898858070373535,41.629905700683594,-24.9945125579834,-108.69972229003906,-6.322061538696289,60.65846252441406,0.25005243390614273
38,43,-13.977530479431152,40.34584045410156,-26.202064514160156,-108.61405944824219,-5.919797420501709,58.44161605834961,0.25090904921677676
38,44,-14.567424774169922,40.4040641784668,-26.10072898864746,-108.46809387207031,-5.94888162612915,59.293575286865234,0.2508376924919998
38,45,-15.89499282836914,42.25251388549805,-27.290916442871094,-107.50227355957031,-5.845443248748779,66.02450561523438,0.2564309467963932
38,46,-18.149248123168945,43.181243896484375,-29.38513946533203,-106.49008178710938,-4.954894542694092,70.88546752929688,0.2623097846095905
38,47,-19.64569664001465,42.1968994140625,-31.39719009399414,-105.40458679199219,-4.677027702331543,66.41625213623047,0.2651951618501045
38,48,-19.163055419921875,41.54762268066406,-31.45360565185547,-106.33836364746094,-4.916621208190918,66.02397155761719,0.2642907639997706
38,49,-8.445014953613281,32.28984832763672,-22.816131591796875,-86.82877349853516,-5.586904525756836,46.935997009277344,0.23841790309696181
39,0,-15.110952377319336,84.41708374023438,-0.7439117431640625,-90.11744689941406,-6.849201202392578,62.160919189453125,0.25558805926563677
39,1,-14.9218111038208,82.1825180053711,0.8836193084716797,-92.06037902832031,-7.2083740234375,63.794952392578125,0.25066524773551946
39,2,-14.529304504394531,78.1373519897461,-1.1494216918945312,-93.42772674560547,-7.190314292907715,65.76358032226562,0.2504030183237171
39,3,-15.160913467407227,75.65441131591797,-4.133061408996582,-92.90985107421875,-7.475473403930664,70.5728988647461,0.2535739779473204
39,4,-15.251885414123535,72.73663330078125,-8.171871185302734,-92.40022277832031,-7.360526084899902,70.04243469238281,0.25796459878839273
39,5,-15.209211349487305,67.66301727294922,-13.074384689331055,-92.56220245361328,-7.231111526489258,71.95799255371094,0.26146504777024376
39,6,-13.922456741333008,64.0975112915039,-21.7513484954834,-92.05038452148438,-6.370719909667969,77.08796691894531,0.2715697970922419
39,7,-13.606752395629883,63.644859313964844,-24.199445724487305,-92.50704193115234,-6.796688079833984,83.44889831542969,0.2747787172686085
39,8,-12.578497886657715,62.1104850769043,-25.27197265625,-94.26557159423828,-6.868929862976074,82.84955596923828,0.27558903426042336
39,9,-11.491042137145996,61.511558532714844,-25.028587341308594,-95.13307189941406,-6.865074157714844,81.88575744628906,0.274973615293724
39,10,-11.10322093963623,59.95188522338867,-27.101699829101562,-96.01398468017578,-6.699531555175781,81.30780029296875,0.2768456573177701
39,11,-10.978474617004395,58.60572052001953,-28.251766204833984,-96.98881530761719,-6.666749000549316,81.20991516113281,0.2775724548543195
39,12,-10.793851852416992,57.06261444091797,-28.87232208251953,-97.59386444091797,-6.536685943603516,81.02803802490234,0.2772009967670047
39,13,-10.068666458129883,55.406494140625,-28.88382339477539,-97.71150207519531,-6.454488754272461,80.41033172607422,0.275637013369373
39,14,-9.760658264160156,54.44615173339844,-28.8570499420166,-98.8732681274414,-6.511044502258301,79.88075256347656,0.2748666132923084
39,15,-9.992877006530762,53.7271842956543,-28.305458068847656,-99.51925659179688,-6.595462799072266,80.22720336914062,0.2733287409370607
39,16,-10.101197242736816,55.12901306152344,-26.08295249938965,-100.51847839355469,-6.822493553161621,79.12934875488281,0.2711837898271494
39,17,-10.341462135314941,53.81144332885742,-25.60261344909668,-101.8693618774414,-6.877756118774414,78.78177642822266,0.26887301816899156
39,18,-10.638167381286621,54.037353515625,-23.688400268554688,-102.74368286132812,-6.793785095214844,78.1953125,0.265527237523586
39,19,-10.256688117980957,53.597591400146484,-21.920747756958008,-104.40837097167969,-6.833437919616699,77.76904296875,0.26123568732908886
39,20,-10.048870086669922,51.661415100097656,-22.446155548095703,-104.40348815917969,-6.677433967590332,78.21853637695312,0.25986836970045857
39,21,-9.838594436645508,49.54038619995117,-23.49733543395996,-103.8367691040039,-6.442084312438965,77.22699737548828,0.2594365385241412
39,22,-9.802321434020996,50.22098922729492,-21.282432556152344,-104.09718322753906,-6.488558769226074,77.02949523925781,0.2557368738349616
39,23,-10.077197074890137,49.130157470703125,-21.696138381958008,-103.98834228515625,-6.360661506652832,76.44254302978516,0.2552040399510087
39,24,-10.616503715515137,49.63703918457031,-21.717655181884766,-104.1553955078125,-6.47355842590332,75.03529357910156,0.25585721255885263
39,25,-10.406035423278809,49.31467819213867,-22.255096435546875,-104.43678283691406,-6.417881965637207,75.85193634033203,0.2564561184547137
39,26,-10.757497787475586,48.35017776489258,-21.769113540649414,-105.49009704589844,-6.226471900939941,75.38436889648438,0.25379874489956034
39,27,-11.773435592651367,48.54838562011719,-22.153879165649414,-105.62959289550781,-6.379849433898926,75.30937194824219,0.2548283409054446
39,28,-11.510473251342773,48.16161346435547,-21.916248321533203,-107.0446548461914,-6.118821144104004,75.75187683105469,0.2532310701598504
39,29,-11.724454879760742,47.453529357910156,-23.54656219482422,-107.29183959960938,-6.186878204345703,75.37100219726562,0.2556816483419632
39,30,-11.623662948608398,47.41505432128906,-23.366512298583984,-107.6849365234375,-6.069262504577637,75.35511779785156,0.2550815833558908
39,31,-12.172799110412598,46.553001403808594,-23.954307556152344,-107.49526977539062,-6.145008087158203,75.84854125976562,0.2552465555571419
39,32,-12.151479721069336,45.82978820800781,-23.695690155029297,-108.09334564208984,-6.068621635437012,77.60076904296875,0.25343237374299854
39,33,-12.360664367675781,44.80986785888672,-24.505361557006836,-108.38005065917969,-6.035181045532227,76.50411987304688,0.2536505218295267
39,34,-12.715185165405273,44.31243896484375,-24.104049682617188,-108.41624450683594,-6.13424015045166,77.1418685913086,0.25205175674260183
39,35,-12.629098892211914,42.720802307128906,-24.414350509643555,-109.16522216796875,-6.335349082946777,76.26589965820312,0.25010371325921843
39,36,-12.665186882019043,41.87554931640625,-24.774738311767578,-109.68841552734375,-6.445835113525391,75.59224700927734,0.24941928682604436
39,37,-12.429916381835938,41.43032455444336,-25.979923248291016,-109.07070922851562,-6.282137870788574,76.13813781738281,0.25177670838086263
39,38,-12.538531303405762,41.66753387451172,-25.27138900756836,-109.18020629882812,-6.45198917388916,76.15072631835938,0.2504917540161765
39,39,-12.71162223815918,40.69593048095703,-26.484268188476562,-108.13555908203125,-6.109808921813965,75.564453125,0.2522519169742458
39,40,-12.896085739135742,40.36914825439453,-26.166501998901367,-108.35812377929688,-5.9870100021362305,74.98802185058594,0.2509835555224616
39,41,-13.22148609161377,41.13226318359375,-26.019126892089844,-108.2369384765625,-6.137701988220215,72.90351104736328,0.2518150460570639
39,42,-13.898858070373535,41.629905700683594,-24.9945125579834,-108.69972229003906,-6.322061538696289,60.65846252441406,0.25005243390614273
39,43,-13.977530479431152,40.34584045410156,-26.202064514160156,-108.61405944824219,-5.919797420501709,58.44161605834961,0.25090904921677676
39,44,-14.567424774169922,40.4040641784668,-26.10072898864746,-108.46809387207031,-5.94888162612915,59.293575286865234,0.2508376924919998
39,45,-15.89499282836914,42.25251388549805,-27.290916442871094,-107.50227355957031,-5.845443248748779,66.02450561523438,0.2564309467963932
39,46,-18.149248123168945,43.181243896484375,-29.38513946533203,-106.49008178710938,-4.954894542694092,70.88546752929688,0.2623097846095905
39,47,-19.64569664001465,42.1968994140625,-31.39719009399414,-105.40458679199219,-4.677027702331543,66.41625213623047,0.2651951618501045
39,48,-19.163055419921875,41.54762268066406,-31.45360565185547,-106.33836364746094,-4.916621208190918,66.02397155761719,0.2642907639997706
39,49,-8.445014953613281,32.28984832763672,-22.816131591796875,-86.82877349853516,-5.586904525756836,46.935997009277344,0.23841790309696181
40,0,-15.110952377319336,84.41708374023438,-0.7439117431640625,-90.11744689941406,-6.849201202392578,62.160919189453125,0.25558805926563677
40,1,-14.9218111038208,82.1825180053711,0.8836193084716797,-92.06037902832031,-7.2083740234375,63.794952392578125,0.25066524773551946
40,2,-14.529304504394531,78.1373519897461,-1.1494216918945312,-93.42772674560547,-7.190314292907715,65.76358032226562,0.2504030183237171
40,3,-15.160913467407227,75.65441131591797,-4.133061408996582,-92.90985107421875,-7.475473403930664,70.5728988647461,0.2535739779473204
40,4,-15.251885414123535,72.73663330078125,-8.171871185302734,-92.40022277832031,-7.360526084899902,70.04243469238281,0.25796459878839273
40,5,-15.209211349487305,67.66301727294922,-13.074384689331055,-92.56220245361328,-7.231111526489258,71.95799255371094,0.26146504777024376
40,6,-13.922456741333008,64.0975112915039,-21.7513484954834,-92.05038452148438,-6.370719909667969,77.08796691894531,0.2715697970922419
40,7,-13.606752395629883,63.644859313964844,-24.199445724487305,-92.50704193115234,-6.796688079833984,83.44889831542969,0.2747787172686085
40,8,-12.578497886657715,62.1104850769043,-25.27197265625,-94.26557159423828,-6.868929862976074,82.84955596923828,0.27558903426042336
40,9,-11.491042137145996,61.511558532714844,-25.028587341308594,-95.13307189941406,-6.865074157714844,81.88575744628906,0.274973615293724
40,10,-11.10322093963623,59.95188522338867,-27.101699829101562,-96.01398468017578,-6.699531555175781,81.30780029296875,0.2768456573177701
40,11,-10.978474617004395,58.60572052001953,-28.251766204833984,-96.98881530761719,-6.666749000549316,81.20991516113281,0.2775724548543195
40,12,-10.793851852416992,57.06261444091797,-28.87232208251953,-97.59386444091797,-6.536685943603516,81.02803802490234,0.2772009967670047
40,13,-10.068666458129883,55.406494140625,-28.88382339477539,-97.71150207519531,-6.454488754272461,80.41033172607422,0.275637013369373
40,14,-9.760658264160156,54.44615173339844,-28.8570499420166,-98.8732681274414,-6.511044502258301,79.88075256347656,0.2748666132923084
40,15,-9.992877006530762,53.7271842956543,-28.305458068847656,-99.51925659179688,-6.595462799072266,80.22720336914062,0.2733287409370607
40,16,-10.101197242736816,55.12901306152344,-26.08295249938965,-100.51847839355469,-6.822493553161621,79.12934875488281,0.2711837898271494
40,17,-10.341462135314941,53.81144332885742,-25.60261344909668,-101.8693618774414,-6.877756118774414,78.78177642822266,0.26887301816899156
40,18,-10.638167381286621,54.037353515625,-23.688400268554688,-102.74368286132812,-6.793785095214844,78.1953125,0.265527237523586
40,19,-10.256688117980957,53.597591400146484,-21.920747756958008,-104.40837097167969,-6.833437919616699,77.76904296875,0.26123568732908886
40,20,-10.048870086669922,51.661415100097656,-22.446155548095703,-104.40348815917969,-6.677433967590332,78.21853637695312,0.25986836970045857
40,21,-9.838594436645508,49.54038619995117,-23.49733543395996,-103.8367691040039,-6.442084312438965,77.22699737548828,0.2594365385241412
40,22,-9.802321434020996,50.22098922729492,-21.282432556152344,-104.09718322753906,-6.488558769226074,77.02949523925781,0.2557368738349616
40,23,-10.077197074890137,49.130157470703125,-21.696138381958008,-103.98834228515625,-6.360661506652832,76.44254302978516,0.2552040399510087
40,24,-10.616503715515137,49.63703918457031,-21.717655181884766,-104.1553955078125,-6.47355842590332,75.03529357910156,0.25585721255885263
40,25,-10.406035423278809,49.31467819213867,-22.255096435546875,-104.43678283691406,-6.417881965637207,75.85193634033203,0.2564561184547137
40,26,-10.757497787475586,48.35017776489258,-21.769113540649414,-105.49009704589844,-6.226471900939941,75.38436889648438,0.25379874489956034
40,27,-11.773435592651367,48.54838562011719,-22.153879165649414,-105.62959289550781,-6.379849433898926,75.30937194824219,0.2548283409054446
40,28,-11.510473251342773,48.16161346435547,-21.916248321533203,-107.0446548461914,-6.118821144104004,75.75187683105469,0.2532310701598504
40,29,-11.724454879760742,47.453529357910156,-23.54656219482422,-107.29183959960938,-6.186878204345703,75.37100219726562,0.2556816483419632
40,30,-11.623662948608398,47.41505432128906,-23.366512298583984,-107.6849365234375,-6.069262504577637,75.35511779785156,0.2550815833558908
40,31,-12.172799110412598,46.553001403808594,-23.954307556152344,-107.49526977539062,-6.145008087158203,75.84854125976562,0.2552465555571419
40,32,-12.151479721069336,45.82978820800781,-23.695690155029297,-108.09334564208984,-6.068621635437012,77.60076904296875,0.25343237374299854
40,33,-12.360664367675781,44.80986785888672,-24.505361557006836,-108.38005065917969,-6.035181045532227,76.50411987304688,0.2536505218295267
40,34,-12.715185165405273,44.31243896484375,-24.104049682617188,-108.41624450683594,-6.13424015045166,77.1418685913086,0.25205175674260183
40,35,-12.629098892211914,42.720802307128906,-24.414350509643555,-109.16522216796875,-6.335349082946777,76.26589965820312,0.25010371325921843
40,36,-12.665186882019043,41.87554931640625,-24.774738311767578,-109.68841552734375,-6.445835113525391,75.59224700927734,0.24941928682604436
40,37,-12.429916381835938,41.43032455444336,-25.979923248291016,-109.07070922851562,-6.282137870788574,76.13813781738281,0.25177670838086263
40,38,-12.538531303405762,41.66753387451172,-25.27138900756836,-109.18020629882812,-6.45198917388916,76.15072631835938,0.2504917540161765
40,39,-12.71162223815918,40.69593048095703,-26.484268188476562,-108.13555908203125,-6.109808921813965,75.564453125,0.2522519169742458
40,40,-12.896085739135742,40.36914825439453,-26.166501998901367,-108.35812377929688,-5.9870100021362305,74.98802185058594,0.2509835555224616
40,41,-13.22148609161377,41.13226318359375,-26.019126892089844,-108.2369384765625,-6.137701988220215,72.90351104736328,0.2518150460570639
40,42,-13.898858070373535,41.629905700683594,-24.9945125579834,-108.69972229003906,-6.322061538696289,60.65846252441406,0.25005243390614273
40,43,-13.977530479431152,40.34584045410156,-26.202064514160156,-108.61405944824219,-5.919797420501709,58.44161605834961,0.25090904921677676
40,44,-14.567424774169922,40.4040641784668,-26.10072898864746,-108.46809387207031,-5.94888162612915,59.293575286865234,0.2508376924919998
40,45,-15.89499282836914,42.25251388549805,-27.290916442871094,-107.50227355957031,-5.845443248748779,66.02450561523438,0.2564309467963932
40,46,-18.149248123168945,43.181243896484375,-29.38513946533203,-106.49008178710938,-4.954894542694092,70.88546752929688,0.2623097846095905
40,47,-19.64569664001465,42.1968994140625,-31.39719009399414,-105.40458679199219,-4.677027702331543,66.41625213623047,0.2651951618501045
40,48,-19.163055419921875,41.54762268066406,-31.45360565185547,-106.33836364746094,-4.916621208190918,66.02397155761719,0.2642907639997706
40,49,-8.445014953613281,32.28984832763672,-22.816131591796875,-86.82877349853516,-5.586904525756836,46.935997009277344,0.23841790309696181
41,0,-15.110952377319336,84.41708374023438,-0.7439117431640625,-90.11744689941406,-6.849201202392578,62.160919189453125,0.25558805926563677
41,1,-14.9218111038208,82.1825180053711,0.8836193084716797,-92.06037902832031,-7.2083740234375,63.794952392578125,0.25066524773551946
41,2,-14.529304504394531,78.1373519897461,-1.1494216918945312,-93.42772674560547,-7.190314292907715,65.76358032226562,0.2504030183237171
41,3,-15.160913467407227,75.65441131591797,-4.133061408996582,-92.90985107421875,-7.475473403930664,70.5728988647461,0.2535739779473204
41,4,-15.251885414123535,72.73663330078125,-8.171871185302734,-92.40022277832031,-7.360526084899902,70.04243469238281,0.25796459878839273
41,5,-15.209211349487305,67.66301727294922,-13.074384689331055,-92.56220245361328,-7.231111526489258,71.95799255371094,0.26146504777024376
41,6,-13.922456741333008,64.0975112915039,-21.7513484954834,-92.05038452148438,-6.370719909667969,77.08796691894531,0.2715697970922419
41,7,-13.606752395629883,63.644859313964844,-24.199445724487305,-92.50704193115234,-6.796688079833984,83.44889831542969,0.2747787172686085
41,8,-12.578497886657715,62.1104850769043,-25.27197265625,-94.26557159423828,-6.868929862976074,82.84955596923828,0.27558903426042336
41,9,-11.491042137145996,61.511558532714844,-25.028587341308594,-95.13307189941406,-6.865074157714844,81.88575744628906,0.274973615293724
41,10,-11.10322093963623,59.95188522338867,-27.101699829101562,-96.01398468017578,-6.699531555175781,81.30780029296875,0.2768456573177701
41,11,-10.978474617004395,58.60572052001953,-28.251766204833984,-96.98881530761719,-6.666749000549316,81.20991516113281,0.2775724548543195
41,12,-10.793851852416992,57.06261444091797,-28.87232208251953,-97.59386444091797,-6.536685943603516,81.02803802490234,0.2772009967670047
41,13,-10.068666458129883,55.406494140625,-28.88382339477539,-97.71150207519531,-6.454488754272461,80.41033172607422,0.275637013369373
41,14,-9.760658264160156,54.44615173339844,-28.8570499420166,-98.8732681274414,-6.511044502258301,79.88075256347656,0.2748666132923084
41,15,-9.992877006530762,53.7271842956543,-28.305458068847656,-99.51925659179688,-6.595462799072266,80.22720336914062,0.2733287409370607
41,16,-10.101197242736816,55.12901306152344,-26.08295249938965,-100.51847839355469,-6.822493553161621,79.12934875488281,0.2711837898271494
41,17,-10.341462135314941,53.81144332885742,-25.60261344909668,-101.8693618774414,-6.877756118774414,78.78177642822266,0.26887301816899156
41,18,-10.638167381286621,54.037353515625,-23.688400268554688,-102.74368286132812,-6.793785095214844,78.1953125,0.265527237523586
41,19,-10.256688117980957,53.597591400146484,-21.920747756958008,-104.40837097167969,-6.833437919616699,77.76904296875,0.26123568732908886
41,20,-10.048870086669922,51.661415100097656,-22.446155548095703,-104.40348815917969,-6.677433967590332,78.21853637695312,0.25986836970045857
41,21,-9.838594436645508,49.54038619995117,-23.49733543395996,-103.8367691040039,-6.442084312438965,77.22699737548828,0.2594365385241412
41,22,-9.802321434020996,50.22098922729492,-21.282432556152344,-104.09718322753906,-6.488558769226074,77.02949523925781,0.2557368738349616
41,23,-10.077197074890137,49.130157470703125,-21.696138381958008,-103.98834228515625,-6.360661506652832,76.44254302978516,0.2552040399510087
41,24,-10.616503715515137,49.63703918457031,-21.717655181884766,-104.1553955078125,-6.47355842590332,75.03529357910156,0.25585721255885263
41,25,-10.406035423278809,49.31467819213867,-22.255096435546875,-104.43678283691406,-6.417881965637207,75.85193634033203,0.2564561184547137
41,26,-10.757497787475586,48.35017776489258,-21.769113540649414,-105.49009704589844,-6.226471900939941,75.38436889648438,0.25379874489956034
41,27,-11.773435592651367,48.54838562011719,-22.153879165649414,-105.62959289550781,-6.379849433898926,75.30937194824219,0.2548283409054446
41,28,-11.510473251342773,48.16161346435547,-21.916248321533203,-107.0446548461914,-6.118821144104004,75.75187683105469,0.2532310701598504
41,29,-11.724454879760742,47.453529357910156,-23.54656219482422,-107.29183959960938,-6.186878204345703,75.37100219726562,0.2556816483419632
41,30,-11.623662948608398,47.41505432128906,-23.366512298583984,-107.6849365234375,-6.069262504577637,75.35511779785156,0.2550815833558908
41,31,-12.172799110412598,46.553001403808594,-23.954307556152344,-107.49526977539062,-6.145008087158203,75.84854125976562,0.2552465555571419
41,32,-12.151479721069336,45.82978820800781,-23.695690155029297,-108.09334564208984,-6.068621635437012,77.60076904296875,0.25343237374299854
41,33,-12.360664367675781,44.80986785888672,-24.505361557006836,-108.38005065917969,-6.035181045532227,76.50411987304688,0.2536505218295267
41,34,-12.715185165405273,44.31243896484375,-24.104049682617188,-108.41624450683594,-6.13424015045166,77.1418685913086,0.25205175674260183
41,35,-12.629098892211914,42.720802307128906,-24.414350509643555,-109.16522216796875,-6.335349082946777,76.26589965820312,0.25010371325921843
41,36,-12.665186882019043,41.87554931640625,-24.774738311767578,-109.68841552734375,-6.445835113525391,75.59224700927734,0.24941928682604436
41,37,-12.429916381835938,41.43032455444336,-25.979923248291016,-109.07070922851562,-6.282137870788574,76.13813781738281,0.25177670838086263
41,38,-12.538531303405762,41.66753387451172,-25.27138900756836,-109.18020629882812,-6.45198917388916,76.15072631835938,0.2504917540161765
41,39,-12.71162223815918,40.69593048095703,-26.484268188476562,-108.13555908203125,-6.109808921813965,75.564453125,0.2522519169742458
41,40,-12.896085739135742,40.36914825439453,-26.166501998901367,-108.35812377929688,-5.9870100021362305,74.98802185058594,0.2509835555224616
41,41,-13.22148609161377,41.13226318359375,-26.019126892089844,-108.2369384765625,-6.137701988220215,72.90351104736328,0.2518150460570639
41,42,-13.898858070373535,41.629905700683594,-24.9945125579834,-108.69972229003906,-6.322061538696289,60.65846252441406,0.25005243390614273
41,43,-13.977530479431152,40.34584045410156,-26.202064514160156,-108.61405944824219,-5.919797420501709,58.44161605834961,0.25090904921677676
41,44,-14.567424774169922,40.4040641784668,-26.10072898864746,-108.46809387207031,-5.94888162612915,59.293575286865234,0.2508376924919998
41,45,-15.89499282836914,42.25251388549805,-27.290916442871094,-107.50227355957031,-5.845443248748779,66.02450561523438,0.2564309467963932
41,46,-18.149248123168945,43.181243896484375,-29.38513946533203,-106.49008178710938,-4.954894542694092,70.88546752929688,0.2623097846095905
41,47,-19.64569664001465,42.1968994140625,-31.39719009399414,-105.40458679199219,-4.677027702331543,66.41625213623047,0.2651951618501045
41,48,-19.163055419921875,41.54762268066406,-31.45360565185547,-106.33836364746094,-4.916621208190918,66.02397155761719,0.2642907639997706
41,49,-8.445014953613281,32.28984832763672,-22.816131591796875,-86.82877349853516,-5.586904525756836,46.935997009277344,0.23841790309696181
42,0,-15.110952377319336,84.41708374023438,-0.7439117431640625,-90.11744689941406,-6.849201202392578,62.160919189453125,0.25558805926563677
42,1,-14.9218111038208,82.1825180053711,0.8836193084716797,-92.06037902832031,-7.2083740234375,63.794952392578125,0.25066524773551946
42,2,-14.529304504394531,78.1373519897461,-1.1494216918945312,-93.42772674560547,-7.190314292907715,65.76358032226562,0.2504030183237171
42,3,-15.160913467407227,75.65441131591797,-4.133061408996582,-92.90985107421875,-7.475473403930664,70.5728988647461,0.2535739779473204
42,4,-15.251885414123535,72.73663330078125,-8.171871185302734,-92.40022277832031,-7.360526084899902,70.04243469238281,0.25796459878839273
42,5,-15.209211349487305,67.66301727294922,-13.074384689331055,-92.56220245361328,-7.231111526489258,71.95799255371094,0.26146504777024376
42,6,-13.922456741333008,64.0975112915039,-21.7513484954834,-92.05038452148438,-6.370719909667969,77.08796691894531,0.2715697970922419
42,7,-13.606752395629883,63.644859313964844,-24.199445724487305,-92.50704193115234,-6.796688079833984,83.44889831542969,0.2747787172686085
42,8,-12.578497886657715,62.1104850769043,-25.27197265625,-94.26557159423828,-6.868929862976074,82.84955596923828,0.27558903426042336
42,9,-11.491042137145996,61.511558532714844,-25.028587341308594,-95.13307189941406,-6.865074157714844,81.88575744628906,0.274973615293724
42,10,-11.10322093963623,59.95188522338867,-27.101699829101562,-96.01398468017578,-6.699531555175781,81.30780029296875,0.2768456573177701
42,11,-10.978474617004395,58.60572052001953,-28.251766204833984,-96.98881530761719,-6.666749000549316,81.20991516113281,0.2775724548543195
42,12,-10.793851852416992,57.06261444091797,-28.87232208251953,-97.59386444091797,-6.536685943603516,81.02803802490234,0.2772009967670047
42,13,-10.068666458129883,55.406494140625,-28.88382339477539,-97.71150207519531,-6.454488754272461,80.41033172607422,0.275637013369373
42,14,-9.760658264160156,54.44615173339844,-28.8570499420166,-98.8732681274414,-6.511044502258301,79.88075256347656,0.2748666132923084
42,15,-9.992877006530762,53.7271842956543,-28.305458068847656,-99.51925659179688,-6.595462799072266,80.22720336914062,0.2733287409370607
42,16,-10.101197242736816,55.12901306152344,-26.08295249938965,-100.51847839355469,-6.822493553161621,79.12934875488281,0.2711837898271494
42,17,-10.341462135314941,53.81144332885742,-25.60261344909668,-101.8693618774414,-6.877756118774414,78.78177642822266,0.26887301816899156
42,18,-10.638167381286621,54.037353515625,-23.688400268554688,-102.74368286132812,-6.793785095214844,78.1953125,0.265527237523586
42,19,-10.256688117980957,53.597591400146484,-21.920747756958008,-104.40837097167969,-6.833437919616699,77.76904296875,0.26123568732908886
42,20,-10.048870086669922,51.661415100097656,-22.446155548095703,-104.40348815917969,-6.677433967590332,78.21853637695312,0.25986836970045857
42,21,-9.838594436645508,49.54038619995117,-23.49733543395996,-103.8367691040039,-6.442084312438965,77.22699737548828,0.2594365385241412
42,22,-9.802321434020996,50.22098922729492,-21.282432556152344,-104.09718322753906,-6.488558769226074,77.02949523925781,0.2557368738349616
42,23,-10.077197074890137,49.130157470703125,-21.696138381958008,-103.98834228515625,-6.360661506652832,76.44254302978516,0.2552040399510087
42,24,-10.616503715515137,49.63703918457031,-21.717655181884766,-104.1553955078125,-6.47355842590332,75.03529357910156,0.25585721255885263
42,25,-10.406035423278809,49.31467819213867,-22.255096435546875,-104.43678283691406,-6.417881965637207,75.85193634033203,0.2564561184547137
42,26,-10.757497787475586,48.35017776489258,-21.769113540649414,-105.49009704589844,-6.226471900939941,75.38436889648438,0.25379874489956034
42,27,-11.773435592651367,48.54838562011719,-22.153879165649414,-105.62959289550781,-6.379849433898926,75.30937194824219,0.2548283409054446
42,28,-11.510473251342773,48.16161346435547,-21.916248321533203,-107.0446548461914,-6.118821144104004,75.75187683105469,0.2532310701598504
42,29,-11.724454879760742,47.453529357910156,-23.54656219482422,-107.29183959960938,-6.186878204345703,75.37100219726562,0.2556816483419632
42,30,-11.623662948608398,47.41505432128906,-23.366512298583984,-107.6849365234375,-6.069262504577637,75.35511779785156,0.2550815833558908
42,31,-12.172799110412598,46.553001403808594,-23.954307556152344,-107.49526977539062,-6.145008087158203,75.84854125976562,0.2552465555571419
42,32,-12.151479721069336,45.82978820800781,-23.695690155029297,-108.09334564208984,-6.068621635437012,77.60076904296875,0.25343237374299854
42,33,-12.360664367675781,44.80986785888672,-24.505361557006836,-108.38005065917969,-6.035181045532227,76.50411987304688,0.2536505218295267
42,34,-12.715185165405273,44.31243896484375,-24.104049682617188,-108.41624450683594,-6.13424015045166,77.1418685913086,0.25205175674260183
42,35,-12.629098892211914,42.720802307128906,-24.414350509643555,-109.16522216796875,-6.335349082946777,76.26589965820312,0.25010371325921843
42,36,-12.665186882019043,41.87554931640625,-24.774738311767578,-109.68841552734375,-6.445835113525391,75.59224700927734,0.24941928682604436
42,37,-12.429916381835938,41.43032455444336,-25.979923248291016,-109.07070922851562,-6.282137870788574,76.13813781738281,0.25177670838086263
42,38,-12.538531303405762,41.66753387451172,-25.27138900756836,-109.18020629882812,-6.45198917388916,76.15072631835938,0.2504917540161765
42,39,-12.71162223815918,40.69593048095703,-26.484268188476562,-108.13555908203125,-6.109808921813965,75.564453125,0.2522519169742458
42,40,-12.896085739135742,40.36914825439453,-26.166501998901367,-108.35812377929688,-5.9870100021362305,74.98802185058594,0.2509835555224616
42,41,-13.22148609161377,41.13226318359375,-26.019126892089844,-108.2369384765625,-6.137701988220215,72.90351104736328,0.2518150460570639
42,42,-13.898858070373535,41.629905700683594,-24.9945125579834,-108.69972229003906,-6.322061538696289,60.65846252441406,0.25005243390614273
42,43,-13.977530479431152,40.34584045410156,-26.202064514160156,-108.61405944824219,-5.919797420501709,58.44161605834961,0.25090904921677676
42,44,-14.567424774169922,40.4040641784668,-26.10072898864746,-108.46809387207031,-5.94888162612915,59.293575286865234,0.2508376924919998
42,45,-15.89499282836914,42.25251388549805,-27.290916442871094,-107.50227355957031,-5.845443248748779,66.02450561523438,0.2564309467963932
42,46,-18.149248123168945,43.181243896484375,-29.38513946533203,-106.49008178710938,-4.954894542694092,70.88546752929688,0.2623097846095905
42,47,-19.64569664001465,42.1968994140625,-31.39719009399414,-105.40458679199219,-4.677027702331543,66.41625213623047,0.2651951618501045
42,48,-19.163055419921875,41.54762268066406,-31.45360565185547,-106.33836364746094,-4.916621208190918,66.02397155761719,0.2642907639997706
42,49,-8.445014953613281,32.28984832763672,-22.816131591796875,-86.82877349853516,-5.586904525756836,46.935997009277344,0.23841790309696181
43,0,-15.110952377319336,84.41708374023438,-0.7439117431640625,-90.11744689941406,-6.849201202392578,62.160919189453125,0.25558805926563677
43,1,-14.9218111038208,82.1825180053711,0.8836193084716797,-92.06037902832031,-7.2083740234375,63.794952392578125,0.25066524773551946
43,2,-14.529304504394531,78.1373519897461,-1.1494216918945312,-93.42772674560547,-7.190314292907715,65.76358032226562,0.2504030183237171
43,3,-15.160913467407227,75.65441131591797,-4.133061408996582,-92.90985107421875,-7.475473403930664,70.5728988647461,0.2535739779473204
43,4,-15.251885414123535,72.73663330078125,-8.171871185302734,-92.40022277832031,-7.360526084899902,70.04243469238281,0.25796459878839273
43,5,-15.209211349487305,67.66301727294922,-13.074384689331055,-92.56220245361328,-7.231111526489258,71.95799255371094,0.26146504777024376
43,6,-13.922456741333008,64.0975112915039,-21.7513484954834,-92.05038452148438,-6.370719909667969,77.08796691894531,0.2715697970922419
43,7,-13.606752395629883,63.644859313964844,-24.199445724487305,-92.50704193115234,-6.796688079833984,83.44889831542969,0.2747787172686085
43,8,-12.578497886657715,62.1104850769043,-25.27197265625,-94.26557159423828,-6.868929862976074,82.84955596923828,0.27558903426042336
43,9,-11.491042137145996,61.511558532714844,-25.028587341308594,-95.13307189941406,-6.865074157714844,81.88575744628906,0.274973615293724
43,10,-11.10322093963623,59.95188522338867,-27.101699829101562,-96.01398468017578,-6.699531555175781,81.30780029296875,0.2768456573177701
43,11,-10.978474617004395,58.60572052001953,-28.251766204833984,-96.98881530761719,-6.666749000549316,81.20991516113281,0.2775724548543195
43,12,-10.793851852416992,57.06261444091797,-28.87232208251953,-97.59386444091797,-6.536685943603516,81.02803802490234,0.2772009967670047
43,13,-10.068666458129883,55.406494140625,-28.88382339477539,-97.71150207519531,-6.454488754272461,80.41033172607422,0.275637013369373
43,14,-9.760658264160156,54.44615173339844,-28.8570499420166,-98.8732681274414,-6.511044502258301,79.88075256347656,0.2748666132923084
43,15,-9.992877006530762,53.7271842956543,-28.305458068847656,-99.51925659179688,-6.595462799072266,80.22720336914062,0.2733287409370607
43,16,-10.101197242736816,55.12901306152344,-26.08295249938965,-100.51847839355469,-6.822493553161621,79.12934875488281,0.2711837898271494
43,17,-10.341462135314941,53.81144332885742,-25.60261344909668,-101.8693618774414,-6.877756118774414,78.78177642822266,0.26887301816899156
43,18,-10.638167381286621,54.037353515625,-23.688400268554688,-102.74368286132812,-6.793785095214844,78.1953125,0.265527237523586
43,19,-10.256688117980957,53.597591400146484,-21.920747756958008,-104.40837097167969,-6.833437919616699,77.76904296875,0.26123568732908886
43,20,-10.048870086669922,51.661415100097656,-22.446155548095703,-104.40348815917969,-6.677433967590332,78.21853637695312,0.25986836970045857
43,21,-9.838594436645508,49.54038619995117,-23.49733543395996,-103.8367691040039,-6.442084312438965,77.22699737548828,0.2594365385241412
43,22,-9.802321434020996,50.22098922729492,-21.282432556152344,-104.09718322753906,-6.488558769226074,77.02949523925781,0.2557368738349616
43,23,-10.077197074890137,49.130157470703125,-21.696138381958008,-103.98834228515625,-6.360661506652832,76.44254302978516,0.2552040399510087
43,24,-10.616503715515137,49.63703918457031,-21.717655181884766,-104.1553955078125,-6.47355842590332,75.03529357910156,0.25585721255885263
43,25,-10.406035423278809,49.31467819213867,-22.255096435546875,-104.43678283691406,-6.417881965637207,75.85193634033203,0.2564561184547137
43,26,-10.757497787475586,48.35017776489258,-21.769113540649414,-105.49009704589844,-6.226471900939941,75.38436889648438,0.25379874489956034
43,27,-11.773435592651367,48.54838562011719,-22.153879165649414,-105.62959289550781,-6.379849433898926,75.30937194824219,0.2548283409054446
43,28,-11.510473251342773,48.16161346435547,-21.916248321533203,-107.0446548461914,-6.118821144104004,75.75187683105469,0.2532310701598504
43,29,-11.724454879760742,47.453529357910156,-23.54656219482422,-107.29183959960938,-6.186878204345703,75.37100219726562,0.2556816483419632
43,30,-11.623662948608398,47.41505432128906,-23.366512298583984,-107.6849365234375,-6.069262504577637,75.35511779785156,0.2550815833558908
43,31,-12.172799110412598,46.553001403808594,-23.954307556152344,-107.49526977539062,-6.145008087158203,75.84854125976562,0.2552465555571419
43,32,-12.151479721069336,45.82978820800781,-23.695690155029297,-108.09334564208984,-6.068621635437012,77.60076904296875,0.25343237374299854
43,33,-12.360664367675781,44.80986785888672,-24.505361557006836,-108.38005065917969,-6.035181045532227,76.50411987304688,0.2536505218295267
43,34,-12.715185165405273,44.31243896484375,-24.104049682617188,-108.41624450683594,-6.13424015045166,77.1418685913086,0.25205175674260183
43,35,-12.629098892211914,42.720802307128906,-24.414350509643555,-109.16522216796875,-6.335349082946777,76.26589965820312,0.25010371325921843
43,36,-12.665186882019043,41.87554931640625,-24.774738311767578,-109.68841552734375,-6.445835113525391,75.59224700927734,0.24941928682604436
43,37,-12.429916381835938,41.43032455444336,-25.979923248291016,-109.07070922851562,-6.282137870788574,76.13813781738281,0.25177670838086263
43,38,-12.538531303405762,41.66753387451172,-25.27138900756836,-109.18020629882812,-6.45198917388916,76.15072631835938,0.2504917540161765
43,39,-12.71162223815918,40.69593048095703,-26.484268188476562,-108.13555908203125,-6.109808921813965,75.564453125,0.2522519169742458
43,40,-12.896085739135742,40.36914825439453,-26.166501998901367,-108.35812377929688,-5.9870100021362305,74.98802185058594,0.2509835555224616
43,41,-13.22148609161377,41.13226318359375,-26.019126892089844,-108.2369384765625,-6.137701988220215,72.90351104736328,0.2518150460570639
43,42,-13.898858070373535,41.629905700683594,-24.9945125579834,-108.69972229003906,-6.322061538696289,60.65846252441406,0.25005243390614273
43,43,-13.977530479431152,40.34584045410156,-26.202064514160156,-108.61405944824219,-5.919797420501709,58.44161605834961,0.25090904921677676
43,44,-14.567424774169922,40.4040641784668,-26.10072898864746,-108.46809387207031,-5.94888162612915,59.293575286865234,0.2508376924919998
43,45,-15.89499282836914,42.25251388549805,-27.290916442871094,-107.50227355957031,-5.845443248748779,66.02450561523438,0.2564309467963932
43,46,-18.149248123168945,43.181243896484375,-29.38513946533203,-106.49008178710938,-4.954894542694092,70.88546752929688,0.2623097846095905
43,47,-19.64569664001465,42.1968994140625,-31.39719009399414,-105.40458679199219,-4.677027702331543,66.41625213623047,0.2651951618501045
43,48,-19.163055419921875,41.54762268066406,-31.45360565185547,-106.33836364746094,-4.916621208190918,66.02397155761719,0.2642907639997706
43,49,-8.445014953613281,32.28984832763672,-22.816131591796875,-86.82877349853516,-5.586904525756836,46.935997009277344,0.23841790309696181
44,0,-15.110952377319336,84.41708374023438,-0.7439117431640625,-90.11744689941406,-6.849201202392578,62.160919189453125,0.25558805926563677
44,1,-14.9218111038208,82.1825180053711,0.8836193084716797,-92.06037902832031,-7.2083740234375,63.794952392578125,0.25066524773551946
44,2,-14.529304504394531,78.1373519897461,-1.1494216918945312,-93.42772674560547,-7.190314292907715,65.76358032226562,0.2504030183237171
44,3,-15.160913467407227,75.65441131591797,-4.133061408996582,-92.90985107421875,-7.475473403930664,70.5728988647461,0.2535739779473204
44,4,-15.251885414123535,72.73663330078125,-8.171871185302734,-92.40022277832031,-7.360526084899902,70.04243469238281,0.25796459878839273
44,5,-15.209211349487305,67.66301727294922,-13.074384689331055,-92.56220245361328,-7.231111526489258,71.95799255371094,0.26146504777024376
44,6,-13.922456741333008,64.0975112915039,-21.7513484954834,-92.05038452148438,-6.370719909667969,77.08796691894531,0.2715697970922419
44,7,-13.606752395629883,63.644859313964844,-24.199445724487305,-92.50704193115234,-6.796688079833984,83.44889831542969,0.2747787172686085
44,8,-12.578497886657715,62.1104850769043,-25.27197265625,-94.26557159423828,-6.868929862976074,82.84955596923828,0.27558903426042336
44,9,-11.491042137145996,61.511558532714844,-25.028587341308594,-95.13307189941406,-6.865074157714844,81.88575744628906,0.274973615293724
44,10,-11.10322093963623,59.95188522338867,-27.101699829101562,-96.01398468017578,-6.699531555175781,81.30780029296875,0.2768456573177701
44,11,-10.978474617004395,58.60572052001953,-28.251766204833984,-96.98881530761719,-6.666749000549316,81.20991516113281,0.2775724548543195
44,12,-10.793851852416992,57.06261444091797,-28.87232208251953,-97.59386444091797,-6.536685943603516,81.02803802490234,0.2772009967670047
44,13,-10.068666458129883,55.406494140625,-28.88382339477539,-97.71150207519531,-6.454488754272461,80.41033172607422,0.275637013369373
44,14,-9.760658264160156,54.44615173339844,-28.8570499420166,-98.8732681274414,-6.511044502258301,79.88075256347656,0.2748666132923084
44,15,-9.992877006530762,53.7271842956543,-28.305458068847656,-99.51925659179688,-6.595462799072266,80.22720336914062,0.2733287409370607
44,16,-10.101197242736816,55.12901306152344,-26.08295249938965,-100.51847839355469,-6.822493553161621,79.12934875488281,0.2711837898271494
44,17,-10.341462135314941,53.81144332885742,-25.60261344909668,-101.8693618774414,-6.877756118774414,78.78177642822266,0.26887301816899156
44,18,-10.638167381286621,54.037353515625,-23.688400268554688,-102.74368286132812,-6.793785095214844,78.1953125,0.265527237523586
44,19,-10.256688117980957,53.597591400146484,-21.920747756958008,-104.40837097167969,-6.833437919616699,77.76904296875,0.26123568732908886
44,20,-10.048870086669922,51.661415100097656,-22.446155548095703,-104.40348815917969,-6.677433967590332,78.21853637695312,0.25986836970045857
44,21,-9.838594436645508,49.54038619995117,-23.49733543395996,-103.8367691040039,-6.442084312438965,77.22699737548828,0.2594365385241412
44,22,-9.802321434020996,50.22098922729492,-21.282432556152344,-104.09718322753906,-6.488558769226074,77.02949523925781,0.2557368738349616
44,23,-10.077197074890137,49.130157470703125,-21.696138381958008,-103.98834228515625,-6.360661506652832,76.44254302978516,0.2552040399510087
44,24,-10.616503715515137,49.63703918457031,-21.717655181884766,-104.1553955078125,-6.47355842590332,75.03529357910156,0.25585721255885263
44,25,-10.406035423278809,49.31467819213867,-22.255096435546875,-104.43678283691406,-6.417881965637207,75.85193634033203,0.2564561184547137
44,26,-10.757497787475586,48.35017776489258,-21.769113540649414,-105.49009704589844,-6.226471900939941,75.38436889648438,0.25379874489956034
44,27,-11.773435592651367,48.54838562011719,-22.153879165649414,-105.62959289550781,-6.379849433898926,75.30937194824219,0.2548283409054446
44,28,-11.510473251342773,48.16161346435547,-21.916248321533203,-107.0446548461914,-6.118821144104004,75.75187683105469,0.2532310701598504
44,29,-11.724454879760742,47.453529357910156,-23.54656219482422,-107.29183959960938,-6.186878204345703,75.37100219726562,0.2556816483419632
44,30,-11.623662948608398,47.41505432128906,-23.366512298583984,-107.6849365234375,-6.069262504577637,75.35511779785156,0.2550815833558908
44,31,-12.172799110412598,46.553001403808594,-23.954307556152344,-107.49526977539062,-6.145008087158203,75.84854125976562,0.2552465555571419
44,32,-12.151479721069336,45.82978820800781,-23.695690155029297,-108.09334564208984,-6.068621635437012,77.60076904296875,0.25343237374299854
44,33,-12.360664367675781,44.80986785888672,-24.505361557006836,-108.38005065917969,-6.035181045532227,76.50411987304688,0.2536505218295267
44,34,-12.715185165405273,44.31243896484375,-24.104049682617188,-108.41624450683594,-6.13424015045166,77.1418685913086,0.25205175674260183
44,35,-12.629098892211914,42.720802307128906,-24.414350509643555,-109.16522216796875,-6.335349082946777,76.26589965820312,0.25010371325921843
44,36,-12.665186882019043,41.87554931640625,-24.774738311767578,-109.68841552734375,-6.445835113525391,75.59224700927734,0.24941928682604436
44,37,-12.429916381835938,41.43032455444336,-25.979923248291016,-109.07070922851562,-6.282137870788574,76.13813781738281,0.25177670838086263
44,38,-12.538531303405762,41.66753387451172,-25.27138900756836,-109.18020629882812,-6.45198917388916,76.15072631835938,0.2504917540161765
44,39,-12.71162223815918,40.69593048095703,-26.484268188476562,-108.13555908203125,-6.109808921813965,75.564453125,0.2522519169742458
44,40,-12.896085739135742,40.36914825439453,-26.166501998901367,-108.35812377929688,-5.9870100021362305,74.98802185058594,0.2509835555224616
44,41,-13.22148609161377,41.13226318359375,-26.019126892089844,-108.2369384765625,-6.137701988220215,72.90351104736328,0.2518150460570639
44,42,-13.898858070373535,41.629905700683594,-24.9945125579834,-108.69972229003906,-6.322061538696289,60.65846252441406,0.25005243390614273
44,43,-13.977530479431152,40.34584045410156,-26.202064514160156,-108.61405944824219,-5.919797420501709,58.44161605834961,0.25090904921677676
44,44,-14.567424774169922,40.4040641784668,-26.10072898864746,-108.46809387207031,-5.94888162612915,59.293575286865234,0.2508376924919998
44,45,-15.89499282836914,42.25251388549805,-27.290916442871094,-107.50227355957031,-5.845443248748779,66.02450561523438,0.2564309467963932
44,46,-18.149248123168945,43.181243896484375,-29.38513946533203,-106.49008178710938,-4.954894542694092,70.88546752929688,0.2623097846095905
44,47,-19.64569664001465,42.1968994140625,-31.39719009399414,-105.40458679199219,-4.677027702331543,66.41625213623047,0.2651951618501045
44,48,-19.163055419921875,41.54762268066406,-31.45360565185547,-106.33836364746094,-4.916621208190918,66.02397155761719,0.2642907639997706
44,49,-8.445014953613281,32.28984832763672,-22.816131591796875,-86.82877349853516,-5.586904525756836,46.935997009277344,0.23841790309696181
45,0,-15.110952377319336,84.41708374023438,-0.7439117431640625,-90.11744689941406,-6.849201202392578,62.160919189453125,0.25558805926563677
45,1,-14.9218111038208,82.1825180053711,0.8836193084716797,-92.06037902832031,-7.2083740234375,63.794952392578125,0.25066524773551946
45,2,-14.529304504394531,78.1373519897461,-1.1494216918945312,-93.42772674560547,-7.190314292907715,65.76358032226562,0.2504030183237171
45,3,-15.160913467407227,75.65441131591797,-4.133061408996582,-92.90985107421875,-7.475473403930664,70.5728988647461,0.2535739779473204
45,4,-15.251885414123535,72.73663330078125,-8.171871185302734,-92.40022277832031,-7.360526084899902,70.04243469238281,0.25796459878839273
45,5,-15.209211349487305,67.66301727294922,-13.074384689331055,-92.56220245361328,-7.231111526489258,71.95799255371094,0.26146504777024376
45,6,-13.922456741333008,64.0975112915039,-21.7513484954834,-92.05038452148438,-6.370719909667969,77.08796691894531,0.2715697970922419
45,7,-13.606752395629883,63.644859313964844,-24.199445724487305,-92.50704193115234,-6.796688079833984,83.44889831542969,0.2747787172686085
45,8,-12.578497886657715,62.1104850769043,-25.27197265625,-94.26557159423828,-6.868929862976074,82.84955596923828,0.27558903426042336
45,9,-11.491042137145996,61.511558532714844,-25.028587341308594,-95.13307189941406,-6.865074157714844,81.88575744628906,0.274973615293724
45,10,-11.10322093963623,59.95188522338867,-27.101699829101562,-96.01398468017578,-6.699531555175781,81.30780029296875,0.2768456573177701
45,11,-10.978474617004395,58.60572052001953,-28.251766204833984,-96.98881530761719,-6.666749000549316,81.20991516113281,0.2775724548543195
45,12,-10.793851852416992,57.06261444091797,-28.87232208251953,-97.59386444091797,-6.536685943603516,81.02803802490234,0.2772009967670047
45,13,-10.068666458129883,55.406494140625,-28.88382339477539,-97.71150207519531,-6.454488754272461,80.41033172607422,0.275637013369373
45,14,-9.760658264160156,54.44615173339844,-28.8570499420166,-98.8732681274414,-6.511044502258301,79.88075256347656,0.2748666132923084
45,15,-9.992877006530762,53.7271842956543,-28.305458068847656,-99.51925659179688,-6.595462799072266,80.22720336914062,0.2733287409370607
45,16,-10.101197242736816,55.12901306152344,-26.08295249938965,-100.51847839355469,-6.822493553161621,79.12934875488281,0.2711837898271494
45,17,-10.341462135314941,53.81144332885742,-25.60261344909668,-101.8693618774414,-6.877756118774414,78.78177642822266,0.26887301816899156
45,18,-10.638167381286621,54.037353515625,-23.688400268554688,-102.74368286132812,-6.793785095214844,78.1953125,0.265527237523586
45,19,-10.256688117980957,53.597591400146484,-21.920747756958008,-104.40837097167969,-6.833437919616699,77.76904296875,0.26123568732908886
45,20,-10.048870086669922,51.661415100097656,-22.446155548095703,-104.40348815917969,-6.677433967590332,78.21853637695312,0.25986836970045857
45,21,-9.838594436645508,49.54038619995117,-23.49733543395996,-103.8367691040039,-6.442084312438965,77.22699737548828,0.2594365385241412
45,22,-9.802321434020996,50.22098922729492,-21.282432556152344,-104.09718322753906,-6.488558769226074,77.02949523925781,0.2557368738349616
45,23,-10.077197074890137,49.130157470703125,-21.696138381958008,-103.98834228515625,-6.360661506652832,76.44254302978516,0.2552040399510087
45,24,-10.616503715515137,49.63703918457031,-21.717655181884766,-104.1553955078125,-6.47355842590332,75.03529357910156,0.25585721255885263
45,25,-10.406035423278809,49.31467819213867,-22.255096435546875,-104.43678283691406,-6.417881965637207,75.85193634033203,0.2564561184547137
45,26,-10.757497787475586,48.35017776489258,-21.769113540649414,-105.49009704589844,-6.226471900939941,75.38436889648438,0.25379874489956034
45,27,-11.773435592651367,48.54838562011719,-22.153879165649414,-105.62959289550781,-6.379849433898926,75.30937194824219,0.2548283409054446
45,28,-11.510473251342773,48.16161346435547,-21.916248321533203,-107.0446548461914,-6.118821144104004,75.75187683105469,0.2532310701598504
45,29,-11.724454879760742,47.453529357910156,-23.54656219482422,-107.29183959960938,-6.186878204345703,75.37100219726562,0.2556816483419632
45,30,-11.623662948608398,47.41505432128906,-23.366512298583984,-107.6849365234375,-6.069262504577637,75.35511779785156,0.2550815833558908
45,31,-12.172799110412598,46.553001403808594,-23.954307556152344,-107.49526977539062,-6.145008087158203,75.84854125976562,0.2552465555571419
45,32,-12.151479721069336,45.82978820800781,-23.695690155029297,-108.09334564208984,-6.068621635437012,77.60076904296875,0.25343237374299854
45,33,-12.360664367675781,44.80986785888672,-24.505361557006836,-108.38005065917969,-6.035181045532227,76.50411987304688,0.2536505218295267
45,34,-12.715185165405273,44.31243896484375,-24.104049682617188,-108.41624450683594,-6.13424015045166,77.1418685913086,0.25205175674260183
45,35,-12.629098892211914,42.720802307128906,-24.414350509643555,-109.16522216796875,-6.335349082946777,76.26589965820312,0.25010371325921843
45,36,-12.665186882019043,41.87554931640625,-24.774738311767578,-109.68841552734375,-6.445835113525391,75.59224700927734,0.24941928682604436
45,37,-12.429916381835938,41.43032455444336,-25.979923248291016,-109.07070922851562,-6.282137870788574,76.13813781738281,0.25177670838086263
45,38,-12.538531303405762,41.66753387451172,-25.27138900756836,-109.18020629882812,-6.45198917388916,76.15072631835938,0.2504917540161765
45,39,-12.71162223815918,40.69593048095703,-26.484268188476562,-108.13555908203125,-6.109808921813965,75.564453125,0.2522519169742458
45,40,-12.896085739135742,40.36914825439453,-26.166501998901367,-108.35812377929688,-5.9870100021362305,74.98802185058594,0.2509835555224616
45,41,-13.22148609161377,41.13226318359375,-26.019126892089844,-108.2369384765625,-6.137701988220215,72.90351104736328,0.2518150460570639
45,42,-13.898858070373535,41.629905700683594,-24.9945125579834,-108.69972229003906,-6.322061538696289,60.65846252441406,0.25005243390614273
45,43,-13.977530479431152,40.34584045410156,-26.202064514160156,-108.61405944824219,-5.919797420501709,58.44161605834961,0.25090904921677676
45,44,-14.567424774169922,40.4040641784668,-26.10072898864746,-108.46809387207031,-5.94888162612915,59.293575286865234,0.2508376924919998
45,45,-15.89499282836914,42.25251388549805,-27.290916442871094,-107.50227355957031,-5.845443248748779,66.02450561523438,0.2564309467963932
45,46,-18.149248123168945,43.181243896484375,-29.38513946533203,-106.49008178710938,-4.954894542694092,70.88546752929688,0.2623097846095905
45,47,-19.64569664001465,42.1968994140625,-31.39719009399414,-105.40458679199219,-4.677027702331543,66.41625213623047,0.2651951618501045
45,48,-19.163055419921875,41.54762268066406,-31.45360565185547,-106.33836364746094,-4.916621208190918,66.02397155761719,0.2642907639997706
45,49,-8.445014953613281,32.28984832763672,-22.816131591796875,-86.82877349853516,-5.586904525756836,46.935997009277344,0.23841790309696181
46,0,-15.110952377319336,84.41708374023438,-0.7439117431640625,-90.11744689941406,-6.849201202392578,62.160919189453125,0.25558805926563677
46,1,-14.9218111038208,82.1825180053711,0.8836193084716797,-92.06037902832031,-7.2083740234375,63.794952392578125,0.25066524773551946
46,2,-14.529304504394531,78.1373519897461,-1.1494216918945312,-93.42772674560547,-7.190314292907715,65.76358032226562,0.2504030183237171
46,3,-15.160913467407227,75.65441131591797,-4.133061408996582,-92.90985107421875,-7.475473403930664,70.5728988647461,0.2535739779473204
46,4,-15.251885414123535,72.73663330078125,-8.171871185302734,-92.40022277832031,-7.360526084899902,70.04243469238281,0.25796459878839273
46,5,-15.209211349487305,67.66301727294922,-13.074384689331055,-92.56220245361328,-7.231111526489258,71.95799255371094,0.26146504777024376
46,6,-13.922456741333008,64.0975112915039,-21.7513484954834,-92.05038452148438,-6.370719909667969,77.08796691894531,0.2715697970922419
46,7,-13.606752395629883,63.644859313964844,-24.199445724487305,-92.50704193115234,-6.796688079833984,83.44889831542969,0.2747787172686085
46,8,-12.578497886657715,62.1104850769043,-25.27197265625,-94.26557159423828,-6.868929862976074,82.84955596923828,0.27558903426042336
46,9,-11.491042137145996,61.511558532714844,-25.028587341308594,-95.13307189941406,-6.865074157714844,81.88575744628906,0.274973615293724
46,10,-11.10322093963623,59.95188522338867,-27.101699829101562,-96.01398468017578,-6.699531555175781,81.30780029296875,0.2768456573177701
46,11,-10.978474617004395,58.60572052001953,-28.251766204833984,-96.98881530761719,-6.666749000549316,81.20991516113281,0.2775724548543195
46,12,-10.793851852416992,57.06261444091797,-28.87232208251953,-97.59386444091797,-6.536685943603516,81.02803802490234,0.2772009967670047
46,13,-10.068666458129883,55.406494140625,-28.88382339477539,-97.71150207519531,-6.454488754272461,80.41033172607422,0.275637013369373
46,14,-9.760658264160156,54.44615173339844,-28.8570499420166,-98.8732681274414,-6.511044502258301,79.88075256347656,0.2748666132923084
46,15,-9.992877006530762,53.7271842956543,-28.305458068847656,-99.51925659179688,-6.595462799072266,80.22720336914062,0.2733287409370607
46,16,-10.101197242736816,55.12901306152344,-26.08295249938965,-100.51847839355469,-6.822493553161621,79.12934875488281,0.2711837898271494
46,17,-10.341462135314941,53.81144332885742,-25.60261344909668,-101.8693618774414,-6.877756118774414,78.78177642822266,0.26887301816899156
46,18,-10.638167381286621,54.037353515625,-23.688400268554688,-102.74368286132812,-6.793785095214844,78.1953125,0.265527237523586
46,19,-10.256688117980957,53.597591400146484,-21.920747756958008,-104.40837097167969,-6.833437919616699,77.76904296875,0.26123568732908886
46,20,-10.048870086669922,51.661415100097656,-22.446155548095703,-104.40348815917969,-6.677433967590332,78.21853637695312,0.25986836970045857
46,21,-9.838594436645508,49.54038619995117,-23.49733543395996,-103.8367691040039,-6.442084312438965,77.22699737548828,0.2594365385241412
46,22,-9.802321434020996,50.22098922729492,-21.282432556152344,-104.09718322753906,-6.488558769226074,77.02949523925781,0.2557368738349616
46,23,-10.077197074890137,49.130157470703125,-21.696138381958008,-103.98834228515625,-6.360661506652832,76.44254302978516,0.2552040399510087
46,24,-10.616503715515137,49.63703918457031,-21.717655181884766,-104.1553955078125,-6.47355842590332,75.03529357910156,0.25585721255885263
46,25,-10.406035423278809,49.31467819213867,-22.255096435546875,-104.43678283691406,-6.417881965637207,75.85193634033203,0.2564561184547137
46,26,-10.757497787475586,48.35017776489258,-21.769113540649414,-105.49009704589844,-6.226471900939941,75.38436889648438,0.25379874489956034
46,27,-11.773435592651367,48.54838562011719,-22.153879165649414,-105.62959289550781,-6.379849433898926,75.30937194824219,0.2548283409054446
46,28,-11.510473251342773,48.16161346435547,-21.916248321533203,-107.0446548461914,-6.118821144104004,75.75187683105469,0.2532310701598504
46,29,-11.724454879760742,47.453529357910156,-23.54656219482422,-107.29183959960938,-6.186878204345703,75.37100219726562,0.2556816483419632
46,30,-11.623662948608398,47.41505432128906,-23.366512298583984,-107.6849365234375,-6.069262504577637,75.35511779785156,0.2550815833558908
46,31,-12.172799110412598,46.553001403808594,-23.954307556152344,-107.49526977539062,-6.145008087158203,75.84854125976562,0.2552465555571419
46,32,-12.151479721069336,45.82978820800781,-23.695690155029297,-108.09334564208984,-6.068621635437012,77.60076904296875,0.25343237374299854
46,33,-12.360664367675781,44.80986785888672,-24.505361557006836,-108.38005065917969,-6.035181045532227,76.50411987304688,0.2536505218295267
46,34,-12.715185165405273,44.31243896484375,-24.104049682617188,-108.41624450683594,-6.13424015045166,77.1418685913086,0.25205175674260183
46,35,-12.629098892211914,42.720802307128906,-24.414350509643555,-109.16522216796875,-6.335349082946777,76.26589965820312,0.25010371325921843
46,36,-12.665186882019043,41.87554931640625,-24.774738311767578,-109.68841552734375,-6.445835113525391,75.59224700927734,0.24941928682604436
46,37,-12.429916381835938,41.43032455444336,-25.979923248291016,-109.07070922851562,-6.282137870788574,76.13813781738281,0.25177670838086263
46,38,-12.538531303405762,41.66753387451172,-25.27138900756836,-109.18020629882812,-6.45198917388916,76.15072631835938,0.2504917540161765
46,39,-12.71162223815918,40.69593048095703,-26.484268188476562,-108.13555908203125,-6.109808921813965,75.564453125,0.2522519169742458
46,40,-12.896085739135742,40.36914825439453,-26.166501998901367,-108.35812377929688,-5.9870100021362305,74.98802185058594,0.2509835555224616
46,41,-13.22148609161377,41.13226318359375,-26.019126892089844,-108.2369384765625,-6.137701988220215,72.90351104736328,0.2518150460570639
46,42,-13.898858070373535,41.629905700683594,-24.9945125579834,-108.69972229003906,-6.322061538696289,60.65846252441406,0.25005243390614273
46,43,-13.977530479431152,40.34584045410156,-26.202064514160156,-108.61405944824219,-5.919797420501709,58.44161605834961,0.25090904921677676
46,44,-14.567424774169922,40.4040641784668,-26.10072898864746,-108.46809387207031,-5.94888162612915,59.293575286865234,0.2508376924919998
46,45,-15.89499282836914,42.25251388549805,-27.290916442871094,-107.50227355957031,-5.845443248748779,66.02450561523438,0.2564309467963932
46,46,-18.149248123168945,43.181243896484375,-29.38513946533203,-106.49008178710938,-4.954894542694092,70.88546752929688,0.2623097846095905
46,47,-19.64569664001465,42.1968994140625,-31.39719009399414,-105.40458679199219,-4.677027702331543,66.41625213623047,0.2651951618501045
46,48,-19.163055419921875,41.54762268066406,-31.45360565185547,-106.33836364746094,-4.916621208190918,66.02397155761719,0.2642907639997706
46,49,-8.445014953613281,32.28984832763672,-22.816131591796875,-86.82877349853516,-5.586904525756836,46.935997009277344,0.23841790309696181
47,0,-15.110952377319336,84.41708374023438,-0.7439117431640625,-90.11744689941406,-6.849201202392578,62.160919189453125,0.25558805926563677
47,1,-14.9218111038208,82.1825180053711,0.8836193084716797,-92.06037902832031,-7.2083740234375,63.794952392578125,0.25066524773551946
47,2,-14.529304504394531,78.1373519897461,-1.1494216918945312,-93.42772674560547,-7.190314292907715,65.76358032226562,0.2504030183237171
47,3,-15.160913467407227,75.65441131591797,-4.133061408996582,-92.90985107421875,-7.475473403930664,70.5728988647461,0.2535739779473204
47,4,-15.251885414123535,72.73663330078125,-8.171871185302734,-92.40022277832031,-7.360526084899902,70.04243469238281,0.25796459878839273
47,5,-15.209211349487305,67.66301727294922,-13.074384689331055,-92.56220245361328,-7.231111526489258,71.95799255371094,0.26146504777024376
47,6,-13.922456741333008,64.0975112915039,-21.7513484954834,-92.05038452148438,-6.370719909667969,77.08796691894531,0.2715697970922419
47,7,-13.606752395629883,63.644859313964844,-24.199445724487305,-92.50704193115234,-6.796688079833984,83.44889831542969,0.2747787172686085
47,8,-12.578497886657715,62.1104850769043,-25.27197265625,-94.26557159423828,-6.868929862976074,82.84955596923828,0.27558903426042336
47,9,-11.491042137145996,61.511558532714844,-25.028587341308594,-95.13307189941406,-6.865074157714844,81.88575744628906,0.274973615293724
47,10,-11.10322093963623,59.95188522338867,-27.101699829101562,-96.01398468017578,-6.699531555175781,81.30780029296875,0.2768456573177701
47,11,-10.978474617004395,58.60572052001953,-28.251766204833984,-96.98881530761719,-6.666749000549316,81.20991516113281,0.2775724548543195
47,12,-10.793851852416992,57.06261444091797,-28.87232208251953,-97.59386444091797,-6.536685943603516,81.02803802490234,0.2772009967670047
47,13,-10.068666458129883,55.406494140625,-28.88382339477539,-97.71150207519531,-6.454488754272461,80.41033172607422,0.275637013369373
47,14,-9.760658264160156,54.44615173339844,-28.8570499420166,-98.8732681274414,-6.511044502258301,79.88075256347656,0.2748666132923084
47,15,-9.992877006530762,53.7271842956543,-28.305458068847656,-99.51925659179688,-6.595462799072266,80.22720336914062,0.2733287409370607
47,16,-10.101197242736816,55.12901306152344,-26.08295249938965,-100.51847839355469,-6.822493553161621,79.12934875488281,0.2711837898271494
47,17,-10.341462135314941,53.81144332885742,-25.60261344909668,-101.8693618774414,-6.877756118774414,78.78177642822266,0.26887301816899156
47,18,-10.638167381286621,54.037353515625,-23.688400268554688,-102.74368286132812,-6.793785095214844,78.1953125,0.265527237523586
47,19,-10.256688117980957,53.597591400146484,-21.920747756958008,-104.40837097167969,-6.833437919616699,77.76904296875,0.26123568732908886
47,20,-10.048870086669922,51.661415100097656,-22.446155548095703,-104.40348815917969,-6.677433967590332,78.21853637695312,0.25986836970045857
47,21,-9.838594436645508,49.54038619995117,-23.49733543395996,-103.8367691040039,-6.442084312438965,77.22699737548828,0.2594365385241412
47,22,-9.802321434020996,50.22098922729492,-21.282432556152344,-104.09718322753906,-6.488558769226074,77.02949523925781,0.2557368738349616
47,23,-10.077197074890137,49.130157470703125,-21.696138381958008,-103.98834228515625,-6.360661506652832,76.44254302978516,0.2552040399510087
47,24,-10.616503715515137,49.63703918457031,-21.717655181884766,-104.1553955078125,-6.47355842590332,75.03529357910156,0.25585721255885263
47,25,-10.406035423278809,49.31467819213867,-22.255096435546875,-104.43678283691406,-6.417881965637207,75.85193634033203,0.2564561184547137
47,26,-10.757497787475586,48.35017776489258,-21.769113540649414,-105.49009704589844,-6.226471900939941,75.38436889648438,0.25379874489956034
47,27,-11.773435592651367,48.54838562011719,-22.153879165649414,-105.62959289550781,-6.379849433898926,75.30937194824219,0.2548283409054446
47,28,-11.510473251342773,48.16161346435547,-21.916248321533203,-107.0446548461914,-6.118821144104004,75.75187683105469,0.2532310701598504
47,29,-11.724454879760742,47.453529357910156,-23.54656219482422,-107.29183959960938,-6.186878204345703,75.37100219726562,0.2556816483419632
47,30,-11.623662948608398,47.41505432128906,-23.366512298583984,-107.6849365234375,-6.069262504577637,75.35511779785156,0.2550815833558908
47,31,-12.172799110412598,46.553001403808594,-23.954307556152344,-107.49526977539062,-6.145008087158203,75.84854125976562,0.2552465555571419
47,32,-12.151479721069336,45.82978820800781,-23.695690155029297,-108.09334564208984,-6.068621635437012,77.60076904296875,0.25343237374299854
47,33,-12.360664367675781,44.80986785888672,-24.505361557006836,-108.38005065917969,-6.035181045532227,76.50411987304688,0.2536505218295267
47,34,-12.715185165405273,44.31243896484375,-24.104049682617188,-108.41624450683594,-6.13424015045166,77.1418685913086,0.25205175674260183
47,35,-12.629098892211914,42.720802307128906,-24.414350509643555,-109.16522216796875,-6.335349082946777,76.26589965820312,0.25010371325921843
47,36,-12.665186882019043,41.87554931640625,-24.774738311767578,-109.68841552734375,-6.445835113525391,75.59224700927734,0.24941928682604436
47,37,-12.429916381835938,41.43032455444336,-25.979923248291016,-109.07070922851562,-6.282137870788574,76.13813781738281,0.25177670838086263
47,38,-12.538531303405762,41.66753387451172,-25.27138900756836,-109.18020629882812,-6.45198917388916,76.15072631835938,0.2504917540161765
47,39,-12.71162223815918,40.69593048095703,-26.484268188476562,-108.13555908203125,-6.109808921813965,75.564453125,0.2522519169742458
47,40,-12.896085739135742,40.36914825439453,-26.166501998901367,-108.35812377929688,-5.9870100021362305,74.98802185058594,0.2509835555224616
47,41,-13.22148609161377,41.13226318359375,-26.019126892089844,-108.2369384765625,-6.137701988220215,72.90351104736328,0.2518150460570639
47,42,-13.898858070373535,41.629905700683594,-24.9945125579834,-108.69972229003906,-6.322061538696289,60.65846252441406,0.25005243390614273
47,43,-13.977530479431152,40.34584045410156,-26.202064514160156,-108.61405944824219,-5.919797420501709,58.44161605834961,0.25090904921677676
47,44,-14.567424774169922,40.4040641784668,-26.10072898864746,-108.46809387207031,-5.94888162612915,59.293575286865234,0.2508376924919998
47,45,-15.89499282836914,42.25251388549805,-27.290916442871094,-107.50227355957031,-5.845443248748779,66.02450561523438,0.2564309467963932
47,46,-18.149248123168945,43.181243896484375,-29.38513946533203,-106.49008178710938,-4.954894542694092,70.88546752929688,0.2623097846095905
47,47,-19.64569664001465,42.1968994140625,-31.39719009399414,-105.40458679199219,-4.677027702331543,66.41625213623047,0.2651951618501045
47,48,-19.163055419921875,41.54762268066406,-31.45360565185547,-106.33836364746094,-4.916621208190918,66.02397155761719,0.2642907639997706
47,49,-8.445014953613281,32.28984832763672,-22.816131591796875,-86.82877349853516,-5.586904525756836,46.935997009277344,0.23841790309696181
48,0,-15.110952377319336,84.41708374023438,-0.7439117431640625,-90.11744689941406,-6.849201202392578,62.160919189453125,0.25558805926563677
48,1,-14.9218111038208,82.1825180053711,0.8836193084716797,-92.06037902832031,-7.2083740234375,63.794952392578125,0.25066524773551946
48,2,-14.529304504394531,78.1373519897461,-1.1494216918945312,-93.42772674560547,-7.190314292907715,65.76358032226562,0.2504030183237171
48,3,-15.160913467407227,75.65441131591797,-4.133061408996582,-92.90985107421875,-7.475473403930664,70.5728988647461,0.2535739779473204
48,4,-15.251885414123535,72.73663330078125,-8.171871185302734,-92.40022277832031,-7.360526084899902,70.04243469238281,0.25796459878839273
48,5,-15.209211349487305,67.66301727294922,-13.074384689331055,-92.56220245361328,-7.231111526489258,71.95799255371094,0.26146504777024376
48,6,-13.922456741333008,64.0975112915039,-21.7513484954834,-92.05038452148438,-6.370719909667969,77.08796691894531,0.2715697970922419
48,7,-13.606752395629883,63.644859313964844,-24.199445724487305,-92.50704193115234,-6.796688079833984,83.44889831542969,0.2747787172686085
48,8,-12.578497886657715,62.1104850769043,-25.27197265625,-94.26557159423828,-6.868929862976074,82.84955596923828,0.27558903426042336
48,9,-11.491042137145996,61.511558532714844,-25.028587341308594,-95.13307189941406,-6.865074157714844,81.88575744628906,0.274973615293724
48,10,-11.10322093963623,59.95188522338867,-27.101699829101562,-96.01398468017578,-6.699531555175781,81.30780029296875,0.2768456573177701
48,11,-10.978474617004395,58.60572052001953,-28.251766204833984,-96.98881530761719,-6.666749000549316,81.20991516113281,0.2775724548543195
48,12,-10.793851852416992,57.06261444091797,-28.87232208251953,-97.59386444091797,-6.536685943603516,81.02803802490234,0.2772009967670047
48,13,-10.068666458129883,55.406494140625,-28.88382339477539,-97.71150207519531,-6.454488754272461,80.41033172607422,0.275637013369373
48,14,-9.760658264160156,54.44615173339844,-28.8570499420166,-98.8732681274414,-6.511044502258301,79.88075256347656,0.2748666132923084
48,15,-9.992877006530762,53.7271842956543,-28.305458068847656,-99.51925659179688,-6.595462799072266,80.22720336914062,0.2733287409370607
48,16,-10.101197242736816,55.12901306152344,-26.08295249938965,-100.51847839355469,-6.822493553161621,79.12934875488281,0.2711837898271494
48,17,-10.341462135314941,53.81144332885742,-25.60261344909668,-101.8693618774414,-6.877756118774414,78.78177642822266,0.26887301816899156
48,18,-10.638167381286621,54.037353515625,-23.688400268554688,-102.74368286132812,-6.793785095214844,78.1953125,0.265527237523586
48,19,-10.256688117980957,53.597591400146484,-21.920747756958008,-104.40837097167969,-6.833437919616699,77.76904296875,0.26123568732908886
48,20,-10.048870086669922,51.661415100097656,-22.446155548095703,-104.40348815917969,-6.677433967590332,78.21853637695312,0.25986836970045857
48,21,-9.838594436645508,49.54038619995117,-23.49733543395996,-103.8367691040039,-6.442084312438965,77.22699737548828,0.2594365385241412
48,22,-9.802321434020996,50.22098922729492,-21.282432556152344,-104.09718322753906,-6.488558769226074,77.02949523925781,0.2557368738349616
48,23,-10.077197074890137,49.130157470703125,-21.696138381958008,-103.98834228515625,-6.360661506652832,76.44254302978516,0.2552040399510087
48,24,-10.616503715515137,49.63703918457031,-21.717655181884766,-104.1553955078125,-6.47355842590332,75.03529357910156,0.25585721255885263
48,25,-10.406035423278809,49.31467819213867,-22.255096435546875,-104.43678283691406,-6.417881965637207,75.85193634033203,0.2564561184547137
48,26,-10.757497787475586,48.35017776489258,-21.769113540649414,-105.49009704589844,-6.226471900939941,75.38436889648438,0.25379874489956034
48,27,-11.773435592651367,48.54838562011719,-22.153879165649414,-105.62959289550781,-6.379849433898926,75.30937194824219,0.2548283409054446
48,28,-11.510473251342773,48.16161346435547,-21.916248321533203,-107.0446548461914,-6.118821144104004,75.75187683105469,0.2532310701598504
48,29,-11.724454879760742,47.453529357910156,-23.54656219482422,-107.29183959960938,-6.186878204345703,75.37100219726562,0.2556816483419632
48,30,-11.623662948608398,47.41505432128906,-23.366512298583984,-107.6849365234375,-6.069262504577637,75.35511779785156,0.2550815833558908
48,31,-12.172799110412598,46.553001403808594,-23.954307556152344,-107.49526977539062,-6.145008087158203,75.84854125976562,0.2552465555571419
48,32,-12.151479721069336,45.82978820800781,-23.695690155029297,-108.09334564208984,-6.068621635437012,77.60076904296875,0.25343237374299854
48,33,-12.360664367675781,44.80986785888672,-24.505361557006836,-108.38005065917969,-6.035181045532227,76.50411987304688,0.2536505218295267
48,34,-12.715185165405273,44.31243896484375,-24.104049682617188,-108.41624450683594,-6.13424015045166,77.1418685913086,0.25205175674260183
48,35,-12.629098892211914,42.720802307128906,-24.414350509643555,-109.16522216796875,-6.335349082946777,76.26589965820312,0.25010371325921843
48,36,-12.665186882019043,41.87554931640625,-24.774738311767578,-109.68841552734375,-6.445835113525391,75.59224700927734,0.24941928682604436
48,37,-12.429916381835938,41.43032455444336,-25.979923248291016,-109.07070922851562,-6.282137870788574,76.13813781738281,0.25177670838086263
48,38,-12.538531303405762,41.66753387451172,-25.27138900756836,-109.18020629882812,-6.45198917388916,76.15072631835938,0.2504917540161765
48,39,-12.71162223815918,40.69593048095703,-26.484268188476562,-108.13555908203125,-6.109808921813965,75.564453125,0.2522519169742458
48,40,-12.896085739135742,40.36914825439453,-26.166501998901367,-108.35812377929688,-5.9870100021362305,74.98802185058594,0.2509835555224616
48,41,-13.22148609161377,41.13226318359375,-26.019126892089844,-108.2369384765625,-6.137701988220215,72.90351104736328,0.2518150460570639
48,42,-13.898858070373535,41.629905700683594,-24.9945125579834,-108.69972229003906,-6.322061538696289,60.65846252441406,0.25005243390614273
48,43,-13.977530479431152,40.34584045410156,-26.202064514160156,-108.61405944824219,-5.919797420501709,58.44161605834961,0.25090904921677676
48,44,-14.567424774169922,40.4040641784668,-26.10072898864746,-108.46809387207031,-5.94888162612915,59.293575286865234,0.2508376924919998
48,45,-15.89499282836914,42.25251388549805,-27.290916442871094,-107.50227355957031,-5.845443248748779,66.02450561523438,0.2564309467963932
48,46,-18.149248123168945,43.181243896484375,-29.38513946533203,-106.49008178710938,-4.954894542694092,70.88546752929688,0.2623097846095905
48,47,-19.64569664001465,42.1968994140625,-31.39719009399414,-105.40458679199219,-4.677027702331543,66.41625213623047,0.2651951618501045
48,48,-19.163055419921875,41.54762268066406,-31.45360565185547,-106.33836364746094,-4.916621208190918,66.02397155761719,0.2642907639997706
48,49,-8.445014953613281,32.28984832763672,-22.816131591796875,-86.82877349853516,-5.586904525756836,46.935997009277344,0.23841790309696181
49,0,-15.110952377319336,84.41708374023438,-0.7439117431640625,-90.11744689941406,-6.849201202392578,62.160919189453125,0.25558805926563677
49,1,-14.9218111038208,82.1825180053711,0.8836193084716797,-92.06037902832031,-7.2083740234375,63.794952392578125,0.25066524773551946
49,2,-14.529304504394531,78.1373519897461,-1.1494216918945312,-93.42772674560547,-7.190314292907715,65.76358032226562,0.2504030183237171
49,3,-15.160913467407227,75.65441131591797,-4.133061408996582,-92.90985107421875,-7.475473403930664,70.5728988647461,0.2535739779473204
49,4,-15.251885414123535,72.73663330078125,-8.171871185302734,-92.40022277832031,-7.360526084899902,70.04243469238281,0.25796459878839273
49,5,-15.209211349487305,67.66301727294922,-13.074384689331055,-92.56220245361328,-7.231111526489258,71.95799255371094,0.26146504777024376
49,6,-13.922456741333008,64.0975112915039,-21.7513484954834,-92.05038452148438,-6.370719909667969,77.08796691894531,0.2715697970922419
49,7,-13.606752395629883,63.644859313964844,-24.199445724487305,-92.50704193115234,-6.796688079833984,83.44889831542969,0.2747787172686085
49,8,-12.578497886657715,62.1104850769043,-25.27197265625,-94.26557159423828,-6.868929862976074,82.84955596923828,0.27558903426042336
49,9,-11.491042137145996,61.511558532714844,-25.028587341308594,-95.13307189941406,-6.865074157714844,81.88575744628906,0.274973615293724
49,10,-11.10322093963623,59.95188522338867,-27.101699829101562,-96.01398468017578,-6.699531555175781,81.30780029296875,0.2768456573177701
49,11,-10.978474617004395,58.60572052001953,-28.251766204833984,-96.98881530761719,-6.666749000549316,81.20991516113281,0.2775724548543195
49,12,-10.793851852416992,57.06261444091797,-28.87232208251953,-97.59386444091797,-6.536685943603516,81.02803802490234,0.2772009967670047
49,13,-10.068666458129883,55.406494140625,-28.88382339477539,-97.71150207519531,-6.454488754272461,80.41033172607422,0.275637013369373
49,14,-9.760658264160156,54.44615173339844,-28.8570499420166,-98.8732681274414,-6.511044502258301,79.88075256347656,0.2748666132923084
49,15,-9.992877006530762,53.7271842956543,-28.305458068847656,-99.51925659179688,-6.595462799072266,80.22720336914062,0.2733287409370607
49,16,-10.101197242736816,55.12901306152344,-26.08295249938965,-100.51847839355469,-6.822493553161621,79.12934875488281,0.2711837898271494
49,17,-10.341462135314941,53.81144332885742,-25.60261344909668,-101.8693618774414,-6.877756118774414,78.78177642822266,0.26887301816899156
49,18,-10.638167381286621,54.037353515625,-23.688400268554688,-102.74368286132812,-6.793785095214844,78.1953125,0.265527237523586
49,19,-10.256688117980957,53.597591400146484,-21.920747756958008,-104.40837097167969,-6.833437919616699,77.76904296875,0.26123568732908886
49,20,-10.048870086669922,51.661415100097656,-22.446155548095703,-104.40348815917969,-6.677433967590332,78.21853637695312,0.25986836970045857
49,21,-9.838594436645508,49.54038619995117,-23.49733543395996,-103.8367691040039,-6.442084312438965,77.22699737548828,0.2594365385241412
49,22,-9.802321434020996,50.22098922729492,-21.282432556152344,-104.09718322753906,-6.488558769226074,77.02949523925781,0.2557368738349616
49,23,-10.077197074890137,49.130157470703125,-21.696138381958008,-103.98834228515625,-6.360661506652832,76.44254302978516,0.2552040399510087
49,24,-10.616503715515137,49.63703918457031,-21.717655181884766,-104.1553955078125,-6.47355842590332,75.03529357910156,0.25585721255885263
49,25,-10.406035423278809,49.31467819213867,-22.255096435546875,-104.43678283691406,-6.417881965637207,75.85193634033203,0.2564561184547137
49,26,-10.757497787475586,48.35017776489258,-21.769113540649414,-105.49009704589844,-6.226471900939941,75.38436889648438,0.25379874489956034
49,27,-11.773435592651367,48.54838562011719,-22.153879165649414,-105.62959289550781,-6.379849433898926,75.30937194824219,0.2548283409054446
49,28,-11.510473251342773,48.16161346435547,-21.916248321533203,-107.0446548461914,-6.118821144104004,75.75187683105469,0.2532310701598504
49,29,-11.724454879760742,47.453529357910156,-23.54656219482422,-107.29183959960938,-6.186878204345703,75.37100219726562,0.2556816483419632
49,30,-11.623662948608398,47.41505432128906,-23.366512298583984,-107.6849365234375,-6.069262504577637,75.35511779785156,0.2550815833558908
49,31,-12.172799110412598,46.553001403808594,-23.954307556152344,-107.49526977539062,-6.145008087158203,75.84854125976562,0.2552465555571419
49,32,-12.151479721069336,45.82978820800781,-23.695690155029297,-108.09334564208984,-6.068621635437012,77.60076904296875,0.25343237374299854
49,33,-12.360664367675781,44.80986785888672,-24.505361557006836,-108.38005065917969,-6.035181045532227,76.50411987304688,0.2536505218295267
49,34,-12.715185165405273,44.31243896484375,-24.104049682617188,-108.41624450683594,-6.13424015045166,77.1418685913086,0.25205175674260183
49,35,-12.629098892211914,42.720802307128906,-24.414350509643555,-109.16522216796875,-6.335349082946777,76.26589965820312,0.25010371325921843
49,36,-12.665186882019043,41.87554931640625,-24.774738311767578,-109.68841552734375,-6.445835113525391,75.59224700927734,0.24941928682604436
49,37,-12.429916381835938,41.43032455444336,-25.979923248291016,-109.07070922851562,-6.282137870788574,76.13813781738281,0.25177670838086263
49,38,-12.538531303405762,41.66753387451172,-25.27138900756836,-109.18020629882812,-6.45198917388916,76.15072631835938,0.2504917540161765
49,39,-12.71162223815918,40.69593048095703,-26.484268188476562,-108.13555908203125,-6.109808921813965,75.564453125,0.2522519169742458
49,40,-12.896085739135742,40.36914825439453,-26.166501998901367,-108.35812377929688,-5.9870100021362305,74.98802185058594,0.2509835555224616
49,41,-13.22148609161377,41.13226318359375,-26.019126892089844,-108.2369384765625,-6.137701988220215,72.90351104736328,0.2518150460570639
49,42,-13.898858070373535,41.629905700683594,-24.9945125579834,-108.69972229003906,-6.322061538696289,60.65846252441406,0.25005243390614273
49,43,-13.977530479431152,40.34584045410156,-26.202064514160156,-108.61405944824219,-5.919797420501709,58.44161605834961,0.25090904921677676
49,44,-14.567424774169922,40.4040641784668,-26.10072898864746,-108.46809387207031,-5.94888162612915,59.293575286865234,0.2508376924919998
49,45,-15.89499282836914,42.25251388549805,-27.290916442871094,-107.50227355957031,-5.845443248748779,66.02450561523438,0.2564309467963932
49,46,-18.149248123168945,43.181243896484375,-29.38513946533203,-106.49008178710938,-4.954894542694092,70.88546752929688,0.2623097846095905
49,47,-19.64569664001465,42.1968994140625,-31.39719009399414,-105.40458679199219,-4.677027702331543,66.41625213623047,0.2651951618501045
49,48,-19.163055419921875,41.54762268066406,-31.45360565185547,-106.33836364746094,-4.916621208190918,66.02397155761719,0.2642907639997706
49,49,-8.445014953613281,32.28984832763672,-22.816131591796875,-86.82877349853516,-5.586904525756836,46.935997009277344,0.23841790309696181
50,0,-15.110952377319336,84.41708374023438,-0.7439117431640625,-90.11744689941406,-6.849201202392578,62.160919189453125,0.25558805926563677
50,1,-14.9218111038208,82.1825180053711,0.8836193084716797,-92.06037902832031,-7.2083740234375,63.794952392578125,0.25066524773551946
50,2,-14.529304504394531,78.1373519897461,-1.1494216918945312,-93.42772674560547,-7.190314292907715,65.76358032226562,0.2504030183237171
50,3,-15.160913467407227,75.65441131591797,-4.133061408996582,-92.90985107421875,-7.475473403930664,70.5728988647461,0.2535739779473204
50,4,-15.251885414123535,72.73663330078125,-8.171871185302734,-92.40022277832031,-7.360526084899902,70.04243469238281,0.25796459878839273
50,5,-15.209211349487305,67.66301727294922,-13.074384689331055,-92.56220245361328,-7.231111526489258,71.95799255371094,0.26146504777024376
50,6,-13.922456741333008,64.0975112915039,-21.7513484954834,-92.05038452148438,-6.370719909667969,77.08796691894531,0.2715697970922419
50,7,-13.606752395629883,63.644859313964844,-24.199445724487305,-92.50704193115234,-6.796688079833984,83.44889831542969,0.2747787172686085
50,8,-12.578497886657715,62.1104850769043,-25.27197265625,-94.26557159423828,-6.868929862976074,82.84955596923828,0.27558903426042336
50,9,-11.491042137145996,61.511558532714844,-25.028587341308594,-95.13307189941406,-6.865074157714844,81.88575744628906,0.274973615293724
50,10,-11.10322093963623,59.95188522338867,-27.101699829101562,-96.01398468017578,-6.699531555175781,81.30780029296875,0.2768456573177701
50,11,-10.978474617004395,58.60572052001953,-28.251766204833984,-96.98881530761719,-6.666749000549316,81.20991516113281,0.2775724548543195
50,12,-10.793851852416992,57.06261444091797,-28.87232208251953,-97.59386444091797,-6.536685943603516,81.02803802490234,0.2772009967670047
50,13,-10.068666458129883,55.406494140625,-28.88382339477539,-97.71150207519531,-6.454488754272461,80.41033172607422,0.275637013369373
50,14,-9.760658264160156,54.44615173339844,-28.8570499420166,-98.8732681274414,-6.511044502258301,79.88075256347656,0.2748666132923084
50,15,-9.992877006530762,53.7271842956543,-28.305458068847656,-99.51925659179688,-6.595462799072266,80.22720336914062,0.2733287409370607
50,16,-10.101197242736816,55.12901306152344,-26.08295249938965,-100.51847839355469,-6.822493553161621,79.12934875488281,0.2711837898271494
50,17,-10.341462135314941,53.81144332885742,-25.60261344909668,-101.8693618774414,-6.877756118774414,78.78177642822266,0.26887301816899156
50,18,-10.638167381286621,54.037353515625,-23.688400268554688,-102.74368286132812,-6.793785095214844,78.1953125,0.265527237523586
50,19,-10.256688117980957,53.597591400146484,-21.920747756958008,-104.40837097167969,-6.833437919616699,77.76904296875,0.26123568732908886
50,20,-10.048870086669922,51.661415100097656,-22.446155548095703,-104.40348815917969,-6.677433967590332,78.21853637695312,0.25986836970045857
50,21,-9.838594436645508,49.54038619995117,-23.49733543395996,-103.8367691040039,-6.442084312438965,77.22699737548828,0.2594365385241412
50,22,-9.802321434020996,50.22098922729492,-21.282432556152344,-104.09718322753906,-6.488558769226074,77.02949523925781,0.2557368738349616
50,23,-10.077197074890137,49.130157470703125,-21.696138381958008,-103.98834228515625,-6.360661506652832,76.44254302978516,0.2552040399510087
50,24,-10.616503715515137,49.63703918457031,-21.717655181884766,-104.1553955078125,-6.47355842590332,75.03529357910156,0.25585721255885263
50,25,-10.406035423278809,49.31467819213867,-22.255096435546875,-104.43678283691406,-6.417881965637207,75.85193634033203,0.2564561184547137
50,26,-10.757497787475586,48.35017776489258,-21.769113540649414,-105.49009704589844,-6.226471900939941,75.38436889648438,0.25379874489956034
50,27,-11.773435592651367,48.54838562011719,-22.153879165649414,-105.62959289550781,-6.379849433898926,75.30937194824219,0.2548283409054446
50,28,-11.510473251342773,48.16161346435547,-21.916248321533203,-107.0446548461914,-6.118821144104004,75.75187683105469,0.2532310701598504
50,29,-11.724454879760742,47.453529357910156,-23.54656219482422,-107.29183959960938,-6.186878204345703,75.37100219726562,0.2556816483419632
50,30,-11.623662948608398,47.41505432128906,-23.366512298583984,-107.6849365234375,-6.069262504577637,75.35511779785156,0.2550815833558908
50,31,-12.172799110412598,46.553001403808594,-23.954307556152344,-107.49526977539062,-6.145008087158203,75.84854125976562,0.2552465555571419
50,32,-12.151479721069336,45.82978820800781,-23.695690155029297,-108.09334564208984,-6.068621635437012,77.60076904296875,0.25343237374299854
50,33,-12.360664367675781,44.80986785888672,-24.505361557006836,-108.38005065917969,-6.035181045532227,76.50411987304688,0.2536505218295267
50,34,-12.715185165405273,44.31243896484375,-24.104049682617188,-108.41624450683594,-6.13424015045166,77.1418685913086,0.25205175674260183
50,35,-12.629098892211914,42.720802307128906,-24.414350509643555,-109.16522216796875,-6.335349082946777,76.26589965820312,0.25010371325921843
50,36,-12.665186882019043,41.87554931640625,-24.774738311767578,-109.68841552734375,-6.445835113525391,75.59224700927734,0.24941928682604436
50,37,-12.429916381835938,41.43032455444336,-25.979923248291016,-109.07070922851562,-6.282137870788574,76.13813781738281,0.25177670838086263
50,38,-12.538531303405762,41.66753387451172,-25.27138900756836,-109.18020629882812,-6.45198917388916,76.15072631835938,0.2504917540161765
50,39,-12.71162223815918,40.69593048095703,-26.484268188476562,-108.13555908203125,-6.109808921813965,75.564453125,0.2522519169742458
50,40,-12.896085739135742,40.36914825439453,-26.166501998901367,-108.35812377929688,-5.9870100021362305,74.98802185058594,0.2509835555224616
50,41,-13.22148609161377,41.13226318359375,-26.019126892089844,-108.2369384765625,-6.137701988220215,72.90351104736328,0.2518150460570639
50,42,-13.898858070373535,41.629905700683594,-24.9945125579834,-108.69972229003906,-6.322061538696289,60.65846252441406,0.25005243390614273
50,43,-13.977530479431152,40.34584045410156,-26.202064514160156,-108.61405944824219,-5.919797420501709,58.44161605834961,0.25090904921677676
50,44,-14.567424774169922,40.4040641784668,-26.10072898864746,-108.46809387207031,-5.94888162612915,59.293575286865234,0.2508376924919998
50,45,-15.89499282836914,42.25251388549805,-27.290916442871094,-107.50227355957031,-5.845443248748779,66.02450561523438,0.2564309467963932
50,46,-18.149248123168945,43.181243896484375,-29.38513946533203,-106.49008178710938,-4.954894542694092,70.88546752929688,0.2623097846095905
50,47,-19.64569664001465,42.1968994140625,-31.39719009399414,-105.40458679199219,-4.677027702331543,66.41625213623047,0.2651951618501045
50,48,-19.163055419921875,41.54762268066406,-31.45360565185547,-106.33836364746094,-4.916621208190918,66.02397155761719,0.2642907639997706
50,49,-8.445014953613281,32.28984832763672,-22.816131591796875,-86.82877349853516,-5.586904525756836,46.935997009277344,0.23841790309696181
51,0,-15.110952377319336,84.41708374023438,-0.7439117431640625,-90.11744689941406,-6.849201202392578,62.160919189453125,0.25558805926563677
51,1,-14.9218111038208,82.1825180053711,0.8836193084716797,-92.06037902832031,-7.2083740234375,63.794952392578125,0.25066524773551946
51,2,-14.529304504394531,78.1373519897461,-1.1494216918945312,-93.42772674560547,-7.190314292907715,65.76358032226562,0.2504030183237171
51,3,-15.160913467407227,75.65441131591797,-4.133061408996582,-92.90985107421875,-7.475473403930664,70.5728988647461,0.2535739779473204
51,4,-15.251885414123535,72.73663330078125,-8.171871185302734,-92.40022277832031,-7.360526084899902,70.04243469238281,0.25796459878839273
51,5,-15.209211349487305,67.66301727294922,-13.074384689331055,-92.56220245361328,-7.231111526489258,71.95799255371094,0.26146504777024376
51,6,-13.922456741333008,64.0975112915039,-21.7513484954834,-92.05038452148438,-6.370719909667969,77.08796691894531,0.2715697970922419
51,7,-13.606752395629883,63.644859313964844,-24.199445724487305,-92.50704193115234,-6.796688079833984,83.44889831542969,0.2747787172686085
51,8,-12.578497886657715,62.1104850769043,-25.27197265625,-94.26557159423828,-6.868929862976074,82.84955596923828,0.27558903426042336
51,9,-11.491042137145996,61.511558532714844,-25.028587341308594,-95.13307189941406,-6.865074157714844,81.88575744628906,0.274973615293724
51,10,-11.10322093963623,59.95188522338867,-27.101699829101562,-96.01398468017578,-6.699531555175781,81.30780029296875,0.2768456573177701
51,11,-10.978474617004395,58.60572052001953,-28.251766204833984,-96.98881530761719,-6.666749000549316,81.20991516113281,0.2775724548543195
51,12,-10.793851852416992,57.06261444091797,-28.87232208251953,-97.59386444091797,-6.536685943603516,81.02803802490234,0.2772009967670047
51,13,-10.068666458129883,55.406494140625,-28.88382339477539,-97.71150207519531,-6.454488754272461,80.41033172607422,0.275637013369373
51,14,-9.760658264160156,54.44615173339844,-28.8570499420166,-98.8732681274414,-6.511044502258301,79.88075256347656,0.2748666132923084
51,15,-9.992877006530762,53.7271842956543,-28.305458068847656,-99.51925659179688,-6.595462799072266,80.22720336914062,0.2733287409370607
51,16,-10.101197242736816,55.12901306152344,-26.08295249938965,-100.51847839355469,-6.822493553161621,79.12934875488281,0.2711837898271494
51,17,-10.341462135314941,53.81144332885742,-25.60261344909668,-101.8693618774414,-6.877756118774414,78.78177642822266,0.26887301816899156
51,18,-10.638167381286621,54.037353515625,-23.688400268554688,-102.74368286132812,-6.793785095214844,78.1953125,0.265527237523586
51,19,-10.256688117980957,53.597591400146484,-21.920747756958008,-104.40837097167969,-6.833437919616699,77.76904296875,0.26123568732908886
51,20,-10.048870086669922,51.661415100097656,-22.446155548095703,-104.40348815917969,-6.677433967590332,78.21853637695312,0.25986836970045857
51,21,-9.838594436645508,49.54038619995117,-23.49733543395996,-103.8367691040039,-6.442084312438965,77.22699737548828,0.2594365385241412
51,22,-9.802321434020996,50.22098922729492,-21.282432556152344,-104.09718322753906,-6.488558769226074,77.02949523925781,0.2557368738349616
51,23,-10.077197074890137,49.130157470703125,-21.696138381958008,-103.98834228515625,-6.360661506652832,76.44254302978516,0.2552040399510087
51,24,-10.616503715515137,49.63703918457031,-21.717655181884766,-104.1553955078125,-6.47355842590332,75.03529357910156,0.25585721255885263
51,25,-10.406035423278809,49.31467819213867,-22.255096435546875,-104.43678283691406,-6.417881965637207,75.85193634033203,0.2564561184547137
51,26,-10.757497787475586,48.35017776489258,-21.769113540649414,-105.49009704589844,-6.226471900939941,75.38436889648438,0.25379874489956034
51,27,-11.773435592651367,48.54838562011719,-22.153879165649414,-105.62959289550781,-6.379849433898926,75.30937194824219,0.2548283409054446
51,28,-11.510473251342773,48.16161346435547,-21.916248321533203,-107.0446548461914,-6.118821144104004,75.75187683105469,0.2532310701598504
51,29,-11.724454879760742,47.453529357910156,-23.54656219482422,-107.29183959960938,-6.186878204345703,75.37100219726562,0.2556816483419632
51,30,-11.623662948608398,47.41505432128906,-23.366512298583984,-107.6849365234375,-6.069262504577637,75.35511779785156,0.2550815833558908
51,31,-12.172799110412598,46.553001403808594,-23.954307556152344,-107.49526977539062,-6.145008087158203,75.84854125976562,0.2552465555571419
51,32,-12.151479721069336,45.82978820800781,-23.695690155029297,-108.09334564208984,-6.068621635437012,77.60076904296875,0.25343237374299854
51,33,-12.360664367675781,44.80986785888672,-24.505361557006836,-108.38005065917969,-6.035181045532227,76.50411987304688,0.2536505218295267
51,34,-12.715185165405273,44.31243896484375,-24.104049682617188,-108.41624450683594,-6.13424015045166,77.1418685913086,0.25205175674260183
51,35,-12.629098892211914,42.720802307128906,-24.414350509643555,-109.16522216796875,-6.335349082946777,76.26589965820312,0.25010371325921843
51,36,-12.665186882019043,41.87554931640625,-24.774738311767578,-109.68841552734375,-6.445835113525391,75.59224700927734,0.24941928682604436
51,37,-12.429916381835938,41.43032455444336,-25.979923248291016,-109.07070922851562,-6.282137870788574,76.13813781738281,0.25177670838086263
51,38,-12.538531303405762,41.66753387451172,-25.27138900756836,-109.18020629882812,-6.45198917388916,76.15072631835938,0.2504917540161765
51,39,-12.71162223815918,40.69593048095703,-26.484268188476562,-108.13555908203125,-6.109808921813965,75.564453125,0.2522519169742458
51,40,-12.896085739135742,40.36914825439453,-26.166501998901367,-108.35812377929688,-5.9870100021362305,74.98802185058594,0.2509835555224616
51,41,-13.22148609161377,41.13226318359375,-26.019126892089844,-108.2369384765625,-6.137701988220215,72.90351104736328,0.2518150460570639
51,42,-13.898858070373535,41.629905700683594,-24.9945125579834,-108.69972229003906,-6.322061538696289,60.65846252441406,0.25005243390614273
51,43,-13.977530479431152,40.34584045410156,-26.202064514160156,-108.61405944824219,-5.919797420501709,58.44161605834961,0.25090904921677676
51,44,-14.567424774169922,40.4040641784668,-26.10072898864746,-108.46809387207031,-5.94888162612915,59.293575286865234,0.2508376924919998
51,45,-15.89499282836914,42.25251388549805,-27.290916442871094,-107.50227355957031,-5.845443248748779,66.02450561523438,0.2564309467963932
51,46,-18.149248123168945,43.181243896484375,-29.38513946533203,-106.49008178710938,-4.954894542694092,70.88546752929688,0.2623097846095905
51,47,-19.64569664001465,42.1968994140625,-31.39719009399414,-105.40458679199219,-4.677027702331543,66.41625213623047,0.2651951618501045
51,48,-19.163055419921875,41.54762268066406,-31.45360565185547,-106.33836364746094,-4.916621208190918,66.02397155761719,0.2642907639997706
51,49,-8.445014953613281,32.28984832763672,-22.816131591796875,-86.82877349853516,-5.586904525756836,46.935997009277344,0.23841790309696181
52,0,-15.110952377319336,84.41708374023438,-0.7439117431640625,-90.11744689941406,-6.849201202392578,62.160919189453125,0.25558805926563677
52,1,-14.9218111038208,82.1825180053711,0.8836193084716797,-92.06037902832031,-7.2083740234375,63.794952392578125,0.25066524773551946
52,2,-14.529304504394531,78.1373519897461,-1.1494216918945312,-93.42772674560547,-7.190314292907715,65.76358032226562,0.2504030183237171
52,3,-15.160913467407227,75.65441131591797,-4.133061408996582,-92.90985107421875,-7.475473403930664,70.5728988647461,0.2535739779473204
52,4,-15.251885414123535,72.73663330078125,-8.171871185302734,-92.40022277832031,-7.360526084899902,70.04243469238281,0.25796459878839273
52,5,-15.209211349487305,67.66301727294922,-13.074384689331055,-92.56220245361328,-7.231111526489258,71.95799255371094,0.26146504777024376
52,6,-13.922456741333008,64.0975112915039,-21.7513484954834,-92.05038452148438,-6.370719909667969,77.08796691894531,0.2715697970922419
52,7,-13.606752395629883,63.644859313964844,-24.199445724487305,-92.50704193115234,-6.796688079833984,83.44889831542969,0.2747787172686085
52,8,-12.578497886657715,62.1104850769043,-25.27197265625,-94.26557159423828,-6.868929862976074,82.84955596923828,0.27558903426042336
52,9,-11.491042137145996,61.511558532714844,-25.028587341308594,-95.13307189941406,-6.865074157714844,81.88575744628906,0.274973615293724
52,10,-11.10322093963623,59.95188522338867,-27.101699829101562,-96.01398468017578,-6.699531555175781,81.30780029296875,0.2768456573177701
52,11,-10.978474617004395,58.60572052001953,-28.251766204833984,-96.98881530761719,-6.666749000549316,81.20991516113281,0.2775724548543195
52,12,-10.793851852416992,57.06261444091797,-28.87232208251953,-97.59386444091797,-6.536685943603516,81.02803802490234,0.2772009967670047
52,13,-10.068666458129883,55.406494140625,-28.88382339477539,-97.71150207519531,-6.454488754272461,80.41033172607422,0.275637013369373
52,14,-9.760658264160156,54.44615173339844,-28.8570499420166,-98.8732681274414,-6.511044502258301,79.88075256347656,0.2748666132923084
52,15,-9.992877006530762,53.7271842956543,-28.305458068847656,-99.51925659179688,-6.595462799072266,80.22720336914062,0.2733287409370607
52,16,-10.101197242736816,55.12901306152344,-26.08295249938965,-100.51847839355469,-6.822493553161621,79.12934875488281,0.2711837898271494
52,17,-10.341462135314941,53.81144332885742,-25.60261344909668,-101.8693618774414,-6.877756118774414,78.78177642822266,0.26887301816899156
52,18,-10.638167381286621,54.037353515625,-23.688400268554688,-102.74368286132812,-6.793785095214844,78.1953125,0.265527237523586
52,19,-10.256688117980957,53.597591400146484,-21.920747756958008,-104.40837097167969,-6.833437919616699,77.76904296875,0.26123568732908886
52,20,-10.048870086669922,51.661415100097656,-22.446155548095703,-104.40348815917969,-6.677433967590332,78.21853637695312,0.25986836970045857
52,21,-9.838594436645508,49.54038619995117,-23.49733543395996,-103.8367691040039,-6.442084312438965,77.22699737548828,0.2594365385241412
52,22,-9.802321434020996,50.22098922729492,-21.282432556152344,-104.09718322753906,-6.488558769226074,77.02949523925781,0.2557368738349616
52,23,-10.077197074890137,49.130157470703125,-21.696138381958008,-103.98834228515625,-6.360661506652832,76.44254302978516,0.2552040399510087
52,24,-10.616503715515137,49.63703918457031,-21.717655181884766,-104.1553955078125,-6.47355842590332,75.03529357910156,0.25585721255885263
52,25,-10.406035423278809,49.31467819213867,-22.255096435546875,-104.43678283691406,-6.417881965637207,75.85193634033203,0.2564561184547137
52,26,-10.757497787475586,48.35017776489258,-21.769113540649414,-105.49009704589844,-6.226471900939941,75.38436889648438,0.25379874489956034
52,27,-11.773435592651367,48.54838562011719,-22.153879165649414,-105.62959289550781,-6.379849433898926,75.30937194824219,0.2548283409054446
52,28,-11.510473251342773,48.16161346435547,-21.916248321533203,-107.0446548461914,-6.118821144104004,75.75187683105469,0.2532310701598504
52,29,-11.724454879760742,47.453529357910156,-23.54656219482422,-107.29183959960938,-6.186878204345703,75.37100219726562,0.2556816483419632
52,30,-11.623662948608398,47.41505432128906,-23.366512298583984,-107.6849365234375,-6.069262504577637,75.35511779785156,0.2550815833558908
52,31,-12.172799110412598,46.553001403808594,-23.954307556152344,-107.49526977539062,-6.145008087158203,75.84854125976562,0.2552465555571419
52,32,-12.151479721069336,45.82978820800781,-23.695690155029297,-108.09334564208984,-6.068621635437012,77.60076904296875,0.25343237374299854
52,33,-12.360664367675781,44.80986785888672,-24.505361557006836,-108.38005065917969,-6.035181045532227,76.50411987304688,0.2536505218295267
52,34,-12.715185165405273,44.31243896484375,-24.104049682617188,-108.41624450683594,-6.13424015045166,77.1418685913086,0.25205175674260183
52,35,-12.629098892211914,42.720802307128906,-24.414350509643555,-109.16522216796875,-6.335349082946777,76.26589965820312,0.25010371325921843
52,36,-12.665186882019043,41.87554931640625,-24.774738311767578,-109.68841552734375,-6.445835113525391,75.59224700927734,0.24941928682604436
52,37,-12.429916381835938,41.43032455444336,-25.979923248291016,-109.07070922851562,-6.282137870788574,76.13813781738281,0.25177670838086263
52,38,-12.538531303405762,41.66753387451172,-25.27138900756836,-109.18020629882812,-6.45198917388916,76.15072631835938,0.2504917540161765
52,39,-12.71162223815918,40.69593048095703,-26.484268188476562,-108.13555908203125,-6.109808921813965,75.564453125,0.2522519169742458
52,40,-12.896085739135742,40.36914825439453,-26.166501998901367,-108.35812377929688,-5.9870100021362305,74.98802185058594,0.2509835555224616
52,41,-13.22148609161377,41.13226318359375,-26.019126892089844,-108.2369384765625,-6.137701988220215,72.90351104736328,0.2518150460570639
52,42,-13.898858070373535,41.629905700683594,-24.9945125579834,-108.69972229003906,-6.322061538696289,60.65846252441406,0.25005243390614273
52,43,-13.977530479431152,40.34584045410156,-26.202064514160156,-108.61405944824219,-5.919797420501709,58.44161605834961,0.25090904921677676
52,44,-14.567424774169922,40.4040641784668,-26.10072898864746,-108.46809387207031,-5.94888162612915,59.293575286865234,0.2508376924919998
52,45,-15.89499282836914,42.25251388549805,-27.290916442871094,-107.50227355957031,-5.845443248748779,66.02450561523438,0.2564309467963932
52,46,-18.149248123168945,43.181243896484375,-29.38513946533203,-106.49008178710938,-4.954894542694092,70.88546752929688,0.2623097846095905
52,47,-19.64569664001465,42.1968994140625,-31.39719009399414,-105.40458679199219,-4.677027702331543,66.41625213623047,0.2651951618501045
52,48,-19.163055419921875,41.54762268066406,-31.45360565185547,-106.33836364746094,-4.916621208190918,66.02397155761719,0.2642907639997706
52,49,-8.445014953613281,32.28984832763672,-22.816131591796875,-86.82877349853516,-5.586904525756836,46.935997009277344,0.23841790309696181
53,0,-15.110952377319336,84.41708374023438,-0.7439117431640625,-90.11744689941406,-6.849201202392578,62.160919189453125,0.25558805926563677
53,1,-14.9218111038208,82.1825180053711,0.8836193084716797,-92.06037902832031,-7.2083740234375,63.794952392578125,0.25066524773551946
53,2,-14.529304504394531,78.1373519897461,-1.1494216918945312,-93.42772674560547,-7.190314292907715,65.76358032226562,0.2504030183237171
53,3,-15.160913467407227,75.65441131591797,-4.133061408996582,-92.90985107421875,-7.475473403930664,70.5728988647461,0.2535739779473204
53,4,-15.251885414123535,72.73663330078125,-8.171871185302734,-92.40022277832031,-7.360526084899902,70.04243469238281,0.25796459878839273
53,5,-15.209211349487305,67.66301727294922,-13.074384689331055,-92.56220245361328,-7.231111526489258,71.95799255371094,0.26146504777024376
53,6,-13.922456741333008,64.0975112915039,-21.7513484954834,-92.05038452148438,-6.370719909667969,77.08796691894531,0.2715697970922419
53,7,-13.606752395629883,63.644859313964844,-24.199445724487305,-92.50704193115234,-6.796688079833984,83.44889831542969,0.2747787172686085
53,8,-12.578497886657715,62.1104850769043,-25.27197265625,-94.26557159423828,-6.868929862976074,82.84955596923828,0.27558903426042336
53,9,-11.491042137145996,61.511558532714844,-25.028587341308594,-95.13307189941406,-6.865074157714844,81.88575744628906,0.274973615293724
53,10,-11.10322093963623,59.95188522338867,-27.101699829101562,-96.01398468017578,-6.699531555175781,81.30780029296875,0.2768456573177701
53,11,-10.978474617004395,58.60572052001953,-28.251766204833984,-96.98881530761719,-6.666749000549316,81.20991516113281,0.2775724548543195
53,12,-10.793851852416992,57.06261444091797,-28.87232208251953,-97.59386444091797,-6.536685943603516,81.02803802490234,0.2772009967670047
53,13,-10.068666458129883,55.406494140625,-28.88382339477539,-97.71150207519531,-6.454488754272461,80.41033172607422,0.275637013369373
53,14,-9.760658264160156,54.44615173339844,-28.8570499420166,-98.8732681274414,-6.511044502258301,79.88075256347656,0.2748666132923084
53,15,-9.992877006530762,53.7271842956543,-28.305458068847656,-99.51925659179688,-6.595462799072266,80.22720336914062,0.2733287409370607
53,16,-10.101197242736816,55.12901306152344,-26.08295249938965,-100.51847839355469,-6.822493553161621,79.12934875488281,0.2711837898271494
53,17,-10.341462135314941,53.81144332885742,-25.60261344909668,-101.8693618774414,-6.877756118774414,78.78177642822266,0.26887301816899156
53,18,-10.638167381286621,54.037353515625,-23.688400268554688,-102.74368286132812,-6.793785095214844,78.1953125,0.265527237523586
53,19,-10.256688117980957,53.597591400146484,-21.920747756958008,-104.40837097167969,-6.833437919616699,77.76904296875,0.26123568732908886
53,20,-10.048870086669922,51.661415100097656,-22.446155548095703,-104.40348815917969,-6.677433967590332,78.21853637695312,0.25986836970045857
53,21,-9.838594436645508,49.54038619995117,-23.49733543395996,-103.8367691040039,-6.442084312438965,77.22699737548828,0.2594365385241412
53,22,-9.802321434020996,50.22098922729492,-21.282432556152344,-104.09718322753906,-6.488558769226074,77.02949523925781,0.2557368738349616
53,23,-10.077197074890137,49.130157470703125,-21.696138381958008,-103.98834228515625,-6.360661506652832,76.44254302978516,0.2552040399510087
53,24,-10.616503715515137,49.63703918457031,-21.717655181884766,-104.1553955078125,-6.47355842590332,75.03529357910156,0.25585721255885263
53,25,-10.406035423278809,49.31467819213867,-22.255096435546875,-104.43678283691406,-6.417881965637207,75.85193634033203,0.2564561184547137
53,26,-10.757497787475586,48.35017776489258,-21.769113540649414,-105.49009704589844,-6.226471900939941,75.38436889648438,0.25379874489956034
53,27,-11.773435592651367,48.54838562011719,-22.153879165649414,-105.62959289550781,-6.379849433898926,75.30937194824219,0.2548283409054446
53,28,-11.510473251342773,48.16161346435547,-21.916248321533203,-107.0446548461914,-6.118821144104004,75.75187683105469,0.2532310701598504
53,29,-11.724454879760742,47.453529357910156,-23.54656219482422,-107.29183959960938,-6.186878204345703,75.37100219726562,0.2556816483419632
53,30,-11.623662948608398,47.41505432128906,-23.366512298583984,-107.6849365234375,-6.069262504577637,75.35511779785156,0.2550815833558908
53,31,-12.172799110412598,46.553001403808594,-23.954307556152344,-107.49526977539062,-6.145008087158203,75.84854125976562,0.2552465555571419
53,32,-12.151479721069336,45.82978820800781,-23.695690155029297,-108.09334564208984,-6.068621635437012,77.60076904296875,0.25343237374299854
53,33,-12.360664367675781,44.80986785888672,-24.505361557006836,-108.38005065917969,-6.035181045532227,76.50411987304688,0.2536505218295267
53,34,-12.715185165405273,44.31243896484375,-24.104049682617188,-108.41624450683594,-6.13424015045166,77.1418685913086,0.25205175674260183
53,35,-12.629098892211914,42.720802307128906,-24.414350509643555,-109.16522216796875,-6.335349082946777,76.26589965820312,0.25010371325921843
53,36,-12.665186882019043,41.87554931640625,-24.774738311767578,-109.68841552734375,-6.445835113525391,75.59224700927734,0.24941928682604436
53,37,-12.429916381835938,41.43032455444336,-25.979923248291016,-109.07070922851562,-6.282137870788574,76.13813781738281,0.25177670838086263
53,38,-12.538531303405762,41.66753387451172,-25.27138900756836,-109.18020629882812,-6.45198917388916,76.15072631835938,0.2504917540161765
53,39,-12.71162223815918,40.69593048095703,-26.484268188476562,-108.13555908203125,-6.109808921813965,75.564453125,0.2522519169742458
53,40,-12.896085739135742,40.36914825439453,-26.166501998901367,-108.35812377929688,-5.9870100021362305,74.98802185058594,0.2509835555224616
53,41,-13.22148609161377,41.13226318359375,-26.019126892089844,-108.2369384765625,-6.137701988220215,72.90351104736328,0.2518150460570639
53,42,-13.898858070373535,41.629905700683594,-24.9945125579834,-108.69972229003906,-6.322061538696289,60.65846252441406,0.25005243390614273
53,43,-13.977530479431152,40.34584045410156,-26.202064514160156,-108.61405944824219,-5.919797420501709,58.44161605834961,0.25090904921677676
53,44,-14.567424774169922,40.4040641784668,-26.10072898864746,-108.46809387207031,-5.94888162612915,59.293575286865234,0.2508376924919998
53,45,-15.89499282836914,42.25251388549805,-27.290916442871094,-107.50227355957031,-5.845443248748779,66.02450561523438,0.2564309467963932
53,46,-18.149248123168945,43.181243896484375,-29.38513946533203,-106.49008178710938,-4.954894542694092,70.88546752929688,0.2623097846095905
53,47,-19.64569664001465,42.1968994140625,-31.39719009399414,-105.40458679199219,-4.677027702331543,66.41625213623047,0.2651951618501045
53,48,-19.163055419921875,41.54762268066406,-31.45360565185547,-106.33836364746094,-4.916621208190918,66.02397155761719,0.2642907639997706
53,49,-8.445014953613281,32.28984832763672,-22.816131591796875,-86.82877349853516,-5.586904525756836,46.935997009277344,0.23841790309696181
54,0,-15.110952377319336,84.41708374023438,-0.7439117431640625,-90.11744689941406,-6.849201202392578,62.160919189453125,0.25558805926563677
54,1,-14.9218111038208,82.1825180053711,0.8836193084716797,-92.06037902832031,-7.2083740234375,63.794952392578125,0.25066524773551946
54,2,-14.529304504394531,78.1373519897461,-1.1494216918945312,-93.42772674560547,-7.190314292907715,65.76358032226562,0.2504030183237171
54,3,-15.160913467407227,75.65441131591797,-4.133061408996582,-92.90985107421875,-7.475473403930664,70.5728988647461,0.2535739779473204
54,4,-15.251885414123535,72.73663330078125,-8.171871185302734,-92.40022277832031,-7.360526084899902,70.04243469238281,0.25796459878839273
54,5,-15.209211349487305,67.66301727294922,-13.074384689331055,-92.56220245361328,-7.231111526489258,71.95799255371094,0.26146504777024376
54,6,-13.922456741333008,64.0975112915039,-21.7513484954834,-92.05038452148438,-6.370719909667969,77.08796691894531,0.2715697970922419
54,7,-13.606752395629883,63.644859313964844,-24.199445724487305,-92.50704193115234,-6.796688079833984,83.44889831542969,0.2747787172686085
54,8,-12.578497886657715,62.1104850769043,-25.27197265625,-94.26557159423828,-6.868929862976074,82.84955596923828,0.27558903426042336
54,9,-11.491042137145996,61.511558532714844,-25.028587341308594,-95.13307189941406,-6.865074157714844,81.88575744628906,0.274973615293724
54,10,-11.10322093963623,59.95188522338867,-27.101699829101562,-96.01398468017578,-6.699531555175781,81.30780029296875,0.2768456573177701
54,11,-10.978474617004395,58.60572052001953,-28.251766204833984,-96.98881530761719,-6.666749000549316,81.20991516113281,0.2775724548543195
54,12,-10.793851852416992,57.06261444091797,-28.87232208251953,-97.59386444091797,-6.536685943603516,81.02803802490234,0.2772009967670047
54,13,-10.068666458129883,55.406494140625,-28.88382339477539,-97.71150207519531,-6.454488754272461,80.41033172607422,0.275637013369373
54,14,-9.760658264160156,54.44615173339844,-28.8570499420166,-98.8732681274414,-6.511044502258301,79.88075256347656,0.2748666132923084
54,15,-9.992877006530762,53.7271842956543,-28.305458068847656,-99.51925659179688,-6.595462799072266,80.22720336914062,0.2733287409370607
54,16,-10.101197242736816,55.12901306152344,-26.08295249938965,-100.51847839355469,-6.822493553161621,79.12934875488281,0.2711837898271494
54,17,-10.341462135314941,53.81144332885742,-25.60261344909668,-101.8693618774414,-6.877756118774414,78.78177642822266,0.26887301816899156
54,18,-10.638167381286621,54.037353515625,-23.688400268554688,-102.74368286132812,-6.793785095214844,78.1953125,0.265527237523586
54,19,-10.256688117980957,53.597591400146484,-21.920747756958008,-104.40837097167969,-6.833437919616699,77.76904296875,0.26123568732908886
54,20,-10.048870086669922,51.661415100097656,-22.446155548095703,-104.40348815917969,-6.677433967590332,78.21853637695312,0.25986836970045857
54,21,-9.838594436645508,49.54038619995117,-23.49733543395996,-103.8367691040039,-6.442084312438965,77.22699737548828,0.2594365385241412
54,22,-9.802321434020996,50.22098922729492,-21.282432556152344,-104.09718322753906,-6.488558769226074,77.02949523925781,0.2557368738349616
54,23,-10.077197074890137,49.130157470703125,-21.696138381958008,-103.98834228515625,-6.360661506652832,76.44254302978516,0.2552040399510087
54,24,-10.616503715515137,49.63703918457031,-21.717655181884766,-104.1553955078125,-6.47355842590332,75.03529357910156,0.25585721255885263
54,25,-10.406035423278809,49.31467819213867,-22.255096435546875,-104.43678283691406,-6.417881965637207,75.85193634033203,0.2564561184547137
54,26,-10.757497787475586,48.35017776489258,-21.769113540649414,-105.49009704589844,-6.226471900939941,75.38436889648438,0.25379874489956034
54,27,-11.773435592651367,48.54838562011719,-22.153879165649414,-105.62959289550781,-6.379849433898926,75.30937194824219,0.2548283409054446
54,28,-11.510473251342773,48.16161346435547,-21.916248321533203,-107.0446548461914,-6.118821144104004,75.75187683105469,0.2532310701598504
54,29,-11.724454879760742,47.453529357910156,-23.54656219482422,-107.29183959960938,-6.186878204345703,75.37100219726562,0.2556816483419632
54,30,-11.623662948608398,47.41505432128906,-23.366512298583984,-107.6849365234375,-6.069262504577637,75.35511779785156,0.2550815833558908
54,31,-12.172799110412598,46.553001403808594,-23.954307556152344,-107.49526977539062,-6.145008087158203,75.84854125976562,0.2552465555571419
54,32,-12.151479721069336,45.82978820800781,-23.695690155029297,-108.09334564208984,-6.068621635437012,77.60076904296875,0.25343237374299854
54,33,-12.360664367675781,44.80986785888672,-24.505361557006836,-108.38005065917969,-6.035181045532227,76.50411987304688,0.2536505218295267
54,34,-12.715185165405273,44.31243896484375,-24.104049682617188,-108.41624450683594,-6.13424015045166,77.1418685913086,0.25205175674260183
54,35,-12.629098892211914,42.720802307128906,-24.414350509643555,-109.16522216796875,-6.335349082946777,76.26589965820312,0.25010371325921843
54,36,-12.665186882019043,41.87554931640625,-24.774738311767578,-109.68841552734375,-6.445835113525391,75.59224700927734,0.24941928682604436
54,37,-12.429916381835938,41.43032455444336,-25.979923248291016,-109.07070922851562,-6.282137870788574,76.13813781738281,0.25177670838086263
54,38,-12.538531303405762,41.66753387451172,-25.27138900756836,-109.18020629882812,-6.45198917388916,76.15072631835938,0.2504917540161765
54,39,-12.71162223815918,40.69593048095703,-26.484268188476562,-108.13555908203125,-6.109808921813965,75.564453125,0.2522519169742458
54,40,-12.896085739135742,40.36914825439453,-26.166501998901367,-108.35812377929688,-5.9870100021362305,74.98802185058594,0.2509835555224616
54,41,-13.22148609161377,41.13226318359375,-26.019126892089844,-108.2369384765625,-6.137701988220215,72.90351104736328,0.2518150460570639
54,42,-13.898858070373535,41.629905700683594,-24.9945125579834,-108.69972229003906,-6.322061538696289,60.65846252441406,0.25005243390614273
54,43,-13.977530479431152,40.34584045410156,-26.202064514160156,-108.61405944824219,-5.919797420501709,58.44161605834961,0.25090904921677676
54,44,-14.567424774169922,40.4040641784668,-26.10072898864746,-108.46809387207031,-5.94888162612915,59.293575286865234,0.2508376924919998
54,45,-15.89499282836914,42.25251388549805,-27.290916442871094,-107.50227355957031,-5.845443248748779,66.02450561523438,0.2564309467963932
54,46,-18.149248123168945,43.181243896484375,-29.38513946533203,-106.49008178710938,-4.954894542694092,70.88546752929688,0.2623097846095905
54,47,-19.64569664001465,42.1968994140625,-31.39719009399414,-105.40458679199219,-4.677027702331543,66.41625213623047,0.2651951618501045
54,48,-19.163055419921875,41.54762268066406,-31.45360565185547,-106.33836364746094,-4.916621208190918,66.02397155761719,0.2642907639997706
54,49,-8.445014953613281,32.28984832763672,-22.816131591796875,-86.82877349853516,-5.586904525756836,46.935997009277344,0.23841790309696181
55,0,-15.110952377319336,84.41708374023438,-0.7439117431640625,-90.11744689941406,-6.849201202392578,62.160919189453125,0.25558805926563677
55,1,-14.9218111038208,82.1825180053711,0.8836193084716797,-92.06037902832031,-7.2083740234375,63.794952392578125,0.25066524773551946
55,2,-14.529304504394531,78.1373519897461,-1.1494216918945312,-93.42772674560547,-7.190314292907715,65.76358032226562,0.2504030183237171
55,3,-15.160913467407227,75.65441131591797,-4.133061408996582,-92.90985107421875,-7.475473403930664,70.5728988647461,0.2535739779473204
55,4,-15.251885414123535,72.73663330078125,-8.171871185302734,-92.40022277832031,-7.360526084899902,70.04243469238281,0.25796459878839273
55,5,-15.209211349487305,67.66301727294922,-13.074384689331055,-92.56220245361328,-7.231111526489258,71.95799255371094,0.26146504777024376
55,6,-13.922456741333008,64.0975112915039,-21.7513484954834,-92.05038452148438,-6.370719909667969,77.08796691894531,0.2715697970922419
55,7,-13.606752395629883,63.644859313964844,-24.199445724487305,-92.50704193115234,-6.796688079833984,83.44889831542969,0.2747787172686085
55,8,-12.578497886657715,62.1104850769043,-25.27197265625,-94.26557159423828,-6.868929862976074,82.84955596923828,0.27558903426042336
55,9,-11.491042137145996,61.511558532714844,-25.028587341308594,-95.13307189941406,-6.865074157714844,81.88575744628906,0.274973615293724
55,10,-11.10322093963623,59.95188522338867,-27.101699829101562,-96.01398468017578,-6.699531555175781,81.30780029296875,0.2768456573177701
55,11,-10.978474617004395,58.60572052001953,-28.251766204833984,-96.98881530761719,-6.666749000549316,81.20991516113281,0.2775724548543195
55,12,-10.793851852416992,57.06261444091797,-28.87232208251953,-97.59386444091797,-6.536685943603516,81.02803802490234,0.2772009967670047
55,13,-10.068666458129883,55.406494140625,-28.88382339477539,-97.71150207519531,-6.454488754272461,80.41033172607422,0.275637013369373
55,14,-9.760658264160156,54.44615173339844,-28.8570499420166,-98.8732681274414,-6.511044502258301,79.88075256347656,0.2748666132923084
55,15,-9.992877006530762,53.7271842956543,-28.305458068847656,-99.51925659179688,-6.595462799072266,80.22720336914062,0.2733287409370607
55,16,-10.101197242736816,55.12901306152344,-26.08295249938965,-100.51847839355469,-6.822493553161621,79.12934875488281,0.2711837898271494
55,17,-10.341462135314941,53.81144332885742,-25.60261344909668,-101.8693618774414,-6.877756118774414,78.78177642822266,0.26887301816899156
55,18,-10.638167381286621,54.037353515625,-23.688400268554688,-102.74368286132812,-6.793785095214844,78.1953125,0.265527237523586
55,19,-10.256688117980957,53.597591400146484,-21.920747756958008,-104.40837097167969,-6.833437919616699,77.76904296875,0.26123568732908886
55,20,-10.048870086669922,51.661415100097656,-22.446155548095703,-104.40348815917969,-6.677433967590332,78.21853637695312,0.25986836970045857
55,21,-9.838594436645508,49.54038619995117,-23.49733543395996,-103.8367691040039,-6.442084312438965,77.22699737548828,0.2594365385241412
55,22,-9.802321434020996,50.22098922729492,-21.282432556152344,-104.09718322753906,-6.488558769226074,77.02949523925781,0.2557368738349616
55,23,-10.077197074890137,49.130157470703125,-21.696138381958008,-103.98834228515625,-6.360661506652832,76.44254302978516,0.2552040399510087
55,24,-10.616503715515137,49.63703918457031,-21.717655181884766,-104.1553955078125,-6.47355842590332,75.03529357910156,0.25585721255885263
55,25,-10.406035423278809,49.31467819213867,-22.255096435546875,-104.43678283691406,-6.417881965637207,75.85193634033203,0.2564561184547137
55,26,-10.757497787475586,48.35017776489258,-21.769113540649414,-105.49009704589844,-6.226471900939941,75.38436889648438,0.25379874489956034
55,27,-11.773435592651367,48.54838562011719,-22.153879165649414,-105.62959289550781,-6.379849433898926,75.30937194824219,0.2548283409054446
55,28,-11.510473251342773,48.16161346435547,-21.916248321533203,-107.0446548461914,-6.118821144104004,75.75187683105469,0.2532310701598504
55,29,-11.724454879760742,47.453529357910156,-23.54656219482422,-107.29183959960938,-6.186878204345703,75.37100219726562,0.2556816483419632
55,30,-11.623662948608398,47.41505432128906,-23.366512298583984,-107.6849365234375,-6.069262504577637,75.35511779785156,0.2550815833558908
55,31,-12.172799110412598,46.553001403808594,-23.954307556152344,-107.49526977539062,-6.145008087158203,75.84854125976562,0.2552465555571419
55,32,-12.151479721069336,45.82978820800781,-23.695690155029297,-108.09334564208984,-6.068621635437012,77.60076904296875,0.25343237374299854
55,33,-12.360664367675781,44.80986785888672,-24.505361557006836,-108.38005065917969,-6.035181045532227,76.50411987304688,0.2536505218295267
55,34,-12.715185165405273,44.31243896484375,-24.104049682617188,-108.41624450683594,-6.13424015045166,77.1418685913086,0.25205175674260183
55,35,-12.629098892211914,42.720802307128906,-24.414350509643555,-109.16522216796875,-6.335349082946777,76.26589965820312,0.25010371325921843
55,36,-12.665186882019043,41.87554931640625,-24.774738311767578,-109.68841552734375,-6.445835113525391,75.59224700927734,0.24941928682604436
55,37,-12.429916381835938,41.43032455444336,-25.979923248291016,-109.07070922851562,-6.282137870788574,76.13813781738281,0.25177670838086263
55,38,-12.538531303405762,41.66753387451172,-25.27138900756836,-109.18020629882812,-6.45198917388916,76.15072631835938,0.2504917540161765
55,39,-12.71162223815918,40.69593048095703,-26.484268188476562,-108.13555908203125,-6.109808921813965,75.564453125,0.2522519169742458
55,40,-12.896085739135742,40.36914825439453,-26.166501998901367,-108.35812377929688,-5.9870100021362305,74.98802185058594,0.2509835555224616
55,41,-13.22148609161377,41.13226318359375,-26.019126892089844,-108.2369384765625,-6.137701988220215,72.90351104736328,0.2518150460570639
55,42,-13.898858070373535,41.629905700683594,-24.9945125579834,-108.69972229003906,-6.322061538696289,60.65846252441406,0.25005243390614273
55,43,-13.977530479431152,40.34584045410156,-26.202064514160156,-108.61405944824219,-5.919797420501709,58.44161605834961,0.25090904921677676
55,44,-14.567424774169922,40.4040641784668,-26.10072898864746,-108.46809387207031,-5.94888162612915,59.293575286865234,0.2508376924919998
55,45,-15.89499282836914,42.25251388549805,-27.290916442871094,-107.50227355957031,-5.845443248748779,66.02450561523438,0.2564309467963932
55,46,-18.149248123168945,43.181243896484375,-29.38513946533203,-106.49008178710938,-4.954894542694092,70.88546752929688,0.2623097846095905
55,47,-19.64569664001465,42.1968994140625,-31.39719009399414,-105.40458679199219,-4.677027702331543,66.41625213623047,0.2651951618501045
55,48,-19.163055419921875,41.54762268066406,-31.45360565185547,-106.33836364746094,-4.916621208190918,66.02397155761719,0.2642907639997706
55,49,-8.445014953613281,32.28984832763672,-22.816131591796875,-86.82877349853516,-5.586904525756836,46.935997009277344,0.23841790309696181
56,0,-15.110952377319336,84.41708374023438,-0.7439117431640625,-90.11744689941406,-6.849201202392578,62.160919189453125,0.25558805926563677
56,1,-14.9218111038208,82.1825180053711,0.8836193084716797,-92.06037902832031,-7.2083740234375,63.794952392578125,0.25066524773551946
56,2,-14.529304504394531,78.1373519897461,-1.1494216918945312,-93.42772674560547,-7.190314292907715,65.76358032226562,0.2504030183237171
56,3,-15.160913467407227,75.65441131591797,-4.133061408996582,-92.90985107421875,-7.475473403930664,70.5728988647461,0.2535739779473204
56,4,-15.251885414123535,72.73663330078125,-8.171871185302734,-92.40022277832031,-7.360526084899902,70.04243469238281,0.25796459878839273
56,5,-15.209211349487305,67.66301727294922,-13.074384689331055,-92.56220245361328,-7.231111526489258,71.95799255371094,0.26146504777024376
56,6,-13.922456741333008,64.0975112915039,-21.7513484954834,-92.05038452148438,-6.370719909667969,77.08796691894531,0.2715697970922419
56,7,-13.606752395629883,63.644859313964844,-24.199445724487305,-92.50704193115234,-6.796688079833984,83.44889831542969,0.2747787172686085
56,8,-12.578497886657715,62.1104850769043,-25.27197265625,-94.26557159423828,-6.868929862976074,82.84955596923828,0.27558903426042336
56,9,-11.491042137145996,61.511558532714844,-25.028587341308594,-95.13307189941406,-6.865074157714844,81.88575744628906,0.274973615293724
56,10,-11.10322093963623,59.95188522338867,-27.101699829101562,-96.01398468017578,-6.699531555175781,81.30780029296875,0.2768456573177701
56,11,-10.978474617004395,58.60572052001953,-28.251766204833984,-96.98881530761719,-6.666749000549316,81.20991516113281,0.2775724548543195
56,12,-10.793851852416992,57.06261444091797,-28.87232208251953,-97.59386444091797,-6.536685943603516,81.02803802490234,0.2772009967670047
56,13,-10.068666458129883,55.406494140625,-28.88382339477539,-97.71150207519531,-6.454488754272461,80.41033172607422,0.275637013369373
56,14,-9.760658264160156,54.44615173339844,-28.8570499420166,-98.8732681274414,-6.511044502258301,79.88075256347656,0.2748666132923084
56,15,-9.992877006530762,53.7271842956543,-28.305458068847656,-99.51925659179688,-6.595462799072266,80.22720336914062,0.2733287409370607
56,16,-10.101197242736816,55.12901306152344,-26.08295249938965,-100.51847839355469,-6.822493553161621,79.12934875488281,0.2711837898271494
56,17,-10.341462135314941,53.81144332885742,-25.60261344909668,-101.8693618774414,-6.877756118774414,78.78177642822266,0.26887301816899156
56,18,-10.638167381286621,54.037353515625,-23.688400268554688,-102.74368286132812,-6.793785095214844,78.1953125,0.265527237523586
56,19,-10.256688117980957,53.597591400146484,-21.920747756958008,-104.40837097167969,-6.833437919616699,77.76904296875,0.26123568732908886
56,20,-10.048870086669922,51.661415100097656,-22.446155548095703,-104.40348815917969,-6.677433967590332,78.21853637695312,0.25986836970045857
56,21,-9.838594436645508,49.54038619995117,-23.49733543395996,-103.8367691040039,-6.442084312438965,77.22699737548828,0.2594365385241412
56,22,-9.802321434020996,50.22098922729492,-21.282432556152344,-104.09718322753906,-6.488558769226074,77.02949523925781,0.2557368738349616
56,23,-10.077197074890137,49.130157470703125,-21.696138381958008,-103.98834228515625,-6.360661506652832,76.44254302978516,0.2552040399510087
56,24,-10.616503715515137,49.63703918457031,-21.717655181884766,-104.1553955078125,-6.47355842590332,75.03529357910156,0.25585721255885263
56,25,-10.406035423278809,49.31467819213867,-22.255096435546875,-104.43678283691406,-6.417881965637207,75.85193634033203,0.2564561184547137
56,26,-10.757497787475586,48.35017776489258,-21.769113540649414,-105.49009704589844,-6.226471900939941,75.38436889648438,0.25379874489956034
56,27,-11.773435592651367,48.54838562011719,-22.153879165649414,-105.62959289550781,-6.379849433898926,75.30937194824219,0.2548283409054446
56,28,-11.510473251342773,48.16161346435547,-21.916248321533203,-107.0446548461914,-6.118821144104004,75.75187683105469,0.2532310701598504
56,29,-11.724454879760742,47.453529357910156,-23.54656219482422,-107.29183959960938,-6.186878204345703,75.37100219726562,0.2556816483419632
56,30,-11.623662948608398,47.41505432128906,-23.366512298583984,-107.6849365234375,-6.069262504577637,75.35511779785156,0.2550815833558908
56,31,-12.172799110412598,46.553001403808594,-23.954307556152344,-107.49526977539062,-6.145008087158203,75.84854125976562,0.2552465555571419
56,32,-12.151479721069336,45.82978820800781,-23.695690155029297,-108.09334564208984,-6.068621635437012,77.60076904296875,0.25343237374299854
56,33,-12.360664367675781,44.80986785888672,-24.505361557006836,-108.38005065917969,-6.035181045532227,76.50411987304688,0.2536505218295267
56,34,-12.715185165405273,44.31243896484375,-24.104049682617188,-108.41624450683594,-6.13424015045166,77.1418685913086,0.25205175674260183
56,35,-12.629098892211914,42.720802307128906,-24.414350509643555,-109.16522216796875,-6.335349082946777,76.26589965820312,0.25010371325921843
56,36,-12.665186882019043,41.87554931640625,-24.774738311767578,-109.68841552734375,-6.445835113525391,75.59224700927734,0.24941928682604436
56,37,-12.429916381835938,41.43032455444336,-25.979923248291016,-109.07070922851562,-6.282137870788574,76.13813781738281,0.25177670838086263
56,38,-12.538531303405762,41.66753387451172,-25.27138900756836,-109.18020629882812,-6.45198917388916,76.15072631835938,0.2504917540161765
56,39,-12.71162223815918,40.69593048095703,-26.484268188476562,-108.13555908203125,-6.109808921813965,75.564453125,0.2522519169742458
56,40,-12.896085739135742,40.36914825439453,-26.166501998901367,-108.35812377929688,-5.9870100021362305,74.98802185058594,0.2509835555224616
56,41,-13.22148609161377,41.13226318359375,-26.019126892089844,-108.2369384765625,-6.137701988220215,72.90351104736328,0.2518150460570639
56,42,-13.898858070373535,41.629905700683594,-24.9945125579834,-108.69972229003906,-6.322061538696289,60.65846252441406,0.25005243390614273
56,43,-13.977530479431152,40.34584045410156,-26.202064514160156,-108.61405944824219,-5.919797420501709,58.44161605834961,0.25090904921677676
56,44,-14.567424774169922,40.4040641784668,-26.10072898864746,-108.46809387207031,-5.94888162612915,59.293575286865234,0.2508376924919998
56,45,-15.89499282836914,42.25251388549805,-27.290916442871094,-107.50227355957031,-5.845443248748779,66.02450561523438,0.2564309467963932
56,46,-18.149248123168945,43.181243896484375,-29.38513946533203,-106.49008178710938,-4.954894542694092,70.88546752929688,0.2623097846095905
56,47,-19.64569664001465,42.1968994140625,-31.39719009399414,-105.40458679199219,-4.677027702331543,66.41625213623047,0.2651951618501045
56,48,-19.163055419921875,41.54762268066406,-31.45360565185547,-106.33836364746094,-4.916621208190918,66.02397155761719,0.2642907639997706
56,49,-8.445014953613281,32.28984832763672,-22.816131591796875,-86.82877349853516,-5.586904525756836,46.935997009277344,0.23841790309696181
57,0,-15.110952377319336,84.41708374023438,-0.7439117431640625,-90.11744689941406,-6.849201202392578,62.160919189453125,0.25558805926563677
57,1,-14.9218111038208,82.1825180053711,0.8836193084716797,-92.06037902832031,-7.2083740234375,63.794952392578125,0.25066524773551946
57,2,-14.529304504394531,78.1373519897461,-1.1494216918945312,-93.42772674560547,-7.190314292907715,65.76358032226562,0.2504030183237171
57,3,-15.160913467407227,75.65441131591797,-4.133061408996582,-92.90985107421875,-7.475473403930664,70.5728988647461,0.2535739779473204
57,4,-15.251885414123535,72.73663330078125,-8.171871185302734,-92.40022277832031,-7.360526084899902,70.04243469238281,0.25796459878839273
57,5,-15.209211349487305,67.66301727294922,-13.074384689331055,-92.56220245361328,-7.231111526489258,71.95799255371094,0.26146504777024376
57,6,-13.922456741333008,64.0975112915039,-21.7513484954834,-92.05038452148438,-6.370719909667969,77.08796691894531,0.2715697970922419
57,7,-13.606752395629883,63.644859313964844,-24.199445724487305,-92.50704193115234,-6.796688079833984,83.44889831542969,0.2747787172686085
57,8,-12.578497886657715,62.1104850769043,-25.27197265625,-94.26557159423828,-6.868929862976074,82.84955596923828,0.27558903426042336
57,9,-11.491042137145996,61.511558532714844,-25.028587341308594,-95.13307189941406,-6.865074157714844,81.88575744628906,0.274973615293724
57,10,-11.10322093963623,59.95188522338867,-27.101699829101562,-96.01398468017578,-6.699531555175781,81.30780029296875,0.2768456573177701
57,11,-10.978474617004395,58.60572052001953,-28.251766204833984,-96.98881530761719,-6.666749000549316,81.20991516113281,0.2775724548543195
57,12,-10.793851852416992,57.06261444091797,-28.87232208251953,-97.59386444091797,-6.536685943603516,81.02803802490234,0.2772009967670047
57,13,-10.068666458129883,55.406494140625,-28.88382339477539,-97.71150207519531,-6.454488754272461,80.41033172607422,0.275637013369373
57,14,-9.760658264160156,54.44615173339844,-28.8570499420166,-98.8732681274414,-6.511044502258301,79.88075256347656,0.2748666132923084
57,15,-9.992877006530762,53.7271842956543,-28.305458068847656,-99.51925659179688,-6.595462799072266,80.22720336914062,0.2733287409370607
57,16,-10.101197242736816,55.12901306152344,-26.08295249938965,-100.51847839355469,-6.822493553161621,79.12934875488281,0.2711837898271494
57,17,-10.341462135314941,53.81144332885742,-25.60261344909668,-101.8693618774414,-6.877756118774414,78.78177642822266,0.26887301816899156
57,18,-10.638167381286621,54.037353515625,-23.688400268554688,-102.74368286132812,-6.793785095214844,78.1953125,0.265527237523586
57,19,-10.256688117980957,53.597591400146484,-21.920747756958008,-104.40837097167969,-6.833437919616699,77.76904296875,0.26123568732908886
57,20,-10.048870086669922,51.661415100097656,-22.446155548095703,-104.40348815917969,-6.677433967590332,78.21853637695312,0.25986836970045857
57,21,-9.838594436645508,49.54038619995117,-23.49733543395996,-103.8367691040039,-6.442084312438965,77.22699737548828,0.2594365385241412
57,22,-9.802321434020996,50.22098922729492,-21.282432556152344,-104.09718322753906,-6.488558769226074,77.02949523925781,0.2557368738349616
57,23,-10.077197074890137,49.130157470703125,-21.696138381958008,-103.98834228515625,-6.360661506652832,76.44254302978516,0.2552040399510087
57,24,-10.616503715515137,49.63703918457031,-21.717655181884766,-104.1553955078125,-6.47355842590332,75.03529357910156,0.25585721255885263
57,25,-10.406035423278809,49.31467819213867,-22.255096435546875,-104.43678283691406,-6.417881965637207,75.85193634033203,0.2564561184547137
57,26,-10.757497787475586,48.35017776489258,-21.769113540649414,-105.49009704589844,-6.226471900939941,75.38436889648438,0.25379874489956034
57,27,-11.773435592651367,48.54838562011719,-22.153879165649414,-105.62959289550781,-6.379849433898926,75.30937194824219,0.2548283409054446
57,28,-11.510473251342773,48.16161346435547,-21.916248321533203,-107.0446548461914,-6.118821144104004,75.75187683105469,0.2532310701598504
57,29,-11.724454879760742,47.453529357910156,-23.54656219482422,-107.29183959960938,-6.186878204345703,75.37100219726562,0.2556816483419632
57,30,-11.623662948608398,47.41505432128906,-23.366512298583984,-107.6849365234375,-6.069262504577637,75.35511779785156,0.2550815833558908
57,31,-12.172799110412598,46.553001403808594,-23.954307556152344,-107.49526977539062,-6.145008087158203,75.84854125976562,0.2552465555571419
57,32,-12.151479721069336,45.82978820800781,-23.695690155029297,-108.09334564208984,-6.068621635437012,77.60076904296875,0.25343237374299854
57,33,-12.360664367675781,44.80986785888672,-24.505361557006836,-108.38005065917969,-6.035181045532227,76.50411987304688,0.2536505218295267
57,34,-12.715185165405273,44.31243896484375,-24.104049682617188,-108.41624450683594,-6.13424015045166,77.1418685913086,0.25205175674260183
57,35,-12.629098892211914,42.720802307128906,-24.414350509643555,-109.16522216796875,-6.335349082946777,76.26589965820312,0.25010371325921843
57,36,-12.665186882019043,41.87554931640625,-24.774738311767578,-109.68841552734375,-6.445835113525391,75.59224700927734,0.24941928682604436
57,37,-12.429916381835938,41.43032455444336,-25.979923248291016,-109.07070922851562,-6.282137870788574,76.13813781738281,0.25177670838086263
57,38,-12.538531303405762,41.66753387451172,-25.27138900756836,-109.18020629882812,-6.45198917388916,76.15072631835938,0.2504917540161765
57,39,-12.71162223815918,40.69593048095703,-26.484268188476562,-108.13555908203125,-6.109808921813965,75.564453125,0.2522519169742458
57,40,-12.896085739135742,40.36914825439453,-26.166501998901367,-108.35812377929688,-5.9870100021362305,74.98802185058594,0.2509835555224616
57,41,-13.22148609161377,41.13226318359375,-26.019126892089844,-108.2369384765625,-6.137701988220215,72.90351104736328,0.2518150460570639
57,42,-13.898858070373535,41.629905700683594,-24.9945125579834,-108.69972229003906,-6.322061538696289,60.65846252441406,0.25005243390614273
57,43,-13.977530479431152,40.34584045410156,-26.202064514160156,-108.61405944824219,-5.919797420501709,58.44161605834961,0.25090904921677676
57,44,-14.567424774169922,40.4040641784668,-26.10072898864746,-108.46809387207031,-5.94888162612915,59.293575286865234,0.2508376924919998
57,45,-15.89499282836914,42.25251388549805,-27.290916442871094,-107.50227355957031,-5.845443248748779,66.02450561523438,0.2564309467963932
57,46,-18.149248123168945,43.181243896484375,-29.38513946533203,-106.49008178710938,-4.954894542694092,70.88546752929688,0.2623097846095905
57,47,-19.64569664001465,42.1968994140625,-31.39719009399414,-105.40458679199219,-4.677027702331543,66.41625213623047,0.2651951618501045
57,48,-19.163055419921875,41.54762268066406,-31.45360565185547,-106.33836364746094,-4.916621208190918,66.02397155761719,0.2642907639997706
57,49,-8.445014953613281,32.28984832763672,-22.816131591796875,-86.82877349853516,-5.586904525756836,46.935997009277344,0.23841790309696181
58,0,-15.110952377319336,84.41708374023438,-0.7439117431640625,-90.11744689941406,-6.849201202392578,62.160919189453125,0.25558805926563677
58,1,-14.9218111038208,82.1825180053711,0.8836193084716797,-92.06037902832031,-7.2083740234375,63.794952392578125,0.25066524773551946
58,2,-14.529304504394531,78.1373519897461,-1.1494216918945312,-93.42772674560547,-7.190314292907715,65.76358032226562,0.2504030183237171
58,3,-15.160913467407227,75.65441131591797,-4.133061408996582,-92.90985107421875,-7.475473403930664,70.5728988647461,0.2535739779473204
58,4,-15.251885414123535,72.73663330078125,-8.171871185302734,-92.40022277832031,-7.360526084899902,70.04243469238281,0.25796459878839273
58,5,-15.209211349487305,67.66301727294922,-13.074384689331055,-92.56220245361328,-7.231111526489258,71.95799255371094,0.26146504777024376
58,6,-13.922456741333008,64.0975112915039,-21.7513484954834,-92.05038452148438,-6.370719909667969,77.08796691894531,0.2715697970922419
58,7,-13.606752395629883,63.644859313964844,-24.199445724487305,-92.50704193115234,-6.796688079833984,83.44889831542969,0.2747787172686085
58,8,-12.578497886657715,62.1104850769043,-25.27197265625,-94.26557159423828,-6.868929862976074,82.84955596923828,0.27558903426042336
58,9,-11.491042137145996,61.511558532714844,-25.028587341308594,-95.13307189941406,-6.865074157714844,81.88575744628906,0.274973615293724
58,10,-11.10322093963623,59.95188522338867,-27.101699829101562,-96.01398468017578,-6.699531555175781,81.30780029296875,0.2768456573177701
58,11,-10.978474617004395,58.60572052001953,-28.251766204833984,-96.98881530761719,-6.666749000549316,81.20991516113281,0.2775724548543195
58,12,-10.793851852416992,57.06261444091797,-28.87232208251953,-97.59386444091797,-6.536685943603516,81.02803802490234,0.2772009967670047
58,13,-10.068666458129883,55.406494140625,-28.88382339477539,-97.71150207519531,-6.454488754272461,80.41033172607422,0.275637013369373
58,14,-9.760658264160156,54.44615173339844,-28.8570499420166,-98.8732681274414,-6.511044502258301,79.88075256347656,0.2748666132923084
58,15,-9.992877006530762,53.7271842956543,-28.305458068847656,-99.51925659179688,-6.595462799072266,80.22720336914062,0.2733287409370607
58,16,-10.101197242736816,55.12901306152344,-26.08295249938965,-100.51847839355469,-6.822493553161621,79.12934875488281,0.2711837898271494
58,17,-10.341462135314941,53.81144332885742,-25.60261344909668,-101.8693618774414,-6.877756118774414,78.78177642822266,0.26887301816899156
58,18,-10.638167381286621,54.037353515625,-23.688400268554688,-102.74368286132812,-6.793785095214844,78.1953125,0.265527237523586
58,19,-10.256688117980957,53.597591400146484,-21.920747756958008,-104.40837097167969,-6.833437919616699,77.76904296875,0.26123568732908886
58,20,-10.048870086669922,51.661415100097656,-22.446155548095703,-104.40348815917969,-6.677433967590332,78.21853637695312,0.25986836970045857
58,21,-9.838594436645508,49.54038619995117,-23.49733543395996,-103.8367691040039,-6.442084312438965,77.22699737548828,0.2594365385241412
58,22,-9.802321434020996,50.22098922729492,-21.282432556152344,-104.09718322753906,-6.488558769226074,77.02949523925781,0.2557368738349616
58,23,-10.077197074890137,49.130157470703125,-21.696138381958008,-103.98834228515625,-6.360661506652832,76.44254302978516,0.2552040399510087
58,24,-10.616503715515137,49.63703918457031,-21.717655181884766,-104.1553955078125,-6.47355842590332,75.03529357910156,0.25585721255885263
58,25,-10.406035423278809,49.31467819213867,-22.255096435546875,-104.43678283691406,-6.417881965637207,75.85193634033203,0.2564561184547137
58,26,-10.757497787475586,48.35017776489258,-21.769113540649414,-105.49009704589844,-6.226471900939941,75.38436889648438,0.25379874489956034
58,27,-11.773435592651367,48.54838562011719,-22.153879165649414,-105.62959289550781,-6.379849433898926,75.30937194824219,0.2548283409054446
58,28,-11.510473251342773,48.16161346435547,-21.916248321533203,-107.0446548461914,-6.118821144104004,75.75187683105469,0.2532310701598504
58,29,-11.724454879760742,47.453529357910156,-23.54656219482422,-107.29183959960938,-6.186878204345703,75.37100219726562,0.2556816483419632
58,30,-11.623662948608398,47.41505432128906,-23.366512298583984,-107.6849365234375,-6.069262504577637,75.35511779785156,0.2550815833558908
58,31,-12.172799110412598,46.553001403808594,-23.954307556152344,-107.49526977539062,-6.145008087158203,75.84854125976562,0.2552465555571419
58,32,-12.151479721069336,45.82978820800781,-23.695690155029297,-108.09334564208984,-6.068621635437012,77.60076904296875,0.25343237374299854
58,33,-12.360664367675781,44.80986785888672,-24.505361557006836,-108.38005065917969,-6.035181045532227,76.50411987304688,0.2536505218295267
58,34,-12.715185165405273,44.31243896484375,-24.104049682617188,-108.41624450683594,-6.13424015045166,77.1418685913086,0.25205175674260183
58,35,-12.629098892211914,42.720802307128906,-24.414350509643555,-109.16522216796875,-6.335349082946777,76.26589965820312,0.25010371325921843
58,36,-12.665186882019043,41.87554931640625,-24.774738311767578,-109.68841552734375,-6.445835113525391,75.59224700927734,0.24941928682604436
58,37,-12.429916381835938,41.43032455444336,-25.979923248291016,-109.07070922851562,-6.282137870788574,76.13813781738281,0.25177670838086263
58,38,-12.538531303405762,41.66753387451172,-25.27138900756836,-109.18020629882812,-6.45198917388916,76.15072631835938,0.2504917540161765
58,39,-12.71162223815918,40.69593048095703,-26.484268188476562,-108.13555908203125,-6.109808921813965,75.564453125,0.2522519169742458
58,40,-12.896085739135742,40.36914825439453,-26.166501998901367,-108.35812377929688,-5.9870100021362305,74.98802185058594,0.2509835555224616
58,41,-13.22148609161377,41.13226318359375,-26.019126892089844,-108.2369384765625,-6.137701988220215,72.90351104736328,0.2518150460570639
58,42,-13.898858070373535,41.629905700683594,-24.9945125579834,-108.69972229003906,-6.322061538696289,60.65846252441406,0.25005243390614273
58,43,-13.977530479431152,40.34584045410156,-26.202064514160156,-108.61405944824219,-5.919797420501709,58.44161605834961,0.25090904921677676
58,44,-14.567424774169922,40.4040641784668,-26.10072898864746,-108.46809387207031,-5.94888162612915,59.293575286865234,0.2508376924919998
58,45,-15.89499282836914,42.25251388549805,-27.290916442871094,-107.50227355957031,-5.845443248748779,66.02450561523438,0.2564309467963932
58,46,-18.149248123168945,43.181243896484375,-29.38513946533203,-106.49008178710938,-4.954894542694092,70.88546752929688,0.2623097846095905
58,47,-19.64569664001465,42.1968994140625,-31.39719009399414,-105.40458679199219,-4.677027702331543,66.41625213623047,0.2651951618501045
58,48,-19.163055419921875,41.54762268066406,-31.45360565185547,-106.33836364746094,-4.916621208190918,66.02397155761719,0.2642907639997706
58,49,-8.445014953613281,32.28984832763672,-22.816131591796875,-86.82877349853516,-5.586904525756836,46.935997009277344,0.23841790309696181
59,0,-15.110952377319336,84.41708374023438,-0.7439117431640625,-90.11744689941406,-6.849201202392578,62.160919189453125,0.25558805926563677
59,1,-14.9218111038208,82.1825180053711,0.8836193084716797,-92.06037902832031,-7.2083740234375,63.794952392578125,0.25066524773551946
59,2,-14.529304504394531,78.1373519897461,-1.1494216918945312,-93.42772674560547,-7.190314292907715,65.76358032226562,0.2504030183237171
59,3,-15.160913467407227,75.65441131591797,-4.133061408996582,-92.90985107421875,-7.475473403930664,70.5728988647461,0.2535739779473204
59,4,-15.251885414123535,72.73663330078125,-8.171871185302734,-92.40022277832031,-7.360526084899902,70.04243469238281,0.25796459878839273
59,5,-15.209211349487305,67.66301727294922,-13.074384689331055,-92.56220245361328,-7.231111526489258,71.95799255371094,0.26146504777024376
59,6,-13.922456741333008,64.0975112915039,-21.7513484954834,-92.05038452148438,-6.370719909667969,77.08796691894531,0.2715697970922419
59,7,-13.606752395629883,63.644859313964844,-24.199445724487305,-92.50704193115234,-6.796688079833984,83.44889831542969,0.2747787172686085
59,8,-12.578497886657715,62.1104850769043,-25.27197265625,-94.26557159423828,-6.868929862976074,82.84955596923828,0.27558903426042336
59,9,-11.491042137145996,61.511558532714844,-25.028587341308594,-95.13307189941406,-6.865074157714844,81.88575744628906,0.274973615293724
59,10,-11.10322093963623,59.95188522338867,-27.101699829101562,-96.01398468017578,-6.699531555175781,81.30780029296875,0.2768456573177701
59,11,-10.978474617004395,58.60572052001953,-28.251766204833984,-96.98881530761719,-6.666749000549316,81.20991516113281,0.2775724548543195
59,12,-10.793851852416992,57.06261444091797,-28.87232208251953,-97.59386444091797,-6.536685943603516,81.02803802490234,0.2772009967670047
59,13,-10.068666458129883,55.406494140625,-28.88382339477539,-97.71150207519531,-6.454488754272461,80.41033172607422,0.275637013369373
59,14,-9.760658264160156,54.44615173339844,-28.8570499420166,-98.8732681274414,-6.511044502258301,79.88075256347656,0.2748666132923084
59,15,-9.992877006530762,53.7271842956543,-28.305458068847656,-99.51925659179688,-6.595462799072266,80.22720336914062,0.2733287409370607
59,16,-10.101197242736816,55.12901306152344,-26.08295249938965,-100.51847839355469,-6.822493553161621,79.12934875488281,0.2711837898271494
59,17,-10.341462135314941,53.81144332885742,-25.60261344909668,-101.8693618774414,-6.877756118774414,78.78177642822266,0.26887301816899156
59,18,-10.638167381286621,54.037353515625,-23.688400268554688,-102.74368286132812,-6.793785095214844,78.1953125,0.265527237523586
59,19,-10.256688117980957,53.597591400146484,-21.920747756958008,-104.40837097167969,-6.833437919616699,77.76904296875,0.26123568732908886
59,20,-10.048870086669922,51.661415100097656,-22.446155548095703,-104.40348815917969,-6.677433967590332,78.21853637695312,0.25986836970045857
59,21,-9.838594436645508,49.54038619995117,-23.49733543395996,-103.8367691040039,-6.442084312438965,77.22699737548828,0.2594365385241412
59,22,-9.802321434020996,50.22098922729492,-21.282432556152344,-104.09718322753906,-6.488558769226074,77.02949523925781,0.2557368738349616
59,23,-10.077197074890137,49.130157470703125,-21.696138381958008,-103.98834228515625,-6.360661506652832,76.44254302978516,0.2552040399510087
59,24,-10.616503715515137,49.63703918457031,-21.717655181884766,-104.1553955078125,-6.47355842590332,75.03529357910156,0.25585721255885263
59,25,-10.406035423278809,49.31467819213867,-22.255096435546875,-104.43678283691406,-6.417881965637207,75.85193634033203,0.2564561184547137
59,26,-10.757497787475586,48.35017776489258,-21.769113540649414,-105.49009704589844,-6.226471900939941,75.38436889648438,0.25379874489956034
59,27,-11.773435592651367,48.54838562011719,-22.153879165649414,-105.62959289550781,-6.379849433898926,75.30937194824219,0.2548283409054446
59,28,-11.510473251342773,48.16161346435547,-21.916248321533203,-107.0446548461914,-6.118821144104004,75.75187683105469,0.2532310701598504
59,29,-11.724454879760742,47.453529357910156,-23.54656219482422,-107.29183959960938,-6.186878204345703,75.37100219726562,0.2556816483419632
59,30,-11.623662948608398,47.41505432128906,-23.366512298583984,-107.6849365234375,-6.069262504577637,75.35511779785156,0.2550815833558908
59,31,-12.172799110412598,46.553001403808594,-23.954307556152344,-107.49526977539062,-6.145008087158203,75.84854125976562,0.2552465555571419
59,32,-12.151479721069336,45.82978820800781,-23.695690155029297,-108.09334564208984,-6.068621635437012,77.60076904296875,0.25343237374299854
59,33,-12.360664367675781,44.80986785888672,-24.505361557006836,-108.38005065917969,-6.035181045532227,76.50411987304688,0.2536505218295267
59,34,-12.715185165405273,44.31243896484375,-24.104049682617188,-108.41624450683594,-6.13424015045166,77.1418685913086,0.25205175674260183
59,35,-12.629098892211914,42.720802307128906,-24.414350509643555,-109.16522216796875,-6.335349082946777,76.26589965820312,0.25010371325921843
59,36,-12.665186882019043,41.87554931640625,-24.774738311767578,-109.68841552734375,-6.445835113525391,75.59224700927734,0.24941928682604436
59,37,-12.429916381835938,41.43032455444336,-25.979923248291016,-109.07070922851562,-6.282137870788574,76.13813781738281,0.25177670838086263
59,38,-12.538531303405762,41.66753387451172,-25.27138900756836,-109.18020629882812,-6.45198917388916,76.15072631835938,0.2504917540161765
59,39,-12.71162223815918,40.69593048095703,-26.484268188476562,-108.13555908203125,-6.109808921813965,75.564453125,0.2522519169742458
59,40,-12.896085739135742,40.36914825439453,-26.166501998901367,-108.35812377929688,-5.9870100021362305,74.98802185058594,0.2509835555224616
59,41,-13.22148609161377,41.13226318359375,-26.019126892089844,-108.2369384765625,-6.137701988220215,72.90351104736328,0.2518150460570639
59,42,-13.898858070373535,41.629905700683594,-24.9945125579834,-108.69972229003906,-6.322061538696289,60.65846252441406,0.25005243390614273
59,43,-13.977530479431152,40.34584045410156,-26.202064514160156,-108.61405944824219,-5.919797420501709,58.44161605834961,0.25090904921677676
59,44,-14.567424774169922,40.4040641784668,-26.10072898864746,-108.46809387207031,-5.94888162612915,59.293575286865234,0.2508376924919998
59,45,-15.89499282836914,42.25251388549805,-27.290916442871094,-107.50227355957031,-5.845443248748779,66.02450561523438,0.2564309467963932
59,46,-18.149248123168945,43.181243896484375,-29.38513946533203,-106.49008178710938,-4.954894542694092,70.88546752929688,0.2623097846095905
59,47,-19.64569664001465,42.1968994140625,-31.39719009399414,-105.40458679199219,-4.677027702331543,66.41625213623047,0.2651951618501045
59,48,-19.163055419921875,41.54762268066406,-31.45360565185547,-106.33836364746094,-4.916621208190918,66.02397155761719,0.2642907639997706
59,49,-8.445014953613281,32.28984832763672,-22.816131591796875,-86.82877349853516,-5.586904525756836,46.935997009277344,0.23841790309696181
60,0,-15.110952377319336,84.41708374023438,-0.7439117431640625,-90.11744689941406,-6.849201202392578,62.160919189453125,0.25558805926563677
60,1,-14.9218111038208,82.1825180053711,0.8836193084716797,-92.06037902832031,-7.2083740234375,63.794952392578125,0.25066524773551946
60,2,-14.529304504394531,78.1373519897461,-1.1494216918945312,-93.42772674560547,-7.190314292907715,65.76358032226562,0.2504030183237171
60,3,-15.160913467407227,75.65441131591797,-4.133061408996582,-92.90985107421875,-7.475473403930664,70.5728988647461,0.2535739779473204
60,4,-15.251885414123535,72.73663330078125,-8.171871185302734,-92.40022277832031,-7.360526084899902,70.04243469238281,0.25796459878839273
60,5,-15.209211349487305,67.66301727294922,-13.074384689331055,-92.56220245361328,-7.231111526489258,71.95799255371094,0.26146504777024376
60,6,-13.922456741333008,64.0975112915039,-21.7513484954834,-92.05038452148438,-6.370719909667969,77.08796691894531,0.2715697970922419
60,7,-13.606752395629883,63.644859313964844,-24.199445724487305,-92.50704193115234,-6.796688079833984,83.44889831542969,0.2747787172686085
60,8,-12.578497886657715,62.1104850769043,-25.27197265625,-94.26557159423828,-6.868929862976074,82.84955596923828,0.27558903426042336
60,9,-11.491042137145996,61.511558532714844,-25.028587341308594,-95.13307189941406,-6.865074157714844,81.88575744628906,0.274973615293724
60,10,-11.10322093963623,59.95188522338867,-27.101699829101562,-96.01398468017578,-6.699531555175781,81.30780029296875,0.2768456573177701
60,11,-10.978474617004395,58.60572052001953,-28.251766204833984,-96.98881530761719,-6.666749000549316,81.20991516113281,0.2775724548543195
60,12,-10.793851852416992,57.06261444091797,-28.87232208251953,-97.59386444091797,-6.536685943603516,81.02803802490234,0.2772009967670047
60,13,-10.068666458129883,55.406494140625,-28.88382339477539,-97.71150207519531,-6.454488754272461,80.41033172607422,0.275637013369373
60,14,-9.760658264160156,54.44615173339844,-28.8570499420166,-98.8732681274414,-6.511044502258301,79.88075256347656,0.2748666132923084
60,15,-9.992877006530762,53.7271842956543,-28.305458068847656,-99.51925659179688,-6.595462799072266,80.22720336914062,0.2733287409370607
60,16,-10.101197242736816,55.12901306152344,-26.08295249938965,-100.51847839355469,-6.822493553161621,79.12934875488281,0.2711837898271494
60,17,-10.341462135314941,53.81144332885742,-25.60261344909668,-101.8693618774414,-6.877756118774414,78.78177642822266,0.26887301816899156
60,18,-10.638167381286621,54.037353515625,-23.688400268554688,-102.74368286132812,-6.793785095214844,78.1953125,0.265527237523586
60,19,-10.256688117980957,53.597591400146484,-21.920747756958008,-104.40837097167969,-6.833437919616699,77.76904296875,0.26123568732908886
60,20,-10.048870086669922,51.661415100097656,-22.446155548095703,-104.40348815917969,-6.677433967590332,78.21853637695312,0.25986836970045857
60,21,-9.838594436645508,49.54038619995117,-23.49733543395996,-103.8367691040039,-6.442084312438965,77.22699737548828,0.2594365385241412
60,22,-9.802321434020996,50.22098922729492,-21.282432556152344,-104.09718322753906,-6.488558769226074,77.02949523925781,0.2557368738349616
60,23,-10.077197074890137,49.130157470703125,-21.696138381958008,-103.98834228515625,-6.360661506652832,76.44254302978516,0.2552040399510087
60,24,-10.616503715515137,49.63703918457031,-21.717655181884766,-104.1553955078125,-6.47355842590332,75.03529357910156,0.25585721255885263
60,25,-10.406035423278809,49.31467819213867,-22.255096435546875,-104.43678283691406,-6.417881965637207,75.85193634033203,0.2564561184547137
60,26,-10.757497787475586,48.35017776489258,-21.769113540649414,-105.49009704589844,-6.226471900939941,75.38436889648438,0.25379874489956034
60,27,-11.773435592651367,48.54838562011719,-22.153879165649414,-105.62959289550781,-6.379849433898926,75.30937194824219,0.2548283409054446
60,28,-11.510473251342773,48.16161346435547,-21.916248321533203,-107.0446548461914,-6.118821144104004,75.75187683105469,0.2532310701598504
60,29,-11.724454879760742,47.453529357910156,-23.54656219482422,-107.29183959960938,-6.186878204345703,75.37100219726562,0.2556816483419632
60,30,-11.623662948608398,47.41505432128906,-23.366512298583984,-107.6849365234375,-6.069262504577637,75.35511779785156,0.2550815833558908
60,31,-12.172799110412598,46.553001403808594,-23.954307556152344,-107.49526977539062,-6.145008087158203,75.84854125976562,0.2552465555571419
60,32,-12.151479721069336,45.82978820800781,-23.695690155029297,-108.09334564208984,-6.068621635437012,77.60076904296875,0.25343237374299854
60,33,-12.360664367675781,44.80986785888672,-24.505361557006836,-108.38005065917969,-6.035181045532227,76.50411987304688,0.2536505218295267
60,34,-12.715185165405273,44.31243896484375,-24.104049682617188,-108.41624450683594,-6.13424015045166,77.1418685913086,0.25205175674260183
60,35,-12.629098892211914,42.720802307128906,-24.414350509643555,-109.16522216796875,-6.335349082946777,76.26589965820312,0.25010371325921843
60,36,-12.665186882019043,41.87554931640625,-24.774738311767578,-109.68841552734375,-6.445835113525391,75.59224700927734,0.24941928682604436
60,37,-12.429916381835938,41.43032455444336,-25.979923248291016,-109.07070922851562,-6.282137870788574,76.13813781738281,0.25177670838086263
60,38,-12.538531303405762,41.66753387451172,-25.27138900756836,-109.18020629882812,-6.45198917388916,76.15072631835938,0.2504917540161765
60,39,-12.71162223815918,40.69593048095703,-26.484268188476562,-108.13555908203125,-6.109808921813965,75.564453125,0.2522519169742458
60,40,-12.896085739135742,40.36914825439453,-26.166501998901367,-108.35812377929688,-5.9870100021362305,74.98802185058594,0.2509835555224616
60,41,-13.22148609161377,41.13226318359375,-26.019126892089844,-108.2369384765625,-6.137701988220215,72.90351104736328,0.2518150460570639
60,42,-13.898858070373535,41.629905700683594,-24.9945125579834,-108.69972229003906,-6.322061538696289,60.65846252441406,0.25005243390614273
60,43,-13.977530479431152,40.34584045410156,-26.202064514160156,-108.61405944824219,-5.919797420501709,58.44161605834961,0.25090904921677676
60,44,-14.567424774169922,40.4040641784668,-26.10072898864746,-108.46809387207031,-5.94888162612915,59.293575286865234,0.2508376924919998
60,45,-15.89499282836914,42.25251388549805,-27.290916442871094,-107.50227355957031,-5.845443248748779,66.02450561523438,0.2564309467963932
60,46,-18.149248123168945,43.181243896484375,-29.38513946533203,-106.49008178710938,-4.954894542694092,70.88546752929688,0.2623097846095905
60,47,-19.64569664001465,42.1968994140625,-31.39719009399414,-105.40458679199219,-4.677027702331543,66.41625213623047,0.2651951618501045
60,48,-19.163055419921875,41.54762268066406,-31.45360565185547,-106.33836364746094,-4.916621208190918,66.02397155761719,0.2642907639997706
60,49,-8.445014953613281,32.28984832763672,-22.816131591796875,-86.82877349853516,-5.586904525756836,46.935997009277344,0.23841790309696181
61,0,-15.110952377319336,84.41708374023438,-0.7439117431640625,-90.11744689941406,-6.849201202392578,62.160919189453125,0.25558805926563677
61,1,-14.9218111038208,82.1825180053711,0.8836193084716797,-92.06037902832031,-7.2083740234375,63.794952392578125,0.25066524773551946
61,2,-14.529304504394531,78.1373519897461,-1.1494216918945312,-93.42772674560547,-7.190314292907715,65.76358032226562,0.2504030183237171
61,3,-15.160913467407227,75.65441131591797,-4.133061408996582,-92.90985107421875,-7.475473403930664,70.5728988647461,0.2535739779473204
61,4,-15.251885414123535,72.73663330078125,-8.171871185302734,-92.40022277832031,-7.360526084899902,70.04243469238281,0.25796459878839273
61,5,-15.209211349487305,67.66301727294922,-13.074384689331055,-92.56220245361328,-7.231111526489258,71.95799255371094,0.26146504777024376
61,6,-13.922456741333008,64.0975112915039,-21.7513484954834,-92.05038452148438,-6.370719909667969,77.08796691894531,0.2715697970922419
61,7,-13.606752395629883,63.644859313964844,-24.199445724487305,-92.50704193115234,-6.796688079833984,83.44889831542969,0.2747787172686085
61,8,-12.578497886657715,62.1104850769043,-25.27197265625,-94.26557159423828,-6.868929862976074,82.84955596923828,0.27558903426042336
61,9,-11.491042137145996,61.511558532714844,-25.028587341308594,-95.13307189941406,-6.865074157714844,81.88575744628906,0.274973615293724
61,10,-11.10322093963623,59.95188522338867,-27.101699829101562,-96.01398468017578,-6.699531555175781,81.30780029296875,0.2768456573177701
61,11,-10.978474617004395,58.60572052001953,-28.251766204833984,-96.98881530761719,-6.666749000549316,81.20991516113281,0.2775724548543195
61,12,-10.793851852416992,57.06261444091797,-28.87232208251953,-97.59386444091797,-6.536685943603516,81.02803802490234,0.2772009967670047
61,13,-10.068666458129883,55.406494140625,-28.88382339477539,-97.71150207519531,-6.454488754272461,80.41033172607422,0.275637013369373
61,14,-9.760658264160156,54.44615173339844,-28.8570499420166,-98.8732681274414,-6.511044502258301,79.88075256347656,0.2748666132923084
61,15,-9.992877006530762,53.7271842956543,-28.305458068847656,-99.51925659179688,-6.595462799072266,80.22720336914062,0.2733287409370607
61,16,-10.101197242736816,55.12901306152344,-26.08295249938965,-100.51847839355469,-6.822493553161621,79.12934875488281,0.2711837898271494
61,17,-10.341462135314941,53.81144332885742,-25.60261344909668,-101.8693618774414,-6.877756118774414,78.78177642822266,0.26887301816899156
61,18,-10.638167381286621,54.037353515625,-23.688400268554688,-102.74368286132812,-6.793785095214844,78.1953125,0.265527237523586
61,19,-10.256688117980957,53.597591400146484,-21.920747756958008,-104.40837097167969,-6.833437919616699,77.76904296875,0.26123568732908886
61,20,-10.048870086669922,51.661415100097656,-22.446155548095703,-104.40348815917969,-6.677433967590332,78.21853637695312,0.25986836970045857
61,21,-9.838594436645508,49.54038619995117,-23.49733543395996,-103.8367691040039,-6.442084312438965,77.22699737548828,0.2594365385241412
61,22,-9.802321434020996,50.22098922729492,-21.282432556152344,-104.09718322753906,-6.488558769226074,77.02949523925781,0.2557368738349616
61,23,-10.077197074890137,49.130157470703125,-21.696138381958008,-103.98834228515625,-6.360661506652832,76.44254302978516,0.2552040399510087
61,24,-10.616503715515137,49.63703918457031,-21.717655181884766,-104.1553955078125,-6.47355842590332,75.03529357910156,0.25585721255885263
61,25,-10.406035423278809,49.31467819213867,-22.255096435546875,-104.43678283691406,-6.417881965637207,75.85193634033203,0.2564561184547137
61,26,-10.757497787475586,48.35017776489258,-21.769113540649414,-105.49009704589844,-6.226471900939941,75.38436889648438,0.25379874489956034
61,27,-11.773435592651367,48.54838562011719,-22.153879165649414,-105.62959289550781,-6.379849433898926,75.30937194824219,0.2548283409054446
61,28,-11.510473251342773,48.16161346435547,-21.916248321533203,-107.0446548461914,-6.118821144104004,75.75187683105469,0.2532310701598504
61,29,-11.724454879760742,47.453529357910156,-23.54656219482422,-107.29183959960938,-6.186878204345703,75.37100219726562,0.2556816483419632
61,30,-11.623662948608398,47.41505432128906,-23.366512298583984,-107.6849365234375,-6.069262504577637,75.35511779785156,0.2550815833558908
61,31,-12.172799110412598,46.553001403808594,-23.954307556152344,-107.49526977539062,-6.145008087158203,75.84854125976562,0.2552465555571419
61,32,-12.151479721069336,45.82978820800781,-23.695690155029297,-108.09334564208984,-6.068621635437012,77.60076904296875,0.25343237374299854
61,33,-12.360664367675781,44.80986785888672,-24.505361557006836,-108.38005065917969,-6.035181045532227,76.50411987304688,0.2536505218295267
61,34,-12.715185165405273,44.31243896484375,-24.104049682617188,-108.41624450683594,-6.13424015045166,77.1418685913086,0.25205175674260183
61,35,-12.629098892211914,42.720802307128906,-24.414350509643555,-109.16522216796875,-6.335349082946777,76.26589965820312,0.25010371325921843
61,36,-12.665186882019043,41.87554931640625,-24.774738311767578,-109.68841552734375,-6.445835113525391,75.59224700927734,0.24941928682604436
61,37,-12.429916381835938,41.43032455444336,-25.979923248291016,-109.07070922851562,-6.282137870788574,76.13813781738281,0.25177670838086263
61,38,-12.538531303405762,41.66753387451172,-25.27138900756836,-109.18020629882812,-6.45198917388916,76.15072631835938,0.2504917540161765
61,39,-12.71162223815918,40.69593048095703,-26.484268188476562,-108.13555908203125,-6.109808921813965,75.564453125,0.2522519169742458
61,40,-12.896085739135742,40.36914825439453,-26.166501998901367,-108.35812377929688,-5.9870100021362305,74.98802185058594,0.2509835555224616
61,41,-13.22148609161377,41.13226318359375,-26.019126892089844,-108.2369384765625,-6.137701988220215,72.90351104736328,0.2518150460570639
61,42,-13.898858070373535,41.629905700683594,-24.9945125579834,-108.69972229003906,-6.322061538696289,60.65846252441406,0.25005243390614273
61,43,-13.977530479431152,40.34584045410156,-26.202064514160156,-108.61405944824219,-5.919797420501709,58.44161605834961,0.25090904921677676
61,44,-14.567424774169922,40.4040641784668,-26.10072898864746,-108.46809387207031,-5.94888162612915,59.293575286865234,0.2508376924919998
61,45,-15.89499282836914,42.25251388549805,-27.290916442871094,-107.50227355957031,-5.845443248748779,66.02450561523438,0.2564309467963932
61,46,-18.149248123168945,43.181243896484375,-29.38513946533203,-106.49008178710938,-4.954894542694092,70.88546752929688,0.2623097846095905
61,47,-19.64569664001465,42.1968994140625,-31.39719009399414,-105.40458679199219,-4.677027702331543,66.41625213623047,0.2651951618501045
61,48,-19.163055419921875,41.54762268066406,-31.45360565185547,-106.33836364746094,-4.916621208190918,66.02397155761719,0.2642907639997706
61,49,-8.445014953613281,32.28984832763672,-22.816131591796875,-86.82877349853516,-5.586904525756836,46.935997009277344,0.23841790309696181
62,0,-15.110952377319336,84.41708374023438,-0.7439117431640625,-90.11744689941406,-6.849201202392578,62.160919189453125,0.25558805926563677
62,1,-14.9218111038208,82.1825180053711,0.8836193084716797,-92.06037902832031,-7.2083740234375,63.794952392578125,0.25066524773551946
62,2,-14.529304504394531,78.1373519897461,-1.1494216918945312,-93.42772674560547,-7.190314292907715,65.76358032226562,0.2504030183237171
62,3,-15.160913467407227,75.65441131591797,-4.133061408996582,-92.90985107421875,-7.475473403930664,70.5728988647461,0.2535739779473204
62,4,-15.251885414123535,72.73663330078125,-8.171871185302734,-92.40022277832031,-7.360526084899902,70.04243469238281,0.25796459878839273
62,5,-15.209211349487305,67.66301727294922,-13.074384689331055,-92.56220245361328,-7.231111526489258,71.95799255371094,0.26146504777024376
62,6,-13.922456741333008,64.0975112915039,-21.7513484954834,-92.05038452148438,-6.370719909667969,77.08796691894531,0.2715697970922419
62,7,-13.606752395629883,63.644859313964844,-24.199445724487305,-92.50704193115234,-6.796688079833984,83.44889831542969,0.2747787172686085
62,8,-12.578497886657715,62.1104850769043,-25.27197265625,-94.26557159423828,-6.868929862976074,82.84955596923828,0.27558903426042336
62,9,-11.491042137145996,61.511558532714844,-25.028587341308594,-95.13307189941406,-6.865074157714844,81.88575744628906,0.274973615293724
62,10,-11.10322093963623,59.95188522338867,-27.101699829101562,-96.01398468017578,-6.699531555175781,81.30780029296875,0.2768456573177701
62,11,-10.978474617004395,58.60572052001953,-28.251766204833984,-96.98881530761719,-6.666749000549316,81.20991516113281,0.2775724548543195
62,12,-10.793851852416992,57.06261444091797,-28.87232208251953,-97.59386444091797,-6.536685943603516,81.02803802490234,0.2772009967670047
62,13,-10.068666458129883,55.406494140625,-28.88382339477539,-97.71150207519531,-6.454488754272461,80.41033172607422,0.275637013369373
62,14,-9.760658264160156,54.44615173339844,-28.8570499420166,-98.8732681274414,-6.511044502258301,79.88075256347656,0.2748666132923084
62,15,-9.992877006530762,53.7271842956543,-28.305458068847656,-99.51925659179688,-6.595462799072266,80.22720336914062,0.2733287409370607
62,16,-10.101197242736816,55.12901306152344,-26.08295249938965,-100.51847839355469,-6.822493553161621,79.12934875488281,0.2711837898271494
62,17,-10.341462135314941,53.81144332885742,-25.60261344909668,-101.8693618774414,-6.877756118774414,78.78177642822266,0.26887301816899156
62,18,-10.638167381286621,54.037353515625,-23.688400268554688,-102.74368286132812,-6.793785095214844,78.1953125,0.265527237523586
62,19,-10.256688117980957,53.597591400146484,-21.920747756958008,-104.40837097167969,-6.833437919616699,77.76904296875,0.26123568732908886
62,20,-10.048870086669922,51.661415100097656,-22.446155548095703,-104.40348815917969,-6.677433967590332,78.21853637695312,0.25986836970045857
62,21,-9.838594436645508,49.54038619995117,-23.49733543395996,-103.8367691040039,-6.442084312438965,77.22699737548828,0.2594365385241412
62,22,-9.802321434020996,50.22098922729492,-21.282432556152344,-104.09718322753906,-6.488558769226074,77.02949523925781,0.2557368738349616
62,23,-10.077197074890137,49.130157470703125,-21.696138381958008,-103.98834228515625,-6.360661506652832,76.44254302978516,0.2552040399510087
62,24,-10.616503715515137,49.63703918457031,-21.717655181884766,-104.1553955078125,-6.47355842590332,75.03529357910156,0.25585721255885263
62,25,-10.406035423278809,49.31467819213867,-22.255096435546875,-104.43678283691406,-6.417881965637207,75.85193634033203,0.2564561184547137
62,26,-10.757497787475586,48.35017776489258,-21.769113540649414,-105.49009704589844,-6.226471900939941,75.38436889648438,0.25379874489956034
62,27,-11.773435592651367,48.54838562011719,-22.153879165649414,-105.62959289550781,-6.379849433898926,75.30937194824219,0.2548283409054446
62,28,-11.510473251342773,48.16161346435547,-21.916248321533203,-107.0446548461914,-6.118821144104004,75.75187683105469,0.2532310701598504
62,29,-11.724454879760742,47.453529357910156,-23.54656219482422,-107.29183959960938,-6.186878204345703,75.37100219726562,0.2556816483419632
62,30,-11.623662948608398,47.41505432128906,-23.366512298583984,-107.6849365234375,-6.069262504577637,75.35511779785156,0.2550815833558908
62,31,-12.172799110412598,46.553001403808594,-23.954307556152344,-107.49526977539062,-6.145008087158203,75.84854125976562,0.2552465555571419
62,32,-12.151479721069336,45.82978820800781,-23.695690155029297,-108.09334564208984,-6.068621635437012,77.60076904296875,0.25343237374299854
62,33,-12.360664367675781,44.80986785888672,-24.505361557006836,-108.38005065917969,-6.035181045532227,76.50411987304688,0.2536505218295267
62,34,-12.715185165405273,44.31243896484375,-24.104049682617188,-108.41624450683594,-6.13424015045166,77.1418685913086,0.25205175674260183
62,35,-12.629098892211914,42.720802307128906,-24.414350509643555,-109.16522216796875,-6.335349082946777,76.26589965820312,0.25010371325921843
62,36,-12.665186882019043,41.87554931640625,-24.774738311767578,-109.68841552734375,-6.445835113525391,75.59224700927734,0.24941928682604436
62,37,-12.429916381835938,41.43032455444336,-25.979923248291016,-109.07070922851562,-6.282137870788574,76.13813781738281,0.25177670838086263
62,38,-12.538531303405762,41.66753387451172,-25.27138900756836,-109.18020629882812,-6.45198917388916,76.15072631835938,0.2504917540161765
62,39,-12.71162223815918,40.69593048095703,-26.484268188476562,-108.13555908203125,-6.109808921813965,75.564453125,0.2522519169742458
62,40,-12.896085739135742,40.36914825439453,-26.166501998901367,-108.35812377929688,-5.9870100021362305,74.98802185058594,0.2509835555224616
62,41,-13.22148609161377,41.13226318359375,-26.019126892089844,-108.2369384765625,-6.137701988220215,72.90351104736328,0.2518150460570639
62,42,-13.898858070373535,41.629905700683594,-24.9945125579834,-108.69972229003906,-6.322061538696289,60.65846252441406,0.25005243390614273
62,43,-13.977530479431152,40.34584045410156,-26.202064514160156,-108.61405944824219,-5.919797420501709,58.44161605834961,0.25090904921677676
62,44,-14.567424774169922,40.4040641784668,-26.10072898864746,-108.46809387207031,-5.94888162612915,59.293575286865234,0.2508376924919998
62,45,-15.89499282836914,42.25251388549805,-27.290916442871094,-107.50227355957031,-5.845443248748779,66.02450561523438,0.2564309467963932
62,46,-18.149248123168945,43.181243896484375,-29.38513946533203,-106.49008178710938,-4.954894542694092,70.88546752929688,0.2623097846095905
62,47,-19.64569664001465,42.1968994140625,-31.39719009399414,-105.40458679199219,-4.677027702331543,66.41625213623047,0.2651951618501045
62,48,-19.163055419921875,41.54762268066406,-31.45360565185547,-106.33836364746094,-4.916621208190918,66.02397155761719,0.2642907639997706
62,49,-8.445014953613281,32.28984832763672,-22.816131591796875,-86.82877349853516,-5.586904525756836,46.935997009277344,0.23841790309696181
63,0,-15.110952377319336,84.41708374023438,-0.7439117431640625,-90.11744689941406,-6.849201202392578,62.160919189453125,0.25558805926563677
63,1,-14.9218111038208,82.1825180053711,0.8836193084716797,-92.06037902832031,-7.2083740234375,63.794952392578125,0.25066524773551946
63,2,-14.529304504394531,78.1373519897461,-1.1494216918945312,-93.42772674560547,-7.190314292907715,65.76358032226562,0.2504030183237171
63,3,-15.160913467407227,75.65441131591797,-4.133061408996582,-92.90985107421875,-7.475473403930664,70.5728988647461,0.2535739779473204
63,4,-15.251885414123535,72.73663330078125,-8.171871185302734,-92.40022277832031,-7.360526084899902,70.04243469238281,0.25796459878839273
63,5,-15.209211349487305,67.66301727294922,-13.074384689331055,-92.56220245361328,-7.231111526489258,71.95799255371094,0.26146504777024376
63,6,-13.922456741333008,64.0975112915039,-21.7513484954834,-92.05038452148438,-6.370719909667969,77.08796691894531,0.2715697970922419
63,7,-13.606752395629883,63.644859313964844,-24.199445724487305,-92.50704193115234,-6.796688079833984,83.44889831542969,0.2747787172686085
63,8,-12.578497886657715,62.1104850769043,-25.27197265625,-94.26557159423828,-6.868929862976074,82.84955596923828,0.27558903426042336
63,9,-11.491042137145996,61.511558532714844,-25.028587341308594,-95.13307189941406,-6.865074157714844,81.88575744628906,0.274973615293724
63,10,-11.10322093963623,59.95188522338867,-27.101699829101562,-96.01398468017578,-6.699531555175781,81.30780029296875,0.2768456573177701
63,11,-10.978474617004395,58.60572052001953,-28.251766204833984,-96.98881530761719,-6.666749000549316,81.20991516113281,0.2775724548543195
63,12,-10.793851852416992,57.06261444091797,-28.87232208251953,-97.59386444091797,-6.536685943603516,81.02803802490234,0.2772009967670047
63,13,-10.068666458129883,55.406494140625,-28.88382339477539,-97.71150207519531,-6.454488754272461,80.41033172607422,0.275637013369373
63,14,-9.760658264160156,54.44615173339844,-28.8570499420166,-98.8732681274414,-6.511044502258301,79.88075256347656,0.2748666132923084
63,15,-9.992877006530762,53.7271842956543,-28.305458068847656,-99.51925659179688,-6.595462799072266,80.22720336914062,0.2733287409370607
63,16,-10.101197242736816,55.12901306152344,-26.08295249938965,-100.51847839355469,-6.822493553161621,79.12934875488281,0.2711837898271494
63,17,-10.341462135314941,53.81144332885742,-25.60261344909668,-101.8693618774414,-6.877756118774414,78.78177642822266,0.26887301816899156
63,18,-10.638167381286621,54.037353515625,-23.688400268554688,-102.74368286132812,-6.793785095214844,78.1953125,0.265527237523586
63,19,-10.256688117980957,53.597591400146484,-21.920747756958008,-104.40837097167969,-6.833437919616699,77.76904296875,0.26123568732908886
63,20,-10.048870086669922,51.661415100097656,-22.446155548095703,-104.40348815917969,-6.677433967590332,78.21853637695312,0.25986836970045857
63,21,-9.838594436645508,49.54038619995117,-23.49733543395996,-103.8367691040039,-6.442084312438965,77.22699737548828,0.2594365385241412
63,22,-9.802321434020996,50.22098922729492,-21.282432556152344,-104.09718322753906,-6.488558769226074,77.02949523925781,0.2557368738349616
63,23,-10.077197074890137,49.130157470703125,-21.696138381958008,-103.98834228515625,-6.360661506652832,76.44254302978516,0.2552040399510087
63,24,-10.616503715515137,49.63703918457031,-21.717655181884766,-104.1553955078125,-6.47355842590332,75.03529357910156,0.25585721255885263
63,25,-10.406035423278809,49.31467819213867,-22.255096435546875,-104.43678283691406,-6.417881965637207,75.85193634033203,0.2564561184547137
63,26,-10.757497787475586,48.35017776489258,-21.769113540649414,-105.49009704589844,-6.226471900939941,75.38436889648438,0.25379874489956034
63,27,-11.773435592651367,48.54838562011719,-22.153879165649414,-105.62959289550781,-6.379849433898926,75.30937194824219,0.2548283409054446
63,28,-11.510473251342773,48.16161346435547,-21.916248321533203,-107.0446548461914,-6.118821144104004,75.75187683105469,0.2532310701598504
63,29,-11.724454879760742,47.453529357910156,-23.54656219482422,-107.29183959960938,-6.186878204345703,75.37100219726562,0.2556816483419632
63,30,-11.623662948608398,47.41505432128906,-23.366512298583984,-107.6849365234375,-6.069262504577637,75.35511779785156,0.2550815833558908
63,31,-12.172799110412598,46.553001403808594,-23.954307556152344,-107.49526977539062,-6.145008087158203,75.84854125976562,0.2552465555571419
63,32,-12.151479721069336,45.82978820800781,-23.695690155029297,-108.09334564208984,-6.068621635437012,77.60076904296875,0.25343237374299854
63,33,-12.360664367675781,44.80986785888672,-24.505361557006836,-108.38005065917969,-6.035181045532227,76.50411987304688,0.2536505218295267
63,34,-12.715185165405273,44.31243896484375,-24.104049682617188,-108.41624450683594,-6.13424015045166,77.1418685913086,0.25205175674260183
63,35,-12.629098892211914,42.720802307128906,-24.414350509643555,-109.16522216796875,-6.335349082946777,76.26589965820312,0.25010371325921843
63,36,-12.665186882019043,41.87554931640625,-24.774738311767578,-109.68841552734375,-6.445835113525391,75.59224700927734,0.24941928682604436
63,37,-12.429916381835938,41.43032455444336,-25.979923248291016,-109.07070922851562,-6.282137870788574,76.13813781738281,0.25177670838086263
63,38,-12.538531303405762,41.66753387451172,-25.27138900756836,-109.18020629882812,-6.45198917388916,76.15072631835938,0.2504917540161765
63,39,-12.71162223815918,40.69593048095703,-26.484268188476562,-108.13555908203125,-6.109808921813965,75.564453125,0.2522519169742458
63,40,-12.896085739135742,40.36914825439453,-26.166501998901367,-108.35812377929688,-5.9870100021362305,74.98802185058594,0.2509835555224616
63,41,-13.22148609161377,41.13226318359375,-26.019126892089844,-108.2369384765625,-6.137701988220215,72.90351104736328,0.2518150460570639
63,42,-13.898858070373535,41.629905700683594,-24.9945125579834,-108.69972229003906,-6.322061538696289,60.65846252441406,0.25005243390614273
63,43,-13.977530479431152,40.34584045410156,-26.202064514160156,-108.61405944824219,-5.919797420501709,58.44161605834961,0.25090904921677676
63,44,-14.567424774169922,40.4040641784668,-26.10072898864746,-108.46809387207031,-5.94888162612915,59.293575286865234,0.2508376924919998
63,45,-15.89499282836914,42.25251388549805,-27.290916442871094,-107.50227355957031,-5.845443248748779,66.02450561523438,0.2564309467963932
63,46,-18.149248123168945,43.181243896484375,-29.38513946533203,-106.49008178710938,-4.954894542694092,70.88546752929688,0.2623097846095905
63,47,-19.64569664001465,42.1968994140625,-31.39719009399414,-105.40458679199219,-4.677027702331543,66.41625213623047,0.2651951618501045
63,48,-19.163055419921875,41.54762268066406,-31.45360565185547,-106.33836364746094,-4.916621208190918,66.02397155761719,0.2642907639997706
63,49,-8.445014953613281,32.28984832763672,-22.816131591796875,-86.82877349853516,-5.586904525756836,46.935997009277344,0.23841790309696181
64,0,-15.110952377319336,84.41708374023438,-0.7439117431640625,-90.11744689941406,-6.849201202392578,62.160919189453125,0.25558805926563677
64,1,-14.9218111038208,82.1825180053711,0.8836193084716797,-92.06037902832031,-7.2083740234375,63.794952392578125,0.25066524773551946
64,2,-14.529304504394531,78.1373519897461,-1.1494216918945312,-93.42772674560547,-7.190314292907715,65.76358032226562,0.2504030183237171
64,3,-15.160913467407227,75.65441131591797,-4.133061408996582,-92.90985107421875,-7.475473403930664,70.5728988647461,0.2535739779473204
64,4,-15.251885414123535,72.73663330078125,-8.171871185302734,-92.40022277832031,-7.360526084899902,70.04243469238281,0.25796459878839273
64,5,-15.209211349487305,67.66301727294922,-13.074384689331055,-92.56220245361328,-7.231111526489258,71.95799255371094,0.26146504777024376
64,6,-13.922456741333008,64.0975112915039,-21.7513484954834,-92.05038452148438,-6.370719909667969,77.08796691894531,0.2715697970922419
64,7,-13.606752395629883,63.644859313964844,-24.199445724487305,-92.50704193115234,-6.796688079833984,83.44889831542969,0.2747787172686085
64,8,-12.578497886657715,62.1104850769043,-25.27197265625,-94.26557159423828,-6.868929862976074,82.84955596923828,0.27558903426042336
64,9,-11.491042137145996,61.511558532714844,-25.028587341308594,-95.13307189941406,-6.865074157714844,81.88575744628906,0.274973615293724
64,10,-11.10322093963623,59.95188522338867,-27.101699829101562,-96.01398468017578,-6.699531555175781,81.30780029296875,0.2768456573177701
64,11,-10.978474617004395,58.60572052001953,-28.251766204833984,-96.98881530761719,-6.666749000549316,81.20991516113281,0.2775724548543195
64,12,-10.793851852416992,57.06261444091797,-28.87232208251953,-97.59386444091797,-6.536685943603516,81.02803802490234,0.2772009967670047
64,13,-10.068666458129883,55.406494140625,-28.88382339477539,-97.71150207519531,-6.454488754272461,80.41033172607422,0.275637013369373
64,14,-9.760658264160156,54.44615173339844,-28.8570499420166,-98.8732681274414,-6.511044502258301,79.88075256347656,0.2748666132923084
64,15,-9.992877006530762,53.7271842956543,-28.305458068847656,-99.51925659179688,-6.595462799072266,80.22720336914062,0.2733287409370607
64,16,-10.101197242736816,55.12901306152344,-26.08295249938965,-100.51847839355469,-6.822493553161621,79.12934875488281,0.2711837898271494
64,17,-10.341462135314941,53.81144332885742,-25.60261344909668,-101.8693618774414,-6.877756118774414,78.78177642822266,0.26887301816899156
64,18,-10.638167381286621,54.037353515625,-23.688400268554688,-102.74368286132812,-6.793785095214844,78.1953125,0.265527237523586
64,19,-10.256688117980957,53.597591400146484,-21.920747756958008,-104.40837097167969,-6.833437919616699,77.76904296875,0.26123568732908886
64,20,-10.048870086669922,51.661415100097656,-22.446155548095703,-104.40348815917969,-6.677433967590332,78.21853637695312,0.25986836970045857
64,21,-9.838594436645508,49.54038619995117,-23.49733543395996,-103.8367691040039,-6.442084312438965,77.22699737548828,0.2594365385241412
64,22,-9.802321434020996,50.22098922729492,-21.282432556152344,-104.09718322753906,-6.488558769226074,77.02949523925781,0.2557368738349616
64,23,-10.077197074890137,49.130157470703125,-21.696138381958008,-103.98834228515625,-6.360661506652832,76.44254302978516,0.2552040399510087
64,24,-10.616503715515137,49.63703918457031,-21.717655181884766,-104.1553955078125,-6.47355842590332,75.03529357910156,0.25585721255885263
64,25,-10.406035423278809,49.31467819213867,-22.255096435546875,-104.43678283691406,-6.417881965637207,75.85193634033203,0.2564561184547137
64,26,-10.757497787475586,48.35017776489258,-21.769113540649414,-105.49009704589844,-6.226471900939941,75.38436889648438,0.25379874489956034
64,27,-11.773435592651367,48.54838562011719,-22.153879165649414,-105.62959289550781,-6.379849433898926,75.30937194824219,0.2548283409054446
64,28,-11.510473251342773,48.16161346435547,-21.916248321533203,-107.0446548461914,-6.118821144104004,75.75187683105469,0.2532310701598504
64,29,-11.724454879760742,47.453529357910156,-23.54656219482422,-107.29183959960938,-6.186878204345703,75.37100219726562,0.2556816483419632
64,30,-11.623662948608398,47.41505432128906,-23.366512298583984,-107.6849365234375,-6.069262504577637,75.35511779785156,0.2550815833558908
64,31,-12.172799110412598,46.553001403808594,-23.954307556152344,-107.49526977539062,-6.145008087158203,75.84854125976562,0.2552465555571419
64,32,-12.151479721069336,45.82978820800781,-23.695690155029297,-108.09334564208984,-6.068621635437012,77.60076904296875,0.25343237374299854
64,33,-12.360664367675781,44.80986785888672,-24.505361557006836,-108.38005065917969,-6.035181045532227,76.50411987304688,0.2536505218295267
64,34,-12.715185165405273,44.31243896484375,-24.104049682617188,-108.41624450683594,-6.13424015045166,77.1418685913086,0.25205175674260183
64,35,-12.629098892211914,42.720802307128906,-24.414350509643555,-109.16522216796875,-6.335349082946777,76.26589965820312,0.25010371325921843
64,36,-12.665186882019043,41.87554931640625,-24.774738311767578,-109.68841552734375,-6.445835113525391,75.59224700927734,0.24941928682604436
64,37,-12.429916381835938,41.43032455444336,-25.979923248291016,-109.07070922851562,-6.282137870788574,76.13813781738281,0.25177670838086263
64,38,-12.538531303405762,41.66753387451172,-25.27138900756836,-109.18020629882812,-6.45198917388916,76.15072631835938,0.2504917540161765
64,39,-12.71162223815918,40.69593048095703,-26.484268188476562,-108.13555908203125,-6.109808921813965,75.564453125,0.2522519169742458
64,40,-12.896085739135742,40.36914825439453,-26.166501998901367,-108.35812377929688,-5.9870100021362305,74.98802185058594,0.2509835555224616
64,41,-13.22148609161377,41.13226318359375,-26.019126892089844,-108.2369384765625,-6.137701988220215,72.90351104736328,0.2518150460570639
64,42,-13.898858070373535,41.629905700683594,-24.9945125579834,-108.69972229003906,-6.322061538696289,60.65846252441406,0.25005243390614273
64,43,-13.977530479431152,40.34584045410156,-26.202064514160156,-108.61405944824219,-5.919797420501709,58.44161605834961,0.25090904921677676
64,44,-14.567424774169922,40.4040641784668,-26.10072898864746,-108.46809387207031,-5.94888162612915,59.293575286865234,0.2508376924919998
64,45,-15.89499282836914,42.25251388549805,-27.290916442871094,-107.50227355957031,-5.845443248748779,66.02450561523438,0.2564309467963932
64,46,-18.149248123168945,43.181243896484375,-29.38513946533203,-106.49008178710938,-4.954894542694092,70.88546752929688,0.2623097846095905
64,47,-19.64569664001465,42.1968994140625,-31.39719009399414,-105.40458679199219,-4.677027702331543,66.41625213623047,0.2651951618501045
64,48,-19.163055419921875,41.54762268066406,-31.45360565185547,-106.33836364746094,-4.916621208190918,66.02397155761719,0.2642907639997706
64,49,-8.445014953613281,32.28984832763672,-22.816131591796875,-86.82877349853516,-5.586904525756836,46.935997009277344,0.23841790309696181
65,0,-15.110952377319336,84.41708374023438,-0.7439117431640625,-90.11744689941406,-6.849201202392578,62.160919189453125,0.25558805926563677
65,1,-14.9218111038208,82.1825180053711,0.8836193084716797,-92.06037902832031,-7.2083740234375,63.794952392578125,0.25066524773551946
65,2,-14.529304504394531,78.1373519897461,-1.1494216918945312,-93.42772674560547,-7.190314292907715,65.76358032226562,0.2504030183237171
65,3,-15.160913467407227,75.65441131591797,-4.133061408996582,-92.90985107421875,-7.475473403930664,70.5728988647461,0.2535739779473204
65,4,-15.251885414123535,72.73663330078125,-8.171871185302734,-92.40022277832031,-7.360526084899902,70.04243469238281,0.25796459878839273
65,5,-15.209211349487305,67.66301727294922,-13.074384689331055,-92.56220245361328,-7.231111526489258,71.95799255371094,0.26146504777024376
65,6,-13.922456741333008,64.0975112915039,-21.7513484954834,-92.05038452148438,-6.370719909667969,77.08796691894531,0.2715697970922419
65,7,-13.606752395629883,63.644859313964844,-24.199445724487305,-92.50704193115234,-6.796688079833984,83.44889831542969,0.2747787172686085
65,8,-12.578497886657715,62.1104850769043,-25.27197265625,-94.26557159423828,-6.868929862976074,82.84955596923828,0.27558903426042336
65,9,-11.491042137145996,61.511558532714844,-25.028587341308594,-95.13307189941406,-6.865074157714844,81.88575744628906,0.274973615293724
65,10,-11.10322093963623,59.95188522338867,-27.101699829101562,-96.01398468017578,-6.699531555175781,81.30780029296875,0.2768456573177701
65,11,-10.978474617004395,58.60572052001953,-28.251766204833984,-96.98881530761719,-6.666749000549316,81.20991516113281,0.2775724548543195
65,12,-10.793851852416992,57.06261444091797,-28.87232208251953,-97.59386444091797,-6.536685943603516,81.02803802490234,0.2772009967670047
65,13,-10.068666458129883,55.406494140625,-28.88382339477539,-97.71150207519531,-6.454488754272461,80.41033172607422,0.275637013369373
65,14,-9.760658264160156,54.44615173339844,-28.8570499420166,-98.8732681274414,-6.511044502258301,79.88075256347656,0.2748666132923084
65,15,-9.992877006530762,53.7271842956543,-28.305458068847656,-99.51925659179688,-6.595462799072266,80.22720336914062,0.2733287409370607
65,16,-10.101197242736816,55.12901306152344,-26.08295249938965,-100.51847839355469,-6.822493553161621,79.12934875488281,0.2711837898271494
65,17,-10.341462135314941,53.81144332885742,-25.60261344909668,-101.8693618774414,-6.877756118774414,78.78177642822266,0.26887301816899156
65,18,-10.638167381286621,54.037353515625,-23.688400268554688,-102.74368286132812,-6.793785095214844,78.1953125,0.265527237523586
65,19,-10.256688117980957,53.597591400146484,-21.920747756958008,-104.40837097167969,-6.833437919616699,77.76904296875,0.26123568732908886
65,20,-10.048870086669922,51.661415100097656,-22.446155548095703,-104.40348815917969,-6.677433967590332,78.21853637695312,0.25986836970045857
65,21,-9.838594436645508,49.54038619995117,-23.49733543395996,-103.8367691040039,-6.442084312438965,77.22699737548828,0.2594365385241412
65,22,-9.802321434020996,50.22098922729492,-21.282432556152344,-104.09718322753906,-6.488558769226074,77.02949523925781,0.2557368738349616
65,23,-10.077197074890137,49.130157470703125,-21.696138381958008,-103.98834228515625,-6.360661506652832,76.44254302978516,0.2552040399510087
65,24,-10.616503715515137,49.63703918457031,-21.717655181884766,-104.1553955078125,-6.47355842590332,75.03529357910156,0.25585721255885263
65,25,-10.406035423278809,49.31467819213867,-22.255096435546875,-104.43678283691406,-6.417881965637207,75.85193634033203,0.2564561184547137
65,26,-10.757497787475586,48.35017776489258,-21.769113540649414,-105.49009704589844,-6.226471900939941,75.38436889648438,0.25379874489956034
65,27,-11.773435592651367,48.54838562011719,-22.153879165649414,-105.62959289550781,-6.379849433898926,75.30937194824219,0.2548283409054446
65,28,-11.510473251342773,48.16161346435547,-21.916248321533203,-107.0446548461914,-6.118821144104004,75.75187683105469,0.2532310701598504
65,29,-11.724454879760742,47.453529357910156,-23.54656219482422,-107.29183959960938,-6.186878204345703,75.37100219726562,0.2556816483419632
65,30,-11.623662948608398,47.41505432128906,-23.366512298583984,-107.6849365234375,-6.069262504577637,75.35511779785156,0.2550815833558908
65,31,-12.172799110412598,46.553001403808594,-23.954307556152344,-107.49526977539062,-6.145008087158203,75.84854125976562,0.2552465555571419
65,32,-12.151479721069336,45.82978820800781,-23.695690155029297,-108.09334564208984,-6.068621635437012,77.60076904296875,0.25343237374299854
65,33,-12.360664367675781,44.80986785888672,-24.505361557006836,-108.38005065917969,-6.035181045532227,76.50411987304688,0.2536505218295267
65,34,-12.715185165405273,44.31243896484375,-24.104049682617188,-108.41624450683594,-6.13424015045166,77.1418685913086,0.25205175674260183
65,35,-12.629098892211914,42.720802307128906,-24.414350509643555,-109.16522216796875,-6.335349082946777,76.26589965820312,0.25010371325921843
65,36,-12.665186882019043,41.87554931640625,-24.774738311767578,-109.68841552734375,-6.445835113525391,75.59224700927734,0.24941928682604436
65,37,-12.429916381835938,41.43032455444336,-25.979923248291016,-109.07070922851562,-6.282137870788574,76.13813781738281,0.25177670838086263
65,38,-12.538531303405762,41.66753387451172,-25.27138900756836,-109.18020629882812,-6.45198917388916,76.15072631835938,0.2504917540161765
65,39,-12.71162223815918,40.69593048095703,-26.484268188476562,-108.13555908203125,-6.109808921813965,75.564453125,0.2522519169742458
65,40,-12.896085739135742,40.36914825439453,-26.166501998901367,-108.35812377929688,-5.9870100021362305,74.98802185058594,0.2509835555224616
65,41,-13.22148609161377,41.13226318359375,-26.019126892089844,-108.2369384765625,-6.137701988220215,72.90351104736328,0.2518150460570639
65,42,-13.898858070373535,41.629905700683594,-24.9945125579834,-108.69972229003906,-6.322061538696289,60.65846252441406,0.25005243390614273
65,43,-13.977530479431152,40.34584045410156,-26.202064514160156,-108.61405944824219,-5.919797420501709,58.44161605834961,0.25090904921677676
65,44,-14.567424774169922,40.4040641784668,-26.10072898864746,-108.46809387207031,-5.94888162612915,59.293575286865234,0.2508376924919998
65,45,-15.89499282836914,42.25251388549805,-27.290916442871094,-107.50227355957031,-5.845443248748779,66.02450561523438,0.2564309467963932
65,46,-18.149248123168945,43.181243896484375,-29.38513946533203,-106.49008178710938,-4.954894542694092,70.88546752929688,0.2623097846095905
65,47,-19.64569664001465,42.1968994140625,-31.39719009399414,-105.40458679199219,-4.677027702331543,66.41625213623047,0.2651951618501045
65,48,-19.163055419921875,41.54762268066406,-31.45360565185547,-106.33836364746094,-4.916621208190918,66.02397155761719,0.2642907639997706
65,49,-8.445014953613281,32.28984832763672,-22.816131591796875,-86.82877349853516,-5.586904525756836,46.935997009277344,0.23841790309696181
66,0,-15.110952377319336,84.41708374023438,-0.7439117431640625,-90.11744689941406,-6.849201202392578,62.160919189453125,0.25558805926563677
66,1,-14.9218111038208,82.1825180053711,0.8836193084716797,-92.06037902832031,-7.2083740234375,63.794952392578125,0.25066524773551946
66,2,-14.529304504394531,78.1373519897461,-1.1494216918945312,-93.42772674560547,-7.190314292907715,65.76358032226562,0.2504030183237171
66,3,-15.160913467407227,75.65441131591797,-4.133061408996582,-92.90985107421875,-7.475473403930664,70.5728988647461,0.2535739779473204
66,4,-15.251885414123535,72.73663330078125,-8.171871185302734,-92.40022277832031,-7.360526084899902,70.04243469238281,0.25796459878839273
66,5,-15.209211349487305,67.66301727294922,-13.074384689331055,-92.56220245361328,-7.231111526489258,71.95799255371094,0.26146504777024376
66,6,-13.922456741333008,64.0975112915039,-21.7513484954834,-92.05038452148438,-6.370719909667969,77.08796691894531,0.2715697970922419
66,7,-13.606752395629883,63.644859313964844,-24.199445724487305,-92.50704193115234,-6.796688079833984,83.44889831542969,0.2747787172686085
66,8,-12.578497886657715,62.1104850769043,-25.27197265625,-94.26557159423828,-6.868929862976074,82.84955596923828,0.27558903426042336
66,9,-11.491042137145996,61.511558532714844,-25.028587341308594,-95.13307189941406,-6.865074157714844,81.88575744628906,0.274973615293724
66,10,-11.10322093963623,59.95188522338867,-27.101699829101562,-96.01398468017578,-6.699531555175781,81.30780029296875,0.2768456573177701
66,11,-10.978474617004395,58.60572052001953,-28.251766204833984,-96.98881530761719,-6.666749000549316,81.20991516113281,0.2775724548543195
66,12,-10.793851852416992,57.06261444091797,-28.87232208251953,-97.59386444091797,-6.536685943603516,81.02803802490234,0.2772009967670047
66,13,-10.068666458129883,55.406494140625,-28.88382339477539,-97.71150207519531,-6.454488754272461,80.41033172607422,0.275637013369373
66,14,-9.760658264160156,54.44615173339844,-28.8570499420166,-98.8732681274414,-6.511044502258301,79.88075256347656,0.2748666132923084
66,15,-9.992877006530762,53.7271842956543,-28.305458068847656,-99.51925659179688,-6.595462799072266,80.22720336914062,0.2733287409370607
66,16,-10.101197242736816,55.12901306152344,-26.08295249938965,-100.51847839355469,-6.822493553161621,79.12934875488281,0.2711837898271494
66,17,-10.341462135314941,53.81144332885742,-25.60261344909668,-101.8693618774414,-6.877756118774414,78.78177642822266,0.26887301816899156
66,18,-10.638167381286621,54.037353515625,-23.688400268554688,-102.74368286132812,-6.793785095214844,78.1953125,0.265527237523586
66,19,-10.256688117980957,53.597591400146484,-21.920747756958008,-104.40837097167969,-6.833437919616699,77.76904296875,0.26123568732908886
66,20,-10.048870086669922,51.661415100097656,-22.446155548095703,-104.40348815917969,-6.677433967590332,78.21853637695312,0.25986836970045857
66,21,-9.838594436645508,49.54038619995117,-23.49733543395996,-103.8367691040039,-6.442084312438965,77.22699737548828,0.2594365385241412
66,22,-9.802321434020996,50.22098922729492,-21.282432556152344,-104.09718322753906,-6.488558769226074,77.02949523925781,0.2557368738349616
66,23,-10.077197074890137,49.130157470703125,-21.696138381958008,-103.98834228515625,-6.360661506652832,76.44254302978516,0.2552040399510087
66,24,-10.616503715515137,49.63703918457031,-21.717655181884766,-104.1553955078125,-6.47355842590332,75.03529357910156,0.25585721255885263
66,25,-10.406035423278809,49.31467819213867,-22.255096435546875,-104.43678283691406,-6.417881965637207,75.85193634033203,0.2564561184547137
66,26,-10.757497787475586,48.35017776489258,-21.769113540649414,-105.49009704589844,-6.226471900939941,75.38436889648438,0.25379874489956034
66,27,-11.773435592651367,48.54838562011719,-22.153879165649414,-105.62959289550781,-6.379849433898926,75.30937194824219,0.2548283409054446
66,28,-11.510473251342773,48.16161346435547,-21.916248321533203,-107.0446548461914,-6.118821144104004,75.75187683105469,0.2532310701598504
66,29,-11.724454879760742,47.453529357910156,-23.54656219482422,-107.29183959960938,-6.186878204345703,75.37100219726562,0.2556816483419632
66,30,-11.623662948608398,47.41505432128906,-23.366512298583984,-107.6849365234375,-6.069262504577637,75.35511779785156,0.2550815833558908
66,31,-12.172799110412598,46.553001403808594,-23.954307556152344,-107.49526977539062,-6.145008087158203,75.84854125976562,0.2552465555571419
66,32,-12.151479721069336,45.82978820800781,-23.695690155029297,-108.09334564208984,-6.068621635437012,77.60076904296875,0.25343237374299854
66,33,-12.360664367675781,44.80986785888672,-24.505361557006836,-108.38005065917969,-6.035181045532227,76.50411987304688,0.2536505218295267
66,34,-12.715185165405273,44.31243896484375,-24.104049682617188,-108.41624450683594,-6.13424015045166,77.1418685913086,0.25205175674260183
66,35,-12.629098892211914,42.720802307128906,-24.414350509643555,-109.16522216796875,-6.335349082946777,76.26589965820312,0.25010371325921843
66,36,-12.665186882019043,41.87554931640625,-24.774738311767578,-109.68841552734375,-6.445835113525391,75.59224700927734,0.24941928682604436
66,37,-12.429916381835938,41.43032455444336,-25.979923248291016,-109.07070922851562,-6.282137870788574,76.13813781738281,0.25177670838086263
66,38,-12.538531303405762,41.66753387451172,-25.27138900756836,-109.18020629882812,-6.45198917388916,76.15072631835938,0.2504917540161765
66,39,-12.71162223815918,40.69593048095703,-26.484268188476562,-108.13555908203125,-6.109808921813965,75.564453125,0.2522519169742458
66,40,-12.896085739135742,40.36914825439453,-26.166501998901367,-108.35812377929688,-5.9870100021362305,74.98802185058594,0.2509835555224616
66,41,-13.22148609161377,41.13226318359375,-26.019126892089844,-108.2369384765625,-6.137701988220215,72.90351104736328,0.2518150460570639
66,42,-13.898858070373535,41.629905700683594,-24.9945125579834,-108.69972229003906,-6.322061538696289,60.65846252441406,0.25005243390614273
66,43,-13.977530479431152,40.34584045410156,-26.202064514160156,-108.61405944824219,-5.919797420501709,58.44161605834961,0.25090904921677676
66,44,-14.567424774169922,40.4040641784668,-26.10072898864746,-108.46809387207031,-5.94888162612915,59.293575286865234,0.2508376924919998
66,45,-15.89499282836914,42.25251388549805,-27.290916442871094,-107.50227355957031,-5.845443248748779,66.02450561523438,0.2564309467963932
66,46,-18.149248123168945,43.181243896484375,-29.38513946533203,-106.49008178710938,-4.954894542694092,70.88546752929688,0.2623097846095905
66,47,-19.64569664001465,42.1968994140625,-31.39719009399414,-105.40458679199219,-4.677027702331543,66.41625213623047,0.2651951618501045
66,48,-19.163055419921875,41.54762268066406,-31.45360565185547,-106.33836364746094,-4.916621208190918,66.02397155761719,0.2642907639997706
66,49,-8.445014953613281,32.28984832763672,-22.816131591796875,-86.82877349853516,-5.586904525756836,46.935997009277344,0.23841790309696181
67,0,-15.110952377319336,84.41708374023438,-0.7439117431640625,-90.11744689941406,-6.849201202392578,62.160919189453125,0.25558805926563677
67,1,-14.9218111038208,82.1825180053711,0.8836193084716797,-92.06037902832031,-7.2083740234375,63.794952392578125,0.25066524773551946
67,2,-14.529304504394531,78.1373519897461,-1.1494216918945312,-93.42772674560547,-7.190314292907715,65.76358032226562,0.2504030183237171
67,3,-15.160913467407227,75.65441131591797,-4.133061408996582,-92.90985107421875,-7.475473403930664,70.5728988647461,0.2535739779473204
67,4,-15.251885414123535,72.73663330078125,-8.171871185302734,-92.40022277832031,-7.360526084899902,70.04243469238281,0.25796459878839273
67,5,-15.209211349487305,67.66301727294922,-13.074384689331055,-92.56220245361328,-7.231111526489258,71.95799255371094,0.26146504777024376
67,6,-13.922456741333008,64.0975112915039,-21.7513484954834,-92.05038452148438,-6.370719909667969,77.08796691894531,0.2715697970922419
67,7,-13.606752395629883,63.644859313964844,-24.199445724487305,-92.50704193115234,-6.796688079833984,83.44889831542969,0.2747787172686085
67,8,-12.578497886657715,62.1104850769043,-25.27197265625,-94.26557159423828,-6.868929862976074,82.84955596923828,0.27558903426042336
67,9,-11.491042137145996,61.511558532714844,-25.028587341308594,-95.13307189941406,-6.865074157714844,81.88575744628906,0.274973615293724
67,10,-11.10322093963623,59.95188522338867,-27.101699829101562,-96.01398468017578,-6.699531555175781,81.30780029296875,0.2768456573177701
67,11,-10.978474617004395,58.60572052001953,-28.251766204833984,-96.98881530761719,-6.666749000549316,81.20991516113281,0.2775724548543195
67,12,-10.793851852416992,57.06261444091797,-28.87232208251953,-97.59386444091797,-6.536685943603516,81.02803802490234,0.2772009967670047
67,13,-10.068666458129883,55.406494140625,-28.88382339477539,-97.71150207519531,-6.454488754272461,80.41033172607422,0.275637013369373
67,14,-9.760658264160156,54.44615173339844,-28.8570499420166,-98.8732681274414,-6.511044502258301,79.88075256347656,0.2748666132923084
67,15,-9.992877006530762,53.7271842956543,-28.305458068847656,-99.51925659179688,-6.595462799072266,80.22720336914062,0.2733287409370607
67,16,-10.101197242736816,55.12901306152344,-26.08295249938965,-100.51847839355469,-6.822493553161621,79.12934875488281,0.2711837898271494
67,17,-10.341462135314941,53.81144332885742,-25.60261344909668,-101.8693618774414,-6.877756118774414,78.78177642822266,0.26887301816899156
67,18,-10.638167381286621,54.037353515625,-23.688400268554688,-102.74368286132812,-6.793785095214844,78.1953125,0.265527237523586
67,19,-10.256688117980957,53.597591400146484,-21.920747756958008,-104.40837097167969,-6.833437919616699,77.76904296875,0.26123568732908886
67,20,-10.048870086669922,51.661415100097656,-22.446155548095703,-104.40348815917969,-6.677433967590332,78.21853637695312,0.25986836970045857
67,21,-9.838594436645508,49.54038619995117,-23.49733543395996,-103.8367691040039,-6.442084312438965,77.22699737548828,0.2594365385241412
67,22,-9.802321434020996,50.22098922729492,-21.282432556152344,-104.09718322753906,-6.488558769226074,77.02949523925781,0.2557368738349616
67,23,-10.077197074890137,49.130157470703125,-21.696138381958008,-103.98834228515625,-6.360661506652832,76.44254302978516,0.2552040399510087
67,24,-10.616503715515137,49.63703918457031,-21.717655181884766,-104.1553955078125,-6.47355842590332,75.03529357910156,0.25585721255885263
67,25,-10.406035423278809,49.31467819213867,-22.255096435546875,-104.43678283691406,-6.417881965637207,75.85193634033203,0.2564561184547137
67,26,-10.757497787475586,48.35017776489258,-21.769113540649414,-105.49009704589844,-6.226471900939941,75.38436889648438,0.25379874489956034
67,27,-11.773435592651367,48.54838562011719,-22.153879165649414,-105.62959289550781,-6.379849433898926,75.30937194824219,0.2548283409054446
67,28,-11.510473251342773,48.16161346435547,-21.916248321533203,-107.0446548461914,-6.118821144104004,75.75187683105469,0.2532310701598504
67,29,-11.724454879760742,47.453529357910156,-23.54656219482422,-107.29183959960938,-6.186878204345703,75.37100219726562,0.2556816483419632
67,30,-11.623662948608398,47.41505432128906,-23.366512298583984,-107.6849365234375,-6.069262504577637,75.35511779785156,0.2550815833558908
67,31,-12.172799110412598,46.553001403808594,-23.954307556152344,-107.49526977539062,-6.145008087158203,75.84854125976562,0.2552465555571419
67,32,-12.151479721069336,45.82978820800781,-23.695690155029297,-108.09334564208984,-6.068621635437012,77.60076904296875,0.25343237374299854
67,33,-12.360664367675781,44.80986785888672,-24.505361557006836,-108.38005065917969,-6.035181045532227,76.50411987304688,0.2536505218295267
67,34,-12.715185165405273,44.31243896484375,-24.104049682617188,-108.41624450683594,-6.13424015045166,77.1418685913086,0.25205175674260183
67,35,-12.629098892211914,42.720802307128906,-24.414350509643555,-109.16522216796875,-6.335349082946777,76.26589965820312,0.25010371325921843
67,36,-12.665186882019043,41.87554931640625,-24.774738311767578,-109.68841552734375,-6.445835113525391,75.59224700927734,0.24941928682604436
67,37,-12.429916381835938,41.43032455444336,-25.979923248291016,-109.07070922851562,-6.282137870788574,76.13813781738281,0.25177670838086263
67,38,-12.538531303405762,41.66753387451172,-25.27138900756836,-109.18020629882812,-6.45198917388916,76.15072631835938,0.2504917540161765
67,39,-12.71162223815918,40.69593048095703,-26.484268188476562,-108.13555908203125,-6.109808921813965,75.564453125,0.2522519169742458
67,40,-12.896085739135742,40.36914825439453,-26.166501998901367,-108.35812377929688,-5.9870100021362305,74.98802185058594,0.2509835555224616
67,41,-13.22148609161377,41.13226318359375,-26.019126892089844,-108.2369384765625,-6.137701988220215,72.90351104736328,0.2518150460570639
67,42,-13.898858070373535,41.629905700683594,-24.9945125579834,-108.69972229003906,-6.322061538696289,60.65846252441406,0.25005243390614273
67,43,-13.977530479431152,40.34584045410156,-26.202064514160156,-108.61405944824219,-5.919797420501709,58.44161605834961,0.25090904921677676
67,44,-14.567424774169922,40.4040641784668,-26.10072898864746,-108.46809387207031,-5.94888162612915,59.293575286865234,0.2508376924919998
67,45,-15.89499282836914,42.25251388549805,-27.290916442871094,-107.50227355957031,-5.845443248748779,66.02450561523438,0.2564309467963932
67,46,-18.149248123168945,43.181243896484375,-29.38513946533203,-106.49008178710938,-4.954894542694092,70.88546752929688,0.2623097846095905
67,47,-19.64569664001465,42.1968994140625,-31.39719009399414,-105.40458679199219,-4.677027702331543,66.41625213623047,0.2651951618501045
67,48,-19.163055419921875,41.54762268066406,-31.45360565185547,-106.33836364746094,-4.916621208190918,66.02397155761719,0.2642907639997706
67,49,-8.445014953613281,32.28984832763672,-22.816131591796875,-86.82877349853516,-5.586904525756836,46.935997009277344,0.23841790309696181
68,0,-15.110952377319336,84.41708374023438,-0.7439117431640625,-90.11744689941406,-6.849201202392578,62.160919189453125,0.25558805926563677
68,1,-14.9218111038208,82.1825180053711,0.8836193084716797,-92.06037902832031,-7.2083740234375,63.794952392578125,0.25066524773551946
68,2,-14.529304504394531,78.1373519897461,-1.1494216918945312,-93.42772674560547,-7.190314292907715,65.76358032226562,0.2504030183237171
68,3,-15.160913467407227,75.65441131591797,-4.133061408996582,-92.90985107421875,-7.475473403930664,70.5728988647461,0.2535739779473204
68,4,-15.251885414123535,72.73663330078125,-8.171871185302734,-92.40022277832031,-7.360526084899902,70.04243469238281,0.25796459878839273
68,5,-15.209211349487305,67.66301727294922,-13.074384689331055,-92.56220245361328,-7.231111526489258,71.95799255371094,0.26146504777024376
68,6,-13.922456741333008,64.0975112915039,-21.7513484954834,-92.05038452148438,-6.370719909667969,77.08796691894531,0.2715697970922419
68,7,-13.606752395629883,63.644859313964844,-24.199445724487305,-92.50704193115234,-6.796688079833984,83.44889831542969,0.2747787172686085
68,8,-12.578497886657715,62.1104850769043,-25.27197265625,-94.26557159423828,-6.868929862976074,82.84955596923828,0.27558903426042336
68,9,-11.491042137145996,61.511558532714844,-25.028587341308594,-95.13307189941406,-6.865074157714844,81.88575744628906,0.274973615293724
68,10,-11.10322093963623,59.95188522338867,-27.101699829101562,-96.01398468017578,-6.699531555175781,81.30780029296875,0.2768456573177701
68,11,-10.978474617004395,58.60572052001953,-28.251766204833984,-96.98881530761719,-6.666749000549316,81.20991516113281,0.2775724548543195
68,12,-10.793851852416992,57.06261444091797,-28.87232208251953,-97.59386444091797,-6.536685943603516,81.02803802490234,0.2772009967670047
68,13,-10.068666458129883,55.406494140625,-28.88382339477539,-97.71150207519531,-6.454488754272461,80.41033172607422,0.275637013369373
68,14,-9.760658264160156,54.44615173339844,-28.8570499420166,-98.8732681274414,-6.511044502258301,79.88075256347656,0.2748666132923084
68,15,-9.992877006530762,53.7271842956543,-28.305458068847656,-99.51925659179688,-6.595462799072266,80.22720336914062,0.2733287409370607
68,16,-10.101197242736816,55.12901306152344,-26.08295249938965,-100.51847839355469,-6.822493553161621,79.12934875488281,0.2711837898271494
68,17,-10.341462135314941,53.81144332885742,-25.60261344909668,-101.8693618774414,-6.877756118774414,78.78177642822266,0.26887301816899156
68,18,-10.638167381286621,54.037353515625,-23.688400268554688,-102.74368286132812,-6.793785095214844,78.1953125,0.265527237523586
68,19,-10.256688117980957,53.597591400146484,-21.920747756958008,-104.40837097167969,-6.833437919616699,77.76904296875,0.26123568732908886
68,20,-10.048870086669922,51.661415100097656,-22.446155548095703,-104.40348815917969,-6.677433967590332,78.21853637695312,0.25986836970045857
68,21,-9.838594436645508,49.54038619995117,-23.49733543395996,-103.8367691040039,-6.442084312438965,77.22699737548828,0.2594365385241412
68,22,-9.802321434020996,50.22098922729492,-21.282432556152344,-104.09718322753906,-6.488558769226074,77.02949523925781,0.2557368738349616
68,23,-10.077197074890137,49.130157470703125,-21.696138381958008,-103.98834228515625,-6.360661506652832,76.44254302978516,0.2552040399510087
68,24,-10.616503715515137,49.63703918457031,-21.717655181884766,-104.1553955078125,-6.47355842590332,75.03529357910156,0.25585721255885263
68,25,-10.406035423278809,49.31467819213867,-22.255096435546875,-104.43678283691406,-6.417881965637207,75.85193634033203,0.2564561184547137
68,26,-10.757497787475586,48.35017776489258,-21.769113540649414,-105.49009704589844,-6.226471900939941,75.38436889648438,0.25379874489956034
68,27,-11.773435592651367,48.54838562011719,-22.153879165649414,-105.62959289550781,-6.379849433898926,75.30937194824219,0.2548283409054446
68,28,-11.510473251342773,48.16161346435547,-21.916248321533203,-107.0446548461914,-6.118821144104004,75.75187683105469,0.2532310701598504
68,29,-11.724454879760742,47.453529357910156,-23.54656219482422,-107.29183959960938,-6.186878204345703,75.37100219726562,0.2556816483419632
68,30,-11.623662948608398,47.41505432128906,-23.366512298583984,-107.6849365234375,-6.069262504577637,75.35511779785156,0.2550815833558908
68,31,-12.172799110412598,46.553001403808594,-23.954307556152344,-107.49526977539062,-6.145008087158203,75.84854125976562,0.2552465555571419
68,32,-12.151479721069336,45.82978820800781,-23.695690155029297,-108.09334564208984,-6.068621635437012,77.60076904296875,0.25343237374299854
68,33,-12.360664367675781,44.80986785888672,-24.505361557006836,-108.38005065917969,-6.035181045532227,76.50411987304688,0.2536505218295267
68,34,-12.715185165405273,44.31243896484375,-24.104049682617188,-108.41624450683594,-6.13424015045166,77.1418685913086,0.25205175674260183
68,35,-12.629098892211914,42.720802307128906,-24.414350509643555,-109.16522216796875,-6.335349082946777,76.26589965820312,0.25010371325921843
68,36,-12.665186882019043,41.87554931640625,-24.774738311767578,-109.68841552734375,-6.445835113525391,75.59224700927734,0.24941928682604436
68,37,-12.429916381835938,41.43032455444336,-25.979923248291016,-109.07070922851562,-6.282137870788574,76.13813781738281,0.25177670838086263
68,38,-12.538531303405762,41.66753387451172,-25.27138900756836,-109.18020629882812,-6.45198917388916,76.15072631835938,0.2504917540161765
68,39,-12.71162223815918,40.69593048095703,-26.484268188476562,-108.13555908203125,-6.109808921813965,75.564453125,0.2522519169742458
68,40,-12.896085739135742,40.36914825439453,-26.166501998901367,-108.35812377929688,-5.9870100021362305,74.98802185058594,0.2509835555224616
68,41,-13.22148609161377,41.13226318359375,-26.019126892089844,-108.2369384765625,-6.137701988220215,72.90351104736328,0.2518150460570639
68,42,-13.898858070373535,41.629905700683594,-24.9945125579834,-108.69972229003906,-6.322061538696289,60.65846252441406,0.25005243390614273
68,43,-13.977530479431152,40.34584045410156,-26.202064514160156,-108.61405944824219,-5.919797420501709,58.44161605834961,0.25090904921677676
68,44,-14.567424774169922,40.4040641784668,-26.10072898864746,-108.46809387207031,-5.94888162612915,59.293575286865234,0.2508376924919998
68,45,-15.89499282836914,42.25251388549805,-27.290916442871094,-107.50227355957031,-5.845443248748779,66.02450561523438,0.2564309467963932
68,46,-18.149248123168945,43.181243896484375,-29.38513946533203,-106.49008178710938,-4.954894542694092,70.88546752929688,0.2623097846095905
68,47,-19.64569664001465,42.1968994140625,-31.39719009399414,-105.40458679199219,-4.677027702331543,66.41625213623047,0.2651951618501045
68,48,-19.163055419921875,41.54762268066406,-31.45360565185547,-106.33836364746094,-4.916621208190918,66.02397155761719,0.2642907639997706
68,49,-8.445014953613281,32.28984832763672,-22.816131591796875,-86.82877349853516,-5.586904525756836,46.935997009277344,0.23841790309696181
69,0,-15.110952377319336,84.41708374023438,-0.7439117431640625,-90.11744689941406,-6.849201202392578,62.160919189453125,0.25558805926563677
69,1,-14.9218111038208,82.1825180053711,0.8836193084716797,-92.06037902832031,-7.2083740234375,63.794952392578125,0.25066524773551946
69,2,-14.529304504394531,78.1373519897461,-1.1494216918945312,-93.42772674560547,-7.190314292907715,65.76358032226562,0.2504030183237171
69,3,-15.160913467407227,75.65441131591797,-4.133061408996582,-92.90985107421875,-7.475473403930664,70.5728988647461,0.2535739779473204
69,4,-15.251885414123535,72.73663330078125,-8.171871185302734,-92.40022277832031,-7.360526084899902,70.04243469238281,0.25796459878839273
69,5,-15.209211349487305,67.66301727294922,-13.074384689331055,-92.56220245361328,-7.231111526489258,71.95799255371094,0.26146504777024376
69,6,-13.922456741333008,64.0975112915039,-21.7513484954834,-92.05038452148438,-6.370719909667969,77.08796691894531,0.2715697970922419
69,7,-13.606752395629883,63.644859313964844,-24.199445724487305,-92.50704193115234,-6.796688079833984,83.44889831542969,0.2747787172686085
69,8,-12.578497886657715,62.1104850769043,-25.27197265625,-94.26557159423828,-6.868929862976074,82.84955596923828,0.27558903426042336
69,9,-11.491042137145996,61.511558532714844,-25.028587341308594,-95.13307189941406,-6.865074157714844,81.88575744628906,0.274973615293724
69,10,-11.10322093963623,59.95188522338867,-27.101699829101562,-96.01398468017578,-6.699531555175781,81.30780029296875,0.2768456573177701
69,11,-10.978474617004395,58.60572052001953,-28.251766204833984,-96.98881530761719,-6.666749000549316,81.20991516113281,0.2775724548543195
69,12,-10.793851852416992,57.06261444091797,-28.87232208251953,-97.59386444091797,-6.536685943603516,81.02803802490234,0.2772009967670047
69,13,-10.068666458129883,55.406494140625,-28.88382339477539,-97.71150207519531,-6.454488754272461,80.41033172607422,0.275637013369373
69,14,-9.760658264160156,54.44615173339844,-28.8570499420166,-98.8732681274414,-6.511044502258301,79.88075256347656,0.2748666132923084
69,15,-9.992877006530762,53.7271842956543,-28.305458068847656,-99.51925659179688,-6.595462799072266,80.22720336914062,0.2733287409370607
69,16,-10.101197242736816,55.12901306152344,-26.08295249938965,-100.51847839355469,-6.822493553161621,79.12934875488281,0.2711837898271494
69,17,-10.341462135314941,53.81144332885742,-25.60261344909668,-101.8693618774414,-6.877756118774414,78.78177642822266,0.26887301816899156
69,18,-10.638167381286621,54.037353515625,-23.688400268554688,-102.74368286132812,-6.793785095214844,78.1953125,0.265527237523586
69,19,-10.256688117980957,53.597591400146484,-21.920747756958008,-104.40837097167969,-6.833437919616699,77.76904296875,0.26123568732908886
69,20,-10.048870086669922,51.661415100097656,-22.446155548095703,-104.40348815917969,-6.677433967590332,78.21853637695312,0.25986836970045857
69,21,-9.838594436645508,49.54038619995117,-23.49733543395996,-103.8367691040039,-6.442084312438965,77.22699737548828,0.2594365385241412
69,22,-9.802321434020996,50.22098922729492,-21.282432556152344,-104.09718322753906,-6.488558769226074,77.02949523925781,0.2557368738349616
69,23,-10.077197074890137,49.130157470703125,-21.696138381958008,-103.98834228515625,-6.360661506652832,76.44254302978516,0.2552040399510087
69,24,-10.616503715515137,49.63703918457031,-21.717655181884766,-104.1553955078125,-6.47355842590332,75.03529357910156,0.25585721255885263
69,25,-10.406035423278809,49.31467819213867,-22.255096435546875,-104.43678283691406,-6.417881965637207,75.85193634033203,0.2564561184547137
69,26,-10.757497787475586,48.35017776489258,-21.769113540649414,-105.49009704589844,-6.226471900939941,75.38436889648438,0.25379874489956034
69,27,-11.773435592651367,48.54838562011719,-22.153879165649414,-105.62959289550781,-6.379849433898926,75.30937194824219,0.2548283409054446
69,28,-11.510473251342773,48.16161346435547,-21.916248321533203,-107.0446548461914,-6.118821144104004,75.75187683105469,0.2532310701598504
69,29,-11.724454879760742,47.453529357910156,-23.54656219482422,-107.29183959960938,-6.186878204345703,75.37100219726562,0.2556816483419632
69,30,-11.623662948608398,47.41505432128906,-23.366512298583984,-107.6849365234375,-6.069262504577637,75.35511779785156,0.2550815833558908
69,31,-12.172799110412598,46.553001403808594,-23.954307556152344,-107.49526977539062,-6.145008087158203,75.84854125976562,0.2552465555571419
69,32,-12.151479721069336,45.82978820800781,-23.695690155029297,-108.09334564208984,-6.068621635437012,77.60076904296875,0.25343237374299854
69,33,-12.360664367675781,44.80986785888672,-24.505361557006836,-108.38005065917969,-6.035181045532227,76.50411987304688,0.2536505218295267
69,34,-12.715185165405273,44.31243896484375,-24.104049682617188,-108.41624450683594,-6.13424015045166,77.1418685913086,0.25205175674260183
69,35,-12.629098892211914,42.720802307128906,-24.414350509643555,-109.16522216796875,-6.335349082946777,76.26589965820312,0.25010371325921843
69,36,-12.665186882019043,41.87554931640625,-24.774738311767578,-109.68841552734375,-6.445835113525391,75.59224700927734,0.24941928682604436
69,37,-12.429916381835938,41.43032455444336,-25.979923248291016,-109.07070922851562,-6.282137870788574,76.13813781738281,0.25177670838086263
69,38,-12.538531303405762,41.66753387451172,-25.27138900756836,-109.18020629882812,-6.45198917388916,76.15072631835938,0.2504917540161765
69,39,-12.71162223815918,40.69593048095703,-26.484268188476562,-108.13555908203125,-6.109808921813965,75.564453125,0.2522519169742458
69,40,-12.896085739135742,40.36914825439453,-26.166501998901367,-108.35812377929688,-5.9870100021362305,74.98802185058594,0.2509835555224616
69,41,-13.22148609161377,41.13226318359375,-26.019126892089844,-108.2369384765625,-6.137701988220215,72.90351104736328,0.2518150460570639
69,42,-13.898858070373535,41.629905700683594,-24.9945125579834,-108.69972229003906,-6.322061538696289,60.65846252441406,0.25005243390614273
69,43,-13.977530479431152,40.34584045410156,-26.202064514160156,-108.61405944824219,-5.919797420501709,58.44161605834961,0.25090904921677676
69,44,-14.567424774169922,40.4040641784668,-26.10072898864746,-108.46809387207031,-5.94888162612915,59.293575286865234,0.2508376924919998
69,45,-15.89499282836914,42.25251388549805,-27.290916442871094,-107.50227355957031,-5.845443248748779,66.02450561523438,0.2564309467963932
69,46,-18.149248123168945,43.181243896484375,-29.38513946533203,-106.49008178710938,-4.954894542694092,70.88546752929688,0.2623097846095905
69,47,-19.64569664001465,42.1968994140625,-31.39719009399414,-105.40458679199219,-4.677027702331543,66.41625213623047,0.2651951618501045
69,48,-19.163055419921875,41.54762268066406,-31.45360565185547,-106.33836364746094,-4.916621208190918,66.02397155761719,0.2642907639997706
69,49,-8.445014953613281,32.28984832763672,-22.816131591796875,-86.82877349853516,-5.586904525756836,46.935997009277344,0.23841790309696181
70,0,-15.110952377319336,84.41708374023438,-0.7439117431640625,-90.11744689941406,-6.849201202392578,62.160919189453125,0.25558805926563677
70,1,-14.9218111038208,82.1825180053711,0.8836193084716797,-92.06037902832031,-7.2083740234375,63.794952392578125,0.25066524773551946
70,2,-14.529304504394531,78.1373519897461,-1.1494216918945312,-93.42772674560547,-7.190314292907715,65.76358032226562,0.2504030183237171
70,3,-15.160913467407227,75.65441131591797,-4.133061408996582,-92.90985107421875,-7.475473403930664,70.5728988647461,0.2535739779473204
70,4,-15.251885414123535,72.73663330078125,-8.171871185302734,-92.40022277832031,-7.360526084899902,70.04243469238281,0.25796459878839273
70,5,-15.209211349487305,67.66301727294922,-13.074384689331055,-92.56220245361328,-7.231111526489258,71.95799255371094,0.26146504777024376
70,6,-13.922456741333008,64.0975112915039,-21.7513484954834,-92.05038452148438,-6.370719909667969,77.08796691894531,0.2715697970922419
70,7,-13.606752395629883,63.644859313964844,-24.199445724487305,-92.50704193115234,-6.796688079833984,83.44889831542969,0.2747787172686085
70,8,-12.578497886657715,62.1104850769043,-25.27197265625,-94.26557159423828,-6.868929862976074,82.84955596923828,0.27558903426042336
70,9,-11.491042137145996,61.511558532714844,-25.028587341308594,-95.13307189941406,-6.865074157714844,81.88575744628906,0.274973615293724
70,10,-11.10322093963623,59.95188522338867,-27.101699829101562,-96.01398468017578,-6.699531555175781,81.30780029296875,0.2768456573177701
70,11,-10.978474617004395,58.60572052001953,-28.251766204833984,-96.98881530761719,-6.666749000549316,81.20991516113281,0.2775724548543195
70,12,-10.793851852416992,57.06261444091797,-28.87232208251953,-97.59386444091797,-6.536685943603516,81.02803802490234,0.2772009967670047
70,13,-10.068666458129883,55.406494140625,-28.88382339477539,-97.71150207519531,-6.454488754272461,80.41033172607422,0.275637013369373
70,14,-9.760658264160156,54.44615173339844,-28.8570499420166,-98.8732681274414,-6.511044502258301,79.88075256347656,0.2748666132923084
70,15,-9.992877006530762,53.7271842956543,-28.305458068847656,-99.51925659179688,-6.595462799072266,80.22720336914062,0.2733287409370607
70,16,-10.101197242736816,55.12901306152344,-26.08295249938965,-100.51847839355469,-6.822493553161621,79.12934875488281,0.2711837898271494
70,17,-10.341462135314941,53.81144332885742,-25.60261344909668,-101.8693618774414,-6.877756118774414,78.78177642822266,0.26887301816899156
70,18,-10.638167381286621,54.037353515625,-23.688400268554688,-102.74368286132812,-6.793785095214844,78.1953125,0.265527237523586
70,19,-10.256688117980957,53.597591400146484,-21.920747756958008,-104.40837097167969,-6.833437919616699,77.76904296875,0.26123568732908886
70,20,-10.048870086669922,51.661415100097656,-22.446155548095703,-104.40348815917969,-6.677433967590332,78.21853637695312,0.25986836970045857
70,21,-9.838594436645508,49.54038619995117,-23.49733543395996,-103.8367691040039,-6.442084312438965,77.22699737548828,0.2594365385241412
70,22,-9.802321434020996,50.22098922729492,-21.282432556152344,-104.09718322753906,-6.488558769226074,77.02949523925781,0.2557368738349616
70,23,-10.077197074890137,49.130157470703125,-21.696138381958008,-103.98834228515625,-6.360661506652832,76.44254302978516,0.2552040399510087
70,24,-10.616503715515137,49.63703918457031,-21.717655181884766,-104.1553955078125,-6.47355842590332,75.03529357910156,0.25585721255885263
70,25,-10.406035423278809,49.31467819213867,-22.255096435546875,-104.43678283691406,-6.417881965637207,75.85193634033203,0.2564561184547137
70,26,-10.757497787475586,48.35017776489258,-21.769113540649414,-105.49009704589844,-6.226471900939941,75.38436889648438,0.25379874489956034
70,27,-11.773435592651367,48.54838562011719,-22.153879165649414,-105.62959289550781,-6.379849433898926,75.30937194824219,0.2548283409054446
70,28,-11.510473251342773,48.16161346435547,-21.916248321533203,-107.0446548461914,-6.118821144104004,75.75187683105469,0.2532310701598504
70,29,-11.724454879760742,47.453529357910156,-23.54656219482422,-107.29183959960938,-6.186878204345703,75.37100219726562,0.2556816483419632
70,30,-11.623662948608398,47.41505432128906,-23.366512298583984,-107.6849365234375,-6.069262504577637,75.35511779785156,0.2550815833558908
70,31,-12.172799110412598,46.553001403808594,-23.954307556152344,-107.49526977539062,-6.145008087158203,75.84854125976562,0.2552465555571419
70,32,-12.151479721069336,45.82978820800781,-23.695690155029297,-108.09334564208984,-6.068621635437012,77.60076904296875,0.25343237374299854
70,33,-12.360664367675781,44.80986785888672,-24.505361557006836,-108.38005065917969,-6.035181045532227,76.50411987304688,0.2536505218295267
70,34,-12.715185165405273,44.31243896484375,-24.104049682617188,-108.41624450683594,-6.13424015045166,77.1418685913086,0.25205175674260183
70,35,-12.629098892211914,42.720802307128906,-24.414350509643555,-109.16522216796875,-6.335349082946777,76.26589965820312,0.25010371325921843
70,36,-12.665186882019043,41.87554931640625,-24.774738311767578,-109.68841552734375,-6.445835113525391,75.59224700927734,0.24941928682604436
70,37,-12.429916381835938,41.43032455444336,-25.979923248291016,-109.07070922851562,-6.282137870788574,76.13813781738281,0.25177670838086263
70,38,-12.538531303405762,41.66753387451172,-25.27138900756836,-109.18020629882812,-6.45198917388916,76.15072631835938,0.2504917540161765
70,39,-12.71162223815918,40.69593048095703,-26.484268188476562,-108.13555908203125,-6.109808921813965,75.564453125,0.2522519169742458
70,40,-12.896085739135742,40.36914825439453,-26.166501998901367,-108.35812377929688,-5.9870100021362305,74.98802185058594,0.2509835555224616
70,41,-13.22148609161377,41.13226318359375,-26.019126892089844,-108.2369384765625,-6.137701988220215,72.90351104736328,0.2518150460570639
70,42,-13.898858070373535,41.629905700683594,-24.9945125579834,-108.69972229003906,-6.322061538696289,60.65846252441406,0.25005243390614273
70,43,-13.977530479431152,40.34584045410156,-26.202064514160156,-108.61405944824219,-5.919797420501709,58.44161605834961,0.25090904921677676
70,44,-14.567424774169922,40.4040641784668,-26.10072898864746,-108.46809387207031,-5.94888162612915,59.293575286865234,0.2508376924919998
70,45,-15.89499282836914,42.25251388549805,-27.290916442871094,-107.50227355957031,-5.845443248748779,66.02450561523438,0.2564309467963932
70,46,-18.149248123168945,43.181243896484375,-29.38513946533203,-106.49008178710938,-4.954894542694092,70.88546752929688,0.2623097846095905
70,47,-19.64569664001465,42.1968994140625,-31.39719009399414,-105.40458679199219,-4.677027702331543,66.41625213623047,0.2651951618501045
70,48,-19.163055419921875,41.54762268066406,-31.45360565185547,-106.33836364746094,-4.916621208190918,66.02397155761719,0.2642907639997706
70,49,-8.445014953613281,32.28984832763672,-22.816131591796875,-86.82877349853516,-5.586904525756836,46.935997009277344,0.23841790309696181
71,0,-15.110952377319336,84.41708374023438,-0.7439117431640625,-90.11744689941406,-6.849201202392578,62.160919189453125,0.25558805926563677
71,1,-14.9218111038208,82.1825180053711,0.8836193084716797,-92.06037902832031,-7.2083740234375,63.794952392578125,0.25066524773551946
71,2,-14.529304504394531,78.1373519897461,-1.1494216918945312,-93.42772674560547,-7.190314292907715,65.76358032226562,0.2504030183237171
71,3,-15.160913467407227,75.65441131591797,-4.133061408996582,-92.90985107421875,-7.475473403930664,70.5728988647461,0.2535739779473204
71,4,-15.251885414123535,72.73663330078125,-8.171871185302734,-92.40022277832031,-7.360526084899902,70.04243469238281,0.25796459878839273
71,5,-15.209211349487305,67.66301727294922,-13.074384689331055,-92.56220245361328,-7.231111526489258,71.95799255371094,0.26146504777024376
71,6,-13.922456741333008,64.0975112915039,-21.7513484954834,-92.05038452148438,-6.370719909667969,77.08796691894531,0.2715697970922419
71,7,-13.606752395629883,63.644859313964844,-24.199445724487305,-92.50704193115234,-6.796688079833984,83.44889831542969,0.2747787172686085
71,8,-12.578497886657715,62.1104850769043,-25.27197265625,-94.26557159423828,-6.868929862976074,82.84955596923828,0.27558903426042336
71,9,-11.491042137145996,61.511558532714844,-25.028587341308594,-95.13307189941406,-6.865074157714844,81.88575744628906,0.274973615293724
71,10,-11.10322093963623,59.95188522338867,-27.101699829101562,-96.01398468017578,-6.699531555175781,81.30780029296875,0.2768456573177701
71,11,-10.978474617004395,58.60572052001953,-28.251766204833984,-96.98881530761719,-6.666749000549316,81.20991516113281,0.2775724548543195
71,12,-10.793851852416992,57.06261444091797,-28.87232208251953,-97.59386444091797,-6.536685943603516,81.02803802490234,0.2772009967670047
71,13,-10.068666458129883,55.406494140625,-28.88382339477539,-97.71150207519531,-6.454488754272461,80.41033172607422,0.275637013369373
71,14,-9.760658264160156,54.44615173339844,-28.8570499420166,-98.8732681274414,-6.511044502258301,79.88075256347656,0.2748666132923084
71,15,-9.992877006530762,53.7271842956543,-28.305458068847656,-99.51925659179688,-6.595462799072266,80.22720336914062,0.2733287409370607
71,16,-10.101197242736816,55.12901306152344,-26.08295249938965,-100.51847839355469,-6.822493553161621,79.12934875488281,0.2711837898271494
71,17,-10.341462135314941,53.81144332885742,-25.60261344909668,-101.8693618774414,-6.877756118774414,78.78177642822266,0.26887301816899156
71,18,-10.638167381286621,54.037353515625,-23.688400268554688,-102.74368286132812,-6.793785095214844,78.1953125,0.265527237523586
71,19,-10.256688117980957,53.597591400146484,-21.920747756958008,-104.40837097167969,-6.833437919616699,77.76904296875,0.26123568732908886
71,20,-10.048870086669922,51.661415100097656,-22.446155548095703,-104.40348815917969,-6.677433967590332,78.21853637695312,0.25986836970045857
71,21,-9.838594436645508,49.54038619995117,-23.49733543395996,-103.8367691040039,-6.442084312438965,77.22699737548828,0.2594365385241412
71,22,-9.802321434020996,50.22098922729492,-21.282432556152344,-104.09718322753906,-6.488558769226074,77.02949523925781,0.2557368738349616
71,23,-10.077197074890137,49.130157470703125,-21.696138381958008,-103.98834228515625,-6.360661506652832,76.44254302978516,0.2552040399510087
71,24,-10.616503715515137,49.63703918457031,-21.717655181884766,-104.1553955078125,-6.47355842590332,75.03529357910156,0.25585721255885263
71,25,-10.406035423278809,49.31467819213867,-22.255096435546875,-104.43678283691406,-6.417881965637207,75.85193634033203,0.2564561184547137
71,26,-10.757497787475586,48.35017776489258,-21.769113540649414,-105.49009704589844,-6.226471900939941,75.38436889648438,0.25379874489956034
71,27,-11.773435592651367,48.54838562011719,-22.153879165649414,-105.62959289550781,-6.379849433898926,75.30937194824219,0.2548283409054446
71,28,-11.510473251342773,48.16161346435547,-21.916248321533203,-107.0446548461914,-6.118821144104004,75.75187683105469,0.2532310701598504
71,29,-11.724454879760742,47.453529357910156,-23.54656219482422,-107.29183959960938,-6.186878204345703,75.37100219726562,0.2556816483419632
71,30,-11.623662948608398,47.41505432128906,-23.366512298583984,-107.6849365234375,-6.069262504577637,75.35511779785156,0.2550815833558908
71,31,-12.172799110412598,46.553001403808594,-23.954307556152344,-107.49526977539062,-6.145008087158203,75.84854125976562,0.2552465555571419
71,32,-12.151479721069336,45.82978820800781,-23.695690155029297,-108.09334564208984,-6.068621635437012,77.60076904296875,0.25343237374299854
71,33,-12.360664367675781,44.80986785888672,-24.505361557006836,-108.38005065917969,-6.035181045532227,76.50411987304688,0.2536505218295267
71,34,-12.715185165405273,44.31243896484375,-24.104049682617188,-108.41624450683594,-6.13424015045166,77.1418685913086,0.25205175674260183
71,35,-12.629098892211914,42.720802307128906,-24.414350509643555,-109.16522216796875,-6.335349082946777,76.26589965820312,0.25010371325921843
71,36,-12.665186882019043,41.87554931640625,-24.774738311767578,-109.68841552734375,-6.445835113525391,75.59224700927734,0.24941928682604436
71,37,-12.429916381835938,41.43032455444336,-25.979923248291016,-109.07070922851562,-6.282137870788574,76.13813781738281,0.25177670838086263
71,38,-12.538531303405762,41.66753387451172,-25.27138900756836,-109.18020629882812,-6.45198917388916,76.15072631835938,0.2504917540161765
71,39,-12.71162223815918,40.69593048095703,-26.484268188476562,-108.13555908203125,-6.109808921813965,75.564453125,0.2522519169742458
71,40,-12.896085739135742,40.36914825439453,-26.166501998901367,-108.35812377929688,-5.9870100021362305,74.98802185058594,0.2509835555224616
71,41,-13.22148609161377,41.13226318359375,-26.019126892089844,-108.2369384765625,-6.137701988220215,72.90351104736328,0.2518150460570639
71,42,-13.898858070373535,41.629905700683594,-24.9945125579834,-108.69972229003906,-6.322061538696289,60.65846252441406,0.25005243390614273
71,43,-13.977530479431152,40.34584045410156,-26.202064514160156,-108.61405944824219,-5.919797420501709,58.44161605834961,0.25090904921677676
71,44,-14.567424774169922,40.4040641784668,-26.10072898864746,-108.46809387207031,-5.94888162612915,59.293575286865234,0.2508376924919998
71,45,-15.89499282836914,42.25251388549805,-27.290916442871094,-107.50227355957031,-5.845443248748779,66.02450561523438,0.2564309467963932
71,46,-18.149248123168945,43.181243896484375,-29.38513946533203,-106.49008178710938,-4.954894542694092,70.88546752929688,0.2623097846095905
71,47,-19.64569664001465,42.1968994140625,-31.39719009399414,-105.40458679199219,-4.677027702331543,66.41625213623047,0.2651951618501045
71,48,-19.163055419921875,41.54762268066406,-31.45360565185547,-106.33836364746094,-4.916621208190918,66.02397155761719,0.2642907639997706
71,49,-8.445014953613281,32.28984832763672,-22.816131591796875,-86.82877349853516,-5.586904525756836,46.935997009277344,0.23841790309696181
72,0,-15.110952377319336,84.41708374023438,-0.7439117431640625,-90.11744689941406,-6.849201202392578,62.160919189453125,0.25558805926563677
72,1,-14.9218111038208,82.1825180053711,0.8836193084716797,-92.06037902832031,-7.2083740234375,63.794952392578125,0.25066524773551946
72,2,-14.529304504394531,78.1373519897461,-1.1494216918945312,-93.42772674560547,-7.190314292907715,65.76358032226562,0.2504030183237171
72,3,-15.160913467407227,75.65441131591797,-4.133061408996582,-92.90985107421875,-7.475473403930664,70.5728988647461,0.2535739779473204
72,4,-15.251885414123535,72.73663330078125,-8.171871185302734,-92.40022277832031,-7.360526084899902,70.04243469238281,0.25796459878839273
72,5,-15.209211349487305,67.66301727294922,-13.074384689331055,-92.56220245361328,-7.231111526489258,71.95799255371094,0.26146504777024376
72,6,-13.922456741333008,64.0975112915039,-21.7513484954834,-92.05038452148438,-6.370719909667969,77.08796691894531,0.2715697970922419
72,7,-13.606752395629883,63.644859313964844,-24.199445724487305,-92.50704193115234,-6.796688079833984,83.44889831542969,0.2747787172686085
72,8,-12.578497886657715,62.1104850769043,-25.27197265625,-94.26557159423828,-6.868929862976074,82.84955596923828,0.27558903426042336
72,9,-11.491042137145996,61.511558532714844,-25.028587341308594,-95.13307189941406,-6.865074157714844,81.88575744628906,0.274973615293724
72,10,-11.10322093963623,59.95188522338867,-27.101699829101562,-96.01398468017578,-6.699531555175781,81.30780029296875,0.2768456573177701
72,11,-10.978474617004395,58.60572052001953,-28.251766204833984,-96.98881530761719,-6.666749000549316,81.20991516113281,0.2775724548543195
72,12,-10.793851852416992,57.06261444091797,-28.87232208251953,-97.59386444091797,-6.536685943603516,81.02803802490234,0.2772009967670047
72,13,-10.068666458129883,55.406494140625,-28.88382339477539,-97.71150207519531,-6.454488754272461,80.41033172607422,0.275637013369373
72,14,-9.760658264160156,54.44615173339844,-28.8570499420166,-98.8732681274414,-6.511044502258301,79.88075256347656,0.2748666132923084
72,15,-9.992877006530762,53.7271842956543,-28.305458068847656,-99.51925659179688,-6.595462799072266,80.22720336914062,0.2733287409370607
72,16,-10.101197242736816,55.12901306152344,-26.08295249938965,-100.51847839355469,-6.822493553161621,79.12934875488281,0.2711837898271494
72,17,-10.341462135314941,53.81144332885742,-25.60261344909668,-101.8693618774414,-6.877756118774414,78.78177642822266,0.26887301816899156
72,18,-10.638167381286621,54.037353515625,-23.688400268554688,-102.74368286132812,-6.793785095214844,78.1953125,0.265527237523586
72,19,-10.256688117980957,53.597591400146484,-21.920747756958008,-104.40837097167969,-6.833437919616699,77.76904296875,0.26123568732908886
72,20,-10.048870086669922,51.661415100097656,-22.446155548095703,-104.40348815917969,-6.677433967590332,78.21853637695312,0.25986836970045857
72,21,-9.838594436645508,49.54038619995117,-23.49733543395996,-103.8367691040039,-6.442084312438965,77.22699737548828,0.2594365385241412
72,22,-9.802321434020996,50.22098922729492,-21.282432556152344,-104.09718322753906,-6.488558769226074,77.02949523925781,0.2557368738349616
72,23,-10.077197074890137,49.130157470703125,-21.696138381958008,-103.98834228515625,-6.360661506652832,76.44254302978516,0.2552040399510087
72,24,-10.616503715515137,49.63703918457031,-21.717655181884766,-104.1553955078125,-6.47355842590332,75.03529357910156,0.25585721255885263
72,25,-10.406035423278809,49.31467819213867,-22.255096435546875,-104.43678283691406,-6.417881965637207,75.85193634033203,0.2564561184547137
72,26,-10.757497787475586,48.35017776489258,-21.769113540649414,-105.49009704589844,-6.226471900939941,75.38436889648438,0.25379874489956034
72,27,-11.773435592651367,48.54838562011719,-22.153879165649414,-105.62959289550781,-6.379849433898926,75.30937194824219,0.2548283409054446
72,28,-11.510473251342773,48.16161346435547,-21.916248321533203,-107.0446548461914,-6.118821144104004,75.75187683105469,0.2532310701598504
72,29,-11.724454879760742,47.453529357910156,-23.54656219482422,-107.29183959960938,-6.186878204345703,75.37100219726562,0.2556816483419632
72,30,-11.623662948608398,47.41505432128906,-23.366512298583984,-107.6849365234375,-6.069262504577637,75.35511779785156,0.2550815833558908
72,31,-12.172799110412598,46.553001403808594,-23.954307556152344,-107.49526977539062,-6.145008087158203,75.84854125976562,0.2552465555571419
72,32,-12.151479721069336,45.82978820800781,-23.695690155029297,-108.09334564208984,-6.068621635437012,77.60076904296875,0.25343237374299854
72,33,-12.360664367675781,44.80986785888672,-24.505361557006836,-108.38005065917969,-6.035181045532227,76.50411987304688,0.2536505218295267
72,34,-12.715185165405273,44.31243896484375,-24.104049682617188,-108.41624450683594,-6.13424015045166,77.1418685913086,0.25205175674260183
72,35,-12.629098892211914,42.720802307128906,-24.414350509643555,-109.16522216796875,-6.335349082946777,76.26589965820312,0.25010371325921843
72,36,-12.665186882019043,41.87554931640625,-24.774738311767578,-109.68841552734375,-6.445835113525391,75.59224700927734,0.24941928682604436
72,37,-12.429916381835938,41.43032455444336,-25.979923248291016,-109.07070922851562,-6.282137870788574,76.13813781738281,0.25177670838086263
72,38,-12.538531303405762,41.66753387451172,-25.27138900756836,-109.18020629882812,-6.45198917388916,76.15072631835938,0.2504917540161765
72,39,-12.71162223815918,40.69593048095703,-26.484268188476562,-108.13555908203125,-6.109808921813965,75.564453125,0.2522519169742458
72,40,-12.896085739135742,40.36914825439453,-26.166501998901367,-108.35812377929688,-5.9870100021362305,74.98802185058594,0.2509835555224616
72,41,-13.22148609161377,41.13226318359375,-26.019126892089844,-108.2369384765625,-6.137701988220215,72.90351104736328,0.2518150460570639
72,42,-13.898858070373535,41.629905700683594,-24.9945125579834,-108.69972229003906,-6.322061538696289,60.65846252441406,0.25005243390614273
72,43,-13.977530479431152,40.34584045410156,-26.202064514160156,-108.61405944824219,-5.919797420501709,58.44161605834961,0.25090904921677676
72,44,-14.567424774169922,40.4040641784668,-26.10072898864746,-108.46809387207031,-5.94888162612915,59.293575286865234,0.2508376924919998
72,45,-15.89499282836914,42.25251388549805,-27.290916442871094,-107.50227355957031,-5.845443248748779,66.02450561523438,0.2564309467963932
72,46,-18.149248123168945,43.181243896484375,-29.38513946533203,-106.49008178710938,-4.954894542694092,70.88546752929688,0.2623097846095905
72,47,-19.64569664001465,42.1968994140625,-31.39719009399414,-105.40458679199219,-4.677027702331543,66.41625213623047,0.2651951618501045
72,48,-19.163055419921875,41.54762268066406,-31.45360565185547,-106.33836364746094,-4.916621208190918,66.02397155761719,0.2642907639997706
72,49,-8.445014953613281,32.28984832763672,-22.816131591796875,-86.82877349853516,-5.586904525756836,46.935997009277344,0.23841790309696181
73,0,-15.110952377319336,84.41708374023438,-0.7439117431640625,-90.11744689941406,-6.849201202392578,62.160919189453125,0.25558805926563677
73,1,-14.9218111038208,82.1825180053711,0.8836193084716797,-92.06037902832031,-7.2083740234375,63.794952392578125,0.25066524773551946
73,2,-14.529304504394531,78.1373519897461,-1.1494216918945312,-93.42772674560547,-7.190314292907715,65.76358032226562,0.2504030183237171
73,3,-15.160913467407227,75.65441131591797,-4.133061408996582,-92.90985107421875,-7.475473403930664,70.5728988647461,0.2535739779473204
73,4,-15.251885414123535,72.73663330078125,-8.171871185302734,-92.40022277832031,-7.360526084899902,70.04243469238281,0.25796459878839273
73,5,-15.209211349487305,67.66301727294922,-13.074384689331055,-92.56220245361328,-7.231111526489258,71.95799255371094,0.26146504777024376
73,6,-13.922456741333008,64.0975112915039,-21.7513484954834,-92.05038452148438,-6.370719909667969,77.08796691894531,0.2715697970922419
73,7,-13.606752395629883,63.644859313964844,-24.199445724487305,-92.50704193115234,-6.796688079833984,83.44889831542969,0.2747787172686085
73,8,-12.578497886657715,62.1104850769043,-25.27197265625,-94.26557159423828,-6.868929862976074,82.84955596923828,0.27558903426042336
73,9,-11.491042137145996,61.511558532714844,-25.028587341308594,-95.13307189941406,-6.865074157714844,81.88575744628906,0.274973615293724
73,10,-11.10322093963623,59.95188522338867,-27.101699829101562,-96.01398468017578,-6.699531555175781,81.30780029296875,0.2768456573177701
73,11,-10.978474617004395,58.60572052001953,-28.251766204833984,-96.98881530761719,-6.666749000549316,81.20991516113281,0.2775724548543195
73,12,-10.793851852416992,57.06261444091797,-28.87232208251953,-97.59386444091797,-6.536685943603516,81.02803802490234,0.2772009967670047
73,13,-10.068666458129883,55.406494140625,-28.88382339477539,-97.71150207519531,-6.454488754272461,80.41033172607422,0.275637013369373
73,14,-9.760658264160156,54.44615173339844,-28.8570499420166,-98.8732681274414,-6.511044502258301,79.88075256347656,0.2748666132923084
73,15,-9.992877006530762,53.7271842956543,-28.305458068847656,-99.51925659179688,-6.595462799072266,80.22720336914062,0.2733287409370607
73,16,-10.101197242736816,55.12901306152344,-26.08295249938965,-100.51847839355469,-6.822493553161621,79.12934875488281,0.2711837898271494
73,17,-10.341462135314941,53.81144332885742,-25.60261344909668,-101.8693618774414,-6.877756118774414,78.78177642822266,0.26887301816899156
73,18,-10.638167381286621,54.037353515625,-23.688400268554688,-102.74368286132812,-6.793785095214844,78.1953125,0.265527237523586
73,19,-10.256688117980957,53.597591400146484,-21.920747756958008,-104.40837097167969,-6.833437919616699,77.76904296875,0.26123568732908886
73,20,-10.048870086669922,51.661415100097656,-22.446155548095703,-104.40348815917969,-6.677433967590332,78.21853637695312,0.25986836970045857
73,21,-9.838594436645508,49.54038619995117,-23.49733543395996,-103.8367691040039,-6.442084312438965,77.22699737548828,0.2594365385241412
73,22,-9.802321434020996,50.22098922729492,-21.282432556152344,-104.09718322753906,-6.488558769226074,77.02949523925781,0.2557368738349616
73,23,-10.077197074890137,49.130157470703125,-21.696138381958008,-103.98834228515625,-6.360661506652832,76.44254302978516,0.2552040399510087
73,24,-10.616503715515137,49.63703918457031,-21.717655181884766,-104.1553955078125,-6.47355842590332,75.03529357910156,0.25585721255885263
73,25,-10.406035423278809,49.31467819213867,-22.255096435546875,-104.43678283691406,-6.417881965637207,75.85193634033203,0.2564561184547137
73,26,-10.757497787475586,48.35017776489258,-21.769113540649414,-105.49009704589844,-6.226471900939941,75.38436889648438,0.25379874489956034
73,27,-11.773435592651367,48.54838562011719,-22.153879165649414,-105.62959289550781,-6.379849433898926,75.30937194824219,0.2548283409054446
73,28,-11.510473251342773,48.16161346435547,-21.916248321533203,-107.0446548461914,-6.118821144104004,75.75187683105469,0.2532310701598504
73,29,-11.724454879760742,47.453529357910156,-23.54656219482422,-107.29183959960938,-6.186878204345703,75.37100219726562,0.2556816483419632
73,30,-11.623662948608398,47.41505432128906,-23.366512298583984,-107.6849365234375,-6.069262504577637,75.35511779785156,0.2550815833558908
73,31,-12.172799110412598,46.553001403808594,-23.954307556152344,-107.49526977539062,-6.145008087158203,75.84854125976562,0.2552465555571419
73,32,-12.151479721069336,45.82978820800781,-23.695690155029297,-108.09334564208984,-6.068621635437012,77.60076904296875,0.25343237374299854
73,33,-12.360664367675781,44.80986785888672,-24.505361557006836,-108.38005065917969,-6.035181045532227,76.50411987304688,0.2536505218295267
73,34,-12.715185165405273,44.31243896484375,-24.104049682617188,-108.41624450683594,-6.13424015045166,77.1418685913086,0.25205175674260183
73,35,-12.629098892211914,42.720802307128906,-24.414350509643555,-109.16522216796875,-6.335349082946777,76.26589965820312,0.25010371325921843
73,36,-12.665186882019043,41.87554931640625,-24.774738311767578,-109.68841552734375,-6.445835113525391,75.59224700927734,0.24941928682604436
73,37,-12.429916381835938,41.43032455444336,-25.979923248291016,-109.07070922851562,-6.282137870788574,76.13813781738281,0.25177670838086263
73,38,-12.538531303405762,41.66753387451172,-25.27138900756836,-109.18020629882812,-6.45198917388916,76.15072631835938,0.2504917540161765
73,39,-12.71162223815918,40.69593048095703,-26.484268188476562,-108.13555908203125,-6.109808921813965,75.564453125,0.2522519169742458
73,40,-12.896085739135742,40.36914825439453,-26.166501998901367,-108.35812377929688,-5.9870100021362305,74.98802185058594,0.2509835555224616
73,41,-13.22148609161377,41.13226318359375,-26.019126892089844,-108.2369384765625,-6.137701988220215,72.90351104736328,0.2518150460570639
73,42,-13.898858070373535,41.629905700683594,-24.9945125579834,-108.69972229003906,-6.322061538696289,60.65846252441406,0.25005243390614273
73,43,-13.977530479431152,40.34584045410156,-26.202064514160156,-108.61405944824219,-5.919797420501709,58.44161605834961,0.25090904921677676
73,44,-14.567424774169922,40.4040641784668,-26.10072898864746,-108.46809387207031,-5.94888162612915,59.293575286865234,0.2508376924919998
73,45,-15.89499282836914,42.25251388549805,-27.290916442871094,-107.50227355957031,-5.845443248748779,66.02450561523438,0.2564309467963932
73,46,-18.149248123168945,43.181243896484375,-29.38513946533203,-106.49008178710938,-4.954894542694092,70.88546752929688,0.2623097846095905
73,47,-19.64569664001465,42.1968994140625,-31.39719009399414,-105.40458679199219,-4.677027702331543,66.41625213623047,0.2651951618501045
73,48,-19.163055419921875,41.54762268066406,-31.45360565185547,-106.33836364746094,-4.916621208190918,66.02397155761719,0.2642907639997706
73,49,-8.445014953613281,32.28984832763672,-22.816131591796875,-86.82877349853516,-5.586904525756836,46.935997009277344,0.23841790309696181
74,0,-15.110952377319336,84.41708374023438,-0.7439117431640625,-90.11744689941406,-6.849201202392578,62.160919189453125,0.25558805926563677
74,1,-14.9218111038208,82.1825180053711,0.8836193084716797,-92.06037902832031,-7.2083740234375,63.794952392578125,0.25066524773551946
74,2,-14.529304504394531,78.1373519897461,-1.1494216918945312,-93.42772674560547,-7.190314292907715,65.76358032226562,0.2504030183237171
74,3,-15.160913467407227,75.65441131591797,-4.133061408996582,-92.90985107421875,-7.475473403930664,70.5728988647461,0.2535739779473204
74,4,-15.251885414123535,72.73663330078125,-8.171871185302734,-92.40022277832031,-7.360526084899902,70.04243469238281,0.25796459878839273
74,5,-15.209211349487305,67.66301727294922,-13.074384689331055,-92.56220245361328,-7.231111526489258,71.95799255371094,0.26146504777024376
74,6,-13.922456741333008,64.0975112915039,-21.7513484954834,-92.05038452148438,-6.370719909667969,77.08796691894531,0.2715697970922419
74,7,-13.606752395629883,63.644859313964844,-24.199445724487305,-92.50704193115234,-6.796688079833984,83.44889831542969,0.2747787172686085
74,8,-12.578497886657715,62.1104850769043,-25.27197265625,-94.26557159423828,-6.868929862976074,82.84955596923828,0.27558903426042336
74,9,-11.491042137145996,61.511558532714844,-25.028587341308594,-95.13307189941406,-6.865074157714844,81.88575744628906,0.274973615293724
74,10,-11.10322093963623,59.95188522338867,-27.101699829101562,-96.01398468017578,-6.699531555175781,81.30780029296875,0.2768456573177701
74,11,-10.978474617004395,58.60572052001953,-28.251766204833984,-96.98881530761719,-6.666749000549316,81.20991516113281,0.2775724548543195
74,12,-10.793851852416992,57.06261444091797,-28.87232208251953,-97.59386444091797,-6.536685943603516,81.02803802490234,0.2772009967670047
74,13,-10.068666458129883,55.406494140625,-28.88382339477539,-97.71150207519531,-6.454488754272461,80.41033172607422,0.275637013369373
74,14,-9.760658264160156,54.44615173339844,-28.8570499420166,-98.8732681274414,-6.511044502258301,79.88075256347656,0.2748666132923084
74,15,-9.992877006530762,53.7271842956543,-28.305458068847656,-99.51925659179688,-6.595462799072266,80.22720336914062,0.2733287409370607
74,16,-10.101197242736816,55.12901306152344,-26.08295249938965,-100.51847839355469,-6.822493553161621,79.12934875488281,0.2711837898271494
74,17,-10.341462135314941,53.81144332885742,-25.60261344909668,-101.8693618774414,-6.877756118774414,78.78177642822266,0.26887301816899156
74,18,-10.638167381286621,54.037353515625,-23.688400268554688,-102.74368286132812,-6.793785095214844,78.1953125,0.265527237523586
74,19,-10.256688117980957,53.597591400146484,-21.920747756958008,-104.40837097167969,-6.833437919616699,77.76904296875,0.26123568732908886
74,20,-10.048870086669922,51.661415100097656,-22.446155548095703,-104.40348815917969,-6.677433967590332,78.21853637695312,0.25986836970045857
74,21,-9.838594436645508,49.54038619995117,-23.49733543395996,-103.8367691040039,-6.442084312438965,77.22699737548828,0.2594365385241412
74,22,-9.802321434020996,50.22098922729492,-21.282432556152344,-104.09718322753906,-6.488558769226074,77.02949523925781,0.2557368738349616
74,23,-10.077197074890137,49.130157470703125,-21.696138381958008,-103.98834228515625,-6.360661506652832,76.44254302978516,0.2552040399510087
74,24,-10.616503715515137,49.63703918457031,-21.717655181884766,-104.1553955078125,-6.47355842590332,75.03529357910156,0.25585721255885263
74,25,-10.406035423278809,49.31467819213867,-22.255096435546875,-104.43678283691406,-6.417881965637207,75.85193634033203,0.2564561184547137
74,26,-10.757497787475586,48.35017776489258,-21.769113540649414,-105.49009704589844,-6.226471900939941,75.38436889648438,0.25379874489956034
74,27,-11.773435592651367,48.54838562011719,-22.153879165649414,-105.62959289550781,-6.379849433898926,75.30937194824219,0.2548283409054446
74,28,-11.510473251342773,48.16161346435547,-21.916248321533203,-107.0446548461914,-6.118821144104004,75.75187683105469,0.2532310701598504
74,29,-11.724454879760742,47.453529357910156,-23.54656219482422,-107.29183959960938,-6.186878204345703,75.37100219726562,0.2556816483419632
74,30,-11.623662948608398,47.41505432128906,-23.366512298583984,-107.6849365234375,-6.069262504577637,75.35511779785156,0.2550815833558908
74,31,-12.172799110412598,46.553001403808594,-23.954307556152344,-107.49526977539062,-6.145008087158203,75.84854125976562,0.2552465555571419
74,32,-12.151479721069336,45.82978820800781,-23.695690155029297,-108.09334564208984,-6.068621635437012,77.60076904296875,0.25343237374299854
74,33,-12.360664367675781,44.80986785888672,-24.505361557006836,-108.38005065917969,-6.035181045532227,76.50411987304688,0.2536505218295267
74,34,-12.715185165405273,44.31243896484375,-24.104049682617188,-108.41624450683594,-6.13424015045166,77.1418685913086,0.25205175674260183
74,35,-12.629098892211914,42.720802307128906,-24.414350509643555,-109.16522216796875,-6.335349082946777,76.26589965820312,0.25010371325921843
74,36,-12.665186882019043,41.87554931640625,-24.774738311767578,-109.68841552734375,-6.445835113525391,75.59224700927734,0.24941928682604436
74,37,-12.429916381835938,41.43032455444336,-25.979923248291016,-109.07070922851562,-6.282137870788574,76.13813781738281,0.25177670838086263
74,38,-12.538531303405762,41.66753387451172,-25.27138900756836,-109.18020629882812,-6.45198917388916,76.15072631835938,0.2504917540161765
74,39,-12.71162223815918,40.69593048095703,-26.484268188476562,-108.13555908203125,-6.109808921813965,75.564453125,0.2522519169742458
74,40,-12.896085739135742,40.36914825439453,-26.166501998901367,-108.35812377929688,-5.9870100021362305,74.98802185058594,0.2509835555224616
74,41,-13.22148609161377,41.13226318359375,-26.019126892089844,-108.2369384765625,-6.137701988220215,72.90351104736328,0.2518150460570639
74,42,-13.898858070373535,41.629905700683594,-24.9945125579834,-108.69972229003906,-6.322061538696289,60.65846252441406,0.25005243390614273
74,43,-13.977530479431152,40.34584045410156,-26.202064514160156,-108.61405944824219,-5.919797420501709,58.44161605834961,0.25090904921677676
74,44,-14.567424774169922,40.4040641784668,-26.10072898864746,-108.46809387207031,-5.94888162612915,59.293575286865234,0.2508376924919998
74,45,-15.89499282836914,42.25251388549805,-27.290916442871094,-107.50227355957031,-5.845443248748779,66.02450561523438,0.2564309467963932
74,46,-18.149248123168945,43.181243896484375,-29.38513946533203,-106.49008178710938,-4.954894542694092,70.88546752929688,0.2623097846095905
74,47,-19.64569664001465,42.1968994140625,-31.39719009399414,-105.40458679199219,-4.677027702331543,66.41625213623047,0.2651951618501045
74,48,-19.163055419921875,41.54762268066406,-31.45360565185547,-106.33836364746094,-4.916621208190918,66.02397155761719,0.2642907639997706
74,49,-8.445014953613281,32.28984832763672,-22.816131591796875,-86.82877349853516,-5.586904525756836,46.935997009277344,0.23841790309696181
75,0,-15.110952377319336,84.41708374023438,-0.7439117431640625,-90.11744689941406,-6.849201202392578,62.160919189453125,0.25558805926563677
75,1,-14.9218111038208,82.1825180053711,0.8836193084716797,-92.06037902832031,-7.2083740234375,63.794952392578125,0.25066524773551946
75,2,-14.529304504394531,78.1373519897461,-1.1494216918945312,-93.42772674560547,-7.190314292907715,65.76358032226562,0.2504030183237171
75,3,-15.160913467407227,75.65441131591797,-4.133061408996582,-92.90985107421875,-7.475473403930664,70.5728988647461,0.2535739779473204
75,4,-15.251885414123535,72.73663330078125,-8.171871185302734,-92.40022277832031,-7.360526084899902,70.04243469238281,0.25796459878839273
75,5,-15.209211349487305,67.66301727294922,-13.074384689331055,-92.56220245361328,-7.231111526489258,71.95799255371094,0.26146504777024376
75,6,-13.922456741333008,64.0975112915039,-21.7513484954834,-92.05038452148438,-6.370719909667969,77.08796691894531,0.2715697970922419
75,7,-13.606752395629883,63.644859313964844,-24.199445724487305,-92.50704193115234,-6.796688079833984,83.44889831542969,0.2747787172686085
75,8,-12.578497886657715,62.1104850769043,-25.27197265625,-94.26557159423828,-6.868929862976074,82.84955596923828,0.27558903426042336
75,9,-11.491042137145996,61.511558532714844,-25.028587341308594,-95.13307189941406,-6.865074157714844,81.88575744628906,0.274973615293724
75,10,-11.10322093963623,59.95188522338867,-27.101699829101562,-96.01398468017578,-6.699531555175781,81.30780029296875,0.2768456573177701
75,11,-10.978474617004395,58.60572052001953,-28.251766204833984,-96.98881530761719,-6.666749000549316,81.20991516113281,0.2775724548543195
75,12,-10.793851852416992,57.06261444091797,-28.87232208251953,-97.59386444091797,-6.536685943603516,81.02803802490234,0.2772009967670047
75,13,-10.068666458129883,55.406494140625,-28.88382339477539,-97.71150207519531,-6.454488754272461,80.41033172607422,0.275637013369373
75,14,-9.760658264160156,54.44615173339844,-28.8570499420166,-98.8732681274414,-6.511044502258301,79.88075256347656,0.2748666132923084
75,15,-9.992877006530762,53.7271842956543,-28.305458068847656,-99.51925659179688,-6.595462799072266,80.22720336914062,0.2733287409370607
75,16,-10.101197242736816,55.12901306152344,-26.08295249938965,-100.51847839355469,-6.822493553161621,79.12934875488281,0.2711837898271494
75,17,-10.341462135314941,53.81144332885742,-25.60261344909668,-101.8693618774414,-6.877756118774414,78.78177642822266,0.26887301816899156
75,18,-10.638167381286621,54.037353515625,-23.688400268554688,-102.74368286132812,-6.793785095214844,78.1953125,0.265527237523586
75,19,-10.256688117980957,53.597591400146484,-21.920747756958008,-104.40837097167969,-6.833437919616699,77.76904296875,0.26123568732908886
75,20,-10.048870086669922,51.661415100097656,-22.446155548095703,-104.40348815917969,-6.677433967590332,78.21853637695312,0.25986836970045857
75,21,-9.838594436645508,49.54038619995117,-23.49733543395996,-103.8367691040039,-6.442084312438965,77.22699737548828,0.2594365385241412
75,22,-9.802321434020996,50.22098922729492,-21.282432556152344,-104.09718322753906,-6.488558769226074,77.02949523925781,0.2557368738349616
75,23,-10.077197074890137,49.130157470703125,-21.696138381958008,-103.98834228515625,-6.360661506652832,76.44254302978516,0.2552040399510087
75,24,-10.616503715515137,49.63703918457031,-21.717655181884766,-104.1553955078125,-6.47355842590332,75.03529357910156,0.25585721255885263
75,25,-10.406035423278809,49.31467819213867,-22.255096435546875,-104.43678283691406,-6.417881965637207,75.85193634033203,0.2564561184547137
75,26,-10.757497787475586,48.35017776489258,-21.769113540649414,-105.49009704589844,-6.226471900939941,75.38436889648438,0.25379874489956034
75,27,-11.773435592651367,48.54838562011719,-22.153879165649414,-105.62959289550781,-6.379849433898926,75.30937194824219,0.2548283409054446
75,28,-11.510473251342773,48.16161346435547,-21.916248321533203,-107.0446548461914,-6.118821144104004,75.75187683105469,0.2532310701598504
75,29,-11.724454879760742,47.453529357910156,-23.54656219482422,-107.29183959960938,-6.186878204345703,75.37100219726562,0.2556816483419632
75,30,-11.623662948608398,47.41505432128906,-23.366512298583984,-107.6849365234375,-6.069262504577637,75.35511779785156,0.2550815833558908
75,31,-12.172799110412598,46.553001403808594,-23.954307556152344,-107.49526977539062,-6.145008087158203,75.84854125976562,0.2552465555571419
75,32,-12.151479721069336,45.82978820800781,-23.695690155029297,-108.09334564208984,-6.068621635437012,77.60076904296875,0.25343237374299854
75,33,-12.360664367675781,44.80986785888672,-24.505361557006836,-108.38005065917969,-6.035181045532227,76.50411987304688,0.2536505218295267
75,34,-12.715185165405273,44.31243896484375,-24.104049682617188,-108.41624450683594,-6.13424015045166,77.1418685913086,0.25205175674260183
75,35,-12.629098892211914,42.720802307128906,-24.414350509643555,-109.16522216796875,-6.335349082946777,76.26589965820312,0.25010371325921843
75,36,-12.665186882019043,41.87554931640625,-24.774738311767578,-109.68841552734375,-6.445835113525391,75.59224700927734,0.24941928682604436
75,37,-12.429916381835938,41.43032455444336,-25.979923248291016,-109.07070922851562,-6.282137870788574,76.13813781738281,0.25177670838086263
75,38,-12.538531303405762,41.66753387451172,-25.27138900756836,-109.18020629882812,-6.45198917388916,76.15072631835938,0.2504917540161765
75,39,-12.71162223815918,40.69593048095703,-26.484268188476562,-108.13555908203125,-6.109808921813965,75.564453125,0.2522519169742458
75,40,-12.896085739135742,40.36914825439453,-26.166501998901367,-108.35812377929688,-5.9870100021362305,74.98802185058594,0.2509835555224616
75,41,-13.22148609161377,41.13226318359375,-26.019126892089844,-108.2369384765625,-6.137701988220215,72.90351104736328,0.2518150460570639
75,42,-13.898858070373535,41.629905700683594,-24.9945125579834,-108.69972229003906,-6.322061538696289,60.65846252441406,0.25005243390614273
75,43,-13.977530479431152,40.34584045410156,-26.202064514160156,-108.61405944824219,-5.919797420501709,58.44161605834961,0.25090904921677676
75,44,-14.567424774169922,40.4040641784668,-26.10072898864746,-108.46809387207031,-5.94888162612915,59.293575286865234,0.2508376924919998
75,45,-15.89499282836914,42.25251388549805,-27.290916442871094,-107.50227355957031,-5.845443248748779,66.02450561523438,0.2564309467963932
75,46,-18.149248123168945,43.181243896484375,-29.38513946533203,-106.49008178710938,-4.954894542694092,70.88546752929688,0.2623097846095905
75,47,-19.64569664001465,42.1968994140625,-31.39719009399414,-105.40458679199219,-4.677027702331543,66.41625213623047,0.2651951618501045
75,48,-19.163055419921875,41.54762268066406,-31.45360565185547,-106.33836364746094,-4.916621208190918,66.02397155761719,0.2642907639997706
75,49,-8.445014953613281,32.28984832763672,-22.816131591796875,-86.82877349853516,-5.586904525756836,46.935997009277344,0.23841790309696181
76,0,-15.110952377319336,84.41708374023438,-0.7439117431640625,-90.11744689941406,-6.849201202392578,62.160919189453125,0.25558805926563677
76,1,-14.9218111038208,82.1825180053711,0.8836193084716797,-92.06037902832031,-7.2083740234375,63.794952392578125,0.25066524773551946
76,2,-14.529304504394531,78.1373519897461,-1.1494216918945312,-93.42772674560547,-7.190314292907715,65.76358032226562,0.2504030183237171
76,3,-15.160913467407227,75.65441131591797,-4.133061408996582,-92.90985107421875,-7.475473403930664,70.5728988647461,0.2535739779473204
76,4,-15.251885414123535,72.73663330078125,-8.171871185302734,-92.40022277832031,-7.360526084899902,70.04243469238281,0.25796459878839273
76,5,-15.209211349487305,67.66301727294922,-13.074384689331055,-92.56220245361328,-7.231111526489258,71.95799255371094,0.26146504777024376
76,6,-13.922456741333008,64.0975112915039,-21.7513484954834,-92.05038452148438,-6.370719909667969,77.08796691894531,0.2715697970922419
76,7,-13.606752395629883,63.644859313964844,-24.199445724487305,-92.50704193115234,-6.796688079833984,83.44889831542969,0.2747787172686085
76,8,-12.578497886657715,62.1104850769043,-25.27197265625,-94.26557159423828,-6.868929862976074,82.84955596923828,0.27558903426042336
76,9,-11.491042137145996,61.511558532714844,-25.028587341308594,-95.13307189941406,-6.865074157714844,81.88575744628906,0.274973615293724
76,10,-11.10322093963623,59.95188522338867,-27.101699829101562,-96.01398468017578,-6.699531555175781,81.30780029296875,0.2768456573177701
76,11,-10.978474617004395,58.60572052001953,-28.251766204833984,-96.98881530761719,-6.666749000549316,81.20991516113281,0.2775724548543195
76,12,-10.793851852416992,57.06261444091797,-28.87232208251953,-97.59386444091797,-6.536685943603516,81.02803802490234,0.2772009967670047
76,13,-10.068666458129883,55.406494140625,-28.88382339477539,-97.71150207519531,-6.454488754272461,80.41033172607422,0.275637013369373
76,14,-9.760658264160156,54.44615173339844,-28.8570499420166,-98.8732681274414,-6.511044502258301,79.88075256347656,0.2748666132923084
76,15,-9.992877006530762,53.7271842956543,-28.305458068847656,-99.51925659179688,-6.595462799072266,80.22720336914062,0.2733287409370607
76,16,-10.101197242736816,55.12901306152344,-26.08295249938965,-100.51847839355469,-6.822493553161621,79.12934875488281,0.2711837898271494
76,17,-10.341462135314941,53.81144332885742,-25.60261344909668,-101.8693618774414,-6.877756118774414,78.78177642822266,0.26887301816899156
76,18,-10.638167381286621,54.037353515625,-23.688400268554688,-102.74368286132812,-6.793785095214844,78.1953125,0.265527237523586
76,19,-10.256688117980957,53.597591400146484,-21.920747756958008,-104.40837097167969,-6.833437919616699,77.76904296875,0.26123568732908886
76,20,-10.048870086669922,51.661415100097656,-22.446155548095703,-104.40348815917969,-6.677433967590332,78.21853637695312,0.25986836970045857
76,21,-9.838594436645508,49.54038619995117,-23.49733543395996,-103.8367691040039,-6.442084312438965,77.22699737548828,0.2594365385241412
76,22,-9.802321434020996,50.22098922729492,-21.282432556152344,-104.09718322753906,-6.488558769226074,77.02949523925781,0.2557368738349616
76,23,-10.077197074890137,49.130157470703125,-21.696138381958008,-103.98834228515625,-6.360661506652832,76.44254302978516,0.2552040399510087
76,24,-10.616503715515137,49.63703918457031,-21.717655181884766,-104.1553955078125,-6.47355842590332,75.03529357910156,0.25585721255885263
76,25,-10.406035423278809,49.31467819213867,-22.255096435546875,-104.43678283691406,-6.417881965637207,75.85193634033203,0.2564561184547137
76,26,-10.757497787475586,48.35017776489258,-21.769113540649414,-105.49009704589844,-6.226471900939941,75.38436889648438,0.25379874489956034
76,27,-11.773435592651367,48.54838562011719,-22.153879165649414,-105.62959289550781,-6.379849433898926,75.30937194824219,0.2548283409054446
76,28,-11.510473251342773,48.16161346435547,-21.916248321533203,-107.0446548461914,-6.118821144104004,75.75187683105469,0.2532310701598504
76,29,-11.724454879760742,47.453529357910156,-23.54656219482422,-107.29183959960938,-6.186878204345703,75.37100219726562,0.2556816483419632
76,30,-11.623662948608398,47.41505432128906,-23.366512298583984,-107.6849365234375,-6.069262504577637,75.35511779785156,0.2550815833558908
76,31,-12.172799110412598,46.553001403808594,-23.954307556152344,-107.49526977539062,-6.145008087158203,75.84854125976562,0.2552465555571419
76,32,-12.151479721069336,45.82978820800781,-23.695690155029297,-108.09334564208984,-6.068621635437012,77.60076904296875,0.25343237374299854
76,33,-12.360664367675781,44.80986785888672,-24.505361557006836,-108.38005065917969,-6.035181045532227,76.50411987304688,0.2536505218295267
76,34,-12.715185165405273,44.31243896484375,-24.104049682617188,-108.41624450683594,-6.13424015045166,77.1418685913086,0.25205175674260183
76,35,-12.629098892211914,42.720802307128906,-24.414350509643555,-109.16522216796875,-6.335349082946777,76.26589965820312,0.25010371325921843
76,36,-12.665186882019043,41.87554931640625,-24.774738311767578,-109.68841552734375,-6.445835113525391,75.59224700927734,0.24941928682604436
76,37,-12.429916381835938,41.43032455444336,-25.979923248291016,-109.07070922851562,-6.282137870788574,76.13813781738281,0.25177670838086263
76,38,-12.538531303405762,41.66753387451172,-25.27138900756836,-109.18020629882812,-6.45198917388916,76.15072631835938,0.2504917540161765
76,39,-12.71162223815918,40.69593048095703,-26.484268188476562,-108.13555908203125,-6.109808921813965,75.564453125,0.2522519169742458
76,40,-12.896085739135742,40.36914825439453,-26.166501998901367,-108.35812377929688,-5.9870100021362305,74.98802185058594,0.2509835555224616
76,41,-13.22148609161377,41.13226318359375,-26.019126892089844,-108.2369384765625,-6.137701988220215,72.90351104736328,0.2518150460570639
76,42,-13.898858070373535,41.629905700683594,-24.9945125579834,-108.69972229003906,-6.322061538696289,60.65846252441406,0.25005243390614273
76,43,-13.977530479431152,40.34584045410156,-26.202064514160156,-108.61405944824219,-5.919797420501709,58.44161605834961,0.25090904921677676
76,44,-14.567424774169922,40.4040641784668,-26.10072898864746,-108.46809387207031,-5.94888162612915,59.293575286865234,0.2508376924919998
76,45,-15.89499282836914,42.25251388549805,-27.290916442871094,-107.50227355957031,-5.845443248748779,66.02450561523438,0.2564309467963932
76,46,-18.149248123168945,43.181243896484375,-29.38513946533203,-106.49008178710938,-4.954894542694092,70.88546752929688,0.2623097846095905
76,47,-19.64569664001465,42.1968994140625,-31.39719009399414,-105.40458679199219,-4.677027702331543,66.41625213623047,0.2651951618501045
76,48,-19.163055419921875,41.54762268066406,-31.45360565185547,-106.33836364746094,-4.916621208190918,66.02397155761719,0.2642907639997706
76,49,-8.445014953613281,32.28984832763672,-22.816131591796875,-86.82877349853516,-5.586904525756836,46.935997009277344,0.23841790309696181
77,0,-15.110952377319336,84.41708374023438,-0.7439117431640625,-90.11744689941406,-6.849201202392578,62.160919189453125,0.25558805926563677
77,1,-14.9218111038208,82.1825180053711,0.8836193084716797,-92.06037902832031,-7.2083740234375,63.794952392578125,0.25066524773551946
77,2,-14.529304504394531,78.1373519897461,-1.1494216918945312,-93.42772674560547,-7.190314292907715,65.76358032226562,0.2504030183237171
77,3,-15.160913467407227,75.65441131591797,-4.133061408996582,-92.90985107421875,-7.475473403930664,70.5728988647461,0.2535739779473204
77,4,-15.251885414123535,72.73663330078125,-8.171871185302734,-92.40022277832031,-7.360526084899902,70.04243469238281,0.25796459878839273
77,5,-15.209211349487305,67.66301727294922,-13.074384689331055,-92.56220245361328,-7.231111526489258,71.95799255371094,0.26146504777024376
77,6,-13.922456741333008,64.0975112915039,-21.7513484954834,-92.05038452148438,-6.370719909667969,77.08796691894531,0.2715697970922419
77,7,-13.606752395629883,63.644859313964844,-24.199445724487305,-92.50704193115234,-6.796688079833984,83.44889831542969,0.2747787172686085
77,8,-12.578497886657715,62.1104850769043,-25.27197265625,-94.26557159423828,-6.868929862976074,82.84955596923828,0.27558903426042336
77,9,-11.491042137145996,61.511558532714844,-25.028587341308594,-95.13307189941406,-6.865074157714844,81.88575744628906,0.274973615293724
77,10,-11.10322093963623,59.95188522338867,-27.101699829101562,-96.01398468017578,-6.699531555175781,81.30780029296875,0.2768456573177701
77,11,-10.978474617004395,58.60572052001953,-28.251766204833984,-96.98881530761719,-6.666749000549316,81.20991516113281,0.2775724548543195
77,12,-10.793851852416992,57.06261444091797,-28.87232208251953,-97.59386444091797,-6.536685943603516,81.02803802490234,0.2772009967670047
77,13,-10.068666458129883,55.406494140625,-28.88382339477539,-97.71150207519531,-6.454488754272461,80.41033172607422,0.275637013369373
77,14,-9.760658264160156,54.44615173339844,-28.8570499420166,-98.8732681274414,-6.511044502258301,79.88075256347656,0.2748666132923084
77,15,-9.992877006530762,53.7271842956543,-28.305458068847656,-99.51925659179688,-6.595462799072266,80.22720336914062,0.2733287409370607
77,16,-10.101197242736816,55.12901306152344,-26.08295249938965,-100.51847839355469,-6.822493553161621,79.12934875488281,0.2711837898271494
77,17,-10.341462135314941,53.81144332885742,-25.60261344909668,-101.8693618774414,-6.877756118774414,78.78177642822266,0.26887301816899156
77,18,-10.638167381286621,54.037353515625,-23.688400268554688,-102.74368286132812,-6.793785095214844,78.1953125,0.265527237523586
77,19,-10.256688117980957,53.597591400146484,-21.920747756958008,-104.40837097167969,-6.833437919616699,77.76904296875,0.26123568732908886
77,20,-10.048870086669922,51.661415100097656,-22.446155548095703,-104.40348815917969,-6.677433967590332,78.21853637695312,0.25986836970045857
77,21,-9.838594436645508,49.54038619995117,-23.49733543395996,-103.8367691040039,-6.442084312438965,77.22699737548828,0.2594365385241412
77,22,-9.802321434020996,50.22098922729492,-21.282432556152344,-104.09718322753906,-6.488558769226074,77.02949523925781,0.2557368738349616
77,23,-10.077197074890137,49.130157470703125,-21.696138381958008,-103.98834228515625,-6.360661506652832,76.44254302978516,0.2552040399510087
77,24,-10.616503715515137,49.63703918457031,-21.717655181884766,-104.1553955078125,-6.47355842590332,75.03529357910156,0.25585721255885263
77,25,-10.406035423278809,49.31467819213867,-22.255096435546875,-104.43678283691406,-6.417881965637207,75.85193634033203,0.2564561184547137
77,26,-10.757497787475586,48.35017776489258,-21.769113540649414,-105.49009704589844,-6.226471900939941,75.38436889648438,0.25379874489956034
77,27,-11.773435592651367,48.54838562011719,-22.153879165649414,-105.62959289550781,-6.379849433898926,75.30937194824219,0.2548283409054446
77,28,-11.510473251342773,48.16161346435547,-21.916248321533203,-107.0446548461914,-6.118821144104004,75.75187683105469,0.2532310701598504
77,29,-11.724454879760742,47.453529357910156,-23.54656219482422,-107.29183959960938,-6.186878204345703,75.37100219726562,0.2556816483419632
77,30,-11.623662948608398,47.41505432128906,-23.366512298583984,-107.6849365234375,-6.069262504577637,75.35511779785156,0.2550815833558908
77,31,-12.172799110412598,46.553001403808594,-23.954307556152344,-107.49526977539062,-6.145008087158203,75.84854125976562,0.2552465555571419
77,32,-12.151479721069336,45.82978820800781,-23.695690155029297,-108.09334564208984,-6.068621635437012,77.60076904296875,0.25343237374299854
77,33,-12.360664367675781,44.80986785888672,-24.505361557006836,-108.38005065917969,-6.035181045532227,76.50411987304688,0.2536505218295267
77,34,-12.715185165405273,44.31243896484375,-24.104049682617188,-108.41624450683594,-6.13424015045166,77.1418685913086,0.25205175674260183
77,35,-12.629098892211914,42.720802307128906,-24.414350509643555,-109.16522216796875,-6.335349082946777,76.26589965820312,0.25010371325921843
77,36,-12.665186882019043,41.87554931640625,-24.774738311767578,-109.68841552734375,-6.445835113525391,75.59224700927734,0.24941928682604436
77,37,-12.429916381835938,41.43032455444336,-25.979923248291016,-109.07070922851562,-6.282137870788574,76.13813781738281,0.25177670838086263
77,38,-12.538531303405762,41.66753387451172,-25.27138900756836,-109.18020629882812,-6.45198917388916,76.15072631835938,0.2504917540161765
77,39,-12.71162223815918,40.69593048095703,-26.484268188476562,-108.13555908203125,-6.109808921813965,75.564453125,0.2522519169742458
77,40,-12.896085739135742,40.36914825439453,-26.166501998901367,-108.35812377929688,-5.9870100021362305,74.98802185058594,0.2509835555224616
77,41,-13.22148609161377,41.13226318359375,-26.019126892089844,-108.2369384765625,-6.137701988220215,72.90351104736328,0.2518150460570639
77,42,-13.898858070373535,41.629905700683594,-24.9945125579834,-108.69972229003906,-6.322061538696289,60.65846252441406,0.25005243390614273
77,43,-13.977530479431152,40.34584045410156,-26.202064514160156,-108.61405944824219,-5.919797420501709,58.44161605834961,0.25090904921677676
77,44,-14.567424774169922,40.4040641784668,-26.10072898864746,-108.46809387207031,-5.94888162612915,59.293575286865234,0.2508376924919998
77,45,-15.89499282836914,42.25251388549805,-27.290916442871094,-107.50227355957031,-5.845443248748779,66.02450561523438,0.2564309467963932
77,46,-18.149248123168945,43.181243896484375,-29.38513946533203,-106.49008178710938,-4.954894542694092,70.88546752929688,0.2623097846095905
77,47,-19.64569664001465,42.1968994140625,-31.39719009399414,-105.40458679199219,-4.677027702331543,66.41625213623047,0.2651951618501045
77,48,-19.163055419921875,41.54762268066406,-31.45360565185547,-106.33836364746094,-4.916621208190918,66.02397155761719,0.2642907639997706
77,49,-8.445014953613281,32.28984832763672,-22.816131591796875,-86.82877349853516,-5.586904525756836,46.935997009277344,0.23841790309696181
78,0,-15.110952377319336,84.41708374023438,-0.7439117431640625,-90.11744689941406,-6.849201202392578,62.160919189453125,0.25558805926563677
78,1,-14.9218111038208,82.1825180053711,0.8836193084716797,-92.06037902832031,-7.2083740234375,63.794952392578125,0.25066524773551946
78,2,-14.529304504394531,78.1373519897461,-1.1494216918945312,-93.42772674560547,-7.190314292907715,65.76358032226562,0.2504030183237171
78,3,-15.160913467407227,75.65441131591797,-4.133061408996582,-92.90985107421875,-7.475473403930664,70.5728988647461,0.2535739779473204
78,4,-15.251885414123535,72.73663330078125,-8.171871185302734,-92.40022277832031,-7.360526084899902,70.04243469238281,0.25796459878839273
78,5,-15.209211349487305,67.66301727294922,-13.074384689331055,-92.56220245361328,-7.231111526489258,71.95799255371094,0.26146504777024376
78,6,-13.922456741333008,64.0975112915039,-21.7513484954834,-92.05038452148438,-6.370719909667969,77.08796691894531,0.2715697970922419
78,7,-13.606752395629883,63.644859313964844,-24.199445724487305,-92.50704193115234,-6.796688079833984,83.44889831542969,0.2747787172686085
78,8,-12.578497886657715,62.1104850769043,-25.27197265625,-94.26557159423828,-6.868929862976074,82.84955596923828,0.27558903426042336
78,9,-11.491042137145996,61.511558532714844,-25.028587341308594,-95.13307189941406,-6.865074157714844,81.88575744628906,0.274973615293724
78,10,-11.10322093963623,59.95188522338867,-27.101699829101562,-96.01398468017578,-6.699531555175781,81.30780029296875,0.2768456573177701
78,11,-10.978474617004395,58.60572052001953,-28.251766204833984,-96.98881530761719,-6.666749000549316,81.20991516113281,0.2775724548543195
78,12,-10.793851852416992,57.06261444091797,-28.87232208251953,-97.59386444091797,-6.536685943603516,81.02803802490234,0.2772009967670047
78,13,-10.068666458129883,55.406494140625,-28.88382339477539,-97.71150207519531,-6.454488754272461,80.41033172607422,0.275637013369373
78,14,-9.760658264160156,54.44615173339844,-28.8570499420166,-98.8732681274414,-6.511044502258301,79.88075256347656,0.2748666132923084
78,15,-9.992877006530762,53.7271842956543,-28.305458068847656,-99.51925659179688,-6.595462799072266,80.22720336914062,0.2733287409370607
78,16,-10.101197242736816,55.12901306152344,-26.08295249938965,-100.51847839355469,-6.822493553161621,79.12934875488281,0.2711837898271494
78,17,-10.341462135314941,53.81144332885742,-25.60261344909668,-101.8693618774414,-6.877756118774414,78.78177642822266,0.26887301816899156
78,18,-10.638167381286621,54.037353515625,-23.688400268554688,-102.74368286132812,-6.793785095214844,78.1953125,0.265527237523586
78,19,-10.256688117980957,53.597591400146484,-21.920747756958008,-104.40837097167969,-6.833437919616699,77.76904296875,0.26123568732908886
78,20,-10.048870086669922,51.661415100097656,-22.446155548095703,-104.40348815917969,-6.677433967590332,78.21853637695312,0.25986836970045857
78,21,-9.838594436645508,49.54038619995117,-23.49733543395996,-103.8367691040039,-6.442084312438965,77.22699737548828,0.2594365385241412
78,22,-9.802321434020996,50.22098922729492,-21.282432556152344,-104.09718322753906,-6.488558769226074,77.02949523925781,0.2557368738349616
78,23,-10.077197074890137,49.130157470703125,-21.696138381958008,-103.98834228515625,-6.360661506652832,76.44254302978516,0.2552040399510087
78,24,-10.616503715515137,49.63703918457031,-21.717655181884766,-104.1553955078125,-6.47355842590332,75.03529357910156,0.25585721255885263
78,25,-10.406035423278809,49.31467819213867,-22.255096435546875,-104.43678283691406,-6.417881965637207,75.85193634033203,0.2564561184547137
78,26,-10.757497787475586,48.35017776489258,-21.769113540649414,-105.49009704589844,-6.226471900939941,75.38436889648438,0.25379874489956034
78,27,-11.773435592651367,48.54838562011719,-22.153879165649414,-105.62959289550781,-6.379849433898926,75.30937194824219,0.2548283409054446
78,28,-11.510473251342773,48.16161346435547,-21.916248321533203,-107.0446548461914,-6.118821144104004,75.75187683105469,0.2532310701598504
78,29,-11.724454879760742,47.453529357910156,-23.54656219482422,-107.29183959960938,-6.186878204345703,75.37100219726562,0.2556816483419632
78,30,-11.623662948608398,47.41505432128906,-23.366512298583984,-107.6849365234375,-6.069262504577637,75.35511779785156,0.2550815833558908
78,31,-12.172799110412598,46.553001403808594,-23.954307556152344,-107.49526977539062,-6.145008087158203,75.84854125976562,0.2552465555571419
78,32,-12.151479721069336,45.82978820800781,-23.695690155029297,-108.09334564208984,-6.068621635437012,77.60076904296875,0.25343237374299854
78,33,-12.360664367675781,44.80986785888672,-24.505361557006836,-108.38005065917969,-6.035181045532227,76.50411987304688,0.2536505218295267
78,34,-12.715185165405273,44.31243896484375,-24.104049682617188,-108.41624450683594,-6.13424015045166,77.1418685913086,0.25205175674260183
78,35,-12.629098892211914,42.720802307128906,-24.414350509643555,-109.16522216796875,-6.335349082946777,76.26589965820312,0.25010371325921843
78,36,-12.665186882019043,41.87554931640625,-24.774738311767578,-109.68841552734375,-6.445835113525391,75.59224700927734,0.24941928682604436
78,37,-12.429916381835938,41.43032455444336,-25.979923248291016,-109.07070922851562,-6.282137870788574,76.13813781738281,0.25177670838086263
78,38,-12.538531303405762,41.66753387451172,-25.27138900756836,-109.18020629882812,-6.45198917388916,76.15072631835938,0.2504917540161765
78,39,-12.71162223815918,40.69593048095703,-26.484268188476562,-108.13555908203125,-6.109808921813965,75.564453125,0.2522519169742458
78,40,-12.896085739135742,40.36914825439453,-26.166501998901367,-108.35812377929688,-5.9870100021362305,74.98802185058594,0.2509835555224616
78,41,-13.22148609161377,41.13226318359375,-26.019126892089844,-108.2369384765625,-6.137701988220215,72.90351104736328,0.2518150460570639
78,42,-13.898858070373535,41.629905700683594,-24.9945125579834,-108.69972229003906,-6.322061538696289,60.65846252441406,0.25005243390614273
78,43,-13.977530479431152,40.34584045410156,-26.202064514160156,-108.61405944824219,-5.919797420501709,58.44161605834961,0.25090904921677676
78,44,-14.567424774169922,40.4040641784668,-26.10072898864746,-108.46809387207031,-5.94888162612915,59.293575286865234,0.2508376924919998
78,45,-15.89499282836914,42.25251388549805,-27.290916442871094,-107.50227355957031,-5.845443248748779,66.02450561523438,0.2564309467963932
78,46,-18.149248123168945,43.181243896484375,-29.38513946533203,-106.49008178710938,-4.954894542694092,70.88546752929688,0.2623097846095905
78,47,-19.64569664001465,42.1968994140625,-31.39719009399414,-105.40458679199219,-4.677027702331543,66.41625213623047,0.2651951618501045
78,48,-19.163055419921875,41.54762268066406,-31.45360565185547,-106.33836364746094,-4.916621208190918,66.02397155761719,0.2642907639997706
78,49,-8.445014953613281,32.28984832763672,-22.816131591796875,-86.82877349853516,-5.586904525756836,46.935997009277344,0.23841790309696181
79,0,-15.110952377319336,84.41708374023438,-0.7439117431640625,-90.11744689941406,-6.849201202392578,62.160919189453125,0.25558805926563677
79,1,-14.9218111038208,82.1825180053711,0.8836193084716797,-92.06037902832031,-7.2083740234375,63.794952392578125,0.25066524773551946
79,2,-14.529304504394531,78.1373519897461,-1.1494216918945312,-93.42772674560547,-7.190314292907715,65.76358032226562,0.2504030183237171
79,3,-15.160913467407227,75.65441131591797,-4.133061408996582,-92.90985107421875,-7.475473403930664,70.5728988647461,0.2535739779473204
79,4,-15.251885414123535,72.73663330078125,-8.171871185302734,-92.40022277832031,-7.360526084899902,70.04243469238281,0.25796459878839273
79,5,-15.209211349487305,67.66301727294922,-13.074384689331055,-92.56220245361328,-7.231111526489258,71.95799255371094,0.26146504777024376
79,6,-13.922456741333008,64.0975112915039,-21.7513484954834,-92.05038452148438,-6.370719909667969,77.08796691894531,0.2715697970922419
79,7,-13.606752395629883,63.644859313964844,-24.199445724487305,-92.50704193115234,-6.796688079833984,83.44889831542969,0.2747787172686085
79,8,-12.578497886657715,62.1104850769043,-25.27197265625,-94.26557159423828,-6.868929862976074,82.84955596923828,0.27558903426042336
79,9,-11.491042137145996,61.511558532714844,-25.028587341308594,-95.13307189941406,-6.865074157714844,81.88575744628906,0.274973615293724
79,10,-11.10322093963623,59.95188522338867,-27.101699829101562,-96.01398468017578,-6.699531555175781,81.30780029296875,0.2768456573177701
79,11,-10.978474617004395,58.60572052001953,-28.251766204833984,-96.98881530761719,-6.666749000549316,81.20991516113281,0.2775724548543195
79,12,-10.793851852416992,57.06261444091797,-28.87232208251953,-97.59386444091797,-6.536685943603516,81.02803802490234,0.2772009967670047
79,13,-10.068666458129883,55.406494140625,-28.88382339477539,-97.71150207519531,-6.454488754272461,80.41033172607422,0.275637013369373
79,14,-9.760658264160156,54.44615173339844,-28.8570499420166,-98.8732681274414,-6.511044502258301,79.88075256347656,0.2748666132923084
79,15,-9.992877006530762,53.7271842956543,-28.305458068847656,-99.51925659179688,-6.595462799072266,80.22720336914062,0.2733287409370607
79,16,-10.101197242736816,55.12901306152344,-26.08295249938965,-100.51847839355469,-6.822493553161621,79.12934875488281,0.2711837898271494
79,17,-10.341462135314941,53.81144332885742,-25.60261344909668,-101.8693618774414,-6.877756118774414,78.78177642822266,0.26887301816899156
79,18,-10.638167381286621,54.037353515625,-23.688400268554688,-102.74368286132812,-6.793785095214844,78.1953125,0.265527237523586
79,19,-10.256688117980957,53.597591400146484,-21.920747756958008,-104.40837097167969,-6.833437919616699,77.76904296875,0.26123568732908886
79,20,-10.048870086669922,51.661415100097656,-22.446155548095703,-104.40348815917969,-6.677433967590332,78.21853637695312,0.25986836970045857
79,21,-9.838594436645508,49.54038619995117,-23.49733543395996,-103.8367691040039,-6.442084312438965,77.22699737548828,0.2594365385241412
79,22,-9.802321434020996,50.22098922729492,-21.282432556152344,-104.09718322753906,-6.488558769226074,77.02949523925781,0.2557368738349616
79,23,-10.077197074890137,49.130157470703125,-21.696138381958008,-103.98834228515625,-6.360661506652832,76.44254302978516,0.2552040399510087
79,24,-10.616503715515137,49.63703918457031,-21.717655181884766,-104.1553955078125,-6.47355842590332,75.03529357910156,0.25585721255885263
79,25,-10.406035423278809,49.31467819213867,-22.255096435546875,-104.43678283691406,-6.417881965637207,75.85193634033203,0.2564561184547137
79,26,-10.757497787475586,48.35017776489258,-21.769113540649414,-105.49009704589844,-6.226471900939941,75.38436889648438,0.25379874489956034
79,27,-11.773435592651367,48.54838562011719,-22.153879165649414,-105.62959289550781,-6.379849433898926,75.30937194824219,0.2548283409054446
79,28,-11.510473251342773,48.16161346435547,-21.916248321533203,-107.0446548461914,-6.118821144104004,75.75187683105469,0.2532310701598504
79,29,-11.724454879760742,47.453529357910156,-23.54656219482422,-107.29183959960938,-6.186878204345703,75.37100219726562,0.2556816483419632
79,30,-11.623662948608398,47.41505432128906,-23.366512298583984,-107.6849365234375,-6.069262504577637,75.35511779785156,0.2550815833558908
79,31,-12.172799110412598,46.553001403808594,-23.954307556152344,-107.49526977539062,-6.145008087158203,75.84854125976562,0.2552465555571419
79,32,-12.151479721069336,45.82978820800781,-23.695690155029297,-108.09334564208984,-6.068621635437012,77.60076904296875,0.25343237374299854
79,33,-12.360664367675781,44.80986785888672,-24.505361557006836,-108.38005065917969,-6.035181045532227,76.50411987304688,0.2536505218295267
79,34,-12.715185165405273,44.31243896484375,-24.104049682617188,-108.41624450683594,-6.13424015045166,77.1418685913086,0.25205175674260183
79,35,-12.629098892211914,42.720802307128906,-24.414350509643555,-109.16522216796875,-6.335349082946777,76.26589965820312,0.25010371325921843
79,36,-12.665186882019043,41.87554931640625,-24.774738311767578,-109.68841552734375,-6.445835113525391,75.59224700927734,0.24941928682604436
79,37,-12.429916381835938,41.43032455444336,-25.979923248291016,-109.07070922851562,-6.282137870788574,76.13813781738281,0.25177670838086263
79,38,-12.538531303405762,41.66753387451172,-25.27138900756836,-109.18020629882812,-6.45198917388916,76.15072631835938,0.2504917540161765
79,39,-12.71162223815918,40.69593048095703,-26.484268188476562,-108.13555908203125,-6.109808921813965,75.564453125,0.2522519169742458
79,40,-12.896085739135742,40.36914825439453,-26.166501998901367,-108.35812377929688,-5.9870100021362305,74.98802185058594,0.2509835555224616
79,41,-13.22148609161377,41.13226318359375,-26.019126892089844,-108.2369384765625,-6.137701988220215,72.90351104736328,0.2518150460570639
79,42,-13.898858070373535,41.629905700683594,-24.9945125579834,-108.69972229003906,-6.322061538696289,60.65846252441406,0.25005243390614273
79,43,-13.977530479431152,40.34584045410156,-26.202064514160156,-108.61405944824219,-5.919797420501709,58.44161605834961,0.25090904921677676
79,44,-14.567424774169922,40.4040641784668,-26.10072898864746,-108.46809387207031,-5.94888162612915,59.293575286865234,0.2508376924919998
79,45,-15.89499282836914,42.25251388549805,-27.290916442871094,-107.50227355957031,-5.845443248748779,66.02450561523438,0.2564309467963932
79,46,-18.149248123168945,43.181243896484375,-29.38513946533203,-106.49008178710938,-4.954894542694092,70.88546752929688,0.2623097846095905
79,47,-19.64569664001465,42.1968994140625,-31.39719009399414,-105.40458679199219,-4.677027702331543,66.41625213623047,0.2651951618501045
79,48,-19.163055419921875,41.54762268066406,-31.45360565185547,-106.33836364746094,-4.916621208190918,66.02397155761719,0.2642907639997706
79,49,-8.445014953613281,32.28984832763672,-22.816131591796875,-86.82877349853516,-5.586904525756836,46.935997009277344,0.23841790309696181
80,0,-15.110952377319336,84.41708374023438,-0.7439117431640625,-90.11744689941406,-6.849201202392578,62.160919189453125,0.25558805926563677
80,1,-14.9218111038208,82.1825180053711,0.8836193084716797,-92.06037902832031,-7.2083740234375,63.794952392578125,0.25066524773551946
80,2,-14.529304504394531,78.1373519897461,-1.1494216918945312,-93.42772674560547,-7.190314292907715,65.76358032226562,0.2504030183237171
80,3,-15.160913467407227,75.65441131591797,-4.133061408996582,-92.90985107421875,-7.475473403930664,70.5728988647461,0.2535739779473204
80,4,-15.251885414123535,72.73663330078125,-8.171871185302734,-92.40022277832031,-7.360526084899902,70.04243469238281,0.25796459878839273
80,5,-15.209211349487305,67.66301727294922,-13.074384689331055,-92.56220245361328,-7.231111526489258,71.95799255371094,0.26146504777024376
80,6,-13.922456741333008,64.0975112915039,-21.7513484954834,-92.05038452148438,-6.370719909667969,77.08796691894531,0.2715697970922419
80,7,-13.606752395629883,63.644859313964844,-24.199445724487305,-92.50704193115234,-6.796688079833984,83.44889831542969,0.2747787172686085
80,8,-12.578497886657715,62.1104850769043,-25.27197265625,-94.26557159423828,-6.868929862976074,82.84955596923828,0.27558903426042336
80,9,-11.491042137145996,61.511558532714844,-25.028587341308594,-95.13307189941406,-6.865074157714844,81.88575744628906,0.274973615293724
80,10,-11.10322093963623,59.95188522338867,-27.101699829101562,-96.01398468017578,-6.699531555175781,81.30780029296875,0.2768456573177701
80,11,-10.978474617004395,58.60572052001953,-28.251766204833984,-96.98881530761719,-6.666749000549316,81.20991516113281,0.2775724548543195
80,12,-10.793851852416992,57.06261444091797,-28.87232208251953,-97.59386444091797,-6.536685943603516,81.02803802490234,0.2772009967670047
80,13,-10.068666458129883,55.406494140625,-28.88382339477539,-97.71150207519531,-6.454488754272461,80.41033172607422,0.275637013369373
80,14,-9.760658264160156,54.44615173339844,-28.8570499420166,-98.8732681274414,-6.511044502258301,79.88075256347656,0.2748666132923084
80,15,-9.992877006530762,53.7271842956543,-28.305458068847656,-99.51925659179688,-6.595462799072266,80.22720336914062,0.2733287409370607
80,16,-10.101197242736816,55.12901306152344,-26.08295249938965,-100.51847839355469,-6.822493553161621,79.12934875488281,0.2711837898271494
80,17,-10.341462135314941,53.81144332885742,-25.60261344909668,-101.8693618774414,-6.877756118774414,78.78177642822266,0.26887301816899156
80,18,-10.638167381286621,54.037353515625,-23.688400268554688,-102.74368286132812,-6.793785095214844,78.1953125,0.265527237523586
80,19,-10.256688117980957,53.597591400146484,-21.920747756958008,-104.40837097167969,-6.833437919616699,77.76904296875,0.26123568732908886
80,20,-10.048870086669922,51.661415100097656,-22.446155548095703,-104.40348815917969,-6.677433967590332,78.21853637695312,0.25986836970045857
80,21,-9.838594436645508,49.54038619995117,-23.49733543395996,-103.8367691040039,-6.442084312438965,77.22699737548828,0.2594365385241412
80,22,-9.802321434020996,50.22098922729492,-21.282432556152344,-104.09718322753906,-6.488558769226074,77.02949523925781,0.2557368738349616
80,23,-10.077197074890137,49.130157470703125,-21.696138381958008,-103.98834228515625,-6.360661506652832,76.44254302978516,0.2552040399510087
80,24,-10.616503715515137,49.63703918457031,-21.717655181884766,-104.1553955078125,-6.47355842590332,75.03529357910156,0.25585721255885263
80,25,-10.406035423278809,49.31467819213867,-22.255096435546875,-104.43678283691406,-6.417881965637207,75.85193634033203,0.2564561184547137
80,26,-10.757497787475586,48.35017776489258,-21.769113540649414,-105.49009704589844,-6.226471900939941,75.38436889648438,0.25379874489956034
80,27,-11.773435592651367,48.54838562011719,-22.153879165649414,-105.62959289550781,-6.379849433898926,75.30937194824219,0.2548283409054446
80,28,-11.510473251342773,48.16161346435547,-21.916248321533203,-107.0446548461914,-6.118821144104004,75.75187683105469,0.2532310701598504
80,29,-11.724454879760742,47.453529357910156,-23.54656219482422,-107.29183959960938,-6.186878204345703,75.37100219726562,0.2556816483419632
80,30,-11.623662948608398,47.41505432128906,-23.366512298583984,-107.6849365234375,-6.069262504577637,75.35511779785156,0.2550815833558908
80,31,-12.172799110412598,46.553001403808594,-23.954307556152344,-107.49526977539062,-6.145008087158203,75.84854125976562,0.2552465555571419
80,32,-12.151479721069336,45.82978820800781,-23.695690155029297,-108.09334564208984,-6.068621635437012,77.60076904296875,0.25343237374299854
80,33,-12.360664367675781,44.80986785888672,-24.505361557006836,-108.38005065917969,-6.035181045532227,76.50411987304688,0.2536505218295267
80,34,-12.715185165405273,44.31243896484375,-24.104049682617188,-108.41624450683594,-6.13424015045166,77.1418685913086,0.25205175674260183
80,35,-12.629098892211914,42.720802307128906,-24.414350509643555,-109.16522216796875,-6.335349082946777,76.26589965820312,0.25010371325921843
80,36,-12.665186882019043,41.87554931640625,-24.774738311767578,-109.68841552734375,-6.445835113525391,75.59224700927734,0.24941928682604436
80,37,-12.429916381835938,41.43032455444336,-25.979923248291016,-109.07070922851562,-6.282137870788574,76.13813781738281,0.25177670838086263
80,38,-12.538531303405762,41.66753387451172,-25.27138900756836,-109.18020629882812,-6.45198917388916,76.15072631835938,0.2504917540161765
80,39,-12.71162223815918,40.69593048095703,-26.484268188476562,-108.13555908203125,-6.109808921813965,75.564453125,0.2522519169742458
80,40,-12.896085739135742,40.36914825439453,-26.166501998901367,-108.35812377929688,-5.9870100021362305,74.98802185058594,0.2509835555224616
80,41,-13.22148609161377,41.13226318359375,-26.019126892089844,-108.2369384765625,-6.137701988220215,72.90351104736328,0.2518150460570639
80,42,-13.898858070373535,41.629905700683594,-24.9945125579834,-108.69972229003906,-6.322061538696289,60.65846252441406,0.25005243390614273
80,43,-13.977530479431152,40.34584045410156,-26.202064514160156,-108.61405944824219,-5.919797420501709,58.44161605834961,0.25090904921677676
80,44,-14.567424774169922,40.4040641784668,-26.10072898864746,-108.46809387207031,-5.94888162612915,59.293575286865234,0.2508376924919998
80,45,-15.89499282836914,42.25251388549805,-27.290916442871094,-107.50227355957031,-5.845443248748779,66.02450561523438,0.2564309467963932
80,46,-18.149248123168945,43.181243896484375,-29.38513946533203,-106.49008178710938,-4.954894542694092,70.88546752929688,0.2623097846095905
80,47,-19.64569664001465,42.1968994140625,-31.39719009399414,-105.40458679199219,-4.677027702331543,66.41625213623047,0.2651951618501045
80,48,-19.163055419921875,41.54762268066406,-31.45360565185547,-106.33836364746094,-4.916621208190918,66.02397155761719,0.2642907639997706
80,49,-8.445014953613281,32.28984832763672,-22.816131591796875,-86.82877349853516,-5.586904525756836,46.935997009277344,0.23841790309696181
81,0,-15.110952377319336,84.41708374023438,-0.7439117431640625,-90.11744689941406,-6.849201202392578,62.160919189453125,0.25558805926563677
81,1,-14.9218111038208,82.1825180053711,0.8836193084716797,-92.06037902832031,-7.2083740234375,63.794952392578125,0.25066524773551946
81,2,-14.529304504394531,78.1373519897461,-1.1494216918945312,-93.42772674560547,-7.190314292907715,65.76358032226562,0.2504030183237171
81,3,-15.160913467407227,75.65441131591797,-4.133061408996582,-92.90985107421875,-7.475473403930664,70.5728988647461,0.2535739779473204
81,4,-15.251885414123535,72.73663330078125,-8.171871185302734,-92.40022277832031,-7.360526084899902,70.04243469238281,0.25796459878839273
81,5,-15.209211349487305,67.66301727294922,-13.074384689331055,-92.56220245361328,-7.231111526489258,71.95799255371094,0.26146504777024376
81,6,-13.922456741333008,64.0975112915039,-21.7513484954834,-92.05038452148438,-6.370719909667969,77.08796691894531,0.2715697970922419
81,7,-13.606752395629883,63.644859313964844,-24.199445724487305,-92.50704193115234,-6.796688079833984,83.44889831542969,0.2747787172686085
81,8,-12.578497886657715,62.1104850769043,-25.27197265625,-94.26557159423828,-6.868929862976074,82.84955596923828,0.27558903426042336
81,9,-11.491042137145996,61.511558532714844,-25.028587341308594,-95.13307189941406,-6.865074157714844,81.88575744628906,0.274973615293724
81,10,-11.10322093963623,59.95188522338867,-27.101699829101562,-96.01398468017578,-6.699531555175781,81.30780029296875,0.2768456573177701
81,11,-10.978474617004395,58.60572052001953,-28.251766204833984,-96.98881530761719,-6.666749000549316,81.20991516113281,0.2775724548543195
81,12,-10.793851852416992,57.06261444091797,-28.87232208251953,-97.59386444091797,-6.536685943603516,81.02803802490234,0.2772009967670047
81,13,-10.068666458129883,55.406494140625,-28.88382339477539,-97.71150207519531,-6.454488754272461,80.41033172607422,0.275637013369373
81,14,-9.760658264160156,54.44615173339844,-28.8570499420166,-98.8732681274414,-6.511044502258301,79.88075256347656,0.2748666132923084
81,15,-9.992877006530762,53.7271842956543,-28.305458068847656,-99.51925659179688,-6.595462799072266,80.22720336914062,0.2733287409370607
81,16,-10.101197242736816,55.12901306152344,-26.08295249938965,-100.51847839355469,-6.822493553161621,79.12934875488281,0.2711837898271494
81,17,-10.341462135314941,53.81144332885742,-25.60261344909668,-101.8693618774414,-6.877756118774414,78.78177642822266,0.26887301816899156
81,18,-10.638167381286621,54.037353515625,-23.688400268554688,-102.74368286132812,-6.793785095214844,78.1953125,0.265527237523586
81,19,-10.256688117980957,53.597591400146484,-21.920747756958008,-104.40837097167969,-6.833437919616699,77.76904296875,0.26123568732908886
81,20,-10.048870086669922,51.661415100097656,-22.446155548095703,-104.40348815917969,-6.677433967590332,78.21853637695312,0.25986836970045857
81,21,-9.838594436645508,49.54038619995117,-23.49733543395996,-103.8367691040039,-6.442084312438965,77.22699737548828,0.2594365385241412
81,22,-9.802321434020996,50.22098922729492,-21.282432556152344,-104.09718322753906,-6.488558769226074,77.02949523925781,0.2557368738349616
81,23,-10.077197074890137,49.130157470703125,-21.696138381958008,-103.98834228515625,-6.360661506652832,76.44254302978516,0.2552040399510087
81,24,-10.616503715515137,49.63703918457031,-21.717655181884766,-104.1553955078125,-6.47355842590332,75.03529357910156,0.25585721255885263
81,25,-10.406035423278809,49.31467819213867,-22.255096435546875,-104.43678283691406,-6.417881965637207,75.85193634033203,0.2564561184547137
81,26,-10.757497787475586,48.35017776489258,-21.769113540649414,-105.49009704589844,-6.226471900939941,75.38436889648438,0.25379874489956034
81,27,-11.773435592651367,48.54838562011719,-22.153879165649414,-105.62959289550781,-6.379849433898926,75.30937194824219,0.2548283409054446
81,28,-11.510473251342773,48.16161346435547,-21.916248321533203,-107.0446548461914,-6.118821144104004,75.75187683105469,0.2532310701598504
81,29,-11.724454879760742,47.453529357910156,-23.54656219482422,-107.29183959960938,-6.186878204345703,75.37100219726562,0.2556816483419632
81,30,-11.623662948608398,47.41505432128906,-23.366512298583984,-107.6849365234375,-6.069262504577637,75.35511779785156,0.2550815833558908
81,31,-12.172799110412598,46.553001403808594,-23.954307556152344,-107.49526977539062,-6.145008087158203,75.84854125976562,0.2552465555571419
81,32,-12.151479721069336,45.82978820800781,-23.695690155029297,-108.09334564208984,-6.068621635437012,77.60076904296875,0.25343237374299854
81,33,-12.360664367675781,44.80986785888672,-24.505361557006836,-108.38005065917969,-6.035181045532227,76.50411987304688,0.2536505218295267
81,34,-12.715185165405273,44.31243896484375,-24.104049682617188,-108.41624450683594,-6.13424015045166,77.1418685913086,0.25205175674260183
81,35,-12.629098892211914,42.720802307128906,-24.414350509643555,-109.16522216796875,-6.335349082946777,76.26589965820312,0.25010371325921843
81,36,-12.665186882019043,41.87554931640625,-24.774738311767578,-109.68841552734375,-6.445835113525391,75.59224700927734,0.24941928682604436
81,37,-12.429916381835938,41.43032455444336,-25.979923248291016,-109.07070922851562,-6.282137870788574,76.13813781738281,0.25177670838086263
81,38,-12.538531303405762,41.66753387451172,-25.27138900756836,-109.18020629882812,-6.45198917388916,76.15072631835938,0.2504917540161765
81,39,-12.71162223815918,40.69593048095703,-26.484268188476562,-108.13555908203125,-6.109808921813965,75.564453125,0.2522519169742458
81,40,-12.896085739135742,40.36914825439453,-26.166501998901367,-108.35812377929688,-5.9870100021362305,74.98802185058594,0.2509835555224616
81,41,-13.22148609161377,41.13226318359375,-26.019126892089844,-108.2369384765625,-6.137701988220215,72.90351104736328,0.2518150460570639
81,42,-13.898858070373535,41.629905700683594,-24.9945125579834,-108.69972229003906,-6.322061538696289,60.65846252441406,0.25005243390614273
81,43,-13.977530479431152,40.34584045410156,-26.202064514160156,-108.61405944824219,-5.919797420501709,58.44161605834961,0.25090904921677676
81,44,-14.567424774169922,40.4040641784668,-26.10072898864746,-108.46809387207031,-5.94888162612915,59.293575286865234,0.2508376924919998
81,45,-15.89499282836914,42.25251388549805,-27.290916442871094,-107.50227355957031,-5.845443248748779,66.02450561523438,0.2564309467963932
81,46,-18.149248123168945,43.181243896484375,-29.38513946533203,-106.49008178710938,-4.954894542694092,70.88546752929688,0.2623097846095905
81,47,-19.64569664001465,42.1968994140625,-31.39719009399414,-105.40458679199219,-4.677027702331543,66.41625213623047,0.2651951618501045
81,48,-19.163055419921875,41.54762268066406,-31.45360565185547,-106.33836364746094,-4.916621208190918,66.02397155761719,0.2642907639997706
81,49,-8.445014953613281,32.28984832763672,-22.816131591796875,-86.82877349853516,-5.586904525756836,46.935997009277344,0.23841790309696181
82,0,-15.110952377319336,84.41708374023438,-0.7439117431640625,-90.11744689941406,-6.849201202392578,62.160919189453125,0.25558805926563677
82,1,-14.9218111038208,82.1825180053711,0.8836193084716797,-92.06037902832031,-7.2083740234375,63.794952392578125,0.25066524773551946
82,2,-14.529304504394531,78.1373519897461,-1.1494216918945312,-93.42772674560547,-7.190314292907715,65.76358032226562,0.2504030183237171
82,3,-15.160913467407227,75.65441131591797,-4.133061408996582,-92.90985107421875,-7.475473403930664,70.5728988647461,0.2535739779473204
82,4,-15.251885414123535,72.73663330078125,-8.171871185302734,-92.40022277832031,-7.360526084899902,70.04243469238281,0.25796459878839273
82,5,-15.209211349487305,67.66301727294922,-13.074384689331055,-92.56220245361328,-7.231111526489258,71.95799255371094,0.26146504777024376
82,6,-13.922456741333008,64.0975112915039,-21.7513484954834,-92.05038452148438,-6.370719909667969,77.08796691894531,0.2715697970922419
82,7,-13.606752395629883,63.644859313964844,-24.199445724487305,-92.50704193115234,-6.796688079833984,83.44889831542969,0.2747787172686085
82,8,-12.578497886657715,62.1104850769043,-25.27197265625,-94.26557159423828,-6.868929862976074,82.84955596923828,0.27558903426042336
82,9,-11.491042137145996,61.511558532714844,-25.028587341308594,-95.13307189941406,-6.865074157714844,81.88575744628906,0.274973615293724
82,10,-11.10322093963623,59.95188522338867,-27.101699829101562,-96.01398468017578,-6.699531555175781,81.30780029296875,0.2768456573177701
82,11,-10.978474617004395,58.60572052001953,-28.251766204833984,-96.98881530761719,-6.666749000549316,81.20991516113281,0.2775724548543195
82,12,-10.793851852416992,57.06261444091797,-28.87232208251953,-97.59386444091797,-6.536685943603516,81.02803802490234,0.2772009967670047
82,13,-10.068666458129883,55.406494140625,-28.88382339477539,-97.71150207519531,-6.454488754272461,80.41033172607422,0.275637013369373
82,14,-9.760658264160156,54.44615173339844,-28.8570499420166,-98.8732681274414,-6.511044502258301,79.88075256347656,0.2748666132923084
82,15,-9.992877006530762,53.7271842956543,-28.305458068847656,-99.51925659179688,-6.595462799072266,80.22720336914062,0.2733287409370607
82,16,-10.101197242736816,55.12901306152344,-26.08295249938965,-100.51847839355469,-6.822493553161621,79.12934875488281,0.2711837898271494
82,17,-10.341462135314941,53.81144332885742,-25.60261344909668,-101.8693618774414,-6.877756118774414,78.78177642822266,0.26887301816899156
82,18,-10.638167381286621,54.037353515625,-23.688400268554688,-102.74368286132812,-6.793785095214844,78.1953125,0.265527237523586
82,19,-10.256688117980957,53.597591400146484,-21.920747756958008,-104.40837097167969,-6.833437919616699,77.76904296875,0.26123568732908886
82,20,-10.048870086669922,51.661415100097656,-22.446155548095703,-104.40348815917969,-6.677433967590332,78.21853637695312,0.25986836970045857
82,21,-9.838594436645508,49.54038619995117,-23.49733543395996,-103.8367691040039,-6.442084312438965,77.22699737548828,0.2594365385241412
82,22,-9.802321434020996,50.22098922729492,-21.282432556152344,-104.09718322753906,-6.488558769226074,77.02949523925781,0.2557368738349616
82,23,-10.077197074890137,49.130157470703125,-21.696138381958008,-103.98834228515625,-6.360661506652832,76.44254302978516,0.2552040399510087
82,24,-10.616503715515137,49.63703918457031,-21.717655181884766,-104.1553955078125,-6.47355842590332,75.03529357910156,0.25585721255885263
82,25,-10.406035423278809,49.31467819213867,-22.255096435546875,-104.43678283691406,-6.417881965637207,75.85193634033203,0.2564561184547137
82,26,-10.757497787475586,48.35017776489258,-21.769113540649414,-105.49009704589844,-6.226471900939941,75.38436889648438,0.25379874489956034
82,27,-11.773435592651367,48.54838562011719,-22.153879165649414,-105.62959289550781,-6.379849433898926,75.30937194824219,0.2548283409054446
82,28,-11.510473251342773,48.16161346435547,-21.916248321533203,-107.0446548461914,-6.118821144104004,75.75187683105469,0.2532310701598504
82,29,-11.724454879760742,47.453529357910156,-23.54656219482422,-107.29183959960938,-6.186878204345703,75.37100219726562,0.2556816483419632
82,30,-11.623662948608398,47.41505432128906,-23.366512298583984,-107.6849365234375,-6.069262504577637,75.35511779785156,0.2550815833558908
82,31,-12.172799110412598,46.553001403808594,-23.954307556152344,-107.49526977539062,-6.145008087158203,75.84854125976562,0.2552465555571419
82,32,-12.151479721069336,45.82978820800781,-23.695690155029297,-108.09334564208984,-6.068621635437012,77.60076904296875,0.25343237374299854
82,33,-12.360664367675781,44.80986785888672,-24.505361557006836,-108.38005065917969,-6.035181045532227,76.50411987304688,0.2536505218295267
82,34,-12.715185165405273,44.31243896484375,-24.104049682617188,-108.41624450683594,-6.13424015045166,77.1418685913086,0.25205175674260183
82,35,-12.629098892211914,42.720802307128906,-24.414350509643555,-109.16522216796875,-6.335349082946777,76.26589965820312,0.25010371325921843
82,36,-12.665186882019043,41.87554931640625,-24.774738311767578,-109.68841552734375,-6.445835113525391,75.59224700927734,0.24941928682604436
82,37,-12.429916381835938,41.43032455444336,-25.979923248291016,-109.07070922851562,-6.282137870788574,76.13813781738281,0.25177670838086263
82,38,-12.538531303405762,41.66753387451172,-25.27138900756836,-109.18020629882812,-6.45198917388916,76.15072631835938,0.2504917540161765
82,39,-12.71162223815918,40.69593048095703,-26.484268188476562,-108.13555908203125,-6.109808921813965,75.564453125,0.2522519169742458
82,40,-12.896085739135742,40.36914825439453,-26.166501998901367,-108.35812377929688,-5.9870100021362305,74.98802185058594,0.2509835555224616
82,41,-13.22148609161377,41.13226318359375,-26.019126892089844,-108.2369384765625,-6.137701988220215,72.90351104736328,0.2518150460570639
82,42,-13.898858070373535,41.629905700683594,-24.9945125579834,-108.69972229003906,-6.322061538696289,60.65846252441406,0.25005243390614273
82,43,-13.977530479431152,40.34584045410156,-26.202064514160156,-108.61405944824219,-5.919797420501709,58.44161605834961,0.25090904921677676
82,44,-14.567424774169922,40.4040641784668,-26.10072898864746,-108.46809387207031,-5.94888162612915,59.293575286865234,0.2508376924919998
82,45,-15.89499282836914,42.25251388549805,-27.290916442871094,-107.50227355957031,-5.845443248748779,66.02450561523438,0.2564309467963932
82,46,-18.149248123168945,43.181243896484375,-29.38513946533203,-106.49008178710938,-4.954894542694092,70.88546752929688,0.2623097846095905
82,47,-19.64569664001465,42.1968994140625,-31.39719009399414,-105.40458679199219,-4.677027702331543,66.41625213623047,0.2651951618501045
82,48,-19.163055419921875,41.54762268066406,-31.45360565185547,-106.33836364746094,-4.916621208190918,66.02397155761719,0.2642907639997706
82,49,-8.445014953613281,32.28984832763672,-22.816131591796875,-86.82877349853516,-5.586904525756836,46.935997009277344,0.23841790309696181
83,0,-15.110952377319336,84.41708374023438,-0.7439117431640625,-90.11744689941406,-6.849201202392578,62.160919189453125,0.25558805926563677
83,1,-14.9218111038208,82.1825180053711,0.8836193084716797,-92.06037902832031,-7.2083740234375,63.794952392578125,0.25066524773551946
83,2,-14.529304504394531,78.1373519897461,-1.1494216918945312,-93.42772674560547,-7.190314292907715,65.76358032226562,0.2504030183237171
83,3,-15.160913467407227,75.65441131591797,-4.133061408996582,-92.90985107421875,-7.475473403930664,70.5728988647461,0.2535739779473204
83,4,-15.251885414123535,72.73663330078125,-8.171871185302734,-92.40022277832031,-7.360526084899902,70.04243469238281,0.25796459878839273
83,5,-15.209211349487305,67.66301727294922,-13.074384689331055,-92.56220245361328,-7.231111526489258,71.95799255371094,0.26146504777024376
83,6,-13.922456741333008,64.0975112915039,-21.7513484954834,-92.05038452148438,-6.370719909667969,77.08796691894531,0.2715697970922419
83,7,-13.606752395629883,63.644859313964844,-24.199445724487305,-92.50704193115234,-6.796688079833984,83.44889831542969,0.2747787172686085
83,8,-12.578497886657715,62.1104850769043,-25.27197265625,-94.26557159423828,-6.868929862976074,82.84955596923828,0.27558903426042336
83,9,-11.491042137145996,61.511558532714844,-25.028587341308594,-95.13307189941406,-6.865074157714844,81.88575744628906,0.274973615293724
83,10,-11.10322093963623,59.95188522338867,-27.101699829101562,-96.01398468017578,-6.699531555175781,81.30780029296875,0.2768456573177701
83,11,-10.978474617004395,58.60572052001953,-28.251766204833984,-96.98881530761719,-6.666749000549316,81.20991516113281,0.2775724548543195
83,12,-10.793851852416992,57.06261444091797,-28.87232208251953,-97.59386444091797,-6.536685943603516,81.02803802490234,0.2772009967670047
83,13,-10.068666458129883,55.406494140625,-28.88382339477539,-97.71150207519531,-6.454488754272461,80.41033172607422,0.275637013369373
83,14,-9.760658264160156,54.44615173339844,-28.8570499420166,-98.8732681274414,-6.511044502258301,79.88075256347656,0.2748666132923084
83,15,-9.992877006530762,53.7271842956543,-28.305458068847656,-99.51925659179688,-6.595462799072266,80.22720336914062,0.2733287409370607
83,16,-10.101197242736816,55.12901306152344,-26.08295249938965,-100.51847839355469,-6.822493553161621,79.12934875488281,0.2711837898271494
83,17,-10.341462135314941,53.81144332885742,-25.60261344909668,-101.8693618774414,-6.877756118774414,78.78177642822266,0.26887301816899156
83,18,-10.638167381286621,54.037353515625,-23.688400268554688,-102.74368286132812,-6.793785095214844,78.1953125,0.265527237523586
83,19,-10.256688117980957,53.597591400146484,-21.920747756958008,-104.40837097167969,-6.833437919616699,77.76904296875,0.26123568732908886
83,20,-10.048870086669922,51.661415100097656,-22.446155548095703,-104.40348815917969,-6.677433967590332,78.21853637695312,0.25986836970045857
83,21,-9.838594436645508,49.54038619995117,-23.49733543395996,-103.8367691040039,-6.442084312438965,77.22699737548828,0.2594365385241412
83,22,-9.802321434020996,50.22098922729492,-21.282432556152344,-104.09718322753906,-6.488558769226074,77.02949523925781,0.2557368738349616
83,23,-10.077197074890137,49.130157470703125,-21.696138381958008,-103.98834228515625,-6.360661506652832,76.44254302978516,0.2552040399510087
83,24,-10.616503715515137,49.63703918457031,-21.717655181884766,-104.1553955078125,-6.47355842590332,75.03529357910156,0.25585721255885263
83,25,-10.406035423278809,49.31467819213867,-22.255096435546875,-104.43678283691406,-6.417881965637207,75.85193634033203,0.2564561184547137
83,26,-10.757497787475586,48.35017776489258,-21.769113540649414,-105.49009704589844,-6.226471900939941,75.38436889648438,0.25379874489956034
83,27,-11.773435592651367,48.54838562011719,-22.153879165649414,-105.62959289550781,-6.379849433898926,75.30937194824219,0.2548283409054446
83,28,-11.510473251342773,48.16161346435547,-21.916248321533203,-107.0446548461914,-6.118821144104004,75.75187683105469,0.2532310701598504
83,29,-11.724454879760742,47.453529357910156,-23.54656219482422,-107.29183959960938,-6.186878204345703,75.37100219726562,0.2556816483419632
83,30,-11.623662948608398,47.41505432128906,-23.366512298583984,-107.6849365234375,-6.069262504577637,75.35511779785156,0.2550815833558908
83,31,-12.172799110412598,46.553001403808594,-23.954307556152344,-107.49526977539062,-6.145008087158203,75.84854125976562,0.2552465555571419
83,32,-12.151479721069336,45.82978820800781,-23.695690155029297,-108.09334564208984,-6.068621635437012,77.60076904296875,0.25343237374299854
83,33,-12.360664367675781,44.80986785888672,-24.505361557006836,-108.38005065917969,-6.035181045532227,76.50411987304688,0.2536505218295267
83,34,-12.715185165405273,44.31243896484375,-24.104049682617188,-108.41624450683594,-6.13424015045166,77.1418685913086,0.25205175674260183
83,35,-12.629098892211914,42.720802307128906,-24.414350509643555,-109.16522216796875,-6.335349082946777,76.26589965820312,0.25010371325921843
83,36,-12.665186882019043,41.87554931640625,-24.774738311767578,-109.68841552734375,-6.445835113525391,75.59224700927734,0.24941928682604436
83,37,-12.429916381835938,41.43032455444336,-25.979923248291016,-109.07070922851562,-6.282137870788574,76.13813781738281,0.25177670838086263
83,38,-12.538531303405762,41.66753387451172,-25.27138900756836,-109.18020629882812,-6.45198917388916,76.15072631835938,0.2504917540161765
83,39,-12.71162223815918,40.69593048095703,-26.484268188476562,-108.13555908203125,-6.109808921813965,75.564453125,0.2522519169742458
83,40,-12.896085739135742,40.36914825439453,-26.166501998901367,-108.35812377929688,-5.9870100021362305,74.98802185058594,0.2509835555224616
83,41,-13.22148609161377,41.13226318359375,-26.019126892089844,-108.2369384765625,-6.137701988220215,72.90351104736328,0.2518150460570639
83,42,-13.898858070373535,41.629905700683594,-24.9945125579834,-108.69972229003906,-6.322061538696289,60.65846252441406,0.25005243390614273
83,43,-13.977530479431152,40.34584045410156,-26.202064514160156,-108.61405944824219,-5.919797420501709,58.44161605834961,0.25090904921677676
83,44,-14.567424774169922,40.4040641784668,-26.10072898864746,-108.46809387207031,-5.94888162612915,59.293575286865234,0.2508376924919998
83,45,-15.89499282836914,42.25251388549805,-27.290916442871094,-107.50227355957031,-5.845443248748779,66.02450561523438,0.2564309467963932
83,46,-18.149248123168945,43.181243896484375,-29.38513946533203,-106.49008178710938,-4.954894542694092,70.88546752929688,0.2623097846095905
83,47,-19.64569664001465,42.1968994140625,-31.39719009399414,-105.40458679199219,-4.677027702331543,66.41625213623047,0.2651951618501045
83,48,-19.163055419921875,41.54762268066406,-31.45360565185547,-106.33836364746094,-4.916621208190918,66.02397155761719,0.2642907639997706
83,49,-8.445014953613281,32.28984832763672,-22.816131591796875,-86.82877349853516,-5.586904525756836,46.935997009277344,0.23841790309696181
84,0,-15.110952377319336,84.41708374023438,-0.7439117431640625,-90.11744689941406,-6.849201202392578,62.160919189453125,0.25558805926563677
84,1,-14.9218111038208,82.1825180053711,0.8836193084716797,-92.06037902832031,-7.2083740234375,63.794952392578125,0.25066524773551946
84,2,-14.529304504394531,78.1373519897461,-1.1494216918945312,-93.42772674560547,-7.190314292907715,65.76358032226562,0.2504030183237171
84,3,-15.160913467407227,75.65441131591797,-4.133061408996582,-92.90985107421875,-7.475473403930664,70.5728988647461,0.2535739779473204
84,4,-15.251885414123535,72.73663330078125,-8.171871185302734,-92.40022277832031,-7.360526084899902,70.04243469238281,0.25796459878839273
84,5,-15.209211349487305,67.66301727294922,-13.074384689331055,-92.56220245361328,-7.231111526489258,71.95799255371094,0.26146504777024376
84,6,-13.922456741333008,64.0975112915039,-21.7513484954834,-92.05038452148438,-6.370719909667969,77.08796691894531,0.2715697970922419
84,7,-13.606752395629883,63.644859313964844,-24.199445724487305,-92.50704193115234,-6.796688079833984,83.44889831542969,0.2747787172686085
84,8,-12.578497886657715,62.1104850769043,-25.27197265625,-94.26557159423828,-6.868929862976074,82.84955596923828,0.27558903426042336
84,9,-11.491042137145996,61.511558532714844,-25.028587341308594,-95.13307189941406,-6.865074157714844,81.88575744628906,0.274973615293724
84,10,-11.10322093963623,59.95188522338867,-27.101699829101562,-96.01398468017578,-6.699531555175781,81.30780029296875,0.2768456573177701
84,11,-10.978474617004395,58.60572052001953,-28.251766204833984,-96.98881530761719,-6.666749000549316,81.20991516113281,0.2775724548543195
84,12,-10.793851852416992,57.06261444091797,-28.87232208251953,-97.59386444091797,-6.536685943603516,81.02803802490234,0.2772009967670047
84,13,-10.068666458129883,55.406494140625,-28.88382339477539,-97.71150207519531,-6.454488754272461,80.41033172607422,0.275637013369373
84,14,-9.760658264160156,54.44615173339844,-28.8570499420166,-98.8732681274414,-6.511044502258301,79.88075256347656,0.2748666132923084
84,15,-9.992877006530762,53.7271842956543,-28.305458068847656,-99.51925659179688,-6.595462799072266,80.22720336914062,0.2733287409370607
84,16,-10.101197242736816,55.12901306152344,-26.08295249938965,-100.51847839355469,-6.822493553161621,79.12934875488281,0.2711837898271494
84,17,-10.341462135314941,53.81144332885742,-25.60261344909668,-101.8693618774414,-6.877756118774414,78.78177642822266,0.26887301816899156
84,18,-10.638167381286621,54.037353515625,-23.688400268554688,-102.74368286132812,-6.793785095214844,78.1953125,0.265527237523586
84,19,-10.256688117980957,53.597591400146484,-21.920747756958008,-104.40837097167969,-6.833437919616699,77.76904296875,0.26123568732908886
84,20,-10.048870086669922,51.661415100097656,-22.446155548095703,-104.40348815917969,-6.677433967590332,78.21853637695312,0.25986836970045857
84,21,-9.838594436645508,49.54038619995117,-23.49733543395996,-103.8367691040039,-6.442084312438965,77.22699737548828,0.2594365385241412
84,22,-9.802321434020996,50.22098922729492,-21.282432556152344,-104.09718322753906,-6.488558769226074,77.02949523925781,0.2557368738349616
84,23,-10.077197074890137,49.130157470703125,-21.696138381958008,-103.98834228515625,-6.360661506652832,76.44254302978516,0.2552040399510087
84,24,-10.616503715515137,49.63703918457031,-21.717655181884766,-104.1553955078125,-6.47355842590332,75.03529357910156,0.25585721255885263
84,25,-10.406035423278809,49.31467819213867,-22.255096435546875,-104.43678283691406,-6.417881965637207,75.85193634033203,0.2564561184547137
84,26,-10.757497787475586,48.35017776489258,-21.769113540649414,-105.49009704589844,-6.226471900939941,75.38436889648438,0.25379874489956034
84,27,-11.773435592651367,48.54838562011719,-22.153879165649414,-105.62959289550781,-6.379849433898926,75.30937194824219,0.2548283409054446
84,28,-11.510473251342773,48.16161346435547,-21.916248321533203,-107.0446548461914,-6.118821144104004,75.75187683105469,0.2532310701598504
84,29,-11.724454879760742,47.453529357910156,-23.54656219482422,-107.29183959960938,-6.186878204345703,75.37100219726562,0.2556816483419632
84,30,-11.623662948608398,47.41505432128906,-23.366512298583984,-107.6849365234375,-6.069262504577637,75.35511779785156,0.2550815833558908
84,31,-12.172799110412598,46.553001403808594,-23.954307556152344,-107.49526977539062,-6.145008087158203,75.84854125976562,0.2552465555571419
84,32,-12.151479721069336,45.82978820800781,-23.695690155029297,-108.09334564208984,-6.068621635437012,77.60076904296875,0.25343237374299854
84,33,-12.360664367675781,44.80986785888672,-24.505361557006836,-108.38005065917969,-6.035181045532227,76.50411987304688,0.2536505218295267
84,34,-12.715185165405273,44.31243896484375,-24.104049682617188,-108.41624450683594,-6.13424015045166,77.1418685913086,0.25205175674260183
84,35,-12.629098892211914,42.720802307128906,-24.414350509643555,-109.16522216796875,-6.335349082946777,76.26589965820312,0.25010371325921843
84,36,-12.665186882019043,41.87554931640625,-24.774738311767578,-109.68841552734375,-6.445835113525391,75.59224700927734,0.24941928682604436
84,37,-12.429916381835938,41.43032455444336,-25.979923248291016,-109.07070922851562,-6.282137870788574,76.13813781738281,0.25177670838086263
84,38,-12.538531303405762,41.66753387451172,-25.27138900756836,-109.18020629882812,-6.45198917388916,76.15072631835938,0.2504917540161765
84,39,-12.71162223815918,40.69593048095703,-26.484268188476562,-108.13555908203125,-6.109808921813965,75.564453125,0.2522519169742458
84,40,-12.896085739135742,40.36914825439453,-26.166501998901367,-108.35812377929688,-5.9870100021362305,74.98802185058594,0.2509835555224616
84,41,-13.22148609161377,41.13226318359375,-26.019126892089844,-108.2369384765625,-6.137701988220215,72.90351104736328,0.2518150460570639
84,42,-13.898858070373535,41.629905700683594,-24.9945125579834,-108.69972229003906,-6.322061538696289,60.65846252441406,0.25005243390614273
84,43,-13.977530479431152,40.34584045410156,-26.202064514160156,-108.61405944824219,-5.919797420501709,58.44161605834961,0.25090904921677676
84,44,-14.567424774169922,40.4040641784668,-26.10072898864746,-108.46809387207031,-5.94888162612915,59.293575286865234,0.2508376924919998
84,45,-15.89499282836914,42.25251388549805,-27.290916442871094,-107.50227355957031,-5.845443248748779,66.02450561523438,0.2564309467963932
84,46,-18.149248123168945,43.181243896484375,-29.38513946533203,-106.49008178710938,-4.954894542694092,70.88546752929688,0.2623097846095905
84,47,-19.64569664001465,42.1968994140625,-31.39719009399414,-105.40458679199219,-4.677027702331543,66.41625213623047,0.2651951618501045
84,48,-19.163055419921875,41.54762268066406,-31.45360565185547,-106.33836364746094,-4.916621208190918,66.02397155761719,0.2642907639997706
84,49,-8.445014953613281,32.28984832763672,-22.816131591796875,-86.82877349853516,-5.586904525756836,46.935997009277344,0.23841790309696181
85,0,-15.110952377319336,84.41708374023438,-0.7439117431640625,-90.11744689941406,-6.849201202392578,62.160919189453125,0.25558805926563677
85,1,-14.9218111038208,82.1825180053711,0.8836193084716797,-92.06037902832031,-7.2083740234375,63.794952392578125,0.25066524773551946
85,2,-14.529304504394531,78.1373519897461,-1.1494216918945312,-93.42772674560547,-7.190314292907715,65.76358032226562,0.2504030183237171
85,3,-15.160913467407227,75.65441131591797,-4.133061408996582,-92.90985107421875,-7.475473403930664,70.5728988647461,0.2535739779473204
85,4,-15.251885414123535,72.73663330078125,-8.171871185302734,-92.40022277832031,-7.360526084899902,70.04243469238281,0.25796459878839273
85,5,-15.209211349487305,67.66301727294922,-13.074384689331055,-92.56220245361328,-7.231111526489258,71.95799255371094,0.26146504777024376
85,6,-13.922456741333008,64.0975112915039,-21.7513484954834,-92.05038452148438,-6.370719909667969,77.08796691894531,0.2715697970922419
85,7,-13.606752395629883,63.644859313964844,-24.199445724487305,-92.50704193115234,-6.796688079833984,83.44889831542969,0.2747787172686085
85,8,-12.578497886657715,62.1104850769043,-25.27197265625,-94.26557159423828,-6.868929862976074,82.84955596923828,0.27558903426042336
85,9,-11.491042137145996,61.511558532714844,-25.028587341308594,-95.13307189941406,-6.865074157714844,81.88575744628906,0.274973615293724
85,10,-11.10322093963623,59.95188522338867,-27.101699829101562,-96.01398468017578,-6.699531555175781,81.30780029296875,0.2768456573177701
85,11,-10.978474617004395,58.60572052001953,-28.251766204833984,-96.98881530761719,-6.666749000549316,81.20991516113281,0.2775724548543195
85,12,-10.793851852416992,57.06261444091797,-28.87232208251953,-97.59386444091797,-6.536685943603516,81.02803802490234,0.2772009967670047
85,13,-10.068666458129883,55.406494140625,-28.88382339477539,-97.71150207519531,-6.454488754272461,80.41033172607422,0.275637013369373
85,14,-9.760658264160156,54.44615173339844,-28.8570499420166,-98.8732681274414,-6.511044502258301,79.88075256347656,0.2748666132923084
85,15,-9.992877006530762,53.7271842956543,-28.305458068847656,-99.51925659179688,-6.595462799072266,80.22720336914062,0.2733287409370607
85,16,-10.101197242736816,55.12901306152344,-26.08295249938965,-100.51847839355469,-6.822493553161621,79.12934875488281,0.2711837898271494
85,17,-10.341462135314941,53.81144332885742,-25.60261344909668,-101.8693618774414,-6.877756118774414,78.78177642822266,0.26887301816899156
85,18,-10.638167381286621,54.037353515625,-23.688400268554688,-102.74368286132812,-6.793785095214844,78.1953125,0.265527237523586
85,19,-10.256688117980957,53.597591400146484,-21.920747756958008,-104.40837097167969,-6.833437919616699,77.76904296875,0.26123568732908886
85,20,-10.048870086669922,51.661415100097656,-22.446155548095703,-104.40348815917969,-6.677433967590332,78.21853637695312,0.25986836970045857
85,21,-9.838594436645508,49.54038619995117,-23.49733543395996,-103.8367691040039,-6.442084312438965,77.22699737548828,0.2594365385241412
85,22,-9.802321434020996,50.22098922729492,-21.282432556152344,-104.09718322753906,-6.488558769226074,77.02949523925781,0.2557368738349616
85,23,-10.077197074890137,49.130157470703125,-21.696138381958008,-103.98834228515625,-6.360661506652832,76.44254302978516,0.2552040399510087
85,24,-10.616503715515137,49.63703918457031,-21.717655181884766,-104.1553955078125,-6.47355842590332,75.03529357910156,0.25585721255885263
85,25,-10.406035423278809,49.31467819213867,-22.255096435546875,-104.43678283691406,-6.417881965637207,75.85193634033203,0.2564561184547137
85,26,-10.757497787475586,48.35017776489258,-21.769113540649414,-105.49009704589844,-6.226471900939941,75.38436889648438,0.25379874489956034
85,27,-11.773435592651367,48.54838562011719,-22.153879165649414,-105.62959289550781,-6.379849433898926,75.30937194824219,0.2548283409054446
85,28,-11.510473251342773,48.16161346435547,-21.916248321533203,-107.0446548461914,-6.118821144104004,75.75187683105469,0.2532310701598504
85,29,-11.724454879760742,47.453529357910156,-23.54656219482422,-107.29183959960938,-6.186878204345703,75.37100219726562,0.2556816483419632
85,30,-11.623662948608398,47.41505432128906,-23.366512298583984,-107.6849365234375,-6.069262504577637,75.35511779785156,0.2550815833558908
85,31,-12.172799110412598,46.553001403808594,-23.954307556152344,-107.49526977539062,-6.145008087158203,75.84854125976562,0.2552465555571419
85,32,-12.151479721069336,45.82978820800781,-23.695690155029297,-108.09334564208984,-6.068621635437012,77.60076904296875,0.25343237374299854
85,33,-12.360664367675781,44.80986785888672,-24.505361557006836,-108.38005065917969,-6.035181045532227,76.50411987304688,0.2536505218295267
85,34,-12.715185165405273,44.31243896484375,-24.104049682617188,-108.41624450683594,-6.13424015045166,77.1418685913086,0.25205175674260183
85,35,-12.629098892211914,42.720802307128906,-24.414350509643555,-109.16522216796875,-6.335349082946777,76.26589965820312,0.25010371325921843
85,36,-12.665186882019043,41.87554931640625,-24.774738311767578,-109.68841552734375,-6.445835113525391,75.59224700927734,0.24941928682604436
85,37,-12.429916381835938,41.43032455444336,-25.979923248291016,-109.07070922851562,-6.282137870788574,76.13813781738281,0.25177670838086263
85,38,-12.538531303405762,41.66753387451172,-25.27138900756836,-109.18020629882812,-6.45198917388916,76.15072631835938,0.2504917540161765
85,39,-12.71162223815918,40.69593048095703,-26.484268188476562,-108.13555908203125,-6.109808921813965,75.564453125,0.2522519169742458
85,40,-12.896085739135742,40.36914825439453,-26.166501998901367,-108.35812377929688,-5.9870100021362305,74.98802185058594,0.2509835555224616
85,41,-13.22148609161377,41.13226318359375,-26.019126892089844,-108.2369384765625,-6.137701988220215,72.90351104736328,0.2518150460570639
85,42,-13.898858070373535,41.629905700683594,-24.9945125579834,-108.69972229003906,-6.322061538696289,60.65846252441406,0.25005243390614273
85,43,-13.977530479431152,40.34584045410156,-26.202064514160156,-108.61405944824219,-5.919797420501709,58.44161605834961,0.25090904921677676
85,44,-14.567424774169922,40.4040641784668,-26.10072898864746,-108.46809387207031,-5.94888162612915,59.293575286865234,0.2508376924919998
85,45,-15.89499282836914,42.25251388549805,-27.290916442871094,-107.50227355957031,-5.845443248748779,66.02450561523438,0.2564309467963932
85,46,-18.149248123168945,43.181243896484375,-29.38513946533203,-106.49008178710938,-4.954894542694092,70.88546752929688,0.2623097846095905
85,47,-19.64569664001465,42.1968994140625,-31.39719009399414,-105.40458679199219,-4.677027702331543,66.41625213623047,0.2651951618501045
85,48,-19.163055419921875,41.54762268066406,-31.45360565185547,-106.33836364746094,-4.916621208190918,66.02397155761719,0.2642907639997706
85,49,-8.445014953613281,32.28984832763672,-22.816131591796875,-86.82877349853516,-5.586904525756836,46.935997009277344,0.23841790309696181
86,0,-15.110952377319336,84.41708374023438,-0.7439117431640625,-90.11744689941406,-6.849201202392578,62.160919189453125,0.25558805926563677
86,1,-14.9218111038208,82.1825180053711,0.8836193084716797,-92.06037902832031,-7.2083740234375,63.794952392578125,0.25066524773551946
86,2,-14.529304504394531,78.1373519897461,-1.1494216918945312,-93.42772674560547,-7.190314292907715,65.76358032226562,0.2504030183237171
86,3,-15.160913467407227,75.65441131591797,-4.133061408996582,-92.90985107421875,-7.475473403930664,70.5728988647461,0.2535739779473204
86,4,-15.251885414123535,72.73663330078125,-8.171871185302734,-92.40022277832031,-7.360526084899902,70.04243469238281,0.25796459878839273
86,5,-15.209211349487305,67.66301727294922,-13.074384689331055,-92.56220245361328,-7.231111526489258,71.95799255371094,0.26146504777024376
86,6,-13.922456741333008,64.0975112915039,-21.7513484954834,-92.05038452148438,-6.370719909667969,77.08796691894531,0.2715697970922419
86,7,-13.606752395629883,63.644859313964844,-24.199445724487305,-92.50704193115234,-6.796688079833984,83.44889831542969,0.2747787172686085
86,8,-12.578497886657715,62.1104850769043,-25.27197265625,-94.26557159423828,-6.868929862976074,82.84955596923828,0.27558903426042336
86,9,-11.491042137145996,61.511558532714844,-25.028587341308594,-95.13307189941406,-6.865074157714844,81.88575744628906,0.274973615293724
86,10,-11.10322093963623,59.95188522338867,-27.101699829101562,-96.01398468017578,-6.699531555175781,81.30780029296875,0.2768456573177701
86,11,-10.978474617004395,58.60572052001953,-28.251766204833984,-96.98881530761719,-6.666749000549316,81.20991516113281,0.2775724548543195
86,12,-10.793851852416992,57.06261444091797,-28.87232208251953,-97.59386444091797,-6.536685943603516,81.02803802490234,0.2772009967670047
86,13,-10.068666458129883,55.406494140625,-28.88382339477539,-97.71150207519531,-6.454488754272461,80.41033172607422,0.275637013369373
86,14,-9.760658264160156,54.44615173339844,-28.8570499420166,-98.8732681274414,-6.511044502258301,79.88075256347656,0.2748666132923084
86,15,-9.992877006530762,53.7271842956543,-28.305458068847656,-99.51925659179688,-6.595462799072266,80.22720336914062,0.2733287409370607
86,16,-10.101197242736816,55.12901306152344,-26.08295249938965,-100.51847839355469,-6.822493553161621,79.12934875488281,0.2711837898271494
86,17,-10.341462135314941,53.81144332885742,-25.60261344909668,-101.8693618774414,-6.877756118774414,78.78177642822266,0.26887301816899156
86,18,-10.638167381286621,54.037353515625,-23.688400268554688,-102.74368286132812,-6.793785095214844,78.1953125,0.265527237523586
86,19,-10.256688117980957,53.597591400146484,-21.920747756958008,-104.40837097167969,-6.833437919616699,77.76904296875,0.26123568732908886
86,20,-10.048870086669922,51.661415100097656,-22.446155548095703,-104.40348815917969,-6.677433967590332,78.21853637695312,0.25986836970045857
86,21,-9.838594436645508,49.54038619995117,-23.49733543395996,-103.8367691040039,-6.442084312438965,77.22699737548828,0.2594365385241412
86,22,-9.802321434020996,50.22098922729492,-21.282432556152344,-104.09718322753906,-6.488558769226074,77.02949523925781,0.2557368738349616
86,23,-10.077197074890137,49.130157470703125,-21.696138381958008,-103.98834228515625,-6.360661506652832,76.44254302978516,0.2552040399510087
86,24,-10.616503715515137,49.63703918457031,-21.717655181884766,-104.1553955078125,-6.47355842590332,75.03529357910156,0.25585721255885263
86,25,-10.406035423278809,49.31467819213867,-22.255096435546875,-104.43678283691406,-6.417881965637207,75.85193634033203,0.2564561184547137
86,26,-10.757497787475586,48.35017776489258,-21.769113540649414,-105.49009704589844,-6.226471900939941,75.38436889648438,0.25379874489956034
86,27,-11.773435592651367,48.54838562011719,-22.153879165649414,-105.62959289550781,-6.379849433898926,75.30937194824219,0.2548283409054446
86,28,-11.510473251342773,48.16161346435547,-21.916248321533203,-107.0446548461914,-6.118821144104004,75.75187683105469,0.2532310701598504
86,29,-11.724454879760742,47.453529357910156,-23.54656219482422,-107.29183959960938,-6.186878204345703,75.37100219726562,0.2556816483419632
86,30,-11.623662948608398,47.41505432128906,-23.366512298583984,-107.6849365234375,-6.069262504577637,75.35511779785156,0.2550815833558908
86,31,-12.172799110412598,46.553001403808594,-23.954307556152344,-107.49526977539062,-6.145008087158203,75.84854125976562,0.2552465555571419
86,32,-12.151479721069336,45.82978820800781,-23.695690155029297,-108.09334564208984,-6.068621635437012,77.60076904296875,0.25343237374299854
86,33,-12.360664367675781,44.80986785888672,-24.505361557006836,-108.38005065917969,-6.035181045532227,76.50411987304688,0.2536505218295267
86,34,-12.715185165405273,44.31243896484375,-24.104049682617188,-108.41624450683594,-6.13424015045166,77.1418685913086,0.25205175674260183
86,35,-12.629098892211914,42.720802307128906,-24.414350509643555,-109.16522216796875,-6.335349082946777,76.26589965820312,0.25010371325921843
86,36,-12.665186882019043,41.87554931640625,-24.774738311767578,-109.68841552734375,-6.445835113525391,75.59224700927734,0.24941928682604436
86,37,-12.429916381835938,41.43032455444336,-25.979923248291016,-109.07070922851562,-6.282137870788574,76.13813781738281,0.25177670838086263
86,38,-12.538531303405762,41.66753387451172,-25.27138900756836,-109.18020629882812,-6.45198917388916,76.15072631835938,0.2504917540161765
86,39,-12.71162223815918,40.69593048095703,-26.484268188476562,-108.13555908203125,-6.109808921813965,75.564453125,0.2522519169742458
86,40,-12.896085739135742,40.36914825439453,-26.166501998901367,-108.35812377929688,-5.9870100021362305,74.98802185058594,0.2509835555224616
86,41,-13.22148609161377,41.13226318359375,-26.019126892089844,-108.2369384765625,-6.137701988220215,72.90351104736328,0.2518150460570639
86,42,-13.898858070373535,41.629905700683594,-24.9945125579834,-108.69972229003906,-6.322061538696289,60.65846252441406,0.25005243390614273
86,43,-13.977530479431152,40.34584045410156,-26.202064514160156,-108.61405944824219,-5.919797420501709,58.44161605834961,0.25090904921677676
86,44,-14.567424774169922,40.4040641784668,-26.10072898864746,-108.46809387207031,-5.94888162612915,59.293575286865234,0.2508376924919998
86,45,-15.89499282836914,42.25251388549805,-27.290916442871094,-107.50227355957031,-5.845443248748779,66.02450561523438,0.2564309467963932
86,46,-18.149248123168945,43.181243896484375,-29.38513946533203,-106.49008178710938,-4.954894542694092,70.88546752929688,0.2623097846095905
86,47,-19.64569664001465,42.1968994140625,-31.39719009399414,-105.40458679199219,-4.677027702331543,66.41625213623047,0.2651951618501045
86,48,-19.163055419921875,41.54762268066406,-31.45360565185547,-106.33836364746094,-4.916621208190918,66.02397155761719,0.2642907639997706
86,49,-8.445014953613281,32.28984832763672,-22.816131591796875,-86.82877349853516,-5.586904525756836,46.935997009277344,0.23841790309696181
87,0,-15.110952377319336,84.41708374023438,-0.7439117431640625,-90.11744689941406,-6.849201202392578,62.160919189453125,0.25558805926563677
87,1,-14.9218111038208,82.1825180053711,0.8836193084716797,-92.06037902832031,-7.2083740234375,63.794952392578125,0.25066524773551946
87,2,-14.529304504394531,78.1373519897461,-1.1494216918945312,-93.42772674560547,-7.190314292907715,65.76358032226562,0.2504030183237171
87,3,-15.160913467407227,75.65441131591797,-4.133061408996582,-92.90985107421875,-7.475473403930664,70.5728988647461,0.2535739779473204
87,4,-15.251885414123535,72.73663330078125,-8.171871185302734,-92.40022277832031,-7.360526084899902,70.04243469238281,0.25796459878839273
87,5,-15.209211349487305,67.66301727294922,-13.074384689331055,-92.56220245361328,-7.231111526489258,71.95799255371094,0.26146504777024376
87,6,-13.922456741333008,64.0975112915039,-21.7513484954834,-92.05038452148438,-6.370719909667969,77.08796691894531,0.2715697970922419
87,7,-13.606752395629883,63.644859313964844,-24.199445724487305,-92.50704193115234,-6.796688079833984,83.44889831542969,0.2747787172686085
87,8,-12.578497886657715,62.1104850769043,-25.27197265625,-94.26557159423828,-6.868929862976074,82.84955596923828,0.27558903426042336
87,9,-11.491042137145996,61.511558532714844,-25.028587341308594,-95.13307189941406,-6.865074157714844,81.88575744628906,0.274973615293724
87,10,-11.10322093963623,59.95188522338867,-27.101699829101562,-96.01398468017578,-6.699531555175781,81.30780029296875,0.2768456573177701
87,11,-10.978474617004395,58.60572052001953,-28.251766204833984,-96.98881530761719,-6.666749000549316,81.20991516113281,0.2775724548543195
87,12,-10.793851852416992,57.06261444091797,-28.87232208251953,-97.59386444091797,-6.536685943603516,81.02803802490234,0.2772009967670047
87,13,-10.068666458129883,55.406494140625,-28.88382339477539,-97.71150207519531,-6.454488754272461,80.41033172607422,0.275637013369373
87,14,-9.760658264160156,54.44615173339844,-28.8570499420166,-98.8732681274414,-6.511044502258301,79.88075256347656,0.2748666132923084
87,15,-9.992877006530762,53.7271842956543,-28.305458068847656,-99.51925659179688,-6.595462799072266,80.22720336914062,0.2733287409370607
87,16,-10.101197242736816,55.12901306152344,-26.08295249938965,-100.51847839355469,-6.822493553161621,79.12934875488281,0.2711837898271494
87,17,-10.341462135314941,53.81144332885742,-25.60261344909668,-101.8693618774414,-6.877756118774414,78.78177642822266,0.26887301816899156
87,18,-10.638167381286621,54.037353515625,-23.688400268554688,-102.74368286132812,-6.793785095214844,78.1953125,0.265527237523586
87,19,-10.256688117980957,53.597591400146484,-21.920747756958008,-104.40837097167969,-6.833437919616699,77.76904296875,0.26123568732908886
87,20,-10.048870086669922,51.661415100097656,-22.446155548095703,-104.40348815917969,-6.677433967590332,78.21853637695312,0.25986836970045857
87,21,-9.838594436645508,49.54038619995117,-23.49733543395996,-103.8367691040039,-6.442084312438965,77.22699737548828,0.2594365385241412
87,22,-9.802321434020996,50.22098922729492,-21.282432556152344,-104.09718322753906,-6.488558769226074,77.02949523925781,0.2557368738349616
87,23,-10.077197074890137,49.130157470703125,-21.696138381958008,-103.98834228515625,-6.360661506652832,76.44254302978516,0.2552040399510087
87,24,-10.616503715515137,49.63703918457031,-21.717655181884766,-104.1553955078125,-6.47355842590332,75.03529357910156,0.25585721255885263
87,25,-10.406035423278809,49.31467819213867,-22.255096435546875,-104.43678283691406,-6.417881965637207,75.85193634033203,0.2564561184547137
87,26,-10.757497787475586,48.35017776489258,-21.769113540649414,-105.49009704589844,-6.226471900939941,75.38436889648438,0.25379874489956034
87,27,-11.773435592651367,48.54838562011719,-22.153879165649414,-105.62959289550781,-6.379849433898926,75.30937194824219,0.2548283409054446
87,28,-11.510473251342773,48.16161346435547,-21.916248321533203,-107.0446548461914,-6.118821144104004,75.75187683105469,0.2532310701598504
87,29,-11.724454879760742,47.453529357910156,-23.54656219482422,-107.29183959960938,-6.186878204345703,75.37100219726562,0.2556816483419632
87,30,-11.623662948608398,47.41505432128906,-23.366512298583984,-107.6849365234375,-6.069262504577637,75.35511779785156,0.2550815833558908
87,31,-12.172799110412598,46.553001403808594,-23.954307556152344,-107.49526977539062,-6.145008087158203,75.84854125976562,0.2552465555571419
87,32,-12.151479721069336,45.82978820800781,-23.695690155029297,-108.09334564208984,-6.068621635437012,77.60076904296875,0.25343237374299854
87,33,-12.360664367675781,44.80986785888672,-24.505361557006836,-108.38005065917969,-6.035181045532227,76.50411987304688,0.2536505218295267
87,34,-12.715185165405273,44.31243896484375,-24.104049682617188,-108.41624450683594,-6.13424015045166,77.1418685913086,0.25205175674260183
87,35,-12.629098892211914,42.720802307128906,-24.414350509643555,-109.16522216796875,-6.335349082946777,76.26589965820312,0.25010371325921843
87,36,-12.665186882019043,41.87554931640625,-24.774738311767578,-109.68841552734375,-6.445835113525391,75.59224700927734,0.24941928682604436
87,37,-12.429916381835938,41.43032455444336,-25.979923248291016,-109.07070922851562,-6.282137870788574,76.13813781738281,0.25177670838086263
87,38,-12.538531303405762,41.66753387451172,-25.27138900756836,-109.18020629882812,-6.45198917388916,76.15072631835938,0.2504917540161765
87,39,-12.71162223815918,40.69593048095703,-26.484268188476562,-108.13555908203125,-6.109808921813965,75.564453125,0.2522519169742458
87,40,-12.896085739135742,40.36914825439453,-26.166501998901367,-108.35812377929688,-5.9870100021362305,74.98802185058594,0.2509835555224616
87,41,-13.22148609161377,41.13226318359375,-26.019126892089844,-108.2369384765625,-6.137701988220215,72.90351104736328,0.2518150460570639
87,42,-13.898858070373535,41.629905700683594,-24.9945125579834,-108.69972229003906,-6.322061538696289,60.65846252441406,0.25005243390614273
87,43,-13.977530479431152,40.34584045410156,-26.202064514160156,-108.61405944824219,-5.919797420501709,58.44161605834961,0.25090904921677676
87,44,-14.567424774169922,40.4040641784668,-26.10072898864746,-108.46809387207031,-5.94888162612915,59.293575286865234,0.2508376924919998
87,45,-15.89499282836914,42.25251388549805,-27.290916442871094,-107.50227355957031,-5.845443248748779,66.02450561523438,0.2564309467963932
87,46,-18.149248123168945,43.181243896484375,-29.38513946533203,-106.49008178710938,-4.954894542694092,70.88546752929688,0.2623097846095905
87,47,-19.64569664001465,42.1968994140625,-31.39719009399414,-105.40458679199219,-4.677027702331543,66.41625213623047,0.2651951618501045
87,48,-19.163055419921875,41.54762268066406,-31.45360565185547,-106.33836364746094,-4.916621208190918,66.02397155761719,0.2642907639997706
87,49,-8.445014953613281,32.28984832763672,-22.816131591796875,-86.82877349853516,-5.586904525756836,46.935997009277344,0.23841790309696181
88,0,-15.110952377319336,84.41708374023438,-0.7439117431640625,-90.11744689941406,-6.849201202392578,62.160919189453125,0.25558805926563677
88,1,-14.9218111038208,82.1825180053711,0.8836193084716797,-92.06037902832031,-7.2083740234375,63.794952392578125,0.25066524773551946
88,2,-14.529304504394531,78.1373519897461,-1.1494216918945312,-93.42772674560547,-7.190314292907715,65.76358032226562,0.2504030183237171
88,3,-15.160913467407227,75.65441131591797,-4.133061408996582,-92.90985107421875,-7.475473403930664,70.5728988647461,0.2535739779473204
88,4,-15.251885414123535,72.73663330078125,-8.171871185302734,-92.40022277832031,-7.360526084899902,70.04243469238281,0.25796459878839273
88,5,-15.209211349487305,67.66301727294922,-13.074384689331055,-92.56220245361328,-7.231111526489258,71.95799255371094,0.26146504777024376
88,6,-13.922456741333008,64.0975112915039,-21.7513484954834,-92.05038452148438,-6.370719909667969,77.08796691894531,0.2715697970922419
88,7,-13.606752395629883,63.644859313964844,-24.199445724487305,-92.50704193115234,-6.796688079833984,83.44889831542969,0.2747787172686085
88,8,-12.578497886657715,62.1104850769043,-25.27197265625,-94.26557159423828,-6.868929862976074,82.84955596923828,0.27558903426042336
88,9,-11.491042137145996,61.511558532714844,-25.028587341308594,-95.13307189941406,-6.865074157714844,81.88575744628906,0.274973615293724
88,10,-11.10322093963623,59.95188522338867,-27.101699829101562,-96.01398468017578,-6.699531555175781,81.30780029296875,0.2768456573177701
88,11,-10.978474617004395,58.60572052001953,-28.251766204833984,-96.98881530761719,-6.666749000549316,81.20991516113281,0.2775724548543195
88,12,-10.793851852416992,57.06261444091797,-28.87232208251953,-97.59386444091797,-6.536685943603516,81.02803802490234,0.2772009967670047
88,13,-10.068666458129883,55.406494140625,-28.88382339477539,-97.71150207519531,-6.454488754272461,80.41033172607422,0.275637013369373
88,14,-9.760658264160156,54.44615173339844,-28.8570499420166,-98.8732681274414,-6.511044502258301,79.88075256347656,0.2748666132923084
88,15,-9.992877006530762,53.7271842956543,-28.305458068847656,-99.51925659179688,-6.595462799072266,80.22720336914062,0.2733287409370607
88,16,-10.101197242736816,55.12901306152344,-26.08295249938965,-100.51847839355469,-6.822493553161621,79.12934875488281,0.2711837898271494
88,17,-10.341462135314941,53.81144332885742,-25.60261344909668,-101.8693618774414,-6.877756118774414,78.78177642822266,0.26887301816899156
88,18,-10.638167381286621,54.037353515625,-23.688400268554688,-102.74368286132812,-6.793785095214844,78.1953125,0.265527237523586
88,19,-10.256688117980957,53.597591400146484,-21.920747756958008,-104.40837097167969,-6.833437919616699,77.76904296875,0.26123568732908886
88,20,-10.048870086669922,51.661415100097656,-22.446155548095703,-104.40348815917969,-6.677433967590332,78.21853637695312,0.25986836970045857
88,21,-9.838594436645508,49.54038619995117,-23.49733543395996,-103.8367691040039,-6.442084312438965,77.22699737548828,0.2594365385241412
88,22,-9.802321434020996,50.22098922729492,-21.282432556152344,-104.09718322753906,-6.488558769226074,77.02949523925781,0.2557368738349616
88,23,-10.077197074890137,49.130157470703125,-21.696138381958008,-103.98834228515625,-6.360661506652832,76.44254302978516,0.2552040399510087
88,24,-10.616503715515137,49.63703918457031,-21.717655181884766,-104.1553955078125,-6.47355842590332,75.03529357910156,0.25585721255885263
88,25,-10.406035423278809,49.31467819213867,-22.255096435546875,-104.43678283691406,-6.417881965637207,75.85193634033203,0.2564561184547137
88,26,-10.757497787475586,48.35017776489258,-21.769113540649414,-105.49009704589844,-6.226471900939941,75.38436889648438,0.25379874489956034
88,27,-11.773435592651367,48.54838562011719,-22.153879165649414,-105.62959289550781,-6.379849433898926,75.30937194824219,0.2548283409054446
88,28,-11.510473251342773,48.16161346435547,-21.916248321533203,-107.0446548461914,-6.118821144104004,75.75187683105469,0.2532310701598504
88,29,-11.724454879760742,47.453529357910156,-23.54656219482422,-107.29183959960938,-6.186878204345703,75.37100219726562,0.2556816483419632
88,30,-11.623662948608398,47.41505432128906,-23.366512298583984,-107.6849365234375,-6.069262504577637,75.35511779785156,0.2550815833558908
88,31,-12.172799110412598,46.553001403808594,-23.954307556152344,-107.49526977539062,-6.145008087158203,75.84854125976562,0.2552465555571419
88,32,-12.151479721069336,45.82978820800781,-23.695690155029297,-108.09334564208984,-6.068621635437012,77.60076904296875,0.25343237374299854
88,33,-12.360664367675781,44.80986785888672,-24.505361557006836,-108.38005065917969,-6.035181045532227,76.50411987304688,0.2536505218295267
88,34,-12.715185165405273,44.31243896484375,-24.104049682617188,-108.41624450683594,-6.13424015045166,77.1418685913086,0.25205175674260183
88,35,-12.629098892211914,42.720802307128906,-24.414350509643555,-109.16522216796875,-6.335349082946777,76.26589965820312,0.25010371325921843
88,36,-12.665186882019043,41.87554931640625,-24.774738311767578,-109.68841552734375,-6.445835113525391,75.59224700927734,0.24941928682604436
88,37,-12.429916381835938,41.43032455444336,-25.979923248291016,-109.07070922851562,-6.282137870788574,76.13813781738281,0.25177670838086263
88,38,-12.538531303405762,41.66753387451172,-25.27138900756836,-109.18020629882812,-6.45198917388916,76.15072631835938,0.2504917540161765
88,39,-12.71162223815918,40.69593048095703,-26.484268188476562,-108.13555908203125,-6.109808921813965,75.564453125,0.2522519169742458
88,40,-12.896085739135742,40.36914825439453,-26.166501998901367,-108.35812377929688,-5.9870100021362305,74.98802185058594,0.2509835555224616
88,41,-13.22148609161377,41.13226318359375,-26.019126892089844,-108.2369384765625,-6.137701988220215,72.90351104736328,0.2518150460570639
88,42,-13.898858070373535,41.629905700683594,-24.9945125579834,-108.69972229003906,-6.322061538696289,60.65846252441406,0.25005243390614273
88,43,-13.977530479431152,40.34584045410156,-26.202064514160156,-108.61405944824219,-5.919797420501709,58.44161605834961,0.25090904921677676
88,44,-14.567424774169922,40.4040641784668,-26.10072898864746,-108.46809387207031,-5.94888162612915,59.293575286865234,0.2508376924919998
88,45,-15.89499282836914,42.25251388549805,-27.290916442871094,-107.50227355957031,-5.845443248748779,66.02450561523438,0.2564309467963932
88,46,-18.149248123168945,43.181243896484375,-29.38513946533203,-106.49008178710938,-4.954894542694092,70.88546752929688,0.2623097846095905
88,47,-19.64569664001465,42.1968994140625,-31.39719009399414,-105.40458679199219,-4.677027702331543,66.41625213623047,0.2651951618501045
88,48,-19.163055419921875,41.54762268066406,-31.45360565185547,-106.33836364746094,-4.916621208190918,66.02397155761719,0.2642907639997706
88,49,-8.445014953613281,32.28984832763672,-22.816131591796875,-86.82877349853516,-5.586904525756836,46.935997009277344,0.23841790309696181
89,0,-15.110952377319336,84.41708374023438,-0.7439117431640625,-90.11744689941406,-6.849201202392578,62.160919189453125,0.25558805926563677
89,1,-14.9218111038208,82.1825180053711,0.8836193084716797,-92.06037902832031,-7.2083740234375,63.794952392578125,0.25066524773551946
89,2,-14.529304504394531,78.1373519897461,-1.1494216918945312,-93.42772674560547,-7.190314292907715,65.76358032226562,0.2504030183237171
89,3,-15.160913467407227,75.65441131591797,-4.133061408996582,-92.90985107421875,-7.475473403930664,70.5728988647461,0.2535739779473204
89,4,-15.251885414123535,72.73663330078125,-8.171871185302734,-92.40022277832031,-7.360526084899902,70.04243469238281,0.25796459878839273
89,5,-15.209211349487305,67.66301727294922,-13.074384689331055,-92.56220245361328,-7.231111526489258,71.95799255371094,0.26146504777024376
89,6,-13.922456741333008,64.0975112915039,-21.7513484954834,-92.05038452148438,-6.370719909667969,77.08796691894531,0.2715697970922419
89,7,-13.606752395629883,63.644859313964844,-24.199445724487305,-92.50704193115234,-6.796688079833984,83.44889831542969,0.2747787172686085
89,8,-12.578497886657715,62.1104850769043,-25.27197265625,-94.26557159423828,-6.868929862976074,82.84955596923828,0.27558903426042336
89,9,-11.491042137145996,61.511558532714844,-25.028587341308594,-95.13307189941406,-6.865074157714844,81.88575744628906,0.274973615293724
89,10,-11.10322093963623,59.95188522338867,-27.101699829101562,-96.01398468017578,-6.699531555175781,81.30780029296875,0.2768456573177701
89,11,-10.978474617004395,58.60572052001953,-28.251766204833984,-96.98881530761719,-6.666749000549316,81.20991516113281,0.2775724548543195
89,12,-10.793851852416992,57.06261444091797,-28.87232208251953,-97.59386444091797,-6.536685943603516,81.02803802490234,0.2772009967670047
89,13,-10.068666458129883,55.406494140625,-28.88382339477539,-97.71150207519531,-6.454488754272461,80.41033172607422,0.275637013369373
89,14,-9.760658264160156,54.44615173339844,-28.8570499420166,-98.8732681274414,-6.511044502258301,79.88075256347656,0.2748666132923084
89,15,-9.992877006530762,53.7271842956543,-28.305458068847656,-99.51925659179688,-6.595462799072266,80.22720336914062,0.2733287409370607
89,16,-10.101197242736816,55.12901306152344,-26.08295249938965,-100.51847839355469,-6.822493553161621,79.12934875488281,0.2711837898271494
89,17,-10.341462135314941,53.81144332885742,-25.60261344909668,-101.8693618774414,-6.877756118774414,78.78177642822266,0.26887301816899156
89,18,-10.638167381286621,54.037353515625,-23.688400268554688,-102.74368286132812,-6.793785095214844,78.1953125,0.265527237523586
89,19,-10.256688117980957,53.597591400146484,-21.920747756958008,-104.40837097167969,-6.833437919616699,77.76904296875,0.26123568732908886
89,20,-10.048870086669922,51.661415100097656,-22.446155548095703,-104.40348815917969,-6.677433967590332,78.21853637695312,0.25986836970045857
89,21,-9.838594436645508,49.54038619995117,-23.49733543395996,-103.8367691040039,-6.442084312438965,77.22699737548828,0.2594365385241412
89,22,-9.802321434020996,50.22098922729492,-21.282432556152344,-104.09718322753906,-6.488558769226074,77.02949523925781,0.2557368738349616
89,23,-10.077197074890137,49.130157470703125,-21.696138381958008,-103.98834228515625,-6.360661506652832,76.44254302978516,0.2552040399510087
89,24,-10.616503715515137,49.63703918457031,-21.717655181884766,-104.1553955078125,-6.47355842590332,75.03529357910156,0.25585721255885263
89,25,-10.406035423278809,49.31467819213867,-22.255096435546875,-104.43678283691406,-6.417881965637207,75.85193634033203,0.2564561184547137
89,26,-10.757497787475586,48.35017776489258,-21.769113540649414,-105.49009704589844,-6.226471900939941,75.38436889648438,0.25379874489956034
89,27,-11.773435592651367,48.54838562011719,-22.153879165649414,-105.62959289550781,-6.379849433898926,75.30937194824219,0.2548283409054446
89,28,-11.510473251342773,48.16161346435547,-21.916248321533203,-107.0446548461914,-6.118821144104004,75.75187683105469,0.2532310701598504
89,29,-11.724454879760742,47.453529357910156,-23.54656219482422,-107.29183959960938,-6.186878204345703,75.37100219726562,0.2556816483419632
89,30,-11.623662948608398,47.41505432128906,-23.366512298583984,-107.6849365234375,-6.069262504577637,75.35511779785156,0.2550815833558908
89,31,-12.172799110412598,46.553001403808594,-23.954307556152344,-107.49526977539062,-6.145008087158203,75.84854125976562,0.2552465555571419
89,32,-12.151479721069336,45.82978820800781,-23.695690155029297,-108.09334564208984,-6.068621635437012,77.60076904296875,0.25343237374299854
89,33,-12.360664367675781,44.80986785888672,-24.505361557006836,-108.38005065917969,-6.035181045532227,76.50411987304688,0.2536505218295267
89,34,-12.715185165405273,44.31243896484375,-24.104049682617188,-108.41624450683594,-6.13424015045166,77.1418685913086,0.25205175674260183
89,35,-12.629098892211914,42.720802307128906,-24.414350509643555,-109.16522216796875,-6.335349082946777,76.26589965820312,0.25010371325921843
89,36,-12.665186882019043,41.87554931640625,-24.774738311767578,-109.68841552734375,-6.445835113525391,75.59224700927734,0.24941928682604436
89,37,-12.429916381835938,41.43032455444336,-25.979923248291016,-109.07070922851562,-6.282137870788574,76.13813781738281,0.25177670838086263
89,38,-12.538531303405762,41.66753387451172,-25.27138900756836,-109.18020629882812,-6.45198917388916,76.15072631835938,0.2504917540161765
89,39,-12.71162223815918,40.69593048095703,-26.484268188476562,-108.13555908203125,-6.109808921813965,75.564453125,0.2522519169742458
89,40,-12.896085739135742,40.36914825439453,-26.166501998901367,-108.35812377929688,-5.9870100021362305,74.98802185058594,0.2509835555224616
89,41,-13.22148609161377,41.13226318359375,-26.019126892089844,-108.2369384765625,-6.137701988220215,72.90351104736328,0.2518150460570639
89,42,-13.898858070373535,41.629905700683594,-24.9945125579834,-108.69972229003906,-6.322061538696289,60.65846252441406,0.25005243390614273
89,43,-13.977530479431152,40.34584045410156,-26.202064514160156,-108.61405944824219,-5.919797420501709,58.44161605834961,0.25090904921677676
89,44,-14.567424774169922,40.4040641784668,-26.10072898864746,-108.46809387207031,-5.94888162612915,59.293575286865234,0.2508376924919998
89,45,-15.89499282836914,42.25251388549805,-27.290916442871094,-107.50227355957031,-5.845443248748779,66.02450561523438,0.2564309467963932
89,46,-18.149248123168945,43.181243896484375,-29.38513946533203,-106.49008178710938,-4.954894542694092,70.88546752929688,0.2623097846095905
89,47,-19.64569664001465,42.1968994140625,-31.39719009399414,-105.40458679199219,-4.677027702331543,66.41625213623047,0.2651951618501045
89,48,-19.163055419921875,41.54762268066406,-31.45360565185547,-106.33836364746094,-4.916621208190918,66.02397155761719,0.2642907639997706
89,49,-8.445014953613281,32.28984832763672,-22.816131591796875,-86.82877349853516,-5.586904525756836,46.935997009277344,0.23841790309696181
90,0,-15.110952377319336,84.41708374023438,-0.7439117431640625,-90.11744689941406,-6.849201202392578,62.160919189453125,0.25558805926563677
90,1,-14.9218111038208,82.1825180053711,0.8836193084716797,-92.06037902832031,-7.2083740234375,63.794952392578125,0.25066524773551946
90,2,-14.529304504394531,78.1373519897461,-1.1494216918945312,-93.42772674560547,-7.190314292907715,65.76358032226562,0.2504030183237171
90,3,-15.160913467407227,75.65441131591797,-4.133061408996582,-92.90985107421875,-7.475473403930664,70.5728988647461,0.2535739779473204
90,4,-15.251885414123535,72.73663330078125,-8.171871185302734,-92.40022277832031,-7.360526084899902,70.04243469238281,0.25796459878839273
90,5,-15.209211349487305,67.66301727294922,-13.074384689331055,-92.56220245361328,-7.231111526489258,71.95799255371094,0.26146504777024376
90,6,-13.922456741333008,64.0975112915039,-21.7513484954834,-92.05038452148438,-6.370719909667969,77.08796691894531,0.2715697970922419
90,7,-13.606752395629883,63.644859313964844,-24.199445724487305,-92.50704193115234,-6.796688079833984,83.44889831542969,0.2747787172686085
90,8,-12.578497886657715,62.1104850769043,-25.27197265625,-94.26557159423828,-6.868929862976074,82.84955596923828,0.27558903426042336
90,9,-11.491042137145996,61.511558532714844,-25.028587341308594,-95.13307189941406,-6.865074157714844,81.88575744628906,0.274973615293724
90,10,-11.10322093963623,59.95188522338867,-27.101699829101562,-96.01398468017578,-6.699531555175781,81.30780029296875,0.2768456573177701
90,11,-10.978474617004395,58.60572052001953,-28.251766204833984,-96.98881530761719,-6.666749000549316,81.20991516113281,0.2775724548543195
90,12,-10.793851852416992,57.06261444091797,-28.87232208251953,-97.59386444091797,-6.536685943603516,81.02803802490234,0.2772009967670047
90,13,-10.068666458129883,55.406494140625,-28.88382339477539,-97.71150207519531,-6.454488754272461,80.41033172607422,0.275637013369373
90,14,-9.760658264160156,54.44615173339844,-28.8570499420166,-98.8732681274414,-6.511044502258301,79.88075256347656,0.2748666132923084
90,15,-9.992877006530762,53.7271842956543,-28.305458068847656,-99.51925659179688,-6.595462799072266,80.22720336914062,0.2733287409370607
90,16,-10.101197242736816,55.12901306152344,-26.08295249938965,-100.51847839355469,-6.822493553161621,79.12934875488281,0.2711837898271494
90,17,-10.341462135314941,53.81144332885742,-25.60261344909668,-101.8693618774414,-6.877756118774414,78.78177642822266,0.26887301816899156
90,18,-10.638167381286621,54.037353515625,-23.688400268554688,-102.74368286132812,-6.793785095214844,78.1953125,0.265527237523586
90,19,-10.256688117980957,53.597591400146484,-21.920747756958008,-104.40837097167969,-6.833437919616699,77.76904296875,0.26123568732908886
90,20,-10.048870086669922,51.661415100097656,-22.446155548095703,-104.40348815917969,-6.677433967590332,78.21853637695312,0.25986836970045857
90,21,-9.838594436645508,49.54038619995117,-23.49733543395996,-103.8367691040039,-6.442084312438965,77.22699737548828,0.2594365385241412
90,22,-9.802321434020996,50.22098922729492,-21.282432556152344,-104.09718322753906,-6.488558769226074,77.02949523925781,0.2557368738349616
90,23,-10.077197074890137,49.130157470703125,-21.696138381958008,-103.98834228515625,-6.360661506652832,76.44254302978516,0.2552040399510087
90,24,-10.616503715515137,49.63703918457031,-21.717655181884766,-104.1553955078125,-6.47355842590332,75.03529357910156,0.25585721255885263
90,25,-10.406035423278809,49.31467819213867,-22.255096435546875,-104.43678283691406,-6.417881965637207,75.85193634033203,0.2564561184547137
90,26,-10.757497787475586,48.35017776489258,-21.769113540649414,-105.49009704589844,-6.226471900939941,75.38436889648438,0.25379874489956034
90,27,-11.773435592651367,48.54838562011719,-22.153879165649414,-105.62959289550781,-6.379849433898926,75.30937194824219,0.2548283409054446
90,28,-11.510473251342773,48.16161346435547,-21.916248321533203,-107.0446548461914,-6.118821144104004,75.75187683105469,0.2532310701598504
90,29,-11.724454879760742,47.453529357910156,-23.54656219482422,-107.29183959960938,-6.186878204345703,75.37100219726562,0.2556816483419632
90,30,-11.623662948608398,47.41505432128906,-23.366512298583984,-107.6849365234375,-6.069262504577637,75.35511779785156,0.2550815833558908
90,31,-12.172799110412598,46.553001403808594,-23.954307556152344,-107.49526977539062,-6.145008087158203,75.84854125976562,0.2552465555571419
90,32,-12.151479721069336,45.82978820800781,-23.695690155029297,-108.09334564208984,-6.068621635437012,77.60076904296875,0.25343237374299854
90,33,-12.360664367675781,44.80986785888672,-24.505361557006836,-108.38005065917969,-6.035181045532227,76.50411987304688,0.2536505218295267
90,34,-12.715185165405273,44.31243896484375,-24.104049682617188,-108.41624450683594,-6.13424015045166,77.1418685913086,0.25205175674260183
90,35,-12.629098892211914,42.720802307128906,-24.414350509643555,-109.16522216796875,-6.335349082946777,76.26589965820312,0.25010371325921843
90,36,-12.665186882019043,41.87554931640625,-24.774738311767578,-109.68841552734375,-6.445835113525391,75.59224700927734,0.24941928682604436
90,37,-12.429916381835938,41.43032455444336,-25.979923248291016,-109.07070922851562,-6.282137870788574,76.13813781738281,0.25177670838086263
90,38,-12.538531303405762,41.66753387451172,-25.27138900756836,-109.18020629882812,-6.45198917388916,76.15072631835938,0.2504917540161765
90,39,-12.71162223815918,40.69593048095703,-26.484268188476562,-108.13555908203125,-6.109808921813965,75.564453125,0.2522519169742458
90,40,-12.896085739135742,40.36914825439453,-26.166501998901367,-108.35812377929688,-5.9870100021362305,74.98802185058594,0.2509835555224616
90,41,-13.22148609161377,41.13226318359375,-26.019126892089844,-108.2369384765625,-6.137701988220215,72.90351104736328,0.2518150460570639
90,42,-13.898858070373535,41.629905700683594,-24.9945125579834,-108.69972229003906,-6.322061538696289,60.65846252441406,0.25005243390614273
90,43,-13.977530479431152,40.34584045410156,-26.202064514160156,-108.61405944824219,-5.919797420501709,58.44161605834961,0.25090904921677676
90,44,-14.567424774169922,40.4040641784668,-26.10072898864746,-108.46809387207031,-5.94888162612915,59.293575286865234,0.2508376924919998
90,45,-15.89499282836914,42.25251388549805,-27.290916442871094,-107.50227355957031,-5.845443248748779,66.02450561523438,0.2564309467963932
90,46,-18.149248123168945,43.181243896484375,-29.38513946533203,-106.49008178710938,-4.954894542694092,70.88546752929688,0.2623097846095905
90,47,-19.64569664001465,42.1968994140625,-31.39719009399414,-105.40458679199219,-4.677027702331543,66.41625213623047,0.2651951618501045
90,48,-19.163055419921875,41.54762268066406,-31.45360565185547,-106.33836364746094,-4.916621208190918,66.02397155761719,0.2642907639997706
90,49,-8.445014953613281,32.28984832763672,-22.816131591796875,-86.82877349853516,-5.586904525756836,46.935997009277344,0.23841790309696181
91,0,-15.110952377319336,84.41708374023438,-0.7439117431640625,-90.11744689941406,-6.849201202392578,62.160919189453125,0.25558805926563677
91,1,-14.9218111038208,82.1825180053711,0.8836193084716797,-92.06037902832031,-7.2083740234375,63.794952392578125,0.25066524773551946
91,2,-14.529304504394531,78.1373519897461,-1.1494216918945312,-93.42772674560547,-7.190314292907715,65.76358032226562,0.2504030183237171
91,3,-15.160913467407227,75.65441131591797,-4.133061408996582,-92.90985107421875,-7.475473403930664,70.5728988647461,0.2535739779473204
91,4,-15.251885414123535,72.73663330078125,-8.171871185302734,-92.40022277832031,-7.360526084899902,70.04243469238281,0.25796459878839273
91,5,-15.209211349487305,67.66301727294922,-13.074384689331055,-92.56220245361328,-7.231111526489258,71.95799255371094,0.26146504777024376
91,6,-13.922456741333008,64.0975112915039,-21.7513484954834,-92.05038452148438,-6.370719909667969,77.08796691894531,0.2715697970922419
91,7,-13.606752395629883,63.644859313964844,-24.199445724487305,-92.50704193115234,-6.796688079833984,83.44889831542969,0.2747787172686085
91,8,-12.578497886657715,62.1104850769043,-25.27197265625,-94.26557159423828,-6.868929862976074,82.84955596923828,0.27558903426042336
91,9,-11.491042137145996,61.511558532714844,-25.028587341308594,-95.13307189941406,-6.865074157714844,81.88575744628906,0.274973615293724
91,10,-11.10322093963623,59.95188522338867,-27.101699829101562,-96.01398468017578,-6.699531555175781,81.30780029296875,0.2768456573177701
91,11,-10.978474617004395,58.60572052001953,-28.251766204833984,-96.98881530761719,-6.666749000549316,81.20991516113281,0.2775724548543195
91,12,-10.793851852416992,57.06261444091797,-28.87232208251953,-97.59386444091797,-6.536685943603516,81.02803802490234,0.2772009967670047
91,13,-10.068666458129883,55.406494140625,-28.88382339477539,-97.71150207519531,-6.454488754272461,80.41033172607422,0.275637013369373
91,14,-9.760658264160156,54.44615173339844,-28.8570499420166,-98.8732681274414,-6.511044502258301,79.88075256347656,0.2748666132923084
91,15,-9.992877006530762,53.7271842956543,-28.305458068847656,-99.51925659179688,-6.595462799072266,80.22720336914062,0.2733287409370607
91,16,-10.101197242736816,55.12901306152344,-26.08295249938965,-100.51847839355469,-6.822493553161621,79.12934875488281,0.2711837898271494
91,17,-10.341462135314941,53.81144332885742,-25.60261344909668,-101.8693618774414,-6.877756118774414,78.78177642822266,0.26887301816899156
91,18,-10.638167381286621,54.037353515625,-23.688400268554688,-102.74368286132812,-6.793785095214844,78.1953125,0.265527237523586
91,19,-10.256688117980957,53.597591400146484,-21.920747756958008,-104.40837097167969,-6.833437919616699,77.76904296875,0.26123568732908886
91,20,-10.048870086669922,51.661415100097656,-22.446155548095703,-104.40348815917969,-6.677433967590332,78.21853637695312,0.25986836970045857
91,21,-9.838594436645508,49.54038619995117,-23.49733543395996,-103.8367691040039,-6.442084312438965,77.22699737548828,0.2594365385241412
91,22,-9.802321434020996,50.22098922729492,-21.282432556152344,-104.09718322753906,-6.488558769226074,77.02949523925781,0.2557368738349616
91,23,-10.077197074890137,49.130157470703125,-21.696138381958008,-103.98834228515625,-6.360661506652832,76.44254302978516,0.2552040399510087
91,24,-10.616503715515137,49.63703918457031,-21.717655181884766,-104.1553955078125,-6.47355842590332,75.03529357910156,0.25585721255885263
91,25,-10.406035423278809,49.31467819213867,-22.255096435546875,-104.43678283691406,-6.417881965637207,75.85193634033203,0.2564561184547137
91,26,-10.757497787475586,48.35017776489258,-21.769113540649414,-105.49009704589844,-6.226471900939941,75.38436889648438,0.25379874489956034
91,27,-11.773435592651367,48.54838562011719,-22.153879165649414,-105.62959289550781,-6.379849433898926,75.30937194824219,0.2548283409054446
91,28,-11.510473251342773,48.16161346435547,-21.916248321533203,-107.0446548461914,-6.118821144104004,75.75187683105469,0.2532310701598504
91,29,-11.724454879760742,47.453529357910156,-23.54656219482422,-107.29183959960938,-6.186878204345703,75.37100219726562,0.2556816483419632
91,30,-11.623662948608398,47.41505432128906,-23.366512298583984,-107.6849365234375,-6.069262504577637,75.35511779785156,0.2550815833558908
91,31,-12.172799110412598,46.553001403808594,-23.954307556152344,-107.49526977539062,-6.145008087158203,75.84854125976562,0.2552465555571419
91,32,-12.151479721069336,45.82978820800781,-23.695690155029297,-108.09334564208984,-6.068621635437012,77.60076904296875,0.25343237374299854
91,33,-12.360664367675781,44.80986785888672,-24.505361557006836,-108.38005065917969,-6.035181045532227,76.50411987304688,0.2536505218295267
91,34,-12.715185165405273,44.31243896484375,-24.104049682617188,-108.41624450683594,-6.13424015045166,77.1418685913086,0.25205175674260183
91,35,-12.629098892211914,42.720802307128906,-24.414350509643555,-109.16522216796875,-6.335349082946777,76.26589965820312,0.25010371325921843
91,36,-12.665186882019043,41.87554931640625,-24.774738311767578,-109.68841552734375,-6.445835113525391,75.59224700927734,0.24941928682604436
91,37,-12.429916381835938,41.43032455444336,-25.979923248291016,-109.07070922851562,-6.282137870788574,76.13813781738281,0.25177670838086263
91,38,-12.538531303405762,41.66753387451172,-25.27138900756836,-109.18020629882812,-6.45198917388916,76.15072631835938,0.2504917540161765
91,39,-12.71162223815918,40.69593048095703,-26.484268188476562,-108.13555908203125,-6.109808921813965,75.564453125,0.2522519169742458
91,40,-12.896085739135742,40.36914825439453,-26.166501998901367,-108.35812377929688,-5.9870100021362305,74.98802185058594,0.2509835555224616
91,41,-13.22148609161377,41.13226318359375,-26.019126892089844,-108.2369384765625,-6.137701988220215,72.90351104736328,0.2518150460570639
91,42,-13.898858070373535,41.629905700683594,-24.9945125579834,-108.69972229003906,-6.322061538696289,60.65846252441406,0.25005243390614273
91,43,-13.977530479431152,40.34584045410156,-26.202064514160156,-108.61405944824219,-5.919797420501709,58.44161605834961,0.25090904921677676
91,44,-14.567424774169922,40.4040641784668,-26.10072898864746,-108.46809387207031,-5.94888162612915,59.293575286865234,0.2508376924919998
91,45,-15.89499282836914,42.25251388549805,-27.290916442871094,-107.50227355957031,-5.845443248748779,66.02450561523438,0.2564309467963932
91,46,-18.149248123168945,43.181243896484375,-29.38513946533203,-106.49008178710938,-4.954894542694092,70.88546752929688,0.2623097846095905
91,47,-19.64569664001465,42.1968994140625,-31.39719009399414,-105.40458679199219,-4.677027702331543,66.41625213623047,0.2651951618501045
91,48,-19.163055419921875,41.54762268066406,-31.45360565185547,-106.33836364746094,-4.916621208190918,66.02397155761719,0.2642907639997706
91,49,-8.445014953613281,32.28984832763672,-22.816131591796875,-86.82877349853516,-5.586904525756836,46.935997009277344,0.23841790309696181
92,0,-15.110952377319336,84.41708374023438,-0.7439117431640625,-90.11744689941406,-6.849201202392578,62.160919189453125,0.25558805926563677
92,1,-14.9218111038208,82.1825180053711,0.8836193084716797,-92.06037902832031,-7.2083740234375,63.794952392578125,0.25066524773551946
92,2,-14.529304504394531,78.1373519897461,-1.1494216918945312,-93.42772674560547,-7.190314292907715,65.76358032226562,0.2504030183237171
92,3,-15.160913467407227,75.65441131591797,-4.133061408996582,-92.90985107421875,-7.475473403930664,70.5728988647461,0.2535739779473204
92,4,-15.251885414123535,72.73663330078125,-8.171871185302734,-92.40022277832031,-7.360526084899902,70.04243469238281,0.25796459878839273
92,5,-15.209211349487305,67.66301727294922,-13.074384689331055,-92.56220245361328,-7.231111526489258,71.95799255371094,0.26146504777024376
92,6,-13.922456741333008,64.0975112915039,-21.7513484954834,-92.05038452148438,-6.370719909667969,77.08796691894531,0.2715697970922419
92,7,-13.606752395629883,63.644859313964844,-24.199445724487305,-92.50704193115234,-6.796688079833984,83.44889831542969,0.2747787172686085
92,8,-12.578497886657715,62.1104850769043,-25.27197265625,-94.26557159423828,-6.868929862976074,82.84955596923828,0.27558903426042336
92,9,-11.491042137145996,61.511558532714844,-25.028587341308594,-95.13307189941406,-6.865074157714844,81.88575744628906,0.274973615293724
92,10,-11.10322093963623,59.95188522338867,-27.101699829101562,-96.01398468017578,-6.699531555175781,81.30780029296875,0.2768456573177701
92,11,-10.978474617004395,58.60572052001953,-28.251766204833984,-96.98881530761719,-6.666749000549316,81.20991516113281,0.2775724548543195
92,12,-10.793851852416992,57.06261444091797,-28.87232208251953,-97.59386444091797,-6.536685943603516,81.02803802490234,0.2772009967670047
92,13,-10.068666458129883,55.406494140625,-28.88382339477539,-97.71150207519531,-6.454488754272461,80.41033172607422,0.275637013369373
92,14,-9.760658264160156,54.44615173339844,-28.8570499420166,-98.8732681274414,-6.511044502258301,79.88075256347656,0.2748666132923084
92,15,-9.992877006530762,53.7271842956543,-28.305458068847656,-99.51925659179688,-6.595462799072266,80.22720336914062,0.2733287409370607
92,16,-10.101197242736816,55.12901306152344,-26.08295249938965,-100.51847839355469,-6.822493553161621,79.12934875488281,0.2711837898271494
92,17,-10.341462135314941,53.81144332885742,-25.60261344909668,-101.8693618774414,-6.877756118774414,78.78177642822266,0.26887301816899156
92,18,-10.638167381286621,54.037353515625,-23.688400268554688,-102.74368286132812,-6.793785095214844,78.1953125,0.265527237523586
92,19,-10.256688117980957,53.597591400146484,-21.920747756958008,-104.40837097167969,-6.833437919616699,77.76904296875,0.26123568732908886
92,20,-10.048870086669922,51.661415100097656,-22.446155548095703,-104.40348815917969,-6.677433967590332,78.21853637695312,0.25986836970045857
92,21,-9.838594436645508,49.54038619995117,-23.49733543395996,-103.8367691040039,-6.442084312438965,77.22699737548828,0.2594365385241412
92,22,-9.802321434020996,50.22098922729492,-21.282432556152344,-104.09718322753906,-6.488558769226074,77.02949523925781,0.2557368738349616
92,23,-10.077197074890137,49.130157470703125,-21.696138381958008,-103.98834228515625,-6.360661506652832,76.44254302978516,0.2552040399510087
92,24,-10.616503715515137,49.63703918457031,-21.717655181884766,-104.1553955078125,-6.47355842590332,75.03529357910156,0.25585721255885263
92,25,-10.406035423278809,49.31467819213867,-22.255096435546875,-104.43678283691406,-6.417881965637207,75.85193634033203,0.2564561184547137
92,26,-10.757497787475586,48.35017776489258,-21.769113540649414,-105.49009704589844,-6.226471900939941,75.38436889648438,0.25379874489956034
92,27,-11.773435592651367,48.54838562011719,-22.153879165649414,-105.62959289550781,-6.379849433898926,75.30937194824219,0.2548283409054446
92,28,-11.510473251342773,48.16161346435547,-21.916248321533203,-107.0446548461914,-6.118821144104004,75.75187683105469,0.2532310701598504
92,29,-11.724454879760742,47.453529357910156,-23.54656219482422,-107.29183959960938,-6.186878204345703,75.37100219726562,0.2556816483419632
92,30,-11.623662948608398,47.41505432128906,-23.366512298583984,-107.6849365234375,-6.069262504577637,75.35511779785156,0.2550815833558908
92,31,-12.172799110412598,46.553001403808594,-23.954307556152344,-107.49526977539062,-6.145008087158203,75.84854125976562,0.2552465555571419
92,32,-12.151479721069336,45.82978820800781,-23.695690155029297,-108.09334564208984,-6.068621635437012,77.60076904296875,0.25343237374299854
92,33,-12.360664367675781,44.80986785888672,-24.505361557006836,-108.38005065917969,-6.035181045532227,76.50411987304688,0.2536505218295267
92,34,-12.715185165405273,44.31243896484375,-24.104049682617188,-108.41624450683594,-6.13424015045166,77.1418685913086,0.25205175674260183
92,35,-12.629098892211914,42.720802307128906,-24.414350509643555,-109.16522216796875,-6.335349082946777,76.26589965820312,0.25010371325921843
92,36,-12.665186882019043,41.87554931640625,-24.774738311767578,-109.68841552734375,-6.445835113525391,75.59224700927734,0.24941928682604436
92,37,-12.429916381835938,41.43032455444336,-25.979923248291016,-109.07070922851562,-6.282137870788574,76.13813781738281,0.25177670838086263
92,38,-12.538531303405762,41.66753387451172,-25.27138900756836,-109.18020629882812,-6.45198917388916,76.15072631835938,0.2504917540161765
92,39,-12.71162223815918,40.69593048095703,-26.484268188476562,-108.13555908203125,-6.109808921813965,75.564453125,0.2522519169742458
92,40,-12.896085739135742,40.36914825439453,-26.166501998901367,-108.35812377929688,-5.9870100021362305,74.98802185058594,0.2509835555224616
92,41,-13.22148609161377,41.13226318359375,-26.019126892089844,-108.2369384765625,-6.137701988220215,72.90351104736328,0.2518150460570639
92,42,-13.898858070373535,41.629905700683594,-24.9945125579834,-108.69972229003906,-6.322061538696289,60.65846252441406,0.25005243390614273
92,43,-13.977530479431152,40.34584045410156,-26.202064514160156,-108.61405944824219,-5.919797420501709,58.44161605834961,0.25090904921677676
92,44,-14.567424774169922,40.4040641784668,-26.10072898864746,-108.46809387207031,-5.94888162612915,59.293575286865234,0.2508376924919998
92,45,-15.89499282836914,42.25251388549805,-27.290916442871094,-107.50227355957031,-5.845443248748779,66.02450561523438,0.2564309467963932
92,46,-18.149248123168945,43.181243896484375,-29.38513946533203,-106.49008178710938,-4.954894542694092,70.88546752929688,0.2623097846095905
92,47,-19.64569664001465,42.1968994140625,-31.39719009399414,-105.40458679199219,-4.677027702331543,66.41625213623047,0.2651951618501045
92,48,-19.163055419921875,41.54762268066406,-31.45360565185547,-106.33836364746094,-4.916621208190918,66.02397155761719,0.2642907639997706
92,49,-8.445014953613281,32.28984832763672,-22.816131591796875,-86.82877349853516,-5.586904525756836,46.935997009277344,0.23841790309696181
93,0,-15.110952377319336,84.41708374023438,-0.7439117431640625,-90.11744689941406,-6.849201202392578,62.160919189453125,0.25558805926563677
93,1,-14.9218111038208,82.1825180053711,0.8836193084716797,-92.06037902832031,-7.2083740234375,63.794952392578125,0.25066524773551946
93,2,-14.529304504394531,78.1373519897461,-1.1494216918945312,-93.42772674560547,-7.190314292907715,65.76358032226562,0.2504030183237171
93,3,-15.160913467407227,75.65441131591797,-4.133061408996582,-92.90985107421875,-7.475473403930664,70.5728988647461,0.2535739779473204
93,4,-15.251885414123535,72.73663330078125,-8.171871185302734,-92.40022277832031,-7.360526084899902,70.04243469238281,0.25796459878839273
93,5,-15.209211349487305,67.66301727294922,-13.074384689331055,-92.56220245361328,-7.231111526489258,71.95799255371094,0.26146504777024376
93,6,-13.922456741333008,64.0975112915039,-21.7513484954834,-92.05038452148438,-6.370719909667969,77.08796691894531,0.2715697970922419
93,7,-13.606752395629883,63.644859313964844,-24.199445724487305,-92.50704193115234,-6.796688079833984,83.44889831542969,0.2747787172686085
93,8,-12.578497886657715,62.1104850769043,-25.27197265625,-94.26557159423828,-6.868929862976074,82.84955596923828,0.27558903426042336
93,9,-11.491042137145996,61.511558532714844,-25.028587341308594,-95.13307189941406,-6.865074157714844,81.88575744628906,0.274973615293724
93,10,-11.10322093963623,59.95188522338867,-27.101699829101562,-96.01398468017578,-6.699531555175781,81.30780029296875,0.2768456573177701
93,11,-10.978474617004395,58.60572052001953,-28.251766204833984,-96.98881530761719,-6.666749000549316,81.20991516113281,0.2775724548543195
93,12,-10.793851852416992,57.06261444091797,-28.87232208251953,-97.59386444091797,-6.536685943603516,81.02803802490234,0.2772009967670047
93,13,-10.068666458129883,55.406494140625,-28.88382339477539,-97.71150207519531,-6.454488754272461,80.41033172607422,0.275637013369373
93,14,-9.760658264160156,54.44615173339844,-28.8570499420166,-98.8732681274414,-6.511044502258301,79.88075256347656,0.2748666132923084
93,15,-9.992877006530762,53.7271842956543,-28.305458068847656,-99.51925659179688,-6.595462799072266,80.22720336914062,0.2733287409370607
93,16,-10.101197242736816,55.12901306152344,-26.08295249938965,-100.51847839355469,-6.822493553161621,79.12934875488281,0.2711837898271494
93,17,-10.341462135314941,53.81144332885742,-25.60261344909668,-101.8693618774414,-6.877756118774414,78.78177642822266,0.26887301816899156
93,18,-10.638167381286621,54.037353515625,-23.688400268554688,-102.74368286132812,-6.793785095214844,78.1953125,0.265527237523586
93,19,-10.256688117980957,53.597591400146484,-21.920747756958008,-104.40837097167969,-6.833437919616699,77.76904296875,0.26123568732908886
93,20,-10.048870086669922,51.661415100097656,-22.446155548095703,-104.40348815917969,-6.677433967590332,78.21853637695312,0.25986836970045857
93,21,-9.838594436645508,49.54038619995117,-23.49733543395996,-103.8367691040039,-6.442084312438965,77.22699737548828,0.2594365385241412
93,22,-9.802321434020996,50.22098922729492,-21.282432556152344,-104.09718322753906,-6.488558769226074,77.02949523925781,0.2557368738349616
93,23,-10.077197074890137,49.130157470703125,-21.696138381958008,-103.98834228515625,-6.360661506652832,76.44254302978516,0.2552040399510087
93,24,-10.616503715515137,49.63703918457031,-21.717655181884766,-104.1553955078125,-6.47355842590332,75.03529357910156,0.25585721255885263
93,25,-10.406035423278809,49.31467819213867,-22.255096435546875,-104.43678283691406,-6.417881965637207,75.85193634033203,0.2564561184547137
93,26,-10.757497787475586,48.35017776489258,-21.769113540649414,-105.49009704589844,-6.226471900939941,75.38436889648438,0.25379874489956034
93,27,-11.773435592651367,48.54838562011719,-22.153879165649414,-105.62959289550781,-6.379849433898926,75.30937194824219,0.2548283409054446
93,28,-11.510473251342773,48.16161346435547,-21.916248321533203,-107.0446548461914,-6.118821144104004,75.75187683105469,0.2532310701598504
93,29,-11.724454879760742,47.453529357910156,-23.54656219482422,-107.29183959960938,-6.186878204345703,75.37100219726562,0.2556816483419632
93,30,-11.623662948608398,47.41505432128906,-23.366512298583984,-107.6849365234375,-6.069262504577637,75.35511779785156,0.2550815833558908
93,31,-12.172799110412598,46.553001403808594,-23.954307556152344,-107.49526977539062,-6.145008087158203,75.84854125976562,0.2552465555571419
93,32,-12.151479721069336,45.82978820800781,-23.695690155029297,-108.09334564208984,-6.068621635437012,77.60076904296875,0.25343237374299854
93,33,-12.360664367675781,44.80986785888672,-24.505361557006836,-108.38005065917969,-6.035181045532227,76.50411987304688,0.2536505218295267
93,34,-12.715185165405273,44.31243896484375,-24.104049682617188,-108.41624450683594,-6.13424015045166,77.1418685913086,0.25205175674260183
93,35,-12.629098892211914,42.720802307128906,-24.414350509643555,-109.16522216796875,-6.335349082946777,76.26589965820312,0.25010371325921843
93,36,-12.665186882019043,41.87554931640625,-24.774738311767578,-109.68841552734375,-6.445835113525391,75.59224700927734,0.24941928682604436
93,37,-12.429916381835938,41.43032455444336,-25.979923248291016,-109.07070922851562,-6.282137870788574,76.13813781738281,0.25177670838086263
93,38,-12.538531303405762,41.66753387451172,-25.27138900756836,-109.18020629882812,-6.45198917388916,76.15072631835938,0.2504917540161765
93,39,-12.71162223815918,40.69593048095703,-26.484268188476562,-108.13555908203125,-6.109808921813965,75.564453125,0.2522519169742458
93,40,-12.896085739135742,40.36914825439453,-26.166501998901367,-108.35812377929688,-5.9870100021362305,74.98802185058594,0.2509835555224616
93,41,-13.22148609161377,41.13226318359375,-26.019126892089844,-108.2369384765625,-6.137701988220215,72.90351104736328,0.2518150460570639
93,42,-13.898858070373535,41.629905700683594,-24.9945125579834,-108.69972229003906,-6.322061538696289,60.65846252441406,0.25005243390614273
93,43,-13.977530479431152,40.34584045410156,-26.202064514160156,-108.61405944824219,-5.919797420501709,58.44161605834961,0.25090904921677676
93,44,-14.567424774169922,40.4040641784668,-26.10072898864746,-108.46809387207031,-5.94888162612915,59.293575286865234,0.2508376924919998
93,45,-15.89499282836914,42.25251388549805,-27.290916442871094,-107.50227355957031,-5.845443248748779,66.02450561523438,0.2564309467963932
93,46,-18.149248123168945,43.181243896484375,-29.38513946533203,-106.49008178710938,-4.954894542694092,70.88546752929688,0.2623097846095905
93,47,-19.64569664001465,42.1968994140625,-31.39719009399414,-105.40458679199219,-4.677027702331543,66.41625213623047,0.2651951618501045
93,48,-19.163055419921875,41.54762268066406,-31.45360565185547,-106.33836364746094,-4.916621208190918,66.02397155761719,0.2642907639997706
93,49,-8.445014953613281,32.28984832763672,-22.816131591796875,-86.82877349853516,-5.586904525756836,46.935997009277344,0.23841790309696181
94,0,-15.110952377319336,84.41708374023438,-0.7439117431640625,-90.11744689941406,-6.849201202392578,62.160919189453125,0.25558805926563677
94,1,-14.9218111038208,82.1825180053711,0.8836193084716797,-92.06037902832031,-7.2083740234375,63.794952392578125,0.25066524773551946
94,2,-14.529304504394531,78.1373519897461,-1.1494216918945312,-93.42772674560547,-7.190314292907715,65.76358032226562,0.2504030183237171
94,3,-15.160913467407227,75.65441131591797,-4.133061408996582,-92.90985107421875,-7.475473403930664,70.5728988647461,0.2535739779473204
94,4,-15.251885414123535,72.73663330078125,-8.171871185302734,-92.40022277832031,-7.360526084899902,70.04243469238281,0.25796459878839273
94,5,-15.209211349487305,67.66301727294922,-13.074384689331055,-92.56220245361328,-7.231111526489258,71.95799255371094,0.26146504777024376
94,6,-13.922456741333008,64.0975112915039,-21.7513484954834,-92.05038452148438,-6.370719909667969,77.08796691894531,0.2715697970922419
94,7,-13.606752395629883,63.644859313964844,-24.199445724487305,-92.50704193115234,-6.796688079833984,83.44889831542969,0.2747787172686085
94,8,-12.578497886657715,62.1104850769043,-25.27197265625,-94.26557159423828,-6.868929862976074,82.84955596923828,0.27558903426042336
94,9,-11.491042137145996,61.511558532714844,-25.028587341308594,-95.13307189941406,-6.865074157714844,81.88575744628906,0.274973615293724
94,10,-11.10322093963623,59.95188522338867,-27.101699829101562,-96.01398468017578,-6.699531555175781,81.30780029296875,0.2768456573177701
94,11,-10.978474617004395,58.60572052001953,-28.251766204833984,-96.98881530761719,-6.666749000549316,81.20991516113281,0.2775724548543195
94,12,-10.793851852416992,57.06261444091797,-28.87232208251953,-97.59386444091797,-6.536685943603516,81.02803802490234,0.2772009967670047
94,13,-10.068666458129883,55.406494140625,-28.88382339477539,-97.71150207519531,-6.454488754272461,80.41033172607422,0.275637013369373
94,14,-9.760658264160156,54.44615173339844,-28.8570499420166,-98.8732681274414,-6.511044502258301,79.88075256347656,0.2748666132923084
94,15,-9.992877006530762,53.7271842956543,-28.305458068847656,-99.51925659179688,-6.595462799072266,80.22720336914062,0.2733287409370607
94,16,-10.101197242736816,55.12901306152344,-26.08295249938965,-100.51847839355469,-6.822493553161621,79.12934875488281,0.2711837898271494
94,17,-10.341462135314941,53.81144332885742,-25.60261344909668,-101.8693618774414,-6.877756118774414,78.78177642822266,0.26887301816899156
94,18,-10.638167381286621,54.037353515625,-23.688400268554688,-102.74368286132812,-6.793785095214844,78.1953125,0.265527237523586
94,19,-10.256688117980957,53.597591400146484,-21.920747756958008,-104.40837097167969,-6.833437919616699,77.76904296875,0.26123568732908886
94,20,-10.048870086669922,51.661415100097656,-22.446155548095703,-104.40348815917969,-6.677433967590332,78.21853637695312,0.25986836970045857
94,21,-9.838594436645508,49.54038619995117,-23.49733543395996,-103.8367691040039,-6.442084312438965,77.22699737548828,0.2594365385241412
94,22,-9.802321434020996,50.22098922729492,-21.282432556152344,-104.09718322753906,-6.488558769226074,77.02949523925781,0.2557368738349616
94,23,-10.077197074890137,49.130157470703125,-21.696138381958008,-103.98834228515625,-6.360661506652832,76.44254302978516,0.2552040399510087
94,24,-10.616503715515137,49.63703918457031,-21.717655181884766,-104.1553955078125,-6.47355842590332,75.03529357910156,0.25585721255885263
94,25,-10.406035423278809,49.31467819213867,-22.255096435546875,-104.43678283691406,-6.417881965637207,75.85193634033203,0.2564561184547137
94,26,-10.757497787475586,48.35017776489258,-21.769113540649414,-105.49009704589844,-6.226471900939941,75.38436889648438,0.25379874489956034
94,27,-11.773435592651367,48.54838562011719,-22.153879165649414,-105.62959289550781,-6.379849433898926,75.30937194824219,0.2548283409054446
94,28,-11.510473251342773,48.16161346435547,-21.916248321533203,-107.0446548461914,-6.118821144104004,75.75187683105469,0.2532310701598504
94,29,-11.724454879760742,47.453529357910156,-23.54656219482422,-107.29183959960938,-6.186878204345703,75.37100219726562,0.2556816483419632
94,30,-11.623662948608398,47.41505432128906,-23.366512298583984,-107.6849365234375,-6.069262504577637,75.35511779785156,0.2550815833558908
94,31,-12.172799110412598,46.553001403808594,-23.954307556152344,-107.49526977539062,-6.145008087158203,75.84854125976562,0.2552465555571419
94,32,-12.151479721069336,45.82978820800781,-23.695690155029297,-108.09334564208984,-6.068621635437012,77.60076904296875,0.25343237374299854
94,33,-12.360664367675781,44.80986785888672,-24.505361557006836,-108.38005065917969,-6.035181045532227,76.50411987304688,0.2536505218295267
94,34,-12.715185165405273,44.31243896484375,-24.104049682617188,-108.41624450683594,-6.13424015045166,77.1418685913086,0.25205175674260183
94,35,-12.629098892211914,42.720802307128906,-24.414350509643555,-109.16522216796875,-6.335349082946777,76.26589965820312,0.25010371325921843
94,36,-12.665186882019043,41.87554931640625,-24.774738311767578,-109.68841552734375,-6.445835113525391,75.59224700927734,0.24941928682604436
94,37,-12.429916381835938,41.43032455444336,-25.979923248291016,-109.07070922851562,-6.282137870788574,76.13813781738281,0.25177670838086263
94,38,-12.538531303405762,41.66753387451172,-25.27138900756836,-109.18020629882812,-6.45198917388916,76.15072631835938,0.2504917540161765
94,39,-12.71162223815918,40.69593048095703,-26.484268188476562,-108.13555908203125,-6.109808921813965,75.564453125,0.2522519169742458
94,40,-12.896085739135742,40.36914825439453,-26.166501998901367,-108.35812377929688,-5.9870100021362305,74.98802185058594,0.2509835555224616
94,41,-13.22148609161377,41.13226318359375,-26.019126892089844,-108.2369384765625,-6.137701988220215,72.90351104736328,0.2518150460570639
94,42,-13.898858070373535,41.629905700683594,-24.9945125579834,-108.69972229003906,-6.322061538696289,60.65846252441406,0.25005243390614273
94,43,-13.977530479431152,40.34584045410156,-26.202064514160156,-108.61405944824219,-5.919797420501709,58.44161605834961,0.25090904921677676
94,44,-14.567424774169922,40.4040641784668,-26.10072898864746,-108.46809387207031,-5.94888162612915,59.293575286865234,0.2508376924919998
94,45,-15.89499282836914,42.25251388549805,-27.290916442871094,-107.50227355957031,-5.845443248748779,66.02450561523438,0.2564309467963932
94,46,-18.149248123168945,43.181243896484375,-29.38513946533203,-106.49008178710938,-4.954894542694092,70.88546752929688,0.2623097846095905
94,47,-19.64569664001465,42.1968994140625,-31.39719009399414,-105.40458679199219,-4.677027702331543,66.41625213623047,0.2651951618501045
94,48,-19.163055419921875,41.54762268066406,-31.45360565185547,-106.33836364746094,-4.916621208190918,66.02397155761719,0.2642907639997706
94,49,-8.445014953613281,32.28984832763672,-22.816131591796875,-86.82877349853516,-5.586904525756836,46.935997009277344,0.23841790309696181
95,0,-15.110952377319336,84.41708374023438,-0.7439117431640625,-90.11744689941406,-6.849201202392578,62.160919189453125,0.25558805926563677
95,1,-14.9218111038208,82.1825180053711,0.8836193084716797,-92.06037902832031,-7.2083740234375,63.794952392578125,0.25066524773551946
95,2,-14.529304504394531,78.1373519897461,-1.1494216918945312,-93.42772674560547,-7.190314292907715,65.76358032226562,0.2504030183237171
95,3,-15.160913467407227,75.65441131591797,-4.133061408996582,-92.90985107421875,-7.475473403930664,70.5728988647461,0.2535739779473204
95,4,-15.251885414123535,72.73663330078125,-8.171871185302734,-92.40022277832031,-7.360526084899902,70.04243469238281,0.25796459878839273
95,5,-15.209211349487305,67.66301727294922,-13.074384689331055,-92.56220245361328,-7.231111526489258,71.95799255371094,0.26146504777024376
95,6,-13.922456741333008,64.0975112915039,-21.7513484954834,-92.05038452148438,-6.370719909667969,77.08796691894531,0.2715697970922419
95,7,-13.606752395629883,63.644859313964844,-24.199445724487305,-92.50704193115234,-6.796688079833984,83.44889831542969,0.2747787172686085
95,8,-12.578497886657715,62.1104850769043,-25.27197265625,-94.26557159423828,-6.868929862976074,82.84955596923828,0.27558903426042336
95,9,-11.491042137145996,61.511558532714844,-25.028587341308594,-95.13307189941406,-6.865074157714844,81.88575744628906,0.274973615293724
95,10,-11.10322093963623,59.95188522338867,-27.101699829101562,-96.01398468017578,-6.699531555175781,81.30780029296875,0.2768456573177701
95,11,-10.978474617004395,58.60572052001953,-28.251766204833984,-96.98881530761719,-6.666749000549316,81.20991516113281,0.2775724548543195
95,12,-10.793851852416992,57.06261444091797,-28.87232208251953,-97.59386444091797,-6.536685943603516,81.02803802490234,0.2772009967670047
95,13,-10.068666458129883,55.406494140625,-28.88382339477539,-97.71150207519531,-6.454488754272461,80.41033172607422,0.275637013369373
95,14,-9.760658264160156,54.44615173339844,-28.8570499420166,-98.8732681274414,-6.511044502258301,79.88075256347656,0.2748666132923084
95,15,-9.992877006530762,53.7271842956543,-28.305458068847656,-99.51925659179688,-6.595462799072266,80.22720336914062,0.2733287409370607
95,16,-10.101197242736816,55.12901306152344,-26.08295249938965,-100.51847839355469,-6.822493553161621,79.12934875488281,0.2711837898271494
95,17,-10.341462135314941,53.81144332885742,-25.60261344909668,-101.8693618774414,-6.877756118774414,78.78177642822266,0.26887301816899156
95,18,-10.638167381286621,54.037353515625,-23.688400268554688,-102.74368286132812,-6.793785095214844,78.1953125,0.265527237523586
95,19,-10.256688117980957,53.597591400146484,-21.920747756958008,-104.40837097167969,-6.833437919616699,77.76904296875,0.26123568732908886
95,20,-10.048870086669922,51.661415100097656,-22.446155548095703,-104.40348815917969,-6.677433967590332,78.21853637695312,0.25986836970045857
95,21,-9.838594436645508,49.54038619995117,-23.49733543395996,-103.8367691040039,-6.442084312438965,77.22699737548828,0.2594365385241412
95,22,-9.802321434020996,50.22098922729492,-21.282432556152344,-104.09718322753906,-6.488558769226074,77.02949523925781,0.2557368738349616
95,23,-10.077197074890137,49.130157470703125,-21.696138381958008,-103.98834228515625,-6.360661506652832,76.44254302978516,0.2552040399510087
95,24,-10.616503715515137,49.63703918457031,-21.717655181884766,-104.1553955078125,-6.47355842590332,75.03529357910156,0.25585721255885263
95,25,-10.406035423278809,49.31467819213867,-22.255096435546875,-104.43678283691406,-6.417881965637207,75.85193634033203,0.2564561184547137
95,26,-10.757497787475586,48.35017776489258,-21.769113540649414,-105.49009704589844,-6.226471900939941,75.38436889648438,0.25379874489956034
95,27,-11.773435592651367,48.54838562011719,-22.153879165649414,-105.62959289550781,-6.379849433898926,75.30937194824219,0.2548283409054446
95,28,-11.510473251342773,48.16161346435547,-21.916248321533203,-107.0446548461914,-6.118821144104004,75.75187683105469,0.2532310701598504
95,29,-11.724454879760742,47.453529357910156,-23.54656219482422,-107.29183959960938,-6.186878204345703,75.37100219726562,0.2556816483419632
95,30,-11.623662948608398,47.41505432128906,-23.366512298583984,-107.6849365234375,-6.069262504577637,75.35511779785156,0.2550815833558908
95,31,-12.172799110412598,46.553001403808594,-23.954307556152344,-107.49526977539062,-6.145008087158203,75.84854125976562,0.2552465555571419
95,32,-12.151479721069336,45.82978820800781,-23.695690155029297,-108.09334564208984,-6.068621635437012,77.60076904296875,0.25343237374299854
95,33,-12.360664367675781,44.80986785888672,-24.505361557006836,-108.38005065917969,-6.035181045532227,76.50411987304688,0.2536505218295267
95,34,-12.715185165405273,44.31243896484375,-24.104049682617188,-108.41624450683594,-6.13424015045166,77.1418685913086,0.25205175674260183
95,35,-12.629098892211914,42.720802307128906,-24.414350509643555,-109.16522216796875,-6.335349082946777,76.26589965820312,0.25010371325921843
95,36,-12.665186882019043,41.87554931640625,-24.774738311767578,-109.68841552734375,-6.445835113525391,75.59224700927734,0.24941928682604436
95,37,-12.429916381835938,41.43032455444336,-25.979923248291016,-109.07070922851562,-6.282137870788574,76.13813781738281,0.25177670838086263
95,38,-12.538531303405762,41.66753387451172,-25.27138900756836,-109.18020629882812,-6.45198917388916,76.15072631835938,0.2504917540161765
95,39,-12.71162223815918,40.69593048095703,-26.484268188476562,-108.13555908203125,-6.109808921813965,75.564453125,0.2522519169742458
95,40,-12.896085739135742,40.36914825439453,-26.166501998901367,-108.35812377929688,-5.9870100021362305,74.98802185058594,0.2509835555224616
95,41,-13.22148609161377,41.13226318359375,-26.019126892089844,-108.2369384765625,-6.137701988220215,72.90351104736328,0.2518150460570639
95,42,-13.898858070373535,41.629905700683594,-24.9945125579834,-108.69972229003906,-6.322061538696289,60.65846252441406,0.25005243390614273
95,43,-13.977530479431152,40.34584045410156,-26.202064514160156,-108.61405944824219,-5.919797420501709,58.44161605834961,0.25090904921677676
95,44,-14.567424774169922,40.4040641784668,-26.10072898864746,-108.46809387207031,-5.94888162612915,59.293575286865234,0.2508376924919998
95,45,-15.89499282836914,42.25251388549805,-27.290916442871094,-107.50227355957031,-5.845443248748779,66.02450561523438,0.2564309467963932
95,46,-18.149248123168945,43.181243896484375,-29.38513946533203,-106.49008178710938,-4.954894542694092,70.88546752929688,0.2623097846095905
95,47,-19.64569664001465,42.1968994140625,-31.39719009399414,-105.40458679199219,-4.677027702331543,66.41625213623047,0.2651951618501045
95,48,-19.163055419921875,41.54762268066406,-31.45360565185547,-106.33836364746094,-4.916621208190918,66.02397155761719,0.2642907639997706
95,49,-8.445014953613281,32.28984832763672,-22.816131591796875,-86.82877349853516,-5.586904525756836,46.935997009277344,0.23841790309696181
96,0,-15.110952377319336,84.41708374023438,-0.7439117431640625,-90.11744689941406,-6.849201202392578,62.160919189453125,0.25558805926563677
96,1,-14.9218111038208,82.1825180053711,0.8836193084716797,-92.06037902832031,-7.2083740234375,63.794952392578125,0.25066524773551946
96,2,-14.529304504394531,78.1373519897461,-1.1494216918945312,-93.42772674560547,-7.190314292907715,65.76358032226562,0.2504030183237171
96,3,-15.160913467407227,75.65441131591797,-4.133061408996582,-92.90985107421875,-7.475473403930664,70.5728988647461,0.2535739779473204
96,4,-15.251885414123535,72.73663330078125,-8.171871185302734,-92.40022277832031,-7.360526084899902,70.04243469238281,0.25796459878839273
96,5,-15.209211349487305,67.66301727294922,-13.074384689331055,-92.56220245361328,-7.231111526489258,71.95799255371094,0.26146504777024376
96,6,-13.922456741333008,64.0975112915039,-21.7513484954834,-92.05038452148438,-6.370719909667969,77.08796691894531,0.2715697970922419
96,7,-13.606752395629883,63.644859313964844,-24.199445724487305,-92.50704193115234,-6.796688079833984,83.44889831542969,0.2747787172686085
96,8,-12.578497886657715,62.1104850769043,-25.27197265625,-94.26557159423828,-6.868929862976074,82.84955596923828,0.27558903426042336
96,9,-11.491042137145996,61.511558532714844,-25.028587341308594,-95.13307189941406,-6.865074157714844,81.88575744628906,0.274973615293724
96,10,-11.10322093963623,59.95188522338867,-27.101699829101562,-96.01398468017578,-6.699531555175781,81.30780029296875,0.2768456573177701
96,11,-10.978474617004395,58.60572052001953,-28.251766204833984,-96.98881530761719,-6.666749000549316,81.20991516113281,0.2775724548543195
96,12,-10.793851852416992,57.06261444091797,-28.87232208251953,-97.59386444091797,-6.536685943603516,81.02803802490234,0.2772009967670047
96,13,-10.068666458129883,55.406494140625,-28.88382339477539,-97.71150207519531,-6.454488754272461,80.41033172607422,0.275637013369373
96,14,-9.760658264160156,54.44615173339844,-28.8570499420166,-98.8732681274414,-6.511044502258301,79.88075256347656,0.2748666132923084
96,15,-9.992877006530762,53.7271842956543,-28.305458068847656,-99.51925659179688,-6.595462799072266,80.22720336914062,0.2733287409370607
96,16,-10.101197242736816,55.12901306152344,-26.08295249938965,-100.51847839355469,-6.822493553161621,79.12934875488281,0.2711837898271494
96,17,-10.341462135314941,53.81144332885742,-25.60261344909668,-101.8693618774414,-6.877756118774414,78.78177642822266,0.26887301816899156
96,18,-10.638167381286621,54.037353515625,-23.688400268554688,-102.74368286132812,-6.793785095214844,78.1953125,0.265527237523586
96,19,-10.256688117980957,53.597591400146484,-21.920747756958008,-104.40837097167969,-6.833437919616699,77.76904296875,0.26123568732908886
96,20,-10.048870086669922,51.661415100097656,-22.446155548095703,-104.40348815917969,-6.677433967590332,78.21853637695312,0.25986836970045857
96,21,-9.838594436645508,49.54038619995117,-23.49733543395996,-103.8367691040039,-6.442084312438965,77.22699737548828,0.2594365385241412
96,22,-9.802321434020996,50.22098922729492,-21.282432556152344,-104.09718322753906,-6.488558769226074,77.02949523925781,0.2557368738349616
96,23,-10.077197074890137,49.130157470703125,-21.696138381958008,-103.98834228515625,-6.360661506652832,76.44254302978516,0.2552040399510087
96,24,-10.616503715515137,49.63703918457031,-21.717655181884766,-104.1553955078125,-6.47355842590332,75.03529357910156,0.25585721255885263
96,25,-10.406035423278809,49.31467819213867,-22.255096435546875,-104.43678283691406,-6.417881965637207,75.85193634033203,0.2564561184547137
96,26,-10.757497787475586,48.35017776489258,-21.769113540649414,-105.49009704589844,-6.226471900939941,75.38436889648438,0.25379874489956034
96,27,-11.773435592651367,48.54838562011719,-22.153879165649414,-105.62959289550781,-6.379849433898926,75.30937194824219,0.2548283409054446
96,28,-11.510473251342773,48.16161346435547,-21.916248321533203,-107.0446548461914,-6.118821144104004,75.75187683105469,0.2532310701598504
96,29,-11.724454879760742,47.453529357910156,-23.54656219482422,-107.29183959960938,-6.186878204345703,75.37100219726562,0.2556816483419632
96,30,-11.623662948608398,47.41505432128906,-23.366512298583984,-107.6849365234375,-6.069262504577637,75.35511779785156,0.2550815833558908
96,31,-12.172799110412598,46.553001403808594,-23.954307556152344,-107.49526977539062,-6.145008087158203,75.84854125976562,0.2552465555571419
96,32,-12.151479721069336,45.82978820800781,-23.695690155029297,-108.09334564208984,-6.068621635437012,77.60076904296875,0.25343237374299854
96,33,-12.360664367675781,44.80986785888672,-24.505361557006836,-108.38005065917969,-6.035181045532227,76.50411987304688,0.2536505218295267
96,34,-12.715185165405273,44.31243896484375,-24.104049682617188,-108.41624450683594,-6.13424015045166,77.1418685913086,0.25205175674260183
96,35,-12.629098892211914,42.720802307128906,-24.414350509643555,-109.16522216796875,-6.335349082946777,76.26589965820312,0.25010371325921843
96,36,-12.665186882019043,41.87554931640625,-24.774738311767578,-109.68841552734375,-6.445835113525391,75.59224700927734,0.24941928682604436
96,37,-12.429916381835938,41.43032455444336,-25.979923248291016,-109.07070922851562,-6.282137870788574,76.13813781738281,0.25177670838086263
96,38,-12.538531303405762,41.66753387451172,-25.27138900756836,-109.18020629882812,-6.45198917388916,76.15072631835938,0.2504917540161765
96,39,-12.71162223815918,40.69593048095703,-26.484268188476562,-108.13555908203125,-6.109808921813965,75.564453125,0.2522519169742458
96,40,-12.896085739135742,40.36914825439453,-26.166501998901367,-108.35812377929688,-5.9870100021362305,74.98802185058594,0.2509835555224616
96,41,-13.22148609161377,41.13226318359375,-26.019126892089844,-108.2369384765625,-6.137701988220215,72.90351104736328,0.2518150460570639
96,42,-13.898858070373535,41.629905700683594,-24.9945125579834,-108.69972229003906,-6.322061538696289,60.65846252441406,0.25005243390614273
96,43,-13.977530479431152,40.34584045410156,-26.202064514160156,-108.61405944824219,-5.919797420501709,58.44161605834961,0.25090904921677676
96,44,-14.567424774169922,40.4040641784668,-26.10072898864746,-108.46809387207031,-5.94888162612915,59.293575286865234,0.2508376924919998
96,45,-15.89499282836914,42.25251388549805,-27.290916442871094,-107.50227355957031,-5.845443248748779,66.02450561523438,0.2564309467963932
96,46,-18.149248123168945,43.181243896484375,-29.38513946533203,-106.49008178710938,-4.954894542694092,70.88546752929688,0.2623097846095905
96,47,-19.64569664001465,42.1968994140625,-31.39719009399414,-105.40458679199219,-4.677027702331543,66.41625213623047,0.2651951618501045
96,48,-19.163055419921875,41.54762268066406,-31.45360565185547,-106.33836364746094,-4.916621208190918,66.02397155761719,0.2642907639997706
96,49,-8.445014953613281,32.28984832763672,-22.816131591796875,-86.82877349853516,-5.586904525756836,46.935997009277344,0.23841790309696181
97,0,-15.110952377319336,84.41708374023438,-0.7439117431640625,-90.11744689941406,-6.849201202392578,62.160919189453125,0.25558805926563677
97,1,-14.9218111038208,82.1825180053711,0.8836193084716797,-92.06037902832031,-7.2083740234375,63.794952392578125,0.25066524773551946
97,2,-14.529304504394531,78.1373519897461,-1.1494216918945312,-93.42772674560547,-7.190314292907715,65.76358032226562,0.2504030183237171
97,3,-15.160913467407227,75.65441131591797,-4.133061408996582,-92.90985107421875,-7.475473403930664,70.5728988647461,0.2535739779473204
97,4,-15.251885414123535,72.73663330078125,-8.171871185302734,-92.40022277832031,-7.360526084899902,70.04243469238281,0.25796459878839273
97,5,-15.209211349487305,67.66301727294922,-13.074384689331055,-92.56220245361328,-7.231111526489258,71.95799255371094,0.26146504777024376
97,6,-13.922456741333008,64.0975112915039,-21.7513484954834,-92.05038452148438,-6.370719909667969,77.08796691894531,0.2715697970922419
97,7,-13.606752395629883,63.644859313964844,-24.199445724487305,-92.50704193115234,-6.796688079833984,83.44889831542969,0.2747787172686085
97,8,-12.578497886657715,62.1104850769043,-25.27197265625,-94.26557159423828,-6.868929862976074,82.84955596923828,0.27558903426042336
97,9,-11.491042137145996,61.511558532714844,-25.028587341308594,-95.13307189941406,-6.865074157714844,81.88575744628906,0.274973615293724
97,10,-11.10322093963623,59.95188522338867,-27.101699829101562,-96.01398468017578,-6.699531555175781,81.30780029296875,0.2768456573177701
97,11,-10.978474617004395,58.60572052001953,-28.251766204833984,-96.98881530761719,-6.666749000549316,81.20991516113281,0.2775724548543195
97,12,-10.793851852416992,57.06261444091797,-28.87232208251953,-97.59386444091797,-6.536685943603516,81.02803802490234,0.2772009967670047
97,13,-10.068666458129883,55.406494140625,-28.88382339477539,-97.71150207519531,-6.454488754272461,80.41033172607422,0.275637013369373
97,14,-9.760658264160156,54.44615173339844,-28.8570499420166,-98.8732681274414,-6.511044502258301,79.88075256347656,0.2748666132923084
97,15,-9.992877006530762,53.7271842956543,-28.305458068847656,-99.51925659179688,-6.595462799072266,80.22720336914062,0.2733287409370607
97,16,-10.101197242736816,55.12901306152344,-26.08295249938965,-100.51847839355469,-6.822493553161621,79.12934875488281,0.2711837898271494
97,17,-10.341462135314941,53.81144332885742,-25.60261344909668,-101.8693618774414,-6.877756118774414,78.78177642822266,0.26887301816899156
97,18,-10.638167381286621,54.037353515625,-23.688400268554688,-102.74368286132812,-6.793785095214844,78.1953125,0.265527237523586
97,19,-10.256688117980957,53.597591400146484,-21.920747756958008,-104.40837097167969,-6.833437919616699,77.76904296875,0.26123568732908886
97,20,-10.048870086669922,51.661415100097656,-22.446155548095703,-104.40348815917969,-6.677433967590332,78.21853637695312,0.25986836970045857
97,21,-9.838594436645508,49.54038619995117,-23.49733543395996,-103.8367691040039,-6.442084312438965,77.22699737548828,0.2594365385241412
97,22,-9.802321434020996,50.22098922729492,-21.282432556152344,-104.09718322753906,-6.488558769226074,77.02949523925781,0.2557368738349616
97,23,-10.077197074890137,49.130157470703125,-21.696138381958008,-103.98834228515625,-6.360661506652832,76.44254302978516,0.2552040399510087
97,24,-10.616503715515137,49.63703918457031,-21.717655181884766,-104.1553955078125,-6.47355842590332,75.03529357910156,0.25585721255885263
97,25,-10.406035423278809,49.31467819213867,-22.255096435546875,-104.43678283691406,-6.417881965637207,75.85193634033203,0.2564561184547137
97,26,-10.757497787475586,48.35017776489258,-21.769113540649414,-105.49009704589844,-6.226471900939941,75.38436889648438,0.25379874489956034
97,27,-11.773435592651367,48.54838562011719,-22.153879165649414,-105.62959289550781,-6.379849433898926,75.30937194824219,0.2548283409054446
97,28,-11.510473251342773,48.16161346435547,-21.916248321533203,-107.0446548461914,-6.118821144104004,75.75187683105469,0.2532310701598504
97,29,-11.724454879760742,47.453529357910156,-23.54656219482422,-107.29183959960938,-6.186878204345703,75.37100219726562,0.2556816483419632
97,30,-11.623662948608398,47.41505432128906,-23.366512298583984,-107.6849365234375,-6.069262504577637,75.35511779785156,0.2550815833558908
97,31,-12.172799110412598,46.553001403808594,-23.954307556152344,-107.49526977539062,-6.145008087158203,75.84854125976562,0.2552465555571419
97,32,-12.151479721069336,45.82978820800781,-23.695690155029297,-108.09334564208984,-6.068621635437012,77.60076904296875,0.25343237374299854
97,33,-12.360664367675781,44.80986785888672,-24.505361557006836,-108.38005065917969,-6.035181045532227,76.50411987304688,0.2536505218295267
97,34,-12.715185165405273,44.31243896484375,-24.104049682617188,-108.41624450683594,-6.13424015045166,77.1418685913086,0.25205175674260183
97,35,-12.629098892211914,42.720802307128906,-24.414350509643555,-109.16522216796875,-6.335349082946777,76.26589965820312,0.25010371325921843
97,36,-12.665186882019043,41.87554931640625,-24.774738311767578,-109.68841552734375,-6.445835113525391,75.59224700927734,0.24941928682604436
97,37,-12.429916381835938,41.43032455444336,-25.979923248291016,-109.07070922851562,-6.282137870788574,76.13813781738281,0.25177670838086263
97,38,-12.538531303405762,41.66753387451172,-25.27138900756836,-109.18020629882812,-6.45198917388916,76.15072631835938,0.2504917540161765
97,39,-12.71162223815918,40.69593048095703,-26.484268188476562,-108.13555908203125,-6.109808921813965,75.564453125,0.2522519169742458
97,40,-12.896085739135742,40.36914825439453,-26.166501998901367,-108.35812377929688,-5.9870100021362305,74.98802185058594,0.2509835555224616
97,41,-13.22148609161377,41.13226318359375,-26.019126892089844,-108.2369384765625,-6.137701988220215,72.90351104736328,0.2518150460570639
97,42,-13.898858070373535,41.629905700683594,-24.9945125579834,-108.69972229003906,-6.322061538696289,60.65846252441406,0.25005243390614273
97,43,-13.977530479431152,40.34584045410156,-26.202064514160156,-108.61405944824219,-5.919797420501709,58.44161605834961,0.25090904921677676
97,44,-14.567424774169922,40.4040641784668,-26.10072898864746,-108.46809387207031,-5.94888162612915,59.293575286865234,0.2508376924919998
97,45,-15.89499282836914,42.25251388549805,-27.290916442871094,-107.50227355957031,-5.845443248748779,66.02450561523438,0.2564309467963932
97,46,-18.149248123168945,43.181243896484375,-29.38513946533203,-106.49008178710938,-4.954894542694092,70.88546752929688,0.2623097846095905
97,47,-19.64569664001465,42.1968994140625,-31.39719009399414,-105.40458679199219,-4.677027702331543,66.41625213623047,0.2651951618501045
97,48,-19.163055419921875,41.54762268066406,-31.45360565185547,-106.33836364746094,-4.916621208190918,66.02397155761719,0.2642907639997706
97,49,-8.445014953613281,32.28984832763672,-22.816131591796875,-86.82877349853516,-5.586904525756836,46.935997009277344,0.23841790309696181
98,0,-15.110952377319336,84.41708374023438,-0.7439117431640625,-90.11744689941406,-6.849201202392578,62.160919189453125,0.25558805926563677
98,1,-14.9218111038208,82.1825180053711,0.8836193084716797,-92.06037902832031,-7.2083740234375,63.794952392578125,0.25066524773551946
98,2,-14.529304504394531,78.1373519897461,-1.1494216918945312,-93.42772674560547,-7.190314292907715,65.76358032226562,0.2504030183237171
98,3,-15.160913467407227,75.65441131591797,-4.133061408996582,-92.90985107421875,-7.475473403930664,70.5728988647461,0.2535739779473204
98,4,-15.251885414123535,72.73663330078125,-8.171871185302734,-92.40022277832031,-7.360526084899902,70.04243469238281,0.25796459878839273
98,5,-15.209211349487305,67.66301727294922,-13.074384689331055,-92.56220245361328,-7.231111526489258,71.95799255371094,0.26146504777024376
98,6,-13.922456741333008,64.0975112915039,-21.7513484954834,-92.05038452148438,-6.370719909667969,77.08796691894531,0.2715697970922419
98,7,-13.606752395629883,63.644859313964844,-24.199445724487305,-92.50704193115234,-6.796688079833984,83.44889831542969,0.2747787172686085
98,8,-12.578497886657715,62.1104850769043,-25.27197265625,-94.26557159423828,-6.868929862976074,82.84955596923828,0.27558903426042336
98,9,-11.491042137145996,61.511558532714844,-25.028587341308594,-95.13307189941406,-6.865074157714844,81.88575744628906,0.274973615293724
98,10,-11.10322093963623,59.95188522338867,-27.101699829101562,-96.01398468017578,-6.699531555175781,81.30780029296875,0.2768456573177701
98,11,-10.978474617004395,58.60572052001953,-28.251766204833984,-96.98881530761719,-6.666749000549316,81.20991516113281,0.2775724548543195
98,12,-10.793851852416992,57.06261444091797,-28.87232208251953,-97.59386444091797,-6.536685943603516,81.02803802490234,0.2772009967670047
98,13,-10.068666458129883,55.406494140625,-28.88382339477539,-97.71150207519531,-6.454488754272461,80.41033172607422,0.275637013369373
98,14,-9.760658264160156,54.44615173339844,-28.8570499420166,-98.8732681274414,-6.511044502258301,79.88075256347656,0.2748666132923084
98,15,-9.992877006530762,53.7271842956543,-28.305458068847656,-99.51925659179688,-6.595462799072266,80.22720336914062,0.2733287409370607
98,16,-10.101197242736816,55.12901306152344,-26.08295249938965,-100.51847839355469,-6.822493553161621,79.12934875488281,0.2711837898271494
98,17,-10.341462135314941,53.81144332885742,-25.60261344909668,-101.8693618774414,-6.877756118774414,78.78177642822266,0.26887301816899156
98,18,-10.638167381286621,54.037353515625,-23.688400268554688,-102.74368286132812,-6.793785095214844,78.1953125,0.265527237523586
98,19,-10.256688117980957,53.597591400146484,-21.920747756958008,-104.40837097167969,-6.833437919616699,77.76904296875,0.26123568732908886
98,20,-10.048870086669922,51.661415100097656,-22.446155548095703,-104.40348815917969,-6.677433967590332,78.21853637695312,0.25986836970045857
98,21,-9.838594436645508,49.54038619995117,-23.49733543395996,-103.8367691040039,-6.442084312438965,77.22699737548828,0.2594365385241412
98,22,-9.802321434020996,50.22098922729492,-21.282432556152344,-104.09718322753906,-6.488558769226074,77.02949523925781,0.2557368738349616
98,23,-10.077197074890137,49.130157470703125,-21.696138381958008,-103.98834228515625,-6.360661506652832,76.44254302978516,0.2552040399510087
98,24,-10.616503715515137,49.63703918457031,-21.717655181884766,-104.1553955078125,-6.47355842590332,75.03529357910156,0.25585721255885263
98,25,-10.406035423278809,49.31467819213867,-22.255096435546875,-104.43678283691406,-6.417881965637207,75.85193634033203,0.2564561184547137
98,26,-10.757497787475586,48.35017776489258,-21.769113540649414,-105.49009704589844,-6.226471900939941,75.38436889648438,0.25379874489956034
98,27,-11.773435592651367,48.54838562011719,-22.153879165649414,-105.62959289550781,-6.379849433898926,75.30937194824219,0.2548283409054446
98,28,-11.510473251342773,48.16161346435547,-21.916248321533203,-107.0446548461914,-6.118821144104004,75.75187683105469,0.2532310701598504
98,29,-11.724454879760742,47.453529357910156,-23.54656219482422,-107.29183959960938,-6.186878204345703,75.37100219726562,0.2556816483419632
98,30,-11.623662948608398,47.41505432128906,-23.366512298583984,-107.6849365234375,-6.069262504577637,75.35511779785156,0.2550815833558908
98,31,-12.172799110412598,46.553001403808594,-23.954307556152344,-107.49526977539062,-6.145008087158203,75.84854125976562,0.2552465555571419
98,32,-12.151479721069336,45.82978820800781,-23.695690155029297,-108.09334564208984,-6.068621635437012,77.60076904296875,0.25343237374299854
98,33,-12.360664367675781,44.80986785888672,-24.505361557006836,-108.38005065917969,-6.035181045532227,76.50411987304688,0.2536505218295267
98,34,-12.715185165405273,44.31243896484375,-24.104049682617188,-108.41624450683594,-6.13424015045166,77.1418685913086,0.25205175674260183
98,35,-12.629098892211914,42.720802307128906,-24.414350509643555,-109.16522216796875,-6.335349082946777,76.26589965820312,0.25010371325921843
98,36,-12.665186882019043,41.87554931640625,-24.774738311767578,-109.68841552734375,-6.445835113525391,75.59224700927734,0.24941928682604436
98,37,-12.429916381835938,41.43032455444336,-25.979923248291016,-109.07070922851562,-6.282137870788574,76.13813781738281,0.25177670838086263
98,38,-12.538531303405762,41.66753387451172,-25.27138900756836,-109.18020629882812,-6.45198917388916,76.15072631835938,0.2504917540161765
98,39,-12.71162223815918,40.69593048095703,-26.484268188476562,-108.13555908203125,-6.109808921813965,75.564453125,0.2522519169742458
98,40,-12.896085739135742,40.36914825439453,-26.166501998901367,-108.35812377929688,-5.9870100021362305,74.98802185058594,0.2509835555224616
98,41,-13.22148609161377,41.13226318359375,-26.019126892089844,-108.2369384765625,-6.137701988220215,72.90351104736328,0.2518150460570639
98,42,-13.898858070373535,41.629905700683594,-24.9945125579834,-108.69972229003906,-6.322061538696289,60.65846252441406,0.25005243390614273
98,43,-13.977530479431152,40.34584045410156,-26.202064514160156,-108.61405944824219,-5.919797420501709,58.44161605834961,0.25090904921677676
98,44,-14.567424774169922,40.4040641784668,-26.10072898864746,-108.46809387207031,-5.94888162612915,59.293575286865234,0.2508376924919998
98,45,-15.89499282836914,42.25251388549805,-27.290916442871094,-107.50227355957031,-5.845443248748779,66.02450561523438,0.2564309467963932
98,46,-18.149248123168945,43.181243896484375,-29.38513946533203,-106.49008178710938,-4.954894542694092,70.88546752929688,0.2623097846095905
98,47,-19.64569664001465,42.1968994140625,-31.39719009399414,-105.40458679199219,-4.677027702331543,66.41625213623047,0.2651951618501045
98,48,-19.163055419921875,41.54762268066406,-31.45360565185547,-106.33836364746094,-4.916621208190918,66.02397155761719,0.2642907639997706
98,49,-8.445014953613281,32.28984832763672,-22.816131591796875,-86.82877349853516,-5.586904525756836,46.935997009277344,0.23841790309696181
99,0,-15.110952377319336,84.41708374023438,-0.7439117431640625,-90.11744689941406,-6.849201202392578,62.160919189453125,0.25558805926563677
99,1,-14.9218111038208,82.1825180053711,0.8836193084716797,-92.06037902832031,-7.2083740234375,63.794952392578125,0.25066524773551946
99,2,-14.529304504394531,78.1373519897461,-1.1494216918945312,-93.42772674560547,-7.190314292907715,65.76358032226562,0.2504030183237171
99,3,-15.160913467407227,75.65441131591797,-4.133061408996582,-92.90985107421875,-7.475473403930664,70.5728988647461,0.2535739779473204
99,4,-15.251885414123535,72.73663330078125,-8.171871185302734,-92.40022277832031,-7.360526084899902,70.04243469238281,0.25796459878839273
99,5,-15.209211349487305,67.66301727294922,-13.074384689331055,-92.56220245361328,-7.231111526489258,71.95799255371094,0.26146504777024376
99,6,-13.922456741333008,64.0975112915039,-21.7513484954834,-92.05038452148438,-6.370719909667969,77.08796691894531,0.2715697970922419
99,7,-13.606752395629883,63.644859313964844,-24.199445724487305,-92.50704193115234,-6.796688079833984,83.44889831542969,0.2747787172686085
99,8,-12.578497886657715,62.1104850769043,-25.27197265625,-94.26557159423828,-6.868929862976074,82.84955596923828,0.27558903426042336
99,9,-11.491042137145996,61.511558532714844,-25.028587341308594,-95.13307189941406,-6.865074157714844,81.88575744628906,0.274973615293724
99,10,-11.10322093963623,59.95188522338867,-27.101699829101562,-96.01398468017578,-6.699531555175781,81.30780029296875,0.2768456573177701
99,11,-10.978474617004395,58.60572052001953,-28.251766204833984,-96.98881530761719,-6.666749000549316,81.20991516113281,0.2775724548543195
99,12,-10.793851852416992,57.06261444091797,-28.87232208251953,-97.59386444091797,-6.536685943603516,81.02803802490234,0.2772009967670047
99,13,-10.068666458129883,55.406494140625,-28.88382339477539,-97.71150207519531,-6.454488754272461,80.41033172607422,0.275637013369373
99,14,-9.760658264160156,54.44615173339844,-28.8570499420166,-98.8732681274414,-6.511044502258301,79.88075256347656,0.2748666132923084
99,15,-9.992877006530762,53.7271842956543,-28.305458068847656,-99.51925659179688,-6.595462799072266,80.22720336914062,0.2733287409370607
99,16,-10.101197242736816,55.12901306152344,-26.08295249938965,-100.51847839355469,-6.822493553161621,79.12934875488281,0.2711837898271494
99,17,-10.341462135314941,53.81144332885742,-25.60261344909668,-101.8693618774414,-6.877756118774414,78.78177642822266,0.26887301816899156
99,18,-10.638167381286621,54.037353515625,-23.688400268554688,-102.74368286132812,-6.793785095214844,78.1953125,0.265527237523586
99,19,-10.256688117980957,53.597591400146484,-21.920747756958008,-104.40837097167969,-6.833437919616699,77.76904296875,0.26123568732908886
99,20,-10.048870086669922,51.661415100097656,-22.446155548095703,-104.40348815917969,-6.677433967590332,78.21853637695312,0.25986836970045857
99,21,-9.838594436645508,49.54038619995117,-23.49733543395996,-103.8367691040039,-6.442084312438965,77.22699737548828,0.2594365385241412
99,22,-9.802321434020996,50.22098922729492,-21.282432556152344,-104.09718322753906,-6.488558769226074,77.02949523925781,0.2557368738349616
99,23,-10.077197074890137,49.130157470703125,-21.696138381958008,-103.98834228515625,-6.360661506652832,76.44254302978516,0.2552040399510087
99,24,-10.616503715515137,49.63703918457031,-21.717655181884766,-104.1553955078125,-6.47355842590332,75.03529357910156,0.25585721255885263
99,25,-10.406035423278809,49.31467819213867,-22.255096435546875,-104.43678283691406,-6.417881965637207,75.85193634033203,0.2564561184547137
99,26,-10.757497787475586,48.35017776489258,-21.769113540649414,-105.49009704589844,-6.226471900939941,75.38436889648438,0.25379874489956034
99,27,-11.773435592651367,48.54838562011719,-22.153879165649414,-105.62959289550781,-6.379849433898926,75.30937194824219,0.2548283409054446
99,28,-11.510473251342773,48.16161346435547,-21.916248321533203,-107.0446548461914,-6.118821144104004,75.75187683105469,0.2532310701598504
99,29,-11.724454879760742,47.453529357910156,-23.54656219482422,-107.29183959960938,-6.186878204345703,75.37100219726562,0.2556816483419632
99,30,-11.623662948608398,47.41505432128906,-23.366512298583984,-107.6849365234375,-6.069262504577637,75.35511779785156,0.2550815833558908
99,31,-12.172799110412598,46.553001403808594,-23.954307556152344,-107.49526977539062,-6.145008087158203,75.84854125976562,0.2552465555571419
99,32,-12.151479721069336,45.82978820800781,-23.695690155029297,-108.09334564208984,-6.068621635437012,77.60076904296875,0.25343237374299854
99,33,-12.360664367675781,44.80986785888672,-24.505361557006836,-108.38005065917969,-6.035181045532227,76.50411987304688,0.2536505218295267
99,34,-12.715185165405273,44.31243896484375,-24.104049682617188,-108.41624450683594,-6.13424015045166,77.1418685913086,0.25205175674260183
99,35,-12.629098892211914,42.720802307128906,-24.414350509643555,-109.16522216796875,-6.335349082946777,76.26589965820312,0.25010371325921843
99,36,-12.665186882019043,41.87554931640625,-24.774738311767578,-109.68841552734375,-6.445835113525391,75.59224700927734,0.24941928682604436
99,37,-12.429916381835938,41.43032455444336,-25.979923248291016,-109.07070922851562,-6.282137870788574,76.13813781738281,0.25177670838086263
99,38,-12.538531303405762,41.66753387451172,-25.27138900756836,-109.18020629882812,-6.45198917388916,76.15072631835938,0.2504917540161765
99,39,-12.71162223815918,40.69593048095703,-26.484268188476562,-108.13555908203125,-6.109808921813965,75.564453125,0.2522519169742458
99,40,-12.896085739135742,40.36914825439453,-26.166501998901367,-108.35812377929688,-5.9870100021362305,74.98802185058594,0.2509835555224616
99,41,-13.22148609161377,41.13226318359375,-26.019126892089844,-108.2369384765625,-6.137701988220215,72.90351104736328,0.2518150460570639
99,42,-13.898858070373535,41.629905700683594,-24.9945125579834,-108.69972229003906,-6.322061538696289,60.65846252441406,0.25005243390614273
99,43,-13.977530479431152,40.34584045410156,-26.202064514160156,-108.61405944824219,-5.919797420501709,58.44161605834961,0.25090904921677676
99,44,-14.567424774169922,40.4040641784668,-26.10072898864746,-108.46809387207031,-5.94888162612915,59.293575286865234,0.2508376924919998
99,45,-15.89499282836914,42.25251388549805,-27.290916442871094,-107.50227355957031,-5.845443248748779,66.02450561523438,0.2564309467963932
99,46,-18.149248123168945,43.181243896484375,-29.38513946533203,-106.49008178710938,-4.954894542694092,70.88546752929688,0.2623097846095905
99,47,-19.64569664001465,42.1968994140625,-31.39719009399414,-105.40458679199219,-4.677027702331543,66.41625213623047,0.2651951618501045
99,48,-19.163055419921875,41.54762268066406,-31.45360565185547,-106.33836364746094,-4.916621208190918,66.02397155761719,0.2642907639997706
99,49,-8.445014953613281,32.28984832763672,-22.816131591796875,-86.82877349853516,-5.586904525756836,46.935997009277344,0.23841790309696181
