abs_diff,cohens_d,diff_ci95_hi,diff_ci95_lo,label_a,label_b,mean_a,mean_b,metric,n_a,n_b,ratio
7.800516839943898,3.046334950140547,9.227924420651203,6.170927406562756,baseline,eval_high,5.013321559839455,12.813838399783354,action_endpoint_delta,20,20,2.5559578078678284
77.70053975489799,1.2108622328908938,119.98191395794058,40.01246722280278,baseline,eval_high,296.6450651104346,374.3456048653326,action_max_speed,20,20,1.2619310040548035
-86.30349230008221,-1.282173417738222,-45.54510468836568,-126.37067519725186,baseline,eval_high,832.7759779699569,746.4724856698747,action_mean_jerk,20,20,0.8963664964142861
-3.756510136410448,-1.0104895727963954,-1.4385259334076703,-6.048354077561098,baseline,eval_high,65.02537839984703,61.26886826343658,action_mean_speed,20,20,0.942230091876842
-310.9497860041074,-0.7751514091077127,-71.9529726031892,-553.0276146927398,baseline,eval_high,2755.501980798468,2444.5521947943607,action_p95_jerk,20,20,0.8871531255757348
-9.034045003941372,-0.8343116522264798,-2.4596627459207903,-15.51498454720759,baseline,eval_high,149.40172712809905,140.36768212415768,action_p95_speed,20,20,0.9395318569805369
-27.09828312217155,-1.2802333260793761,-14.261039076053404,-39.78016794401892,baseline,eval_high,479.69884283534077,452.6005597131692,action_path_len,20,20,0.9435098009379433
2.135171328300281,1.4317007984618249,3.1253019721065747,1.29485438225224,baseline,eval_high,5.805905765020263,7.941077093320544,action_speed_spikiness,20,20,1.3677585222768844
0.015000033378601785,0.02561935957093689,0.361708369851112,-0.34337498307228104,baseline,eval_high,7.401666617393493,7.416666650772095,duration_s,20,20,1.002026575112568
-8.365147072156992e-05,-0.05243081765983416,0.0009957497412758241,-0.000937775678087492,baseline,eval_high,0.004300737061109311,0.004217085590387741,eef_displacement_final,20,20,0.9805495488265257
0.003143133525658953,0.33796307570696105,0.008753253545442832,-0.002731767782289566,baseline,eval_high,0.139103153335791,0.14224628686144997,eef_displacement_max,20,20,1.0225957012787086
0.010355754326433639,2.013035051317111,0.01344939578471143,0.007081060083170714,baseline,eval_high,0.07957555388889995,0.08993130821533359,eef_displacement_mean,20,20,1.130137366552525
0.0,nan,0.0,0.0,baseline,eval_high,0.0,0.0,eef_displacement_min,20,20,1.0
0.003143133525658953,0.33796307570696105,0.008753253545442832,-0.002731767782289566,baseline,eval_high,0.139103153335791,0.14224628686144997,eef_displacement_range,20,20,1.0225957012787086
0.0008476296464629343,0.8971321153428463,0.001492776362350058,0.00036410580761222935,baseline,eval_high,0.017037155682054064,0.017884785328517,eef_height_final,20,20,1.0497517992300667
0.014174431596569406,0.7543882273723415,0.02526160297984893,0.002064642162351378,baseline,eval_high,0.08663752421224619,0.10081195580881559,eef_height_max,20,20,1.1636061289769009
1.4174431596569406,0.7543882273723412,2.526160297984893,0.20646421623513816,baseline,eval_high,8.663752421224618,10.081195580881559,eef_height_max_cm,20,20,1.1636061476720412
0.00812195858541817,1.3878689521741159,0.011636627526311855,0.004468122867699395,baseline,eval_high,0.03940491001607401,0.04752686860149218,eef_height_mean,20,20,1.2061153425030446
0.0007296298960929558,0.40489495069392634,0.0018023277633042864,-0.0003634723309139381,baseline,eval_high,0.00274585393232196,0.003475483828414916,eef_height_min,20,20,1.2657196110500513
0.013444801700476447,0.7223873105379535,0.02417577367534351,0.001525891857988925,baseline,eval_high,0.08389167027992422,0.09733647198040067,eef_height_range,20,20,1.1602638265870313
-8.365147072156992e-05,-0.05243081765983416,0.0009957497412758241,-0.000937775678087492,baseline,eval_high,0.004300737061109311,0.004217085590387741,eef_pos_endpoint_delta,20,20,0.9805495488265257
-0.07356114022948484,-0.603609477125828,0.0013752631412304048,-0.14561919273084312,baseline,eval_high,0.45335894990130016,0.3797978096718153,eef_pos_max_speed,20,20,0.8377419512222728
-0.06008076668789042,-0.8619601388828176,-0.014882909158490318,-0.10159901294451547,baseline,eval_high,0.5974707431079492,0.5373899764200588,eef_pos_mean_jerk,20,20,0.8994414933695756
-0.0014010619021820742,-0.3147946333762568,0.0013169008449115934,-0.004265944536786032,baseline,eval_high,0.07065499049437389,0.06925392859219182,eef_pos_mean_speed,20,20,0.9801703787081052
-0.1441188710420036,-0.4947087084798639,0.02863202392966068,-0.32245414823724833,baseline,eval_high,1.6982920406445534,1.5541731696025498,eef_pos_p95_jerk,20,20,0.9151389356222294
0.0009980823880162137,0.07397820914243464,0.00914336314358452,-0.007279566682084951,baseline,eval_high,0.18484010925466335,0.18583819164267956,eef_pos_p95_speed,20,20,1.0053997064708724
-0.008424933021475733,-0.21345217883631026,0.014595073464126421,-0.033328401728071146,baseline,eval_high,0.5214385151101536,0.5130135820886779,eef_pos_path_len,20,20,0.9838429026322979
-1.3962261608782134,-0.5792212862236825,0.08639370351588202,-2.8922348930219623,baseline,eval_high,8.046078121580566,6.649851960702352,eef_pos_speed_spikiness,20,20,0.8264712151628162
1.6295729077873293,1.5012212987108606,2.2857442089964124,0.9787644385905562,baseline,eval_high,4.414458996249811,6.044031904037141,state_endpoint_delta,20,20,1.3691444196174993
-15.444806874777896,-0.23684679041625514,25.684169802847148,-53.38321142087627,baseline,eval_high,223.50364958498147,208.05884271020358,state_max_speed,20,20,0.9308968470860948
-28.64384371568707,-0.6588181216691862,-1.5187215420018552,-55.205104535645134,baseline,eval_high,339.72244848514345,311.0786047694564,state_mean_jerk,20,20,0.9156845717950942
-0.4248527349621085,-0.1456729974370028,1.339424619278842,-2.271205764268273,baseline,eval_high,45.310541691905975,44.885688956943866,state_mean_speed,20,20,0.9906235344137535
12.851283384171666,0.07817275477893942,118.80796568212368,-85.91939305411098,baseline,eval_high,991.3360200601313,1004.187303444303,state_p95_jerk,20,20,1.012963599752244
-0.4549108234095911,-0.04448679921585671,5.924214180301086,-6.689297405957295,baseline,eval_high,119.24226622017895,118.78735539676936,state_p95_speed,20,20,0.9961849867686056
-2.4954784872757045,-0.14864498729164105,7.38518295659478,-12.687017315068733,baseline,eval_high,334.1225475945717,331.627069107296,state_path_len,20,20,0.992531247875468
-0.1828244856124499,-0.09058355312082592,1.1194953893471131,-1.33755439586882,baseline,eval_high,6.044735331863164,5.861910846250714,state_speed_spikiness,20,20,0.969754757607618
7.392876226022557,2.0710083882670878,9.599325520830682,5.177751347450684,baseline,eval_low,5.013321559839455,12.406197785862012,action_endpoint_delta,20,20,2.4746463244047012
76.65839114326752,0.7288944857757212,148.31634350632044,17.328261456546297,baseline,eval_low,296.6450651104346,373.3034562537021,action_max_speed,20,20,1.2584178877614063
58.20004255432934,0.8314379597507124,100.61813788778544,14.962507021738508,baseline,eval_low,832.7759779699569,890.9760205242862,action_mean_jerk,20,20,1.0698867931991791
-2.5547788489675582,-0.7547026809096032,-0.5443608330638171,-4.639151508249929,baseline,eval_low,65.02537839984703,62.47059955087947,action_mean_speed,20,20,0.9607110498786321
188.83306557249762,0.3820632770332946,486.55982882854573,-114.9326729880206,baseline,eval_low,2755.501980798468,2944.3350463709658,action_p95_jerk,20,20,1.0685294610157
-2.8186682390730198,-0.2829434840193813,3.187666756401801,-8.848997959536296,baseline,eval_low,149.40172712809905,146.58305888902603,action_p95_speed,20,20,0.9811336301589901
-42.29519006537271,-1.7517962926881598,-26.939516684032792,-56.41403611354977,baseline,eval_low,479.69884283534077,437.40365276996806,action_path_len,20,20,0.9118297017051403
1.990928063577793,0.8770452090860926,3.5067017565494867,0.6883487239934702,baseline,eval_low,5.805905765020263,7.796833828598056,action_speed_spikiness,20,20,1.3429142911935812
-0.38333332538604736,-0.6788888453715191,-0.03666663050651551,-0.7184167665243151,baseline,eval_low,7.401666617393493,7.018333292007446,duration_s,20,20,0.9482098634424665
0.0004363395127793294,0.1975230524756838,0.001848341504346142,-0.0007816801295566858,baseline,eval_low,0.004300737061109311,0.00473707657388864,eef_displacement_final,20,20,1.1014566787070668
-0.010723017674963753,-1.398096143035023,-0.006152849631232898,-0.015390395122147082,baseline,eval_low,0.139103153335791,0.12838013566082726,eef_displacement_max,20,20,0.9229132004059556
0.0018261408402256013,0.43926118707924955,0.004486406313741252,-0.0006865280698443276,baseline,eval_low,0.07957555388889995,0.08140169472912555,eef_displacement_mean,20,20,1.022948512721508
0.0,nan,0.0,0.0,baseline,eval_low,0.0,0.0,eef_displacement_min,20,20,1.0
-0.010723017674963753,-1.398096143035023,-0.006152849631232898,-0.015390395122147082,baseline,eval_low,0.139103153335791,0.12838013566082726,eef_displacement_range,20,20,0.9229132004059556
0.0010231673442709019,1.0536828769097484,0.0016669035626801882,0.0005025057322353094,baseline,eval_low,0.017037155682054064,0.018060323026324966,eef_height_final,20,20,1.0600550210853819
-0.0037509296660588054,-0.26017688791670407,0.004704433065469991,-0.012554721753579084,baseline,eval_low,0.08663752421224619,0.08288659454618738,eef_height_max,20,20,0.956705489137425
-0.3750929666058802,-0.26017688791670385,0.4704433065469989,-1.255472175357907,baseline,eval_low,8.663752421224618,8.288659454618738,eef_height_max_cm,20,20,0.9567054841901962
0.0035448750806711463,0.8635618685330547,0.005905233361493258,0.0010338114653659868,baseline,eval_low,0.03940491001607401,0.04294978509674516,eef_height_mean,20,20,1.0899602151006809
0.002446994866549698,1.5036586578544324,0.0034039414402475465,0.001461815198621577,baseline,eval_low,0.00274585393232196,0.005192848798871658,eef_height_min,20,20,1.8911566366220005
-0.006197924532608506,-0.4332052064815275,0.0024161535355587275,-0.015012852833474144,baseline,eval_low,0.08389167027992422,0.07769374574731572,eef_height_range,20,20,0.9261199142521919
0.0004363395127793294,0.1975230524756838,0.001848341504346142,-0.0007816801295566858,baseline,eval_low,0.004300737061109311,0.00473707657388864,eef_pos_endpoint_delta,20,20,1.1014566787070668
-0.12311214638850498,-1.0435223875180843,-0.05012161769732,-0.19210891990660123,baseline,eval_low,0.45335894990130016,0.3302468035127952,eef_pos_max_speed,20,20,0.72844443966585
-0.05457055066277816,-0.7253858686687665,-0.007321164030080498,-0.09958704622558509,baseline,eval_low,0.5974707431079492,0.5429001924451711,eef_pos_mean_jerk,20,20,0.9086640636735595
-0.0026148430213136648,-0.6053315596780469,-1.9644451822510304e-05,-0.005342793689756891,baseline,eval_low,0.07065499049437389,0.06804014747306023,eef_pos_mean_speed,20,20,0.9629913947630376
-0.08544979402111519,-0.310650933849259,0.08635846272708853,-0.2538890352754933,baseline,eval_low,1.6982920406445534,1.6128422466234382,eef_pos_p95_jerk,20,20,0.9496848648683927
0.0029125018642772726,0.23013092704130444,0.010527875632006146,-0.004972507021820348,baseline,eval_low,0.18484010925466335,0.18775261111894062,eef_pos_p95_speed,20,20,1.015756870727099
-0.04491854984521099,-1.334512119256251,-0.025053012139169877,-0.06535110700735447,baseline,eval_low,0.5214385151101536,0.4765199652649426,eef_pos_path_len,20,20,0.9138564803286792
-1.8784563826620975,-0.788692737898071,-0.43094929717876357,-3.3311748962780285,baseline,eval_low,8.046078121580566,6.167621738918468,eef_pos_speed_spikiness,20,20,0.7665376408303538
0.5851973144010589,0.40490646931688834,1.4379058311535655,-0.28608180744498435,baseline,eval_low,4.414458996249811,4.99965631065087,state_endpoint_delta,20,20,1.1325637668336166
-3.710231429974556,-0.06104928915015573,32.294991912351136,-40.92068294420716,baseline,eval_low,223.50364958498147,219.79341815500692,state_max_speed,20,20,0.9833996830177136
1.3545241904424756,0.030660084716081927,28.273831214550928,-25.724243081915557,baseline,eval_low,339.72244848514345,341.0769726755859,state_mean_jerk,20,20,1.0039871494993708
-0.6566663934521699,-0.2416827171127869,0.9578144185780949,-2.3450358718497664,baseline,eval_low,45.310541691905975,44.653875298453805,state_mean_speed,20,20,0.9855074256721026
-16.187709223137404,-0.10751375275181473,75.30736324444656,-113.68279895072376,baseline,eval_low,991.3360200601313,975.1483108369939,state_p95_jerk,20,20,0.9836708150461514
-3.9688832189654875,-0.40709852048632433,2.1047662629353185,-9.934863290535473,baseline,eval_low,119.24226622017895,115.27338300121346,state_p95_speed,20,20,0.9667158018340228
-21.738672340246296,-1.395286302290501,-12.614332987203257,-31.372335300752223,baseline,eval_low,334.1225475945717,312.3838752543254,state_path_len,20,20,0.9349380264932804
-0.022358324349162295,-0.012850737712504992,0.9883480658487532,-1.0839049988014497,baseline,eval_low,6.044735331863164,6.0223770075140015,state_speed_spikiness,20,20,0.9963011905261893
-0.9456593478052167,-0.6182523147693101,0.07654001343771635,-1.8422339968661978,baseline,prompt_low,5.013321559839455,4.0676622120342385,action_endpoint_delta,20,20,0.8113706981227019
28.8580891725573,0.40300348560883187,74.28067039014233,-12.048534051774952,baseline,prompt_low,296.6450651104346,325.5031542829919,action_max_speed,20,20,1.0972815413627097
-96.0460155821487,-1.30611405323907,-51.21480770245944,-141.72789445553738,baseline,prompt_low,832.7759779699569,736.7299623878082,action_mean_jerk,20,20,0.8846676439741633
-3.2884242723512926,-0.9677025729050358,-1.1312048572014077,-5.32443516116159,baseline,prompt_low,65.02537839984703,61.736954127495736,action_mean_speed,20,20,0.9494286022970178
-322.99862701939946,-0.7876002207566942,-77.9362607630419,-578.9627826074816,baseline,prompt_low,2755.501980798468,2432.5033537790687,action_p95_jerk,20,20,0.8827804772890668
-5.766967778693498,-0.7020943808884603,-0.8489067492648527,-10.575693596205499,baseline,prompt_low,149.40172712809905,143.63475934940556,action_p95_speed,20,20,0.9613995909608005
2.816591327238257,0.13181792191984662,15.882209134277126,-10.372577922223481,baseline,prompt_low,479.69884283534077,482.515434162579,action_path_len,20,20,1.005871582492323
0.9808697100435548,0.5966997906056637,2.0633522696498305,0.03583347727954261,baseline,prompt_low,5.805905765020263,6.786775475063818,action_speed_spikiness,20,20,1.168943442772309
0.4349999666213993,0.7724893936858351,0.780041636824608,0.08662501156330076,baseline,prompt_low,7.401666617393493,7.836666584014893,duration_s,20,20,1.0587705429762897
1.3217569082761213e-05,0.006035683204179787,0.0015409682222113112,-0.0011037040437047087,baseline,prompt_low,0.004300737061109311,0.004313954630192072,eef_displacement_final,20,20,1.0030733193314911
-0.000590675837694149,-0.06876036720977001,0.0046052712363805785,-0.005733909057984554,baseline,prompt_low,0.139103153335791,0.13851247749809686,eef_displacement_max,20,20,0.9957536850814221
-0.0011055902798786932,-0.2377123307392638,0.001721539016555826,-0.003936592380917415,baseline,prompt_low,0.07957555388889995,0.07846996360902125,eef_displacement_mean,20,20,0.9861064097337435
0.0,nan,0.0,0.0,baseline,prompt_low,0.0,0.0,eef_displacement_min,20,20,1.0
-0.000590675837694149,-0.06876036720977001,0.0046052712363805785,-0.005733909057984554,baseline,prompt_low,0.139103153335791,0.13851247749809686,eef_displacement_range,20,20,0.9957536850814221
0.00023891176114246987,0.18223805290431086,0.001172857615696966,-0.0004304299281655562,baseline,prompt_low,0.017037155682054064,0.017276067443196534,eef_height_final,20,20,1.0140229757461434
0.0025718985523935367,0.13011237861006295,0.01475498040364453,-0.009040499105325197,baseline,prompt_low,0.08663752421224619,0.08920942276463972,eef_height_max,20,20,1.0296857311992842
0.25718985523935345,0.13011237861006283,1.4754980403644526,-0.9040499105325212,baseline,prompt_low,8.663752421224618,8.920942276463972,eef_height_max_cm,20,20,1.0296857345914487
0.00029852179690795927,0.05261236227307967,0.0038195055015251512,-0.0030131627818446665,baseline,prompt_low,0.03940491001607401,0.03970343181298197,eef_height_mean,20,20,1.007575749342625
-9.42496340409658e-05,-0.049157759949808956,0.0010753112887649055,-0.0012555283229642444,baseline,prompt_low,0.00274585393232196,0.002651604298280994,eef_height_min,20,20,0.9656757813336853
0.0026661481864345,0.13966856930205976,0.014273008052069689,-0.008613511769632706,baseline,prompt_low,0.08389167027992422,0.08655781846635872,eef_height_range,20,20,1.0317808414080905
1.3217569082761213e-05,0.006035683204179787,0.0015409682222113112,-0.0011037040437047087,baseline,prompt_low,0.004300737061109311,0.004313954630192072,eef_pos_endpoint_delta,20,20,1.0030733193314911
-0.05948318382958334,-0.42885315684736125,0.0240695250825348,-0.1409863884245017,baseline,prompt_low,0.45335894990130016,0.3938757660717168,eef_pos_max_speed,20,20,0.868794511434089
-0.09569960717009418,-1.2530421129838911,-0.04793282486448349,-0.14202966191673827,baseline,prompt_low,0.5974707431079492,0.501771135937855,eef_pos_mean_jerk,20,20,0.8398254530915868
-0.004328195163358611,-1.0379474554276347,-0.0018864026028167715,-0.0068670338561345416,baseline,prompt_low,0.07065499049437389,0.06632679533101528,eef_pos_mean_speed,20,20,0.9387418422889509
-0.26707166825933526,-1.0459521714328381,-0.11853423637621485,-0.4314109665506244,baseline,prompt_low,1.6982920406445534,1.4312203723852182,eef_pos_p95_jerk,20,20,0.8427410243379674
-0.009036906661620575,-0.7435685889150467,-0.0021724205603421217,-0.01680703758913095,baseline,prompt_low,0.18484010925466335,0.17580320259304277,eef_pos_p95_speed,20,20,0.9511096038129581
-0.0020681076182125224,-0.055051968910338735,0.020276098503875444,-0.02344015957838337,baseline,prompt_low,0.5214385151101536,0.5193704074919411,eef_pos_path_len,20,20,0.9960338419226397
-0.7620149511460044,-0.27136193534535064,0.8975685539209934,-2.469500175119784,baseline,prompt_low,8.046078121580566,7.284063170434561,eef_pos_speed_spikiness,20,20,0.9052936177496059
-0.3996159778626618,-0.4564154289668879,0.1594671305471842,-0.9061152328107237,baseline,prompt_low,4.414458996249811,4.0148430183871495,state_endpoint_delta,20,20,0.9094756622959004
11.34502096374095,0.15466094197939723,57.24055931647535,-29.77579402045487,baseline,prompt_low,223.50364958498147,234.84867054872242,state_max_speed,20,20,1.050759891323026
-29.071220983088836,-0.6581758600951637,-2.693058629450798,-56.14932604671937,baseline,prompt_low,339.72244848514345,310.6512275020546,state_mean_jerk,20,20,0.9144265528761358
-1.8900289683970186,-0.6762970195475623,-0.13342180196815537,-3.6100025113213707,baseline,prompt_low,45.310541691905975,43.420512723508956,state_mean_speed,20,20,0.9582872131427748
-110.98095414061845,-0.8337465091779092,-33.66784399093677,-191.94138894718637,baseline,prompt_low,991.3360200601313,880.3550659195129,state_p95_jerk,20,20,0.8880491055567947
-0.9166264776958286,-0.1050085384953423,4.4414619539282025,-5.999929608490039,baseline,prompt_low,119.24226622017895,118.32563974248312,state_p95_speed,20,20,0.992312906264911
4.95789499050494,0.352271198786444,13.389223946113722,-3.38070218360307,baseline,prompt_low,334.1225475945717,339.08044258507664,state_path_len,20,20,1.0148385525791348
0.6734682372411118,0.30866788332241446,2.0367805140055095,-0.6016910457808609,baseline,prompt_low,6.044735331863164,6.718203569104276,state_speed_spikiness,20,20,1.1114140155280197
1.3076803813881197,0.8672862473729928,2.1886816561988316,0.4079921241303045,baseline,prompt_high,5.013321559839455,6.321001941227575,action_endpoint_delta,20,20,1.2608411136551123
32.75519016920515,0.36570359632284727,92.32547522466724,-16.156068616055137,baseline,prompt_high,296.6450651104346,329.40025527963974,action_max_speed,20,20,1.1104187934355385
-35.60130745973663,-0.5130075851813273,7.5800914905833,-76.5028337366598,baseline,prompt_high,832.7759779699569,797.1746705102203,action_mean_jerk,20,20,0.9572498386107464
-1.3106012738463804,-0.35889903769445247,0.9670002248643974,-3.590920166387222,baseline,prompt_high,65.02537839984703,63.71477712600065,action_mean_speed,20,20,0.9798447728272212
-208.74193536761004,-0.5575458845864142,17.81789143963449,-447.0700374904472,baseline,prompt_high,2755.501980798468,2546.760045430858,action_p95_jerk,20,20,0.9242454054392061
-2.452308719996921,-0.25718460865685616,3.381221187789075,-7.984192216628414,baseline,prompt_high,149.40172712809905,146.94941840810213,action_p95_speed,20,20,0.9835858074269106
7.169834975340734,0.250536071615036,24.675494915088137,-9.728028154427491,baseline,prompt_high,479.69884283534077,486.8686778106815,action_path_len,20,20,1.0149465338144505
0.7569423428920787,0.44085893155827505,1.8655964117395063,-0.22325713789607482,baseline,prompt_high,5.805905765020263,6.562848107912342,action_speed_spikiness,20,20,1.1303745483002499
0.2816666841506965,0.37108368234058897,0.760124990344048,-0.1467500507831575,baseline,prompt_high,7.401666617393493,7.68333330154419,duration_s,20,20,1.038054494795571
0.001719013152946561,1.0354694355450227,0.002813270359466168,0.000857039289105019,baseline,prompt_high,0.004300737061109311,0.006019750214055872,eef_displacement_final,20,20,1.3997010585651992
0.0006682034565246298,0.0836097002359295,0.005477176697960759,-0.004283492488258285,baseline,prompt_high,0.139103153335791,0.13977135679231564,eef_displacement_max,20,20,1.0048036539249048
-6.067349509231157e-05,-0.013038457600726973,0.002837742523367144,-0.002874819919697734,baseline,prompt_high,0.07957555388889995,0.07951488039380764,eef_displacement_mean,20,20,0.9992375360961686
0.0,nan,0.0,0.0,baseline,prompt_high,0.0,0.0,eef_displacement_min,20,20,1.0
0.0006682034565246298,0.0836097002359295,0.005477176697960759,-0.004283492488258285,baseline,prompt_high,0.139103153335791,0.13977135679231564,eef_displacement_range,20,20,1.0048036539249048
0.000660904181249769,0.5643604017121693,0.0013990751903102839,3.463991338301578e-05,baseline,prompt_high,0.017037155682054064,0.017698059863303833,eef_height_final,20,20,1.0387919090289723
0.0033638968601416575,0.1965286836728865,0.013431304468571059,-0.0068929434757527145,baseline,prompt_high,0.08663752421224619,0.09000142107238784,eef_height_max,20,20,1.0388272460744408
0.3363896860141651,0.19652868367288606,1.343130446857103,-0.6892943475752689,baseline,prompt_high,8.663752421224618,9.000142107238783,eef_height_max_cm,20,20,1.0388272505111986
0.0010471262466676332,0.20082297944879307,0.004127652763884223,-0.0021274318000854817,baseline,prompt_high,0.03940491001607401,0.040452036262741645,eef_height_mean,20,20,1.02657348996624
-0.0006005301008161885,-0.2983206118920787,0.0006069654382276563,-0.0018125601530838958,baseline,prompt_high,0.00274585393232196,0.0021453238315057716,eef_height_min,20,20,0.7812964824122338
0.003964426960957834,0.23814942225041308,0.013767395709202922,-0.006289678005780628,baseline,prompt_high,0.08389167027992422,0.08785609724088206,eef_height_range,20,20,1.04725649727994
0.001719013152946561,1.0354694355450227,0.002813270359466168,0.000857039289105019,baseline,prompt_high,0.004300737061109311,0.006019750214055872,eef_pos_endpoint_delta,20,20,1.3997010585651992
-0.01760483004058111,-0.1259571581155878,0.0697806939580223,-0.10043423673667447,baseline,prompt_high,0.45335894990130016,0.43575411986071905,eef_pos_max_speed,20,20,0.9611680112279819
-0.053815623336968876,-0.6660404232437193,-0.002696721936999363,-0.1005324478352644,baseline,prompt_high,0.5974707431079492,0.5436551197709804,eef_pos_mean_jerk,20,20,0.9099276022181363
-0.0030848000849945795,-0.6455259126386528,-0.00020072917942479877,-0.006170895187744047,baseline,prompt_high,0.07065499049437389,0.06757019040937931,eef_pos_mean_speed,20,20,0.9563399608886817
-0.2289081388920875,-0.8688235535049121,-0.0741616731191597,-0.39879530638445715,baseline,prompt_high,1.6982920406445534,1.469383901752466,eef_pos_p95_jerk,20,20,0.8652127360513701
-0.008082718016404228,-0.7218629229917818,-0.0013222876735096375,-0.01501979364330558,baseline,prompt_high,0.18484010925466335,0.17675739123825912,eef_pos_p95_speed,20,20,0.9562718415839785
-0.0051669107564610295,-0.1349033540034002,0.01765244295985203,-0.027997485789027016,baseline,prompt_high,0.5214385151101536,0.5162716043536926,eef_pos_path_len,20,20,0.9900910452380374
-0.003146278725710161,-0.001113890874515294,1.7239815665552225,-1.670652925740965,baseline,prompt_high,8.046078121580566,8.042931842854856,eef_pos_speed_spikiness,20,20,0.9996089674156455
1.078260998772496,1.2530264489492549,1.6185633047274524,0.5690194926011803,baseline,prompt_high,4.414458996249811,5.492719995022307,state_endpoint_delta,20,20,1.2442566568736821
21.811261193261657,0.2670077727050174,73.12132858258951,-26.14866330455383,baseline,prompt_high,223.50364958498147,245.31491077824313,state_max_speed,20,20,1.0975879419990975
-12.29700647352314,-0.2881375774681046,13.775597480548406,-38.12305007223196,baseline,prompt_high,339.72244848514345,327.4254420116203,state_mean_jerk,20,20,0.9638027851029722
-0.9167535184011371,-0.29042506736820195,0.9915939021235939,-2.9063009101169985,baseline,prompt_high,45.310541691905975,44.39378817350484,state_mean_speed,20,20,0.9797673238066237
-147.96793814913065,-1.0600684923071055,-64.31148137165151,-234.31608043413348,baseline,prompt_high,991.3360200601313,843.3680819110007,state_p95_jerk,20,20,0.8507388663849188
-2.2205646858984807,-0.24230068181405648,3.5318858750682858,-7.643244094621515,baseline,prompt_high,119.24226622017895,117.02170153428047,state_p95_speed,20,20,0.9813777047677706
4.437121591493451,0.2508132209748412,15.275666891014199,-5.958728703061271,baseline,prompt_high,334.1225475945717,338.55966918606515,state_path_len,20,20,1.0132799226610252
0.7976496194340932,0.3390416931336596,2.2542686179626554,-0.6199302244235935,baseline,prompt_high,6.044735331863164,6.842384951297257,state_speed_spikiness,20,20,1.1319577407980006
1.4558010576003486,0.5891664567730648,3.059623700903314,0.044282776991982256,baseline,dataset_high,5.013321559839455,6.469122617439804,action_endpoint_delta,20,20,1.2903865306304236
-38.65084974187238,-0.8132638810485235,-10.83738748886008,-68.35220193330338,baseline,dataset_high,296.6450651104346,257.9942153685622,action_max_speed,20,20,0.869706749626256
-566.7102313000257,-10.17296783197942,-533.5383475349445,-599.8406477287807,baseline,dataset_high,832.7759779699569,266.0657466699311,action_mean_jerk,20,20,0.31949258109644313
-17.605227340862662,-5.260131797689916,-15.527277735903189,-19.605201054610262,baseline,dataset_high,65.02537839984703,47.420151058984366,action_mean_speed,20,20,0.7292560570751461
-1838.0586280499406,-5.796210122036705,-1648.2214431834211,-2046.3928559337896,baseline,dataset_high,2755.501980798468,917.4433527485274,action_p95_jerk,20,20,0.33294962556671737
-32.539511708616615,-3.884799944007006,-27.43901850216347,-37.37091366069924,baseline,dataset_high,149.40172712809905,116.86221541948244,action_p95_speed,20,20,0.7822012346715455
-28.222015477154514,-1.309166904978188,-14.966162887840873,-41.02983337580109,baseline,dataset_high,479.69884283534077,451.47682735818626,action_path_len,20,20,0.9411672221059463
0.8416434726649182,0.6970706825493019,1.5795121745809044,0.10906389200248248,baseline,dataset_high,5.805905765020263,6.6475492376851815,action_speed_spikiness,20,20,1.1449633365195253
2.133333468437195,4.191856793738885,2.44504183292389,1.8299584227800358,baseline,dataset_high,7.401666617393493,9.535000085830688,duration_s,20,20,1.2882233928966418
-0.0010356962157297101,-0.6858480177637246,-0.0001130644734248044,-0.0019029058046477474,baseline,dataset_high,0.004300737061109311,0.003265040845379601,eef_displacement_final,20,20,0.7591822534518995
0.01757157841407478,1.977033894333583,0.022750084444721156,0.011981908725566565,baseline,dataset_high,0.139103153335791,0.1566747317498658,eef_displacement_max,20,20,1.1263204803736742
-0.0021007262573151247,-0.42477562090393,0.0010315106666466233,-0.00492826396947535,baseline,dataset_high,0.07957555388889995,0.07747482763158482,eef_displacement_mean,20,20,0.973600862442545
0.0,nan,0.0,0.0,baseline,dataset_high,0.0,0.0,eef_displacement_min,20,20,1.0
0.01757157841407478,1.977033894333583,0.022750084444721156,0.011981908725566565,baseline,dataset_high,0.139103153335791,0.1566747317498658,eef_displacement_range,20,20,1.1263204803736742
-0.0006224076046758877,-0.8717635345667794,-0.00020817352548929704,-0.0010632227497511474,baseline,dataset_high,0.017037155682054064,0.016414748077378177,eef_height_final,20,20,0.9634676555777412
0.04151930505692225,3.2777660998889,0.04885803825584684,0.0335360882401538,baseline,dataset_high,0.08663752421224619,0.12815682926916844,eef_height_max,20,20,1.4792299946488263
4.151930505692226,3.277766099888901,4.885803825584679,3.3536088240153754,baseline,dataset_high,8.663752421224618,12.815682926916844,eef_height_max_cm,20,20,1.4792300494100512
0.009647829165902636,2.45711782912331,0.01195160534145857,0.00717012755066268,baseline,dataset_high,0.03940491001607401,0.04905273918197665,eef_height_mean,20,20,1.2448381867535094
-0.0009836012562779585,-0.46626864531383044,0.00029225604570483907,-0.002273816811867472,baseline,dataset_high,0.00274585393232196,0.0017622526760440016,eef_height_min,20,20,0.6417880563199632
0.042502906313200195,3.541365736865515,0.0494347563040796,0.03495763999781049,baseline,dataset_high,0.08389167027992422,0.12639457659312442,eef_height_range,20,20,1.5066403029642428
-0.0010356962157297101,-0.6858480177637246,-0.0001130644734248044,-0.0019029058046477474,baseline,dataset_high,0.004300737061109311,0.003265040845379601,eef_pos_endpoint_delta,20,20,0.7591822534518995
-0.21991604347238305,-2.1974817399361535,-0.15826504748690148,-0.2797804879446329,baseline,dataset_high,0.45335894990130016,0.2334429064289171,eef_pos_max_speed,20,20,0.5149185018417624
-0.2944142486262648,-4.544138114316559,-0.2519456550643771,-0.3323572625256243,baseline,dataset_high,0.5974707431079492,0.3030564944816844,eef_pos_mean_jerk,20,20,0.5072323672836402
-0.006647561375352856,-1.4150355776098715,-0.00383280253254059,-0.00955397349849056,baseline,dataset_high,0.07065499049437389,0.06400742911902103,eef_pos_mean_speed,20,20,0.9059152030452227
-0.7093631040859463,-2.92803748979401,-0.5694222337198664,-0.8660735435567236,baseline,dataset_high,1.6982920406445534,0.9889289365586071,eef_pos_p95_jerk,20,20,0.5823079406061393
-0.011683461904129389,-0.8328837155936527,-0.0032631072998260146,-0.02028770373580223,baseline,dataset_high,0.18484010925466335,0.17315664735053396,eef_pos_p95_speed,20,20,0.9367915258265306
0.0883011410071195,2.2416879789556927,0.11218890975781073,0.06554483166381182,baseline,dataset_high,0.5214385151101536,0.6097396561172731,eef_pos_path_len,20,20,1.1693414213851305
-4.073040934733627,-1.982266580022199,-2.8335906540908153,-5.366386366868054,baseline,dataset_high,8.046078121580566,3.9730371868469385,eef_pos_speed_spikiness,20,20,0.49378556010448255
0.3478473272420919,0.2301709334025451,1.2966377189650657,-0.551797516217121,baseline,dataset_high,4.414458996249811,4.762306323491903,state_endpoint_delta,20,20,1.0787972720438956
-69.72760991215105,-1.6855832554455152,-46.310528866850305,-95.30031843587957,baseline,dataset_high,223.50364958498147,153.77603967283042,state_max_speed,20,20,0.6880247367839102
-165.80587650961147,-4.940536439945212,-146.40284378737502,-187.38965253288245,baseline,dataset_high,339.72244848514345,173.91657197553198,state_mean_jerk,20,20,0.5119372380480716
-8.835496815826907,-3.1668332612984633,-7.177704937853372,-10.482707910315368,baseline,dataset_high,45.310541691905975,36.47504487607907,state_mean_speed,20,20,0.8050012980653629
-462.641515628363,-4.021539388804453,-394.2440146297945,-533.5219281875736,baseline,dataset_high,991.3360200601313,528.6945044317683,state_p95_jerk,20,20,0.533315136077035
-18.16628022845798,-1.7969489540868169,-11.947313871149928,-23.95406837769574,baseline,dataset_high,119.24226622017895,101.07598599172097,state_p95_speed,20,20,0.8476523400403112
13.360294344804117,0.6510807532514624,25.564951714325243,1.6096832090089166,baseline,dataset_high,334.1225475945717,347.4828419393758,state_path_len,20,20,1.0399862099717252
-1.2994932833324055,-1.0646842656988016,-0.5849276755177745,-2.030944168554439,baseline,dataset_high,6.044735331863164,4.745242048530758,state_speed_spikiness,20,20,0.7850206485745224
-0.0938421008087964,-0.06039369473287105,0.8402515326873794,-1.0255306659670265,baseline,dataset_low,5.013321559839455,4.919479459030659,action_endpoint_delta,20,20,0.9812814519273294
-34.44399081550392,-0.7654890010368836,-8.53339782957762,-62.039466407103035,baseline,dataset_low,296.6450651104346,262.20107429493066,action_max_speed,20,20,0.883888205584947
-528.0960346128829,-9.673548948881058,-495.0253208723925,-560.9588491662142,baseline,dataset_low,832.7759779699569,304.67994335707397,action_mean_jerk,20,20,0.36586062929688273
-12.549896749424292,-3.939276048939365,-10.47460026438919,-14.434377696506772,baseline,dataset_low,65.02537839984703,52.475481650422736,action_mean_speed,20,20,0.8070000197411568
-1708.215960367967,-5.427115143098143,-1524.9000405246213,-1907.100465340982,baseline,dataset_low,2755.501980798468,1047.2860204305011,action_p95_jerk,20,20,0.38007086466808704
-21.348569415753218,-3.1679881224284223,-17.45679812826636,-25.473958969387876,baseline,dataset_low,149.40172712809905,128.05315771234584,action_p95_speed,20,20,0.8571062743068577
-76.08218236185314,-3.676571370232665,-62.984199250684526,-88.54405462455964,baseline,dataset_low,479.69884283534077,403.6166604734876,action_path_len,20,20,0.8413959435245444
0.38425612328834013,0.30180661949278564,1.1917938892809175,-0.3425955724063908,baseline,dataset_low,5.805905765020263,6.190161888308603,action_speed_spikiness,20,20,1.0661836650779954
0.2933333396911628,0.655841354305764,0.570041694641114,0.013333415389060632,baseline,dataset_low,7.401666617393493,7.694999957084656,duration_s,20,20,1.0396307148724504
-0.001625780506833473,-1.3948807407927055,-0.0009327557065191177,-0.002340782476533352,baseline,dataset_low,0.004300737061109311,0.002674956554275838,eef_displacement_final,20,20,0.6219771858859032
-0.01669722277362684,-1.8839243338320122,-0.011178773709480998,-0.02194042872436855,baseline,dataset_low,0.139103153335791,0.12240593056216417,eef_displacement_max,20,20,0.879965182867048
-0.014899030257747317,-2.578207084079371,-0.011113546574394955,-0.018329355517944915,baseline,dataset_low,0.07957555388889995,0.06467652363115263,eef_displacement_mean,20,20,0.8127687756187475
0.0,nan,0.0,0.0,baseline,dataset_low,0.0,0.0,eef_displacement_min,20,20,1.0
-0.01669722277362684,-1.8839243338320122,-0.011178773709480998,-0.02194042872436855,baseline,dataset_low,0.139103153335791,0.12240593056216417,eef_displacement_range,20,20,0.879965182867048
-0.0009907311823609613,-2.2355363343556913,-0.0007466230159926571,-0.0012774819897716579,baseline,dataset_low,0.017037155682054064,0.016046424499693103,eef_height_final,20,20,0.941848826216174
-0.014424077991980033,-1.2599709188199204,-0.008038614492791384,-0.02151822595376341,baseline,dataset_low,0.08663752421224619,0.07221344622026615,eef_height_max,20,20,0.8335123670920311
-1.442407799198003,-1.2599709188199202,-0.8038614492791403,-2.151822595376341,baseline,dataset_low,8.663752421224618,7.221344622026615,eef_height_max_cm,20,20,0.8335123480676236
-0.005722807398101243,-1.5758280278522505,-0.0036171899080189923,-0.007979639356787395,baseline,dataset_low,0.03940491001607401,0.03368210261797277,eef_height_mean,20,20,0.8547692167433203
-0.0005690464888551661,-0.28689719004595265,0.0005868333774666608,-0.0017826531175006992,baseline,dataset_low,0.00274585393232196,0.002176807443466794,eef_height_min,20,20,0.7927623134719686
-0.013855031503124865,-1.2616950160744433,-0.007713772513527501,-0.020717828323965487,baseline,dataset_low,0.08389167027992422,0.07003663877679936,eef_height_range,20,20,0.8348461795389684
-0.001625780506833473,-1.3948807407927055,-0.0009327557065191177,-0.002340782476533352,baseline,dataset_low,0.004300737061109311,0.002674956554275838,eef_pos_endpoint_delta,20,20,0.6219771858859032
-0.23220835842831059,-2.3435536219205866,-0.17153188379122053,-0.29052478630934203,baseline,dataset_low,0.45335894990130016,0.22115059147298957,eef_pos_max_speed,20,20,0.4878046339287875
-0.2875835473877118,-4.397530124147363,-0.24506306401728378,-0.3254699846003987,baseline,dataset_low,0.5974707431079492,0.30988719572023743,eef_pos_mean_jerk,20,20,0.5186650628641699
-0.01138524673371561,-2.5212601442887177,-0.008600770170177297,-0.014080157615118822,baseline,dataset_low,0.07065499049437389,0.05926974376065828,eef_pos_mean_speed,20,20,0.8388614159783045
-0.6599596275397221,-2.6514998833116366,-0.5144769537628268,-0.8191696984790331,baseline,dataset_low,1.6982920406445534,1.0383324131048313,eef_pos_p95_jerk,20,20,0.6113980352853636
-0.012779706203609742,-0.9123298128810178,-0.00468245608129146,-0.021601988597788533,baseline,dataset_low,0.18484010925466335,0.1720604030510536,eef_pos_p95_speed,20,20,0.930860755472666
-0.0656625302256914,-2.0224143059843875,-0.04611757671539252,-0.08582281527158332,baseline,dataset_low,0.5214385151101536,0.4557759848844622,eef_pos_path_len,20,20,0.8740742636692977
-2.996996531449412,-1.3853277157659276,-1.7107117238232827,-4.328323574330361,baseline,dataset_low,8.046078121580566,5.049081590131154,eef_pos_speed_spikiness,20,20,0.6275208266141103
-0.32187418207676366,-0.20468468259130987,0.69076753089434,-1.2173016333988764,baseline,dataset_low,4.414458996249811,4.092584814173048,state_endpoint_delta,20,20,0.927086380999106
-74.78694866238035,-1.8245588317674117,-51.53728050983472,-100.14852492738603,baseline,dataset_low,223.50364958498147,148.71670092260112,state_max_speed,20,20,0.6653882440044969
-147.30337415836493,-4.297924795650242,-126.48732810020691,-168.90766889813,baseline,dataset_low,339.72244848514345,192.4190743267785,state_mean_jerk,20,20,0.5664008227573141
-6.07336679062098,-2.228906144601697,-4.355627259705061,-7.748724477411835,baseline,dataset_low,45.310541691905975,39.237174901284995,state_mean_speed,20,20,0.8659612848908954
-407.1290022508207,-3.3865027082255224,-336.87253629692344,-484.32576549196915,baseline,dataset_low,991.3360200601313,584.2070178093106,state_p95_jerk,20,20,0.5893128121965964
-8.408579687338758,-0.8897526546526511,-2.4510092048334395,-14.191094052206436,baseline,dataset_low,119.24226622017895,110.83368653284019,state_p95_speed,20,20,0.9294832281105151
-31.99604440381512,-1.5795472295591895,-19.29417231660123,-43.9271548600592,baseline,dataset_low,334.1225475945717,302.1265031907566,state_path_len,20,20,0.9042385955895383
-1.3516593424673378,-1.0694314332660777,-0.6008787719010306,-2.1165485506681954,baseline,dataset_low,6.044735331863164,4.693075989395826,state_speed_spikiness,20,20,0.7763906497102788
-0.4076406139213411,-0.09777708550171366,2.122230543235129,-2.952752528154679,eval_high,eval_low,12.813838399783354,12.406197785862012,action_endpoint_delta,20,20,0.9681874703827927
-1.0421486116304663,-0.009338147417761324,72.00521103063701,-64.17902339044439,eval_high,eval_low,374.3456048653326,373.3034562537021,action_max_speed,20,20,0.9972160789440081
144.50353485441155,2.3469988823386996,180.69178724645445,108.10487181148626,eval_high,eval_low,746.4724856698747,890.9760205242862,action_mean_jerk,20,20,1.1935818635335236
1.2017312874428896,0.37140093243142974,3.147842900459913,-0.8467756468985533,eval_high,eval_low,61.26886826343658,62.47059955087947,action_mean_speed,20,20,1.019614060473252
499.782851576605,1.0555776074725078,789.3184241582994,214.54545456473429,eval_high,eval_low,2444.5521947943607,2944.3350463709658,action_p95_jerk,20,20,1.2044476091117389
6.215376764868353,0.4720991438972999,13.88180447306039,-2.36359943455417,eval_high,eval_low,140.36768212415768,146.58305888902603,action_p95_speed,20,20,1.0442792576636548
-15.196906943201157,-0.5726700736996301,1.1966949808798077,-30.365356510843256,eval_high,eval_low,452.6005597131692,437.40365276996806,action_path_len,20,20,0.9664231370979827
-0.14424326472248783,-0.05876373030796289,1.437322497422338,-1.5764958579644521,eval_high,eval_low,7.941077093320544,7.796833828598056,action_speed_spikiness,20,20,0.9818358060442238
-0.39833335876464915,-0.6356565268829332,-0.008333300352096229,-0.7634167253971101,eval_high,eval_low,7.416666650772095,7.018333292007446,duration_s,20,20,0.9462921313598336
0.0005199909835008993,0.20323275200712693,0.002110373752697113,-0.0009785948261253508,eval_high,eval_low,0.004217085590387741,0.00473707657388864,eef_displacement_final,20,20,1.1233054770411521
-0.013866151200622706,-1.4872790011705126,-0.00801462477679032,-0.019351944042017257,eval_high,eval_low,0.14224628686144997,0.12838013566082726,eef_displacement_max,20,20,0.9025201252576118
-0.008529613486208037,-1.6566813446738158,-0.005367301460557858,-0.011577228404763367,eval_high,eval_low,0.08993130821533359,0.08140169472912555,eef_displacement_mean,20,20,0.9051541370072599
0.0,nan,0.0,0.0,eval_high,eval_low,0.0,0.0,eef_displacement_min,20,20,1.0
-0.013866151200622706,-1.4872790011705126,-0.00801462477679032,-0.019351944042017257,eval_high,eval_low,0.14224628686144997,0.12838013566082726,eef_displacement_range,20,20,0.9025201252576118
0.00017553769780796757,0.14160256009490463,0.0009516510554222995,-0.000580443451567996,eval_high,eval_low,0.017884785328517,0.018060323026324966,eef_height_final,20,20,1.0098149123086735
-0.01792536126262821,-0.9823124017761969,-0.006564981190186316,-0.028589006438727197,eval_high,eval_low,0.10081195580881559,0.08288659454618738,eef_height_max,20,20,0.8221901426203444
-1.7925361262628208,-0.9823124017761968,-0.6564981190186334,-2.858900643872719,eval_high,eval_low,10.081195580881559,8.288659454618738,eef_height_max_cm,20,20,0.8221901251589475
-0.004577083504747025,-0.8561413732235754,-0.0012877383976914274,-0.00771601526249461,eval_high,eval_low,0.04752686860149218,0.04294978509674516,eef_height_mean,20,20,0.9036948430145101
0.0017173649704567422,1.012914009776145,0.002762150662800961,0.0006973171281253151,eval_high,eval_low,0.003475483828414916,0.005192848798871658,eef_height_min,20,20,1.494135525839788
-0.019642726233084953,-1.0721925962085639,-0.00812305819633908,-0.030365206425101366,eval_high,eval_low,0.09733647198040067,0.07769374574731572,eef_height_range,20,20,0.7981976969638153
0.0005199909835008993,0.20323275200712693,0.002110373752697113,-0.0009785948261253508,eval_high,eval_low,0.004217085590387741,0.00473707657388864,eef_pos_endpoint_delta,20,20,1.1233054770411521
-0.04955100615902014,-0.5061863703743693,0.008854280177928237,-0.10942484783782842,eval_high,eval_low,0.3797978096718153,0.3302468035127952,eef_pos_max_speed,20,20,0.8695332000540779
0.005510216025112258,0.10610562135298789,0.03680015473627575,-0.025293502855884803,eval_high,eval_low,0.5373899764200588,0.5429001924451711,eef_pos_mean_jerk,20,20,1.010253663381076
-0.0012137811191315906,-0.3595628531192294,0.0009061517515838191,-0.003255275817005579,eval_high,eval_low,0.06925392859219182,0.06804014747306023,eef_pos_mean_speed,20,20,0.9824734716348906
0.058669077020888416,0.2585570479686391,0.19377641200376133,-0.07028621735603516,eval_high,eval_low,1.5541731696025498,1.6128422466234382,eef_pos_p95_jerk,20,20,1.0377493819806438
0.001914419476261059,0.14867719835906293,0.00956603788959842,-0.005723718270984525,eval_high,eval_low,0.18583819164267956,0.18775261111894062,eef_pos_p95_speed,20,20,1.0103015389695926
-0.03649361682373525,-0.9274193324887767,-0.01232299080257902,-0.05885748092886341,eval_high,eval_low,0.5130135820886779,0.4765199652649426,eef_pos_path_len,20,20,0.9288642301363681
-0.4822302217838841,-0.2670451124635038,0.6058181937814733,-1.5410188874354935,eval_high,eval_low,6.649851960702352,6.167621738918468,eef_pos_speed_spikiness,20,20,0.9274825629339609
-1.0443755933862704,-0.6242580624457896,-0.017001931404673425,-2.049700666269131,eval_high,eval_low,6.044031904037141,4.99965631065087,state_endpoint_delta,20,20,0.8272054800106649
11.73457544480334,0.17221227293063684,50.84167783653909,-31.176303282154034,eval_high,eval_low,208.05884271020358,219.79341815500692,state_max_speed,20,20,1.0564002725929988
29.998367906129545,0.7276443251261564,54.32302847765069,4.0250643710555005,eval_high,eval_low,311.0786047694564,341.0769726755859,state_mean_jerk,20,20,1.096433401221525
-0.23181365849006141,-0.0926517200698844,1.2721337935798018,-1.8138919940265066,eval_high,eval_low,44.885688956943866,44.653875298453805,state_mean_speed,20,20,0.9948354661847615
-29.03899260730907,-0.18259767425690335,65.54351105323424,-122.19607656665247,eval_high,eval_low,1004.187303444303,975.1483108369939,state_p95_jerk,20,20,0.9710820954343699
-3.5139723955558964,-0.3296696425716291,2.7592302420183206,-9.72501880898646,eval_high,eval_low,118.78735539676936,115.27338300121346,state_p95_speed,20,20,0.970417959188309
-19.24319385297059,-1.053995210659791,-8.784196058833755,-30.23495128009355,eval_high,eval_low,331.627069107296,312.3838752543254,state_path_len,20,20,0.941973392268035
0.1604661612632876,0.07784315327873659,1.3276731716736896,-1.134420258412386,eval_high,eval_low,5.861910846250714,6.0223770075140015,state_speed_spikiness,20,20,1.0273743776045619
-8.746176187749114,-3.310934539825798,-7.078265892360497,-10.28263714856217,eval_high,prompt_low,12.813838399783354,4.0676622120342385,action_endpoint_delta,20,20,0.3174429153819032
-48.84245058234069,-0.6048128031073133,0.3835257346058885,-97.52367767143788,eval_high,prompt_low,374.3456048653326,325.5031542829919,action_max_speed,20,20,0.8695257805989025
-9.742523282066486,-0.14859963564476156,29.83799037586432,-48.78237409802631,eval_high,prompt_low,746.4724856698747,736.7299623878082,action_mean_jerk,20,20,0.9869485835459921
0.4680858640591552,0.1440573955793904,2.377969773352082,-1.5875975006404817,eval_high,prompt_low,61.26886826343658,61.736954127495736,action_mean_speed,20,20,1.0076398647020888
-12.048841015292055,-0.03131102892298786,219.957965074929,-256.86944376565003,eval_high,prompt_low,2444.5521947943607,2432.5033537790687,action_p95_jerk,20,20,0.9950711459379348
3.267077225247874,0.2745962113321044,10.215224709076935,-4.340028630229042,eval_high,prompt_low,140.36768212415768,143.63475934940556,action_p95_speed,20,20,1.0232751383764058
29.914874449409808,1.2444649201834106,44.2381102223387,14.958616473660504,eval_high,prompt_low,452.6005597131692,482.515434162579,action_path_len,20,20,1.06609553127311
-1.154301618256726,-0.6105546388176495,0.005638365033089697,-2.264913913970641,eval_high,prompt_low,7.941077093320544,6.786775475063818,action_speed_spikiness,20,20,0.85464168106691
0.4199999332427975,0.6717127533494063,0.8050415670871738,0.03833322525024483,eval_high,prompt_low,7.416666650772095,7.836666584014893,duration_s,20,20,1.0566292045271823
9.686903980433113e-05,0.038106191754134225,0.0017797028542350323,-0.0013006122530218789,eval_high,prompt_low,0.004217085590387741,0.004313954630192072,eef_displacement_final,20,20,1.0229705582261712
-0.003733809363353102,-0.3699001199162919,0.002475852525260679,-0.00985873711498777,eval_high,prompt_low,0.14224628686144997,0.13851247749809686,eef_displacement_max,20,20,0.9737510961920514
-0.011461344606312332,-2.063299332782272,-0.007999017978226329,-0.014733477618756586,eval_high,prompt_low,0.08993130821533359,0.07846996360902125,eef_displacement_mean,20,20,0.8725544689685407
0.0,nan,0.0,0.0,eval_high,prompt_low,0.0,0.0,eef_displacement_min,20,20,1.0
-0.003733809363353102,-0.3699001199162919,0.002475852525260679,-0.00985873711498777,eval_high,prompt_low,0.14224628686144997,0.13851247749809686,eef_displacement_range,20,20,0.9737510961920514
-0.0006087178853204644,-0.40029006408049234,0.0004095051367936882,-0.0014614994198417792,eval_high,prompt_low,0.017884785328517,0.017276067443196534,eef_height_final,20,20,0.9659645036949417
-0.01160253304417587,-0.5108358822467749,0.0027316690797611256,-0.024880792985923203,eval_high,prompt_low,0.10081195580881559,0.08920942276463972,eef_height_max,20,20,0.8849091677650702
-1.1602533044175871,-0.510835882246775,0.27316690797611326,-2.488079298592318,eval_high,prompt_low,10.081195580881559,8.920942276463972,eef_height_max_cm,20,20,0.884909156462847
-0.007823436788510212,-1.1804320476099948,-0.003533213667629432,-0.011683961536570768,eval_high,prompt_low,0.04752686860149218,0.03970343181298197,eef_height_mean,20,20,0.8353892151405756
-0.0008238795301339216,-0.41706401034021906,0.00039285805209294275,-0.001988122176782246,eval_high,prompt_low,0.003475483828414916,0.002651604298280994,eef_height_min,20,20,0.7629460529038914
-0.010778653514041947,-0.48430415333204463,0.003231038098330003,-0.023586286338922076,eval_high,prompt_low,0.09733647198040067,0.08655781846635872,eef_height_range,20,20,0.889263991314045
9.686903980433113e-05,0.038106191754134225,0.0017797028542350323,-0.0013006122530218789,eval_high,prompt_low,0.004217085590387741,0.004313954630192072,eef_pos_endpoint_delta,20,20,1.0229705582261712
0.014077956399901503,0.11532171780128217,0.08617060647372185,-0.05939510014845816,eval_high,prompt_low,0.3797978096718153,0.3938757660717168,eef_pos_max_speed,20,20,1.0370669752977157
-0.03561884048220376,-0.6648353346210382,-0.0039006296481255013,-0.06847105487571674,eval_high,prompt_low,0.5373899764200588,0.501771135937855,eef_pos_mean_jerk,20,20,0.9337188236061367
-0.002927133261176537,-0.9199421634454249,-0.0009511580118345505,-0.004975602708952856,eval_high,prompt_low,0.06925392859219182,0.06632679533101528,eef_pos_mean_speed,20,20,0.9577333315522568
-0.12295279721733166,-0.607044294843751,-0.0002853809247339798,-0.24650382853722397,eval_high,prompt_low,1.5541731696025498,1.4312203723852182,eef_pos_p95_jerk,20,20,0.9208886121373073
-0.010034989049636789,-0.8103922689142231,-0.0025621160831819974,-0.017643549892317072,eval_high,prompt_low,0.18583819164267956,0.17580320259304277,eef_pos_p95_speed,20,20,0.9460014735348571
0.006356825403263211,0.14873299766376796,0.032421841170543426,-0.01834140163784144,eval_high,prompt_low,0.5130135820886779,0.5193704074919411,eef_pos_path_len,20,20,1.012391144213903
0.634211209732209,0.27107606665414974,2.015865741555879,-0.7391940560354137,eval_high,prompt_low,6.649851960702352,7.284063170434561,eef_pos_speed_spikiness,20,20,1.0953722297167503
-2.029188885649991,-1.669853257220871,-1.2592205823248401,-2.7285916086227306,eval_high,prompt_low,6.044031904037141,4.0148430183871495,state_endpoint_delta,20,20,0.6642656897728747
26.789827838518846,0.3367089212752936,75.22468736146003,-20.04586782021705,eval_high,prompt_low,208.05884271020358,234.84867054872242,state_max_speed,20,20,1.1287608230838122
-0.4273772674017664,-0.010369043438069343,24.01700101362052,-25.04962539086128,eval_high,prompt_low,311.0786047694564,310.6512275020546,state_mean_jerk,20,20,0.9986261438079139
-1.46517623343491,-0.5665657435365865,0.11248984099791884,-3.045725381625046,eval_high,prompt_low,44.885688956943866,43.420512723508956,state_mean_speed,20,20,0.9673576084681703
-123.83223752479012,-0.8682679294978852,-38.67722002901242,-209.1698082596045,eval_high,prompt_low,1004.187303444303,880.3550659195129,state_p95_jerk,20,20,0.8766841234709702
-0.4617156542862375,-0.0474295790445789,5.203104091948428,-6.375521755890773,eval_high,prompt_low,118.78735539676936,118.32563974248312,state_p95_speed,20,20,0.9961130908866086
7.453373477780644,0.4386819789708933,17.59812801724181,-2.8806512241971305,eval_high,prompt_low,331.627069107296,339.08044258507664,state_path_len,20,20,1.0224751661485885
0.8562927228535617,0.35008211978671544,2.308654900707974,-0.5760528965692273,eval_high,prompt_low,5.861910846250714,6.718203569104276,state_speed_spikiness,20,20,1.1460774044252948
-6.492836458555779,-2.46965161847327,-4.851802907837686,-8.054919569287176,eval_high,prompt_high,12.813838399783354,6.321001941227575,action_endpoint_delta,20,20,0.49329496354515406
-44.94534958569284,-0.4631746009113901,17.639545772883128,-98.82741183173047,eval_high,prompt_high,374.3456048653326,329.40025527963974,action_max_speed,20,20,0.8799362166929651
50.70218484034558,0.8327646454795229,87.51145463382646,14.427214087345565,eval_high,prompt_high,746.4724856698747,797.1746705102203,action_mean_jerk,20,20,1.067922375992421
2.4459088625640675,0.6961239537355636,4.551398660204644,0.3020344184226968,eval_high,prompt_high,61.26886826343658,63.71477712600065,action_mean_speed,20,20,1.0399209081461769
102.20785063649737,0.2949689240890411,311.2545253297592,-116.52416591657848,eval_high,prompt_high,2444.5521947943607,2546.760045430858,action_p95_jerk,20,20,1.0418104595409046
6.581736283944451,0.5123755313758992,13.838671979272712,-1.5069820330918473,eval_high,prompt_high,140.36768212415768,146.94941840810213,action_p95_speed,20,20,1.0468892567282966
34.268118097512286,1.1175426019422687,53.418049463631924,16.341137538874886,eval_high,prompt_high,452.6005597131692,486.8686778106815,action_path_len,20,20,1.0757138217382503
-1.3782289854082022,-0.7051521081973647,-0.150793718434521,-2.5085773356567644,eval_high,prompt_high,7.941077093320544,6.562848107912342,action_speed_spikiness,20,20,0.8264430671713414
0.2666666507720947,0.33075925294133357,0.7683333402872089,-0.1983333593606954,eval_high,prompt_high,7.416666650772095,7.68333330154419,duration_s,20,20,1.0359550540652631
0.0018026646236681309,0.8571952393437848,0.0031059952606472072,0.0006042007502688651,eval_high,prompt_high,0.004217085590387741,0.006019750214055872,eef_displacement_final,20,20,1.4274659146396975
-0.0024749300691343235,-0.25807449855286446,0.003565783078007289,-0.00815327881998723,eval_high,prompt_high,0.14224628686144997,0.13977135679231564,eef_displacement_max,20,20,0.9826010931479999
-0.01041642782152595,-1.8744937977720313,-0.007041496933607187,-0.013608322657429808,eval_high,prompt_high,0.08993130821533359,0.07951488039380764,eef_displacement_mean,20,20,0.8841735223252858
0.0,nan,0.0,0.0,eval_high,prompt_high,0.0,0.0,eef_displacement_min,20,20,1.0
-0.0024749300691343235,-0.25807449855286446,0.003565783078007289,-0.00815327881998723,eval_high,prompt_high,0.14224628686144997,0.13977135679231564,eef_displacement_range,20,20,0.9826010931479999
-0.0001867254652131653,-0.13319821980699756,0.000686342428792375,-0.000985331045119061,eval_high,prompt_high,0.017884785328517,0.017698059863303833,eef_height_final,20,20,0.9895595413990881
-0.010810534736427749,-0.528681062588802,0.0018739313639448347,-0.0220785627442142,eval_high,prompt_high,0.10081195580881559,0.09000142107238784,eef_height_max,20,20,0.8927653612376795
-1.0810534736427755,-0.5286810625888023,0.18739313639447913,-2.2078562744214203,eval_high,prompt_high,10.081195580881559,9.000142107238783,eef_height_max_cm,20,20,0.8927653507069551
-0.007074832338750538,-1.134063193660457,-0.0031736569690985665,-0.01071655761732173,eval_high,prompt_high,0.04752686860149218,0.040452036262741645,eef_height_mean,20,20,0.8511403957732581
-0.0013301599969091442,-0.6430601549988474,-4.8270192706484976e-05,-0.0025638386070614702,eval_high,prompt_high,0.003475483828414916,0.0021453238315057716,eef_height_min,20,20,0.6172745334680119
-0.009480374739518613,-0.469319817162132,0.0029539962730786642,-0.02081567794185491,eval_high,prompt_high,0.09733647198040067,0.08785609724088206,eef_height_range,20,20,0.9026020404001498
0.0018026646236681309,0.8571952393437848,0.0031059952606472072,0.0006042007502688651,eval_high,prompt_high,0.004217085590387741,0.006019750214055872,eef_pos_endpoint_delta,20,20,1.4274659146396975
0.055956310188903735,0.4538785481742536,0.134888334181368,-0.013743204598253898,eval_high,prompt_high,0.3797978096718153,0.43575411986071905,eef_pos_max_speed,20,20,1.1473318362839886
0.006265143350921543,0.10491714025502319,0.04295709997047379,-0.029200274620387212,eval_high,prompt_high,0.5373899764200588,0.5436551197709804,eef_pos_mean_jerk,20,20,1.011658466866229
-0.0016837381828125053,-0.4266788090058003,0.000664917485631508,-0.004149936095433103,eval_high,prompt_high,0.06925392859219182,0.06757019040937931,eef_pos_mean_speed,20,20,0.9756874739972935
-0.0847892678500839,-0.3986295046258271,0.042245012747418126,-0.21580691424091827,eval_high,prompt_high,1.5541731696025498,1.469383901752466,eef_pos_p95_jerk,20,20,0.9454441313472112
-0.009080800404420442,-0.7933832685726997,-0.002160723350359753,-0.015865908416699145,eval_high,prompt_high,0.18583819164267956,0.17675739123825912,eef_pos_p95_speed,20,20,0.9511359864433011
0.003258022265014704,0.07509257991024892,0.029980442323977542,-0.021140327176896737,eval_high,prompt_high,0.5130135820886779,0.5162716043536926,eef_pos_path_len,20,20,1.0063507523294852
1.3930798821525032,0.590450562322615,2.9252631214179,0.004727871091887089,eval_high,prompt_high,6.649851960702352,8.042931842854856,eef_pos_speed_spikiness,20,20,1.2094903598290727
-0.5513119090148333,-0.45774538477851184,0.2042224457732335,-1.2630463898517714,eval_high,prompt_high,6.044031904037141,5.492719995022307,state_endpoint_delta,20,20,0.9087840837282108
37.25606806803955,0.42672666120400826,88.98867371527597,-15.088453608604755,eval_high,prompt_high,208.05884271020358,245.31491077824313,state_max_speed,20,20,1.1790650547746309
16.34683724216393,0.4126553136965025,39.85800407114754,-8.343824496420519,eval_high,prompt_high,311.0786047694564,327.4254420116203,state_mean_jerk,20,20,1.052548895973586
-0.49190078343902854,-0.1654290387297976,1.329986177541953,-2.3399968789934027,eval_high,prompt_high,44.885688956943866,44.39378817350484,state_mean_speed,20,20,0.9890410330160847
-160.8192215333023,-1.0816559558428394,-69.6567731476404,-251.93906169993664,eval_high,prompt_high,1004.187303444303,843.3680819110007,state_p95_jerk,20,20,0.839851369380891
-1.7656538624888896,-0.17435033683297713,4.192272165513795,-8.003944556095245,eval_high,prompt_high,118.78735539676936,117.02170153428047,state_p95_speed,20,20,0.98513601168708
6.9326000787691555,0.34509666235606407,19.49030588303829,-4.255546279754385,eval_high,prompt_high,331.627069107296,338.55966918606515,state_path_len,20,20,1.020904807611821
0.9804741050465431,0.37718014962336227,2.5381634628414376,-0.6149851857874801,eval_high,prompt_high,5.861910846250714,6.842384951297257,state_speed_spikiness,20,20,1.1672618586481978
-6.34471578234355,-1.9356528369474304,-4.242178313456349,-8.230188415687982,eval_high,dataset_high,12.813838399783354,6.469122617439804,action_endpoint_delta,20,20,0.5048543941759586
-116.35138949677037,-1.9251700869419164,-82.26337265965897,-153.5425239444912,eval_high,dataset_high,374.3456048653326,257.9942153685622,action_max_speed,20,20,0.6891872430677566
-480.40673899994357,-10.757756969631044,-453.992622134001,-506.81863997037306,eval_high,dataset_high,746.4724856698747,266.0657466699311,action_mean_jerk,20,20,0.3564307483317391
-13.848717204452214,-4.333608406558761,-11.955198899308249,-15.797255173599007,eval_high,dataset_high,61.26886826343658,47.420151058984366,action_mean_speed,20,20,0.773968124518853
-1527.1088420458332,-5.38385373575652,-1362.3352666794387,-1702.3306063785938,eval_high,dataset_high,2444.5521947943607,917.4433527485274,action_p95_jerk,20,20,0.37530119205818435
-23.505466704675243,-1.9571130091906206,-16.381056773336837,-30.89405322810211,eval_high,dataset_high,140.36768212415768,116.86221541948244,action_p95_speed,20,20,0.832543600155699
-1.1237323549829625,-0.046421143242275316,13.630996273151283,-15.46264923838135,eval_high,dataset_high,452.6005597131692,451.47682735818626,action_path_len,20,20,0.9975171653440502
-1.2935278556353627,-0.8474282725129725,-0.40793281597434866,-2.2510136879103406,eval_high,dataset_high,7.941077093320544,6.6475492376851815,action_speed_spikiness,20,20,0.8371092688302351
2.1183334350585934,3.6716468417611607,2.468375265002251,1.7782917153835298,eval_high,dataset_high,7.416666650772095,9.535000085830688,duration_s,20,20,1.285617991470857
-0.0009520447450081402,-0.4792146428462811,0.00020501763695045545,-0.0021776569502113406,eval_high,dataset_high,0.004217085590387741,0.003265040845379601,eef_displacement_final,20,20,0.7742416019266463
0.014428444888415826,1.3942604213103549,0.020696068112653242,0.0080387802514569,eval_high,dataset_high,0.14224628686144997,0.1566747317498658,eef_displacement_max,20,20,1.1014328330984204
-0.012456480583748764,-2.146297282502861,-0.008987846198250745,-0.015832403140142413,eval_high,dataset_high,0.08993130821533359,0.07747482763158482,eef_displacement_mean,20,20,0.8614889581188759
0.0,nan,0.0,0.0,eval_high,dataset_high,0.0,0.0,eef_displacement_min,20,20,1.0
0.014428444888415826,1.3942604213103549,0.020696068112653242,0.0080387802514569,eval_high,dataset_high,0.14224628686144997,0.1566747317498658,eef_displacement_range,20,20,1.1014328330984204
-0.001470037251138822,-1.3993623990677022,-0.0009007585971180451,-0.002132902221040244,eval_high,dataset_high,0.017884785328517,0.016414748077378177,eef_height_final,20,20,0.9178051957466422
0.027344873460352845,1.6180670411354974,0.03775945280150503,0.017538691414482593,eval_high,dataset_high,0.10081195580881559,0.12815682926916844,eef_height_max,20,20,1.2712463073303313
2.7344873460352854,1.618067041135498,3.7759452801504985,1.7538691414482594,eval_high,dataset_high,10.081195580881559,12.815682926916844,eef_height_max_cm,20,20,1.2712463339674342
0.0015258705804844647,0.29285083832525977,0.004671327762152094,-0.0015988048543219243,eval_high,dataset_high,0.04752686860149218,0.04905273918197665,eef_height_mean,20,20,1.032105423822985
-0.0017132311523709142,-0.7922484043970014,-0.0004068813376308624,-0.003060688303955755,eval_high,dataset_high,0.003475483828414916,0.0017622526760440016,eef_height_min,20,20,0.507053893071571
0.029058104612723748,1.7523400169790535,0.03928261831707581,0.019338486477311685,eval_high,dataset_high,0.09733647198040067,0.12639457659312442,eef_height_range,20,20,1.2985325134164474
-0.0009520447450081402,-0.4792146428462811,0.00020501763695045545,-0.0021776569502113406,eval_high,dataset_high,0.004217085590387741,0.003265040845379601,eef_pos_endpoint_delta,20,20,0.7742416019266463
-0.1463549032428982,-1.9420625198402814,-0.1033544988055407,-0.19114870581890378,eval_high,dataset_high,0.3797978096718153,0.2334429064289171,eef_pos_max_speed,20,20,0.6146504912288226
-0.2343334819383744,-6.66781580254595,-0.21301828100661083,-0.2544657464785155,eval_high,dataset_high,0.5373899764200588,0.3030564944816844,eef_pos_mean_jerk,20,20,0.5639414803773358
-0.005246499473170782,-1.3635269738831794,-0.002955107920633482,-0.007593675519354823,eval_high,dataset_high,0.06925392859219182,0.06400742911902103,eef_pos_mean_speed,20,20,0.9242425834570178
-0.5652442330439427,-3.0423421609913235,-0.4513766815219549,-0.6772610848333056,eval_high,dataset_high,1.5541731696025498,0.9889289365586071,eef_pos_p95_jerk,20,20,0.636305502847184
-0.012681544292145602,-0.8913730275497312,-0.004026866361188696,-0.021111354552423585,eval_high,dataset_high,0.18583819164267956,0.17315664735053396,eef_pos_p95_speed,20,20,0.9317602937391256
0.09672607402859523,2.1808924934784955,0.12370124468922251,0.07143571918775514,eval_high,dataset_high,0.5130135820886779,0.6097396561172731,eef_pos_path_len,20,20,1.1885448563551422
-2.6768147738554138,-1.989544325394055,-1.9053871608068889,-3.4615343099451286,eval_high,dataset_high,6.649851960702352,3.9730371868469385,eef_pos_speed_spikiness,20,20,0.5974625020754123
-1.2817255805452374,-0.7407470179499338,-0.21225169727780574,-2.319233331831344,eval_high,dataset_high,6.044031904037141,4.762306323491903,state_endpoint_delta,20,20,0.7879353387316741
-54.28280303737316,-1.052341259589008,-25.33658708445436,-88.00032957273586,eval_high,dataset_high,208.05884271020358,153.77603967283042,state_max_speed,20,20,0.7390987937466692
-137.1620327939244,-4.639119000455677,-120.17009826798848,-155.81993577081604,eval_high,dataset_high,311.0786047694564,173.91657197553198,state_mean_jerk,20,20,0.559075967660433
-8.410644080864799,-3.258643629494816,-6.85136631731067,-9.962650389872577,eval_high,dataset_high,44.885688956943866,36.47504487607907,state_mean_speed,20,20,0.8126208091167135
-475.49279901253465,-3.7761016686264273,-402.1065291731213,-551.0235698119578,eval_high,dataset_high,1004.187303444303,528.6945044317683,state_p95_jerk,20,20,0.5264899313336393
-17.711369405048387,-1.6116485482762255,-11.003808772893137,-24.585860664339634,eval_high,dataset_high,118.78735539676936,101.07598599172097,state_p95_speed,20,20,0.8508985291877366
15.855772832079822,0.7009580831411073,29.636187566982745,2.7808807861442233,eval_high,dataset_high,331.627069107296,347.4828419393758,state_path_len,20,20,1.0478120585098307
-1.1166687977199556,-0.6780726140589822,-0.21877235357881775,-2.162290133464763,eval_high,dataset_high,5.861910846250714,4.745242048530758,state_speed_spikiness,20,20,0.8095043024188568
-7.894358940752695,-2.972575102715967,-6.198770737694325,-9.430805017605875,eval_high,dataset_low,12.813838399783354,4.919479459030659,action_endpoint_delta,20,20,0.38391926850541835
-112.14453057040191,-1.9180272190866892,-78.95419348472812,-149.44886337536906,eval_high,dataset_low,374.3456048653326,262.20107429493066,action_max_speed,20,20,0.7004251442787764
-441.7925423128007,-10.213208801575671,-417.07360022302856,-467.72846160308535,eval_high,dataset_low,746.4724856698747,304.67994335707397,action_mean_jerk,20,20,0.4081596431375184
-8.793386613013844,-2.905429449918177,-6.92231566822763,-10.717071910344014,eval_high,dataset_low,61.26886826343658,52.475481650422736,action_mean_speed,20,20,0.8564787165029738
-1397.2661743638596,-4.972348810850703,-1236.3227392128927,-1576.197479034755,eval_high,dataset_low,2444.5521947943607,1047.2860204305011,action_p95_jerk,20,20,0.4284163057211041
-12.314524411811846,-1.1265088995787682,-6.046684158727504,-19.29024340126877,eval_high,dataset_low,140.36768212415768,128.05315771234584,action_p95_speed,20,20,0.912269517993165
-48.98389923968159,-2.0896043272689964,-34.67482213927171,-63.400744929164816,eval_high,dataset_low,452.6005597131692,403.6166604734876,action_path_len,20,20,0.8917723405608637
-1.7509152050119408,-1.1089000049109408,-0.8164523647310006,-2.7348455780503103,eval_high,dataset_low,7.941077093320544,6.190161888308603,action_speed_spikiness,20,20,0.7795116226387224
0.27833330631256104,0.5318206643107263,0.5983750474452977,-0.021666741967201752,eval_high,dataset_low,7.416666650772095,7.694999957084656,duration_s,20,20,1.0375280862742167
-0.0015421290361119031,-0.8866669467835261,-0.0005669362874107817,-0.0025991738096433257,eval_high,dataset_low,0.004217085590387741,0.002674956554275838,eef_displacement_final,20,20,0.634314896815011
-0.019840356299285794,-1.9211888371574333,-0.013267992814869864,-0.026080289662360517,eval_high,dataset_low,0.14224628686144997,0.12240593056216417,eef_displacement_max,20,20,0.8605211050336825
-0.025254784584180956,-3.8684495488320163,-0.0211913631220927,-0.029092977702070484,eval_high,dataset_low,0.08993130821533359,0.06467652363115263,eef_displacement_mean,20,20,0.7191769776607707
0.0,nan,0.0,0.0,eval_high,dataset_low,0.0,0.0,eef_displacement_min,20,20,1.0
-0.019840356299285794,-1.9211888371574333,-0.013267992814869864,-0.026080289662360517,eval_high,dataset_low,0.14224628686144997,0.12240593056216417,eef_displacement_range,20,20,0.8605211050336825
-0.0018383608288238956,-2.068030158799321,-0.001398565407486193,-0.002418358318085762,eval_high,dataset_low,0.017884785328517,0.016046424499693103,eef_height_final,20,20,0.8972109663512525
-0.02859850958854944,-1.7866944681356607,-0.018569669542854588,-0.037824672446936096,eval_high,dataset_low,0.10081195580881559,0.07221344622026615,eef_height_max,20,20,0.7163183025040405
-2.8598509588549437,-1.7866944681356607,-1.856966954285457,-3.782467244693608,eval_high,dataset_low,10.081195580881559,7.221344622026615,eef_height_max_cm,20,20,0.7163182746457494
-0.013844765983519414,-2.7734116983553414,-0.010760721001429835,-0.01682209013056869,eval_high,dataset_low,0.04752686860149218,0.03368210261797277,eef_height_mean,20,20,0.7086960812300277
-0.001298676384948122,-0.636698464733611,-0.00013633956752298723,-0.0025769387193246424,eval_high,dataset_low,0.003475483828414916,0.002176807443466794,eef_height_min,20,20,0.6263332783587721
-0.027299833203601312,-1.7213600159077598,-0.017760203431345364,-0.03640262540194059,eval_high,dataset_low,0.09733647198040067,0.07003663877679936,eef_height_range,20,20,0.7195313345195863
-0.0015421290361119031,-0.8866669467835261,-0.0005669362874107817,-0.0025991738096433257,eval_high,dataset_low,0.004217085590387741,0.002674956554275838,eef_pos_endpoint_delta,20,20,0.634314896815011
-0.15864721819882574,-2.1427973777792957,-0.11624083401006285,-0.20329632261959865,eval_high,dataset_low,0.3797978096718153,0.22115059147298957,eef_pos_max_speed,20,20,0.5822850738429373
-0.22750278069982138,-6.275888861215599,-0.205062663342166,-0.24906992205842307,eval_high,dataset_low,0.5373899764200588,0.30988719572023743,eef_pos_mean_jerk,20,20,0.576652363369513
-0.009984184831533537,-2.755659440003424,-0.007778703288835181,-0.012193913208264252,eval_high,dataset_low,0.06925392859219182,0.05926974376065828,eef_pos_mean_speed,20,20,0.8558322452918335
-0.5158407564977185,-2.6539845025541795,-0.40127600225779625,-0.6328114617099948,eval_high,dataset_low,1.5541731696025498,1.0383324131048313,eef_pos_p95_jerk,20,20,0.6680931293450612
-0.013777788591625956,-0.9697679277110418,-0.005915133637944189,-0.02233481841448751,eval_high,dataset_low,0.18583819164267956,0.1720604030510536,eef_pos_p95_speed,20,20,0.9258613758105709
-0.05723759720421567,-1.4930820813454395,-0.03405586645618396,-0.08016169602572892,eval_high,dataset_low,0.5130135820886779,0.4557759848844622,eef_pos_path_len,20,20,0.8884286925592376
-1.6007703705711984,-1.0628219174243922,-0.7006733872058386,-2.473763452843124,eval_high,dataset_low,6.649851960702352,5.049081590131154,eef_pos_speed_spikiness,20,20,0.7592772925436826
-1.951447089864093,-1.093807377029924,-0.8157518002629962,-2.9879931087475478,eval_high,dataset_low,6.044031904037141,4.092584814173048,state_endpoint_delta,20,20,0.6771282617929437
-59.34214178760246,-1.1572123241727028,-30.664268924533143,-92.30426620716693,eval_high,dataset_low,208.05884271020358,148.71670092260112,state_max_speed,20,20,0.7147819289401439
-118.65953044267786,-3.9067287425158557,-101.31195719527207,-137.67874390822521,eval_high,dataset_low,311.0786047694564,192.4190743267785,state_mean_jerk,20,20,0.6185545112406453
-5.648514055658872,-2.2500326072149854,-4.14946145331791,-7.19309149427543,eval_high,dataset_low,44.885688956943866,39.237174901284995,state_mean_speed,20,20,0.8741577953761893
-419.98028563499236,-3.2140245050702356,-339.5675247440242,-499.80724911681307,eval_high,dataset_low,1004.187303444303,584.2070178093106,state_p95_jerk,20,20,0.5817709662427492
-7.953668863929167,-0.7657664391826493,-1.8059571796156044,-14.461055395572037,eval_high,dataset_low,118.78735539676936,110.83368653284019,state_p95_speed,20,20,0.9330427987331393
-29.500565916539415,-1.3180965753863232,-15.441460411734004,-42.79337236206822,eval_high,dataset_low,331.627069107296,302.1265031907566,state_path_len,20,20,0.9110429495545639
-1.1688348568548879,-0.6960593489789915,-0.25746668707238146,-2.244874446959697,eval_high,dataset_low,5.861910846250714,4.693075989395826,state_speed_spikiness,20,20,0.8006051464244757
-8.338535573827773,-2.2982402168069487,-6.198763491538164,-10.620744105310617,eval_low,prompt_low,12.406197785862012,4.0676622120342385,action_endpoint_delta,20,20,0.32787339755222783
-47.80030197071022,-0.4119378903747209,20.809411339097796,-118.89907882391554,eval_low,prompt_low,373.3034562537021,325.5031542829919,action_max_speed,20,20,0.8719532295544994
-154.24605813647804,-2.257699460435889,-110.16168855880704,-195.71314093923843,eval_low,prompt_low,890.9760205242862,736.7299623878082,action_mean_jerk,20,20,0.826879675118549
-0.7336454233837344,-0.25624299424777275,0.9534026749475789,-2.4206795669326433,eval_low,prompt_low,62.47059955087947,61.736954127495736,action_mean_speed,20,20,0.9882561488357612
-511.8316925918971,-1.0639188739962524,-215.59888667705448,-814.3828794465347,eval_low,prompt_low,2944.3350463709658,2432.5033537790687,action_p95_jerk,20,20,0.8261639098372938
-2.9482995396204785,-0.265248762350504,3.650001673750396,-9.609538841398122,eval_low,prompt_low,146.58305888902603,143.63475934940556,action_p95_speed,20,20,0.9798864919195648
45.111781392610965,1.6897557480619876,60.945731743170064,28.873749184220813,eval_low,prompt_low,437.40365276996806,482.515434162579,action_path_len,20,20,1.103135355879856
-1.0100583535342382,-0.39607885319399344,0.5255883484310249,-2.566205548239608,eval_low,prompt_low,7.796833828598056,6.786775475063818,action_speed_spikiness,20,20,0.8704527537147237
0.8183332920074466,1.3508541326240464,1.1749999761581416,0.444958198070526,eval_low,prompt_low,7.018333292007446,7.836666584014893,duration_s,20,20,1.1165993772016185
-0.0004231219436965682,-0.14266192416084683,0.0014637432384969145,-0.0021892660690193367,eval_low,prompt_low,0.00473707657388864,0.004313954630192072,eef_displacement_final,20,20,0.9106788661982949
0.010132341837269604,1.1761028557054973,0.0154893290905898,0.005006007995782403,eval_low,prompt_low,0.12838013566082726,0.13851247749809686,eef_displacement_max,20,20,1.07892452361005
-0.0029317311201042945,-0.6297110650892077,-9.352758878626378e-05,-0.005691937526163531,eval_low,prompt_low,0.08140169472912555,0.07846996360902125,eef_displacement_mean,20,20,0.9639844014340977
0.0,nan,0.0,0.0,eval_low,prompt_low,0.0,0.0,eef_displacement_min,20,20,1.0
0.010132341837269604,1.1761028557054973,0.0154893290905898,0.005006007995782403,eval_low,prompt_low,0.12838013566082726,0.13851247749809686,eef_displacement_range,20,20,1.07892452361005
-0.000784255583128432,-0.5102114970994823,0.00023188671086223536,-0.0016551225551084073,eval_low,prompt_low,0.018060323026324966,0.017276067443196534,eef_height_final,20,20,0.9565757961392356
0.006322828218452342,0.3284063663813118,0.018160949715334898,-0.004735950649076852,eval_low,prompt_low,0.08288659454618738,0.08920942276463972,eef_height_max,20,20,1.0762828716783668
0.6322828218452337,0.3284063663813115,1.8160949715334902,-0.47359506490768777,eval_low,prompt_low,8.288659454618738,8.920942276463972,eef_height_max_cm,20,20,1.076282880789616
-0.003246353283763187,-0.6302878445826376,-2.187140025075925e-06,-0.006250805548112504,eval_low,prompt_low,0.04294978509674516,0.03970343181298197,eef_height_mean,20,20,0.9244151624832966
-0.0025412445005906638,-1.3982040408551015,-0.0014177238533712878,-0.00363293207590573,eval_low,prompt_low,0.005192848798871658,0.002651604298280994,eef_height_min,20,20,0.5106270747930131
0.008864072719043006,0.4713670854366015,0.020402453097938356,-0.002094185931151144,eval_low,prompt_low,0.07769374574731572,0.08655781846635872,eef_height_range,20,20,1.1140898986512087
-0.0004231219436965682,-0.14266192416084683,0.0014637432384969145,-0.0021892660690193367,eval_low,prompt_low,0.00473707657388864,0.004313954630192072,eef_pos_endpoint_delta,20,20,0.9106788661982949
0.06362896255892164,0.5383569565643936,0.1366057095467419,-0.006178246073478647,eval_low,prompt_low,0.3302468035127952,0.3938757660717168,eef_pos_max_speed,20,20,1.1926709356620526
-0.04112905650731602,-0.6787864359371326,-0.004707026506921859,-0.07716445920031005,eval_low,prompt_low,0.5429001924451711,0.501771135937855,eef_pos_mean_jerk,20,20,0.9242419576893237
-0.0017133521420449466,-0.5719094145371592,2.0780005059355452e-05,-0.0035188441547626343,eval_low,prompt_low,0.06804014747306023,0.06632679533101528,eef_pos_mean_speed,20,20,0.9748185159224046
-0.18162187423822007,-1.0181984754297908,-0.07602661687102537,-0.29396054781056913,eval_low,prompt_low,1.6128422466234382,1.4312203723852182,eef_pos_p95_jerk,20,20,0.8873901812205404
-0.011949408525897848,-1.0421028594157742,-0.005367514472983668,-0.0191003503023094,eval_low,prompt_low,0.18775261111894062,0.17580320259304277,eef_pos_p95_speed,20,20,0.9363555701396683
0.042850442226998464,1.144506541503196,0.06524179022615009,0.02070032420762793,eval_low,prompt_low,0.4765199652649426,0.5193704074919411,eef_pos_path_len,20,20,1.0899237061430087
1.116441431516093,0.4833218693190778,2.515998828608772,-0.27070722099133304,eval_low,prompt_low,6.167621738918468,7.284063170434561,eef_pos_speed_spikiness,20,20,1.1810165209485923
-0.9848132922637207,-0.637399910874041,-0.04953741390622124,-1.8951561070848295,eval_low,prompt_low,4.99965631065087,4.0148430183871495,state_endpoint_delta,20,20,0.8030238022169662
15.055252393715506,0.19817168819006187,63.412821517748085,-28.66682801619049,eval_low,prompt_low,219.79341815500692,234.84867054872242,state_max_speed,20,20,1.068497284947873
-30.42574517353131,-0.7251894226868246,-5.077068486243964,-56.44475429513409,eval_low,prompt_low,341.0769726755859,310.6512275020546,state_mean_jerk,20,20,0.910795076741875
-1.2333625749448487,-0.5228610329110209,0.20597034796141364,-2.659384064711222,eval_low,prompt_low,44.653875298453805,43.420512723508956,state_mean_speed,20,20,0.9723794952526472
-94.79324491748105,-0.7497828484704679,-21.27503460924756,-171.87408695839204,eval_low,prompt_low,975.1483108369939,880.3550659195129,state_p95_jerk,20,20,0.902790945886841
3.052256741269659,0.3305847760338576,8.409488304147295,-2.6768903391845797,eval_low,prompt_low,115.27338300121346,118.32563974248312,state_p95_speed,20,20,1.0264784173200916
26.696567330751236,1.6898965281082161,36.050064147697164,16.938331206457722,eval_low,prompt_low,312.3838752543254,339.08044258507664,state_path_len,20,20,1.0854607726092194
0.6958265615902741,0.3131828879735,2.08205159943667,-0.6030180616894886,eval_low,prompt_low,6.0223770075140015,6.718203569104276,state_speed_spikiness,20,20,1.1155401861369196
-6.085195844634438,-1.6814130410925452,-3.9806100434564704,-8.244292695908106,eval_low,prompt_high,12.406197785862012,6.321001941227575,action_endpoint_delta,20,20,0.509503560658681
-43.90320097406237,-0.343251041955622,32.36539220049379,-121.16832115336703,eval_low,prompt_high,373.3034562537021,329.40025527963974,action_max_speed,20,20,0.8823927283891819
-93.80135001406597,-1.4692193399691038,-53.783594059904345,-132.16950177915922,eval_low,prompt_high,890.9760205242862,797.1746705102203,action_mean_jerk,20,20,0.8947206795107497
1.2441775751211779,0.39374365026726205,3.1749840599039443,-0.6844683262712911,eval_low,prompt_high,62.47059955087947,63.71477712600065,action_mean_speed,20,20,1.0199162099270185
-397.57500094010766,-0.8814901567940939,-137.47800658767764,-676.2426658325915,eval_low,prompt_high,2944.3350463709658,2546.760045430858,action_p95_jerk,20,20,0.864969511051812
0.36635951907609865,0.03021688144649291,7.615479759895193,-7.120079429702834,eval_low,prompt_high,146.58305888902603,146.94941840810213,action_p95_speed,20,20,1.0024993305626708
49.46502504071344,1.5085504689593021,69.77150031221258,30.21231907109282,eval_low,prompt_high,437.40365276996806,486.8686778106815,action_path_len,20,20,1.1130878188289761
-1.2339857206857143,-0.47499402099472976,0.29620572259850747,-2.8319744859653406,eval_low,prompt_high,7.796833828598056,6.562848107912342,action_speed_spikiness,20,20,0.8417324588120764
0.6650000095367439,0.84047897624328,1.1616666102409368,0.214958387613296,eval_low,prompt_high,7.018333292007446,7.68333330154419,duration_s,20,20,1.094751842199705
0.0012826736401672315,0.4934473410706717,0.0028219069493432333,-0.0002909552449203131,eval_low,prompt_high,0.00473707657388864,0.006019750214055872,eef_displacement_final,20,20,1.2707726827787937
0.011391221131488383,1.4205961108307785,0.016287579681085764,0.006497203245188035,eval_low,prompt_high,0.12838013566082726,0.13977135679231564,eef_displacement_max,20,20,1.0887303957543661
-0.0018868143353179129,-0.40505736064247294,0.0009203549723927495,-0.004687160435162731,eval_low,prompt_high,0.08140169472912555,0.07951488039380764,eef_displacement_mean,20,20,0.9768209481411166
0.0,nan,0.0,0.0,eval_low,prompt_high,0.0,0.0,eef_displacement_min,20,20,1.0
0.011391221131488383,1.4205961108307785,0.016287579681085764,0.006497203245188035,eval_low,prompt_high,0.12838013566082726,0.13977135679231564,eef_displacement_range,20,20,1.0887303957543661
-0.00036226316302113287,-0.2551753136401352,0.0004974081926674691,-0.001212059793488474,eval_low,prompt_high,0.018060323026324966,0.017698059863303833,eef_height_final,20,20,0.9799415014942917
0.007114826526200463,0.430661706087244,0.017014002768004896,-0.002466945652726104,eval_low,prompt_high,0.08288659454618738,0.09000142107238784,eef_height_max,20,20,1.0858380743807141
0.7114826526200453,0.4306617060872434,1.7014002768004854,-0.2466945652726102,eval_low,prompt_high,8.288659454618738,9.000142107238783,eef_height_max_cm,20,20,1.0858380846332396
-0.002497748834003513,-0.538402077810208,0.00034941418826233767,-0.005228347895613093,eval_low,prompt_high,0.04294978509674516,0.040452036262741645,eef_height_mean,20,20,0.9418449185059605
-0.0030475249673658864,-1.588708828803886,-0.0018907103361504266,-0.00417341431410111,eval_low,prompt_high,0.005192848798871658,0.0021453238315057716,eef_height_min,20,20,0.41313155519882905
0.01016235149356634,0.6226826752326159,0.01987020361282482,0.0006132508582014596,eval_low,prompt_high,0.07769374574731572,0.08785609724088206,eef_height_range,20,20,1.1308001060808217
0.0012826736401672315,0.4934473410706717,0.0028219069493432333,-0.0002909552449203131,eval_low,prompt_high,0.00473707657388864,0.006019750214055872,eef_pos_endpoint_delta,20,20,1.2707726827787937
0.10550731634792387,0.8833526849088337,0.17924303761046614,0.03971242815768726,eval_low,prompt_high,0.3302468035127952,0.43575411986071905,eef_pos_max_speed,20,20,1.3194801949053054
0.0007549273258092848,0.011423919081010663,0.04094958760553606,-0.03858118587266808,eval_low,prompt_high,0.5429001924451711,0.5436551197709804,eef_pos_mean_jerk,20,20,1.0013905453017131
-0.0004699570636809147,-0.12374617640856068,0.0017285070558118582,-0.0027786751074492188,eval_low,prompt_high,0.06804014747306023,0.06757019040937931,eef_pos_mean_speed,20,20,0.9930929456789251
-0.1434583448709723,-0.755712103480329,-0.03211241695488986,-0.26345227351916684,eval_low,prompt_high,1.6128422466234382,1.469383901752466,eef_pos_p95_jerk,20,20,0.9110524638836601
-0.0109952198806815,-1.052421279628708,-0.00483482434718892,-0.017325008086639487,eval_low,prompt_high,0.18775261111894062,0.17675739123825912,eef_pos_p95_speed,20,20,0.9414377289906591
0.03975163908874996,1.0412483409828177,0.06293968045078877,0.01772833719591498,eval_low,prompt_high,0.4765199652649426,0.5162716043536926,eef_pos_path_len,20,20,1.0834207192818062
1.8753101039363873,0.8048784398807565,3.3659791823318286,0.5442211767053102,eval_low,prompt_high,6.167621738918468,8.042931842854856,eef_pos_speed_spikiness,20,20,1.3040572493384888
0.4930636843714371,0.32088350233399876,1.4167138036100864,-0.43875960570750916,eval_low,prompt_high,4.99965631065087,5.492719995022307,state_endpoint_delta,20,20,1.098619515572472
25.521492623236213,0.3036635501225058,79.53620209648668,-23.531749538698698,eval_low,prompt_high,219.79341815500692,245.31491077824313,state_max_speed,20,20,1.1161158183730338
-13.651530663965616,-0.33805936158674105,10.669474437360806,-38.00940431471483,eval_low,prompt_high,341.0769726755859,327.4254420116203,state_mean_jerk,20,20,0.9599752203836113
-0.26008712494896713,-0.09361857420265442,1.3739531444707325,-1.9722359865682078,eval_low,prompt_high,44.653875298453805,44.39378817350484,state_mean_speed,20,20,0.994175485931459
-131.78022892599324,-0.9891560124942042,-54.11425951983155,-212.94297679708905,eval_low,prompt_high,975.1483108369939,843.3680819110007,state_p95_jerk,20,20,0.8648613472841565
1.7483185330670068,0.18125521327432284,7.503385690381983,-4.204631650552656,eval_low,prompt_high,115.27338300121346,117.02170153428047,state_p95_speed,20,20,1.0151667148772492
26.175793931739747,1.3711212074351966,37.738840500234986,14.711578299939564,eval_low,prompt_high,312.3838752543254,338.55966918606515,state_path_len,20,20,1.0837936782415256
0.8200079437832555,0.3431365138960386,2.339889289272971,-0.5704440386947386,eval_low,prompt_high,6.0223770075140015,6.842384951297257,state_speed_spikiness,20,20,1.1361601808386532
-5.937075168422209,-1.4429242673298737,-3.5342495168119608,-8.413642502296009,eval_low,dataset_high,12.406197785862012,6.469122617439804,action_endpoint_delta,20,20,0.5214428089803249
-115.3092408851399,-1.1202055357027154,-56.853723154513496,-180.95626257854178,eval_low,dataset_high,373.3034562537021,257.9942153685622,action_max_speed,20,20,0.6911112422069693
-624.9102738543552,-12.854193013963549,-594.3626174684655,-652.6580894619052,eval_low,dataset_high,890.9760205242862,266.0657466699311,action_mean_jerk,20,20,0.2986227918012665
-15.050448491895104,-5.371219824022457,-13.33174240822264,-16.714294954795946,eval_low,dataset_high,62.47059955087947,47.420151058984366,action_mean_speed,20,20,0.7590794934306979
-2026.8916936224382,-5.007882567576491,-1774.352818762681,-2280.124818205384,eval_low,dataset_high,2944.3350463709658,917.4433527485274,action_p95_jerk,20,20,0.3115961119595423
-29.720843469543595,-2.6452411630828663,-23.10205522107047,-36.466747686694504,eval_low,dataset_high,146.58305888902603,116.86221541948244,action_p95_speed,20,20,0.797242302809243
14.073174588218194,0.52415061157169,30.121321688621606,-1.8632330318963861,eval_low,dataset_high,437.40365276996806,451.47682735818626,action_path_len,20,20,1.0321743417065097
-1.1492845909128748,-0.5011645582294021,0.16765583725376665,-2.6409283598466646,eval_low,dataset_high,7.796833828598056,6.6475492376851815,action_speed_spikiness,20,20,0.852595987717044
2.5166667938232425,4.528211011015392,2.8450001722574227,2.175000166893005,eval_low,dataset_high,7.018333292007446,9.535000085830688,duration_s,20,20,1.3585846789441312
-0.0014720357285090396,-0.5873449399163221,-2.8931156639935124e-05,-0.0030956767404396947,eval_low,dataset_high,0.00473707657388864,0.003265040845379601,eef_displacement_final,20,20,0.6892529394284099
0.028294596089038532,3.1749406943471987,0.03379399861707031,0.02297650693798323,eval_low,dataset_high,0.12838013566082726,0.1566747317498658,eef_displacement_max,20,20,1.2203969776120303
-0.003926867097540726,-0.7933171652747691,-0.0008815279192361697,-0.006736625254280383,eval_low,dataset_high,0.08140169472912555,0.07747482763158482,eef_displacement_mean,20,20,0.9517593997495768
0.0,nan,0.0,0.0,eval_low,dataset_high,0.0,0.0,eef_displacement_min,20,20,1.0
0.028294596089038532,3.1749406943471987,0.03379399861707031,0.02297650693798323,eval_low,dataset_high,0.12838013566082726,0.1566747317498658,eef_displacement_range,20,20,1.2203969776120303
-0.0016455749489467895,-1.5319839387679766,-0.001044446817243366,-0.002318533641679636,eval_low,dataset_high,0.018060323026324966,0.016414748077378177,eef_height_final,20,20,0.9088845733604037
0.045270234722981056,3.8204734788540136,0.05228351612606781,0.03807213649689398,eval_low,dataset_high,0.08288659454618738,0.12815682926916844,eef_height_max,20,20,1.5461706987617627
4.527023472298106,3.820473478854015,5.228351612606783,3.8072136496894005,eval_low,dataset_high,8.288659454618738,12.815682926916844,eef_height_max_cm,20,20,1.5461707639965565
0.006102954085231489,1.9543383747111382,0.008069067520333139,0.004241907865731749,eval_low,dataset_high,0.04294978509674516,0.04905273918197665,eef_height_mean,20,20,1.1420950687071842
-0.003430596122827656,-1.6989416437786682,-0.0022143838403689787,-0.004673737848755613,eval_low,dataset_high,0.005192848798871658,0.0017622526760440016,eef_height_min,20,20,0.33936271797471534
0.0487008308458087,4.218469197511104,0.05529931487008606,0.04154096668941998,eval_low,dataset_high,0.07769374574731572,0.12639457659312442,eef_height_range,20,20,1.626830694144829
-0.0014720357285090396,-0.5873449399163221,-2.8931156639935124e-05,-0.0030956767404396947,eval_low,dataset_high,0.00473707657388864,0.003265040845379601,eef_pos_endpoint_delta,20,20,0.6892529394284099
-0.09680389708387807,-1.4051845100417448,-0.056443178498348665,-0.13892643731282478,eval_low,dataset_high,0.3302468035127952,0.2334429064289171,eef_pos_max_speed,20,20,0.7068740919732523
-0.23984369796348665,-5.315224658706511,-0.21240275858953464,-0.2663390327899423,eval_low,dataset_high,0.5429001924451711,0.3030564944816844,eef_pos_mean_jerk,20,20,0.5582177039476991
-0.004032718354039191,-1.091282671455996,-0.0019163180080993625,-0.0062370459970454845,eval_low,dataset_high,0.06804014747306023,0.06400742911902103,eef_pos_mean_speed,20,20,0.9407303200961006
-0.6239133100648311,-3.9215086152425043,-0.5327015528826692,-0.7243068407654765,eval_low,dataset_high,1.6128422466234382,0.9889289365586071,eef_pos_p95_jerk,20,20,0.6131591248290933
-0.014595963768406661,-1.0862460668966336,-0.006316713146523767,-0.022849493918900544,eval_low,dataset_high,0.18775261111894062,0.17315664735053396,eef_pos_p95_speed,20,20,0.9222596005242443
0.13321969085233049,3.392405319531276,0.15686636739936954,0.11033924317428326,eval_low,dataset_high,0.4765199652649426,0.6097396561172731,eef_pos_path_len,20,20,1.2795679043218726
-2.1945845520715297,-1.6970783674996899,-1.4119090636554756,-2.9820748114055884,eval_low,dataset_high,6.167621738918468,3.9730371868469385,eef_pos_speed_spikiness,20,20,0.6441765332875085
-0.23734998715896705,-0.12011793653918354,0.946165178186943,-1.4242226206818778,eval_low,dataset_high,4.99965631065087,4.762306323491903,state_endpoint_delta,20,20,0.9525267394523493
-66.0173784821765,-1.4399462049250094,-38.44199255571287,-94.7122272788659,eval_low,dataset_high,219.79341815500692,153.77603967283042,state_max_speed,20,20,0.6996389653824172
-167.16040070005394,-5.464888052293979,-149.38506704957385,-185.9860894143641,eval_low,dataset_high,341.0769726755859,173.91657197553198,state_mean_jerk,20,20,0.5099041738764728
-8.178830422374737,-3.4754042604471125,-6.750940774756765,-9.574970541364904,eval_low,dataset_high,44.653875298453805,36.47504487607907,state_mean_speed,20,20,0.8168394038394617
-446.4538064052256,-4.163244995934952,-386.4763233922935,-512.2259641644187,eval_low,dataset_high,975.1483108369939,528.6945044317683,state_p95_jerk,20,20,0.5421683025657452
-14.19739700949249,-1.3460293384842,-7.840796682942597,-20.61274599756394,eval_low,dataset_high,115.27338300121346,101.07598599172097,state_p95_speed,20,20,0.8768371618961559
35.098966685050414,1.6145915777919788,48.52185504371225,22.480933626657755,eval_low,dataset_high,312.3838752543254,347.4828419393758,state_path_len,20,20,1.1123584456955444
-1.2771349589832433,-0.9895843055843593,-0.5057617841250869,-2.0792890050128654,eval_low,dataset_high,6.0223770075140015,4.745242048530758,state_speed_spikiness,20,20,0.7879350702772115
-7.486718326831354,-2.0576246614228246,-5.313009141119955,-9.683966937914732,eval_low,dataset_low,12.406197785862012,4.919479459030659,action_endpoint_delta,20,20,0.39653401872018446
-111.10238195877145,-1.0914579823685957,-54.715073148190854,-176.40939536647983,eval_low,dataset_low,373.3034562537021,262.20107429493066,action_max_speed,20,20,0.7023805161871082
-586.2960771672123,-12.386702408810779,-557.1370358253744,-613.3410847730136,eval_low,dataset_low,890.9760205242862,304.67994335707397,action_mean_jerk,20,20,0.34196200160849266
-9.995117900456734,-3.8331736587324534,-8.294831759030872,-11.521694667877075,eval_low,dataset_low,62.47059955087947,52.475481650422736,action_mean_speed,20,20,0.8400028498091139
-1897.0490259404646,-4.708540082151013,-1655.8426872034565,-2144.123256587453,eval_low,dataset_low,2944.3350463709658,1047.2860204305011,action_p95_jerk,20,20,0.35569526020069436
-18.529901176680198,-1.8393265518406552,-12.21699228317782,-24.49942169504118,eval_low,dataset_low,146.58305888902603,128.05315771234584,action_p95_speed,20,20,0.8735877030002182
-33.786992296480435,-1.2914876982761463,-18.20169404363952,-49.556755914049454,eval_low,dataset_low,437.40365276996806,403.6166604734876,action_path_len,20,20,0.9227555780987575
-1.606671940289453,-0.6899921387480586,-0.2977714620043745,-3.0633185062377355,eval_low,dataset_low,7.796833828598056,6.190161888308603,action_speed_spikiness,20,20,0.7939327714878752
0.6766666650772102,1.353531207520001,0.9717500030994415,0.3650000083446503,eval_low,dataset_low,7.018333292007446,7.694999957084656,duration_s,20,20,1.096414153611608
-0.0020621200196128025,-0.8907509067946142,-0.0007451453333939092,-0.0035427788525359428,eval_low,dataset_low,0.00473707657388864,0.002674956554275838,eef_displacement_final,20,20,0.5646860179884736
-0.005974205098663088,-0.6722356843421365,-0.0006857825760245942,-0.011281352328517435,eval_low,dataset_low,0.12838013566082726,0.12240593056216417,eef_displacement_max,20,20,0.9534647272137657
-0.01672517109797292,-2.892311425565289,-0.013030763362242199,-0.02011034642454087,eval_low,dataset_low,0.08140169472912555,0.06467652363115263,eef_displacement_mean,20,20,0.7945353705597685
0.0,nan,0.0,0.0,eval_low,dataset_low,0.0,0.0,eef_displacement_min,20,20,1.0
-0.005974205098663088,-0.6722356843421365,-0.0006857825760245942,-0.011281352328517435,eval_low,dataset_low,0.12838013566082726,0.12240593056216417,eef_displacement_range,20,20,0.9534647272137657
-0.002013898526631863,-2.1967562736644757,-0.0015330189514577172,-0.0026363050854545742,eval_low,dataset_low,0.018060323026324966,0.016046424499693103,eef_height_final,20,20,0.8884905099094031
-0.010673148325921228,-1.0129977382213695,-0.004585855136812983,-0.017425469593462826,eval_low,dataset_low,0.08288659454618738,0.07221344622026615,eef_height_max,20,20,0.8712319272292814
-1.067314832592123,-1.01299773822137,-0.45858551368129996,-1.742546959346282,eval_low,dataset_low,8.288659454618738,7.221344622026615,eef_height_max_cm,20,20,0.8712319118491837
-0.009267682478772389,-3.3788786489755016,-0.007638526118043924,-0.01090424880478648,eval_low,dataset_low,0.04294978509674516,0.03368210261797277,eef_height_mean,20,20,0.7842205659445691
-0.003016041355404864,-1.5981824880973596,-0.0019091778406095151,-0.0041843671605478125,eval_low,dataset_low,0.005192848798871658,0.002176807443466794,eef_height_min,20,20,0.4191944221436925
-0.007657106970516359,-0.7306618883046782,-0.0016114505633856243,-0.014279362018376443,eval_low,dataset_low,0.07769374574731572,0.07003663877679936,eef_height_range,20,20,0.901445014507734
-0.0020621200196128025,-0.8907509067946142,-0.0007451453333939092,-0.0035427788525359428,eval_low,dataset_low,0.00473707657388864,0.002674956554275838,eef_pos_endpoint_delta,20,20,0.5646860179884736
-0.1090962120398056,-1.6176639843508986,-0.07088966223898475,-0.15002248383641165,eval_low,dataset_low,0.3302468035127952,0.22115059147298957,eef_pos_max_speed,20,20,0.669652491482469
-0.23301299672493364,-5.066515181840983,-0.20553669871670197,-0.2597209385562043,eval_low,dataset_low,0.5429001924451711,0.30988719572023743,eef_pos_mean_jerk,20,20,0.5707995766524581
-0.008770403712401946,-2.534113497177081,-0.006745973187757507,-0.010873802593161138,eval_low,dataset_low,0.06804014747306023,0.05926974376065828,eef_pos_mean_speed,20,20,0.8710995970890502
-0.574509833518607,-3.398830347186324,-0.4754842424051488,-0.6768224340881539,eval_low,dataset_low,1.6128422466234382,1.0383324131048313,eef_pos_p95_jerk,20,20,0.6437904381787649
-0.015692208067887015,-1.1696429244267568,-0.008096798416223547,-0.023644119148056336,eval_low,dataset_low,0.18775261111894062,0.1720604030510536,eef_pos_p95_speed,20,20,0.9164208309084215
-0.02074398038048042,-0.6418090032632207,-0.0018669231681859074,-0.04058023086461292,eval_low,dataset_low,0.4765199652649426,0.4557759848844622,eef_pos_path_len,20,20,0.9564677632476017
-1.1185401487873143,-0.7663161424391092,-0.26447454045681057,-2.014304208946223,eval_low,dataset_low,6.167621738918468,5.049081590131154,eef_pos_speed_spikiness,20,20,0.8186431992228678
-0.9070714964778226,-0.44832888995468895,0.3707609046265493,-2.1377697188362883,eval_low,dataset_low,4.99965631065087,4.092584814173048,state_endpoint_delta,20,20,0.818573230177602
-71.0767172324058,-1.5619076911068666,-43.60229085333236,-99.51416139006457,eval_low,dataset_low,219.79341815500692,148.71670092260112,state_max_speed,20,20,0.6766203563973607
-148.6578983488074,-4.739077509836005,-130.09853891507203,-167.75876164502264,eval_low,dataset_low,341.0769726755859,192.4190743267785,state_mean_jerk,20,20,0.5641514665200095
-5.41670039716881,-2.3802546417221597,-3.932729664376396,-6.723418840414617,eval_low,dataset_low,44.653875298453805,39.237174901284995,state_mean_speed,20,20,0.8786958498058213
-390.9412930276833,-3.466523530338407,-325.8487849072004,-461.1062764891202,eval_low,dataset_low,975.1483108369939,584.2070178093106,state_p95_jerk,20,20,0.5990955543079189
-4.4396964683732705,-0.44765277955026006,1.7579166398561823,-10.491812638729526,eval_low,dataset_low,115.27338300121346,110.83368653284019,state_p95_speed,20,20,0.9614855020959922
-10.257372063568823,-0.477312482486814,3.1996442414759447,-22.941899341082614,eval_low,dataset_low,312.3838752543254,302.1265031907566,state_path_len,20,20,0.9671642076439141
-1.3293010181181755,-0.9982285160373071,-0.5464017320432124,-2.1552539979482845,eval_low,dataset_low,6.0223770075140015,4.693075989395826,state_speed_spikiness,20,20,0.7792730321844078
2.2533397291933364,1.3726896108593687,3.172935209796097,1.2842843928087324,prompt_low,prompt_high,4.0676622120342385,6.321001941227575,action_endpoint_delta,20,20,1.5539643181253238
3.8971009966478505,0.03816617834047041,73.22366582489558,-54.426834447945005,prompt_low,prompt_high,325.5031542829919,329.40025527963974,action_max_speed,20,20,1.0119725444907364
60.44470812241207,0.892791422212905,101.54057207661525,17.52593402739818,prompt_low,prompt_high,736.7299623878082,797.1746705102203,action_mean_jerk,20,20,1.0820445905657003
1.9778229985049123,0.623167472493081,3.8896837036910177,0.09370648779397864,prompt_low,prompt_high,61.736954127495736,63.71477712600065,action_mean_speed,20,20,1.0320362905189664
114.25669165178942,0.3201940408447026,327.31396332513134,-111.93307307309671,prompt_low,prompt_high,2432.5033537790687,2546.760045430858,action_p95_jerk,20,20,1.0469708259492485
3.314659058696577,0.3087875996338971,9.997007547171153,-3.268096008575576,prompt_low,prompt_high,143.63475934940556,146.94941840810213,action_p95_speed,20,20,1.0230769980294434
4.353243648102477,0.14132699302553292,23.305940499188335,-14.211999274754682,prompt_low,prompt_high,482.515434162579,486.8686778106815,action_path_len,20,20,1.009021978033858
-0.2239273671514761,-0.10801065089934245,1.1294534793300595,-1.45959478975479,prompt_low,prompt_high,6.786775475063818,6.562848107912342,action_speed_spikiness,20,20,0.9670053374177044
-0.15333328247070277,-0.19406285237093132,0.31837514579296095,-0.6085001069307332,prompt_low,prompt_high,7.836666584014893,7.68333330154419,duration_s,20,20,0.9804338642417417
0.0017057955838637997,0.6603529344885575,0.0031995957720940423,7.176591630795817e-05,prompt_low,prompt_high,0.004313954630192072,0.006019750214055872,eef_displacement_final,20,20,1.3954125103218225
0.0012588792942187788,0.14139561370609527,0.006640316307969655,-0.004172172863254387,prompt_low,prompt_high,0.13851247749809686,0.13977135679231564,eef_displacement_max,20,20,1.0090885617387824
0.0010449167847863816,0.20474184795221234,0.004075819529002237,-0.002035397093029587,prompt_low,prompt_high,0.07846996360902125,0.07951488039380764,eef_displacement_mean,20,20,1.0133161352900755
0.0,nan,0.0,0.0,prompt_low,prompt_high,0.0,0.0,eef_displacement_min,20,20,1.0
0.0012588792942187788,0.14139561370609527,0.006640316307969655,-0.004172172863254387,prompt_low,prompt_high,0.13851247749809686,0.13977135679231564,eef_displacement_range,20,20,1.0090885617387824
0.00042199242010729915,0.2525852224711877,0.0014142530203476859,-0.0005973360762801184,prompt_low,prompt_high,0.017276067443196534,0.017698059863303833,eef_height_final,20,20,1.0244264024339322
0.0007919983077481207,0.037096368447741376,0.013150961534393005,-0.012067004675746177,prompt_low,prompt_high,0.08920942276463972,0.09000142107238784,eef_height_max,20,20,1.0088779659639542
0.07919983077481163,0.03709636844774116,1.3150961534392986,-1.2067004675746178,prompt_low,prompt_high,8.920942276463972,9.000142107238783,eef_height_max_cm,20,20,1.0088779669491847
0.0007486044497596739,0.12329394100468286,0.0042928119185814875,-0.003025643164106308,prompt_low,prompt_high,0.03970343181298197,0.040452036262741645,eef_height_mean,20,20,1.018854900622618
-0.0005062804667752227,-0.23334763322780622,0.0007937135069607401,-0.0017975996323022088,prompt_low,prompt_high,0.002651604298280994,0.0021453238315057716,eef_height_min,20,20,0.8090670777030289
0.0012982787745233343,0.06289802865652207,0.013270184192000403,-0.01110845508784669,prompt_low,prompt_high,0.08655781846635872,0.08785609724088206,eef_height_range,20,20,1.0149989758006455
0.0017057955838637997,0.6603529344885575,0.0031995957720940423,7.176591630795817e-05,prompt_low,prompt_high,0.004313954630192072,0.006019750214055872,eef_pos_endpoint_delta,20,20,1.3954125103218225
0.04187835378900223,0.2992407603144108,0.12690988058681013,-0.0416777369241256,prompt_low,prompt_high,0.3938757660717168,0.43575411986071905,eef_pos_max_speed,20,20,1.1063237607721705
0.041883983833125304,0.6215840262679269,0.08306938035172419,0.0025098244574018338,prompt_low,prompt_high,0.501771135937855,0.5436551197709804,eef_pos_mean_jerk,20,20,1.0834722844711215
0.0012433950783640318,0.3428605512711301,0.0034024370405204073,-0.0009483572511826549,prompt_low,prompt_high,0.06632679533101528,0.06757019040937931,eef_pos_mean_speed,20,20,1.0187464943043563
0.03816352936724776,0.23865242258104402,0.13491835291005702,-0.0553177389559981,prompt_low,prompt_high,1.4312203723852182,1.469383901752466,eef_pos_p95_jerk,20,20,1.0266650264605972
0.0009541886452163473,0.09704009916875832,0.006962631876510309,-0.0049311418803328075,prompt_low,prompt_high,0.17580320259304277,0.17675739123825912,eef_pos_p95_speed,20,20,1.0054275950430163
-0.003098803138248507,-0.07437844665164321,0.021511768223122073,-0.028213276734520534,prompt_low,prompt_high,0.5193704074919411,0.5162716043536926,eef_pos_path_len,20,20,0.9940335393894539
0.7588686724202942,0.27452366994112276,2.4600845929471786,-0.9544747785444272,prompt_low,prompt_high,7.284063170434561,8.042931842854856,eef_pos_speed_spikiness,20,20,1.1041820552104302
1.4778769766351578,1.4499555888857956,2.1044662011667956,0.8618013810511994,prompt_low,prompt_high,4.0148430183871495,5.492719995022307,state_endpoint_delta,20,20,1.3681033022177342
10.466240229520707,0.1118829375496823,67.95955892152537,-44.723470556467625,prompt_low,prompt_high,234.84867054872242,245.31491077824313,state_max_speed,20,20,1.0445658908974054
16.774214509565695,0.41549331278600055,40.826491151115874,-8.048237351205971,prompt_low,prompt_high,310.6512275020546,327.4254420116203,state_mean_jerk,20,20,1.0539969361908115
0.9732754499958816,0.3410084529316399,2.697770269676675,-0.7109220698592235,prompt_low,prompt_high,43.420512723508956,44.39378817350484,state_mean_speed,20,20,1.0224151072551655
-36.986984008512195,-0.32694847918251724,33.2103806824118,-103.4944106309924,prompt_low,prompt_high,880.3550659195129,843.3680819110007,state_p95_jerk,20,20,0.9579862882149035
-1.303938208202652,-0.15138784193934152,3.8288072486220774,-6.627983092553971,prompt_low,prompt_high,118.32563974248312,117.02170153428047,state_p95_speed,20,20,0.9889800874017646
-0.5207733990114889,-0.029121245171110158,10.393360059854615,-11.522081823612904,prompt_low,prompt_high,339.08044258507664,338.55966918606515,state_path_len,20,20,0.998464159728512
0.12418138219298136,0.04551399316188859,1.7928949264192182,-1.4735233727905248,prompt_low,prompt_high,6.718203569104276,6.842384951297257,state_speed_spikiness,20,20,1.0184843136607566
2.4014604054055653,0.9399892522136178,3.9883894726539744,0.9216406416560426,prompt_low,dataset_high,4.0676622120342385,6.469122617439804,action_endpoint_delta,20,20,1.5903785207132057
-67.50893891442968,-0.9886682961930959,-27.840702645335817,-111.10759461906738,prompt_low,dataset_high,325.5031542829919,257.9942153685622,action_max_speed,20,20,0.7926012758276882
-470.6642157178771,-8.783970346651241,-438.547824759255,-502.73214164391163,prompt_low,dataset_high,736.7299623878082,266.0657466699311,action_mean_jerk,20,20,0.36114419157594274
-14.31680306851137,-5.080876131594582,-12.573539803536953,-16.027448784403468,prompt_low,dataset_high,61.736954127495736,47.420151058984366,action_mean_speed,20,20,0.7680999448624223
-1515.0600010305411,-5.1153531145684585,-1345.4958938206157,-1703.0287287554904,prompt_low,dataset_high,2432.5033537790687,917.4433527485274,action_p95_jerk,20,20,0.37716015944209974
-26.772543929923117,-2.7545427147724832,-20.325608025212635,-32.6316052576405,prompt_low,dataset_high,143.63475934940556,116.86221541948244,action_p95_speed,20,20,0.8136067895450545
-31.03860680439277,-1.2729637605802953,-16.587663573327355,-45.86114490273581,prompt_low,dataset_high,482.515434162579,451.47682735818626,action_path_len,20,20,0.9356733389106651
-0.1392262373786366,-0.0830854267241308,0.831827470069153,-1.1710956958288983,prompt_low,dataset_high,6.786775475063818,6.6475492376851815,action_speed_spikiness,20,20,0.9794856574104974
1.698333501815796,3.0643844084614082,2.031666780114174,1.353333542943,prompt_low,dataset_high,7.836666584014893,9.535000085830688,duration_s,20,20,1.2167163144483992
-0.0010489137848124714,-0.4213537481780231,0.0003016789627687403,-0.002689544335770014,prompt_low,dataset_high,0.004313954630192072,0.003265040845379601,eef_displacement_final,20,20,0.7568561926837657
0.018162254251768928,1.8694144127982484,0.023774261116907756,0.012174828221760742,prompt_low,dataset_high,0.13851247749809686,0.1566747317498658,eef_displacement_max,20,20,1.13112358733734
-0.0009951359774364316,-0.1852715319632729,0.0022043338157977962,-0.004194844509827229,prompt_low,dataset_high,0.07846996360902125,0.07747482763158482,eef_displacement_mean,20,20,0.9873182577785138
0.0,nan,0.0,0.0,prompt_low,dataset_high,0.0,0.0,eef_displacement_min,20,20,1.0
0.018162254251768928,1.8694144127982484,0.023774261116907756,0.012174828221760742,prompt_low,dataset_high,0.13851247749809686,0.1566747317498658,eef_displacement_range,20,20,1.13112358733734
-0.0008613193658183575,-0.620061796238444,-0.000131750240186695,-0.0018014740203430035,prompt_low,dataset_high,0.017276067443196534,0.016414748077378177,eef_height_final,20,20,0.9501438119474538
0.038947406504528714,2.1661306164865826,0.04927336303418523,0.027412960598450165,prompt_low,dataset_high,0.08920942276463972,0.12815682926916844,eef_height_max,20,20,1.4365839496736095
3.8947406504528725,2.166130616486584,4.9273363034185245,2.741296059845021,prompt_low,dataset_high,8.920942276463972,12.815682926916844,eef_height_max_cm,20,20,1.4365839981234365
0.009349307368994676,1.8663099459414474,0.012280306812896572,0.006050555818637778,prompt_low,dataset_high,0.03970343181298197,0.04905273918197665,eef_height_mean,20,20,1.2354785112342
-0.0008893516222369926,-0.39361534668415304,0.00046794839299413033,-0.0023172445510727746,prompt_low,dataset_high,0.002651604298280994,0.0017622526760440016,eef_height_min,20,20,0.6645999296302078
0.039836758126765695,2.3273704248020963,0.049444031099599876,0.02888824089628357,prompt_low,dataset_high,0.08655781846635872,0.12639457659312442,eef_height_range,20,20,1.460232873589805
-0.0010489137848124714,-0.4213537481780231,0.0003016789627687403,-0.002689544335770014,prompt_low,dataset_high,0.004313954630192072,0.003265040845379601,eef_pos_endpoint_delta,20,20,0.7568561926837657
-0.1604328596427997,-1.5990828855781827,-0.1012339415500516,-0.22294642120993285,prompt_low,dataset_high,0.3938757660717168,0.2334429064289171,eef_pos_max_speed,20,20,0.5926815778242017
-0.19871464145617063,-4.22737690047974,-0.16940440130584822,-0.2260597298112493,prompt_low,dataset_high,0.501771135937855,0.3030564944816844,eef_pos_mean_jerk,20,20,0.6039735583345366
-0.002319366211994245,-0.6590607623297786,-0.00018972899310569226,-0.004476976237000083,prompt_low,dataset_high,0.06632679533101528,0.06400742911902103,eef_pos_mean_speed,20,20,0.9650312388721415
-0.442291435826611,-3.6296385925379706,-0.36581807050800075,-0.5129465194146379,prompt_low,dataset_high,1.4312203723852182,0.9889289365586071,eef_pos_p95_jerk,20,20,0.690969021074515
-0.0026465552425088135,-0.20413140528488868,0.00512468918719226,-0.010411690914541848,prompt_low,dataset_high,0.17580320259304277,0.17315664735053396,eef_pos_p95_speed,20,20,0.984945922184965
0.09036924862533202,2.118036716216369,0.11693946878913139,0.06501623980087785,prompt_low,dataset_high,0.5193704074919411,0.6097396561172731,eef_pos_path_len,20,20,1.173997681773499
-3.311025983587623,-1.6798174267207493,-2.112836410614259,-4.549792493394575,prompt_low,dataset_high,7.284063170434561,3.9730371868469385,eef_pos_speed_spikiness,20,20,0.5454424403564702
0.7474633051047537,0.46514513829397247,1.7143067259420113,-0.25153850508070025,prompt_low,dataset_high,4.0148430183871495,4.762306323491903,state_endpoint_delta,20,20,1.1861749761621505
-81.072630875892,-1.317033267019856,-47.79327844783223,-120.07456027146483,prompt_low,dataset_high,234.84867054872242,153.77603967283042,state_max_speed,20,20,0.6547877802202832
-136.73465552652263,-4.472173249735212,-119.476103067606,-156.18991296583667,prompt_low,dataset_high,310.6512275020546,173.91657197553198,state_mean_jerk,20,20,0.5598451143373746
-6.945467847429889,-2.8435381580573074,-5.474993406658646,-8.366687586507135,prompt_low,dataset_high,43.420512723508956,36.47504487607907,state_mean_speed,20,20,0.8400417818633944
-351.66056148774453,-4.3455289775460795,-303.20303963725576,-402.16571614293497,prompt_low,dataset_high,880.3550659195129,528.6945044317683,state_p95_jerk,20,20,0.6005468985216235
-17.24965375076215,-1.794485189328502,-11.74355521034878,-23.0750634038373,prompt_low,dataset_high,118.32563974248312,101.07598599172097,state_p95_speed,20,20,0.8542188000263894
8.402399354299178,0.40618901493467857,21.24906573041458,-4.170292287072859,prompt_low,dataset_high,339.08044258507664,347.4828419393758,state_path_len,20,20,1.0247799586729134
-1.9729615205735174,-1.0701449434409507,-0.9432904510711904,-3.122142468200656,prompt_low,dataset_high,6.718203569104276,4.745242048530758,state_speed_spikiness,20,20,0.7063260293704038
0.8518172469964203,0.5058442523412713,1.8196336806807991,-0.22757810580981494,prompt_low,dataset_low,4.0676622120342385,4.919479459030659,action_endpoint_delta,20,20,1.2094119915813526
-63.30207998806122,-0.9512400559216656,-26.000708311015575,-106.83504865978009,prompt_low,dataset_low,325.5031542829919,262.20107429493066,action_max_speed,20,20,0.8055254483614566
-432.05001903073423,-8.24188661056528,-400.08969559613644,-463.7067954018841,prompt_low,dataset_low,736.7299623878082,304.67994335707397,action_mean_jerk,20,20,0.41355714972612656
-9.261472477073,-3.528953036685091,-7.602751141682991,-10.80411379538714,prompt_low,dataset_low,61.736954127495736,52.475481650422736,action_mean_speed,20,20,0.8499849465128039
-1385.2173333485675,-4.717193841993257,-1213.0061858093486,-1570.0798646160554,prompt_low,dataset_low,2432.5033537790687,1047.2860204305011,action_p95_jerk,20,20,0.4305383664976912
-15.58160163705972,-1.8660963019014876,-10.648510267088898,-20.61222623420525,prompt_low,dataset_low,143.63475934940556,128.05315771234584,action_p95_speed,20,20,0.8915192833089158
-78.8987736890914,-3.339912033776558,-64.0065815052305,-93.5320230412397,prompt_low,dataset_low,482.515434162579,403.6166604734876,action_path_len,20,20,0.8364844560373751
-0.5966135867552147,-0.34612284345143995,0.41181979758523063,-1.6770379799197994,prompt_low,dataset_low,6.786775475063818,6.190161888308603,action_speed_spikiness,20,20,0.9120917454734979
-0.14166662693023646,-0.28436033777909736,0.16500003516673972,-0.45008321583271127,prompt_low,dataset_low,7.836666584014893,7.694999957084656,duration_s,20,20,0.9819225910365471
-0.0016389980759162343,-0.7136107375908678,-0.00044127826669363644,-0.0031977454539066437,prompt_low,dataset_low,0.004313954630192072,0.002674956554275838,eef_displacement_final,20,20,0.620071508133051
-0.016106546935932692,-1.6617104763164061,-0.009975402633816768,-0.022024192733222963,prompt_low,dataset_low,0.13851247749809686,0.12240593056216417,eef_displacement_max,20,20,0.8837177266334634
-0.013793439977868624,-2.2438862050942294,-0.009908178596110711,-0.01751990199642253,prompt_low,dataset_low,0.07846996360902125,0.06467652363115263,eef_displacement_mean,20,20,0.8242201527096873
0.0,nan,0.0,0.0,prompt_low,dataset_low,0.0,0.0,eef_displacement_min,20,20,1.0
-0.016106546935932692,-1.6617104763164061,-0.009975402633816768,-0.022024192733222963,prompt_low,dataset_low,0.13851247749809686,0.12240593056216417,eef_displacement_range,20,20,0.8837177266334634
-0.0012296429435034312,-0.967227958506931,-0.0006048786522386544,-0.002114574545440031,prompt_low,dataset_low,0.017276067443196534,0.016046424499693103,eef_height_final,20,20,0.9288239504860708
-0.01699597654437357,-0.9914101953157263,-0.007335961934585841,-0.028127038221132536,prompt_low,dataset_low,0.08920942276463972,0.07221344622026615,eef_height_max,20,20,0.8094822933218971
-1.6995976544373566,-0.9914101953157259,-0.733596193458584,-2.8127038221132556,prompt_low,dataset_low,8.920942276463972,7.221344622026615,eef_height_max_cm,20,20,0.8094822721792281
-0.006021329195009202,-1.2591899117177234,-0.0033283790808637304,-0.009098115029102025,prompt_low,dataset_low,0.03970343181298197,0.03368210261797277,eef_height_mean,20,20,0.8483423874592054
-0.0004747968548142003,-0.22163783494905623,0.0007683453083224262,-0.0017951096364311055,prompt_low,dataset_low,0.002651604298280994,0.002176807443466794,eef_height_min,20,20,0.8209404530960612
-0.016521179689559365,-1.0063349158821588,-0.007123976294763914,-0.02699898813687587,prompt_low,dataset_low,0.08655781846635872,0.07003663877679936,eef_height_range,20,20,0.8091313058300621
-0.0016389980759162343,-0.7136107375908678,-0.00044127826669363644,-0.0031977454539066437,prompt_low,dataset_low,0.004313954630192072,0.002674956554275838,eef_pos_endpoint_delta,20,20,0.620071508133051
-0.17272517459872724,-1.7387617243163596,-0.11369427429807288,-0.23282893619927034,prompt_low,dataset_low,0.3938757660717168,0.22115059147298957,eef_pos_max_speed,20,20,0.5614729691645787
-0.19188394021761762,-4.01100398440059,-0.16212368791810736,-0.21935817438567218,prompt_low,dataset_low,0.501771135937855,0.30988719572023743,eef_pos_mean_jerk,20,20,0.6175867389525369
-0.007057051570356999,-2.156707320496922,-0.005065629988000112,-0.008976021060027407,prompt_low,dataset_low,0.06632679533101528,0.05926974376065828,eef_pos_mean_speed,20,20,0.8936018170159475
-0.3928879592803869,-2.9197050580176223,-0.3069691654098596,-0.4696060440440557,prompt_low,dataset_low,1.4312203723852182,1.0383324131048313,eef_pos_p95_jerk,20,20,0.7254874482533469
-0.003742799541989167,-0.28916736524267045,0.004024406923192639,-0.011608925937733734,prompt_low,dataset_low,0.17580320259304277,0.1720604030510536,eef_pos_p95_speed,20,20,0.9787102892672777
-0.06359442260747888,-1.7484232465761254,-0.041480499392916086,-0.08687526637500606,prompt_low,dataset_low,0.5193704074919411,0.4557759848844622,eef_pos_path_len,20,20,0.8775547846668303
-2.2349815803034074,-1.0724093848125484,-1.0094545282774823,-3.502330557690155,prompt_low,dataset_low,7.284063170434561,5.049081590131154,eef_pos_speed_spikiness,20,20,0.693168287404933
0.07774179578589813,0.04669996375037245,1.1619743793258113,-0.8665562543469253,prompt_low,dataset_low,4.0148430183871495,4.092584814173048,state_endpoint_delta,20,20,1.019363595347619
-86.1319696261213,-1.4050059430146133,-52.72790354352325,-124.48538266169508,prompt_low,dataset_low,234.84867054872242,148.71670092260112,state_max_speed,20,20,0.63324480644831
-118.2321531752761,-3.7707186384229483,-101.02969404868468,-137.45488120504777,prompt_low,dataset_low,310.6512275020546,192.4190743267785,state_mean_jerk,20,20,0.6194054853020396
-4.183337822223962,-1.7667567087258393,-2.6639052810991046,-5.599140032728169,prompt_low,dataset_low,43.420512723508956,39.237174901284995,state_mean_speed,20,20,0.9036552643240542
-296.14804811020224,-3.3602234790048633,-241.6979112199712,-350.61281611814087,prompt_low,dataset_low,880.3550659195129,584.2070178093106,state_p95_jerk,20,20,0.6636038576122492
-7.491953209642929,-0.8401975505108611,-2.131433461695777,-13.338037676432803,prompt_low,dataset_low,118.32563974248312,110.83368653284019,state_p95_speed,20,20,0.9366836027650912
-36.95393939432006,-1.8093070545994123,-23.75797927344193,-48.954872770145414,prompt_low,dataset_low,339.08044258507664,302.1265031907566,state_path_len,20,20,0.8910171901643713
-2.0251275797084496,-1.081436134448223,-0.9729391246208035,-3.1784356733161685,prompt_low,dataset_low,6.718203569104276,4.693075989395826,state_speed_spikiness,20,20,0.6985611472079779
0.1481206762122289,0.058274123491037964,1.828294269159899,-1.2812537960270955,prompt_high,dataset_high,6.321001941227575,6.469122617439804,action_endpoint_delta,20,20,1.0234331008525417
-71.40603991107753,-0.8213974258391912,-28.70811665492923,-132.95198053672152,prompt_high,dataset_high,329.40025527963974,257.9942153685622,action_max_speed,20,20,0.7832240905572747
-531.1089238402892,-11.124009646894526,-502.8942360616949,-559.5671372505582,prompt_high,dataset_high,797.1746705102203,266.0657466699311,action_mean_jerk,20,20,0.3337609140369474
-16.29462606701628,-5.224514742753255,-14.308023338654774,-18.143571591800658,prompt_high,dataset_high,63.71477712600065,47.420151058984366,action_mean_speed,20,20,0.7442567203486402
-1629.3166926823305,-6.667956104435496,-1481.871534572915,-1776.7451378912294,prompt_high,dataset_high,2546.760045430858,917.4433527485274,action_p95_jerk,20,20,0.36023941650918784
-30.087202988619694,-2.770711438865267,-23.173882863083918,-36.615975798685476,prompt_high,dataset_high,146.94941840810213,116.86221541948244,action_p95_speed,20,20,0.7952546984363337
-35.39185045249525,-1.1440825870264881,-16.576923869695495,-54.45203609410074,prompt_high,dataset_high,486.8686778106815,451.47682735818626,action_path_len,20,20,0.9273071937777636
0.0847011297728395,0.04846951544653898,1.0339001155352394,-1.080772567245508,prompt_high,dataset_high,6.562848107912342,6.6475492376851815,action_speed_spikiness,20,20,1.0129061541957158
1.8516667842864987,2.460814702834364,2.2833751577138903,1.3650001287460327,prompt_high,dataset_high,7.68333330154419,9.535000085830688,duration_s,20,20,1.2409978467944862
-0.002754709368676271,-1.3510279565797125,-0.00160365837963014,-0.004035349337699371,prompt_high,dataset_high,0.006019750214055872,0.003265040845379601,eef_displacement_final,20,20,0.5423888542530071
0.01690337495755015,1.8391996070833143,0.022123558621259393,0.011352333997075524,prompt_high,dataset_high,0.13977135679231564,0.1566747317498658,eef_displacement_max,20,20,1.12093589227518
-0.002040052762222813,-0.37966011206597483,0.001287284457629932,-0.005101687652038134,prompt_high,dataset_high,0.07951488039380764,0.07747482763158482,eef_displacement_mean,20,20,0.9743437643928176
0.0,nan,0.0,0.0,prompt_high,dataset_high,0.0,0.0,eef_displacement_min,20,20,1.0
0.01690337495755015,1.8391996070833143,0.022123558621259393,0.011352333997075524,prompt_high,dataset_high,0.13977135679231564,0.1566747317498658,eef_displacement_range,20,20,1.12093589227518
-0.0012833117859256567,-1.020214578286581,-0.0005780064134770724,-0.002109261286513176,prompt_high,dataset_high,0.017698059863303833,0.016414748077378177,eef_height_final,20,20,0.9274886020996816
0.038155408196780594,2.540650801904294,0.046643161641647654,0.028847633975939098,prompt_high,dataset_high,0.09000142107238784,0.12815682926916844,eef_height_max,20,20,1.423942238941649
3.815540819678061,2.540650801904295,4.664316164164766,2.8847633975939146,prompt_high,dataset_high,9.000142107238783,12.815682926916844,eef_height_max_cm,20,20,1.423942285574559
0.008600702919235002,1.9189227671385198,0.011238880582880598,0.005759727399429287,prompt_high,dataset_high,0.040452036262741645,0.04905273918197665,eef_height_mean,20,20,1.2126147800626017
-0.00038307115546177,-0.1636189729112446,0.0010292645001979367,-0.0018520407576011054,prompt_high,dataset_high,0.0021453238315057716,0.0017622526760440016,eef_height_min,20,20,0.8214398384828998
0.03853847935224236,2.6870509963231126,0.04657950913761292,0.02978324233431472,prompt_high,dataset_high,0.08785609724088206,0.12639457659312442,eef_height_range,20,20,1.438654529122015
-0.002754709368676271,-1.3510279565797125,-0.00160365837963014,-0.004035349337699371,prompt_high,dataset_high,0.006019750214055872,0.003265040845379601,eef_pos_endpoint_delta,20,20,0.5423888542530071
-0.20231121343180195,-1.9874184397825334,-0.14782113424809507,-0.2664206154928137,prompt_high,dataset_high,0.43575411986071905,0.2334429064289171,eef_pos_max_speed,20,20,0.5357216384926355
-0.24059862528929593,-4.463808767575735,-0.2104618989476816,-0.27283548036755934,prompt_high,dataset_high,0.5436551197709804,0.3030564944816844,eef_pos_mean_jerk,20,20,0.5574425548221161
-0.0035627612903582767,-0.8436836205714154,-0.0009082010426666459,-0.006071383210372332,prompt_high,dataset_high,0.06757019040937931,0.06400742911902103,eef_pos_mean_speed,20,20,0.9472731874587761
-0.4804549651938588,-3.479451672728675,-0.4004423588680669,-0.5617042164701425,prompt_high,dataset_high,1.469383901752466,0.9889289365586071,eef_pos_p95_jerk,20,20,0.6730228489974125
-0.0036007438877251607,-0.2982472119956051,0.0036054111597374604,-0.01082486622205599,prompt_high,dataset_high,0.17675739123825912,0.17315664735053396,eef_pos_p95_speed,20,20,0.9796288932599119
0.09346805176358053,2.1578925882027553,0.11893291241437216,0.06753480887630589,prompt_high,dataset_high,0.5162716043536926,0.6097396561172731,eef_pos_path_len,20,20,1.1810443362852534
-4.069894656007917,-2.0406004725570392,-2.9698114253771344,-5.319818081757304,prompt_high,dataset_high,8.042931842854856,3.9730371868469385,eef_pos_speed_spikiness,20,20,0.4939787218807157
-0.7304136715304042,-0.4568488800472075,0.2745850193291656,-1.7019739314558109,prompt_high,dataset_high,5.492719995022307,4.762306323491903,state_endpoint_delta,20,20,0.8670214992093999
-91.53887110541271,-1.2841542722503518,-50.20196424320124,-136.2665083070045,prompt_high,dataset_high,245.31491077824313,153.77603967283042,state_max_speed,20,20,0.6268515810503282
-153.50887003608833,-5.40966415660123,-136.52663574203643,-170.63143338035024,prompt_high,dataset_high,327.4254420116203,173.91657197553198,state_mean_jerk,20,20,0.5311638915770267
-7.91874329742577,-2.778951147250215,-6.105233131454687,-9.566552192797866,prompt_high,dataset_high,44.39378817350484,36.47504487607907,state_mean_speed,20,20,0.821624970036504
-314.67357747923234,-3.4511346818162267,-263.68289648643747,-374.20272385503756,prompt_high,dataset_high,843.3680819110007,528.6945044317683,state_p95_jerk,20,20,0.6268846495085781
-15.945715542559498,-1.5930318861928574,-9.905363686942339,-21.843729496397717,prompt_high,dataset_high,117.02170153428047,101.07598599172097,state_p95_speed,20,20,0.863737107458434
8.923172753310666,0.3830014699221448,22.80238143692994,-4.254911536103347,prompt_high,dataset_high,338.55966918606515,347.4828419393758,state_path_len,20,20,1.0263562779775257
-2.0971429027664987,-1.0265413546903748,-0.8431311157864693,-3.38056055457546,prompt_high,dataset_high,6.842384951297257,4.745242048530758,state_speed_spikiness,20,20,0.6935070279400213
-1.401522482196916,-0.8421653613337847,-0.3881473823438866,-2.3898113652461657,prompt_high,dataset_low,6.321001941227575,4.919479459030659,action_endpoint_delta,20,20,0.7782752650590888
-67.19918098470907,-0.7852599106044196,-24.050649516178105,-128.68854730963017,prompt_high,dataset_low,329.40025527963974,262.20107429493066,action_max_speed,20,20,0.7959953585171899
-492.4947271531463,-10.60548331542094,-464.5339562850055,-520.1861070591932,prompt_high,dataset_low,797.1746705102203,304.67994335707397,action_mean_jerk,20,20,0.38219972941218255
-11.239295475577912,-3.815940180480458,-9.360857560936887,-13.020503074893988,prompt_high,dataset_low,63.71477712600065,52.475481650422736,action_mean_speed,20,20,0.8235998620604545
-1499.474025000357,-6.214609745622954,-1350.4294856612228,-1643.2711325288356,prompt_high,dataset_low,2546.760045430858,1047.2860204305011,action_p95_jerk,20,20,0.41122288780810917
-18.896260695756297,-1.9576518245731507,-12.950379662865043,-24.87525730322979,prompt_high,dataset_low,146.94941840810213,128.05315771234584,action_p95_speed,20,20,0.871409761949568
-83.25201733719388,-2.744030760175082,-64.95185106762668,-102.36418758968485,prompt_high,dataset_low,486.8686778106815,403.6166604734876,action_path_len,20,20,0.8290051894283977
-0.3726862196037386,-0.20778700983187212,0.6583336274369332,-1.5846235437694969,prompt_high,dataset_low,6.562848107912342,6.190161888308603,action_speed_spikiness,20,20,0.9432127312855915
0.011666655540466309,0.016380997187832515,0.42500002562999745,-0.44170834183693036,prompt_high,dataset_low,7.68333330154419,7.694999957084656,duration_s,20,20,1.0015184367340848
-0.003344793659780034,-1.8595133850802321,-0.0023364914643249045,-0.004531118203590158,prompt_high,dataset_low,0.006019750214055872,0.002674956554275838,eef_displacement_final,20,20,0.44436430342024424
-0.01736542623015147,-1.8944265244276024,-0.011841896608529995,-0.023147727610329384,prompt_high,dataset_low,0.13977135679231564,0.12240593056216417,eef_displacement_max,20,20,0.8757583428660712
-0.014838356762655006,-2.4131381518883437,-0.01085338146885785,-0.018600029757150756,prompt_high,dataset_low,0.07951488039380764,0.06467652363115263,eef_displacement_mean,20,20,0.8133889553369671
0.0,nan,0.0,0.0,prompt_high,dataset_low,0.0,0.0,eef_displacement_min,20,20,1.0
-0.01736542623015147,-1.8944265244276024,-0.011841896608529995,-0.023147727610329384,prompt_high,dataset_low,0.13977135679231564,0.12240593056216417,eef_displacement_range,20,20,0.8757583428660712
-0.0016516353636107303,-1.4662063895438096,-0.0010457471570759795,-0.0024109667776786624,prompt_high,dataset_low,0.017698059863303833,0.016046424499693103,eef_height_final,20,20,0.9066770909840669
-0.01778797485212169,-1.2701060814302254,-0.00976849172749523,-0.026896488120511614,prompt_high,dataset_low,0.09000142107238784,0.07221344622026615,eef_height_max,20,20,0.8023589776276459
-1.7787974852121682,-1.2701060814302247,-0.9768491727495237,-2.6896488120511592,prompt_high,dataset_low,9.000142107238783,7.221344622026615,eef_height_max_cm,20,20,0.8023589558874767
-0.006769933644768876,-1.601923998439465,-0.004273399094151081,-0.00942809688454771,prompt_high,dataset_low,0.040452036262741645,0.03368210261797277,eef_height_mean,20,20,0.8326429866910262
3.148361196102234e-05,0.014128841666618345,0.0013066989145590492,-0.0013820487384394607,prompt_high,dataset_low,0.0021453238315057716,0.002176807443466794,eef_height_min,20,20,1.0146753906075887
-0.0178194584640827,-1.3199748463129848,-0.010073147410022815,-0.02666347297233054,prompt_high,dataset_low,0.08785609724088206,0.07003663877679936,eef_height_range,20,20,0.7971745047248033
-0.003344793659780034,-1.8595133850802321,-0.0023364914643249045,-0.004531118203590158,prompt_high,dataset_low,0.006019750214055872,0.002674956554275838,eef_pos_endpoint_delta,20,20,0.44436430342024424
-0.21460352838772948,-2.1285727012836273,-0.15952577979893348,-0.27829146938987137,prompt_high,dataset_low,0.43575411986071905,0.22115059147298957,eef_pos_max_speed,20,20,0.5075123477169944
-0.23376792405074293,-4.27929751752988,-0.2018062054700172,-0.2675220669556942,prompt_high,dataset_low,0.5436551197709804,0.30988719572023743,eef_pos_mean_jerk,20,20,0.5700069561576292
-0.008300446648721031,-2.065150209420658,-0.005789760846805664,-0.010595675083831182,prompt_high,dataset_low,0.06757019040937931,0.05926974376065828,eef_pos_mean_speed,20,20,0.8771581762606574
-0.43105148864763465,-2.884863457739712,-0.3420541325959907,-0.5193811920492383,prompt_high,dataset_low,1.469383901752466,1.0383324131048313,eef_pos_p95_jerk,20,20,0.7066447473665751
-0.004696988187205514,-0.3897970925481582,0.0022910183043504994,-0.011802020535491294,prompt_high,dataset_low,0.17675739123825912,0.1720604030510536,eef_pos_p95_speed,20,20,0.9734269221299863
-0.06049561946923038,-1.629273043980823,-0.039209930760581053,-0.08464851830878498,prompt_high,dataset_low,0.5162716043536926,0.4557759848844622,eef_pos_path_len,20,20,0.8828221080003336
-2.9938502527237016,-1.4214353046209067,-1.7781316984431483,-4.323872852406726,prompt_high,dataset_low,8.042931842854856,5.049081590131154,eef_pos_speed_spikiness,20,20,0.6277663036942146
-1.4001351808492597,-0.8450568481174782,-0.31732514644541093,-2.343697429383402,prompt_high,dataset_low,5.492719995022307,4.092584814173048,state_endpoint_delta,20,20,0.7450925625975772
-96.59820985564201,-1.3592994564984717,-55.26442666002023,-141.39487317424937,prompt_high,dataset_low,245.31491077824313,148.71670092260112,state_max_speed,20,20,0.6062277276776462
-135.0063676848418,-4.620915121968521,-117.3609580079489,-152.35510918937726,prompt_high,dataset_low,327.4254420116203,192.4190743267785,state_mean_jerk,20,20,0.5876729466981153
-5.156613272219843,-1.8510703647096103,-3.4379545045212336,-6.76766425313674,prompt_high,dataset_low,44.39378817350484,39.237174901284995,state_mean_speed,20,20,0.8838438105145562
-259.16106410169004,-2.6544076522749416,-203.7517173839947,-321.22148855881716,prompt_high,dataset_low,843.3680819110007,584.2070178093106,state_p95_jerk,20,20,0.6927070520485195
-6.188015001440277,-0.6622745331292906,-0.4541200990716369,-11.889859707865218,prompt_high,dataset_low,117.02170153428047,110.83368653284019,state_p95_speed,20,20,0.9471207911030181
-36.43316599530857,-1.5795128077422649,-21.885788774348356,-50.71631834973098,prompt_high,dataset_low,338.55966918606515,302.1265031907566,state_path_len,20,20,0.8923877552166157
-2.149308961901431,-1.0387553987703657,-0.9099189646074232,-3.445552795539461,prompt_high,dataset_low,6.842384951297257,4.693075989395826,state_speed_spikiness,20,20,0.6858830694182485
-1.549643158409145,-0.6031197262964766,-0.06325885481967147,-3.180485802898518,dataset_high,dataset_low,6.469122617439804,4.919479459030659,action_endpoint_delta,20,20,0.760455436130382
4.206858926368454,0.10652725851504664,27.987148722688264,-19.209218133188017,dataset_high,dataset_low,257.9942153685622,262.20107429493066,action_max_speed,20,20,1.0163060203508656
38.61419668714285,1.832941931896706,51.79009481308616,25.75338733269406,dataset_high,dataset_low,266.0657466699311,304.67994335707397,action_mean_jerk,20,20,1.1451302814021924
5.05533059143837,1.9765098027390289,6.6393108938065675,3.472581879239201,dataset_high,dataset_low,47.420151058984366,52.475481650422736,action_mean_speed,20,20,1.106607222403913
129.8426676819737,0.9518671292496274,211.64562832386852,44.5726808483495,dataset_high,dataset_low,917.4433527485274,1047.2860204305011,action_p95_jerk,20,20,1.141526631907647
11.190942292863397,1.315125640265572,16.303927804202882,5.999477301765437,dataset_high,dataset_low,116.86221541948244,128.05315771234584,action_p95_speed,20,20,1.0957618529798994
-47.86016688469863,-2.011357683248444,-33.64013237895115,-62.56290824773803,dataset_high,dataset_low,451.47682735818626,403.6166604734876,action_path_len,20,20,0.8939919748180831
-0.4573873493765781,-0.3480657018648826,0.34941141556711686,-1.2448620988051542,dataset_high,dataset_low,6.6475492376851815,6.190161888308603,action_speed_spikiness,20,20,0.9311945903167471
-1.8400001287460324,-4.220114084036809,-1.576666783690452,-2.1000418061017982,dataset_high,dataset_low,9.535000085830688,7.694999957084656,duration_s,20,20,0.8070267320132908
-0.0005900842911037629,-0.3551986616175776,0.0004182629444657715,-0.001583310689300633,dataset_high,dataset_low,0.003265040845379601,0.002674956554275838,eef_displacement_final,20,20,0.8192725568305327
-0.03426880118770162,-3.44155307315645,-0.028421019524562965,-0.04024022391968075,dataset_high,dataset_low,0.1566747317498658,0.12240593056216417,eef_displacement_max,20,20,0.7812742449423506
-0.012798304000432192,-2.008244646638582,-0.00887190990572898,-0.01668992036173216,dataset_high,dataset_low,0.07747482763158482,0.06467652363115263,eef_displacement_mean,20,20,0.8348069593731604
0.0,nan,0.0,0.0,dataset_high,dataset_low,0.0,0.0,eef_displacement_min,20,20,1.0
-0.03426880118770162,-3.44155307315645,-0.028421019524562965,-0.04024022391968075,dataset_high,dataset_low,0.1566747317498658,0.12240593056216417,eef_displacement_range,20,20,0.7812742449423506
-0.00036832357768507365,-0.577144988301287,3.379414654851944e-05,-0.0007378619749286948,dataset_high,dataset_low,0.016414748077378177,0.016046424499693103,eef_height_final,20,20,0.9775614373389593
-0.055943383048902284,-7.013896640076318,-0.05118950441761733,-0.060905059464687335,dataset_high,dataset_low,0.12815682926916844,0.07221344622026615,eef_height_max,20,20,0.5634771942884443
-5.594338304890229,-7.013896640076319,-5.118950441761733,-6.090505946468732,dataset_high,dataset_low,12.815682926916844,7.221344622026615,eef_height_max_cm,20,20,0.5634771605674495
-0.015370636564003878,-6.228607565719429,-0.013871871870109081,-0.01686461078715388,dataset_high,dataset_low,0.04905273918197665,0.03368210261797277,eef_height_mean,20,20,0.6866508642159556
0.00041455476742279234,0.17900754447471365,0.001786769326118128,-0.0010205575749900264,dataset_high,dataset_low,0.0017622526760440016,0.002176807443466794,eef_height_min,20,20,1.235240054197483
-0.05635793781632506,-8.03688284019739,-0.052209284754479314,-0.060699414901737504,dataset_high,dataset_low,0.12639457659312442,0.07003663877679936,eef_height_range,20,20,0.5541111424514853
-0.0005900842911037629,-0.3551986616175776,0.0004182629444657715,-0.001583310689300633,dataset_high,dataset_low,0.003265040845379601,0.002674956554275838,eef_pos_endpoint_delta,20,20,0.8192725568305327
-0.01229231495592753,-0.48407308576318236,0.0026306476781214278,-0.027790261761388,dataset_high,dataset_low,0.2334429064289171,0.22115059147298957,eef_pos_max_speed,20,20,0.9473433799407209
0.006830701238553005,0.26722876706664433,0.022053285126400514,-0.008244414570687341,dataset_high,dataset_low,0.3030564944816844,0.30988719572023743,eef_pos_mean_jerk,20,20,1.022539365225754
-0.0047376853583627546,-1.2077544535163036,-0.002410688883269577,-0.007009767758278318,dataset_high,dataset_low,0.06400742911902103,0.05926974376065828,eef_pos_mean_speed,20,20,0.9259822698178397
0.04940347654622412,0.4586491142008568,0.11485072642499282,-0.014940172362158456,dataset_high,dataset_low,0.9889289365586071,1.0383324131048313,eef_pos_p95_jerk,20,20,1.049956548160658
-0.0010962442994803534,-0.07448625377312652,0.007658719202208009,-0.010109608593780755,dataset_high,dataset_low,0.17315664735053396,0.1720604030510536,eef_pos_p95_speed,20,20,0.9936690606283699
-0.1539636712328109,-4.0248335061666145,-0.13250357739740307,-0.17713879847468234,dataset_high,dataset_low,0.6097396561172731,0.4557759848844622,eef_pos_path_len,20,20,0.7474927747226492
1.0760444032842154,1.305064528628673,1.576288400753176,0.5805150363637711,dataset_high,dataset_low,3.9730371868469385,5.049081590131154,eef_pos_speed_spikiness,20,20,1.2708367301816808
-0.6697215093188555,-0.32339905599904767,0.6476560741948336,-1.8759544176386935,dataset_high,dataset_low,4.762306323491903,4.092584814173048,state_endpoint_delta,20,20,0.8593703423467531
-5.059338750229301,-0.5376859767143805,0.3696191932138237,-10.832708094846009,dataset_high,dataset_low,153.77603967283042,148.71670092260112,state_max_speed,20,20,0.9670993038924374
18.502502351246534,1.4695801568547444,26.19810676562273,10.878495409714898,dataset_high,dataset_low,173.91657197553198,192.4190743267785,state_mean_jerk,20,20,1.1063872300380078
2.762130025205927,1.169253977440049,4.224116676036004,1.3097965454547427,dataset_high,dataset_low,36.47504487607907,39.237174901284995,state_mean_speed,20,20,1.0757265695993732
55.51251337754229,0.9687982176120126,90.4971285261242,20.59003701205768,dataset_high,dataset_low,528.6945044317683,584.2070178093106,state_p95_jerk,20,20,1.1049992252825782
9.75770054111922,0.9499197385702848,15.873431684432498,3.448438873881865,dataset_high,dataset_low,101.07598599172097,110.83368653284019,state_p95_speed,20,20,1.0965382671701376
-45.35633874861924,-1.7926532740906507,-30.05053008500185,-61.063149825430294,dataset_high,dataset_low,347.4828419393758,302.1265031907566,state_path_len,20,20,0.8694717169510571
-0.05216605913493222,-0.10738781626306441,0.24403932679307025,-0.3556797795697956,dataset_high,dataset_low,4.745242048530758,4.693075989395826,state_speed_spikiness,20,20,0.9890066600414723
