trial,is_decision_step,episode_idx,seq_pos,chunk_idx,source_path,action_values.0,action_values.1,action_values.2,action_values.3,action_values.4,action_values.5,predicted_action_eef_z,mapped_obs_values.0,mapped_obs_values.1,mapped_obs_values.2,mapped_obs_values.3,mapped_obs_values.4,mapped_obs_values.5
0,False,0,0,0,debug_runs/20260529_112158_high/episode_000000/debug_chunk_rawid_0_000_observation_frame.pt,-6.959386825561523,79.84761047363281,-2.7812442779541016,-88.63634490966797,-3.4362540245056152,61.181610107421875,0.028516907065863878,-6.856222703327771,77.66277107883383,1.1127885990506257,100.0,-3.688262780109652,53.6165857107451
0,False,0,1,1,debug_runs/20260529_112158_high/episode_000000/debug_chunk_rawid_1_001_observation_frame.pt,-7.265102386474609,76.87147521972656,-5.442590713500977,-89.76828002929688,-3.5843493938446045,62.20094680786133,0.03021031591212489,-7.158064512419553,74.72894991104096,-1.3260960110098634,100.0,-3.830136502811305,54.208641621393184
0,True,0,2,2,debug_runs/20260529_112158_high/episode_000000/debug_chunk_rawid_2_002_observation_frame.pt,-7.055764198303223,74.62063598632812,-4.568291664123535,-91.7779312133789,-3.9392623901367188,63.44166946411133,0.026451607027757076,-6.951378868937993,72.51011265235935,-0.52487957874219,100.0,-4.170139220275773,54.92928395850426
1,False,0,0,0,debug_runs/20260529_112158_high/episode_000000/debug_chunk_rawid_0_000_observation_frame.pt,-6.959386825561523,79.84761047363281,-2.7812442779541016,-88.63634490966797,-3.4362540245056152,61.181610107421875,0.028516907065863878,-6.856222703327771,77.66277107883383,1.1127885990506257,100.0,-3.688262780109652,53.6165857107451
1,False,0,1,1,debug_runs/20260529_112158_high/episode_000000/debug_chunk_rawid_1_001_observation_frame.pt,-7.265102386474609,76.87147521972656,-5.442590713500977,-89.76828002929688,-3.5843493938446045,62.20094680786133,0.03021031591212489,-7.158064512419553,74.72894991104096,-1.3260960110098634,100.0,-3.830136502811305,54.208641621393184
1,True,0,2,2,debug_runs/20260529_112158_high/episode_000000/debug_chunk_rawid_2_002_observation_frame.pt,-7.055764198303223,74.62063598632812,-4.568291664123535,-91.7779312133789,-3.9392623901367188,63.44166946411133,0.026451607027757076,-6.951378868937993,72.51011265235935,-0.52487957874219,100.0,-4.170139220275773,54.92928395850426
2,False,0,0,0,debug_runs/20260529_112158_high/episode_000000/debug_chunk_rawid_0_000_observation_frame.pt,-6.959386825561523,79.84761047363281,-2.7812442779541016,-88.63634490966797,-3.4362540245056152,61.181610107421875,0.028516907065863878,-6.856222703327771,77.66277107883383,1.1127885990506257,100.0,-3.688262780109652,53.6165857107451
2,False,0,1,1,debug_runs/20260529_112158_high/episode_000000/debug_chunk_rawid_1_001_observation_frame.pt,-7.265102386474609,76.87147521972656,-5.442590713500977,-89.76828002929688,-3.5843493938446045,62.20094680786133,0.03021031591212489,-7.158064512419553,74.72894991104096,-1.3260960110098634,100.0,-3.830136502811305,54.208641621393184
2,True,0,2,2,debug_runs/20260529_112158_high/episode_000000/debug_chunk_rawid_2_002_observation_frame.pt,-7.055764198303223,74.62063598632812,-4.568291664123535,-91.7779312133789,-3.9392623901367188,63.44166946411133,0.026451607027757076,-6.951378868937993,72.51011265235935,-0.52487957874219,100.0,-4.170139220275773,54.92928395850426
3,False,0,0,0,debug_runs/20260529_112158_high/episode_000000/debug_chunk_rawid_0_000_observation_frame.pt,-6.959386825561523,79.84761047363281,-2.7812442779541016,-88.63634490966797,-3.4362540245056152,61.181610107421875,0.028516907065863878,-6.856222703327771,77.66277107883383,1.1127885990506257,100.0,-3.688262780109652,53.6165857107451
3,False,0,1,1,debug_runs/20260529_112158_high/episode_000000/debug_chunk_rawid_1_001_observation_frame.pt,-7.265102386474609,76.87147521972656,-5.442590713500977,-89.76828002929688,-3.5843493938446045,62.20094680786133,0.03021031591212489,-7.158064512419553,74.72894991104096,-1.3260960110098634,100.0,-3.830136502811305,54.208641621393184
3,True,0,2,2,debug_runs/20260529_112158_high/episode_000000/debug_chunk_rawid_2_002_observation_frame.pt,-7.055764198303223,74.62063598632812,-4.568291664123535,-91.7779312133789,-3.9392623901367188,63.44166946411133,0.026451607027757076,-6.951378868937993,72.51011265235935,-0.52487957874219,100.0,-4.170139220275773,54.92928395850426
4,False,0,0,0,debug_runs/20260529_112158_high/episode_000000/debug_chunk_rawid_0_000_observation_frame.pt,-6.959386825561523,79.84761047363281,-2.7812442779541016,-88.63634490966797,-3.4362540245056152,61.181610107421875,0.028516907065863878,-6.856222703327771,77.66277107883383,1.1127885990506257,100.0,-3.688262780109652,53.6165857107451
4,False,0,1,1,debug_runs/20260529_112158_high/episode_000000/debug_chunk_rawid_1_001_observation_frame.pt,-7.265102386474609,76.87147521972656,-5.442590713500977,-89.76828002929688,-3.5843493938446045,62.20094680786133,0.03021031591212489,-7.158064512419553,74.72894991104096,-1.3260960110098634,100.0,-3.830136502811305,54.208641621393184
4,True,0,2,2,debug_runs/20260529_112158_high/episode_000000/debug_chunk_rawid_2_002_observation_frame.pt,-7.055764198303223,74.62063598632812,-4.568291664123535,-91.7779312133789,-3.9392623901367188,63.44166946411133,0.026451607027757076,-6.951378868937993,72.51011265235935,-0.52487957874219,100.0,-4.170139220275773,54.92928395850426
5,False,0,0,0,debug_runs/20260529_112158_high/episode_000000/debug_chunk_rawid_0_000_observation_frame.pt,-6.959386825561523,79.84761047363281,-2.7812442779541016,-88.63634490966797,-3.4362540245056152,61.181610107421875,0.028516907065863878,-6.856222703327771,77.66277107883383,1.1127885990506257,100.0,-3.688262780109652,53.6165857107451
5,False,0,1,1,debug_runs/20260529_112158_high/episode_000000/debug_chunk_rawid_1_001_observation_frame.pt,-7.265102386474609,76.87147521972656,-5.442590713500977,-89.76828002929688,-3.5843493938446045,62.20094680786133,0.03021031591212489,-7.158064512419553,74.72894991104096,-1.3260960110098634,100.0,-3.830136502811305,54.208641621393184
5,True,0,2,2,debug_runs/20260529_112158_high/episode_000000/debug_chunk_rawid_2_002_observation_frame.pt,-7.055764198303223,74.62063598632812,-4.568291664123535,-91.7779312133789,-3.9392623901367188,63.44166946411133,0.026451607027757076,-6.951378868937993,72.51011265235935,-0.52487957874219,100.0,-4.170139220275773,54.92928395850426
6,False,0,0,0,debug_runs/20260529_112158_high/episode_000000/debug_chunk_rawid_0_000_observation_frame.pt,-6.959386825561523,79.84761047363281,-2.7812442779541016,-88.63634490966797,-3.4362540245056152,61.181610107421875,0.028516907065863878,-6.856222703327771,77.66277107883383,1.1127885990506257,100.0,-3.688262780109652,53.6165857107451
6,False,0,1,1,debug_runs/20260529_112158_high/episode_000000/debug_chunk_rawid_1_001_observation_frame.pt,-7.265102386474609,76.87147521972656,-5.442590713500977,-89.76828002929688,-3.5843493938446045,62.20094680786133,0.03021031591212489,-7.158064512419553,74.72894991104096,-1.3260960110098634,100.0,-3.830136502811305,54.208641621393184
6,True,0,2,2,debug_runs/20260529_112158_high/episode_000000/debug_chunk_rawid_2_002_observation_frame.pt,-7.055764198303223,74.62063598632812,-4.568291664123535,-91.7779312133789,-3.9392623901367188,63.44166946411133,0.026451607027757076,-6.951378868937993,72.51011265235935,-0.52487957874219,100.0,-4.170139220275773,54.92928395850426
7,False,0,0,0,debug_runs/20260529_112158_high/episode_000000/debug_chunk_rawid_0_000_observation_frame.pt,-6.959386825561523,79.84761047363281,-2.7812442779541016,-88.63634490966797,-3.4362540245056152,61.181610107421875,0.028516907065863878,-6.856222703327771,77.66277107883383,1.1127885990506257,100.0,-3.688262780109652,53.6165857107451
7,False,0,1,1,debug_runs/20260529_112158_high/episode_000000/debug_chunk_rawid_1_001_observation_frame.pt,-7.265102386474609,76.87147521972656,-5.442590713500977,-89.76828002929688,-3.5843493938446045,62.20094680786133,0.03021031591212489,-7.158064512419553,74.72894991104096,-1.3260960110098634,100.0,-3.830136502811305,54.208641621393184
7,True,0,2,2,debug_runs/20260529_112158_high/episode_000000/debug_chunk_rawid_2_002_observation_frame.pt,-7.055764198303223,74.62063598632812,-4.568291664123535,-91.7779312133789,-3.9392623901367188,63.44166946411133,0.026451607027757076,-6.951378868937993,72.51011265235935,-0.52487957874219,100.0,-4.170139220275773,54.92928395850426
8,False,0,0,0,debug_runs/20260529_112158_high/episode_000000/debug_chunk_rawid_0_000_observation_frame.pt,-6.959386825561523,79.84761047363281,-2.7812442779541016,-88.63634490966797,-3.4362540245056152,61.181610107421875,0.028516907065863878,-6.856222703327771,77.66277107883383,1.1127885990506257,100.0,-3.688262780109652,53.6165857107451
8,False,0,1,1,debug_runs/20260529_112158_high/episode_000000/debug_chunk_rawid_1_001_observation_frame.pt,-7.265102386474609,76.87147521972656,-5.442590713500977,-89.76828002929688,-3.5843493938446045,62.20094680786133,0.03021031591212489,-7.158064512419553,74.72894991104096,-1.3260960110098634,100.0,-3.830136502811305,54.208641621393184
8,True,0,2,2,debug_runs/20260529_112158_high/episode_000000/debug_chunk_rawid_2_002_observation_frame.pt,-7.055764198303223,74.62063598632812,-4.568291664123535,-91.7779312133789,-3.9392623901367188,63.44166946411133,0.026451607027757076,-6.951378868937993,72.51011265235935,-0.52487957874219,100.0,-4.170139220275773,54.92928395850426
9,False,0,0,0,debug_runs/20260529_112158_high/episode_000000/debug_chunk_rawid_0_000_observation_frame.pt,-6.959386825561523,79.84761047363281,-2.7812442779541016,-88.63634490966797,-3.4362540245056152,61.181610107421875,0.028516907065863878,-6.856222703327771,77.66277107883383,1.1127885990506257,100.0,-3.688262780109652,53.6165857107451
9,False,0,1,1,debug_runs/20260529_112158_high/episode_000000/debug_chunk_rawid_1_001_observation_frame.pt,-7.265102386474609,76.87147521972656,-5.442590713500977,-89.76828002929688,-3.5843493938446045,62.20094680786133,0.03021031591212489,-7.158064512419553,74.72894991104096,-1.3260960110098634,100.0,-3.830136502811305,54.208641621393184
9,True,0,2,2,debug_runs/20260529_112158_high/episode_000000/debug_chunk_rawid_2_002_observation_frame.pt,-7.055764198303223,74.62063598632812,-4.568291664123535,-91.7779312133789,-3.9392623901367188,63.44166946411133,0.026451607027757076,-6.951378868937993,72.51011265235935,-0.52487957874219,100.0,-4.170139220275773,54.92928395850426
10,False,0,0,0,debug_runs/20260529_112158_high/episode_000000/debug_chunk_rawid_0_000_observation_frame.pt,-6.959386825561523,79.84761047363281,-2.7812442779541016,-88.63634490966797,-3.4362540245056152,61.181610107421875,0.028516907065863878,-6.856222703327771,77.66277107883383,1.1127885990506257,100.0,-3.688262780109652,53.6165857107451
10,False,0,1,1,debug_runs/20260529_112158_high/episode_000000/debug_chunk_rawid_1_001_observation_frame.pt,-7.265102386474609,76.87147521972656,-5.442590713500977,-89.76828002929688,-3.5843493938446045,62.20094680786133,0.03021031591212489,-7.158064512419553,74.72894991104096,-1.3260960110098634,100.0,-3.830136502811305,54.208641621393184
10,True,0,2,2,debug_runs/20260529_112158_high/episode_000000/debug_chunk_rawid_2_002_observation_frame.pt,-7.055764198303223,74.62063598632812,-4.568291664123535,-91.7779312133789,-3.9392623901367188,63.44166946411133,0.026451607027757076,-6.951378868937993,72.51011265235935,-0.52487957874219,100.0,-4.170139220275773,54.92928395850426
11,False,0,0,0,debug_runs/20260529_112158_high/episode_000000/debug_chunk_rawid_0_000_observation_frame.pt,-6.959386825561523,79.84761047363281,-2.7812442779541016,-88.63634490966797,-3.4362540245056152,61.181610107421875,0.028516907065863878,-6.856222703327771,77.66277107883383,1.1127885990506257,100.0,-3.688262780109652,53.6165857107451
11,False,0,1,1,debug_runs/20260529_112158_high/episode_000000/debug_chunk_rawid_1_001_observation_frame.pt,-7.265102386474609,76.87147521972656,-5.442590713500977,-89.76828002929688,-3.5843493938446045,62.20094680786133,0.03021031591212489,-7.158064512419553,74.72894991104096,-1.3260960110098634,100.0,-3.830136502811305,54.208641621393184
11,True,0,2,2,debug_runs/20260529_112158_high/episode_000000/debug_chunk_rawid_2_002_observation_frame.pt,-7.055764198303223,74.62063598632812,-4.568291664123535,-91.7779312133789,-3.9392623901367188,63.44166946411133,0.026451607027757076,-6.951378868937993,72.51011265235935,-0.52487957874219,100.0,-4.170139220275773,54.92928395850426
12,False,0,0,0,debug_runs/20260529_112158_high/episode_000000/debug_chunk_rawid_0_000_observation_frame.pt,-6.959386825561523,79.84761047363281,-2.7812442779541016,-88.63634490966797,-3.4362540245056152,61.181610107421875,0.028516907065863878,-6.856222703327771,77.66277107883383,1.1127885990506257,100.0,-3.688262780109652,53.6165857107451
12,False,0,1,1,debug_runs/20260529_112158_high/episode_000000/debug_chunk_rawid_1_001_observation_frame.pt,-7.265102386474609,76.87147521972656,-5.442590713500977,-89.76828002929688,-3.5843493938446045,62.20094680786133,0.03021031591212489,-7.158064512419553,74.72894991104096,-1.3260960110098634,100.0,-3.830136502811305,54.208641621393184
12,True,0,2,2,debug_runs/20260529_112158_high/episode_000000/debug_chunk_rawid_2_002_observation_frame.pt,-7.055764198303223,74.62063598632812,-4.568291664123535,-91.7779312133789,-3.9392623901367188,63.44166946411133,0.026451607027757076,-6.951378868937993,72.51011265235935,-0.52487957874219,100.0,-4.170139220275773,54.92928395850426
13,False,0,0,0,debug_runs/20260529_112158_high/episode_000000/debug_chunk_rawid_0_000_observation_frame.pt,-6.959386825561523,79.84761047363281,-2.7812442779541016,-88.63634490966797,-3.4362540245056152,61.181610107421875,0.028516907065863878,-6.856222703327771,77.66277107883383,1.1127885990506257,100.0,-3.688262780109652,53.6165857107451
13,False,0,1,1,debug_runs/20260529_112158_high/episode_000000/debug_chunk_rawid_1_001_observation_frame.pt,-7.265102386474609,76.87147521972656,-5.442590713500977,-89.76828002929688,-3.5843493938446045,62.20094680786133,0.03021031591212489,-7.158064512419553,74.72894991104096,-1.3260960110098634,100.0,-3.830136502811305,54.208641621393184
13,True,0,2,2,debug_runs/20260529_112158_high/episode_000000/debug_chunk_rawid_2_002_observation_frame.pt,-7.055764198303223,74.62063598632812,-4.568291664123535,-91.7779312133789,-3.9392623901367188,63.44166946411133,0.026451607027757076,-6.951378868937993,72.51011265235935,-0.52487957874219,100.0,-4.170139220275773,54.92928395850426
14,False,0,0,0,debug_runs/20260529_112158_high/episode_000000/debug_chunk_rawid_0_000_observation_frame.pt,-6.959386825561523,79.84761047363281,-2.7812442779541016,-88.63634490966797,-3.4362540245056152,61.181610107421875,0.028516907065863878,-6.856222703327771,77.66277107883383,1.1127885990506257,100.0,-3.688262780109652,53.6165857107451
14,False,0,1,1,debug_runs/20260529_112158_high/episode_000000/debug_chunk_rawid_1_001_observation_frame.pt,-7.265102386474609,76.87147521972656,-5.442590713500977,-89.76828002929688,-3.5843493938446045,62.20094680786133,0.03021031591212489,-7.158064512419553,74.72894991104096,-1.3260960110098634,100.0,-3.830136502811305,54.208641621393184
14,True,0,2,2,debug_runs/20260529_112158_high/episode_000000/debug_chunk_rawid_2_002_observation_frame.pt,-7.055764198303223,74.62063598632812,-4.568291664123535,-91.7779312133789,-3.9392623901367188,63.44166946411133,0.026451607027757076,-6.951378868937993,72.51011265235935,-0.52487957874219,100.0,-4.170139220275773,54.92928395850426
15,False,0,0,0,debug_runs/20260529_112158_high/episode_000000/debug_chunk_rawid_0_000_observation_frame.pt,-6.959386825561523,79.84761047363281,-2.7812442779541016,-88.63634490966797,-3.4362540245056152,61.181610107421875,0.028516907065863878,-6.856222703327771,77.66277107883383,1.1127885990506257,100.0,-3.688262780109652,53.6165857107451
15,False,0,1,1,debug_runs/20260529_112158_high/episode_000000/debug_chunk_rawid_1_001_observation_frame.pt,-7.265102386474609,76.87147521972656,-5.442590713500977,-89.76828002929688,-3.5843493938446045,62.20094680786133,0.03021031591212489,-7.158064512419553,74.72894991104096,-1.3260960110098634,100.0,-3.830136502811305,54.208641621393184
15,True,0,2,2,debug_runs/20260529_112158_high/episode_000000/debug_chunk_rawid_2_002_observation_frame.pt,-7.055764198303223,74.62063598632812,-4.568291664123535,-91.7779312133789,-3.9392623901367188,63.44166946411133,0.026451607027757076,-6.951378868937993,72.51011265235935,-0.52487957874219,100.0,-4.170139220275773,54.92928395850426
16,False,0,0,0,debug_runs/20260529_112158_high/episode_000000/debug_chunk_rawid_0_000_observation_frame.pt,-6.959386825561523,79.84761047363281,-2.7812442779541016,-88.63634490966797,-3.4362540245056152,61.181610107421875,0.028516907065863878,-6.856222703327771,77.66277107883383,1.1127885990506257,100.0,-3.688262780109652,53.6165857107451
16,False,0,1,1,debug_runs/20260529_112158_high/episode_000000/debug_chunk_rawid_1_001_observation_frame.pt,-7.265102386474609,76.87147521972656,-5.442590713500977,-89.76828002929688,-3.5843493938446045,62.20094680786133,0.03021031591212489,-7.158064512419553,74.72894991104096,-1.3260960110098634,100.0,-3.830136502811305,54.208641621393184
16,True,0,2,2,debug_runs/20260529_112158_high/episode_000000/debug_chunk_rawid_2_002_observation_frame.pt,-7.055764198303223,74.62063598632812,-4.568291664123535,-91.7779312133789,-3.9392623901367188,63.44166946411133,0.026451607027757076,-6.951378868937993,72.51011265235935,-0.52487957874219,100.0,-4.170139220275773,54.92928395850426
17,False,0,0,0,debug_runs/20260529_112158_high/episode_000000/debug_chunk_rawid_0_000_observation_frame.pt,-6.959386825561523,79.84761047363281,-2.7812442779541016,-88.63634490966797,-3.4362540245056152,61.181610107421875,0.028516907065863878,-6.856222703327771,77.66277107883383,1.1127885990506257,100.0,-3.688262780109652,53.6165857107451
17,False,0,1,1,debug_runs/20260529_112158_high/episode_000000/debug_chunk_rawid_1_001_observation_frame.pt,-7.265102386474609,76.87147521972656,-5.442590713500977,-89.76828002929688,-3.5843493938446045,62.20094680786133,0.03021031591212489,-7.158064512419553,74.72894991104096,-1.3260960110098634,100.0,-3.830136502811305,54.208641621393184
17,True,0,2,2,debug_runs/20260529_112158_high/episode_000000/debug_chunk_rawid_2_002_observation_frame.pt,-7.055764198303223,74.62063598632812,-4.568291664123535,-91.7779312133789,-3.9392623901367188,63.44166946411133,0.026451607027757076,-6.951378868937993,72.51011265235935,-0.52487957874219,100.0,-4.170139220275773,54.92928395850426
18,False,0,0,0,debug_runs/20260529_112158_high/episode_000000/debug_chunk_rawid_0_000_observation_frame.pt,-6.959386825561523,79.84761047363281,-2.7812442779541016,-88.63634490966797,-3.4362540245056152,61.181610107421875,0.028516907065863878,-6.856222703327771,77.66277107883383,1.1127885990506257,100.0,-3.688262780109652,53.6165857107451
18,False,0,1,1,debug_runs/20260529_112158_high/episode_000000/debug_chunk_rawid_1_001_observation_frame.pt,-7.265102386474609,76.87147521972656,-5.442590713500977,-89.76828002929688,-3.5843493938446045,62.20094680786133,0.03021031591212489,-7.158064512419553,74.72894991104096,-1.3260960110098634,100.0,-3.830136502811305,54.208641621393184
18,True,0,2,2,debug_runs/20260529_112158_high/episode_000000/debug_chunk_rawid_2_002_observation_frame.pt,-7.055764198303223,74.62063598632812,-4.568291664123535,-91.7779312133789,-3.9392623901367188,63.44166946411133,0.026451607027757076,-6.951378868937993,72.51011265235935,-0.52487957874219,100.0,-4.170139220275773,54.92928395850426
19,False,0,0,0,debug_runs/20260529_112158_high/episode_000000/debug_chunk_rawid_0_000_observation_frame.pt,-6.959386825561523,79.84761047363281,-2.7812442779541016,-88.63634490966797,-3.4362540245056152,61.181610107421875,0.028516907065863878,-6.856222703327771,77.66277107883383,1.1127885990506257,100.0,-3.688262780109652,53.6165857107451
19,False,0,1,1,debug_runs/20260529_112158_high/episode_000000/debug_chunk_rawid_1_001_observation_frame.pt,-7.265102386474609,76.87147521972656,-5.442590713500977,-89.76828002929688,-3.5843493938446045,62.20094680786133,0.03021031591212489,-7.158064512419553,74.72894991104096,-1.3260960110098634,100.0,-3.830136502811305,54.208641621393184
19,True,0,2,2,debug_runs/20260529_112158_high/episode_000000/debug_chunk_rawid_2_002_observation_frame.pt,-7.055764198303223,74.62063598632812,-4.568291664123535,-91.7779312133789,-3.9392623901367188,63.44166946411133,0.026451607027757076,-6.951378868937993,72.51011265235935,-0.52487957874219,100.0,-4.170139220275773,54.92928395850426
20,False,0,0,0,debug_runs/20260529_112158_high/episode_000000/debug_chunk_rawid_0_000_observation_frame.pt,-6.959386825561523,79.84761047363281,-2.7812442779541016,-88.63634490966797,-3.4362540245056152,61.181610107421875,0.028516907065863878,-6.856222703327771,77.66277107883383,1.1127885990506257,100.0,-3.688262780109652,53.6165857107451
20,False,0,1,1,debug_runs/20260529_112158_high/episode_000000/debug_chunk_rawid_1_001_observation_frame.pt,-7.265102386474609,76.87147521972656,-5.442590713500977,-89.76828002929688,-3.5843493938446045,62.20094680786133,0.03021031591212489,-7.158064512419553,74.72894991104096,-1.3260960110098634,100.0,-3.830136502811305,54.208641621393184
20,True,0,2,2,debug_runs/20260529_112158_high/episode_000000/debug_chunk_rawid_2_002_observation_frame.pt,-7.055764198303223,74.62063598632812,-4.568291664123535,-91.7779312133789,-3.9392623901367188,63.44166946411133,0.026451607027757076,-6.951378868937993,72.51011265235935,-0.52487957874219,100.0,-4.170139220275773,54.92928395850426
21,False,0,0,0,debug_runs/20260529_112158_high/episode_000000/debug_chunk_rawid_0_000_observation_frame.pt,-6.959386825561523,79.84761047363281,-2.7812442779541016,-88.63634490966797,-3.4362540245056152,61.181610107421875,0.028516907065863878,-6.856222703327771,77.66277107883383,1.1127885990506257,100.0,-3.688262780109652,53.6165857107451
21,False,0,1,1,debug_runs/20260529_112158_high/episode_000000/debug_chunk_rawid_1_001_observation_frame.pt,-7.265102386474609,76.87147521972656,-5.442590713500977,-89.76828002929688,-3.5843493938446045,62.20094680786133,0.03021031591212489,-7.158064512419553,74.72894991104096,-1.3260960110098634,100.0,-3.830136502811305,54.208641621393184
21,True,0,2,2,debug_runs/20260529_112158_high/episode_000000/debug_chunk_rawid_2_002_observation_frame.pt,-7.055764198303223,74.62063598632812,-4.568291664123535,-91.7779312133789,-3.9392623901367188,63.44166946411133,0.026451607027757076,-6.951378868937993,72.51011265235935,-0.52487957874219,100.0,-4.170139220275773,54.92928395850426
22,False,0,0,0,debug_runs/20260529_112158_high/episode_000000/debug_chunk_rawid_0_000_observation_frame.pt,-6.959386825561523,79.84761047363281,-2.7812442779541016,-88.63634490966797,-3.4362540245056152,61.181610107421875,0.028516907065863878,-6.856222703327771,77.66277107883383,1.1127885990506257,100.0,-3.688262780109652,53.6165857107451
22,False,0,1,1,debug_runs/20260529_112158_high/episode_000000/debug_chunk_rawid_1_001_observation_frame.pt,-7.265102386474609,76.87147521972656,-5.442590713500977,-89.76828002929688,-3.5843493938446045,62.20094680786133,0.03021031591212489,-7.158064512419553,74.72894991104096,-1.3260960110098634,100.0,-3.830136502811305,54.208641621393184
22,True,0,2,2,debug_runs/20260529_112158_high/episode_000000/debug_chunk_rawid_2_002_observation_frame.pt,-7.055764198303223,74.62063598632812,-4.568291664123535,-91.7779312133789,-3.9392623901367188,63.44166946411133,0.026451607027757076,-6.951378868937993,72.51011265235935,-0.52487957874219,100.0,-4.170139220275773,54.92928395850426
23,False,0,0,0,debug_runs/20260529_112158_high/episode_000000/debug_chunk_rawid_0_000_observation_frame.pt,-6.959386825561523,79.84761047363281,-2.7812442779541016,-88.63634490966797,-3.4362540245056152,61.181610107421875,0.028516907065863878,-6.856222703327771,77.66277107883383,1.1127885990506257,100.0,-3.688262780109652,53.6165857107451
23,False,0,1,1,debug_runs/20260529_112158_high/episode_000000/debug_chunk_rawid_1_001_observation_frame.pt,-7.265102386474609,76.87147521972656,-5.442590713500977,-89.76828002929688,-3.5843493938446045,62.20094680786133,0.03021031591212489,-7.158064512419553,74.72894991104096,-1.3260960110098634,100.0,-3.830136502811305,54.208641621393184
23,True,0,2,2,debug_runs/20260529_112158_high/episode_000000/debug_chunk_rawid_2_002_observation_frame.pt,-7.055764198303223,74.62063598632812,-4.568291664123535,-91.7779312133789,-3.9392623901367188,63.44166946411133,0.026451607027757076,-6.951378868937993,72.51011265235935,-0.52487957874219,100.0,-4.170139220275773,54.92928395850426
24,False,0,0,0,debug_runs/20260529_112158_high/episode_000000/debug_chunk_rawid_0_000_observation_frame.pt,-6.959386825561523,79.84761047363281,-2.7812442779541016,-88.63634490966797,-3.4362540245056152,61.181610107421875,0.028516907065863878,-6.856222703327771,77.66277107883383,1.1127885990506257,100.0,-3.688262780109652,53.6165857107451
24,False,0,1,1,debug_runs/20260529_112158_high/episode_000000/debug_chunk_rawid_1_001_observation_frame.pt,-7.265102386474609,76.87147521972656,-5.442590713500977,-89.76828002929688,-3.5843493938446045,62.20094680786133,0.03021031591212489,-7.158064512419553,74.72894991104096,-1.3260960110098634,100.0,-3.830136502811305,54.208641621393184
24,True,0,2,2,debug_runs/20260529_112158_high/episode_000000/debug_chunk_rawid_2_002_observation_frame.pt,-7.055764198303223,74.62063598632812,-4.568291664123535,-91.7779312133789,-3.9392623901367188,63.44166946411133,0.026451607027757076,-6.951378868937993,72.51011265235935,-0.52487957874219,100.0,-4.170139220275773,54.92928395850426
25,False,0,0,0,debug_runs/20260529_112158_high/episode_000000/debug_chunk_rawid_0_000_observation_frame.pt,-6.959386825561523,79.84761047363281,-2.7812442779541016,-88.63634490966797,-3.4362540245056152,61.181610107421875,0.028516907065863878,-6.856222703327771,77.66277107883383,1.1127885990506257,100.0,-3.688262780109652,53.6165857107451
25,False,0,1,1,debug_runs/20260529_112158_high/episode_000000/debug_chunk_rawid_1_001_observation_frame.pt,-7.265102386474609,76.87147521972656,-5.442590713500977,-89.76828002929688,-3.5843493938446045,62.20094680786133,0.03021031591212489,-7.158064512419553,74.72894991104096,-1.3260960110098634,100.0,-3.830136502811305,54.208641621393184
25,True,0,2,2,debug_runs/20260529_112158_high/episode_000000/debug_chunk_rawid_2_002_observation_frame.pt,-7.055764198303223,74.62063598632812,-4.568291664123535,-91.7779312133789,-3.9392623901367188,63.44166946411133,0.026451607027757076,-6.951378868937993,72.51011265235935,-0.52487957874219,100.0,-4.170139220275773,54.92928395850426
26,False,0,0,0,debug_runs/20260529_112158_high/episode_000000/debug_chunk_rawid_0_000_observation_frame.pt,-6.959386825561523,79.84761047363281,-2.7812442779541016,-88.63634490966797,-3.4362540245056152,61.181610107421875,0.028516907065863878,-6.856222703327771,77.66277107883383,1.1127885990506257,100.0,-3.688262780109652,53.6165857107451
26,False,0,1,1,debug_runs/20260529_112158_high/episode_000000/debug_chunk_rawid_1_001_observation_frame.pt,-7.265102386474609,76.87147521972656,-5.442590713500977,-89.76828002929688,-3.5843493938446045,62.20094680786133,0.03021031591212489,-7.158064512419553,74.72894991104096,-1.3260960110098634,100.0,-3.830136502811305,54.208641621393184
26,True,0,2,2,debug_runs/20260529_112158_high/episode_000000/debug_chunk_rawid_2_002_observation_frame.pt,-7.055764198303223,74.62063598632812,-4.568291664123535,-91.7779312133789,-3.9392623901367188,63.44166946411133,0.026451607027757076,-6.951378868937993,72.51011265235935,-0.52487957874219,100.0,-4.170139220275773,54.92928395850426
27,False,0,0,0,debug_runs/20260529_112158_high/episode_000000/debug_chunk_rawid_0_000_observation_frame.pt,-6.959386825561523,79.84761047363281,-2.7812442779541016,-88.63634490966797,-3.4362540245056152,61.181610107421875,0.028516907065863878,-6.856222703327771,77.66277107883383,1.1127885990506257,100.0,-3.688262780109652,53.6165857107451
27,False,0,1,1,debug_runs/20260529_112158_high/episode_000000/debug_chunk_rawid_1_001_observation_frame.pt,-7.265102386474609,76.87147521972656,-5.442590713500977,-89.76828002929688,-3.5843493938446045,62.20094680786133,0.03021031591212489,-7.158064512419553,74.72894991104096,-1.3260960110098634,100.0,-3.830136502811305,54.208641621393184
27,True,0,2,2,debug_runs/20260529_112158_high/episode_000000/debug_chunk_rawid_2_002_observation_frame.pt,-7.055764198303223,74.62063598632812,-4.568291664123535,-91.7779312133789,-3.9392623901367188,63.44166946411133,0.026451607027757076,-6.951378868937993,72.51011265235935,-0.52487957874219,100.0,-4.170139220275773,54.92928395850426
28,False,0,0,0,debug_runs/20260529_112158_high/episode_000000/debug_chunk_rawid_0_000_observation_frame.pt,-6.959386825561523,79.84761047363281,-2.7812442779541016,-88.63634490966797,-3.4362540245056152,61.181610107421875,0.028516907065863878,-6.856222703327771,77.66277107883383,1.1127885990506257,100.0,-3.688262780109652,53.6165857107451
28,False,0,1,1,debug_runs/20260529_112158_high/episode_000000/debug_chunk_rawid_1_001_observation_frame.pt,-7.265102386474609,76.87147521972656,-5.442590713500977,-89.76828002929688,-3.5843493938446045,62.20094680786133,0.03021031591212489,-7.158064512419553,74.72894991104096,-1.3260960110098634,100.0,-3.830136502811305,54.208641621393184
28,True,0,2,2,debug_runs/20260529_112158_high/episode_000000/debug_chunk_rawid_2_002_observation_frame.pt,-7.055764198303223,74.62063598632812,-4.568291664123535,-91.7779312133789,-3.9392623901367188,63.44166946411133,0.026451607027757076,-6.951378868937993,72.51011265235935,-0.52487957874219,100.0,-4.170139220275773,54.92928395850426
29,False,0,0,0,debug_runs/20260529_112158_high/episode_000000/debug_chunk_rawid_0_000_observation_frame.pt,-6.959386825561523,79.84761047363281,-2.7812442779541016,-88.63634490966797,-3.4362540245056152,61.181610107421875,0.028516907065863878,-6.856222703327771,77.66277107883383,1.1127885990506257,100.0,-3.688262780109652,53.6165857107451
29,False,0,1,1,debug_runs/20260529_112158_high/episode_000000/debug_chunk_rawid_1_001_observation_frame.pt,-7.265102386474609,76.87147521972656,-5.442590713500977,-89.76828002929688,-3.5843493938446045,62.20094680786133,0.03021031591212489,-7.158064512419553,74.72894991104096,-1.3260960110098634,100.0,-3.830136502811305,54.208641621393184
29,True,0,2,2,debug_runs/20260529_112158_high/episode_000000/debug_chunk_rawid_2_002_observation_frame.pt,-7.055764198303223,74.62063598632812,-4.568291664123535,-91.7779312133789,-3.9392623901367188,63.44166946411133,0.026451607027757076,-6.951378868937993,72.51011265235935,-0.52487957874219,100.0,-4.170139220275773,54.92928395850426
30,False,0,0,0,debug_runs/20260529_112158_high/episode_000000/debug_chunk_rawid_0_000_observation_frame.pt,-6.959386825561523,79.84761047363281,-2.7812442779541016,-88.63634490966797,-3.4362540245056152,61.181610107421875,0.028516907065863878,-6.856222703327771,77.66277107883383,1.1127885990506257,100.0,-3.688262780109652,53.6165857107451
30,False,0,1,1,debug_runs/20260529_112158_high/episode_000000/debug_chunk_rawid_1_001_observation_frame.pt,-7.265102386474609,76.87147521972656,-5.442590713500977,-89.76828002929688,-3.5843493938446045,62.20094680786133,0.03021031591212489,-7.158064512419553,74.72894991104096,-1.3260960110098634,100.0,-3.830136502811305,54.208641621393184
30,True,0,2,2,debug_runs/20260529_112158_high/episode_000000/debug_chunk_rawid_2_002_observation_frame.pt,-7.055764198303223,74.62063598632812,-4.568291664123535,-91.7779312133789,-3.9392623901367188,63.44166946411133,0.026451607027757076,-6.951378868937993,72.51011265235935,-0.52487957874219,100.0,-4.170139220275773,54.92928395850426
31,False,0,0,0,debug_runs/20260529_112158_high/episode_000000/debug_chunk_rawid_0_000_observation_frame.pt,-6.959386825561523,79.84761047363281,-2.7812442779541016,-88.63634490966797,-3.4362540245056152,61.181610107421875,0.028516907065863878,-6.856222703327771,77.66277107883383,1.1127885990506257,100.0,-3.688262780109652,53.6165857107451
31,False,0,1,1,debug_runs/20260529_112158_high/episode_000000/debug_chunk_rawid_1_001_observation_frame.pt,-7.265102386474609,76.87147521972656,-5.442590713500977,-89.76828002929688,-3.5843493938446045,62.20094680786133,0.03021031591212489,-7.158064512419553,74.72894991104096,-1.3260960110098634,100.0,-3.830136502811305,54.208641621393184
31,True,0,2,2,debug_runs/20260529_112158_high/episode_000000/debug_chunk_rawid_2_002_observation_frame.pt,-7.055764198303223,74.62063598632812,-4.568291664123535,-91.7779312133789,-3.9392623901367188,63.44166946411133,0.026451607027757076,-6.951378868937993,72.51011265235935,-0.52487957874219,100.0,-4.170139220275773,54.92928395850426
32,False,0,0,0,debug_runs/20260529_112158_high/episode_000000/debug_chunk_rawid_0_000_observation_frame.pt,-6.959386825561523,79.84761047363281,-2.7812442779541016,-88.63634490966797,-3.4362540245056152,61.181610107421875,0.028516907065863878,-6.856222703327771,77.66277107883383,1.1127885990506257,100.0,-3.688262780109652,53.6165857107451
32,False,0,1,1,debug_runs/20260529_112158_high/episode_000000/debug_chunk_rawid_1_001_observation_frame.pt,-7.265102386474609,76.87147521972656,-5.442590713500977,-89.76828002929688,-3.5843493938446045,62.20094680786133,0.03021031591212489,-7.158064512419553,74.72894991104096,-1.3260960110098634,100.0,-3.830136502811305,54.208641621393184
32,True,0,2,2,debug_runs/20260529_112158_high/episode_000000/debug_chunk_rawid_2_002_observation_frame.pt,-7.055764198303223,74.62063598632812,-4.568291664123535,-91.7779312133789,-3.9392623901367188,63.44166946411133,0.026451607027757076,-6.951378868937993,72.51011265235935,-0.52487957874219,100.0,-4.170139220275773,54.92928395850426
33,False,0,0,0,debug_runs/20260529_112158_high/episode_000000/debug_chunk_rawid_0_000_observation_frame.pt,-6.959386825561523,79.84761047363281,-2.7812442779541016,-88.63634490966797,-3.4362540245056152,61.181610107421875,0.028516907065863878,-6.856222703327771,77.66277107883383,1.1127885990506257,100.0,-3.688262780109652,53.6165857107451
33,False,0,1,1,debug_runs/20260529_112158_high/episode_000000/debug_chunk_rawid_1_001_observation_frame.pt,-7.265102386474609,76.87147521972656,-5.442590713500977,-89.76828002929688,-3.5843493938446045,62.20094680786133,0.03021031591212489,-7.158064512419553,74.72894991104096,-1.3260960110098634,100.0,-3.830136502811305,54.208641621393184
33,True,0,2,2,debug_runs/20260529_112158_high/episode_000000/debug_chunk_rawid_2_002_observation_frame.pt,-7.055764198303223,74.62063598632812,-4.568291664123535,-91.7779312133789,-3.9392623901367188,63.44166946411133,0.026451607027757076,-6.951378868937993,72.51011265235935,-0.52487957874219,100.0,-4.170139220275773,54.92928395850426
34,False,0,0,0,debug_runs/20260529_112158_high/episode_000000/debug_chunk_rawid_0_000_observation_frame.pt,-6.959386825561523,79.84761047363281,-2.7812442779541016,-88.63634490966797,-3.4362540245056152,61.181610107421875,0.028516907065863878,-6.856222703327771,77.66277107883383,1.1127885990506257,100.0,-3.688262780109652,53.6165857107451
34,False,0,1,1,debug_runs/20260529_112158_high/episode_000000/debug_chunk_rawid_1_001_observation_frame.pt,-7.265102386474609,76.87147521972656,-5.442590713500977,-89.76828002929688,-3.5843493938446045,62.20094680786133,0.03021031591212489,-7.158064512419553,74.72894991104096,-1.3260960110098634,100.0,-3.830136502811305,54.208641621393184
34,True,0,2,2,debug_runs/20260529_112158_high/episode_000000/debug_chunk_rawid_2_002_observation_frame.pt,-7.055764198303223,74.62063598632812,-4.568291664123535,-91.7779312133789,-3.9392623901367188,63.44166946411133,0.026451607027757076,-6.951378868937993,72.51011265235935,-0.52487957874219,100.0,-4.170139220275773,54.92928395850426
35,False,0,0,0,debug_runs/20260529_112158_high/episode_000000/debug_chunk_rawid_0_000_observation_frame.pt,-6.959386825561523,79.84761047363281,-2.7812442779541016,-88.63634490966797,-3.4362540245056152,61.181610107421875,0.028516907065863878,-6.856222703327771,77.66277107883383,1.1127885990506257,100.0,-3.688262780109652,53.6165857107451
35,False,0,1,1,debug_runs/20260529_112158_high/episode_000000/debug_chunk_rawid_1_001_observation_frame.pt,-7.265102386474609,76.87147521972656,-5.442590713500977,-89.76828002929688,-3.5843493938446045,62.20094680786133,0.03021031591212489,-7.158064512419553,74.72894991104096,-1.3260960110098634,100.0,-3.830136502811305,54.208641621393184
35,True,0,2,2,debug_runs/20260529_112158_high/episode_000000/debug_chunk_rawid_2_002_observation_frame.pt,-7.055764198303223,74.62063598632812,-4.568291664123535,-91.7779312133789,-3.9392623901367188,63.44166946411133,0.026451607027757076,-6.951378868937993,72.51011265235935,-0.52487957874219,100.0,-4.170139220275773,54.92928395850426
36,False,0,0,0,debug_runs/20260529_112158_high/episode_000000/debug_chunk_rawid_0_000_observation_frame.pt,-6.959386825561523,79.84761047363281,-2.7812442779541016,-88.63634490966797,-3.4362540245056152,61.181610107421875,0.028516907065863878,-6.856222703327771,77.66277107883383,1.1127885990506257,100.0,-3.688262780109652,53.6165857107451
36,False,0,1,1,debug_runs/20260529_112158_high/episode_000000/debug_chunk_rawid_1_001_observation_frame.pt,-7.265102386474609,76.87147521972656,-5.442590713500977,-89.76828002929688,-3.5843493938446045,62.20094680786133,0.03021031591212489,-7.158064512419553,74.72894991104096,-1.3260960110098634,100.0,-3.830136502811305,54.208641621393184
36,True,0,2,2,debug_runs/20260529_112158_high/episode_000000/debug_chunk_rawid_2_002_observation_frame.pt,-7.055764198303223,74.62063598632812,-4.568291664123535,-91.7779312133789,-3.9392623901367188,63.44166946411133,0.026451607027757076,-6.951378868937993,72.51011265235935,-0.52487957874219,100.0,-4.170139220275773,54.92928395850426
37,False,0,0,0,debug_runs/20260529_112158_high/episode_000000/debug_chunk_rawid_0_000_observation_frame.pt,-6.959386825561523,79.84761047363281,-2.7812442779541016,-88.63634490966797,-3.4362540245056152,61.181610107421875,0.028516907065863878,-6.856222703327771,77.66277107883383,1.1127885990506257,100.0,-3.688262780109652,53.6165857107451
37,False,0,1,1,debug_runs/20260529_112158_high/episode_000000/debug_chunk_rawid_1_001_observation_frame.pt,-7.265102386474609,76.87147521972656,-5.442590713500977,-89.76828002929688,-3.5843493938446045,62.20094680786133,0.03021031591212489,-7.158064512419553,74.72894991104096,-1.3260960110098634,100.0,-3.830136502811305,54.208641621393184
37,True,0,2,2,debug_runs/20260529_112158_high/episode_000000/debug_chunk_rawid_2_002_observation_frame.pt,-7.055764198303223,74.62063598632812,-4.568291664123535,-91.7779312133789,-3.9392623901367188,63.44166946411133,0.026451607027757076,-6.951378868937993,72.51011265235935,-0.52487957874219,100.0,-4.170139220275773,54.92928395850426
38,False,0,0,0,debug_runs/20260529_112158_high/episode_000000/debug_chunk_rawid_0_000_observation_frame.pt,-6.959386825561523,79.84761047363281,-2.7812442779541016,-88.63634490966797,-3.4362540245056152,61.181610107421875,0.028516907065863878,-6.856222703327771,77.66277107883383,1.1127885990506257,100.0,-3.688262780109652,53.6165857107451
38,False,0,1,1,debug_runs/20260529_112158_high/episode_000000/debug_chunk_rawid_1_001_observation_frame.pt,-7.265102386474609,76.87147521972656,-5.442590713500977,-89.76828002929688,-3.5843493938446045,62.20094680786133,0.03021031591212489,-7.158064512419553,74.72894991104096,-1.3260960110098634,100.0,-3.830136502811305,54.208641621393184
38,True,0,2,2,debug_runs/20260529_112158_high/episode_000000/debug_chunk_rawid_2_002_observation_frame.pt,-7.055764198303223,74.62063598632812,-4.568291664123535,-91.7779312133789,-3.9392623901367188,63.44166946411133,0.026451607027757076,-6.951378868937993,72.51011265235935,-0.52487957874219,100.0,-4.170139220275773,54.92928395850426
39,False,0,0,0,debug_runs/20260529_112158_high/episode_000000/debug_chunk_rawid_0_000_observation_frame.pt,-6.959386825561523,79.84761047363281,-2.7812442779541016,-88.63634490966797,-3.4362540245056152,61.181610107421875,0.028516907065863878,-6.856222703327771,77.66277107883383,1.1127885990506257,100.0,-3.688262780109652,53.6165857107451
39,False,0,1,1,debug_runs/20260529_112158_high/episode_000000/debug_chunk_rawid_1_001_observation_frame.pt,-7.265102386474609,76.87147521972656,-5.442590713500977,-89.76828002929688,-3.5843493938446045,62.20094680786133,0.03021031591212489,-7.158064512419553,74.72894991104096,-1.3260960110098634,100.0,-3.830136502811305,54.208641621393184
39,True,0,2,2,debug_runs/20260529_112158_high/episode_000000/debug_chunk_rawid_2_002_observation_frame.pt,-7.055764198303223,74.62063598632812,-4.568291664123535,-91.7779312133789,-3.9392623901367188,63.44166946411133,0.026451607027757076,-6.951378868937993,72.51011265235935,-0.52487957874219,100.0,-4.170139220275773,54.92928395850426
40,False,0,0,0,debug_runs/20260529_112158_high/episode_000000/debug_chunk_rawid_0_000_observation_frame.pt,-6.959386825561523,79.84761047363281,-2.7812442779541016,-88.63634490966797,-3.4362540245056152,61.181610107421875,0.028516907065863878,-6.856222703327771,77.66277107883383,1.1127885990506257,100.0,-3.688262780109652,53.6165857107451
40,False,0,1,1,debug_runs/20260529_112158_high/episode_000000/debug_chunk_rawid_1_001_observation_frame.pt,-7.265102386474609,76.87147521972656,-5.442590713500977,-89.76828002929688,-3.5843493938446045,62.20094680786133,0.03021031591212489,-7.158064512419553,74.72894991104096,-1.3260960110098634,100.0,-3.830136502811305,54.208641621393184
40,True,0,2,2,debug_runs/20260529_112158_high/episode_000000/debug_chunk_rawid_2_002_observation_frame.pt,-7.055764198303223,74.62063598632812,-4.568291664123535,-91.7779312133789,-3.9392623901367188,63.44166946411133,0.026451607027757076,-6.951378868937993,72.51011265235935,-0.52487957874219,100.0,-4.170139220275773,54.92928395850426
41,False,0,0,0,debug_runs/20260529_112158_high/episode_000000/debug_chunk_rawid_0_000_observation_frame.pt,-6.959386825561523,79.84761047363281,-2.7812442779541016,-88.63634490966797,-3.4362540245056152,61.181610107421875,0.028516907065863878,-6.856222703327771,77.66277107883383,1.1127885990506257,100.0,-3.688262780109652,53.6165857107451
41,False,0,1,1,debug_runs/20260529_112158_high/episode_000000/debug_chunk_rawid_1_001_observation_frame.pt,-7.265102386474609,76.87147521972656,-5.442590713500977,-89.76828002929688,-3.5843493938446045,62.20094680786133,0.03021031591212489,-7.158064512419553,74.72894991104096,-1.3260960110098634,100.0,-3.830136502811305,54.208641621393184
41,True,0,2,2,debug_runs/20260529_112158_high/episode_000000/debug_chunk_rawid_2_002_observation_frame.pt,-7.055764198303223,74.62063598632812,-4.568291664123535,-91.7779312133789,-3.9392623901367188,63.44166946411133,0.026451607027757076,-6.951378868937993,72.51011265235935,-0.52487957874219,100.0,-4.170139220275773,54.92928395850426
42,False,0,0,0,debug_runs/20260529_112158_high/episode_000000/debug_chunk_rawid_0_000_observation_frame.pt,-6.959386825561523,79.84761047363281,-2.7812442779541016,-88.63634490966797,-3.4362540245056152,61.181610107421875,0.028516907065863878,-6.856222703327771,77.66277107883383,1.1127885990506257,100.0,-3.688262780109652,53.6165857107451
42,False,0,1,1,debug_runs/20260529_112158_high/episode_000000/debug_chunk_rawid_1_001_observation_frame.pt,-7.265102386474609,76.87147521972656,-5.442590713500977,-89.76828002929688,-3.5843493938446045,62.20094680786133,0.03021031591212489,-7.158064512419553,74.72894991104096,-1.3260960110098634,100.0,-3.830136502811305,54.208641621393184
42,True,0,2,2,debug_runs/20260529_112158_high/episode_000000/debug_chunk_rawid_2_002_observation_frame.pt,-7.055764198303223,74.62063598632812,-4.568291664123535,-91.7779312133789,-3.9392623901367188,63.44166946411133,0.026451607027757076,-6.951378868937993,72.51011265235935,-0.52487957874219,100.0,-4.170139220275773,54.92928395850426
43,False,0,0,0,debug_runs/20260529_112158_high/episode_000000/debug_chunk_rawid_0_000_observation_frame.pt,-6.959386825561523,79.84761047363281,-2.7812442779541016,-88.63634490966797,-3.4362540245056152,61.181610107421875,0.028516907065863878,-6.856222703327771,77.66277107883383,1.1127885990506257,100.0,-3.688262780109652,53.6165857107451
43,False,0,1,1,debug_runs/20260529_112158_high/episode_000000/debug_chunk_rawid_1_001_observation_frame.pt,-7.265102386474609,76.87147521972656,-5.442590713500977,-89.76828002929688,-3.5843493938446045,62.20094680786133,0.03021031591212489,-7.158064512419553,74.72894991104096,-1.3260960110098634,100.0,-3.830136502811305,54.208641621393184
43,True,0,2,2,debug_runs/20260529_112158_high/episode_000000/debug_chunk_rawid_2_002_observation_frame.pt,-7.055764198303223,74.62063598632812,-4.568291664123535,-91.7779312133789,-3.9392623901367188,63.44166946411133,0.026451607027757076,-6.951378868937993,72.51011265235935,-0.52487957874219,100.0,-4.170139220275773,54.92928395850426
44,False,0,0,0,debug_runs/20260529_112158_high/episode_000000/debug_chunk_rawid_0_000_observation_frame.pt,-6.959386825561523,79.84761047363281,-2.7812442779541016,-88.63634490966797,-3.4362540245056152,61.181610107421875,0.028516907065863878,-6.856222703327771,77.66277107883383,1.1127885990506257,100.0,-3.688262780109652,53.6165857107451
44,False,0,1,1,debug_runs/20260529_112158_high/episode_000000/debug_chunk_rawid_1_001_observation_frame.pt,-7.265102386474609,76.87147521972656,-5.442590713500977,-89.76828002929688,-3.5843493938446045,62.20094680786133,0.03021031591212489,-7.158064512419553,74.72894991104096,-1.3260960110098634,100.0,-3.830136502811305,54.208641621393184
44,True,0,2,2,debug_runs/20260529_112158_high/episode_000000/debug_chunk_rawid_2_002_observation_frame.pt,-7.055764198303223,74.62063598632812,-4.568291664123535,-91.7779312133789,-3.9392623901367188,63.44166946411133,0.026451607027757076,-6.951378868937993,72.51011265235935,-0.52487957874219,100.0,-4.170139220275773,54.92928395850426
45,False,0,0,0,debug_runs/20260529_112158_high/episode_000000/debug_chunk_rawid_0_000_observation_frame.pt,-6.959386825561523,79.84761047363281,-2.7812442779541016,-88.63634490966797,-3.4362540245056152,61.181610107421875,0.028516907065863878,-6.856222703327771,77.66277107883383,1.1127885990506257,100.0,-3.688262780109652,53.6165857107451
45,False,0,1,1,debug_runs/20260529_112158_high/episode_000000/debug_chunk_rawid_1_001_observation_frame.pt,-7.265102386474609,76.87147521972656,-5.442590713500977,-89.76828002929688,-3.5843493938446045,62.20094680786133,0.03021031591212489,-7.158064512419553,74.72894991104096,-1.3260960110098634,100.0,-3.830136502811305,54.208641621393184
45,True,0,2,2,debug_runs/20260529_112158_high/episode_000000/debug_chunk_rawid_2_002_observation_frame.pt,-7.055764198303223,74.62063598632812,-4.568291664123535,-91.7779312133789,-3.9392623901367188,63.44166946411133,0.026451607027757076,-6.951378868937993,72.51011265235935,-0.52487957874219,100.0,-4.170139220275773,54.92928395850426
46,False,0,0,0,debug_runs/20260529_112158_high/episode_000000/debug_chunk_rawid_0_000_observation_frame.pt,-6.959386825561523,79.84761047363281,-2.7812442779541016,-88.63634490966797,-3.4362540245056152,61.181610107421875,0.028516907065863878,-6.856222703327771,77.66277107883383,1.1127885990506257,100.0,-3.688262780109652,53.6165857107451
46,False,0,1,1,debug_runs/20260529_112158_high/episode_000000/debug_chunk_rawid_1_001_observation_frame.pt,-7.265102386474609,76.87147521972656,-5.442590713500977,-89.76828002929688,-3.5843493938446045,62.20094680786133,0.03021031591212489,-7.158064512419553,74.72894991104096,-1.3260960110098634,100.0,-3.830136502811305,54.208641621393184
46,True,0,2,2,debug_runs/20260529_112158_high/episode_000000/debug_chunk_rawid_2_002_observation_frame.pt,-7.055764198303223,74.62063598632812,-4.568291664123535,-91.7779312133789,-3.9392623901367188,63.44166946411133,0.026451607027757076,-6.951378868937993,72.51011265235935,-0.52487957874219,100.0,-4.170139220275773,54.92928395850426
47,False,0,0,0,debug_runs/20260529_112158_high/episode_000000/debug_chunk_rawid_0_000_observation_frame.pt,-6.959386825561523,79.84761047363281,-2.7812442779541016,-88.63634490966797,-3.4362540245056152,61.181610107421875,0.028516907065863878,-6.856222703327771,77.66277107883383,1.1127885990506257,100.0,-3.688262780109652,53.6165857107451
47,False,0,1,1,debug_runs/20260529_112158_high/episode_000000/debug_chunk_rawid_1_001_observation_frame.pt,-7.265102386474609,76.87147521972656,-5.442590713500977,-89.76828002929688,-3.5843493938446045,62.20094680786133,0.03021031591212489,-7.158064512419553,74.72894991104096,-1.3260960110098634,100.0,-3.830136502811305,54.208641621393184
47,True,0,2,2,debug_runs/20260529_112158_high/episode_000000/debug_chunk_rawid_2_002_observation_frame.pt,-7.055764198303223,74.62063598632812,-4.568291664123535,-91.7779312133789,-3.9392623901367188,63.44166946411133,0.026451607027757076,-6.951378868937993,72.51011265235935,-0.52487957874219,100.0,-4.170139220275773,54.92928395850426
48,False,0,0,0,debug_runs/20260529_112158_high/episode_000000/debug_chunk_rawid_0_000_observation_frame.pt,-6.959386825561523,79.84761047363281,-2.7812442779541016,-88.63634490966797,-3.4362540245056152,61.181610107421875,0.028516907065863878,-6.856222703327771,77.66277107883383,1.1127885990506257,100.0,-3.688262780109652,53.6165857107451
48,False,0,1,1,debug_runs/20260529_112158_high/episode_000000/debug_chunk_rawid_1_001_observation_frame.pt,-7.265102386474609,76.87147521972656,-5.442590713500977,-89.76828002929688,-3.5843493938446045,62.20094680786133,0.03021031591212489,-7.158064512419553,74.72894991104096,-1.3260960110098634,100.0,-3.830136502811305,54.208641621393184
48,True,0,2,2,debug_runs/20260529_112158_high/episode_000000/debug_chunk_rawid_2_002_observation_frame.pt,-7.055764198303223,74.62063598632812,-4.568291664123535,-91.7779312133789,-3.9392623901367188,63.44166946411133,0.026451607027757076,-6.951378868937993,72.51011265235935,-0.52487957874219,100.0,-4.170139220275773,54.92928395850426
49,False,0,0,0,debug_runs/20260529_112158_high/episode_000000/debug_chunk_rawid_0_000_observation_frame.pt,-6.959386825561523,79.84761047363281,-2.7812442779541016,-88.63634490966797,-3.4362540245056152,61.181610107421875,0.028516907065863878,-6.856222703327771,77.66277107883383,1.1127885990506257,100.0,-3.688262780109652,53.6165857107451
49,False,0,1,1,debug_runs/20260529_112158_high/episode_000000/debug_chunk_rawid_1_001_observation_frame.pt,-7.265102386474609,76.87147521972656,-5.442590713500977,-89.76828002929688,-3.5843493938446045,62.20094680786133,0.03021031591212489,-7.158064512419553,74.72894991104096,-1.3260960110098634,100.0,-3.830136502811305,54.208641621393184
49,True,0,2,2,debug_runs/20260529_112158_high/episode_000000/debug_chunk_rawid_2_002_observation_frame.pt,-7.055764198303223,74.62063598632812,-4.568291664123535,-91.7779312133789,-3.9392623901367188,63.44166946411133,0.026451607027757076,-6.951378868937993,72.51011265235935,-0.52487957874219,100.0,-4.170139220275773,54.92928395850426
50,False,0,0,0,debug_runs/20260529_112158_high/episode_000000/debug_chunk_rawid_0_000_observation_frame.pt,-6.959386825561523,79.84761047363281,-2.7812442779541016,-88.63634490966797,-3.4362540245056152,61.181610107421875,0.028516907065863878,-6.856222703327771,77.66277107883383,1.1127885990506257,100.0,-3.688262780109652,53.6165857107451
50,False,0,1,1,debug_runs/20260529_112158_high/episode_000000/debug_chunk_rawid_1_001_observation_frame.pt,-7.265102386474609,76.87147521972656,-5.442590713500977,-89.76828002929688,-3.5843493938446045,62.20094680786133,0.03021031591212489,-7.158064512419553,74.72894991104096,-1.3260960110098634,100.0,-3.830136502811305,54.208641621393184
50,True,0,2,2,debug_runs/20260529_112158_high/episode_000000/debug_chunk_rawid_2_002_observation_frame.pt,-7.055764198303223,74.62063598632812,-4.568291664123535,-91.7779312133789,-3.9392623901367188,63.44166946411133,0.026451607027757076,-6.951378868937993,72.51011265235935,-0.52487957874219,100.0,-4.170139220275773,54.92928395850426
51,False,0,0,0,debug_runs/20260529_112158_high/episode_000000/debug_chunk_rawid_0_000_observation_frame.pt,-6.959386825561523,79.84761047363281,-2.7812442779541016,-88.63634490966797,-3.4362540245056152,61.181610107421875,0.028516907065863878,-6.856222703327771,77.66277107883383,1.1127885990506257,100.0,-3.688262780109652,53.6165857107451
51,False,0,1,1,debug_runs/20260529_112158_high/episode_000000/debug_chunk_rawid_1_001_observation_frame.pt,-7.265102386474609,76.87147521972656,-5.442590713500977,-89.76828002929688,-3.5843493938446045,62.20094680786133,0.03021031591212489,-7.158064512419553,74.72894991104096,-1.3260960110098634,100.0,-3.830136502811305,54.208641621393184
51,True,0,2,2,debug_runs/20260529_112158_high/episode_000000/debug_chunk_rawid_2_002_observation_frame.pt,-7.055764198303223,74.62063598632812,-4.568291664123535,-91.7779312133789,-3.9392623901367188,63.44166946411133,0.026451607027757076,-6.951378868937993,72.51011265235935,-0.52487957874219,100.0,-4.170139220275773,54.92928395850426
52,False,0,0,0,debug_runs/20260529_112158_high/episode_000000/debug_chunk_rawid_0_000_observation_frame.pt,-6.959386825561523,79.84761047363281,-2.7812442779541016,-88.63634490966797,-3.4362540245056152,61.181610107421875,0.028516907065863878,-6.856222703327771,77.66277107883383,1.1127885990506257,100.0,-3.688262780109652,53.6165857107451
52,False,0,1,1,debug_runs/20260529_112158_high/episode_000000/debug_chunk_rawid_1_001_observation_frame.pt,-7.265102386474609,76.87147521972656,-5.442590713500977,-89.76828002929688,-3.5843493938446045,62.20094680786133,0.03021031591212489,-7.158064512419553,74.72894991104096,-1.3260960110098634,100.0,-3.830136502811305,54.208641621393184
52,True,0,2,2,debug_runs/20260529_112158_high/episode_000000/debug_chunk_rawid_2_002_observation_frame.pt,-7.055764198303223,74.62063598632812,-4.568291664123535,-91.7779312133789,-3.9392623901367188,63.44166946411133,0.026451607027757076,-6.951378868937993,72.51011265235935,-0.52487957874219,100.0,-4.170139220275773,54.92928395850426
53,False,0,0,0,debug_runs/20260529_112158_high/episode_000000/debug_chunk_rawid_0_000_observation_frame.pt,-6.959386825561523,79.84761047363281,-2.7812442779541016,-88.63634490966797,-3.4362540245056152,61.181610107421875,0.028516907065863878,-6.856222703327771,77.66277107883383,1.1127885990506257,100.0,-3.688262780109652,53.6165857107451
53,False,0,1,1,debug_runs/20260529_112158_high/episode_000000/debug_chunk_rawid_1_001_observation_frame.pt,-7.265102386474609,76.87147521972656,-5.442590713500977,-89.76828002929688,-3.5843493938446045,62.20094680786133,0.03021031591212489,-7.158064512419553,74.72894991104096,-1.3260960110098634,100.0,-3.830136502811305,54.208641621393184
53,True,0,2,2,debug_runs/20260529_112158_high/episode_000000/debug_chunk_rawid_2_002_observation_frame.pt,-7.055764198303223,74.62063598632812,-4.568291664123535,-91.7779312133789,-3.9392623901367188,63.44166946411133,0.026451607027757076,-6.951378868937993,72.51011265235935,-0.52487957874219,100.0,-4.170139220275773,54.92928395850426
54,False,0,0,0,debug_runs/20260529_112158_high/episode_000000/debug_chunk_rawid_0_000_observation_frame.pt,-6.959386825561523,79.84761047363281,-2.7812442779541016,-88.63634490966797,-3.4362540245056152,61.181610107421875,0.028516907065863878,-6.856222703327771,77.66277107883383,1.1127885990506257,100.0,-3.688262780109652,53.6165857107451
54,False,0,1,1,debug_runs/20260529_112158_high/episode_000000/debug_chunk_rawid_1_001_observation_frame.pt,-7.265102386474609,76.87147521972656,-5.442590713500977,-89.76828002929688,-3.5843493938446045,62.20094680786133,0.03021031591212489,-7.158064512419553,74.72894991104096,-1.3260960110098634,100.0,-3.830136502811305,54.208641621393184
54,True,0,2,2,debug_runs/20260529_112158_high/episode_000000/debug_chunk_rawid_2_002_observation_frame.pt,-7.055764198303223,74.62063598632812,-4.568291664123535,-91.7779312133789,-3.9392623901367188,63.44166946411133,0.026451607027757076,-6.951378868937993,72.51011265235935,-0.52487957874219,100.0,-4.170139220275773,54.92928395850426
55,False,0,0,0,debug_runs/20260529_112158_high/episode_000000/debug_chunk_rawid_0_000_observation_frame.pt,-6.959386825561523,79.84761047363281,-2.7812442779541016,-88.63634490966797,-3.4362540245056152,61.181610107421875,0.028516907065863878,-6.856222703327771,77.66277107883383,1.1127885990506257,100.0,-3.688262780109652,53.6165857107451
55,False,0,1,1,debug_runs/20260529_112158_high/episode_000000/debug_chunk_rawid_1_001_observation_frame.pt,-7.265102386474609,76.87147521972656,-5.442590713500977,-89.76828002929688,-3.5843493938446045,62.20094680786133,0.03021031591212489,-7.158064512419553,74.72894991104096,-1.3260960110098634,100.0,-3.830136502811305,54.208641621393184
55,True,0,2,2,debug_runs/20260529_112158_high/episode_000000/debug_chunk_rawid_2_002_observation_frame.pt,-7.055764198303223,74.62063598632812,-4.568291664123535,-91.7779312133789,-3.9392623901367188,63.44166946411133,0.026451607027757076,-6.951378868937993,72.51011265235935,-0.52487957874219,100.0,-4.170139220275773,54.92928395850426
56,False,0,0,0,debug_runs/20260529_112158_high/episode_000000/debug_chunk_rawid_0_000_observation_frame.pt,-6.959386825561523,79.84761047363281,-2.7812442779541016,-88.63634490966797,-3.4362540245056152,61.181610107421875,0.028516907065863878,-6.856222703327771,77.66277107883383,1.1127885990506257,100.0,-3.688262780109652,53.6165857107451
56,False,0,1,1,debug_runs/20260529_112158_high/episode_000000/debug_chunk_rawid_1_001_observation_frame.pt,-7.265102386474609,76.87147521972656,-5.442590713500977,-89.76828002929688,-3.5843493938446045,62.20094680786133,0.03021031591212489,-7.158064512419553,74.72894991104096,-1.3260960110098634,100.0,-3.830136502811305,54.208641621393184
56,True,0,2,2,debug_runs/20260529_112158_high/episode_000000/debug_chunk_rawid_2_002_observation_frame.pt,-7.055764198303223,74.62063598632812,-4.568291664123535,-91.7779312133789,-3.9392623901367188,63.44166946411133,0.026451607027757076,-6.951378868937993,72.51011265235935,-0.52487957874219,100.0,-4.170139220275773,54.92928395850426
57,False,0,0,0,debug_runs/20260529_112158_high/episode_000000/debug_chunk_rawid_0_000_observation_frame.pt,-6.959386825561523,79.84761047363281,-2.7812442779541016,-88.63634490966797,-3.4362540245056152,61.181610107421875,0.028516907065863878,-6.856222703327771,77.66277107883383,1.1127885990506257,100.0,-3.688262780109652,53.6165857107451
57,False,0,1,1,debug_runs/20260529_112158_high/episode_000000/debug_chunk_rawid_1_001_observation_frame.pt,-7.265102386474609,76.87147521972656,-5.442590713500977,-89.76828002929688,-3.5843493938446045,62.20094680786133,0.03021031591212489,-7.158064512419553,74.72894991104096,-1.3260960110098634,100.0,-3.830136502811305,54.208641621393184
57,True,0,2,2,debug_runs/20260529_112158_high/episode_000000/debug_chunk_rawid_2_002_observation_frame.pt,-7.055764198303223,74.62063598632812,-4.568291664123535,-91.7779312133789,-3.9392623901367188,63.44166946411133,0.026451607027757076,-6.951378868937993,72.51011265235935,-0.52487957874219,100.0,-4.170139220275773,54.92928395850426
58,False,0,0,0,debug_runs/20260529_112158_high/episode_000000/debug_chunk_rawid_0_000_observation_frame.pt,-6.959386825561523,79.84761047363281,-2.7812442779541016,-88.63634490966797,-3.4362540245056152,61.181610107421875,0.028516907065863878,-6.856222703327771,77.66277107883383,1.1127885990506257,100.0,-3.688262780109652,53.6165857107451
58,False,0,1,1,debug_runs/20260529_112158_high/episode_000000/debug_chunk_rawid_1_001_observation_frame.pt,-7.265102386474609,76.87147521972656,-5.442590713500977,-89.76828002929688,-3.5843493938446045,62.20094680786133,0.03021031591212489,-7.158064512419553,74.72894991104096,-1.3260960110098634,100.0,-3.830136502811305,54.208641621393184
58,True,0,2,2,debug_runs/20260529_112158_high/episode_000000/debug_chunk_rawid_2_002_observation_frame.pt,-7.055764198303223,74.62063598632812,-4.568291664123535,-91.7779312133789,-3.9392623901367188,63.44166946411133,0.026451607027757076,-6.951378868937993,72.51011265235935,-0.52487957874219,100.0,-4.170139220275773,54.92928395850426
59,False,0,0,0,debug_runs/20260529_112158_high/episode_000000/debug_chunk_rawid_0_000_observation_frame.pt,-6.959386825561523,79.84761047363281,-2.7812442779541016,-88.63634490966797,-3.4362540245056152,61.181610107421875,0.028516907065863878,-6.856222703327771,77.66277107883383,1.1127885990506257,100.0,-3.688262780109652,53.6165857107451
59,False,0,1,1,debug_runs/20260529_112158_high/episode_000000/debug_chunk_rawid_1_001_observation_frame.pt,-7.265102386474609,76.87147521972656,-5.442590713500977,-89.76828002929688,-3.5843493938446045,62.20094680786133,0.03021031591212489,-7.158064512419553,74.72894991104096,-1.3260960110098634,100.0,-3.830136502811305,54.208641621393184
59,True,0,2,2,debug_runs/20260529_112158_high/episode_000000/debug_chunk_rawid_2_002_observation_frame.pt,-7.055764198303223,74.62063598632812,-4.568291664123535,-91.7779312133789,-3.9392623901367188,63.44166946411133,0.026451607027757076,-6.951378868937993,72.51011265235935,-0.52487957874219,100.0,-4.170139220275773,54.92928395850426
60,False,0,0,0,debug_runs/20260529_112158_high/episode_000000/debug_chunk_rawid_0_000_observation_frame.pt,-6.959386825561523,79.84761047363281,-2.7812442779541016,-88.63634490966797,-3.4362540245056152,61.181610107421875,0.028516907065863878,-6.856222703327771,77.66277107883383,1.1127885990506257,100.0,-3.688262780109652,53.6165857107451
60,False,0,1,1,debug_runs/20260529_112158_high/episode_000000/debug_chunk_rawid_1_001_observation_frame.pt,-7.265102386474609,76.87147521972656,-5.442590713500977,-89.76828002929688,-3.5843493938446045,62.20094680786133,0.03021031591212489,-7.158064512419553,74.72894991104096,-1.3260960110098634,100.0,-3.830136502811305,54.208641621393184
60,True,0,2,2,debug_runs/20260529_112158_high/episode_000000/debug_chunk_rawid_2_002_observation_frame.pt,-7.055764198303223,74.62063598632812,-4.568291664123535,-91.7779312133789,-3.9392623901367188,63.44166946411133,0.026451607027757076,-6.951378868937993,72.51011265235935,-0.52487957874219,100.0,-4.170139220275773,54.92928395850426
61,False,0,0,0,debug_runs/20260529_112158_high/episode_000000/debug_chunk_rawid_0_000_observation_frame.pt,-6.959386825561523,79.84761047363281,-2.7812442779541016,-88.63634490966797,-3.4362540245056152,61.181610107421875,0.028516907065863878,-6.856222703327771,77.66277107883383,1.1127885990506257,100.0,-3.688262780109652,53.6165857107451
61,False,0,1,1,debug_runs/20260529_112158_high/episode_000000/debug_chunk_rawid_1_001_observation_frame.pt,-7.265102386474609,76.87147521972656,-5.442590713500977,-89.76828002929688,-3.5843493938446045,62.20094680786133,0.03021031591212489,-7.158064512419553,74.72894991104096,-1.3260960110098634,100.0,-3.830136502811305,54.208641621393184
61,True,0,2,2,debug_runs/20260529_112158_high/episode_000000/debug_chunk_rawid_2_002_observation_frame.pt,-7.055764198303223,74.62063598632812,-4.568291664123535,-91.7779312133789,-3.9392623901367188,63.44166946411133,0.026451607027757076,-6.951378868937993,72.51011265235935,-0.52487957874219,100.0,-4.170139220275773,54.92928395850426
62,False,0,0,0,debug_runs/20260529_112158_high/episode_000000/debug_chunk_rawid_0_000_observation_frame.pt,-6.959386825561523,79.84761047363281,-2.7812442779541016,-88.63634490966797,-3.4362540245056152,61.181610107421875,0.028516907065863878,-6.856222703327771,77.66277107883383,1.1127885990506257,100.0,-3.688262780109652,53.6165857107451
62,False,0,1,1,debug_runs/20260529_112158_high/episode_000000/debug_chunk_rawid_1_001_observation_frame.pt,-7.265102386474609,76.87147521972656,-5.442590713500977,-89.76828002929688,-3.5843493938446045,62.20094680786133,0.03021031591212489,-7.158064512419553,74.72894991104096,-1.3260960110098634,100.0,-3.830136502811305,54.208641621393184
62,True,0,2,2,debug_runs/20260529_112158_high/episode_000000/debug_chunk_rawid_2_002_observation_frame.pt,-7.055764198303223,74.62063598632812,-4.568291664123535,-91.7779312133789,-3.9392623901367188,63.44166946411133,0.026451607027757076,-6.951378868937993,72.51011265235935,-0.52487957874219,100.0,-4.170139220275773,54.92928395850426
63,False,0,0,0,debug_runs/20260529_112158_high/episode_000000/debug_chunk_rawid_0_000_observation_frame.pt,-6.959386825561523,79.84761047363281,-2.7812442779541016,-88.63634490966797,-3.4362540245056152,61.181610107421875,0.028516907065863878,-6.856222703327771,77.66277107883383,1.1127885990506257,100.0,-3.688262780109652,53.6165857107451
63,False,0,1,1,debug_runs/20260529_112158_high/episode_000000/debug_chunk_rawid_1_001_observation_frame.pt,-7.265102386474609,76.87147521972656,-5.442590713500977,-89.76828002929688,-3.5843493938446045,62.20094680786133,0.03021031591212489,-7.158064512419553,74.72894991104096,-1.3260960110098634,100.0,-3.830136502811305,54.208641621393184
63,True,0,2,2,debug_runs/20260529_112158_high/episode_000000/debug_chunk_rawid_2_002_observation_frame.pt,-7.055764198303223,74.62063598632812,-4.568291664123535,-91.7779312133789,-3.9392623901367188,63.44166946411133,0.026451607027757076,-6.951378868937993,72.51011265235935,-0.52487957874219,100.0,-4.170139220275773,54.92928395850426
64,False,0,0,0,debug_runs/20260529_112158_high/episode_000000/debug_chunk_rawid_0_000_observation_frame.pt,-6.959386825561523,79.84761047363281,-2.7812442779541016,-88.63634490966797,-3.4362540245056152,61.181610107421875,0.028516907065863878,-6.856222703327771,77.66277107883383,1.1127885990506257,100.0,-3.688262780109652,53.6165857107451
64,False,0,1,1,debug_runs/20260529_112158_high/episode_000000/debug_chunk_rawid_1_001_observation_frame.pt,-7.265102386474609,76.87147521972656,-5.442590713500977,-89.76828002929688,-3.5843493938446045,62.20094680786133,0.03021031591212489,-7.158064512419553,74.72894991104096,-1.3260960110098634,100.0,-3.830136502811305,54.208641621393184
64,True,0,2,2,debug_runs/20260529_112158_high/episode_000000/debug_chunk_rawid_2_002_observation_frame.pt,-7.055764198303223,74.62063598632812,-4.568291664123535,-91.7779312133789,-3.9392623901367188,63.44166946411133,0.026451607027757076,-6.951378868937993,72.51011265235935,-0.52487957874219,100.0,-4.170139220275773,54.92928395850426
65,False,0,0,0,debug_runs/20260529_112158_high/episode_000000/debug_chunk_rawid_0_000_observation_frame.pt,-6.959386825561523,79.84761047363281,-2.7812442779541016,-88.63634490966797,-3.4362540245056152,61.181610107421875,0.028516907065863878,-6.856222703327771,77.66277107883383,1.1127885990506257,100.0,-3.688262780109652,53.6165857107451
65,False,0,1,1,debug_runs/20260529_112158_high/episode_000000/debug_chunk_rawid_1_001_observation_frame.pt,-7.265102386474609,76.87147521972656,-5.442590713500977,-89.76828002929688,-3.5843493938446045,62.20094680786133,0.03021031591212489,-7.158064512419553,74.72894991104096,-1.3260960110098634,100.0,-3.830136502811305,54.208641621393184
65,True,0,2,2,debug_runs/20260529_112158_high/episode_000000/debug_chunk_rawid_2_002_observation_frame.pt,-7.055764198303223,74.62063598632812,-4.568291664123535,-91.7779312133789,-3.9392623901367188,63.44166946411133,0.026451607027757076,-6.951378868937993,72.51011265235935,-0.52487957874219,100.0,-4.170139220275773,54.92928395850426
66,False,0,0,0,debug_runs/20260529_112158_high/episode_000000/debug_chunk_rawid_0_000_observation_frame.pt,-6.959386825561523,79.84761047363281,-2.7812442779541016,-88.63634490966797,-3.4362540245056152,61.181610107421875,0.028516907065863878,-6.856222703327771,77.66277107883383,1.1127885990506257,100.0,-3.688262780109652,53.6165857107451
66,False,0,1,1,debug_runs/20260529_112158_high/episode_000000/debug_chunk_rawid_1_001_observation_frame.pt,-7.265102386474609,76.87147521972656,-5.442590713500977,-89.76828002929688,-3.5843493938446045,62.20094680786133,0.03021031591212489,-7.158064512419553,74.72894991104096,-1.3260960110098634,100.0,-3.830136502811305,54.208641621393184
66,True,0,2,2,debug_runs/20260529_112158_high/episode_000000/debug_chunk_rawid_2_002_observation_frame.pt,-7.055764198303223,74.62063598632812,-4.568291664123535,-91.7779312133789,-3.9392623901367188,63.44166946411133,0.026451607027757076,-6.951378868937993,72.51011265235935,-0.52487957874219,100.0,-4.170139220275773,54.92928395850426
67,False,0,0,0,debug_runs/20260529_112158_high/episode_000000/debug_chunk_rawid_0_000_observation_frame.pt,-6.959386825561523,79.84761047363281,-2.7812442779541016,-88.63634490966797,-3.4362540245056152,61.181610107421875,0.028516907065863878,-6.856222703327771,77.66277107883383,1.1127885990506257,100.0,-3.688262780109652,53.6165857107451
67,False,0,1,1,debug_runs/20260529_112158_high/episode_000000/debug_chunk_rawid_1_001_observation_frame.pt,-7.265102386474609,76.87147521972656,-5.442590713500977,-89.76828002929688,-3.5843493938446045,62.20094680786133,0.03021031591212489,-7.158064512419553,74.72894991104096,-1.3260960110098634,100.0,-3.830136502811305,54.208641621393184
67,True,0,2,2,debug_runs/20260529_112158_high/episode_000000/debug_chunk_rawid_2_002_observation_frame.pt,-7.055764198303223,74.62063598632812,-4.568291664123535,-91.7779312133789,-3.9392623901367188,63.44166946411133,0.026451607027757076,-6.951378868937993,72.51011265235935,-0.52487957874219,100.0,-4.170139220275773,54.92928395850426
68,False,0,0,0,debug_runs/20260529_112158_high/episode_000000/debug_chunk_rawid_0_000_observation_frame.pt,-6.959386825561523,79.84761047363281,-2.7812442779541016,-88.63634490966797,-3.4362540245056152,61.181610107421875,0.028516907065863878,-6.856222703327771,77.66277107883383,1.1127885990506257,100.0,-3.688262780109652,53.6165857107451
68,False,0,1,1,debug_runs/20260529_112158_high/episode_000000/debug_chunk_rawid_1_001_observation_frame.pt,-7.265102386474609,76.87147521972656,-5.442590713500977,-89.76828002929688,-3.5843493938446045,62.20094680786133,0.03021031591212489,-7.158064512419553,74.72894991104096,-1.3260960110098634,100.0,-3.830136502811305,54.208641621393184
68,True,0,2,2,debug_runs/20260529_112158_high/episode_000000/debug_chunk_rawid_2_002_observation_frame.pt,-7.055764198303223,74.62063598632812,-4.568291664123535,-91.7779312133789,-3.9392623901367188,63.44166946411133,0.026451607027757076,-6.951378868937993,72.51011265235935,-0.52487957874219,100.0,-4.170139220275773,54.92928395850426
69,False,0,0,0,debug_runs/20260529_112158_high/episode_000000/debug_chunk_rawid_0_000_observation_frame.pt,-6.959386825561523,79.84761047363281,-2.7812442779541016,-88.63634490966797,-3.4362540245056152,61.181610107421875,0.028516907065863878,-6.856222703327771,77.66277107883383,1.1127885990506257,100.0,-3.688262780109652,53.6165857107451
69,False,0,1,1,debug_runs/20260529_112158_high/episode_000000/debug_chunk_rawid_1_001_observation_frame.pt,-7.265102386474609,76.87147521972656,-5.442590713500977,-89.76828002929688,-3.5843493938446045,62.20094680786133,0.03021031591212489,-7.158064512419553,74.72894991104096,-1.3260960110098634,100.0,-3.830136502811305,54.208641621393184
69,True,0,2,2,debug_runs/20260529_112158_high/episode_000000/debug_chunk_rawid_2_002_observation_frame.pt,-7.055764198303223,74.62063598632812,-4.568291664123535,-91.7779312133789,-3.9392623901367188,63.44166946411133,0.026451607027757076,-6.951378868937993,72.51011265235935,-0.52487957874219,100.0,-4.170139220275773,54.92928395850426
70,False,0,0,0,debug_runs/20260529_112158_high/episode_000000/debug_chunk_rawid_0_000_observation_frame.pt,-6.959386825561523,79.84761047363281,-2.7812442779541016,-88.63634490966797,-3.4362540245056152,61.181610107421875,0.028516907065863878,-6.856222703327771,77.66277107883383,1.1127885990506257,100.0,-3.688262780109652,53.6165857107451
70,False,0,1,1,debug_runs/20260529_112158_high/episode_000000/debug_chunk_rawid_1_001_observation_frame.pt,-7.265102386474609,76.87147521972656,-5.442590713500977,-89.76828002929688,-3.5843493938446045,62.20094680786133,0.03021031591212489,-7.158064512419553,74.72894991104096,-1.3260960110098634,100.0,-3.830136502811305,54.208641621393184
70,True,0,2,2,debug_runs/20260529_112158_high/episode_000000/debug_chunk_rawid_2_002_observation_frame.pt,-7.055764198303223,74.62063598632812,-4.568291664123535,-91.7779312133789,-3.9392623901367188,63.44166946411133,0.026451607027757076,-6.951378868937993,72.51011265235935,-0.52487957874219,100.0,-4.170139220275773,54.92928395850426
71,False,0,0,0,debug_runs/20260529_112158_high/episode_000000/debug_chunk_rawid_0_000_observation_frame.pt,-6.959386825561523,79.84761047363281,-2.7812442779541016,-88.63634490966797,-3.4362540245056152,61.181610107421875,0.028516907065863878,-6.856222703327771,77.66277107883383,1.1127885990506257,100.0,-3.688262780109652,53.6165857107451
71,False,0,1,1,debug_runs/20260529_112158_high/episode_000000/debug_chunk_rawid_1_001_observation_frame.pt,-7.265102386474609,76.87147521972656,-5.442590713500977,-89.76828002929688,-3.5843493938446045,62.20094680786133,0.03021031591212489,-7.158064512419553,74.72894991104096,-1.3260960110098634,100.0,-3.830136502811305,54.208641621393184
71,True,0,2,2,debug_runs/20260529_112158_high/episode_000000/debug_chunk_rawid_2_002_observation_frame.pt,-7.055764198303223,74.62063598632812,-4.568291664123535,-91.7779312133789,-3.9392623901367188,63.44166946411133,0.026451607027757076,-6.951378868937993,72.51011265235935,-0.52487957874219,100.0,-4.170139220275773,54.92928395850426
72,False,0,0,0,debug_runs/20260529_112158_high/episode_000000/debug_chunk_rawid_0_000_observation_frame.pt,-6.959386825561523,79.84761047363281,-2.7812442779541016,-88.63634490966797,-3.4362540245056152,61.181610107421875,0.028516907065863878,-6.856222703327771,77.66277107883383,1.1127885990506257,100.0,-3.688262780109652,53.6165857107451
72,False,0,1,1,debug_runs/20260529_112158_high/episode_000000/debug_chunk_rawid_1_001_observation_frame.pt,-7.265102386474609,76.87147521972656,-5.442590713500977,-89.76828002929688,-3.5843493938446045,62.20094680786133,0.03021031591212489,-7.158064512419553,74.72894991104096,-1.3260960110098634,100.0,-3.830136502811305,54.208641621393184
72,True,0,2,2,debug_runs/20260529_112158_high/episode_000000/debug_chunk_rawid_2_002_observation_frame.pt,-7.055764198303223,74.62063598632812,-4.568291664123535,-91.7779312133789,-3.9392623901367188,63.44166946411133,0.026451607027757076,-6.951378868937993,72.51011265235935,-0.52487957874219,100.0,-4.170139220275773,54.92928395850426
73,False,0,0,0,debug_runs/20260529_112158_high/episode_000000/debug_chunk_rawid_0_000_observation_frame.pt,-6.959386825561523,79.84761047363281,-2.7812442779541016,-88.63634490966797,-3.4362540245056152,61.181610107421875,0.028516907065863878,-6.856222703327771,77.66277107883383,1.1127885990506257,100.0,-3.688262780109652,53.6165857107451
73,False,0,1,1,debug_runs/20260529_112158_high/episode_000000/debug_chunk_rawid_1_001_observation_frame.pt,-7.265102386474609,76.87147521972656,-5.442590713500977,-89.76828002929688,-3.5843493938446045,62.20094680786133,0.03021031591212489,-7.158064512419553,74.72894991104096,-1.3260960110098634,100.0,-3.830136502811305,54.208641621393184
73,True,0,2,2,debug_runs/20260529_112158_high/episode_000000/debug_chunk_rawid_2_002_observation_frame.pt,-7.055764198303223,74.62063598632812,-4.568291664123535,-91.7779312133789,-3.9392623901367188,63.44166946411133,0.026451607027757076,-6.951378868937993,72.51011265235935,-0.52487957874219,100.0,-4.170139220275773,54.92928395850426
74,False,0,0,0,debug_runs/20260529_112158_high/episode_000000/debug_chunk_rawid_0_000_observation_frame.pt,-6.959386825561523,79.84761047363281,-2.7812442779541016,-88.63634490966797,-3.4362540245056152,61.181610107421875,0.028516907065863878,-6.856222703327771,77.66277107883383,1.1127885990506257,100.0,-3.688262780109652,53.6165857107451
74,False,0,1,1,debug_runs/20260529_112158_high/episode_000000/debug_chunk_rawid_1_001_observation_frame.pt,-7.265102386474609,76.87147521972656,-5.442590713500977,-89.76828002929688,-3.5843493938446045,62.20094680786133,0.03021031591212489,-7.158064512419553,74.72894991104096,-1.3260960110098634,100.0,-3.830136502811305,54.208641621393184
74,True,0,2,2,debug_runs/20260529_112158_high/episode_000000/debug_chunk_rawid_2_002_observation_frame.pt,-7.055764198303223,74.62063598632812,-4.568291664123535,-91.7779312133789,-3.9392623901367188,63.44166946411133,0.026451607027757076,-6.951378868937993,72.51011265235935,-0.52487957874219,100.0,-4.170139220275773,54.92928395850426
75,False,0,0,0,debug_runs/20260529_112158_high/episode_000000/debug_chunk_rawid_0_000_observation_frame.pt,-6.959386825561523,79.84761047363281,-2.7812442779541016,-88.63634490966797,-3.4362540245056152,61.181610107421875,0.028516907065863878,-6.856222703327771,77.66277107883383,1.1127885990506257,100.0,-3.688262780109652,53.6165857107451
75,False,0,1,1,debug_runs/20260529_112158_high/episode_000000/debug_chunk_rawid_1_001_observation_frame.pt,-7.265102386474609,76.87147521972656,-5.442590713500977,-89.76828002929688,-3.5843493938446045,62.20094680786133,0.03021031591212489,-7.158064512419553,74.72894991104096,-1.3260960110098634,100.0,-3.830136502811305,54.208641621393184
75,True,0,2,2,debug_runs/20260529_112158_high/episode_000000/debug_chunk_rawid_2_002_observation_frame.pt,-7.055764198303223,74.62063598632812,-4.568291664123535,-91.7779312133789,-3.9392623901367188,63.44166946411133,0.026451607027757076,-6.951378868937993,72.51011265235935,-0.52487957874219,100.0,-4.170139220275773,54.92928395850426
76,False,0,0,0,debug_runs/20260529_112158_high/episode_000000/debug_chunk_rawid_0_000_observation_frame.pt,-6.959386825561523,79.84761047363281,-2.7812442779541016,-88.63634490966797,-3.4362540245056152,61.181610107421875,0.028516907065863878,-6.856222703327771,77.66277107883383,1.1127885990506257,100.0,-3.688262780109652,53.6165857107451
76,False,0,1,1,debug_runs/20260529_112158_high/episode_000000/debug_chunk_rawid_1_001_observation_frame.pt,-7.265102386474609,76.87147521972656,-5.442590713500977,-89.76828002929688,-3.5843493938446045,62.20094680786133,0.03021031591212489,-7.158064512419553,74.72894991104096,-1.3260960110098634,100.0,-3.830136502811305,54.208641621393184
76,True,0,2,2,debug_runs/20260529_112158_high/episode_000000/debug_chunk_rawid_2_002_observation_frame.pt,-7.055764198303223,74.62063598632812,-4.568291664123535,-91.7779312133789,-3.9392623901367188,63.44166946411133,0.026451607027757076,-6.951378868937993,72.51011265235935,-0.52487957874219,100.0,-4.170139220275773,54.92928395850426
77,False,0,0,0,debug_runs/20260529_112158_high/episode_000000/debug_chunk_rawid_0_000_observation_frame.pt,-6.959386825561523,79.84761047363281,-2.7812442779541016,-88.63634490966797,-3.4362540245056152,61.181610107421875,0.028516907065863878,-6.856222703327771,77.66277107883383,1.1127885990506257,100.0,-3.688262780109652,53.6165857107451
77,False,0,1,1,debug_runs/20260529_112158_high/episode_000000/debug_chunk_rawid_1_001_observation_frame.pt,-7.265102386474609,76.87147521972656,-5.442590713500977,-89.76828002929688,-3.5843493938446045,62.20094680786133,0.03021031591212489,-7.158064512419553,74.72894991104096,-1.3260960110098634,100.0,-3.830136502811305,54.208641621393184
77,True,0,2,2,debug_runs/20260529_112158_high/episode_000000/debug_chunk_rawid_2_002_observation_frame.pt,-7.055764198303223,74.62063598632812,-4.568291664123535,-91.7779312133789,-3.9392623901367188,63.44166946411133,0.026451607027757076,-6.951378868937993,72.51011265235935,-0.52487957874219,100.0,-4.170139220275773,54.92928395850426
78,False,0,0,0,debug_runs/20260529_112158_high/episode_000000/debug_chunk_rawid_0_000_observation_frame.pt,-6.959386825561523,79.84761047363281,-2.7812442779541016,-88.63634490966797,-3.4362540245056152,61.181610107421875,0.028516907065863878,-6.856222703327771,77.66277107883383,1.1127885990506257,100.0,-3.688262780109652,53.6165857107451
78,False,0,1,1,debug_runs/20260529_112158_high/episode_000000/debug_chunk_rawid_1_001_observation_frame.pt,-7.265102386474609,76.87147521972656,-5.442590713500977,-89.76828002929688,-3.5843493938446045,62.20094680786133,0.03021031591212489,-7.158064512419553,74.72894991104096,-1.3260960110098634,100.0,-3.830136502811305,54.208641621393184
78,True,0,2,2,debug_runs/20260529_112158_high/episode_000000/debug_chunk_rawid_2_002_observation_frame.pt,-7.055764198303223,74.62063598632812,-4.568291664123535,-91.7779312133789,-3.9392623901367188,63.44166946411133,0.026451607027757076,-6.951378868937993,72.51011265235935,-0.52487957874219,100.0,-4.170139220275773,54.92928395850426
79,False,0,0,0,debug_runs/20260529_112158_high/episode_000000/debug_chunk_rawid_0_000_observation_frame.pt,-6.959386825561523,79.84761047363281,-2.7812442779541016,-88.63634490966797,-3.4362540245056152,61.181610107421875,0.028516907065863878,-6.856222703327771,77.66277107883383,1.1127885990506257,100.0,-3.688262780109652,53.6165857107451
79,False,0,1,1,debug_runs/20260529_112158_high/episode_000000/debug_chunk_rawid_1_001_observation_frame.pt,-7.265102386474609,76.87147521972656,-5.442590713500977,-89.76828002929688,-3.5843493938446045,62.20094680786133,0.03021031591212489,-7.158064512419553,74.72894991104096,-1.3260960110098634,100.0,-3.830136502811305,54.208641621393184
79,True,0,2,2,debug_runs/20260529_112158_high/episode_000000/debug_chunk_rawid_2_002_observation_frame.pt,-7.055764198303223,74.62063598632812,-4.568291664123535,-91.7779312133789,-3.9392623901367188,63.44166946411133,0.026451607027757076,-6.951378868937993,72.51011265235935,-0.52487957874219,100.0,-4.170139220275773,54.92928395850426
80,False,0,0,0,debug_runs/20260529_112158_high/episode_000000/debug_chunk_rawid_0_000_observation_frame.pt,-6.959386825561523,79.84761047363281,-2.7812442779541016,-88.63634490966797,-3.4362540245056152,61.181610107421875,0.028516907065863878,-6.856222703327771,77.66277107883383,1.1127885990506257,100.0,-3.688262780109652,53.6165857107451
80,False,0,1,1,debug_runs/20260529_112158_high/episode_000000/debug_chunk_rawid_1_001_observation_frame.pt,-7.265102386474609,76.87147521972656,-5.442590713500977,-89.76828002929688,-3.5843493938446045,62.20094680786133,0.03021031591212489,-7.158064512419553,74.72894991104096,-1.3260960110098634,100.0,-3.830136502811305,54.208641621393184
80,True,0,2,2,debug_runs/20260529_112158_high/episode_000000/debug_chunk_rawid_2_002_observation_frame.pt,-7.055764198303223,74.62063598632812,-4.568291664123535,-91.7779312133789,-3.9392623901367188,63.44166946411133,0.026451607027757076,-6.951378868937993,72.51011265235935,-0.52487957874219,100.0,-4.170139220275773,54.92928395850426
81,False,0,0,0,debug_runs/20260529_112158_high/episode_000000/debug_chunk_rawid_0_000_observation_frame.pt,-6.959386825561523,79.84761047363281,-2.7812442779541016,-88.63634490966797,-3.4362540245056152,61.181610107421875,0.028516907065863878,-6.856222703327771,77.66277107883383,1.1127885990506257,100.0,-3.688262780109652,53.6165857107451
81,False,0,1,1,debug_runs/20260529_112158_high/episode_000000/debug_chunk_rawid_1_001_observation_frame.pt,-7.265102386474609,76.87147521972656,-5.442590713500977,-89.76828002929688,-3.5843493938446045,62.20094680786133,0.03021031591212489,-7.158064512419553,74.72894991104096,-1.3260960110098634,100.0,-3.830136502811305,54.208641621393184
81,True,0,2,2,debug_runs/20260529_112158_high/episode_000000/debug_chunk_rawid_2_002_observation_frame.pt,-7.055764198303223,74.62063598632812,-4.568291664123535,-91.7779312133789,-3.9392623901367188,63.44166946411133,0.026451607027757076,-6.951378868937993,72.51011265235935,-0.52487957874219,100.0,-4.170139220275773,54.92928395850426
82,False,0,0,0,debug_runs/20260529_112158_high/episode_000000/debug_chunk_rawid_0_000_observation_frame.pt,-6.959386825561523,79.84761047363281,-2.7812442779541016,-88.63634490966797,-3.4362540245056152,61.181610107421875,0.028516907065863878,-6.856222703327771,77.66277107883383,1.1127885990506257,100.0,-3.688262780109652,53.6165857107451
82,False,0,1,1,debug_runs/20260529_112158_high/episode_000000/debug_chunk_rawid_1_001_observation_frame.pt,-7.265102386474609,76.87147521972656,-5.442590713500977,-89.76828002929688,-3.5843493938446045,62.20094680786133,0.03021031591212489,-7.158064512419553,74.72894991104096,-1.3260960110098634,100.0,-3.830136502811305,54.208641621393184
82,True,0,2,2,debug_runs/20260529_112158_high/episode_000000/debug_chunk_rawid_2_002_observation_frame.pt,-7.055764198303223,74.62063598632812,-4.568291664123535,-91.7779312133789,-3.9392623901367188,63.44166946411133,0.026451607027757076,-6.951378868937993,72.51011265235935,-0.52487957874219,100.0,-4.170139220275773,54.92928395850426
83,False,0,0,0,debug_runs/20260529_112158_high/episode_000000/debug_chunk_rawid_0_000_observation_frame.pt,-6.959386825561523,79.84761047363281,-2.7812442779541016,-88.63634490966797,-3.4362540245056152,61.181610107421875,0.028516907065863878,-6.856222703327771,77.66277107883383,1.1127885990506257,100.0,-3.688262780109652,53.6165857107451
83,False,0,1,1,debug_runs/20260529_112158_high/episode_000000/debug_chunk_rawid_1_001_observation_frame.pt,-7.265102386474609,76.87147521972656,-5.442590713500977,-89.76828002929688,-3.5843493938446045,62.20094680786133,0.03021031591212489,-7.158064512419553,74.72894991104096,-1.3260960110098634,100.0,-3.830136502811305,54.208641621393184
83,True,0,2,2,debug_runs/20260529_112158_high/episode_000000/debug_chunk_rawid_2_002_observation_frame.pt,-7.055764198303223,74.62063598632812,-4.568291664123535,-91.7779312133789,-3.9392623901367188,63.44166946411133,0.026451607027757076,-6.951378868937993,72.51011265235935,-0.52487957874219,100.0,-4.170139220275773,54.92928395850426
84,False,0,0,0,debug_runs/20260529_112158_high/episode_000000/debug_chunk_rawid_0_000_observation_frame.pt,-6.959386825561523,79.84761047363281,-2.7812442779541016,-88.63634490966797,-3.4362540245056152,61.181610107421875,0.028516907065863878,-6.856222703327771,77.66277107883383,1.1127885990506257,100.0,-3.688262780109652,53.6165857107451
84,False,0,1,1,debug_runs/20260529_112158_high/episode_000000/debug_chunk_rawid_1_001_observation_frame.pt,-7.265102386474609,76.87147521972656,-5.442590713500977,-89.76828002929688,-3.5843493938446045,62.20094680786133,0.03021031591212489,-7.158064512419553,74.72894991104096,-1.3260960110098634,100.0,-3.830136502811305,54.208641621393184
84,True,0,2,2,debug_runs/20260529_112158_high/episode_000000/debug_chunk_rawid_2_002_observation_frame.pt,-7.055764198303223,74.62063598632812,-4.568291664123535,-91.7779312133789,-3.9392623901367188,63.44166946411133,0.026451607027757076,-6.951378868937993,72.51011265235935,-0.52487957874219,100.0,-4.170139220275773,54.92928395850426
85,False,0,0,0,debug_runs/20260529_112158_high/episode_000000/debug_chunk_rawid_0_000_observation_frame.pt,-6.959386825561523,79.84761047363281,-2.7812442779541016,-88.63634490966797,-3.4362540245056152,61.181610107421875,0.028516907065863878,-6.856222703327771,77.66277107883383,1.1127885990506257,100.0,-3.688262780109652,53.6165857107451
85,False,0,1,1,debug_runs/20260529_112158_high/episode_000000/debug_chunk_rawid_1_001_observation_frame.pt,-7.265102386474609,76.87147521972656,-5.442590713500977,-89.76828002929688,-3.5843493938446045,62.20094680786133,0.03021031591212489,-7.158064512419553,74.72894991104096,-1.3260960110098634,100.0,-3.830136502811305,54.208641621393184
85,True,0,2,2,debug_runs/20260529_112158_high/episode_000000/debug_chunk_rawid_2_002_observation_frame.pt,-7.055764198303223,74.62063598632812,-4.568291664123535,-91.7779312133789,-3.9392623901367188,63.44166946411133,0.026451607027757076,-6.951378868937993,72.51011265235935,-0.52487957874219,100.0,-4.170139220275773,54.92928395850426
86,False,0,0,0,debug_runs/20260529_112158_high/episode_000000/debug_chunk_rawid_0_000_observation_frame.pt,-6.959386825561523,79.84761047363281,-2.7812442779541016,-88.63634490966797,-3.4362540245056152,61.181610107421875,0.028516907065863878,-6.856222703327771,77.66277107883383,1.1127885990506257,100.0,-3.688262780109652,53.6165857107451
86,False,0,1,1,debug_runs/20260529_112158_high/episode_000000/debug_chunk_rawid_1_001_observation_frame.pt,-7.265102386474609,76.87147521972656,-5.442590713500977,-89.76828002929688,-3.5843493938446045,62.20094680786133,0.03021031591212489,-7.158064512419553,74.72894991104096,-1.3260960110098634,100.0,-3.830136502811305,54.208641621393184
86,True,0,2,2,debug_runs/20260529_112158_high/episode_000000/debug_chunk_rawid_2_002_observation_frame.pt,-7.055764198303223,74.62063598632812,-4.568291664123535,-91.7779312133789,-3.9392623901367188,63.44166946411133,0.026451607027757076,-6.951378868937993,72.51011265235935,-0.52487957874219,100.0,-4.170139220275773,54.92928395850426
87,False,0,0,0,debug_runs/20260529_112158_high/episode_000000/debug_chunk_rawid_0_000_observation_frame.pt,-6.959386825561523,79.84761047363281,-2.7812442779541016,-88.63634490966797,-3.4362540245056152,61.181610107421875,0.028516907065863878,-6.856222703327771,77.66277107883383,1.1127885990506257,100.0,-3.688262780109652,53.6165857107451
87,False,0,1,1,debug_runs/20260529_112158_high/episode_000000/debug_chunk_rawid_1_001_observation_frame.pt,-7.265102386474609,76.87147521972656,-5.442590713500977,-89.76828002929688,-3.5843493938446045,62.20094680786133,0.03021031591212489,-7.158064512419553,74.72894991104096,-1.3260960110098634,100.0,-3.830136502811305,54.208641621393184
87,True,0,2,2,debug_runs/20260529_112158_high/episode_000000/debug_chunk_rawid_2_002_observation_frame.pt,-7.055764198303223,74.62063598632812,-4.568291664123535,-91.7779312133789,-3.9392623901367188,63.44166946411133,0.026451607027757076,-6.951378868937993,72.51011265235935,-0.52487957874219,100.0,-4.170139220275773,54.92928395850426
88,False,0,0,0,debug_runs/20260529_112158_high/episode_000000/debug_chunk_rawid_0_000_observation_frame.pt,-6.959386825561523,79.84761047363281,-2.7812442779541016,-88.63634490966797,-3.4362540245056152,61.181610107421875,0.028516907065863878,-6.856222703327771,77.66277107883383,1.1127885990506257,100.0,-3.688262780109652,53.6165857107451
88,False,0,1,1,debug_runs/20260529_112158_high/episode_000000/debug_chunk_rawid_1_001_observation_frame.pt,-7.265102386474609,76.87147521972656,-5.442590713500977,-89.76828002929688,-3.5843493938446045,62.20094680786133,0.03021031591212489,-7.158064512419553,74.72894991104096,-1.3260960110098634,100.0,-3.830136502811305,54.208641621393184
88,True,0,2,2,debug_runs/20260529_112158_high/episode_000000/debug_chunk_rawid_2_002_observation_frame.pt,-7.055764198303223,74.62063598632812,-4.568291664123535,-91.7779312133789,-3.9392623901367188,63.44166946411133,0.026451607027757076,-6.951378868937993,72.51011265235935,-0.52487957874219,100.0,-4.170139220275773,54.92928395850426
89,False,0,0,0,debug_runs/20260529_112158_high/episode_000000/debug_chunk_rawid_0_000_observation_frame.pt,-6.959386825561523,79.84761047363281,-2.7812442779541016,-88.63634490966797,-3.4362540245056152,61.181610107421875,0.028516907065863878,-6.856222703327771,77.66277107883383,1.1127885990506257,100.0,-3.688262780109652,53.6165857107451
89,False,0,1,1,debug_runs/20260529_112158_high/episode_000000/debug_chunk_rawid_1_001_observation_frame.pt,-7.265102386474609,76.87147521972656,-5.442590713500977,-89.76828002929688,-3.5843493938446045,62.20094680786133,0.03021031591212489,-7.158064512419553,74.72894991104096,-1.3260960110098634,100.0,-3.830136502811305,54.208641621393184
89,True,0,2,2,debug_runs/20260529_112158_high/episode_000000/debug_chunk_rawid_2_002_observation_frame.pt,-7.055764198303223,74.62063598632812,-4.568291664123535,-91.7779312133789,-3.9392623901367188,63.44166946411133,0.026451607027757076,-6.951378868937993,72.51011265235935,-0.52487957874219,100.0,-4.170139220275773,54.92928395850426
90,False,0,0,0,debug_runs/20260529_112158_high/episode_000000/debug_chunk_rawid_0_000_observation_frame.pt,-6.959386825561523,79.84761047363281,-2.7812442779541016,-88.63634490966797,-3.4362540245056152,61.181610107421875,0.028516907065863878,-6.856222703327771,77.66277107883383,1.1127885990506257,100.0,-3.688262780109652,53.6165857107451
90,False,0,1,1,debug_runs/20260529_112158_high/episode_000000/debug_chunk_rawid_1_001_observation_frame.pt,-7.265102386474609,76.87147521972656,-5.442590713500977,-89.76828002929688,-3.5843493938446045,62.20094680786133,0.03021031591212489,-7.158064512419553,74.72894991104096,-1.3260960110098634,100.0,-3.830136502811305,54.208641621393184
90,True,0,2,2,debug_runs/20260529_112158_high/episode_000000/debug_chunk_rawid_2_002_observation_frame.pt,-7.055764198303223,74.62063598632812,-4.568291664123535,-91.7779312133789,-3.9392623901367188,63.44166946411133,0.026451607027757076,-6.951378868937993,72.51011265235935,-0.52487957874219,100.0,-4.170139220275773,54.92928395850426
91,False,0,0,0,debug_runs/20260529_112158_high/episode_000000/debug_chunk_rawid_0_000_observation_frame.pt,-6.959386825561523,79.84761047363281,-2.7812442779541016,-88.63634490966797,-3.4362540245056152,61.181610107421875,0.028516907065863878,-6.856222703327771,77.66277107883383,1.1127885990506257,100.0,-3.688262780109652,53.6165857107451
91,False,0,1,1,debug_runs/20260529_112158_high/episode_000000/debug_chunk_rawid_1_001_observation_frame.pt,-7.265102386474609,76.87147521972656,-5.442590713500977,-89.76828002929688,-3.5843493938446045,62.20094680786133,0.03021031591212489,-7.158064512419553,74.72894991104096,-1.3260960110098634,100.0,-3.830136502811305,54.208641621393184
91,True,0,2,2,debug_runs/20260529_112158_high/episode_000000/debug_chunk_rawid_2_002_observation_frame.pt,-7.055764198303223,74.62063598632812,-4.568291664123535,-91.7779312133789,-3.9392623901367188,63.44166946411133,0.026451607027757076,-6.951378868937993,72.51011265235935,-0.52487957874219,100.0,-4.170139220275773,54.92928395850426
92,False,0,0,0,debug_runs/20260529_112158_high/episode_000000/debug_chunk_rawid_0_000_observation_frame.pt,-6.959386825561523,79.84761047363281,-2.7812442779541016,-88.63634490966797,-3.4362540245056152,61.181610107421875,0.028516907065863878,-6.856222703327771,77.66277107883383,1.1127885990506257,100.0,-3.688262780109652,53.6165857107451
92,False,0,1,1,debug_runs/20260529_112158_high/episode_000000/debug_chunk_rawid_1_001_observation_frame.pt,-7.265102386474609,76.87147521972656,-5.442590713500977,-89.76828002929688,-3.5843493938446045,62.20094680786133,0.03021031591212489,-7.158064512419553,74.72894991104096,-1.3260960110098634,100.0,-3.830136502811305,54.208641621393184
92,True,0,2,2,debug_runs/20260529_112158_high/episode_000000/debug_chunk_rawid_2_002_observation_frame.pt,-7.055764198303223,74.62063598632812,-4.568291664123535,-91.7779312133789,-3.9392623901367188,63.44166946411133,0.026451607027757076,-6.951378868937993,72.51011265235935,-0.52487957874219,100.0,-4.170139220275773,54.92928395850426
93,False,0,0,0,debug_runs/20260529_112158_high/episode_000000/debug_chunk_rawid_0_000_observation_frame.pt,-6.959386825561523,79.84761047363281,-2.7812442779541016,-88.63634490966797,-3.4362540245056152,61.181610107421875,0.028516907065863878,-6.856222703327771,77.66277107883383,1.1127885990506257,100.0,-3.688262780109652,53.6165857107451
93,False,0,1,1,debug_runs/20260529_112158_high/episode_000000/debug_chunk_rawid_1_001_observation_frame.pt,-7.265102386474609,76.87147521972656,-5.442590713500977,-89.76828002929688,-3.5843493938446045,62.20094680786133,0.03021031591212489,-7.158064512419553,74.72894991104096,-1.3260960110098634,100.0,-3.830136502811305,54.208641621393184
93,True,0,2,2,debug_runs/20260529_112158_high/episode_000000/debug_chunk_rawid_2_002_observation_frame.pt,-7.055764198303223,74.62063598632812,-4.568291664123535,-91.7779312133789,-3.9392623901367188,63.44166946411133,0.026451607027757076,-6.951378868937993,72.51011265235935,-0.52487957874219,100.0,-4.170139220275773,54.92928395850426
94,False,0,0,0,debug_runs/20260529_112158_high/episode_000000/debug_chunk_rawid_0_000_observation_frame.pt,-6.959386825561523,79.84761047363281,-2.7812442779541016,-88.63634490966797,-3.4362540245056152,61.181610107421875,0.028516907065863878,-6.856222703327771,77.66277107883383,1.1127885990506257,100.0,-3.688262780109652,53.6165857107451
94,False,0,1,1,debug_runs/20260529_112158_high/episode_000000/debug_chunk_rawid_1_001_observation_frame.pt,-7.265102386474609,76.87147521972656,-5.442590713500977,-89.76828002929688,-3.5843493938446045,62.20094680786133,0.03021031591212489,-7.158064512419553,74.72894991104096,-1.3260960110098634,100.0,-3.830136502811305,54.208641621393184
94,True,0,2,2,debug_runs/20260529_112158_high/episode_000000/debug_chunk_rawid_2_002_observation_frame.pt,-7.055764198303223,74.62063598632812,-4.568291664123535,-91.7779312133789,-3.9392623901367188,63.44166946411133,0.026451607027757076,-6.951378868937993,72.51011265235935,-0.52487957874219,100.0,-4.170139220275773,54.92928395850426
95,False,0,0,0,debug_runs/20260529_112158_high/episode_000000/debug_chunk_rawid_0_000_observation_frame.pt,-6.959386825561523,79.84761047363281,-2.7812442779541016,-88.63634490966797,-3.4362540245056152,61.181610107421875,0.028516907065863878,-6.856222703327771,77.66277107883383,1.1127885990506257,100.0,-3.688262780109652,53.6165857107451
95,False,0,1,1,debug_runs/20260529_112158_high/episode_000000/debug_chunk_rawid_1_001_observation_frame.pt,-7.265102386474609,76.87147521972656,-5.442590713500977,-89.76828002929688,-3.5843493938446045,62.20094680786133,0.03021031591212489,-7.158064512419553,74.72894991104096,-1.3260960110098634,100.0,-3.830136502811305,54.208641621393184
95,True,0,2,2,debug_runs/20260529_112158_high/episode_000000/debug_chunk_rawid_2_002_observation_frame.pt,-7.055764198303223,74.62063598632812,-4.568291664123535,-91.7779312133789,-3.9392623901367188,63.44166946411133,0.026451607027757076,-6.951378868937993,72.51011265235935,-0.52487957874219,100.0,-4.170139220275773,54.92928395850426
96,False,0,0,0,debug_runs/20260529_112158_high/episode_000000/debug_chunk_rawid_0_000_observation_frame.pt,-6.959386825561523,79.84761047363281,-2.7812442779541016,-88.63634490966797,-3.4362540245056152,61.181610107421875,0.028516907065863878,-6.856222703327771,77.66277107883383,1.1127885990506257,100.0,-3.688262780109652,53.6165857107451
96,False,0,1,1,debug_runs/20260529_112158_high/episode_000000/debug_chunk_rawid_1_001_observation_frame.pt,-7.265102386474609,76.87147521972656,-5.442590713500977,-89.76828002929688,-3.5843493938446045,62.20094680786133,0.03021031591212489,-7.158064512419553,74.72894991104096,-1.3260960110098634,100.0,-3.830136502811305,54.208641621393184
96,True,0,2,2,debug_runs/20260529_112158_high/episode_000000/debug_chunk_rawid_2_002_observation_frame.pt,-7.055764198303223,74.62063598632812,-4.568291664123535,-91.7779312133789,-3.9392623901367188,63.44166946411133,0.026451607027757076,-6.951378868937993,72.51011265235935,-0.52487957874219,100.0,-4.170139220275773,54.92928395850426
97,False,0,0,0,debug_runs/20260529_112158_high/episode_000000/debug_chunk_rawid_0_000_observation_frame.pt,-6.959386825561523,79.84761047363281,-2.7812442779541016,-88.63634490966797,-3.4362540245056152,61.181610107421875,0.028516907065863878,-6.856222703327771,77.66277107883383,1.1127885990506257,100.0,-3.688262780109652,53.6165857107451
97,False,0,1,1,debug_runs/20260529_112158_high/episode_000000/debug_chunk_rawid_1_001_observation_frame.pt,-7.265102386474609,76.87147521972656,-5.442590713500977,-89.76828002929688,-3.5843493938446045,62.20094680786133,0.03021031591212489,-7.158064512419553,74.72894991104096,-1.3260960110098634,100.0,-3.830136502811305,54.208641621393184
97,True,0,2,2,debug_runs/20260529_112158_high/episode_000000/debug_chunk_rawid_2_002_observation_frame.pt,-7.055764198303223,74.62063598632812,-4.568291664123535,-91.7779312133789,-3.9392623901367188,63.44166946411133,0.026451607027757076,-6.951378868937993,72.51011265235935,-0.52487957874219,100.0,-4.170139220275773,54.92928395850426
98,False,0,0,0,debug_runs/20260529_112158_high/episode_000000/debug_chunk_rawid_0_000_observation_frame.pt,-6.959386825561523,79.84761047363281,-2.7812442779541016,-88.63634490966797,-3.4362540245056152,61.181610107421875,0.028516907065863878,-6.856222703327771,77.66277107883383,1.1127885990506257,100.0,-3.688262780109652,53.6165857107451
98,False,0,1,1,debug_runs/20260529_112158_high/episode_000000/debug_chunk_rawid_1_001_observation_frame.pt,-7.265102386474609,76.87147521972656,-5.442590713500977,-89.76828002929688,-3.5843493938446045,62.20094680786133,0.03021031591212489,-7.158064512419553,74.72894991104096,-1.3260960110098634,100.0,-3.830136502811305,54.208641621393184
98,True,0,2,2,debug_runs/20260529_112158_high/episode_000000/debug_chunk_rawid_2_002_observation_frame.pt,-7.055764198303223,74.62063598632812,-4.568291664123535,-91.7779312133789,-3.9392623901367188,63.44166946411133,0.026451607027757076,-6.951378868937993,72.51011265235935,-0.52487957874219,100.0,-4.170139220275773,54.92928395850426
99,False,0,0,0,debug_runs/20260529_112158_high/episode_000000/debug_chunk_rawid_0_000_observation_frame.pt,-6.959386825561523,79.84761047363281,-2.7812442779541016,-88.63634490966797,-3.4362540245056152,61.181610107421875,0.028516907065863878,-6.856222703327771,77.66277107883383,1.1127885990506257,100.0,-3.688262780109652,53.6165857107451
99,False,0,1,1,debug_runs/20260529_112158_high/episode_000000/debug_chunk_rawid_1_001_observation_frame.pt,-7.265102386474609,76.87147521972656,-5.442590713500977,-89.76828002929688,-3.5843493938446045,62.20094680786133,0.03021031591212489,-7.158064512419553,74.72894991104096,-1.3260960110098634,100.0,-3.830136502811305,54.208641621393184
99,True,0,2,2,debug_runs/20260529_112158_high/episode_000000/debug_chunk_rawid_2_002_observation_frame.pt,-7.055764198303223,74.62063598632812,-4.568291664123535,-91.7779312133789,-3.9392623901367188,63.44166946411133,0.026451607027757076,-6.951378868937993,72.51011265235935,-0.52487957874219,100.0,-4.170139220275773,54.92928395850426
